ESC1232905001S1K	stools_11001501	na	EST1361007101S1K_k141_55499	1590441	168863	10.6174	168839	99.9858	166890	98.8456	24	0.0142	166914	98.8458	2892	1.7126	943	32.6072	919	31.7773	875	30.2559	1110	38.3817	30718	80.8353	29031	100.0000	0.9887
ESC1232905001S1K	stools_11009101	na	EST1361007101S1K_k141_55499	1590441	799489	50.2684	798541	99.8814	788715	98.7695	948	0.1186	789645	98.7687	14979	1.8736	5135	34.2813	4209	28.0993	4702	31.3906	5994	40.0160	30718	79.5299	35313	63.9510	0.9868
ESC1232905001S1K	stools_11009150	na	EST1361007101S1K_k141_55499	1590441	509191	32.0157	509078	99.9778	502799	98.7666	113	0.0222	502910	98.7665	9095	1.7862	2814	30.9401	2703	29.7196	2987	32.8422	3443	37.8560	30718	60.3653	26250	68.1371	0.9864
ESC1232905001S1K	stools_11010101	na	EST1361007101S1K_k141_55499	1590441	703499	44.2330	703234	99.9623	694466	98.7532	265	0.0377	694725	98.7528	12789	1.8179	4015	31.3942	3756	29.3690	4132	32.3090	4947	38.6817	30718	0.0000	24361	0.0000	0.9686
ESC1232905001S1K	stools_11011101	na	EST1361007101S1K_k141_55499	1590441	537707	33.8087	536061	99.6939	529892	98.8492	1646	0.3061	531523	98.8499	10322	1.9196	4138	40.0891	2509	24.3073	3231	31.3021	4229	40.9707	30718	36.6170	21904	36.3495	0.9800
ESC1232905001S1K	stools_11021101	na	EST1361007101S1K_k141_55499	1590441	245636	15.4445	245533	99.9581	242642	98.8226	103	0.0419	242739	98.8206	4268	1.7375	1371	32.1228	1274	29.8500	1469	34.4189	1550	36.3168	30718	0.0000	9053	0.0000	0.9872
ESC1232905001S1K	stools_11022101	na	EST1361007101S1K_k141_55499	1590441	738062	46.4061	737855	99.9720	728593	98.7447	207	0.0280	728797	98.7447	13449	1.8222	4184	31.1101	3984	29.6230	4426	32.9095	5090	37.8467	30718	60.3653	31063	56.6011	0.9863
ESC1232905001S1K	stools_11035101	na	EST1361007101S1K_k141_55499	1590441	748048	47.0340	746815	99.8352	737981	98.8171	1233	0.1648	739198	98.8169	14101	1.8850	5251	37.2385	4036	28.6221	4223	29.9482	5862	41.5715	30718	19.1647	17889	28.0228	0.9758
ESC1232905001S1K	stools_11036101	na	EST1361007101S1K_k141_55499	1590441	439410	27.6282	438354	99.7597	433625	98.9212	1056	0.2403	434671	98.9215	7241	1.6479	2502	34.5532	1456	20.1077	2872	39.6630	2716	37.5086	30718	36.6170	12958	60.4723	0.9855
ESC1232905001S1K	stools_11055101	na	EST1361007101S1K_k141_55499	1590441	575804	36.2040	575420	99.9333	568290	98.7609	384	0.0667	568668	98.7607	10134	1.7600	2998	29.5836	2623	25.8832	3628	35.8003	3899	38.4744	30718	57.0870	21797	76.2169	0.9875
ESC1232905001S1K	stools_11106501	na	EST1361007101S1K_k141_55499	1590441	213601	13.4303	213549	99.9757	211008	98.8101	52	0.0243	211058	98.8095	3574	1.6732	1031	28.8472	981	27.4482	1368	38.2764	1240	34.6950	30718	0.0000	0	0.0000	0.9929
ESC1232905001S1K	stools_11107101	na	EST1361007101S1K_k141_55499	1590441	756600	47.5717	756250	99.9537	747784	98.8805	350	0.0463	748128	98.8803	13479	1.7815	5007	37.1467	4664	34.6020	3951	29.3123	4868	36.1154	30718	80.8353	38847	59.5336	0.9848
ESC1232905001S1K	stools_12089102	na	EST1361007101S1K_k141_55499	1590441	523271	32.9010	522956	99.9398	516602	98.7850	315	0.0602	516914	98.7851	9303	1.7779	2946	31.6672	2635	28.3242	3025	32.5164	3697	39.7399	30718	36.6170	22393	50.9981	0.9805
ESC1232905001S1K	stools_12091101	na	EST1361007101S1K_k141_55499	1590441	724102	45.5284	723634	99.9354	714482	98.7353	468	0.0646	714940	98.7347	13617	1.8805	4455	32.7165	3997	29.3530	4202	30.8585	5452	40.0382	30718	44.2184	29751	41.7398	0.9736
ESC1232905001S1K	stools_12091150	na	EST1361007101S1K_k141_55499	1590441	732961	46.0854	732185	99.8941	723145	98.7653	776	0.1059	723908	98.7649	13788	1.8811	4735	34.3415	3972	28.8077	4175	30.2800	5713	41.4346	30718	44.2184	29767	41.8853	0.9735
ESC1232905001S1K	stools_12095102	na	EST1361007101S1K_k141_55499	1590441	619847	38.9733	619721	99.9797	612139	98.7765	126	0.0203	612262	98.7763	10963	1.7687	3378	30.8127	3255	29.6908	3507	31.9894	4242	38.6938	30718	57.0870	43657	27.6451	0.9680
ESC1232905001S1K	stools_12096102	na	EST1361007101S1K_k141_55499	1590441	482821	30.3577	482551	99.9441	476291	98.7027	270	0.0559	476554	98.7020	8721	1.8063	2454	28.1390	2192	25.1347	3131	35.9018	3442	39.4680	30718	60.3653	33786	54.2088	0.9851
ESC1232905001S1K	stools_12101102	na	EST1361007101S1K_k141_55499	1590441	734221	46.1646	734048	99.9764	724853	98.7474	173	0.0236	725022	98.7471	13241	1.8034	4042	30.5264	3873	29.2501	4379	33.0715	5059	38.2071	30718	60.3653	42310	43.3987	0.9798
ESC1232905001S1K	stools_12117101	na	EST1361007101S1K_k141_55499	1590441	459735	28.9061	459431	99.9339	453437	98.6953	304	0.0661	453735	98.6949	8646	1.8806	2646	30.6037	2348	27.1571	2816	32.5700	3530	40.8281	30718	60.3653	34136	53.5505	0.9849
ESC1232905001S1K	stools_12118101	na	EST1361007101S1K_k141_55499	1590441	541364	34.0386	541228	99.9749	534235	98.7079	136	0.0251	534366	98.7073	9514	1.7574	2516	26.4452	2385	25.0683	3451	36.2729	3733	39.2369	30718	60.3653	34404	53.1828	0.9851
ESC1232905001S1K	stools_12118150	na	EST1361007101S1K_k141_55499	1590441	521048	32.7612	520957	99.9825	514844	98.8266	91	0.0175	514933	98.8264	8950	1.7177	2835	31.6760	2746	30.6816	2952	32.9832	3279	36.6369	30718	57.0870	33835	51.6122	0.9841
ESC1234707001S1K	stools_11006101	na	ESO1212705120S1K_k141_16	1917768	741342	38.6565	741018	99.9563	723505	97.6366	324	0.0437	723818	97.6362	26193	3.5332	8669	33.0966	8357	31.9055	9429	35.9982	8609	32.8676	13732	100.0000	49293	39.3910	0.9782
ESC1234707001S1K	stools_11015101	na	ESO1212705120S1K_k141_16	1917768	1520627	79.2915	1506002	99.0382	1472545	97.7784	14625	0.9618	1486847	97.7785	64858	4.2652	31078	47.9170	16900	26.0569	19738	30.4326	24479	37.7425	13732	100.0000	28481	60.3630	0.9922
ESC1234707001S1K	stools_11015501	na	ESO1212705120S1K_k141_16	1917768	1463970	76.3372	1452981	99.2494	1419805	97.7167	10989	0.7506	1430566	97.7183	60679	4.1448	27275	44.9497	16588	27.3373	19244	31.7144	22342	36.8200	13732	100.0000	34311	51.3276	0.9891
ESC1234707001S1K	stools_11025101	na	ESO1212705120S1K_k141_16	1917768	1255126	65.4472	1254423	99.9440	1224160	97.5875	703	0.0560	1224822	97.5856	46377	3.6950	16073	34.6573	15443	33.2988	16145	34.8125	15138	32.6412	13732	100.0000	65594	27.7007	0.9727
ESC1234707001S1K	stools_11025102	na	ESO1212705120S1K_k141_16	1917768	1174733	61.2552	1174090	99.9453	1145838	97.5937	643	0.0547	1146444	97.5919	42969	3.6578	14680	34.1642	14116	32.8516	15081	35.0974	14141	32.9098	13732	55.8404	61221	12.5659	0.9688
ESC1234707001S1K	stools_11030150	na	ESO1212705120S1K_k141_16	1917768	1398142	72.9046	1396194	99.8607	1360386	97.4353	1948	0.1393	1362237	97.4319	52575	3.7603	16670	31.7071	14845	28.2359	21602	41.0880	16553	31.4845	13732	0.0000	13220	0.0000	0.9859
ESC1234707001S1K	stools_11030501	na	ESO1212705120S1K_k141_16	1917768	1501760	78.3077	1499349	99.8395	1459953	97.3725	2411	0.1605	1462246	97.3688	58082	3.8676	18568	31.9686	16305	28.0724	23385	40.2620	18886	32.5161	13732	0.0000	13103	0.0000	0.9860
ESC1234707001S1K	stools_11031101	na	ESO1212705120S1K_k141_16	1917768	1505314	78.4930	1503370	99.8709	1480265	98.4631	1944	0.1291	1482151	98.4613	53073	3.5257	29910	56.3563	28202	53.1381	12218	23.0211	12586	23.7145	13732	100.0000	13723	100.0000	1.0000
ESC1234707001S1K	stools_11031150	na	ESO1212705120S1K_k141_16	1917768	1418052	73.9428	1416497	99.8903	1394250	98.4294	1555	0.1097	1395746	98.4270	51180	3.6092	28874	56.4166	27606	53.9390	11615	22.6944	11897	23.2454	13732	100.0000	18970	72.5356	0.9972
ESC1234707001S1K	stools_11031501	na	ESO1212705120S1K_k141_16	1917768	1394214	72.6998	1392692	99.8908	1370761	98.4253	1522	0.1092	1372223	98.4227	50447	3.6183	28456	56.4077	27202	53.9219	11485	22.7665	11684	23.1609	13732	100.0000	13708	100.0000	1.0000
ESC1234707001S1K	stools_11035101	na	ESO1212705120S1K_k141_16	1917768	1432276	74.6845	1430208	99.8556	1407655	98.4231	2068	0.1444	1409663	98.4212	51936	3.6261	29323	56.4599	27612	53.1654	11952	23.0129	12175	23.4423	13732	100.0000	13728	100.0000	1.0000
ESC1234707001S1K	stools_11037101	na	ESO1212705120S1K_k141_16	1917768	1383259	72.1286	1382055	99.9130	1346162	97.4029	1204	0.0870	1347293	97.3999	54177	3.9166	18211	33.6139	17118	31.5964	19569	36.1205	17885	33.0122	13732	100.0000	53610	32.8428	0.9790
ESC1234707001S1K	stools_11038501	na	ESO1212705120S1K_k141_16	1917768	1499458	78.1877	1497917	99.8972	1489248	99.4213	1541	0.1028	1490763	99.4201	43663	2.9119	34968	80.0861	33569	76.8820	5110	11.7033	4622	10.5856	13732	100.0000	22657	77.9185	0.9953
ESC1234707001S1K	stools_11055150	na	ESO1212705120S1K_k141_16	1917768	875490	45.6515	874523	99.8895	852882	97.5254	967	0.1105	853813	97.5240	32604	3.7241	10927	33.5143	10004	30.6834	11790	36.1612	10994	33.7198	13732	100.0000	39382	45.2542	0.9865
ESC1234707001S1K	stools_12062150	na	ESO1212705120S1K_k141_16	1917768	1474022	76.8613	1472308	99.8837	1449088	98.4229	1714	0.1163	1450746	98.4209	52166	3.5390	28890	55.3809	27435	52.5917	12307	23.5920	12335	23.6457	13732	100.0000	23195	75.9043	0.9950
ESC1234707001S1K	stools_12120101	na	ESO1212705120S1K_k141_16	1917768	1409912	73.5184	1408303	99.8859	1367163	97.0788	1609	0.1141	1368641	97.0728	60581	4.2968	19310	31.8747	17907	29.5588	20581	33.9727	22629	37.3533	13732	0.0000	0	0.0000	0.9928
ESO1212204120S1K	stools_11006101	na	ESO1212705120S1K_k141_16	1917768	755632	39.4016	755316	99.9582	737758	97.6754	316	0.0418	738061	97.6747	26283	3.4783	8712	33.1469	8413	32.0093	9146	34.7982	8878	33.7785	7854	100.0000	49293	17.0957	0.9783
ESO1212204120S1K	stools_11015101	na	ESO1212705120S1K_k141_16	1917768	1571997	81.9701	1556935	99.0419	1522458	97.7856	15062	0.9581	1537213	97.7873	66278	4.2162	31494	47.5180	16885	25.4760	19501	29.4230	26426	39.8715	7854	0.0000	28481	0.0000	0.9811
ESO1212204120S1K	stools_11015501	na	ESO1212705120S1K_k141_16	1917768	1505501	78.5028	1494250	99.2527	1460178	97.7198	11251	0.7473	1471197	97.7214	61664	4.0959	27360	44.3695	16394	26.5860	18918	30.6792	23794	38.5865	7854	0.0000	34311	0.0000	0.9780
ESO1212204120S1K	stools_11025101	na	ESO1212705120S1K_k141_16	1917768	1280643	66.7778	1280004	99.9501	1250119	97.6652	639	0.0499	1250728	97.6641	46177	3.6058	16262	35.2167	15674	33.9433	15299	33.1312	15531	33.6336	7854	0.0000	65594	0.0000	0.9617
ESO1212204120S1K	stools_11025102	na	ESO1212705120S1K_k141_16	1917768	1207500	62.9638	1206804	99.9424	1179482	97.7360	696	0.0576	1180145	97.7346	42898	3.5526	15543	36.2325	14892	34.7149	14164	33.0179	14062	32.7801	7854	0.0000	61221	0.0000	0.9640
ESO1212204120S1K	stools_11030150	na	ESO1212705120S1K_k141_16	1917768	1518295	79.1699	1516201	99.8621	1481205	97.6919	2094	0.1379	1483203	97.6887	52851	3.4809	17759	33.6020	15771	29.8405	20238	38.2926	17124	32.4005	7854	100.0000	13220	60.8775	0.9972
ESO1212204120S1K	stools_11030501	na	ESO1212705120S1K_k141_16	1917768	1637229	85.3716	1634592	99.8389	1596017	97.6401	2637	0.1611	1598534	97.6366	58684	3.5843	19989	34.0621	17534	29.8787	22155	37.7531	19298	32.8846	7854	100.0000	13103	61.3524	0.9973
ESO1212204120S1K	stools_11031101	na	ESO1212705120S1K_k141_16	1917768	1501729	78.3061	1499703	99.8651	1459471	97.3173	2026	0.1349	1461366	97.3122	60704	4.0423	20341	33.5085	18545	30.5499	20148	33.1906	22449	36.9811	7854	0.0000	13723	0.0000	0.9887
ESO1212204120S1K	stools_11031150	na	ESO1212705120S1K_k141_16	1917768	1411902	73.6221	1410211	99.8802	1371252	97.2374	1691	0.1198	1372815	97.2316	58497	4.1431	19410	33.1812	17937	30.6631	19369	33.1111	21611	36.9438	7854	0.0000	18970	0.0000	0.9860
ESO1212204120S1K	stools_11031501	na	ESO1212705120S1K_k141_16	1917768	1388485	72.4011	1386856	99.8827	1348219	97.2141	1629	0.1173	1349730	97.2088	57861	4.1672	19106	33.0205	17701	30.5923	19219	33.2158	21401	36.9869	7854	0.0000	13708	0.0000	0.9888
ESO1212204120S1K	stools_11035101	na	ESO1212705120S1K_k141_16	1917768	1431783	74.6588	1429579	99.8461	1389971	97.2294	2204	0.1539	1392034	97.2238	59550	4.1591	19801	33.2510	17872	30.0118	19804	33.2561	22250	37.3636	7854	0.0000	13728	0.0000	0.9887
ESO1212204120S1K	stools_11037101	na	ESO1212705120S1K_k141_16	1917768	1417848	73.9322	1416702	99.9192	1390267	98.1340	1146	0.0808	1391366	98.1322	49626	3.5001	23144	46.6368	22074	44.4807	13944	28.0982	13730	27.6669	7854	0.0000	53610	0.0000	0.9680
ESO1212204120S1K	stools_11038501	na	ESO1212705120S1K_k141_16	1917768	1486480	77.5109	1484888	99.8929	1446648	97.4247	1592	0.1071	1448136	97.4205	57301	3.8548	18957	33.0832	17518	30.5719	19730	34.4322	20409	35.6172	7854	0.0000	22657	0.0000	0.9841
ESO1212204120S1K	stools_11055150	na	ESO1212705120S1K_k141_16	1917768	896616	46.7531	895743	99.9026	878908	98.1206	873	0.0974	879759	98.1199	30255	3.3744	13398	44.2836	12550	41.4807	8851	29.2547	8947	29.5720	7854	0.0000	39382	0.0000	0.9754
ESO1212204120S1K	stools_12062150	na	ESO1212705120S1K_k141_16	1917768	1468074	76.5512	1466370	99.8839	1427766	97.3674	1704	0.1161	1429344	97.3618	58756	4.0023	20026	34.0833	18558	31.5849	19427	33.0639	21203	36.0865	7854	0.0000	23195	0.0000	0.9838
ESO1212204120S1K	stools_12120101	na	ESO1212705120S1K_k141_16	1917768	1504401	78.4454	1502623	99.8818	1459605	97.1371	1778	0.1182	1461255	97.1320	62892	4.1805	19746	31.3967	18166	28.8844	19907	31.6527	25294	40.2182	7854	0.0000	0	0.0000	0.9959
ESO1212206220S1K	stools_11006101	na	ESO1212705120S1K_k141_16	1917768	762689	39.7696	762421	99.9649	744615	97.6645	268	0.0351	744869	97.6635	26589	3.4862	8769	32.9798	8515	32.0245	9445	35.5222	8806	33.1190	27587	78.0368	49293	56.4867	0.9823
ESO1212206220S1K	stools_11015101	na	ESO1212705120S1K_k141_16	1917768	1560667	81.3793	1546010	99.0609	1514064	97.9336	14657	0.9391	1528439	97.9350	64464	4.1305	32236	50.0062	18002	27.9257	18199	28.2313	24318	37.7234	27587	71.5083	28481	81.8335	0.9912
ESO1212206220S1K	stools_11015501	na	ESO1212705120S1K_k141_16	1917768	1499606	78.1954	1488534	99.2617	1457220	97.8963	11072	0.7383	1468076	97.8974	59812	3.9885	28282	47.2848	17490	29.2416	17586	29.4021	21898	36.6114	27587	71.5083	34311	69.1440	0.9882
ESO1212206220S1K	stools_11025101	na	ESO1212705120S1K_k141_16	1917768	1289231	67.2256	1288530	99.9456	1256616	97.5232	701	0.0544	1257280	97.5217	47499	3.6843	15548	32.7333	14892	31.3522	16620	34.9902	16254	34.2197	27587	71.5083	65594	35.6572	0.9707
ESO1212206220S1K	stools_11025102	na	ESO1212705120S1K_k141_16	1917768	1205573	62.8633	1204944	99.9478	1175616	97.5660	629	0.0522	1176204	97.5639	43830	3.6356	14461	32.9934	13881	31.6701	15409	35.1563	14848	33.8763	27587	49.7771	61221	21.1986	0.9668
ESO1212206220S1K	stools_11030150	na	ESO1212705120S1K_k141_16	1917768	1451804	75.7028	1449808	99.8625	1413825	97.5181	1996	0.1375	1415725	97.5149	53208	3.6650	17129	32.1925	15236	28.6348	21355	40.1349	16980	31.9125	27587	28.4917	13220	60.8775	0.9869
ESO1212206220S1K	stools_11030501	na	ESO1212705120S1K_k141_16	1917768	1559464	81.3166	1556958	99.8393	1517453	97.4627	2506	0.1607	1519846	97.4595	58801	3.7706	19183	32.6236	16816	28.5982	23171	39.4058	19205	32.6610	27587	28.4917	13103	61.3524	0.9869
ESO1212206220S1K	stools_11031101	na	ESO1212705120S1K_k141_16	1917768	1496510	78.0339	1494611	99.8731	1454387	97.3087	1899	0.1269	1456167	97.3042	60689	4.0554	20346	33.5250	18671	30.7650	20570	33.8941	21837	35.9818	27587	49.5451	13723	100.0000	0.9926
ESO1212206220S1K	stools_11031150	na	ESO1212705120S1K_k141_16	1917768	1398129	72.9040	1396720	99.8992	1357992	97.2272	1409	0.1008	1359299	97.2227	58011	4.1492	19181	33.0644	17992	31.0148	19612	33.8074	20836	35.9173	27587	49.5451	18970	72.5356	0.9899
ESO1212206220S1K	stools_11031501	na	ESO1212705120S1K_k141_16	1917768	1374079	71.6499	1372646	99.8957	1334252	97.2029	1433	0.1043	1335580	97.1982	57437	4.1800	18938	32.9718	17706	30.8268	19505	33.9589	20666	35.9803	27587	49.5451	13708	100.0000	0.9926
ESO1212206220S1K	stools_11035101	na	ESO1212705120S1K_k141_16	1917768	1414112	73.7374	1412090	99.8570	1373164	97.2434	2022	0.1430	1375051	97.2378	58894	4.1647	19833	33.6758	18057	30.6602	19947	33.8693	21267	36.1106	27587	49.5451	13728	100.0000	0.9926
ESO1212206220S1K	stools_11037101	na	ESO1212705120S1K_k141_16	1917768	1417905	73.9352	1416828	99.9240	1380300	97.4218	1077	0.0760	1381323	97.4200	54642	3.8537	18060	33.0515	17086	31.2690	19460	35.6136	18486	33.8311	27587	71.5083	53610	42.3634	0.9769
ESO1212206220S1K	stools_11038501	na	ESO1212705120S1K_k141_16	1917768	1487290	77.5532	1485791	99.8992	1447852	97.4465	1499	0.1008	1449263	97.4432	57258	3.8498	19231	33.5866	17866	31.2026	19987	34.9069	19792	34.5663	27587	49.5451	22657	77.9185	0.9880
ESO1212206220S1K	stools_11055150	na	ESO1212705120S1K_k141_16	1917768	903213	47.0971	902358	99.9053	880040	97.5267	855	0.0947	880871	97.5264	33376	3.6953	11034	33.0597	10204	30.5729	12093	36.2326	11325	33.9316	27587	49.5451	39382	45.2542	0.9792
ESO1212206220S1K	stools_12062150	na	ESO1212705120S1K_k141_16	1917768	1458392	76.0463	1456796	99.8906	1417872	97.3281	1596	0.1094	1419358	97.3235	58823	4.0334	19789	33.6416	18395	31.2718	19968	33.9459	20872	35.4827	27587	49.5451	23195	75.9043	0.9876
ESO1212206220S1K	stools_12120101	na	ESO1212705120S1K_k141_16	1917768	1443595	75.2747	1442226	99.9052	1400474	97.1050	1369	0.0948	1401723	97.0995	61056	4.2294	19184	31.4203	18014	29.5041	20099	32.9190	23456	38.4172	27587	0.0000	0	0.0000	0.9856
ESO1212703120S1K	stools_11001501	na	EST1361007101S1K_k141_55499	1590441	236913	14.8961	236787	99.9468	233751	98.7178	126	0.0532	233874	98.7173	4530	1.9121	1491	32.9139	1368	30.1987	1629	35.9603	1534	33.8631	32819	35.0559	29031	46.6949	0.9889
ESO1212703120S1K	stools_11009101	na	EST1361007101S1K_k141_55499	1590441	1109526	69.7622	1107967	99.8595	1093881	98.7287	1559	0.1405	1095412	98.7279	22051	1.9874	7937	35.9938	6429	29.1551	7778	35.2728	7763	35.2048	32819	84.5394	35313	66.5959	0.9897
ESO1212703120S1K	stools_11009150	na	EST1361007101S1K_k141_55499	1590441	724788	45.5715	724347	99.9392	715029	98.7136	441	0.0608	715465	98.7137	13872	1.9139	4549	32.7927	4119	29.6929	5185	37.3775	4598	33.1459	32819	68.9936	26250	73.9162	0.9936
ESO1212703120S1K	stools_11010101	na	EST1361007101S1K_k141_55499	1590441	989580	62.2205	988872	99.9285	976290	98.7276	708	0.0715	976986	98.7273	19012	1.9212	6418	33.7576	5726	30.1178	6988	36.7557	6357	33.4368	32819	64.9441	24361	100.0000	0.9899
ESO1212703120S1K	stools_11011101	na	EST1361007101S1K_k141_55499	1590441	755023	47.4726	752403	99.6530	743348	98.7965	2620	0.3470	745934	98.7962	15422	2.0426	6333	41.0647	3750	24.3159	5374	34.8463	5770	37.4141	32819	84.5394	21904	100.0000	0.9930
ESO1212703120S1K	stools_11021101	na	EST1361007101S1K_k141_55499	1590441	342098	21.5096	341855	99.9290	337655	98.7714	243	0.0710	337892	98.7705	6347	1.8553	2141	33.7325	1904	29.9984	2405	37.8919	2036	32.0781	32819	33.9377	9053	100.0000	0.9912
ESO1212703120S1K	stools_11022101	na	EST1361007101S1K_k141_55499	1590441	1045770	65.7535	1045155	99.9412	1031514	98.6948	615	0.0588	1032113	98.6941	20437	1.9543	6780	33.1751	6186	30.2686	7394	36.1795	6951	34.0118	32819	84.5394	31063	78.1605	0.9902
ESO1212703120S1K	stools_11035101	na	EST1361007101S1K_k141_55499	1590441	1054407	66.2965	1052227	99.7932	1038993	98.7423	2180	0.2068	1041150	98.7427	21346	2.0245	8089	37.8947	5944	27.8460	7408	34.7044	7986	37.4122	32819	49.4835	17889	71.9772	0.9874
ESO1212703120S1K	stools_11036101	na	EST1361007101S1K_k141_55499	1590441	622355	39.1310	620435	99.6915	613200	98.8339	1920	0.3085	615090	98.8327	11241	1.8062	3976	35.3705	2093	18.6193	4931	43.8662	3877	34.4898	32819	50.6018	12958	100.0000	0.9874
ESO1212703120S1K	stools_11055101	na	EST1361007101S1K_k141_55499	1590441	801497	50.3946	800727	99.9039	790301	98.6979	770	0.0961	791046	98.6961	15051	1.8779	4600	30.5628	3856	25.6196	6018	39.9841	5199	34.5426	32819	50.6018	21797	74.8406	0.9859
ESO1212703120S1K	stools_11106501	na	EST1361007101S1K_k141_55499	1590441	299409	18.8255	299237	99.9426	295432	98.7284	172	0.0574	295603	98.7288	5400	1.8036	1594	29.5185	1423	26.3519	2300	42.5926	1698	31.4444	32819	0.0000	0	0.0000	0.9858
ESO1212703120S1K	stools_11107101	na	EST1361007101S1K_k141_55499	1590441	1059165	66.5957	1058322	99.9204	1044409	98.6854	843	0.0796	1045229	98.6842	20882	1.9716	6946	33.2631	6162	29.5087	7629	36.5339	7170	34.3358	32819	84.5394	38847	68.4712	0.9881
ESO1212703120S1K	stools_12089102	na	EST1361007101S1K_k141_55499	1590441	741148	46.6002	740411	99.9006	730925	98.7188	737	0.0994	731650	98.7185	14283	1.9271	4785	33.5014	4061	28.4324	5244	36.7150	5044	35.3147	32819	68.9936	22393	100.0000	0.9997
ESO1212703120S1K	stools_12091101	na	EST1361007101S1K_k141_55499	1590441	1022024	64.2604	1021016	99.9014	1007273	98.6540	1008	0.0986	1008251	98.6524	20719	2.0273	6946	33.5248	5993	28.9251	7218	34.8376	7548	36.4303	32819	33.9377	29751	35.0240	0.9736
ESO1212703120S1K	stools_12091150	na	EST1361007101S1K_k141_55499	1590441	1036640	65.1794	1035208	99.8619	1021651	98.6904	1432	0.1381	1023056	98.6896	20894	2.0156	7310	34.9861	5915	28.3096	7220	34.5554	7847	37.5562	32819	33.9377	29767	34.9111	0.9735
ESO1212703120S1K	stools_12095102	na	EST1361007101S1K_k141_55499	1590441	871638	54.8048	871122	99.9408	859927	98.7149	516	0.0592	860430	98.7141	16577	1.9018	5369	32.3882	4874	29.4022	6116	36.8945	5632	33.9748	32819	100.0000	43657	69.1504	0.9801
ESO1212703120S1K	stools_12096102	na	EST1361007101S1K_k141_55499	1590441	675015	42.4420	674456	99.9172	665598	98.6866	559	0.0828	666143	98.6857	12697	1.8810	3825	30.1252	3280	25.8329	4937	38.8832	4555	35.8746	32819	84.5394	33786	78.8522	0.9915
ESO1212703120S1K	stools_12101102	na	EST1361007101S1K_k141_55499	1590441	1031129	64.8329	1030568	99.9456	1017364	98.7188	561	0.0544	1017911	98.7181	19583	1.8992	6365	32.5027	5823	29.7350	7251	37.0270	6580	33.6006	32819	100.0000	42310	83.0300	0.9922
ESO1212703120S1K	stools_12117101	na	EST1361007101S1K_k141_55499	1590441	646069	40.6220	645419	99.8994	636825	98.6685	650	0.1006	637461	98.6676	12813	1.9832	4205	32.8182	3569	27.8545	4467	34.8630	4822	37.6337	32819	84.5394	34136	79.0134	0.9915
ESO1212703120S1K	stools_12118101	na	EST1361007101S1K_k141_55499	1590441	756107	47.5407	755673	99.9426	745774	98.6900	434	0.0574	746197	98.6893	13861	1.8332	3951	28.5044	3528	25.4527	5512	39.7663	4888	35.2644	32819	84.5394	34404	79.1391	0.9910
ESO1212703120S1K	stools_12118150	na	EST1361007101S1K_k141_55499	1590441	733107	46.0946	732710	99.9458	723382	98.7269	397	0.0542	723771	98.7265	13816	1.8846	4480	32.4262	4096	29.6468	5251	38.0067	4500	32.5709	32819	84.4541	33835	82.4590	0.9924
ESO1212705120S1K	stools_11001501	na	EST1361007101S1K_k141_55499	1590441	155265	9.7624	155238	99.9826	153365	98.7935	27	0.0174	153392	98.7937	2736	1.7621	863	31.5424	836	30.5556	847	30.9576	1065	38.9254	22433	50.3321	29031	46.6949	0.9888
ESO1212705120S1K	stools_11006101	na	ESO1212705120S1K_k141_16	1917768	767022	39.9956	766907	99.9850	749462	97.7253	115	0.0150	749572	97.7250	17560	2.2894	110	0.6264	0	0.0000	2	0.0114	17557	99.9829	0	0.0000	49293	0.0000	0.9743
ESO1212705120S1K	stools_11009101	na	EST1361007101S1K_k141_55499	1590441	755988	47.5332	755071	99.8787	746566	98.8736	917	0.1213	747462	98.8722	13938	1.8437	5412	38.8291	4540	32.5728	4168	29.9039	5090	36.5189	22433	100.0000	35313	52.2839	0.9932
ESO1212705120S1K	stools_11009150	na	EST1361007101S1K_k141_55499	1590441	484466	30.4611	484338	99.9736	478777	98.8518	128	0.0264	478903	98.8517	8481	1.7506	2918	34.4063	2799	33.0032	2695	31.7769	3006	35.4439	22433	100.0000	26250	73.9162	0.9936
ESO1212705120S1K	stools_11010101	na	EST1361007101S1K_k141_55499	1590441	664884	41.8050	664599	99.9571	656531	98.7860	285	0.0429	656809	98.7855	12010	1.8063	3935	32.7644	3672	30.5745	3992	33.2390	4383	36.4946	22433	49.6679	24361	45.6755	0.9873
ESO1212705120S1K	stools_11011101	na	EST1361007101S1K_k141_55499	1590441	505286	31.7702	503607	99.6677	497726	98.8322	1679	0.3323	499391	98.8333	9943	1.9678	4048	40.7121	2385	23.9867	3097	31.1475	4067	40.9031	22433	100.0000	21904	76.7896	0.9964
ESO1212705120S1K	stools_11015101	na	ESO1212705120S1K_k141_16	1917768	1622571	84.6073	1608018	99.1031	1573430	97.8490	14553	0.8969	1587703	97.8511	49149	3.0291	14281	29.0565	53	0.1078	66	0.1343	49025	99.7477	0	0.0000	28481	0.0000	0.9851
ESO1212705120S1K	stools_11015501	na	ESO1212705120S1K_k141_16	1917768	1549556	80.8000	1538773	99.3041	1505052	97.8086	10783	0.6959	1515630	97.8106	44504	2.8720	10578	23.7687	18	0.0404	60	0.1348	44419	99.8090	0	0.0000	34311	0.0000	0.9821
ESO1212705120S1K	stools_11021101	na	EST1361007101S1K_k141_55499	1590441	234538	14.7467	234437	99.9569	231685	98.8261	101	0.0431	231785	98.8262	4101	1.7485	1348	32.8700	1248	30.4316	1405	34.2599	1440	35.1134	22433	49.6679	9053	100.0000	0.9915
ESO1212705120S1K	stools_11022101	na	EST1361007101S1K_k141_55499	1590441	696742	43.8081	696550	99.9724	687880	98.7553	192	0.0276	688062	98.7542	12894	1.8506	4214	32.6819	4032	31.2704	4179	32.4104	4727	36.6605	22433	100.0000	31063	61.8002	0.9936
ESO1212705120S1K	stools_11025101	na	ESO1212705120S1K_k141_16	1917768	1306533	68.1278	1306195	99.9741	1274639	97.5841	338	0.0259	1274953	97.5829	31895	2.4412	315	0.9876	6	0.0188	8	0.0251	31875	99.9373	0	0.0000	65594	0.0000	0.9658
ESO1212705120S1K	stools_11025102	na	ESO1212705120S1K_k141_16	1917768	1224302	63.8399	1223974	99.9732	1194766	97.6137	328	0.0268	1195073	97.6126	29536	2.4125	307	1.0394	1	0.0034	12	0.0406	29523	99.9560	0	0.0000	61221	0.0000	0.9681
ESO1212705120S1K	stools_11030150	na	ESO1212705120S1K_k141_16	1917768	1562409	81.4702	1560832	99.8991	1528608	97.9355	1577	0.1009	1530120	97.9334	33809	2.1639	1520	4.4958	21	0.0621	46	0.1361	33736	99.7841	0	0.0000	13220	0.0000	0.9931
ESO1212705120S1K	stools_11030501	na	ESO1212705120S1K_k141_16	1917768	1686410	87.9361	1684367	99.8789	1648455	97.8679	2043	0.1211	1650404	97.8649	37963	2.2511	1957	5.1550	15	0.0395	60	0.1580	37879	99.7787	0	0.0000	13103	0.0000	0.9932
ESO1212705120S1K	stools_11031101	na	ESO1212705120S1K_k141_16	1917768	1539949	80.2990	1538526	99.9076	1497313	97.3213	1423	0.0924	1498635	97.3172	42636	2.7687	1322	3.1007	12	0.0281	82	0.1923	42526	99.7420	0	0.0000	13723	0.0000	0.9928
ESO1212705120S1K	stools_11031150	na	ESO1212705120S1K_k141_16	1917768	1451846	75.7050	1450853	99.9316	1410538	97.2213	993	0.0684	1411433	97.2164	41310	2.8453	897	2.1714	22	0.0533	85	0.2058	41191	99.7119	0	0.0000	18970	0.0000	0.9901
ESO1212705120S1K	stools_11031501	na	ESO1212705120S1K_k141_16	1917768	1427284	74.4242	1426304	99.9313	1386394	97.2019	980	0.0687	1387293	97.1981	40890	2.8649	899	2.1986	22	0.0538	84	0.2054	40769	99.7041	0	0.0000	13708	0.0000	0.9929
ESO1212705120S1K	stools_11035101	na	ESO1212705120S1K_k141_16	1917768	1477435	77.0393	1475814	99.8903	1435055	97.2382	1621	0.1097	1436525	97.2310	42381	2.8686	1471	3.4709	22	0.0519	91	0.2147	42260	99.7145	0	0.0000	13728	0.0000	0.9928
ESO1212705120S1K	stools_11035101	na	EST1361007101S1K_k141_55499	1590441	708865	44.5703	707647	99.8282	699237	98.8116	1218	0.1718	700445	98.8122	13526	1.9081	5106	37.7495	3906	28.8777	4191	30.9848	5423	40.0932	22433	49.6679	17889	43.5910	0.9908
ESO1212705120S1K	stools_11036101	na	EST1361007101S1K_k141_55499	1590441	422002	26.5336	420860	99.7294	416525	98.9700	1142	0.2706	417658	98.9706	6904	1.6360	2560	37.0800	1428	20.6837	2727	39.4988	2487	36.0226	22433	50.3321	12958	60.4723	0.9908
ESO1212705120S1K	stools_11037101	na	ESO1212705120S1K_k141_16	1917768	1456202	75.9321	1455576	99.9570	1419131	97.4962	626	0.0430	1419707	97.4938	37073	2.5459	578	1.5591	10	0.0270	44	0.1187	37016	99.8462	0	0.0000	53610	0.0000	0.9720
ESO1212705120S1K	stools_11038501	na	ESO1212705120S1K_k141_16	1917768	1523365	79.4343	1522362	99.9342	1484157	97.4904	1003	0.0658	1485096	97.4879	39208	2.5738	939	2.3949	5	0.0128	64	0.1632	39122	99.7807	0	0.0000	22657	0.0000	0.9882
ESO1212705120S1K	stools_11055101	na	EST1361007101S1K_k141_55499	1590441	543378	34.1652	543032	99.9363	536702	98.8343	346	0.0637	537040	98.8336	9345	1.7198	3007	32.1776	2669	28.5607	3379	36.1584	3285	35.1525	22433	50.3321	21797	51.0575	0.9925
ESO1212705120S1K	stools_11055150	na	ESO1212705120S1K_k141_16	1917768	917321	47.8327	916718	99.9343	895311	97.6648	603	0.0657	895903	97.6652	22010	2.3994	592	2.6897	0	0.0000	36	0.1636	21968	99.8092	0	0.0000	39382	0.0000	0.9795
ESO1212705120S1K	stools_11106501	na	EST1361007101S1K_k141_55499	1590441	202597	12.7384	202542	99.9729	200154	98.8210	55	0.0271	200209	98.8213	3346	1.6516	958	28.6312	904	27.0173	1287	38.4638	1157	34.5786	22433	0.0000	0	0.0000	0.9859
ESO1212705120S1K	stools_11107101	na	EST1361007101S1K_k141_55499	1590441	714095	44.8992	713725	99.9482	704768	98.7450	370	0.0518	705128	98.7443	13322	1.8656	4355	32.6903	4005	30.0631	4434	33.2833	4909	36.8488	22433	100.0000	38847	55.4226	0.9951
ESO1212705120S1K	stools_12062150	na	ESO1212705120S1K_k141_16	1917768	1502559	78.3494	1501424	99.9245	1461272	97.3257	1135	0.0755	1462308	97.3212	41288	2.7478	1037	2.5116	15	0.0363	82	0.1986	41183	99.7457	0	0.0000	23195	0.0000	0.9879
ESO1212705120S1K	stools_12089102	na	EST1361007101S1K_k141_55499	1590441	501337	31.5219	501010	99.9348	496485	99.0968	327	0.0652	496810	99.0970	8180	1.6316	3653	44.6577	3328	40.6846	2230	27.2616	2642	32.2983	22433	100.0000	22393	100.0000	0.9992
ESO1212705120S1K	stools_12091101	na	EST1361007101S1K_k141_55499	1590441	686506	43.1645	686047	99.9331	676984	98.6790	459	0.0669	677430	98.6779	13256	1.9309	4180	31.5329	3742	28.2287	4311	32.5211	5213	39.3256	22433	49.6679	29751	35.0240	0.9838
ESO1212705120S1K	stools_12091150	na	EST1361007101S1K_k141_55499	1590441	691072	43.4516	690356	99.8964	681510	98.7186	716	0.1036	682216	98.7185	13194	1.9092	4338	32.8786	3638	27.5731	4272	32.3784	5330	40.3972	22433	49.6679	29767	34.9111	0.9837
ESO1212705120S1K	stools_12095102	na	EST1361007101S1K_k141_55499	1590441	582556	36.6286	582394	99.9722	575308	98.7833	162	0.0278	575468	98.7833	10386	1.7828	3298	31.7543	3138	30.2137	3435	33.0734	3831	36.8862	22433	100.0000	43657	41.7528	0.9872
ESO1212705120S1K	stools_12096102	na	EST1361007101S1K_k141_55499	1590441	457664	28.7759	457407	99.9438	451751	98.7635	257	0.0562	451998	98.7620	8060	1.7611	2394	29.7022	2147	26.6377	2903	36.0174	3040	37.7171	22433	100.0000	33786	63.8223	0.9946
ESO1212705120S1K	stools_12101102	na	EST1361007101S1K_k141_55499	1590441	694094	43.6416	693899	99.9719	685305	98.7615	195	0.0281	685496	98.7613	12502	1.8012	3904	31.2270	3725	29.7952	4256	34.0426	4562	36.4902	22433	100.0000	42310	51.7892	0.9895
ESO1212705120S1K	stools_12117101	na	EST1361007101S1K_k141_55499	1590441	431612	27.1379	431307	99.9293	425793	98.7216	305	0.0707	426086	98.7197	8105	1.8778	2579	31.8199	2286	28.2048	2662	32.8439	3184	39.2844	22433	100.0000	34136	64.0878	0.9947
ESO1212705120S1K	stools_12118101	na	EST1361007101S1K_k141_55499	1590441	508634	31.9807	508471	99.9680	502178	98.7624	163	0.0320	502333	98.7612	8744	1.7191	2443	27.9392	2288	26.1665	3266	37.3513	3212	36.7338	22433	100.0000	34404	62.4433	0.9945
ESO1212705120S1K	stools_12118150	na	EST1361007101S1K_k141_55499	1590441	491048	30.8750	490945	99.9790	484982	98.7854	103	0.0210	485085	98.7857	8676	1.7668	2713	31.2702	2610	30.0830	3032	34.9470	3057	35.2351	22433	100.0000	33835	66.4962	0.9995
ESO1212705120S1K	stools_12120101	na	ESO1212705120S1K_k141_16	1917768	1552478	80.9523	1551414	99.9315	1506773	97.1226	1064	0.0685	1507729	97.1176	45712	2.9445	963	2.1067	19	0.0416	65	0.1422	45590	99.7331	0	0.0000	0	0.0000	1.0000
ESO1213402120S1K	stools_11001501	na	EST1361007101S1K_k141_55499	1590441	204948	12.8862	204868	99.9610	202317	98.7548	80	0.0390	202394	98.7538	3554	1.7341	1000	28.1373	923	25.9707	1174	33.0332	1464	41.1930	28021	62.6423	29031	100.0000	0.9817
ESO1213402120S1K	stools_11009101	na	EST1361007101S1K_k141_55499	1590441	1065788	67.0121	1064108	99.8424	1050300	98.7024	1680	0.1576	1051935	98.7002	20693	1.9416	6840	33.0547	5230	25.2742	6676	32.2621	8737	42.2220	28021	78.7053	35313	71.4977	0.9838
ESO1213402120S1K	stools_11009150	na	EST1361007101S1K_k141_55499	1590441	628175	39.4969	627851	99.9484	619993	98.7484	324	0.0516	620305	98.7472	11261	1.7927	3391	30.1128	3082	27.3688	3816	33.8869	4417	39.2239	28021	78.7053	26250	100.0000	0.9872
ESO1213402120S1K	stools_11010101	na	EST1361007101S1K_k141_55499	1590441	894445	56.2388	893921	99.9414	882840	98.7604	524	0.0586	883354	98.7600	15814	1.7680	4723	29.8659	4211	26.6283	5323	33.6600	6303	39.8571	28021	37.3577	24361	45.6755	0.9801
ESO1213402120S1K	stools_11011101	na	NZ_CP049075.1	1754511	658220	37.5159	655522	99.5901	648067	98.8627	2698	0.4099	650726	98.8615	13378	2.0325	5884	43.9827	3253	24.3160	4114	30.7520	5447	40.7161	94128	65.6903	96400	67.1317	0.9536
ESO1213402120S1K	stools_11011101	na	EST1361007101S1K_k141_55499	1590441	785961	49.4178	783214	99.6505	774138	98.8412	2747	0.3495	776838	98.8393	15426	1.9627	6303	40.8596	3619	23.4604	4833	31.3302	6483	42.0264	28021	56.9858	21904	76.7896	0.9835
ESO1213402120S1K	stools_11021101	na	EST1361007101S1K_k141_55499	1590441	316398	19.8937	316209	99.9403	312550	98.8429	189	0.0597	312733	98.8416	5425	1.7146	1760	32.4424	1577	29.0691	1822	33.5853	2030	37.4194	28021	37.3577	9053	100.0000	0.9987
ESO1213402120S1K	stools_11022101	na	EST1361007101S1K_k141_55499	1590441	986540	62.0293	985949	99.9401	973367	98.7239	591	0.0599	973934	98.7222	18044	1.8290	5438	30.1374	4880	27.0450	5972	33.0969	7263	40.2516	28021	78.7053	31063	83.6397	0.9871
ESO1213402120S1K	stools_11035101	na	EST1361007101S1K_k141_55499	1590441	970031	60.9913	968256	99.8170	956677	98.8041	1775	0.1830	958422	98.8032	18014	1.8571	6405	35.5557	4665	25.8965	5743	31.8808	7645	42.4392	28021	37.3577	17889	43.5910	0.9808
ESO1213402120S1K	stools_11036101	na	NZ_CP049075.1	1754511	538224	30.6766	536750	99.7261	531168	98.9600	1474	0.2739	532630	98.9607	9304	1.7286	3710	39.8753	2258	24.2691	3464	37.2313	3330	35.7911	94128	42.7864	73977	56.8379	0.9459
ESO1213402120S1K	stools_11036101	na	EST1361007101S1K_k141_55499	1590441	608906	38.2854	607039	99.6934	600670	98.9508	1867	0.3066	602509	98.9494	10400	1.7080	4003	38.4904	2166	20.8269	3902	37.5192	3984	38.3077	28021	19.6281	12958	60.4723	0.9779
ESO1213402120S1K	stools_11042501	na	NZ_CP049075.1	1754511	976016	55.6289	974749	99.8702	962428	98.7360	1267	0.1298	963662	98.7342	17527	1.7958	5173	29.5145	3951	22.5424	7562	43.1449	6066	34.6095	94128	62.5818	114886	67.3076	0.9435
ESO1213402120S1K	stools_11055101	na	NZ_CP049075.1	1754511	763359	43.5084	762300	99.8613	753052	98.7868	1059	0.1387	754090	98.7858	14022	1.8369	4753	33.8967	3732	26.6153	5113	36.4641	5138	36.6424	94128	8.3333	39270	19.7326	0.9300
ESO1213402120S1K	stools_11055101	na	EST1361007101S1K_k141_55499	1590441	842495	52.9724	841533	99.8858	831078	98.7576	962	0.1142	832003	98.7547	15193	1.8033	4701	30.9419	3809	25.0708	5450	35.8718	5964	39.2549	28021	40.9229	21797	76.2169	0.9823
ESO1213402120S1K	stools_11106501	na	EST1361007101S1K_k141_55499	1590441	262253	16.4893	262105	99.9436	259050	98.8344	148	0.0564	259193	98.8332	4359	1.6621	1299	29.8004	1156	26.5198	1727	39.6192	1487	34.1133	28021	0.0000	0	0.0000	0.9934
ESO1213402120S1K	stools_11107101	na	EST1361007101S1K_k141_55499	1590441	1018128	64.0155	1017248	99.9136	1004027	98.7003	880	0.0864	1004872	98.6980	18980	1.8642	5724	30.1581	4902	25.8272	6409	33.7671	7745	40.8061	28021	100.0000	38847	86.9514	0.9920
ESO1213402120S1K	stools_12089102	na	EST1361007101S1K_k141_55499	1590441	643775	40.4778	643245	99.9177	635459	98.7896	530	0.0823	635977	98.7887	11256	1.7484	3458	30.7214	2941	26.1283	3754	33.3511	4608	40.9382	28021	56.9858	22393	100.0000	0.9883
ESO1213402120S1K	stools_12091101	na	EST1361007101S1K_k141_55499	1590441	981214	61.6945	980209	99.8976	967013	98.6538	1005	0.1024	967980	98.6513	18884	1.9246	5650	29.9195	4705	24.9153	6046	32.0165	8158	43.2006	28021	80.3719	29751	76.7638	0.9914
ESO1213402120S1K	stools_12091150	na	EST1361007101S1K_k141_55499	1590441	946635	59.5203	945452	99.8750	933217	98.7059	1183	0.1250	934381	98.7055	17924	1.8934	5670	31.6336	4520	25.2176	5776	32.2249	7708	43.0038	28021	80.3719	29767	76.7965	0.9913
ESO1213402120S1K	stools_12095102	na	EST1361007101S1K_k141_55499	1590441	767007	48.2261	766653	99.9538	757139	98.7590	354	0.0462	757478	98.7576	13460	1.7549	3931	29.2051	3593	26.6939	4574	33.9822	5343	39.6954	28021	78.2806	43657	54.8205	0.9769
ESO1213402120S1K	stools_12096102	na	NZ_CP049075.1	1754511	720642	41.0737	719802	99.8834	710948	98.7699	840	0.1166	711769	98.7687	12976	1.8006	4103	31.6199	3290	25.3545	4863	37.4769	4866	37.5000	94128	25.3867	64235	51.0407	0.9361
ESO1213402120S1K	stools_12096102	na	EST1361007101S1K_k141_55499	1590441	704437	44.2919	703766	99.9047	694807	98.7270	671	0.0953	695450	98.7242	12901	1.8314	3914	30.3387	3287	25.4786	4610	35.7337	5073	39.3225	28021	78.7053	33786	84.9701	0.9886
ESO1213402120S1K	stools_12101102	na	EST1361007101S1K_k141_55499	1590441	937554	58.9493	937100	99.9516	925333	98.7443	454	0.0484	925772	98.7433	16630	1.7738	4848	29.1521	4409	26.5123	5688	34.2032	6601	39.6933	28021	78.7053	42310	68.7592	0.9833
ESO1213402120S1K	stools_12117101	na	NZ_CP049075.1	1754511	681440	38.8393	680522	99.8653	671563	98.6835	918	0.1347	672460	98.6822	13355	1.9598	4375	32.7593	3490	26.1325	4724	35.3725	5181	38.7945	94128	25.3867	58118	55.4166	0.9396
ESO1213402120S1K	stools_12117101	na	EST1361007101S1K_k141_55499	1590441	683757	42.9917	682994	99.8884	674015	98.6853	763	0.1116	674755	98.6835	13216	1.9329	4214	31.8856	3494	26.4377	4299	32.5288	5485	41.5027	28021	78.7053	34136	85.0744	0.9884
ESO1213402120S1K	stools_12118101	na	NZ_CP049075.1	1754511	772444	44.0262	771700	99.9037	762173	98.7655	744	0.0963	762900	98.7644	13744	1.7793	4200	30.5588	3488	25.3783	5268	38.3295	5016	36.4959	94128	47.7987	99533	68.2296	0.9393
ESO1213402120S1K	stools_12118101	na	EST1361007101S1K_k141_55499	1590441	778308	48.9366	777803	99.9351	767977	98.7367	505	0.0649	768456	98.7342	13803	1.7735	3951	28.6242	3491	25.2916	5010	36.2965	5361	38.8394	28021	78.7053	34404	83.3043	0.9881
ESO1213402120S1K	stools_12118150	na	EST1361007101S1K_k141_55499	1590441	638995	40.1772	638705	99.9546	631101	98.8095	290	0.0454	631376	98.8077	10948	1.7133	3329	30.4074	3055	27.9046	3846	35.1297	4078	37.2488	28021	78.2806	33835	84.0372	0.9882
ESO1213404120S1K	stools_11001501	na	EST1361007101S1K_k141_55499	1590441	50649	3.1846	50646	99.9941	49974	98.6731	3	0.0059	49977	98.6732	969	1.9132	297	30.6502	294	30.3406	322	33.2301	358	36.9453	13797	100.0000	29031	53.3051	0.9903
ESO1213404120S1K	stools_11009101	na	EST1361007101S1K_k141_55499	1590441	219586	13.8066	219366	99.8998	216468	98.6789	220	0.1002	216684	98.6784	4339	1.9760	1437	33.1182	1221	28.1401	1511	34.8237	1599	36.8518	13797	100.0000	35313	19.2139	0.9913
ESO1213404120S1K	stools_11009150	na	EST1361007101S1K_k141_55499	1590441	146928	9.2382	146891	99.9748	145041	98.7406	37	0.0252	145078	98.7409	2724	1.8540	874	32.0852	837	30.7269	951	34.9119	947	34.7651	13797	100.0000	26250	26.0838	0.9913
ESO1213404120S1K	stools_11010101	na	EST1361007101S1K_k141_55499	1590441	198535	12.4830	198464	99.9642	195937	98.7267	71	0.0358	196008	98.7272	3733	1.8803	1206	32.3065	1135	30.4045	1359	36.4050	1257	33.6726	13797	0.0000	24361	0.0000	0.9913
ESO1213404120S1K	stools_11011101	na	EST1361007101S1K_k141_55499	1590441	142257	8.9445	141805	99.6823	140009	98.7335	452	0.3177	140454	98.7326	2909	2.0449	1106	38.0199	661	22.7226	1064	36.5761	1076	36.9887	13797	0.0000	21904	0.0000	0.9913
ESO1213404120S1K	stools_11021101	na	EST1361007101S1K_k141_55499	1590441	73233	4.6046	73218	99.9795	72275	98.7121	15	0.0205	72290	98.7123	1380	1.8844	437	31.6667	422	30.5797	499	36.1594	465	33.6957	13797	0.0000	9053	0.0000	0.9913
ESO1213404120S1K	stools_11022101	na	EST1361007101S1K_k141_55499	1590441	199806	12.5629	199759	99.9765	197058	98.6479	47	0.0235	197105	98.6482	3879	1.9414	1178	30.3687	1131	29.1570	1413	36.4269	1356	34.9575	13797	100.0000	31063	21.8395	0.9913
ESO1213404120S1K	stools_11035101	na	EST1361007101S1K_k141_55499	1590441	207938	13.0742	207573	99.8245	204930	98.7267	365	0.1755	205292	98.7275	4188	2.0141	1542	36.8195	1180	28.1757	1394	33.2856	1616	38.5864	13797	0.0000	17889	0.0000	0.9913
ESO1213404120S1K	stools_11036101	na	EST1361007101S1K_k141_55499	1590441	126441	7.9501	126107	99.7358	124551	98.7661	334	0.2642	124881	98.7662	2354	1.8617	794	33.7298	464	19.7111	970	41.2065	864	36.7035	13797	0.0000	12958	0.0000	0.9913
ESO1213404120S1K	stools_11055101	na	EST1361007101S1K_k141_55499	1590441	156275	9.8259	156174	99.9354	153973	98.5907	101	0.0646	154069	98.5884	3053	1.9536	847	27.7432	751	24.5988	1225	40.1245	1094	35.8336	13797	100.0000	21797	25.1594	0.9913
ESO1213404120S1K	stools_11106501	na	EST1361007101S1K_k141_55499	1590441	61469	3.8649	61453	99.9740	60612	98.6315	16	0.0260	60628	98.6318	1135	1.8465	294	25.9031	278	24.4934	470	41.4097	393	34.6256	13797	0.0000	0	0.0000	0.9913
ESO1213404120S1K	stools_11107101	na	EST1361007101S1K_k141_55499	1590441	204432	12.8538	204322	99.9462	201553	98.6448	110	0.0538	201660	98.6440	3990	1.9517	1218	30.5263	1111	27.8446	1473	36.9173	1407	35.2632	13797	100.0000	38847	31.5288	0.9913
ESO1213404120S1K	stools_12089102	na	EST1361007101S1K_k141_55499	1590441	150105	9.4379	150016	99.9407	148000	98.6561	89	0.0593	148088	98.6563	2877	1.9167	860	29.8922	772	26.8335	1097	38.1300	1029	35.7664	13797	0.0000	22393	0.0000	0.9913
ESO1213404120S1K	stools_12091101	na	EST1361007101S1K_k141_55499	1590441	199358	12.5348	199219	99.9303	197640	99.2074	139	0.0697	197774	99.2054	3506	1.7586	1922	54.8203	1788	50.9983	788	22.4758	914	26.0696	13797	100.0000	29751	41.7398	0.9913
ESO1213404120S1K	stools_12091150	na	EST1361007101S1K_k141_55499	1590441	207540	13.0492	207308	99.8882	205714	99.2311	232	0.1118	205944	99.2310	3630	1.7491	2034	56.0331	1804	49.6970	782	21.5427	1052	28.9807	13797	100.0000	29767	41.8853	0.9913
ESO1213404120S1K	stools_12095102	na	EST1361007101S1K_k141_55499	1590441	175801	11.0536	175780	99.9881	173742	98.8406	21	0.0119	173763	98.8407	3151	1.7924	1113	35.3221	1092	34.6557	1054	33.4497	1018	32.3072	13797	100.0000	43657	13.0678	0.9913
ESO1213404120S1K	stools_12096102	na	EST1361007101S1K_k141_55499	1590441	126438	7.9499	126369	99.9454	124699	98.6785	69	0.0546	124767	98.6784	2331	1.8436	660	28.3140	592	25.3968	889	38.1381	867	37.1943	13797	100.0000	33786	21.1478	0.9913
ESO1213404120S1K	stools_12101102	na	EST1361007101S1K_k141_55499	1590441	204913	12.8840	204871	99.9795	202257	98.7241	42	0.0205	202297	98.7234	3832	1.8701	1216	31.7328	1176	30.6889	1366	35.6472	1310	34.1858	13797	100.0000	42310	16.9700	0.9913
ESO1213404120S1K	stools_12117101	na	EST1361007101S1K_k141_55499	1590441	117784	7.4057	117713	99.9397	116148	98.6705	71	0.0603	116217	98.6696	2290	1.9442	723	31.5721	654	28.5590	786	34.3231	861	37.5983	13797	100.0000	34136	20.9866	0.9913
ESO1213404120S1K	stools_12118101	na	EST1361007101S1K_k141_55499	1590441	143641	9.0315	143597	99.9694	141707	98.6838	44	0.0306	141749	98.6828	2650	1.8449	758	28.6038	716	27.0189	1055	39.8113	895	33.7736	13797	100.0000	34404	20.8609	0.9913
ESO1213404120S1K	stools_12118150	na	EST1361007101S1K_k141_55499	1590441	147131	9.2510	147121	99.9932	145117	98.6379	10	0.0068	145127	98.6379	2748	1.8677	744	27.0742	734	26.7103	1031	37.5182	993	36.1354	13797	100.0000	33835	17.5410	0.9913
ESO1213405120S1K	stools_11006101	na	ESO1212705120S1K_k141_16	1917768	451254	23.5302	451121	99.9705	441267	97.8157	133	0.0295	441398	97.8159	14082	3.1206	4226	30.0099	4095	29.0797	4509	32.0196	5598	39.7529	9527	100.0000	49293	17.0957	0.9780
ESO1213405120S1K	stools_11015101	na	ESO1212705120S1K_k141_16	1917768	852884	44.4727	845704	99.1582	828727	97.9926	7180	0.8418	835791	97.9959	31116	3.6483	14023	45.0668	6963	22.3776	7759	24.9357	14779	47.4965	9527	0.0000	28481	0.0000	0.9829
ESO1213405120S1K	stools_11015501	na	ESO1212705120S1K_k141_16	1917768	823527	42.9420	817682	99.2902	800876	97.9447	5845	0.7098	806621	97.9471	29605	3.5949	12699	42.8948	6959	23.5062	7724	26.0902	13771	46.5158	9527	0.0000	34311	0.0000	0.9827
ESO1213405120S1K	stools_11025101	na	ESO1212705120S1K_k141_16	1917768	746544	38.9278	746248	99.9604	728969	97.6845	296	0.0396	729253	97.6839	24582	3.2928	7291	29.6599	7010	28.5168	7580	30.8356	10166	41.3555	9527	0.0000	65594	0.0000	0.9748
ESO1213405120S1K	stools_11025102	na	ESO1212705120S1K_k141_16	1917768	705969	36.8120	705716	99.9642	689843	97.7508	253	0.0358	690089	97.7506	22763	3.2244	6883	30.2377	6649	29.2097	6989	30.7033	9264	40.6976	9527	0.0000	61221	0.0000	0.9800
ESO1213405120S1K	stools_11030150	na	ESO1212705120S1K_k141_16	1917768	853538	44.5068	852525	99.8813	834877	97.9299	1013	0.1187	835866	97.9296	25923	3.0371	8251	31.8289	7269	28.0407	8611	33.2176	10228	39.4553	9527	100.0000	13220	60.8775	0.9992
ESO1213405120S1K	stools_11030501	na	ESO1212705120S1K_k141_16	1917768	894975	46.6675	893798	99.8685	875131	97.9115	1177	0.1315	876261	97.9090	27575	3.0811	8861	32.1342	7734	28.0471	8950	32.4569	11056	40.0943	9527	100.0000	13103	61.3524	0.9992
ESO1213405120S1K	stools_11031101	na	ESO1212705120S1K_k141_16	1917768	815737	42.5357	815153	99.9284	795064	97.5356	584	0.0716	795614	97.5332	28447	3.4873	8324	29.2614	7775	27.3315	8257	29.0259	12601	44.2964	9527	0.0000	13723	0.0000	0.9879
ESO1213405120S1K	stools_11031150	na	ESO1212705120S1K_k141_16	1917768	730238	38.0775	729885	99.9517	711302	97.4540	353	0.0483	711630	97.4518	26129	3.5781	7521	28.7841	7195	27.5365	7448	28.5047	11665	44.6439	9527	0.0000	18970	0.0000	0.9879
ESO1213405120S1K	stools_11031501	na	ESO1212705120S1K_k141_16	1917768	708556	36.9469	708243	99.9558	689909	97.4113	313	0.0442	690196	97.4088	25567	3.6083	7207	28.1887	6920	27.0661	7282	28.4820	11538	45.1285	9527	0.0000	13708	0.0000	0.9879
ESO1213405120S1K	stools_11035101	na	ESO1212705120S1K_k141_16	1917768	741658	38.6730	741133	99.9292	722288	97.4573	525	0.0708	722776	97.4541	26533	3.5775	7651	28.8358	7166	27.0079	7572	28.5380	11935	44.9817	9527	0.0000	13728	0.0000	0.9879
ESO1213405120S1K	stools_11037101	na	ESO1212705120S1K_k141_16	1917768	781691	40.7605	781377	99.9598	763043	97.6536	314	0.0402	763342	97.6527	26070	3.3351	7721	29.6164	7423	28.4733	8053	30.8899	10760	41.2735	9527	0.0000	53610	0.0000	0.9750
ESO1213405120S1K	stools_11038501	na	ESO1212705120S1K_k141_16	1917768	826834	43.1144	826279	99.9329	806497	97.6059	555	0.0671	807028	97.6046	28078	3.3958	8272	29.4608	7751	27.6052	8451	30.0983	12067	42.9767	9527	0.0000	22657	0.0000	0.9858
ESO1213405120S1K	stools_11055150	na	ESO1212705120S1K_k141_16	1917768	527054	27.4827	526625	99.9186	514798	97.7542	429	0.0814	515219	97.7545	17212	3.2657	5377	31.2398	4968	28.8636	5371	31.2050	6987	40.5938	9527	0.0000	39382	0.0000	0.9775
ESO1213405120S1K	stools_12062150	na	ESO1212705120S1K_k141_16	1917768	788228	41.1013	787761	99.9408	768386	97.5405	467	0.0592	768825	97.5384	27479	3.4862	8076	29.3897	7643	27.8140	7977	29.0294	12039	43.8116	9527	0.0000	23195	0.0000	0.9859
ESO1213405120S1K	stools_12120101	na	ESO1212705120S1K_k141_16	1917768	786204	40.9958	785845	99.9543	764869	97.3308	359	0.0457	765204	97.3289	28538	3.6298	7538	26.4139	7205	25.2470	7896	27.6684	13660	47.8660	9527	0.0000	0	0.0000	0.9950
ESO1228704120S1K	stools_11006101	na	ESO1212705120S1K_k141_16	1917768	710759	37.0618	710475	99.9600	694095	97.6945	284	0.0400	694371	97.6943	23511	3.3079	7123	30.2965	6849	29.1310	7669	32.6188	9173	39.0158	13373	60.9138	49293	17.0957	0.9785
ESO1228704120S1K	stools_11015101	na	ESO1212705120S1K_k141_16	1917768	1443629	75.2765	1430629	99.0995	1400646	97.9042	13000	0.9005	1413397	97.9058	55875	3.8705	25643	45.8935	12930	23.1409	14545	26.0313	25746	46.0779	13373	39.0862	28481	18.1665	0.9833
ESO1228704120S1K	stools_11015501	na	ESO1212705120S1K_k141_16	1917768	1393847	72.6807	1383725	99.2738	1354050	97.8554	10122	0.7262	1363992	97.8581	52625	3.7755	22770	43.2684	12856	24.4295	14392	27.3482	23487	44.6309	13373	39.0862	34311	15.8608	0.9805
ESO1228704120S1K	stools_11025101	na	ESO1212705120S1K_k141_16	1917768	1204522	62.8085	1203903	99.9486	1175004	97.5996	619	0.0514	1175590	97.5981	41617	3.4551	12685	30.4803	12104	29.0843	13174	31.6553	16621	39.9380	13373	39.0862	65594	8.5618	0.9642
ESO1228704120S1K	stools_11025102	na	ESO1212705120S1K_k141_16	1917768	1129276	58.8849	1128687	99.9478	1101619	97.6018	589	0.0522	1102173	97.6000	38820	3.4376	11717	30.1829	11170	28.7738	12448	32.0659	15450	39.7991	13373	39.0862	61221	9.0835	0.9665
ESO1228704120S1K	stools_11030150	na	ESO1212705120S1K_k141_16	1917768	1406618	73.3466	1404768	99.8685	1375573	97.9217	1850	0.1315	1377351	97.9193	44494	3.1632	15227	34.2226	13457	30.2445	14911	33.5124	16405	36.8701	13373	60.9138	13220	60.8775	0.9945
ESO1228704120S1K	stools_11030501	na	ESO1212705120S1K_k141_16	1917768	1499011	78.1644	1496751	99.8492	1465381	97.9041	2260	0.1508	1467557	97.9017	48248	3.2187	16794	34.8077	14629	30.3204	15889	32.9319	18012	37.3321	13373	60.9138	13103	61.3524	0.9946
ESO1228704120S1K	stools_11031101	na	ESO1212705120S1K_k141_16	1917768	1372378	71.5612	1370963	99.8969	1336407	97.4794	1415	0.1031	1337749	97.4767	50382	3.6711	15753	31.2671	14423	28.6273	14937	29.6475	21305	42.2869	13373	0.0000	13723	0.0000	0.9859
ESO1228704120S1K	stools_11031150	na	ESO1212705120S1K_k141_16	1917768	1286699	67.0936	1285723	99.9241	1252419	97.4097	976	0.0759	1253337	97.4072	48083	3.7369	14721	30.6158	13817	28.7357	14173	29.4761	20366	42.3559	13373	39.0862	18970	27.4644	0.9885
ESO1228704120S1K	stools_11031501	na	ESO1212705120S1K_k141_16	1917768	1265700	65.9986	1264774	99.9268	1231711	97.3859	926	0.0732	1232581	97.3833	47588	3.7598	14469	30.4047	13612	28.6038	13908	29.2259	20358	42.7797	13373	0.0000	13708	0.0000	0.9859
ESO1228704120S1K	stools_11035101	na	ESO1212705120S1K_k141_16	1917768	1303488	67.9690	1302209	99.9019	1268375	97.4018	1279	0.0981	1269576	97.3984	48830	3.7461	14918	30.5509	13731	28.1200	14438	29.5679	20938	42.8794	13373	0.0000	13728	0.0000	0.9859
ESO1228704120S1K	stools_11037101	na	ESO1212705120S1K_k141_16	1917768	1319625	68.8105	1318799	99.9374	1286698	97.5659	826	0.0626	1287481	97.5642	46478	3.5221	14334	30.8404	13559	29.1729	14671	31.5655	18613	40.0469	13373	0.0000	53610	0.0000	0.9651
ESO1228704120S1K	stools_11038501	na	ESO1212705120S1K_k141_16	1917768	1369530	71.4127	1368404	99.9178	1334749	97.5406	1126	0.0822	1335818	97.5384	48784	3.5621	15072	30.8954	14013	28.7246	15078	30.9077	19987	40.9704	13373	0.0000	22657	0.0000	0.9812
ESO1228704120S1K	stools_11055150	na	ESO1212705120S1K_k141_16	1917768	845937	44.1105	845171	99.9094	824914	97.6032	766	0.0906	825660	97.6030	29043	3.4332	8766	30.1828	8030	27.6487	9446	32.5242	11801	40.6329	13373	39.0862	39382	14.4812	0.9752
ESO1228704120S1K	stools_12062150	na	ESO1212705120S1K_k141_16	1917768	1341464	69.9492	1340329	99.9154	1306514	97.4771	1135	0.0846	1307581	97.4742	49150	3.6639	15267	31.0621	14226	28.9440	14640	29.7864	20586	41.8840	13373	0.0000	23195	0.0000	0.9809
ESO1228704120S1K	stools_12120101	na	ESO1212705120S1K_k141_16	1917768	1372018	71.5424	1370963	99.9231	1333137	97.2409	1055	0.0769	1334113	97.2373	52672	3.8390	14767	28.0358	13806	26.2113	14922	28.3300	24312	46.1574	13373	0.0000	0	0.0000	0.9930
ESO1232702120S1K	stools_11001501	na	EST1361007101S1K_k141_55499	1590441	131794	8.2866	131753	99.9689	130100	98.7454	41	0.0311	130141	98.7458	2185	1.6579	532	24.3478	491	22.4714	712	32.5858	994	45.4920	31044	80.5760	29031	100.0000	0.9886
ESO1232702120S1K	stools_11009101	na	EST1361007101S1K_k141_55499	1590441	675249	42.4567	674375	99.8706	665220	98.6424	874	0.1294	666073	98.6411	12697	1.8803	3521	27.7310	2669	21.0207	3950	31.1097	6055	47.6884	31044	80.8175	35313	64.0727	0.9866
ESO1232702120S1K	stools_11009150	na	EST1361007101S1K_k141_55499	1590441	408466	25.6826	408326	99.9657	403012	98.6986	140	0.0343	403149	98.6983	7073	1.7316	1756	24.8268	1619	22.8899	2262	31.9808	3218	45.4970	31044	61.3935	26250	68.1371	0.9863
ESO1232702120S1K	stools_11010101	na	EST1361007101S1K_k141_55499	1590441	570608	35.8773	570379	99.9599	563007	98.7075	229	0.0401	563234	98.7077	9880	1.7315	2506	25.3644	2279	23.0668	3105	31.4271	4522	45.7692	31044	19.4240	24361	20.9556	0.9684
ESO1232702120S1K	stools_11011101	na	NZ_CP049075.1	1754511	449834	25.6387	448062	99.6061	442803	98.8263	1772	0.3939	444561	98.8278	8693	1.9325	3420	39.3420	1668	19.1879	2254	25.9289	4489	51.6392	116122	77.4702	96400	91.3745	0.9728
ESO1232702120S1K	stools_11011101	na	EST1361007101S1K_k141_55499	1590441	483450	30.3972	481814	99.6616	476000	98.7933	1636	0.3384	477610	98.7920	9398	1.9439	3558	37.8591	1950	20.7491	2797	29.7617	4394	46.7546	31044	58.2560	21904	59.5599	0.9798
ESO1232702120S1K	stools_11021101	na	EST1361007101S1K_k141_55499	1590441	204983	12.8884	204901	99.9600	202500	98.8282	82	0.0400	202580	98.8277	3294	1.6070	891	27.0492	811	24.6205	1051	31.9065	1442	43.7766	31044	0.0000	9053	0.0000	0.9867
ESO1232702120S1K	stools_11022101	na	EST1361007101S1K_k141_55499	1590441	619865	38.9744	619642	99.9640	611342	98.6605	223	0.0360	611557	98.6597	11028	1.7791	2720	24.6645	2505	22.7149	3543	32.1273	5038	45.6837	31044	80.8175	31063	72.9614	0.9861
ESO1232702120S1K	stools_11035101	na	EST1361007101S1K_k141_55499	1590441	612133	38.4883	611069	99.8262	603495	98.7605	1064	0.1738	604545	98.7604	11076	1.8094	3488	31.4915	2438	22.0116	3341	30.1643	5313	47.9686	31044	19.4240	17889	28.3862	0.9756
ESO1232702120S1K	stools_11036101	na	NZ_CP049075.1	1754511	415109	23.6595	414076	99.7511	410154	99.0528	1033	0.2489	411181	99.0537	6275	1.5117	2347	37.4024	1320	21.0359	1904	30.3426	2889	46.0398	116122	61.6645	73977	100.0000	0.9719
ESO1232702120S1K	stools_11036101	na	EST1361007101S1K_k141_55499	1590441	421252	26.4865	419954	99.6919	415909	99.0368	1298	0.3081	417196	99.0372	6675	1.5846	2619	39.2360	1332	19.9551	2279	34.1423	2841	42.5618	31044	58.2560	12958	100.0000	0.9853
ESO1232702120S1K	stools_11042501	na	NZ_CP049075.1	1754511	708820	40.3999	708170	99.9083	699739	98.8095	650	0.0917	700372	98.8082	11335	1.5991	2887	25.4698	2258	19.9206	4155	36.6564	4970	43.8465	116122	84.2614	114886	94.8079	0.9746
ESO1232702120S1K	stools_11055101	na	NZ_CP049075.1	1754511	550630	31.3837	550114	99.9063	543558	98.8082	516	0.0937	544061	98.8070	9171	1.6655	2602	28.3720	2103	22.9310	2887	31.4797	4180	45.5785	116122	34.3458	39270	100.0000	0.9527
ESO1232702120S1K	stools_11055101	na	EST1361007101S1K_k141_55499	1590441	540718	33.9980	540202	99.9046	533532	98.7653	516	0.0954	534037	98.7644	9344	1.7281	2663	28.4996	2159	23.1057	3275	35.0492	3908	41.8236	31044	77.4385	21797	100.0000	0.9908
ESO1232702120S1K	stools_11106501	na	EST1361007101S1K_k141_55499	1590441	171887	10.8075	171827	99.9651	169829	98.8372	60	0.0349	169887	98.8364	2644	1.5382	644	24.3570	586	22.1634	966	36.5356	1108	41.9062	31044	0.0000	0	0.0000	0.9924
ESO1232702120S1K	stools_11107101	na	EST1361007101S1K_k141_55499	1590441	642666	40.4080	642279	99.9398	633553	98.6414	387	0.0602	633919	98.6390	11736	1.8261	2989	25.4686	2626	22.3756	3779	32.2001	5394	45.9611	31044	100.0000	38847	72.5822	0.9882
ESO1232702120S1K	stools_12089102	na	EST1361007101S1K_k141_55499	1590441	417273	26.2363	416993	99.9329	411773	98.7482	280	0.0671	412050	98.7483	7055	1.6907	1832	25.9674	1555	22.0411	2271	32.1899	3265	46.2792	31044	38.8320	22393	50.9981	0.9805
ESO1232702120S1K	stools_12091101	na	EST1361007101S1K_k141_55499	1590441	613207	38.5558	612697	99.9168	604329	98.6342	510	0.0832	604826	98.6333	11395	1.8583	3014	26.4502	2517	22.0886	3453	30.3028	5437	47.7139	31044	41.7440	29751	41.7398	0.9765
ESO1232702120S1K	stools_12091150	na	EST1361007101S1K_k141_55499	1590441	598470	37.6292	597804	99.8887	590042	98.7016	666	0.1113	590703	98.7022	10838	1.8110	3071	28.3355	2410	22.2366	3245	29.9409	5237	48.3207	31044	41.7440	29767	41.8853	0.9765
ESO1232702120S1K	stools_12095102	na	EST1361007101S1K_k141_55499	1590441	490351	30.8311	490215	99.9723	483967	98.7255	136	0.0277	484100	98.7252	8303	1.6933	2052	24.7140	1919	23.1121	2661	32.0487	3769	45.3932	31044	77.4385	43657	39.5813	0.9713
ESO1232702120S1K	stools_12096102	na	NZ_CP049075.1	1754511	517620	29.5022	517222	99.9231	510991	98.7953	398	0.0769	511382	98.7949	8454	1.6332	2216	26.2124	1826	21.5992	2716	32.1268	3972	46.9837	116122	38.9564	64235	100.0000	0.9468
ESO1232702120S1K	stools_12096102	na	EST1361007101S1K_k141_55499	1590441	443044	27.8567	442758	99.9354	437020	98.7040	286	0.0646	437294	98.7022	7795	1.7594	2045	26.2348	1771	22.7197	2692	34.5350	3387	43.4509	31044	80.8175	33786	69.2387	0.9847
ESO1232702120S1K	stools_12101102	na	EST1361007101S1K_k141_55499	1590441	599756	37.7100	599561	99.9675	591754	98.6979	195	0.0325	591944	98.6975	10384	1.7314	2572	24.7689	2382	22.9391	3341	32.1745	4711	45.3679	31044	80.8175	42310	55.6511	0.9793
ESO1232702120S1K	stools_12117101	na	NZ_CP049075.1	1754511	465290	26.5196	464885	99.9130	458601	98.6483	405	0.0870	458999	98.6479	8489	1.8245	2198	25.8923	1802	21.2275	2567	30.2391	4169	49.1106	116122	38.9564	58118	100.0000	0.9441
ESO1232702120S1K	stools_12117101	na	EST1361007101S1K_k141_55499	1590441	409684	25.7591	409342	99.9165	403733	98.6298	342	0.0835	404067	98.6289	7749	1.8915	2132	27.5132	1799	23.2159	2462	31.7718	3538	45.6575	31044	80.8175	34136	68.4761	0.9844
ESO1232702120S1K	stools_12118101	na	NZ_CP049075.1	1754511	555509	31.6618	555217	99.9474	548272	98.7491	292	0.0526	548555	98.7482	9175	1.6516	2221	24.2071	1940	21.1444	3015	32.8610	4266	46.4959	116122	63.9827	99533	100.0000	0.9592
ESO1232702120S1K	stools_12118101	na	EST1361007101S1K_k141_55499	1590441	490536	30.8428	490363	99.9647	484145	98.7320	173	0.0353	484310	98.7308	8339	1.7000	2113	25.3388	1948	23.3601	2905	34.8363	3528	42.3072	31044	80.8175	34404	69.8785	0.9875
ESO1232702120S1K	stools_12118150	na	EST1361007101S1K_k141_55499	1590441	417604	26.2571	417518	99.9794	412425	98.7802	86	0.0206	412508	98.7797	6827	1.6348	1731	25.3552	1648	24.1394	2249	32.9427	2971	43.5184	31044	58.0144	33835	51.6122	0.9804
ESO1232707120S1K	stools_11001501	na	EST1361007101S1K_k141_55499	1590441	201576	12.6742	201355	99.8904	198855	98.7584	221	0.1096	199074	98.7588	3567	1.7696	1065	29.8570	846	23.7174	1145	32.0998	1530	42.8932	47090	38.2671	29031	100.0000	0.9817
ESO1232707120S1K	stools_11009101	na	EST1361007101S1K_k141_55499	1590441	1037637	65.2421	1035248	99.7698	1022363	98.7554	2389	0.2302	1024705	98.7537	20082	1.9354	7150	35.6040	4854	24.1709	6600	32.8653	8394	41.7986	47090	82.3805	35313	100.0000	0.9923
ESO1232707120S1K	stools_11009150	na	EST1361007101S1K_k141_55499	1590441	617177	38.8054	616286	99.8556	608925	98.8056	891	0.1444	609801	98.8049	11064	1.7927	3688	33.3333	2814	25.4338	3780	34.1649	4359	39.3980	47090	60.4205	26250	100.0000	0.9930
ESO1232707120S1K	stools_11010101	na	EST1361007101S1K_k141_55499	1590441	877082	55.1471	875831	99.8574	865222	98.7887	1251	0.1426	866451	98.7879	15678	1.7875	5047	32.1916	3821	24.3717	5360	34.1880	6353	40.5218	47090	50.5394	24361	100.0000	0.9845
ESO1232707120S1K	stools_11011101	na	NZ_CP049075.1	1754511	627898	35.7876	624919	99.5256	617850	98.8688	2979	0.4744	620780	98.8664	13050	2.0784	5932	45.4559	3086	23.6475	4077	31.2414	5361	41.0805	88558	81.3083	96400	72.3755	0.9728
ESO1232707120S1K	stools_11011101	na	EST1361007101S1K_k141_55499	1590441	760866	47.8399	757633	99.5751	749164	98.8822	3233	0.4249	752356	98.8815	15011	1.9729	6501	43.3082	3358	22.3703	4692	31.2571	6365	42.4022	47090	56.5831	21904	100.0000	0.9839
ESO1232707120S1K	stools_11021101	na	EST1361007101S1K_k141_55499	1590441	302019	18.9896	301581	99.8550	297960	98.7993	438	0.1450	298388	98.7978	5323	1.7625	1692	31.7866	1274	23.9339	1928	36.2202	2079	39.0569	47090	22.1533	9053	100.0000	0.9917
ESO1232707120S1K	stools_11022101	na	EST1361007101S1K_k141_55499	1590441	965054	60.6784	963699	99.8596	951641	98.7488	1355	0.1404	952973	98.7482	17923	1.8572	5842	32.5950	4520	25.2190	6092	33.9898	7156	39.9264	47090	71.1871	31063	100.0000	0.9894
ESO1232707120S1K	stools_11035101	na	EST1361007101S1K_k141_55499	1590441	947866	59.5977	945249	99.7239	934323	98.8441	2617	0.2761	936913	98.8445	17819	1.8799	6866	38.5319	4293	24.0923	5660	31.7638	7658	42.9766	47090	44.1134	17889	100.0000	0.9813
ESO1232707120S1K	stools_11036101	na	NZ_CP049075.1	1754511	538058	30.6671	536110	99.6380	530470	98.9480	1948	0.3620	532401	98.9486	9677	1.7985	4020	41.5418	2128	21.9903	3453	35.6825	3710	38.3383	88558	75.1395	73977	92.5220	0.9825
ESO1232707120S1K	stools_11036101	na	EST1361007101S1K_k141_55499	1590441	603005	37.9143	600653	99.6100	594735	99.0147	2352	0.3900	597057	99.0136	10391	1.7232	4443	42.7582	2170	20.8835	4010	38.5911	3773	36.3103	47090	34.4298	12958	100.0000	0.9752
ESO1232707120S1K	stools_11042501	na	NZ_CP049075.1	1754511	925676	52.7598	923736	99.7904	912444	98.7776	1940	0.2096	914347	98.7761	16923	1.8282	5594	33.0556	3700	21.8637	7194	42.5102	5849	34.5624	88558	81.8435	114886	64.1549	0.9611
ESO1232707120S1K	stools_11055101	na	NZ_CP049075.1	1754511	756292	43.1056	754548	99.7694	745461	98.7957	1744	0.2306	747172	98.7941	14353	1.8978	5233	36.4593	3544	24.6917	4947	34.4667	5650	39.3646	88558	48.3401	39270	100.0000	0.9713
ESO1232707120S1K	stools_11055101	na	EST1361007101S1K_k141_55499	1590441	815106	51.2503	813499	99.8028	804085	98.8428	1607	0.1972	805659	98.8410	14647	1.7969	5200	35.5022	3642	24.8652	5308	36.2395	5497	37.5299	47090	34.4298	21797	74.8406	0.9768
ESO1232707120S1K	stools_11106501	na	EST1361007101S1K_k141_55499	1590441	255488	16.0640	255179	99.8791	252291	98.8682	309	0.1209	252596	98.8680	4219	1.6513	1327	31.4530	1022	24.2237	1658	39.2984	1485	35.1979	47090	0.0000	0	0.0000	0.9864
ESO1232707120S1K	stools_11107101	na	EST1361007101S1K_k141_55499	1590441	989622	62.2231	988005	99.8366	975789	98.7636	1617	0.1634	977375	98.7625	18412	1.8605	6165	33.4836	4601	24.9891	6248	33.9344	7386	40.1151	47090	71.1871	38847	85.9500	0.9873
ESO1232707120S1K	stools_12089102	na	EST1361007101S1K_k141_55499	1590441	637469	40.0813	636356	99.8254	628605	98.7820	1113	0.1746	629705	98.7821	11438	1.7943	3674	32.1210	2574	22.5039	3981	34.8050	4780	41.7905	47090	45.8165	22393	100.0000	0.9898
ESO1232707120S1K	stools_12091101	na	EST1361007101S1K_k141_55499	1590441	946888	59.5362	945165	99.8180	932749	98.6864	1723	0.1820	934427	98.6840	18277	1.9302	5816	31.8214	4162	22.7718	6015	32.9102	7888	43.1581	47090	36.7573	29751	57.4132	0.9721
ESO1232707120S1K	stools_12091150	na	EST1361007101S1K_k141_55499	1590441	919094	57.7886	917179	99.7916	905572	98.7345	1915	0.2084	907452	98.7333	17455	1.8992	5813	33.3028	3950	22.6296	5658	32.4148	7680	43.9989	47090	36.7573	29767	57.6141	0.9721
ESO1232707120S1K	stools_12095102	na	EST1361007101S1K_k141_55499	1590441	749639	47.1340	748629	99.8653	739701	98.8074	1010	0.1347	740691	98.8064	13217	1.7631	4269	32.2993	3280	24.8165	4492	33.9865	5276	39.9183	47090	74.2026	43657	69.1504	0.9702
ESO1232707120S1K	stools_12096102	na	NZ_CP049075.1	1754511	724395	41.2876	722958	99.8016	714146	98.7811	1437	0.1984	715565	98.7811	13521	1.8665	4691	34.6942	3290	24.3325	4842	35.8110	5165	38.1998	88558	66.4965	64235	100.0000	0.9786
ESO1232707120S1K	stools_12096102	na	EST1361007101S1K_k141_55499	1590441	685041	43.0724	683727	99.8082	675670	98.8216	1314	0.1918	676958	98.8201	12511	1.8263	4428	35.3929	3144	25.1299	4376	34.9772	4780	38.2064	47090	71.1871	33786	100.0000	0.9906
ESO1232707120S1K	stools_12101102	na	EST1361007101S1K_k141_55499	1590441	917440	57.6846	916203	99.8652	905240	98.8034	1237	0.1348	906456	98.8028	16282	1.7747	5298	32.5390	4089	25.1136	5573	34.2280	6416	39.4055	47090	88.8065	42310	100.0000	0.9955
ESO1232707120S1K	stools_12117101	na	NZ_CP049075.1	1754511	679785	38.7450	678394	99.7954	669454	98.6822	1391	0.2046	670826	98.6821	13722	2.0186	4763	34.7107	3424	24.9526	4539	33.0783	5555	40.4824	88558	66.4965	58118	100.0000	0.9756
ESO1232707120S1K	stools_12117101	na	EST1361007101S1K_k141_55499	1590441	657271	41.3263	655984	99.8042	647750	98.7448	1287	0.1958	649014	98.7437	12844	1.9541	4587	35.7132	3331	25.9343	4190	32.6222	5138	40.0031	47090	71.1871	34136	100.0000	0.9905
ESO1232707120S1K	stools_12118101	na	NZ_CP049075.1	1754511	745000	42.4620	743672	99.8217	734971	98.8300	1328	0.1783	736277	98.8291	13518	1.8145	4795	35.4712	3523	26.0615	5153	38.1195	4624	34.2062	88558	66.4965	99533	64.3174	0.9577
ESO1232707120S1K	stools_12118101	na	EST1361007101S1K_k141_55499	1590441	754102	47.4146	752936	99.8454	743994	98.8124	1166	0.1546	745136	98.8110	13463	1.7853	4497	33.4027	3364	24.9870	4812	35.7424	5078	37.7182	47090	71.1871	34404	100.0000	0.9902
ESO1232707120S1K	stools_12118150	na	EST1361007101S1K_k141_55499	1590441	626686	39.4033	625927	99.8789	618961	98.8871	759	0.1211	619710	98.8868	10604	1.6921	3628	34.2135	2880	27.1596	3636	34.2889	3987	37.5990	47090	63.4360	33835	82.4590	0.9874
ESO1232710120S1K	stools_11001501	na	EST1361007101S1K_k141_55499	1590441	228098	14.3418	227298	99.6493	224834	98.9160	800	0.3507	225621	98.9141	4226	1.8527	1749	41.3867	962	22.7638	1507	35.6602	1545	36.5594	5039	0.0000	29031	0.0000	0.9817
ESO1232710120S1K	stools_11009101	na	EST1361007101S1K_k141_55499	1590441	1169866	73.5561	1163714	99.4741	1150144	98.8339	6152	0.5259	1156203	98.8321	24630	2.1054	10967	44.5270	4978	20.2111	9035	36.6829	9402	38.1730	5039	100.0000	35313	14.3120	0.9809
ESO1232710120S1K	stools_11009150	na	EST1361007101S1K_k141_55499	1590441	693103	43.5793	690306	99.5965	682686	98.8961	2797	0.4035	685456	98.8967	13315	1.9211	5668	42.5685	2901	21.7875	5005	37.5892	4771	35.8318	5039	0.0000	26250	0.0000	0.9835
ESO1232710120S1K	stools_11010101	na	EST1361007101S1K_k141_55499	1590441	998891	62.8059	994747	99.5851	985510	99.0714	4144	0.4149	989610	99.0709	18441	1.8461	9160	49.6719	5065	27.4660	6371	34.5480	5797	31.4354	5039	100.0000	24361	20.9556	0.9878
ESO1232710120S1K	stools_11011101	na	NZ_CP049075.1	1754511	754168	42.9845	748513	99.2502	740599	98.9427	5655	0.7498	746176	98.9403	16714	2.2162	8722	52.1838	3402	20.3542	5691	34.0493	6458	38.6383	100235	86.8290	96400	91.3745	0.9814
ESO1232710120S1K	stools_11011101	na	EST1361007101S1K_k141_55499	1590441	859552	54.0449	853477	99.2932	844496	98.9477	6075	0.7068	850495	98.9463	18522	2.1548	9465	51.1014	3684	19.8899	6740	36.3892	6910	37.3070	5039	100.0000	21904	23.2104	0.9894
ESO1232710120S1K	stools_11021101	na	EST1361007101S1K_k141_55499	1590441	344107	21.6359	342622	99.5684	338981	98.9373	1485	0.4316	340457	98.9393	6555	1.9049	2905	44.3173	1439	21.9527	2576	39.2982	2197	33.5164	5039	0.0000	9053	0.0000	0.9943
ESO1232710120S1K	stools_11022101	na	EST1361007101S1K_k141_55499	1590441	1081003	67.9688	1076496	99.5831	1064081	98.8467	4507	0.4169	1068533	98.8464	21549	1.9934	9079	42.1319	4635	21.5091	8081	37.5006	7829	36.3312	5039	100.0000	31063	16.3603	0.9836
ESO1232710120S1K	stools_11035101	na	EST1361007101S1K_k141_55499	1590441	1068614	67.1898	1062869	99.4624	1051298	98.9113	5745	0.5376	1056990	98.9122	21737	2.0341	10113	46.5244	4457	20.5042	7857	36.1457	8402	38.6530	5039	100.0000	17889	28.3862	0.9919
ESO1232710120S1K	stools_11036101	na	NZ_CP049075.1	1754511	596280	33.9855	592457	99.3589	587203	99.1132	3823	0.6411	590989	99.1127	11044	1.8521	5753	52.0916	2110	19.1054	4513	40.8638	3651	33.0587	100235	60.6435	73977	85.2657	0.9720
ESO1232710120S1K	stools_11036101	na	EST1361007101S1K_k141_55499	1590441	657922	41.3673	653515	99.3302	647552	99.0875	4407	0.6698	651918	99.0874	12441	1.8910	6437	51.7402	2231	17.9326	5371	43.1718	4042	32.4893	5039	100.0000	12958	39.5277	0.9919
ESO1232710120S1K	stools_11042501	na	NZ_CP049075.1	1754511	1135899	64.7416	1130357	99.5121	1117940	98.9015	5542	0.4879	1123415	98.9010	22046	1.9408	9562	43.3729	4124	18.7063	9751	44.2302	7229	32.7905	100235	92.7949	114886	94.8079	0.9817
ESO1232710120S1K	stools_11055101	na	NZ_CP049075.1	1754511	858916	48.9547	854457	99.4809	845133	98.9088	4459	0.5191	849526	98.9068	17294	2.0135	7904	45.7037	3550	20.5274	6862	39.6785	5901	34.1217	100235	37.6106	39270	100.0000	0.9619
ESO1232710120S1K	stools_11055101	na	EST1361007101S1K_k141_55499	1590441	910154	57.2265	905636	99.5036	895787	98.9125	4518	0.4964	900242	98.9110	18023	1.9802	8111	45.0036	3700	20.5293	7370	40.8922	6027	33.4406	5039	100.0000	21797	23.7831	0.9894
ESO1232710120S1K	stools_11106501	na	EST1361007101S1K_k141_55499	1590441	295813	18.5994	294639	99.6031	291456	98.9197	1174	0.3969	292615	98.9189	5463	1.8468	2265	41.4607	1106	20.2453	2428	44.4444	1709	31.2832	5039	0.0000	0	0.0000	1.0000
ESO1232710120S1K	stools_11107101	na	EST1361007101S1K_k141_55499	1590441	1118839	70.3477	1113814	99.5509	1100802	98.8318	5025	0.4491	1105748	98.8299	22716	2.0303	9625	42.3710	4699	20.6859	8666	38.1493	8255	36.3400	5039	100.0000	38847	13.0486	0.9786
ESO1232710120S1K	stools_12089102	na	EST1361007101S1K_k141_55499	1590441	710374	44.6652	707298	99.5670	699391	98.8821	3076	0.4330	702439	98.8830	13712	1.9303	5777	42.1310	2733	19.9314	5246	38.2585	5125	37.3760	5039	0.0000	22393	0.0000	0.9859
ESO1232710120S1K	stools_12091101	na	EST1361007101S1K_k141_55499	1590441	1086041	68.2855	1080994	99.5353	1068066	98.8041	5047	0.4647	1073025	98.8015	22703	2.0904	9687	42.6684	4765	20.9884	8138	35.8455	8648	38.0919	5039	0.0000	29751	0.0000	0.9781
ESO1232710120S1K	stools_12091150	na	EST1361007101S1K_k141_55499	1590441	1050987	66.0815	1045834	99.5097	1033819	98.8512	5153	0.4903	1038898	98.8497	21652	2.0602	9563	44.1668	4491	20.7417	7750	35.7935	8358	38.6015	5039	0.0000	29767	0.0000	0.9781
ESO1232710120S1K	stools_12095102	na	EST1361007101S1K_k141_55499	1590441	850278	53.4618	846903	99.6031	837709	98.9144	3375	0.3969	841041	98.9136	16114	1.8951	6877	42.6772	3547	22.0119	6058	37.5946	5716	35.4723	5039	100.0000	43657	11.9362	0.9726
ESO1232710120S1K	stools_12096102	na	NZ_CP049075.1	1754511	821394	46.8161	817303	99.5019	808844	98.9650	4091	0.4981	812891	98.9648	15808	1.9245	7305	46.2108	3286	20.7869	6263	39.6192	5299	33.5210	100235	37.6106	64235	65.7928	0.9478
ESO1232710120S1K	stools_12096102	na	EST1361007101S1K_k141_55499	1590441	761558	47.8834	757943	99.5253	749663	98.9076	3615	0.4747	753222	98.9054	15172	1.9922	6836	45.0567	3291	21.6913	6017	39.6586	5173	34.0957	5039	100.0000	33786	15.0299	0.9819
ESO1232710120S1K	stools_12101102	na	EST1361007101S1K_k141_55499	1590441	1031747	64.8718	1027524	99.5907	1016424	98.9197	4223	0.4093	1020596	98.9192	19682	1.9076	8531	43.3442	4361	22.1573	7526	38.2380	6793	34.5138	5039	100.0000	42310	12.2524	0.9765
ESO1232710120S1K	stools_12117101	na	NZ_CP049075.1	1754511	783237	44.6413	779265	99.4929	770439	98.8674	3972	0.5071	774364	98.8671	16254	2.0752	7381	45.4104	3502	21.5455	5971	36.7356	5825	35.8373	100235	37.6106	58118	62.7775	0.9451
ESO1232710120S1K	stools_12117101	na	EST1361007101S1K_k141_55499	1590441	740572	46.5639	736911	99.5057	728544	98.8646	3661	0.4943	732138	98.8612	15454	2.0868	7020	45.4251	3451	22.3308	5714	36.9742	5552	35.9260	5039	100.0000	34136	14.9256	0.9816
ESO1232710120S1K	stools_12118101	na	NZ_CP049075.1	1754511	887145	50.5637	882958	99.5280	873522	98.9313	4187	0.4720	877661	98.9310	17025	1.9191	7541	44.2937	3445	20.2349	6858	40.2819	5712	33.5507	100235	63.7961	99533	78.0736	0.9574
ESO1232710120S1K	stools_12118101	na	EST1361007101S1K_k141_55499	1590441	843874	53.0591	840101	99.5529	830989	98.9154	3773	0.4471	834699	98.9128	16382	1.9413	7207	43.9934	3526	21.5236	6630	40.4712	5433	33.1644	5039	100.0000	34404	16.6957	0.9815
ESO1232710120S1K	stools_12118150	na	EST1361007101S1K_k141_55499	1590441	699781	43.9992	697040	99.6083	689783	98.9589	2741	0.3917	692494	98.9587	12857	1.8373	5570	43.3227	2860	22.2447	4934	38.3760	4380	34.0670	5039	0.0000	33835	0.0000	0.9787
ESO1232711120S1K	stools_11001501	na	EST1361007101S1K_k141_55499	1590441	269998	16.9763	269877	99.9552	266311	98.6787	121	0.0448	266430	98.6785	5216	1.9319	1648	31.5951	1529	29.3137	1886	36.1580	1817	34.8351	26971	61.1620	29031	100.0000	0.9817
ESO1232711120S1K	stools_11009101	na	EST1361007101S1K_k141_55499	1590441	1357113	85.3294	1355171	99.8569	1337289	98.6805	1942	0.1431	1339193	98.6795	28019	2.0646	10099	36.0434	8200	29.2659	9879	35.2582	9871	35.2297	26971	79.0553	35313	52.2839	0.9839
ESO1232711120S1K	stools_11009150	na	EST1361007101S1K_k141_55499	1590441	826505	51.9670	826092	99.9500	815328	98.6970	413	0.0500	815736	98.6970	16061	1.9432	5292	32.9494	4887	30.4277	5939	36.9778	5319	33.1175	26971	79.0553	26250	73.9162	0.9903
ESO1232711120S1K	stools_11010101	na	EST1361007101S1K_k141_55499	1590441	1180358	74.2158	1179617	99.9372	1165116	98.7707	741	0.0628	1165845	98.7705	22760	1.9282	8247	36.2346	7522	33.0492	8130	35.7206	7169	31.4982	26971	38.8380	24361	45.6755	0.9808
ESO1232711120S1K	stools_11011101	na	EST1361007101S1K_k141_55499	1590441	945165	59.4279	942058	99.6713	929874	98.7067	3107	0.3287	932941	98.7067	19989	2.1149	7765	38.8464	4708	23.5530	7310	36.5701	7342	36.7302	26971	79.0553	21904	76.7896	0.9903
ESO1232711120S1K	stools_11021101	na	EST1361007101S1K_k141_55499	1590441	404437	25.4292	404179	99.9362	399054	98.7320	258	0.0638	399305	98.7311	7615	1.8829	2483	32.6067	2232	29.3106	2925	38.4110	2466	32.3835	26971	38.8380	9053	100.0000	0.9917
ESO1232711120S1K	stools_11022101	na	EST1361007101S1K_k141_55499	1590441	1256594	79.0092	1255963	99.9498	1239162	98.6623	631	0.0502	1239784	98.6623	25097	1.9972	8287	33.0199	7667	30.5495	9188	36.6100	8365	33.3307	26971	79.0553	31063	61.8002	0.9871
ESO1232711120S1K	stools_11035101	na	EST1361007101S1K_k141_55499	1590441	1249351	78.5537	1247026	99.8139	1231088	98.7219	2325	0.1861	1233381	98.7217	25602	2.0492	9632	37.6221	7342	28.6774	8951	34.9621	9337	36.4698	26971	38.8380	17889	43.5910	0.9815
ESO1232711120S1K	stools_11036101	na	EST1361007101S1K_k141_55499	1590441	720794	45.3204	718782	99.7209	709870	98.7601	2012	0.2791	711855	98.7598	13532	1.8774	4593	33.9418	2613	19.3098	6070	44.8566	4489	33.1732	26971	40.2173	12958	60.4723	0.9847
ESO1232711120S1K	stools_11055101	na	EST1361007101S1K_k141_55499	1590441	986859	62.0494	985922	99.9051	972511	98.6398	937	0.0949	973416	98.6378	19253	1.9509	5810	30.1771	4906	25.4817	8052	41.8221	6368	33.0754	26971	61.1620	21797	76.2169	0.9897
ESO1232711120S1K	stools_11106501	na	EST1361007101S1K_k141_55499	1590441	344735	21.6754	344567	99.9513	340207	98.7346	168	0.0487	340373	98.7347	6305	1.8289	1943	30.8168	1777	28.1840	2655	42.1094	1903	30.1824	26971	0.0000	0	0.0000	0.9866
ESO1232711120S1K	stools_11107101	na	EST1361007101S1K_k141_55499	1590441	1292919	81.2931	1291909	99.9219	1274635	98.6629	1010	0.0781	1275619	98.6619	26256	2.0308	8956	34.1103	7995	30.4502	9638	36.7078	8699	33.1315	26971	100.0000	38847	69.4725	0.9920
ESO1232711120S1K	stools_12089102	na	EST1361007101S1K_k141_55499	1590441	847171	53.2664	846425	99.9119	835398	98.6972	746	0.0881	836139	98.6978	16489	1.9464	5457	33.0948	4717	28.6070	6172	37.4310	5655	34.2956	26971	79.0553	22393	100.0000	0.9957
ESO1232711120S1K	stools_12091101	na	EST1361007101S1K_k141_55499	1590441	1263135	79.4204	1261960	99.9070	1245660	98.7084	1175	0.0930	1246813	98.7078	25910	2.0512	9588	37.0050	8458	32.6438	8736	33.7167	8738	33.7244	26971	59.7827	29751	54.3746	0.9843
ESO1232711120S1K	stools_12091150	na	EST1361007101S1K_k141_55499	1590441	1240585	78.0026	1238973	99.8701	1223551	98.7553	1612	0.1299	1225137	98.7548	24987	2.0141	9539	38.1759	7958	31.8486	8297	33.2053	8804	35.2343	26971	59.7827	29767	54.0935	0.9843
ESO1232711120S1K	stools_12095102	na	EST1361007101S1K_k141_55499	1590441	1013526	63.7261	1013044	99.9524	1000539	98.7656	482	0.0476	1001004	98.7645	19166	1.8910	6644	34.6656	6179	32.2394	6879	35.8917	6207	32.3855	26971	100.0000	43657	54.8205	0.9836
ESO1232711120S1K	stools_12096102	na	EST1361007101S1K_k141_55499	1590441	832955	52.3726	832236	99.9137	821762	98.7415	719	0.0863	822460	98.7400	15838	1.9014	5343	33.7353	4645	29.3282	6115	38.6097	5190	32.7693	26971	79.0553	33786	63.8223	0.9883
ESO1232711120S1K	stools_12101102	na	EST1361007101S1K_k141_55499	1590441	1215333	76.4148	1214736	99.9509	1199471	98.7433	597	0.0491	1200050	98.7425	23330	1.9196	8047	34.4921	7469	32.0146	8536	36.5881	7470	32.0189	26971	79.0553	42310	51.7892	0.9830
ESO1232711120S1K	stools_12117101	na	EST1361007101S1K_k141_55499	1590441	813915	51.1754	813091	99.8988	802864	98.7422	824	0.1012	803667	98.7409	16182	1.9882	5934	36.6704	5134	31.7266	5707	35.2676	5453	33.6979	26971	79.0553	34136	64.0878	0.9881
ESO1232711120S1K	stools_12118101	na	EST1361007101S1K_k141_55499	1590441	926415	58.2489	925888	99.9431	914426	98.7621	527	0.0569	914938	98.7611	17030	1.8383	5553	32.6072	5042	29.6066	6622	38.8843	5465	32.0904	26971	79.0553	34404	62.4433	0.9879
ESO1232711120S1K	stools_12118150	na	EST1361007101S1K_k141_55499	1590441	831127	52.2576	830755	99.9552	820266	98.7374	372	0.0448	820628	98.7368	15616	1.8789	5117	32.7677	4756	30.4559	5921	37.9162	4990	31.9544	26971	100.0000	33835	84.0372	0.9956
ESO1233801120S1K	stools_11006101	na	ESO1212705120S1K_k141_16	1917768	672418	35.0625	671866	99.9179	655728	97.5980	552	0.0821	656263	97.5975	22919	3.4084	6764	29.5126	6229	27.1783	7351	32.0738	9433	41.1580	7999	100.0000	49293	17.0957	0.9784
ESO1233801120S1K	stools_11015101	na	ESO1212705120S1K_k141_16	1917768	1452330	75.7302	1437772	98.9976	1406263	97.8085	14558	1.0024	1420505	97.8087	59140	4.0721	27315	46.1870	13228	22.3673	15000	25.3635	28064	47.4535	7999	0.0000	28481	0.0000	0.9810
ESO1233801120S1K	stools_11015501	na	ESO1212705120S1K_k141_16	1917768	1401057	73.0566	1389966	99.2084	1358757	97.7547	11091	0.7916	1369622	97.7563	55079	3.9312	23644	42.9274	12885	23.3937	14739	26.7597	25408	46.1301	7999	0.0000	34311	0.0000	0.9779
ESO1233801120S1K	stools_11025101	na	ESO1212705120S1K_k141_16	1917768	1154862	60.2191	1153733	99.9022	1124564	97.4718	1129	0.0978	1125644	97.4700	41379	3.5830	12161	29.3893	11086	26.7914	12994	31.4024	17457	42.1881	7999	0.0000	65594	0.0000	0.9616
ESO1233801120S1K	stools_11025102	na	ESO1212705120S1K_k141_16	1917768	1089025	56.7861	1087866	99.8936	1060670	97.5001	1159	0.1064	1061792	97.4993	38819	3.5646	11586	29.8462	10465	26.9584	12309	31.7087	16148	41.5982	7999	0.0000	61221	0.0000	0.9639
ESO1233801120S1K	stools_11030150	na	ESO1212705120S1K_k141_16	1917768	1408334	73.4361	1405883	99.8260	1376685	97.9232	2451	0.1740	1379060	97.9214	44919	3.1895	15645	34.8294	13289	29.5844	14449	32.1668	17267	38.4403	7999	100.0000	13220	60.8775	0.9973
ESO1233801120S1K	stools_11030501	na	ESO1212705120S1K_k141_16	1917768	1526848	79.6159	1523825	99.8020	1491397	97.8719	3023	0.1980	1494299	97.8682	50253	3.2913	17704	35.2297	14855	29.5604	15927	31.6936	19602	39.0066	7999	100.0000	13103	61.3524	0.9973
ESO1233801120S1K	stools_11031101	na	ESO1212705120S1K_k141_16	1917768	1384190	72.1771	1381732	99.8224	1344682	97.3186	2458	0.1776	1347030	97.3154	53947	3.8974	16787	31.1176	14521	26.9172	15664	29.0359	23889	44.2824	7999	0.0000	13723	0.0000	0.9887
ESO1233801120S1K	stools_11031150	na	ESO1212705120S1K_k141_16	1917768	1336869	69.7096	1334808	99.8458	1298208	97.2580	2061	0.1542	1300165	97.2545	52810	3.9503	16106	30.4980	14242	26.9684	15299	28.9699	23459	44.4215	7999	0.0000	18970	0.0000	0.9859
ESO1233801120S1K	stools_11031501	na	ESO1212705120S1K_k141_16	1917768	1324213	69.0497	1322214	99.8490	1285816	97.2472	1999	0.1510	1287711	97.2435	52412	3.9580	15910	30.3556	14090	26.8832	15078	28.7682	23416	44.6768	7999	0.0000	13708	0.0000	0.9887
ESO1233801120S1K	stools_11035101	na	ESO1212705120S1K_k141_16	1917768	1355802	70.6969	1353238	99.8109	1316229	97.2652	2564	0.1891	1318661	97.2606	53779	3.9666	16638	30.9377	14293	26.5773	15522	28.8626	24079	44.7740	7999	0.0000	13728	0.0000	0.9887
ESO1233801120S1K	stools_11037101	na	ESO1212705120S1K_k141_16	1917768	1314722	68.5548	1313021	99.8706	1279164	97.4214	1701	0.1294	1280793	97.4193	48800	3.7118	14871	30.4734	13267	27.1865	15316	31.3852	20316	41.6311	7999	0.0000	53610	0.0000	0.9679
ESO1233801120S1K	stools_11038501	na	ESO1212705120S1K_k141_16	1917768	1364991	71.1760	1362982	99.8528	1327399	97.3893	2009	0.1472	1329335	97.3878	51044	3.7395	15388	30.1465	13495	26.4380	15712	30.7813	21980	43.0609	7999	0.0000	22657	0.0000	0.9840
ESO1233801120S1K	stools_11055150	na	ESO1212705120S1K_k141_16	1917768	810157	42.2448	808931	99.8487	788747	97.5049	1226	0.1513	789939	97.5044	29062	3.5872	8844	30.4315	7656	26.3437	9505	32.7059	11956	41.1396	7999	0.0000	39382	0.0000	0.9753
ESO1233801120S1K	stools_12062150	na	ESO1212705120S1K_k141_16	1917768	1361450	70.9914	1359288	99.8412	1322780	97.3142	2162	0.1588	1324833	97.3104	52775	3.8764	16158	30.6168	14170	26.8498	15510	29.3889	23266	44.0853	7999	0.0000	23195	0.0000	0.9837
ESO1233801120S1K	stools_12120101	na	ESO1212705120S1K_k141_16	1917768	1416645	73.8695	1414525	99.8504	1373139	97.0742	2120	0.1496	1375122	97.0689	57336	4.0473	15813	27.5795	13887	24.2204	16120	28.1150	27635	48.1983	7999	0.0000	0	0.0000	0.9958
ESO1236807120S1K	stools_11006101	na	ESO1212705120S1K_k141_16	1917768	592404	30.8903	592206	99.9666	577842	97.5745	198	0.0334	578021	97.5721	21339	3.6021	6956	32.5976	6777	31.7588	7512	35.2031	7224	33.8535	58048	43.8689	49293	56.4867	0.9841
ESO1236807120S1K	stools_11015101	na	ESO1212705120S1K_k141_16	1917768	1277167	66.5965	1264882	99.0381	1236545	97.7597	12285	0.9619	1248569	97.7608	55055	4.3107	26457	48.0556	14534	26.3991	16011	29.0818	21538	39.1209	58048	41.0264	28481	81.8335	0.9788
ESO1236807120S1K	stools_11015501	na	ESO1212705120S1K_k141_16	1917768	1242342	64.7806	1233021	99.2497	1204610	97.6958	9321	0.7503	1213737	97.6975	51956	4.1821	23351	44.9438	14300	27.5233	15844	30.4950	19736	37.9860	58048	41.0264	34311	69.1440	0.9761
ESO1236807120S1K	stools_11025101	na	ESO1212705120S1K_k141_16	1917768	1026011	53.5003	1025488	99.9490	999119	97.4286	523	0.0510	999604	97.4262	39204	3.8210	12797	32.6421	12313	31.4075	13687	34.9123	13535	34.5245	58048	49.7106	65594	43.4262	0.9665
ESO1236807120S1K	stools_11025102	na	ESO1212705120S1K_k141_16	1917768	955730	49.8355	955184	99.9429	931186	97.4876	546	0.0571	931698	97.4855	36062	3.7732	12030	33.3592	11533	31.9810	12468	34.5738	12319	34.1606	58048	32.8108	61221	29.5291	0.9561
ESO1236807120S1K	stools_11030150	na	ESO1212705120S1K_k141_16	1917768	1183629	61.7191	1182099	99.8707	1152154	97.4668	1530	0.1293	1153604	97.4633	44316	3.7441	14291	32.2479	12856	29.0098	17637	39.7983	14150	31.9298	58048	22.3453	13220	100.0000	0.9762
ESO1236807120S1K	stools_11030501	na	ESO1212705120S1K_k141_16	1917768	1284215	66.9640	1282228	99.8453	1249019	97.4101	1987	0.1547	1250911	97.4067	49473	3.8524	16169	32.6825	14327	28.9592	19297	39.0051	16229	32.8038	58048	22.3453	13103	100.0000	0.9762
ESO1236807120S1K	stools_11031101	na	ESO1212705120S1K_k141_16	1917768	1234198	64.3560	1232611	99.8714	1198783	97.2556	1587	0.1286	1200263	97.2504	51231	4.1510	17296	33.7608	15873	30.9832	17000	33.1830	18719	36.5384	58048	30.2078	13723	100.0000	0.9767
ESO1236807120S1K	stools_11031150	na	ESO1212705120S1K_k141_16	1917768	1205696	62.8698	1204481	99.8992	1170928	97.2143	1215	0.1008	1172044	97.2089	50473	4.1862	16821	33.3267	15748	31.2008	16767	33.2197	18315	36.2867	58048	30.2078	18970	72.5356	0.9739
ESO1236807120S1K	stools_11031501	na	ESO1212705120S1K_k141_16	1917768	1202558	62.7061	1201365	99.9008	1167787	97.2050	1193	0.0992	1168890	97.2003	50425	4.1931	16757	33.2315	15719	31.1730	16706	33.1304	18358	36.4065	58048	30.2078	13708	100.0000	0.9767
ESO1236807120S1K	stools_11035101	na	ESO1212705120S1K_k141_16	1917768	1217636	63.4924	1215967	99.8629	1182234	97.2258	1669	0.1371	1183787	97.2201	51183	4.2035	17334	33.8667	15856	30.9790	16899	33.0168	18763	36.6587	58048	30.2078	13728	100.0000	0.9767
ESO1236807120S1K	stools_11037101	na	ESO1212705120S1K_k141_16	1917768	1171906	61.1078	1170960	99.9193	1140247	97.3771	946	0.0807	1141131	97.3739	46167	3.9395	15392	33.3398	14530	31.4727	16039	34.7413	15898	34.4359	58048	49.7106	53610	51.7944	0.9700
ESO1236807120S1K	stools_11038501	na	ESO1212705120S1K_k141_16	1917768	1216275	63.4214	1215114	99.9045	1183031	97.3597	1161	0.0955	1184104	97.3550	48641	3.9992	16470	33.8603	15414	31.6893	16564	34.0536	16956	34.8595	58048	30.2078	22657	77.9185	0.9760
ESO1236807120S1K	stools_11055150	na	ESO1212705120S1K_k141_16	1917768	713243	37.1913	712610	99.9113	694174	97.4129	633	0.0887	694777	97.4110	27294	3.8267	8828	32.3441	8226	30.1385	9949	36.4512	9304	34.0881	58048	30.2078	39382	45.2542	0.9810
ESO1236807120S1K	stools_12062150	na	ESO1212705120S1K_k141_16	1917768	1221134	63.6748	1219820	99.8924	1186724	97.2868	1314	0.1076	1187942	97.2819	50087	4.1017	16895	33.7313	15732	31.4093	16603	33.1483	18101	36.1391	58048	30.2078	23195	75.9043	0.9756
ESO1236807120S1K	stools_12120101	na	ESO1212705120S1K_k141_16	1917768	1228867	64.0780	1227694	99.9045	1191763	97.0733	1173	0.0955	1192823	97.0669	52736	4.2914	16692	31.6520	15669	29.7122	17071	32.3707	20444	38.7667	58048	0.0000	0	0.0000	0.9697
ESO1236812120S1K	stools_11001501	na	EST1361007101S1K_k141_55499	1590441	253228	15.9219	253155	99.9712	249939	98.7296	73	0.0288	250010	98.7292	4773	1.8849	1555	32.5791	1484	31.0916	1639	34.3390	1673	35.0513	24396	45.2328	29031	46.6949	0.9817
ESO1236812120S1K	stools_11009101	na	EST1361007101S1K_k141_55499	1590441	1240067	77.9700	1238467	99.8710	1222757	98.7315	1600	0.1290	1224328	98.7308	24703	1.9921	8964	36.2871	7414	30.0125	8268	33.4696	8942	36.1980	24396	100.0000	35313	66.5959	0.9919
ESO1236812120S1K	stools_11009150	na	EST1361007101S1K_k141_55499	1590441	772130	48.5482	771837	99.9621	762188	98.7499	293	0.0379	762476	98.7497	14438	1.8699	4784	33.1348	4499	31.1608	4966	34.3953	5028	34.8248	24396	79.0785	26250	73.9162	0.9948
ESO1236812120S1K	stools_11010101	na	EST1361007101S1K_k141_55499	1590441	1079141	67.8517	1078548	99.9450	1065097	98.7529	593	0.0550	1065683	98.7529	20457	1.8957	6999	34.2132	6415	31.3585	7057	34.4967	7054	34.4821	24396	54.7672	24361	66.6311	0.9860
ESO1236812120S1K	stools_11011101	na	EST1361007101S1K_k141_55499	1590441	860172	54.0839	857354	99.6724	846951	98.7866	2818	0.3276	849738	98.7870	17489	2.0332	7055	40.3396	4270	24.4153	6061	34.6561	6603	37.7552	24396	100.0000	21904	100.0000	0.9976
ESO1236812120S1K	stools_11021101	na	EST1361007101S1K_k141_55499	1590441	370906	23.3210	370703	99.9453	366247	98.7980	203	0.0547	366448	98.7981	6771	1.8255	2313	34.1604	2112	31.1918	2382	35.1794	2294	33.8798	24396	33.8457	9053	100.0000	0.9874
ESO1236812120S1K	stools_11022101	na	EST1361007101S1K_k141_55499	1590441	1165342	73.2716	1164806	99.9540	1149703	98.7034	536	0.0460	1150228	98.7030	22712	1.9490	7598	33.4537	7083	31.1862	7900	34.7834	7821	34.4355	24396	100.0000	31063	78.1605	0.9946
ESO1236812120S1K	stools_11035101	na	EST1361007101S1K_k141_55499	1590441	1159796	72.9229	1157637	99.8138	1143229	98.7554	2159	0.1862	1145364	98.7556	23317	2.0104	8885	38.1052	6753	28.9617	7725	33.1303	8871	38.0452	24396	54.7672	17889	71.9772	0.9893
ESO1236812120S1K	stools_11036101	na	EST1361007101S1K_k141_55499	1590441	676952	42.5638	675060	99.7205	667294	98.8496	1892	0.2795	669167	98.8500	12028	1.7768	4243	35.2760	2375	19.7456	5098	42.3844	4176	34.7190	24396	66.1543	12958	100.0000	0.9895
ESO1236812120S1K	stools_11055101	na	EST1361007101S1K_k141_55499	1590441	903279	56.7942	902514	99.9153	891631	98.7941	765	0.0847	892380	98.7934	16319	1.8066	5420	33.2128	4685	28.7089	6129	37.5574	5549	34.0033	24396	66.1543	21797	74.8406	0.9911
ESO1236812120S1K	stools_11106501	na	EST1361007101S1K_k141_55499	1590441	320636	20.1602	320494	99.9557	316527	98.7622	142	0.0443	316665	98.7615	5682	1.7721	1711	30.1126	1573	27.6839	2372	41.7459	1752	30.8342	24396	0.0000	0	0.0000	0.9931
ESO1236812120S1K	stools_11107101	na	EST1361007101S1K_k141_55499	1590441	1185371	74.5310	1184531	99.9291	1168982	98.6873	840	0.0709	1169798	98.6862	23347	1.9696	7774	33.2976	6985	29.9182	8187	35.0666	8259	35.3750	24396	100.0000	38847	68.4712	0.9905
ESO1236812120S1K	stools_12089102	na	EST1361007101S1K_k141_55499	1590441	797621	50.1509	797007	99.9230	786758	98.7141	614	0.0770	787367	98.7144	15236	1.9102	4982	32.6989	4374	28.7083	5336	35.0223	5595	36.7222	24396	79.0785	22393	100.0000	0.9980
ESO1236812120S1K	stools_12091101	na	EST1361007101S1K_k141_55499	1590441	1141813	71.7922	1140780	99.9095	1126096	98.7128	1033	0.0905	1127106	98.7120	22819	1.9985	8112	35.5493	7121	31.2065	7419	32.5124	8298	36.3644	24396	33.8457	29751	35.0240	0.9762
ESO1236812120S1K	stools_12091150	na	EST1361007101S1K_k141_55499	1590441	1132139	71.1840	1130784	99.8803	1116631	98.7484	1355	0.1197	1117968	98.7483	22326	1.9720	8155	36.5269	6835	30.6145	7131	31.9403	8442	37.8124	24396	33.8457	29767	34.9111	0.9762
ESO1236812120S1K	stools_12095102	na	EST1361007101S1K_k141_55499	1590441	938202	58.9901	937817	99.9590	926294	98.7713	385	0.0410	926665	98.7703	17334	1.8476	5797	33.4429	5427	31.3084	6015	34.7006	5973	34.4583	24396	100.0000	43657	53.6890	0.9818
ESO1236812120S1K	stools_12096102	na	EST1361007101S1K_k141_55499	1590441	760446	47.8135	759908	99.9293	750173	98.7189	538	0.0707	750696	98.7179	14134	1.8586	4384	31.0174	3871	27.3879	5343	37.8025	5017	35.4960	24396	100.0000	33786	78.8522	0.9940
ESO1236812120S1K	stools_12101102	na	EST1361007101S1K_k141_55499	1590441	1128791	70.9735	1128358	99.9616	1114081	98.7347	433	0.0384	1114504	98.7343	21292	1.8863	7005	32.8997	6584	30.9224	7492	35.1869	7344	34.4918	24396	100.0000	42310	64.0416	0.9885
ESO1236812120S1K	stools_12117101	na	EST1361007101S1K_k141_55499	1590441	739975	46.5264	739329	99.9127	729605	98.6848	646	0.0873	730242	98.6847	14581	1.9705	4848	33.2487	4220	28.9418	5059	34.6958	5380	36.8973	24396	100.0000	34136	79.0134	0.9937
ESO1236812120S1K	stools_12118101	na	EST1361007101S1K_k141_55499	1590441	847384	53.2798	846964	99.9504	836163	98.7247	420	0.0496	836573	98.7242	15351	1.8116	4540	29.5746	4140	26.9689	5959	38.8183	5334	34.7469	24396	100.0000	34404	79.1391	0.9935
ESO1236812120S1K	stools_12118150	na	EST1361007101S1K_k141_55499	1590441	781833	49.1583	781533	99.9616	772097	98.7926	300	0.0384	772387	98.7918	14255	1.8233	4809	33.7355	4519	31.7012	5136	36.0295	4646	32.5921	24396	79.0785	33835	66.4962	0.9907
ESO1238001120S1K	stools_11011101	na	NZ_CP049075.1	1754511	860645	49.0533	857374	99.6199	846067	98.6812	3271	0.3801	849273	98.6787	19043	2.2126	7671	40.2825	4495	23.6045	6463	33.9390	7532	39.5526	12556	0.0000	96400	0.0000	0.9379
ESO1238001120S1K	stools_11036101	na	NZ_CP049075.1	1754511	678727	38.6847	677099	99.7601	668928	98.7932	1628	0.2399	670535	98.7930	12696	1.8706	4504	35.4757	2908	22.9049	5096	40.1386	4424	34.8456	12556	42.0835	73977	7.2563	0.9566
ESO1238001120S1K	stools_11042501	na	NZ_CP049075.1	1754511	1357832	77.3909	1355956	99.8618	1338434	98.7078	1876	0.1382	1340248	98.7050	26747	1.9698	9163	34.2580	7382	27.5994	11170	41.7617	8282	30.9642	12556	0.0000	114886	0.0000	0.9274
ESO1238001120S1K	stools_11055101	na	NZ_CP049075.1	1754511	1010495	57.5941	1009147	99.8666	995322	98.6300	1348	0.1334	996626	98.6275	20942	2.0724	7073	33.7742	5828	27.8292	7779	37.1454	7379	35.2354	12556	0.0000	39270	0.0000	0.9705
ESO1238001120S1K	stools_12096102	na	NZ_CP049075.1	1754511	971265	55.3582	970090	99.8790	956879	98.6382	1175	0.1210	958022	98.6365	19949	2.0539	6706	33.6157	5597	28.0565	7504	37.6159	6884	34.5080	12556	42.0835	64235	34.2072	0.9621
ESO1238001120S1K	stools_12117101	na	NZ_CP049075.1	1754511	930239	53.0198	928979	99.8646	915776	98.5788	1260	0.1354	916990	98.5757	20426	2.1958	7177	35.1366	6002	29.3841	7186	35.1807	7304	35.7583	12556	42.0835	58118	37.2225	0.9656
ESO1238001120S1K	stools_12118101	na	NZ_CP049075.1	1754511	1029805	58.6947	1028830	99.9053	1014943	98.6502	975	0.0947	1015877	98.6475	20474	1.9881	6546	31.9723	5655	27.6204	7831	38.2485	7023	34.3020	12556	42.0835	99533	21.9264	0.9420
ESO1238002120S1K	stools_11001501	na	EST1361007101S1K_k141_55499	1590441	276683	17.3966	276564	99.9570	273040	98.7258	119	0.0430	273158	98.7260	5227	1.8892	1702	32.5617	1587	30.3616	1774	33.9392	1879	35.9480	21800	76.9908	29031	100.0000	0.9817
ESO1238002120S1K	stools_11009101	na	EST1361007101S1K_k141_55499	1590441	1420428	89.3103	1418070	99.8340	1399383	98.6822	2358	0.1660	1401674	98.6797	29579	2.0824	10825	36.5969	8625	29.1592	9861	33.3378	10931	36.9553	21800	73.8991	35313	44.8588	0.9838
ESO1238002120S1K	stools_11009150	na	EST1361007101S1K_k141_55499	1590441	845308	53.1493	844925	99.9547	834114	98.7205	383	0.0453	834482	98.7193	16023	1.8955	5197	32.4346	4843	30.2253	5484	34.2258	5753	35.9046	21800	50.8899	26250	42.0533	0.9866
ESO1238002120S1K	stools_11010101	na	EST1361007101S1K_k141_55499	1590441	1197413	75.2881	1196718	99.9420	1181632	98.7394	695	0.0580	1182305	98.7383	22837	1.9072	7729	33.8442	7069	30.9542	7765	34.0018	8092	35.4337	21800	23.0092	24361	20.9556	0.9741
ESO1238002120S1K	stools_11011101	na	EST1361007101S1K_k141_55499	1590441	991639	62.3499	988077	99.6408	975374	98.7144	3562	0.3592	978884	98.7137	21128	2.1306	8373	39.6299	4892	23.1541	7464	35.3275	8134	38.4987	21800	73.8991	21904	59.5599	0.9887
ESO1238002120S1K	stools_11021101	na	EST1361007101S1K_k141_55499	1590441	415992	26.1558	415763	99.9450	410823	98.8118	229	0.0550	411044	98.8106	7623	1.8325	2675	35.0912	2454	32.1921	2670	35.0256	2509	32.9136	21800	0.0000	9053	0.0000	0.9873
ESO1238002120S1K	stools_11022101	na	EST1361007101S1K_k141_55499	1590441	1310153	82.3767	1309352	99.9389	1292109	98.6831	801	0.0611	1292880	98.6816	25993	1.9840	8720	33.5475	7976	30.6852	8900	34.2400	9193	35.3672	21800	73.8991	31063	51.1219	0.9865
ESO1238002120S1K	stools_11035101	na	EST1361007101S1K_k141_55499	1590441	1291721	81.2178	1289265	99.8099	1273251	98.7579	2456	0.1901	1275674	98.7577	26143	2.0239	10096	38.6184	7699	29.4496	8394	32.1080	10011	38.2932	21800	23.0092	17889	28.3862	0.9813
ESO1238002120S1K	stools_11036101	na	EST1361007101S1K_k141_55499	1590441	747679	47.0108	745488	99.7070	736981	98.8589	2191	0.2930	739139	98.8578	13514	1.8075	4974	36.8063	2817	20.8450	5595	41.4015	4697	34.7565	21800	73.8991	12958	100.0000	0.9911
ESO1238002120S1K	stools_11055101	na	EST1361007101S1K_k141_55499	1590441	1048110	65.9006	1046817	99.8766	1032806	98.6616	1293	0.1234	1034053	98.6588	20478	1.9538	6421	31.3556	5196	25.3736	8056	39.3398	7226	35.2866	21800	100.0000	21797	100.0000	0.9997
ESO1238002120S1K	stools_11106501	na	EST1361007101S1K_k141_55499	1590441	350605	22.0445	350474	99.9626	346330	98.8176	131	0.0374	346459	98.8175	6095	1.7384	1949	31.9770	1828	29.9918	2373	38.9336	1912	31.3700	21800	0.0000	0	0.0000	0.9930
ESO1238002120S1K	stools_11107101	na	EST1361007101S1K_k141_55499	1590441	1354844	85.1867	1353537	99.9035	1335738	98.6850	1307	0.0965	1336987	98.6820	27367	2.0199	9510	34.7499	8341	30.4783	9459	34.5635	9604	35.0934	21800	100.0000	38847	55.1034	0.9885
ESO1238002120S1K	stools_12089102	na	EST1361007101S1K_k141_55499	1590441	867599	54.5508	866880	99.9171	855941	98.7381	719	0.0829	856645	98.7374	16446	1.8956	5492	33.3941	4788	29.1135	5670	34.4765	6059	36.8418	21800	50.8899	22393	50.9981	0.9892
ESO1238002120S1K	stools_12091101	na	EST1361007101S1K_k141_55499	1590441	1295766	81.4721	1294337	99.8897	1276673	98.6353	1429	0.1103	1278055	98.6332	26930	2.0783	9219	34.2332	7873	29.2351	8981	33.3494	10112	37.5492	21800	26.1009	29751	19.3506	0.9746
ESO1238002120S1K	stools_12091150	na	EST1361007101S1K_k141_55499	1590441	1259579	79.1968	1257910	99.8675	1241532	98.6980	1669	0.1325	1243162	98.6966	25368	2.0140	8951	35.2846	7342	28.9420	8273	32.6120	9836	38.7733	21800	26.1009	29767	19.1823	0.9746
ESO1238002120S1K	stools_12095102	na	EST1361007101S1K_k141_55499	1590441	1024992	64.4470	1024506	99.9526	1011868	98.7664	486	0.0474	1012336	98.7653	19133	1.8666	6477	33.8525	6019	31.4587	6543	34.1975	6638	34.6940	21800	100.0000	43657	39.5813	0.9770
ESO1238002120S1K	stools_12096102	na	EST1361007101S1K_k141_55499	1590441	868665	54.6179	867812	99.9018	856077	98.6477	853	0.0982	856890	98.6445	16861	1.9410	5086	30.1643	4288	25.4315	6366	37.7558	6270	37.1864	21800	73.8991	33786	48.0909	0.9852
ESO1238002120S1K	stools_12101102	na	EST1361007101S1K_k141_55499	1590441	1250677	78.6371	1250031	99.9483	1233989	98.7167	646	0.0517	1234608	98.7152	23954	1.9153	7885	32.9173	7276	30.3749	8310	34.6915	8439	35.2300	21800	73.8991	42310	38.6812	0.9797
ESO1238002120S1K	stools_12117101	na	EST1361007101S1K_k141_55499	1590441	854722	53.7412	853621	99.8712	841912	98.6283	1101	0.1288	842971	98.6252	17554	2.0538	5803	33.0580	4766	27.1505	6156	35.0689	6675	38.0255	21800	73.8991	34136	47.4895	0.9849
ESO1238002120S1K	stools_12118101	na	EST1361007101S1K_k141_55499	1590441	967058	60.8044	966363	99.9281	953460	98.6648	695	0.0719	954113	98.6614	18307	1.8931	5362	29.2893	4720	25.7825	7024	38.3678	6610	36.1064	21800	73.8991	34404	49.0176	0.9848
ESO1238002120S1K	stools_12118150	na	EST1361007101S1K_k141_55499	1590441	853390	53.6574	853104	99.9665	842577	98.7660	286	0.0335	842850	98.7649	15729	1.8431	5189	32.9900	4917	31.2607	5574	35.4377	5268	33.4923	21800	76.9908	33835	51.6122	0.9892
ESO1239204120S1K	stools_11006101	na	ESO1212705120S1K_k141_16	1917768	699841	36.4925	699455	99.9448	683912	97.7778	386	0.0552	684282	97.7768	23295	3.3286	7736	33.2088	7371	31.6420	7977	34.2434	8122	34.8659	55061	47.8869	49293	56.4867	0.9839
ESO1239204120S1K	stools_11015101	na	ESO1212705120S1K_k141_16	1917768	1364154	71.1324	1351902	99.1019	1324492	97.9725	12252	0.8981	1336532	97.9752	53225	3.9017	25603	48.1033	13592	25.5369	15065	28.3044	21604	40.5899	55061	56.6808	28481	100.0000	0.9856
ESO1239204120S1K	stools_11015501	na	ESO1212705120S1K_k141_16	1917768	1319962	68.8280	1310460	99.2801	1283056	97.9088	9502	0.7199	1292385	97.9108	50437	3.8211	22860	45.3239	13550	26.8652	14849	29.4407	19863	39.3818	55061	56.6808	34311	85.0048	0.9832
ESO1239204120S1K	stools_11025101	na	ESO1212705120S1K_k141_16	1917768	1166525	60.8272	1165848	99.9420	1138423	97.6476	677	0.0580	1139067	97.6462	40825	3.4997	13367	32.7422	12735	31.1941	14003	34.3001	14430	35.3460	55061	66.2538	65594	51.9880	0.9715
ESO1239204120S1K	stools_11025102	na	ESO1212705120S1K_k141_16	1917768	1093694	57.0295	1093010	99.9375	1067689	97.6834	684	0.0625	1068344	97.6822	37924	3.4675	12574	33.1558	11933	31.4656	12902	34.0207	13333	35.1572	55061	47.3765	61221	38.6126	0.9659
ESO1239204120S1K	stools_11030150	na	ESO1212705120S1K_k141_16	1917768	1296990	67.6302	1295198	99.8618	1265906	97.7384	1792	0.1382	1267625	97.7359	44219	3.4094	14854	33.5919	13141	29.7180	16477	37.2623	14908	33.7140	55061	24.3548	13220	100.0000	0.9780
ESO1239204120S1K	stools_11030501	na	ESO1212705120S1K_k141_16	1917768	1377331	71.8195	1375189	99.8445	1343407	97.6889	2142	0.1555	1345467	97.6865	48117	3.4935	16253	33.7781	14198	29.5072	17632	36.6440	16643	34.5886	55061	24.3548	13103	100.0000	0.9779
ESO1239204120S1K	stools_11031101	na	ESO1212705120S1K_k141_16	1917768	1310307	68.3246	1309044	99.9036	1276827	97.5389	1263	0.0964	1278024	97.5362	48775	3.7224	16492	33.8124	15305	31.3788	15665	32.1169	18149	37.2096	55061	33.1051	13723	100.0000	0.9783
ESO1239204120S1K	stools_11031150	na	ESO1212705120S1K_k141_16	1917768	1203995	62.7811	1203053	99.9218	1172566	97.4659	942	0.0782	1173450	97.4630	45871	3.8099	15326	33.4111	14454	31.5101	14696	32.0377	17046	37.1607	55061	43.4881	18970	100.0000	0.9809
ESO1239204120S1K	stools_11031501	na	ESO1212705120S1K_k141_16	1917768	1179173	61.4867	1178341	99.9294	1148334	97.4535	832	0.0706	1149114	97.4508	45052	3.8206	14993	33.2793	14225	31.5746	14317	31.7788	16836	37.3702	55061	33.1051	13708	100.0000	0.9783
ESO1239204120S1K	stools_11035101	na	ESO1212705120S1K_k141_16	1917768	1218889	63.5577	1217620	99.8959	1186920	97.4787	1269	0.1041	1188124	97.4760	46271	3.7962	15506	33.5113	14321	30.9503	14899	32.1994	17332	37.4576	55061	33.1051	13728	100.0000	0.9783
ESO1239204120S1K	stools_11037101	na	ESO1212705120S1K_k141_16	1917768	1254762	65.4282	1253838	99.9264	1223555	97.5848	924	0.0736	1224435	97.5830	45209	3.6030	14882	32.9182	14006	30.9806	15291	33.8229	16215	35.8668	55061	55.8708	53610	51.7944	0.9718
ESO1239204120S1K	stools_11038501	na	ESO1212705120S1K_k141_16	1917768	1318845	68.7698	1317650	99.9094	1286274	97.6188	1195	0.0906	1287418	97.6171	47470	3.5994	16043	33.7961	14937	31.4662	15839	33.3663	16994	35.7995	55061	33.1051	22657	77.9185	0.9803
ESO1239204120S1K	stools_11055150	na	ESO1212705120S1K_k141_16	1917768	823929	42.9629	823067	99.8954	803678	97.6443	862	0.1046	804516	97.6439	28952	3.5139	9539	32.9476	8721	30.1223	10112	34.9268	10287	35.5312	55061	43.4881	39382	59.7354	0.9829
ESO1239204120S1K	stools_12062150	na	ESO1212705120S1K_k141_16	1917768	1275481	66.5086	1274334	99.9101	1242843	97.5288	1147	0.0899	1243925	97.5260	47498	3.7239	15942	33.5635	14882	31.3318	15415	32.4540	17537	36.9216	55061	33.1051	23195	75.9043	0.9773
ESO1239204120S1K	stools_12120101	na	ESO1212705120S1K_k141_16	1917768	1259526	65.6767	1258599	99.9264	1224658	97.3033	927	0.0736	1225530	97.3009	49199	3.9062	15203	30.9010	14343	29.1530	15567	31.6409	19720	40.0821	55061	0.0000	0	0.0000	0.9713
ESO1241104120S1K	stools_11011101	na	NZ_CP049075.1	1754511	815669	46.4898	812153	99.5689	802288	98.7853	3516	0.4311	805748	98.7837	16931	2.0757	7010	41.4033	3586	21.1801	5015	29.6202	7797	46.0516	59035	76.2971	96400	39.5073	0.9535
ESO1241104120S1K	stools_11036101	na	NZ_CP049075.1	1754511	643324	36.6669	641350	99.6932	634113	98.8716	1974	0.3068	636059	98.8707	11260	1.7503	3995	35.4796	2079	18.4636	4056	36.0213	4849	43.0639	59035	57.9182	73977	42.1036	0.9570
ESO1241104120S1K	stools_11042501	na	NZ_CP049075.1	1754511	1304727	74.3641	1302305	99.8144	1293873	99.3525	2422	0.1856	1296263	99.3513	20031	1.5353	11567	57.7455	9239	46.1235	5223	26.0746	5295	26.4340	59035	81.6211	114886	41.8467	0.9540
ESO1241104120S1K	stools_11055101	na	NZ_CP049075.1	1754511	918173	52.3321	916613	99.8301	905141	98.7484	1560	0.1699	906658	98.7459	16703	1.8192	5188	31.0603	3678	22.0200	5587	33.4491	7270	43.5251	59035	13.1820	39270	19.7326	0.9526
ESO1241104120S1K	stools_12096102	na	NZ_CP049075.1	1754511	901740	51.3955	900255	99.8353	889511	98.8066	1485	0.1647	890960	98.8045	16158	1.7919	5378	33.2838	3934	24.3471	5390	33.3581	6615	40.9395	59035	31.5609	64235	51.0407	0.9505
ESO1241104120S1K	stools_12117101	na	NZ_CP049075.1	1754511	870667	49.6245	869068	99.8163	858042	98.7313	1599	0.1837	859599	98.7288	17031	1.9561	5963	35.0126	4413	25.9116	5195	30.5032	7183	42.1760	59035	31.5609	58118	55.4166	0.9538
ESO1241104120S1K	stools_12118101	na	NZ_CP049075.1	1754511	950240	54.1598	948894	99.8584	937817	98.8326	1346	0.1416	939132	98.8310	16525	1.7390	5417	32.7806	4110	24.8714	5632	34.0817	6502	39.3464	59035	31.5609	99533	32.5470	0.9300
ESO1241105120S1K	stools_11006101	na	ESO1212705120S1K_k141_16	1917768	678897	35.4004	678686	99.9689	663703	97.7924	211	0.0311	663903	97.7914	22827	3.3624	7833	34.3146	7633	33.4385	7770	34.0386	7568	33.1537	48238	59.4801	49293	69.3851	0.9764
ESO1241105120S1K	stools_11015101	na	ESO1212705120S1K_k141_16	1917768	1363933	71.1209	1351493	99.0879	1326260	98.1330	12440	0.9121	1338549	98.1389	52579	3.8550	27195	51.7222	14944	28.4220	13937	26.5068	20104	38.2358	48238	64.9778	28481	100.0000	0.9895
ESO1241105120S1K	stools_11015501	na	ESO1212705120S1K_k141_16	1917768	1325158	69.0990	1315340	99.2591	1289300	98.0203	9818	0.7409	1298995	98.0257	50508	3.8115	24345	48.2003	14669	29.0429	14120	27.9560	18994	37.6059	48238	76.4667	34311	100.0000	0.9926
ESO1241105120S1K	stools_11025101	na	ESO1212705120S1K_k141_16	1917768	1155337	60.2438	1154811	99.9545	1129317	97.7924	526	0.0455	1129810	97.7905	40293	3.4876	14766	36.6466	14283	35.4478	13008	32.2835	13290	32.9834	48238	76.4667	65594	52.4652	0.9756
ESO1241105120S1K	stools_11025102	na	ESO1212705120S1K_k141_16	1917768	1072422	55.9203	1071913	99.9525	1047297	97.7035	509	0.0475	1047788	97.7030	37457	3.4927	12823	34.2339	12367	33.0165	12604	33.6493	12718	33.9536	48238	55.2821	61221	41.0137	0.9701
ESO1241105120S1K	stools_11030150	na	ESO1212705120S1K_k141_16	1917768	1269908	66.2180	1268349	99.8772	1238046	97.6108	1559	0.1228	1239543	97.6089	44868	3.5332	14503	32.3237	13032	29.0452	17202	38.3391	14946	33.3110	48238	10.4648	13220	60.8775	0.9731
ESO1241105120S1K	stools_11030501	na	ESO1212705120S1K_k141_16	1917768	1345966	70.1840	1344066	99.8588	1311324	97.5640	1900	0.1412	1313140	97.5612	48604	3.6111	15778	32.4623	13976	28.7548	18351	37.7562	16631	34.2173	48238	10.4648	13103	61.3524	0.9732
ESO1241105120S1K	stools_11031101	na	ESO1212705120S1K_k141_16	1917768	1304506	68.0221	1303283	99.9062	1270016	97.4474	1223	0.0938	1271170	97.4445	49714	3.8109	16378	32.9444	15252	30.6795	16396	32.9806	18437	37.0861	48238	37.5264	13723	100.0000	0.9819
ESO1241105120S1K	stools_11031150	na	ESO1212705120S1K_k141_16	1917768	1215834	63.3984	1215033	99.9341	1183347	97.3922	801	0.0659	1184090	97.3891	47099	3.8738	15355	32.6015	14648	31.1004	15405	32.7077	17426	36.9987	48238	52.3094	18970	100.0000	0.9846
ESO1241105120S1K	stools_11031501	na	ESO1212705120S1K_k141_16	1917768	1195750	62.3511	1194965	99.9344	1163822	97.3938	785	0.0656	1164550	97.3908	46316	3.8734	15116	32.6367	14410	31.1124	15161	32.7338	17120	36.9635	48238	37.5264	13708	100.0000	0.9819
ESO1241105120S1K	stools_11035101	na	ESO1212705120S1K_k141_16	1917768	1235153	64.4058	1234006	99.9071	1202036	97.4093	1147	0.0929	1203116	97.4062	47773	3.8678	15736	32.9391	14687	30.7433	15620	32.6963	17777	37.2114	48238	37.5264	13728	100.0000	0.9819
ESO1241105120S1K	stools_11037101	na	ESO1212705120S1K_k141_16	1917768	1250017	65.1808	1249251	99.9387	1218997	97.5782	766	0.0613	1219728	97.5769	45541	3.6432	15252	33.4907	14525	31.8943	15523	34.0858	15777	34.6435	48238	61.6837	53610	54.0459	0.9760
ESO1241105120S1K	stools_11038501	na	ESO1212705120S1K_k141_16	1917768	1308746	68.2432	1307739	99.9231	1275869	97.5630	1007	0.0769	1276834	97.5616	48194	3.6825	16282	33.7843	15355	31.8608	16103	33.4129	17062	35.4027	48238	50.5950	22657	100.0000	0.9865
ESO1241105120S1K	stools_11055150	na	ESO1212705120S1K_k141_16	1917768	806884	42.0741	806193	99.9144	787143	97.6370	691	0.0856	787812	97.6363	28717	3.5590	9645	33.5864	8978	31.2637	9922	34.5510	10026	34.9131	48238	52.3094	39382	59.7354	0.9841
ESO1241105120S1K	stools_12062150	na	ESO1212705120S1K_k141_16	1917768	1274378	66.4511	1273417	99.9246	1240911	97.4473	961	0.0754	1241804	97.4439	48497	3.8055	15923	32.8330	15070	31.0741	15984	32.9587	17784	36.6703	48238	49.0153	23195	100.0000	0.9867
ESO1241105120S1K	stools_12120101	na	ESO1212705120S1K_k141_16	1917768	1250271	65.1941	1249425	99.9323	1215682	97.2993	846	0.0677	1216458	97.2955	49489	3.9583	15676	31.6757	14916	30.1400	15722	31.7687	19241	38.8793	48238	0.0000	0	0.0000	0.9748
ESO1241108220S1K	stools_11001501	na	EST1361007101S1K_k141_55499	1590441	276917	17.4113	276738	99.9354	273089	98.6814	179	0.0646	273265	98.6812	5370	1.9392	1718	31.9926	1543	28.7337	1895	35.2886	1909	35.5493	31466	34.3736	29031	46.6949	0.9817
ESO1241108220S1K	stools_11009101	na	EST1361007101S1K_k141_55499	1590441	1420835	89.3359	1418050	99.8040	1399861	98.7173	2785	0.1960	1402580	98.7152	29769	2.0952	11514	38.6778	8885	29.8465	10055	33.7767	10585	35.5571	31466	74.3469	35313	66.5959	0.9872
ESO1241108220S1K	stools_11009150	na	EST1361007101S1K_k141_55499	1590441	844066	53.0712	843454	99.9275	833162	98.7798	612	0.0725	833763	98.7794	15992	1.8946	5689	35.5740	5101	31.8972	5493	34.3484	5384	33.6668	31466	58.3550	26250	73.9162	0.9898
ESO1241108220S1K	stools_11010101	na	EST1361007101S1K_k141_55499	1590441	1199353	75.4101	1198192	99.9032	1182862	98.7206	1161	0.0968	1183996	98.7196	23541	1.9628	8184	34.7649	7081	30.0794	8296	35.2406	8118	34.4845	31466	65.6264	24361	100.0000	0.9907
ESO1241108220S1K	stools_11011101	na	EST1361007101S1K_k141_55499	1590441	992913	62.4300	989155	99.6215	976423	98.7128	3758	0.3785	980127	98.7123	21354	2.1506	8568	40.1236	4910	22.9934	7829	36.6629	7923	37.1031	31466	74.3469	21904	100.0000	0.9922
ESO1241108220S1K	stools_11021101	na	EST1361007101S1K_k141_55499	1590441	416482	26.1866	416109	99.9104	411177	98.8147	373	0.0896	411545	98.8146	7688	1.8459	2751	35.7830	2383	30.9964	2712	35.2758	2537	32.9995	31466	23.9814	9053	100.0000	0.9875
ESO1241108220S1K	stools_11022101	na	EST1361007101S1K_k141_55499	1590441	1311327	82.4505	1310190	99.9133	1293426	98.7205	1137	0.0867	1294535	98.7195	26082	1.9890	9290	35.6184	8210	31.4776	8950	34.3149	8878	34.0388	31466	74.3469	31063	78.1605	0.9899
ESO1241108220S1K	stools_11035101	na	EST1361007101S1K_k141_55499	1590441	1297522	81.5825	1294704	99.7828	1278440	98.7438	2818	0.2172	1281227	98.7441	26637	2.0529	10342	38.8257	7571	28.4229	8900	33.4122	10023	37.6281	31466	39.9733	17889	71.9772	0.9847
ESO1241108220S1K	stools_11036101	na	EST1361007101S1K_k141_55499	1590441	753536	47.3791	751181	99.6875	742649	98.8642	2355	0.3125	744961	98.8620	13713	1.8198	5138	37.4681	2846	20.7540	5790	42.2227	4671	34.0626	31466	50.3655	12958	100.0000	0.9850
ESO1241108220S1K	stools_11055101	na	EST1361007101S1K_k141_55499	1590441	1037476	65.2320	1036070	99.8645	1022542	98.6943	1406	0.1355	1023911	98.6925	20054	1.9330	6489	32.3576	5157	25.7156	7943	39.6081	6925	34.5318	31466	50.3655	21797	74.8406	0.9863
ESO1241108220S1K	stools_11106501	na	EST1361007101S1K_k141_55499	1590441	349905	22.0005	349646	99.9260	345219	98.7339	259	0.0740	345475	98.7339	6414	1.8331	1984	30.9323	1737	27.0814	2711	42.2669	1947	30.3555	31466	0.0000	0	0.0000	0.9932
ESO1241108220S1K	stools_11107101	na	EST1361007101S1K_k141_55499	1590441	1353477	85.1007	1351837	99.8788	1333905	98.6735	1640	0.1212	1335499	98.6717	27728	2.0486	9750	35.1630	8225	29.6632	9836	35.4732	9551	34.4453	31466	74.3469	38847	68.4712	0.9849
ESO1241108220S1K	stools_12089102	na	EST1361007101S1K_k141_55499	1590441	870394	54.7266	869397	99.8855	858288	98.7222	997	0.1145	859266	98.7215	16711	1.9199	5583	33.4091	4605	27.5567	5936	35.5215	6139	36.7363	31466	58.3550	22393	100.0000	0.9923
ESO1241108220S1K	stools_12091101	na	EST1361007101S1K_k141_55499	1590441	1296082	81.4920	1294238	99.8577	1276605	98.6376	1844	0.1423	1278393	98.6352	27272	2.1042	9583	35.1386	7843	28.7584	9341	34.2512	9952	36.4916	31466	23.9814	29751	35.0240	0.9709
ESO1241108220S1K	stools_12091150	na	EST1361007101S1K_k141_55499	1590441	1259455	79.1890	1257523	99.8466	1241114	98.6951	1932	0.1534	1243014	98.6946	25656	2.0371	9215	35.9175	7365	28.7067	8524	33.2242	9735	37.9443	31466	23.9814	29767	34.9111	0.9709
ESO1241108220S1K	stools_12095102	na	EST1361007101S1K_k141_55499	1590441	1023645	64.3623	1022887	99.9260	1010254	98.7650	758	0.0740	1010984	98.7631	19315	1.8869	6654	34.4499	5949	30.7999	6736	34.8744	6641	34.3826	31466	100.0000	43657	69.1504	0.9766
ESO1241108220S1K	stools_12096102	na	EST1361007101S1K_k141_55499	1590441	870192	54.7139	869098	99.8743	857392	98.6531	1094	0.1257	858449	98.6505	17056	1.9600	5313	31.1503	4267	25.0176	6609	38.7488	6195	36.3215	31466	74.3469	33786	78.8522	0.9882
ESO1241108220S1K	stools_12101102	na	EST1361007101S1K_k141_55499	1590441	1254077	78.8509	1253092	99.9215	1236999	98.7157	985	0.0785	1237955	98.7144	24237	1.9327	8115	33.4819	7183	29.6365	8637	35.6356	8381	34.5794	31466	100.0000	42310	83.0300	0.9929
ESO1241108220S1K	stools_12117101	na	EST1361007101S1K_k141_55499	1590441	857990	53.9467	856710	99.8508	844819	98.6120	1280	0.1492	846056	98.6091	17839	2.0792	5905	33.1016	4682	26.2459	6456	36.1904	6690	37.5021	31466	74.3469	34136	79.0134	0.9880
ESO1241108220S1K	stools_12118101	na	EST1361007101S1K_k141_55499	1590441	972027	61.1168	971047	99.8992	957988	98.6552	980	0.1008	958932	98.6528	18741	1.9280	5646	30.1265	4714	25.1534	7511	40.0779	6527	34.8274	31466	74.3469	34404	79.1391	0.9878
ESO1241108220S1K	stools_12118150	na	EST1361007101S1K_k141_55499	1590441	851308	53.5265	850705	99.9292	840633	98.8160	603	0.0708	841221	98.8151	15640	1.8372	5553	35.5051	4980	31.8414	5565	35.5818	5040	32.2251	31466	84.0081	33835	82.4590	0.9899
ESO1242101120S1K	stools_11001501	na	EST1361007101S1K_k141_55499	1590441	78687	4.9475	78680	99.9911	77686	98.7367	7	0.0089	77693	98.7368	1381	1.7551	387	28.0232	380	27.5163	460	33.3092	546	39.5366	23673	52.0002	29031	46.6949	0.9820
ESO1242101120S1K	stools_11009101	na	EST1361007101S1K_k141_55499	1590441	342935	21.5623	342522	99.8796	338450	98.8112	413	0.1204	338857	98.8109	6297	1.8362	2219	35.2390	1812	28.7756	1912	30.3637	2543	40.3843	23673	100.0000	35313	52.2839	0.9918
ESO1242101120S1K	stools_11009150	na	EST1361007101S1K_k141_55499	1590441	232835	14.6397	232780	99.9764	230101	98.8491	55	0.0236	230154	98.8485	3939	1.6918	1258	31.9370	1205	30.5915	1323	33.5872	1425	36.1767	23673	100.0000	26250	73.9162	0.9920
ESO1242101120S1K	stools_11010101	na	EST1361007101S1K_k141_55499	1590441	309287	19.4466	309164	99.9602	305378	98.7754	123	0.0398	305500	98.7756	5477	1.7708	1690	30.8563	1568	28.6288	1797	32.8099	2127	38.8351	23673	47.9998	24361	45.6755	0.9919
ESO1242101120S1K	stools_11011101	na	EST1361007101S1K_k141_55499	1590441	216567	13.6168	215890	99.6874	213418	98.8550	677	0.3126	214081	98.8521	4182	1.9310	1696	40.5548	1033	24.7011	1283	30.6791	1737	41.5352	23673	100.0000	21904	76.7896	0.9851
ESO1242101120S1K	stools_11021101	na	EST1361007101S1K_k141_55499	1590441	112663	7.0838	112612	99.9547	111285	98.8216	51	0.0453	111335	98.8213	1917	1.7015	589	30.7251	539	28.1168	628	32.7595	749	39.0715	23673	47.9998	9053	100.0000	0.9851
ESO1242101120S1K	stools_11022101	na	EST1361007101S1K_k141_55499	1590441	312761	19.6650	312686	99.9760	308908	98.7918	75	0.0240	308981	98.7914	5561	1.7780	1781	32.0266	1708	30.7139	1749	31.4512	2130	38.3025	23673	100.0000	31063	61.8002	0.9918
ESO1242101120S1K	stools_11035101	na	EST1361007101S1K_k141_55499	1590441	324690	20.4151	324102	99.8189	320130	98.7745	588	0.1811	320705	98.7727	6167	1.8994	2182	35.3819	1607	26.0581	1882	30.5173	2693	43.6679	23673	47.9998	17889	43.5910	0.9851
ESO1242101120S1K	stools_11036101	na	EST1361007101S1K_k141_55499	1590441	199809	12.5631	199298	99.7443	197181	98.9378	511	0.2557	197685	98.9370	3289	1.6461	1165	35.4211	662	20.1277	1279	38.8872	1246	37.8839	23673	52.0002	12958	60.4723	0.9851
ESO1242101120S1K	stools_11055101	na	EST1361007101S1K_k141_55499	1590441	244347	15.3635	244235	99.9542	241403	98.8405	112	0.0458	241514	98.8406	4041	1.6538	1208	29.8936	1097	27.1467	1452	35.9317	1494	36.9710	23673	52.0002	21797	51.0575	0.9921
ESO1242101120S1K	stools_11106501	na	EST1361007101S1K_k141_55499	1590441	97984	6.1608	97965	99.9806	96843	98.8547	19	0.0194	96861	98.8539	1606	1.6390	483	30.0747	465	28.9539	596	37.1108	554	34.4956	23673	0.0000	0	0.0000	0.9851
ESO1242101120S1K	stools_11107101	na	EST1361007101S1K_k141_55499	1590441	320376	20.1438	320267	99.9660	317369	99.0951	109	0.0340	317473	99.0939	5184	1.6181	2281	44.0008	2177	41.9946	1367	26.3696	1667	32.1566	23673	100.0000	38847	55.4226	0.9986
ESO1242101120S1K	stools_12089102	na	EST1361007101S1K_k141_55499	1590441	238957	15.0246	238794	99.9318	235899	98.7877	163	0.0682	236060	98.7876	4219	1.7656	1322	31.3344	1161	27.5184	1328	31.4767	1756	41.6212	23673	100.0000	22393	100.0000	0.9992
ESO1242101120S1K	stools_12091101	na	EST1361007101S1K_k141_55499	1590441	301073	18.9302	300862	99.9299	296801	98.6502	211	0.0701	297009	98.6502	5783	1.9208	1719	29.7251	1511	26.1283	1785	30.8663	2483	42.9362	23673	47.9998	29751	35.0240	0.9916
ESO1242101120S1K	stools_12091150	na	EST1361007101S1K_k141_55499	1590441	318063	19.9984	317737	99.8975	313675	98.7216	326	0.1025	313998	98.7220	5975	1.8786	1910	31.9665	1587	26.5607	1865	31.2134	2548	42.6444	23673	47.9998	29767	34.9111	0.9916
ESO1242101120S1K	stools_12095102	na	EST1361007101S1K_k141_55499	1590441	272923	17.1602	272880	99.9842	269565	98.7852	43	0.0158	269608	98.7854	4740	1.7368	1425	30.0633	1382	29.1561	1521	32.0886	1854	39.1139	23673	100.0000	43657	41.7528	0.9917
ESO1242101120S1K	stools_12096102	na	EST1361007101S1K_k141_55499	1590441	201936	12.6969	201847	99.9559	199238	98.7074	89	0.0441	199325	98.7070	3594	1.7798	983	27.3511	896	24.9304	1191	33.1386	1532	42.6266	23673	100.0000	33786	63.8223	0.9987
ESO1242101120S1K	stools_12101102	na	EST1361007101S1K_k141_55499	1590441	322584	20.2827	322493	99.9718	318403	98.7318	91	0.0282	318486	98.7296	5803	1.7989	1705	29.3814	1622	27.9511	1889	32.5521	2319	39.9621	23673	100.0000	42310	51.7892	0.9989
ESO1242101120S1K	stools_12117101	na	EST1361007101S1K_k141_55499	1590441	180514	11.3499	180400	99.9368	177965	98.6502	114	0.0632	178072	98.6472	3493	1.9350	1051	30.0887	944	27.0255	1058	30.2891	1512	43.2866	23673	100.0000	34136	64.0878	0.9988
ESO1242101120S1K	stools_12118101	na	EST1361007101S1K_k141_55499	1590441	226115	14.2171	226078	99.9836	223112	98.6881	37	0.0164	223147	98.6874	4021	1.7783	1053	26.1875	1018	25.3171	1393	34.6431	1628	40.4874	23673	100.0000	34404	62.4433	0.9986
ESO1242101120S1K	stools_12118150	na	EST1361007101S1K_k141_55499	1590441	239799	15.0775	239768	99.9871	236874	98.7930	31	0.0129	236904	98.7927	4086	1.7039	1191	29.1483	1161	28.4141	1416	34.6549	1527	37.3715	23673	100.0000	33835	66.4962	0.9990
ESO1242208120S1K	stools_11001501	na	EST1361007101S1K_k141_55499	1590441	277993	17.4790	277847	99.9475	274222	98.6953	146	0.0525	274362	98.6939	5321	1.9141	1690	31.7609	1550	29.1299	1822	34.2417	1973	37.0795	41744	56.4584	29031	100.0000	0.9817
ESO1242208120S1K	stools_11009101	na	EST1361007101S1K_k141_55499	1590441	1410234	88.6694	1407854	99.8312	1389288	98.6813	2380	0.1688	1391611	98.6794	29281	2.0763	10658	36.3990	8373	28.5953	9937	33.9367	10899	37.2221	41744	68.8937	35313	71.4977	0.9830
ESO1242208120S1K	stools_11009150	na	EST1361007101S1K_k141_55499	1590441	846647	53.2335	846136	99.9396	835335	98.7235	511	0.0604	835837	98.7232	16169	1.9098	5359	33.1437	4871	30.1255	5651	34.9496	5718	35.3640	41744	68.8937	26250	100.0000	0.9929
ESO1242208120S1K	stools_11010101	na	EST1361007101S1K_k141_55499	1590441	1195602	75.1742	1194719	99.9261	1179463	98.7230	883	0.0739	1180326	98.7223	23242	1.9440	7966	34.2742	7121	30.6385	8235	35.4315	7988	34.3688	41744	43.5416	24361	79.0444	0.9811
ESO1242208120S1K	stools_11011101	na	EST1361007101S1K_k141_55499	1590441	978793	61.5422	975330	99.6462	962974	98.7331	3463	0.3538	966383	98.7321	20653	2.1100	8243	39.9119	4843	23.4494	7332	35.5009	7862	38.0671	41744	50.9558	21904	76.7896	0.9809
ESO1242208120S1K	stools_11021101	na	EST1361007101S1K_k141_55499	1590441	415967	26.1542	415654	99.9248	410631	98.7915	313	0.0752	410936	98.7905	7663	1.8422	2632	34.3469	2327	30.3667	2739	35.7432	2624	34.2425	41744	25.1485	9053	100.0000	0.9919
ESO1242208120S1K	stools_11022101	na	EST1361007101S1K_k141_55499	1590441	1303272	81.9441	1302372	99.9309	1285251	98.6854	900	0.0691	1286129	98.6846	25860	1.9842	8717	33.7084	7858	30.3867	9049	34.9923	9072	35.0812	41744	68.8937	31063	83.6397	0.9863
ESO1242208120S1K	stools_11035101	na	EST1361007101S1K_k141_55499	1590441	1290531	81.1430	1287860	99.7930	1271909	98.7614	2671	0.2070	1274551	98.7618	26290	2.0371	10310	39.2164	7682	29.2202	8699	33.0886	9922	37.7406	41744	25.1485	17889	43.5910	0.9722
ESO1242208120S1K	stools_11036101	na	EST1361007101S1K_k141_55499	1590441	746375	46.9288	744147	99.7015	735366	98.8200	2228	0.2985	737564	98.8195	13716	1.8377	4905	35.7612	2707	19.7361	5809	42.3520	4835	35.2508	41744	25.8073	12958	60.4723	0.9753
ESO1242208120S1K	stools_11055101	na	EST1361007101S1K_k141_55499	1590441	1026331	64.5312	1025166	99.8865	1012024	98.7181	1165	0.1135	1013150	98.7157	19414	1.8916	6233	32.1057	5114	26.3418	7552	38.8998	6804	35.0469	41744	38.5205	21797	76.2169	0.9801
ESO1242208120S1K	stools_11106501	na	EST1361007101S1K_k141_55499	1590441	348110	21.8876	347885	99.9354	343606	98.7700	225	0.0646	343826	98.7694	6244	1.7937	1960	31.3901	1740	27.8668	2584	41.3837	1947	31.1819	41744	0.0000	0	0.0000	0.9866
ESO1242208120S1K	stools_11107101	na	EST1361007101S1K_k141_55499	1590441	1341978	84.3777	1340723	99.9065	1323127	98.6876	1255	0.0935	1324358	98.6870	27059	2.0164	9439	34.8830	8255	30.5074	9397	34.7278	9453	34.9348	41744	81.6069	38847	86.9514	0.9911
ESO1242208120S1K	stools_12089102	na	EST1361007101S1K_k141_55499	1590441	866835	54.5028	865977	99.9010	855151	98.7499	858	0.0990	855995	98.7495	16483	1.9015	5643	34.2353	4799	29.1148	5804	35.2120	5976	36.2555	41744	50.9558	22393	100.0000	0.9896
ESO1242208120S1K	stools_12091101	na	EST1361007101S1K_k141_55499	1590441	1289299	81.0655	1287909	99.8922	1271293	98.7098	1390	0.1078	1272655	98.7091	26232	2.0346	9588	36.5508	8260	31.4883	8560	32.6319	9434	35.9637	41744	55.7996	29751	76.7638	0.9830
ESO1242208120S1K	stools_12091150	na	EST1361007101S1K_k141_55499	1590441	1257794	79.0846	1256031	99.8598	1240180	98.7380	1763	0.1402	1241919	98.7379	25241	2.0068	9366	37.1063	7636	30.2524	8169	32.3640	9534	37.7719	41744	55.7996	29767	76.7965	0.9829
ESO1242208120S1K	stools_12095102	na	EST1361007101S1K_k141_55499	1590441	1021172	64.2068	1020521	99.9362	1007849	98.7583	651	0.0638	1008480	98.7571	19171	1.8774	6479	33.7958	5858	30.5566	6745	35.1833	6637	34.6200	41744	82.0621	43657	70.2820	0.9770
ESO1242208120S1K	stools_12096102	na	EST1361007101S1K_k141_55499	1590441	861260	54.1523	860481	99.9096	849050	98.6716	779	0.0904	849807	98.6702	16524	1.9186	5071	30.6887	4315	26.1135	6265	37.9145	5995	36.2806	41744	68.8937	33786	84.9701	0.9879
ESO1242208120S1K	stools_12101102	na	EST1361007101S1K_k141_55499	1590441	1252174	78.7312	1251377	99.9364	1235513	98.7323	797	0.0636	1236295	98.7319	24003	1.9169	8124	33.8458	7354	30.6378	8462	35.2539	8295	34.5582	41744	87.2868	42310	87.7476	0.9924
ESO1242208120S1K	stools_12117101	na	EST1361007101S1K_k141_55499	1590441	845629	53.1695	844661	99.8855	833092	98.6303	968	0.1145	834031	98.6285	17298	2.0456	5700	32.9518	4768	27.5639	6165	35.6400	6447	37.2702	41744	68.8937	34136	85.0744	0.9878
ESO1242208120S1K	stools_12118101	na	EST1361007101S1K_k141_55499	1590441	962521	60.5191	961844	99.9297	949047	98.6695	677	0.0703	949710	98.6690	18152	1.8859	5341	29.4238	4680	25.7823	7016	38.6514	6502	35.8197	41744	68.8937	34404	83.3043	0.9875
ESO1242208120S1K	stools_12118150	na	EST1361007101S1K_k141_55499	1590441	852193	53.5822	851707	99.9430	841389	98.7886	486	0.0570	841866	98.7882	15709	1.8434	5382	34.2606	4905	31.2241	5628	35.8266	5231	33.2994	41744	82.0621	33835	100.0000	0.9871
ESO1242209120S1K	stools_11001501	na	EST1361007101S1K_k141_55499	1590441	214192	13.4675	214017	99.9183	211271	98.7169	175	0.0817	211445	98.7175	3932	1.8357	1185	30.1373	1011	25.7121	1355	34.4608	1569	39.9034	19478	43.9676	29031	46.6949	0.9817
ESO1242209120S1K	stools_11009101	na	EST1361007101S1K_k141_55499	1590441	1081482	67.9989	1079208	99.7897	1064572	98.6438	2274	0.2103	1066792	98.6417	21988	2.0331	7298	33.1908	5116	23.2672	7713	35.0782	9016	41.0042	19478	100.0000	35313	66.5959	0.9895
ESO1242209120S1K	stools_11009150	na	EST1361007101S1K_k141_55499	1590441	640307	40.2597	639665	99.8997	631382	98.7051	642	0.1003	632013	98.7047	11903	1.8590	3609	30.3201	2979	25.0273	4257	35.7641	4624	38.8473	19478	74.0322	26250	73.9162	0.9923
ESO1242209120S1K	stools_11010101	na	EST1361007101S1K_k141_55499	1590441	910623	57.2560	909645	99.8926	898021	98.7221	978	0.1074	898975	98.7209	16878	1.8535	5230	30.9871	4278	25.3466	6137	36.3609	6406	37.9547	19478	56.0324	24361	66.6311	0.9861
ESO1242209120S1K	stools_11011101	na	NZ_CP049075.1	1754511	669431	38.1548	666568	99.5723	658616	98.8070	2863	0.4277	661431	98.8050	13970	2.0868	5970	42.7344	3171	22.6986	4619	33.0637	5644	40.4009	40852	59.0008	96400	27.2853	0.9477
ESO1242209120S1K	stools_11011101	na	EST1361007101S1K_k141_55499	1590441	789386	49.6332	786247	99.6023	776443	98.7531	3139	0.3977	779538	98.7524	16520	2.0928	6672	40.3874	3614	21.8765	5762	34.8789	6601	39.9576	19478	100.0000	21904	100.0000	0.9954
ESO1242209120S1K	stools_11021101	na	EST1361007101S1K_k141_55499	1590441	318331	20.0153	317931	99.8743	314120	98.8013	400	0.1257	314512	98.8003	5711	1.7940	1892	33.1290	1511	26.4577	2162	37.8568	2007	35.1427	19478	30.0647	9053	100.0000	0.9943
ESO1242209120S1K	stools_11022101	na	EST1361007101S1K_k141_55499	1590441	998201	62.7625	997162	99.8959	983719	98.6519	1039	0.1041	984735	98.6510	19189	1.9224	5723	29.8244	4726	24.6287	6927	36.0988	7488	39.0224	19478	100.0000	31063	78.1605	0.9923
ESO1242209120S1K	stools_11035101	na	EST1361007101S1K_k141_55499	1590441	988900	62.1777	986599	99.7673	974142	98.7374	2301	0.2327	976407	98.7367	19400	1.9618	6907	35.6031	4645	23.9433	6792	35.0103	7887	40.6546	19478	56.0324	17889	71.9772	0.9902
ESO1242209120S1K	stools_11036101	na	NZ_CP049075.1	1754511	557983	31.8028	556323	99.7025	550023	98.8676	1660	0.2975	551671	98.8688	10084	1.8072	3772	37.4058	2139	21.2118	3959	39.2602	3680	36.4935	40852	12.8904	73977	7.2563	0.9404
ESO1242209120S1K	stools_11036101	na	EST1361007101S1K_k141_55499	1590441	622781	39.1578	620534	99.6392	613901	98.9311	2247	0.3608	616119	98.9303	11046	1.7737	4384	39.6886	2192	19.8443	4496	40.7025	3942	35.6871	19478	69.9353	12958	100.0000	0.9904
ESO1242209120S1K	stools_11042501	na	NZ_CP049075.1	1754511	1009398	57.5316	1007864	99.8480	994837	98.7075	1534	0.1520	996340	98.7064	18611	1.8438	5553	29.8372	4064	21.8365	8170	43.8988	6313	33.9208	40852	56.3400	114886	37.3849	0.9361
ESO1242209120S1K	stools_11055101	na	NZ_CP049075.1	1754511	806980	45.9946	805204	99.7799	794788	98.7064	1776	0.2201	796526	98.7046	16253	2.0141	5799	35.6796	4070	25.0415	6465	39.7773	5532	34.0368	40852	13.8059	39270	19.7326	0.9606
ESO1242209120S1K	stools_11055101	na	EST1361007101S1K_k141_55499	1590441	847815	53.3069	846403	99.8335	835656	98.7303	1412	0.1665	837031	98.7280	16118	1.9011	5334	33.0934	3975	24.6619	6152	38.1685	5894	36.5678	19478	69.9353	21797	74.8406	0.9911
ESO1242209120S1K	stools_11106501	na	EST1361007101S1K_k141_55499	1590441	272360	17.1248	272088	99.9001	268732	98.7666	272	0.0999	269002	98.7671	4738	1.7396	1380	29.1262	1110	23.4276	1969	41.5576	1630	34.4027	19478	0.0000	0	0.0000	1.0000
ESO1242209120S1K	stools_11107101	na	EST1361007101S1K_k141_55499	1590441	1028190	64.6481	1026897	99.8742	1013014	98.6481	1293	0.1258	1014267	98.6459	20097	1.9546	6174	30.7210	4942	24.5907	7275	36.1994	7833	38.9760	19478	100.0000	38847	68.4712	0.9873
ESO1242209120S1K	stools_12089102	na	EST1361007101S1K_k141_55499	1590441	660848	41.5512	659930	99.8611	651368	98.7026	918	0.1389	652270	98.7020	12366	1.8712	3788	30.6324	2886	23.3382	4517	36.5276	4935	39.9078	19478	74.0322	22393	100.0000	0.9949
ESO1242209120S1K	stools_12091101	na	EST1361007101S1K_k141_55499	1590441	990971	62.3079	989466	99.8481	975735	98.6123	1505	0.1519	977208	98.6112	20105	2.0288	6342	31.5444	4883	24.2875	6976	34.6978	8154	40.5571	19478	30.0647	29751	35.0240	0.9763
ESO1242209120S1K	stools_12091150	na	EST1361007101S1K_k141_55499	1590441	964348	60.6340	962641	99.8230	949987	98.6855	1707	0.1770	951662	98.6845	18927	1.9627	6241	32.9741	4580	24.1982	6486	34.2685	7805	41.2374	19478	30.0647	29767	34.9111	0.9763
ESO1242209120S1K	stools_12095102	na	EST1361007101S1K_k141_55499	1590441	784797	49.3446	784094	99.9104	774191	98.7370	703	0.0896	774876	98.7359	14183	1.8072	4262	30.0501	3577	25.2203	5108	36.0149	5457	38.4756	19478	100.0000	43657	53.6890	0.9765
ESO1242209120S1K	stools_12096102	na	NZ_CP049075.1	1754511	769687	43.8690	768114	99.7956	758090	98.6950	1573	0.2044	759629	98.6932	15376	1.9977	5318	34.5864	3815	24.8114	6084	39.5682	5295	34.4368	40852	43.1631	64235	51.0407	0.9598
ESO1242209120S1K	stools_12096102	na	EST1361007101S1K_k141_55499	1590441	706683	44.4331	705654	99.8544	696459	98.6970	1029	0.1456	697467	98.6959	13574	1.9208	4358	32.1055	3354	24.7090	5125	37.7560	5080	37.4245	19478	100.0000	33786	78.8522	0.9909
ESO1242209120S1K	stools_12101102	na	EST1361007101S1K_k141_55499	1590441	954954	60.0433	954029	99.9031	941511	98.6879	925	0.0969	942412	98.6866	17829	1.8670	5287	29.6539	4393	24.6396	6647	37.2820	6782	38.0391	19478	100.0000	42310	64.0416	0.9855
ESO1242209120S1K	stools_12117101	na	NZ_CP049075.1	1754511	710727	40.5086	709253	99.7926	699528	98.6288	1474	0.2074	700955	98.6251	15007	2.1115	5235	34.8837	3821	25.4615	5567	37.0960	5453	36.3364	40852	43.1631	58118	55.4166	0.9633
ESO1242209120S1K	stools_12117101	na	EST1361007101S1K_k141_55499	1590441	679968	42.7534	678903	99.8434	669527	98.6189	1065	0.1566	670565	98.6171	13931	2.0488	4528	32.5031	3496	25.0951	5014	35.9917	5433	38.9994	19478	100.0000	34136	79.0134	0.9907
ESO1242209120S1K	stools_12118101	na	NZ_CP049075.1	1754511	824580	46.9977	822967	99.8044	812034	98.6715	1613	0.1956	813602	98.6687	16646	2.0187	5668	34.0502	4112	24.7026	6648	39.9375	5627	33.8039	40852	85.6972	99533	50.7611	0.9590
ESO1242209120S1K	stools_12118101	na	EST1361007101S1K_k141_55499	1590441	780078	49.0479	779184	99.8854	769049	98.6993	894	0.1146	769923	98.6982	14553	1.8656	4398	30.2206	3532	24.2699	5675	38.9954	5338	36.6797	19478	100.0000	34404	79.1391	0.9905
ESO1242209120S1K	stools_12118150	na	EST1361007101S1K_k141_55499	1590441	656625	41.2857	656045	99.9117	647762	98.7374	580	0.0883	648334	98.7373	11862	1.8065	3571	30.1045	2999	25.2824	4458	37.5822	4363	36.7813	19478	74.0322	33835	66.4962	0.9877
ESO1242704120S1K	stools_11001501	na	EST1361007101S1K_k141_55499	1590441	269039	16.9160	268991	99.9822	265438	98.6791	48	0.0178	265483	98.6783	4918	1.8280	1362	27.6942	1317	26.7792	1479	30.0732	2129	43.2900	0	0.0000	29031	0.0000	0.9817
ESO1242704120S1K	stools_11009101	na	EST1361007101S1K_k141_55499	1590441	1403040	88.2170	1400847	99.8437	1382875	98.7171	2193	0.1563	1385007	98.7147	28088	2.0019	10055	35.7982	7947	28.2932	8144	28.9946	11760	41.8684	0	0.0000	35313	0.0000	0.9778
ESO1242704120S1K	stools_11009150	na	EST1361007101S1K_k141_55499	1590441	821829	51.6730	821624	99.9751	811395	98.7550	205	0.0249	811595	98.7547	14892	1.8121	4658	31.2785	4464	29.9758	4481	30.0900	5997	40.2699	0	0.0000	26250	0.0000	0.9835
ESO1242704120S1K	stools_11010101	na	EST1361007101S1K_k141_55499	1590441	1182830	74.3712	1182363	99.9605	1166839	98.6870	467	0.0395	1167288	98.6860	22115	1.8697	6573	29.7219	6138	27.7549	6927	31.3226	9139	41.3249	0	0.0000	24361	0.0000	0.9847
ESO1242704120S1K	stools_11011101	na	EST1361007101S1K_k141_55499	1590441	997457	62.7157	994164	99.6699	981788	98.7551	3293	0.3301	985036	98.7547	20236	2.0288	7815	38.6193	4587	22.6675	6255	30.9103	8864	43.8031	0	0.0000	21904	0.0000	0.9862
ESO1242704120S1K	stools_11021101	na	EST1361007101S1K_k141_55499	1590441	408453	25.6817	408184	99.9341	403020	98.7349	269	0.0659	403280	98.7335	7455	1.8252	2282	30.6103	2025	27.1630	2487	33.3602	2930	39.3025	0	0.0000	9053	0.0000	0.9943
ESO1242704120S1K	stools_11022101	na	EST1361007101S1K_k141_55499	1590441	1299316	81.6953	1298740	99.9557	1282048	98.7148	576	0.0443	1282602	98.7136	24780	1.9072	8066	32.5504	7534	30.4036	7450	30.0646	9837	39.6973	0	0.0000	31063	0.0000	0.9805
ESO1242704120S1K	stools_11035101	na	EST1361007101S1K_k141_55499	1590441	1277703	80.3364	1275462	99.8246	1259199	98.7249	2241	0.1754	1261401	98.7241	25316	1.9814	9014	35.6059	6820	26.9395	7512	29.6729	11005	43.4705	0	0.0000	17889	0.0000	0.9888
ESO1242704120S1K	stools_11036101	na	EST1361007101S1K_k141_55499	1590441	741647	46.6315	739676	99.7342	731354	98.8749	1971	0.2658	733299	98.8744	12849	1.7325	4501	35.0300	2556	19.8926	4822	37.5282	5103	39.7152	0	0.0000	12958	0.0000	0.9919
ESO1242704120S1K	stools_11055101	na	EST1361007101S1K_k141_55499	1590441	1042574	65.5525	1041435	99.8908	1028005	98.7104	1139	0.1092	1029095	98.7071	19355	1.8565	5876	30.3591	4813	24.8670	6752	34.8850	7773	40.1602	0	0.0000	21797	0.0000	0.9863
ESO1242704120S1K	stools_11106501	na	EST1361007101S1K_k141_55499	1590441	350278	22.0240	350234	99.9874	347832	99.3142	44	0.0126	347876	99.3143	4883	1.3940	2481	50.8089	2437	49.9078	1205	24.6775	1251	25.6195	0	0.0000	0	0.0000	1.0000
ESO1242704120S1K	stools_11107101	na	EST1361007101S1K_k141_55499	1590441	1340018	84.2545	1339026	99.9260	1321238	98.6716	992	0.0740	1322182	98.6690	26187	1.9542	8351	31.8899	7431	28.3767	8181	31.2407	10613	40.5277	0	0.0000	38847	0.0000	0.9756
ESO1242704120S1K	stools_12089102	na	EST1361007101S1K_k141_55499	1590441	847603	53.2936	847106	99.9414	836550	98.7539	497	0.0586	837043	98.7541	15420	1.8192	4860	31.5175	4368	28.3268	4824	31.2840	6282	40.7393	0	0.0000	22393	0.0000	0.9859
ESO1242704120S1K	stools_12091101	na	EST1361007101S1K_k141_55499	1590441	1304795	82.0398	1303654	99.9126	1285570	98.6128	1141	0.0874	1286673	98.6111	26368	2.0209	8246	31.2728	7167	27.1807	7767	29.4562	11480	43.5376	0	0.0000	29751	0.0000	0.9813
ESO1242704120S1K	stools_12091150	na	EST1361007101S1K_k141_55499	1590441	1250016	78.5956	1248712	99.8957	1232335	98.6885	1304	0.1043	1233611	98.6876	24342	1.9473	7937	32.6062	6687	27.4710	6996	28.7404	10762	44.2117	0	0.0000	29767	0.0000	0.9813
ESO1242704120S1K	stools_12095102	na	EST1361007101S1K_k141_55499	1590441	1005322	63.2103	1005047	99.9726	992302	98.7319	275	0.0274	992564	98.7310	18240	1.8143	5482	30.0548	5235	28.7007	5719	31.3542	7378	40.4496	0	0.0000	43657	0.0000	0.9726
ESO1242704120S1K	stools_12096102	na	EST1361007101S1K_k141_55499	1590441	862871	54.2536	862124	99.9134	850575	98.6604	747	0.0866	851273	98.6559	16173	1.8743	4575	28.2879	3878	23.9782	5539	34.2484	6778	41.9094	0	0.0000	33786	0.0000	0.9788
ESO1242704120S1K	stools_12101102	na	EST1361007101S1K_k141_55499	1590441	1227548	77.1829	1227146	99.9673	1211218	98.7020	402	0.0327	1211599	98.7007	22702	1.8494	6753	29.7463	6372	28.0680	7164	31.5567	9257	40.7761	0	0.0000	42310	0.0000	0.9734
ESO1242704120S1K	stools_12117101	na	EST1361007101S1K_k141_55499	1590441	855423	53.7853	854457	99.8871	842601	98.6125	966	0.1129	843516	98.6081	17143	2.0040	5236	30.5431	4337	25.2990	5505	32.1122	7365	42.9621	0	0.0000	34136	0.0000	0.9785
ESO1242704120S1K	stools_12118101	na	EST1361007101S1K_k141_55499	1590441	962996	60.5490	962450	99.9433	949595	98.6643	546	0.0567	950105	98.6614	17633	1.8311	4742	26.8928	4242	24.0572	6215	35.2464	7187	40.7588	0	0.0000	34404	0.0000	0.9784
ESO1242704120S1K	stools_12118150	na	EST1361007101S1K_k141_55499	1590441	830120	52.1943	829967	99.9816	819895	98.7865	153	0.0184	820044	98.7862	14675	1.7678	4599	31.3390	4469	30.4532	4707	32.0750	5557	37.8671	0	0.0000	33835	0.0000	0.9787
ESO1242801120S1K	stools_11001501	na	EST1361007101S1K_k141_55499	1590441	270436	17.0038	270318	99.9564	266825	98.7078	118	0.0436	266942	98.7080	5151	1.9047	1657	32.1685	1540	29.8971	1816	35.2553	1811	35.1582	23579	0.0000	29031	0.0000	0.9817
ESO1242801120S1K	stools_11009101	na	EST1361007101S1K_k141_55499	1590441	1361882	85.6292	1359848	99.8506	1342212	98.7031	2034	0.1494	1344207	98.7022	27715	2.0351	10040	36.2259	8077	29.1431	9439	34.0574	10089	36.4027	23579	66.5550	35313	36.0490	0.9788
ESO1242801120S1K	stools_11009150	na	EST1361007101S1K_k141_55499	1590441	827450	52.0265	827038	99.9502	816585	98.7361	412	0.0498	816990	98.7359	15630	1.8889	5170	33.0774	4778	30.5694	5536	35.4191	5396	34.5234	23579	45.2479	26250	31.8629	0.9823
ESO1242801120S1K	stools_11010101	na	EST1361007101S1K_k141_55499	1590441	1192321	74.9679	1191576	99.9375	1181316	99.1390	745	0.0625	1182046	99.1382	20667	1.7333	10392	50.2831	9678	46.8283	5712	27.6383	5326	25.7706	23579	100.0000	24361	100.0000	0.9995
ESO1242801120S1K	stools_11011101	na	EST1361007101S1K_k141_55499	1590441	951508	59.8267	948290	99.6618	936388	98.7449	3218	0.3382	939567	98.7450	19797	2.0806	7856	39.6828	4686	23.6703	6987	35.2932	7484	37.8037	23579	66.5550	21904	63.6505	0.9888
ESO1242801120S1K	stools_11021101	na	EST1361007101S1K_k141_55499	1590441	406723	25.5730	406450	99.9329	401502	98.7826	273	0.0671	401770	98.7822	7505	1.8452	2552	34.0040	2284	30.4330	2742	36.5356	2498	33.2845	23579	45.2479	9053	100.0000	0.9988
ESO1242801120S1K	stools_11022101	na	EST1361007101S1K_k141_55499	1590441	1261093	79.2920	1260391	99.9443	1243901	98.6917	702	0.0557	1244580	98.6906	24738	1.9616	8225	33.2484	7550	30.5198	8778	35.4839	8542	34.5299	23579	66.5550	31063	43.3989	0.9823
ESO1242801120S1K	stools_11035101	na	EST1361007101S1K_k141_55499	1590441	1254041	78.8486	1251613	99.8064	1236099	98.7605	2428	0.1936	1238500	98.7607	25220	2.0111	9679	38.3783	7291	28.9096	8507	33.7312	9413	37.3236	23579	66.5550	17889	71.9772	0.9900
ESO1242801120S1K	stools_11036101	na	EST1361007101S1K_k141_55499	1590441	726715	45.6927	724669	99.7185	716118	98.8200	2046	0.2815	718143	98.8204	13362	1.8387	4790	35.8479	2771	20.7379	5789	43.3244	4451	33.3109	23579	21.3071	12958	39.5277	0.9802
ESO1242801120S1K	stools_11055101	na	EST1361007101S1K_k141_55499	1590441	989508	62.2160	988566	99.9048	975696	98.6981	942	0.0952	976613	98.6968	18675	1.8873	5780	30.9505	4869	26.0723	7314	39.1647	6544	35.0415	23579	21.3071	21797	23.7831	0.9777
ESO1242801120S1K	stools_11106501	na	EST1361007101S1K_k141_55499	1590441	344018	21.6304	343833	99.9462	339543	98.7523	185	0.0538	339723	98.7515	6178	1.7958	1883	30.4791	1703	27.5656	2518	40.7575	1978	32.0168	23579	0.0000	0	0.0000	0.9933
ESO1242801120S1K	stools_11107101	na	EST1361007101S1K_k141_55499	1590441	1296736	81.5331	1295686	99.9190	1278898	98.7043	1050	0.0810	1279924	98.7035	25717	1.9832	8905	34.6269	7913	30.7695	9014	35.0507	8854	34.4286	23579	66.5550	38847	40.4664	0.9802
ESO1242801120S1K	stools_12089102	na	EST1361007101S1K_k141_55499	1590441	848909	53.3757	848183	99.9145	837621	98.7547	726	0.0855	838342	98.7552	15977	1.8821	5410	33.8612	4690	29.3547	5626	35.2131	5732	35.8766	23579	45.2479	22393	49.0019	0.9876
ESO1242801120S1K	stools_12091101	na	EST1361007101S1K_k141_55499	1590441	1267449	79.6917	1266249	99.9053	1249964	98.7139	1200	0.0947	1251147	98.7138	25686	2.0266	9384	36.5335	8223	32.0135	8409	32.7377	9115	35.4863	23579	45.2479	29751	35.0240	0.9794
ESO1242801120S1K	stools_12091150	na	EST1361007101S1K_k141_55499	1590441	1241515	78.0611	1239948	99.8738	1224406	98.7466	1567	0.1262	1225953	98.7465	24836	2.0005	9274	37.3410	7744	31.1805	8038	32.3643	9164	36.8981	23579	45.2479	29767	34.9111	0.9794
ESO1242801120S1K	stools_12095102	na	EST1361007101S1K_k141_55499	1590441	1015700	63.8628	1015196	99.9504	1003079	98.8064	504	0.0496	1003569	98.8057	18794	1.8503	6663	35.4528	6179	32.8775	6482	34.4897	6225	33.1223	23579	100.0000	43657	54.5731	0.9775
ESO1242801120S1K	stools_12096102	na	EST1361007101S1K_k141_55499	1590441	836324	52.5844	835646	99.9189	825165	98.7458	678	0.0811	825827	98.7449	15617	1.8673	5120	32.7848	4458	28.5458	5852	37.4720	5419	34.6994	23579	66.5550	33786	45.7912	0.9831
ESO1242801120S1K	stools_12101102	na	EST1361007101S1K_k141_55499	1590441	1220173	76.7192	1219567	99.9503	1204824	98.7911	606	0.0497	1205420	98.7909	22791	1.8678	8038	35.2683	7453	32.7015	7944	34.8559	7523	33.0086	23579	100.0000	42310	56.6013	0.9879
ESO1242801120S1K	stools_12117101	na	EST1361007101S1K_k141_55499	1590441	820425	51.5847	819606	99.9002	809353	98.7490	819	0.0998	810154	98.7481	16004	1.9507	5733	35.8223	4939	30.8610	5444	34.0165	5718	35.7286	23579	66.5550	34136	46.4495	0.9833
ESO1242801120S1K	stools_12118101	na	EST1361007101S1K_k141_55499	1590441	933766	58.7111	933244	99.9441	921768	98.7703	522	0.0559	922277	98.7696	16838	1.8032	5349	31.7674	4849	28.7980	6399	38.0033	5687	33.7748	23579	66.5550	34404	46.8172	0.9827
ESO1242801120S1K	stools_12118150	na	EST1361007101S1K_k141_55499	1590441	832107	52.3193	831760	99.9583	821573	98.7752	347	0.0417	821917	98.7754	15256	1.8334	5066	33.2066	4722	30.9518	5582	36.5889	4997	32.7543	23579	78.6929	33835	48.3878	0.9852
ESO1242805120S1K	stools_11001501	na	EST1361007101S1K_k141_55499	1590441	135211	8.5015	135190	99.9845	133496	98.7469	21	0.0155	133517	98.7471	2487	1.8393	793	31.8858	772	31.0414	819	32.9312	898	36.1078	23444	47.9995	29031	46.6949	0.9810
ESO1242805120S1K	stools_11009101	na	EST1361007101S1K_k141_55499	1590441	591776	37.2083	591168	99.8973	583940	98.7773	608	0.1027	584540	98.7772	11145	1.8833	3909	35.0740	3323	29.8161	3580	32.1220	4201	37.6940	23444	100.0000	35313	52.2839	0.9925
ESO1242805120S1K	stools_11009150	na	EST1361007101S1K_k141_55499	1590441	407002	25.5905	406898	99.9744	401902	98.7722	104	0.0256	402004	98.7720	7241	1.7791	2243	30.9764	2148	29.6644	2509	34.6499	2614	36.1000	23444	100.0000	26250	73.9162	0.9931
ESO1242805120S1K	stools_11010101	na	EST1361007101S1K_k141_55499	1590441	535547	33.6729	535332	99.9599	528703	98.7617	215	0.0401	528916	98.7618	9798	1.8295	3167	32.3229	2971	30.3225	3288	33.5579	3573	36.4666	23444	52.0005	24361	45.6755	0.9871
ESO1242805120S1K	stools_11011101	na	EST1361007101S1K_k141_55499	1590441	377605	23.7422	376346	99.6666	372080	98.8665	1259	0.3334	373326	98.8668	7448	1.9724	3169	42.5483	1924	25.8324	2301	30.8942	2944	39.5274	23444	100.0000	21904	76.7896	0.9958
ESO1242805120S1K	stools_11021101	na	EST1361007101S1K_k141_55499	1590441	189478	11.9136	189426	99.9726	187401	98.9310	52	0.0274	187452	98.9307	3105	1.6387	1079	34.7504	1028	33.1079	1038	33.4300	1043	33.5910	23444	52.0005	9053	100.0000	0.9909
ESO1242805120S1K	stools_11022101	na	EST1361007101S1K_k141_55499	1590441	540325	33.9733	540205	99.9778	533405	98.7412	120	0.0222	533521	98.7408	10058	1.8615	3254	32.3524	3138	31.1990	3327	33.0781	3643	36.2199	23444	100.0000	31063	61.8002	0.9930
ESO1242805120S1K	stools_11035101	na	EST1361007101S1K_k141_55499	1590441	561635	35.3132	560653	99.8252	554087	98.8289	982	0.1748	555053	98.8281	10679	1.9014	4097	38.3650	3137	29.3754	3349	31.3606	4205	39.3763	23444	52.0005	17889	43.5910	0.9901
ESO1242805120S1K	stools_11036101	na	EST1361007101S1K_k141_55499	1590441	336381	21.1502	335423	99.7152	331823	98.9267	958	0.2848	332775	98.9280	5734	1.7046	2128	37.1120	1177	20.5267	2227	38.8385	2154	37.5654	23444	47.9995	12958	60.4723	0.9901
ESO1242805120S1K	stools_11055101	na	EST1361007101S1K_k141_55499	1590441	414933	26.0892	414730	99.9511	410059	98.8737	203	0.0489	410261	98.8740	7056	1.7005	2384	33.7868	2182	30.9240	2543	36.0402	2335	33.0924	23444	47.9995	21797	51.0575	0.9922
ESO1242805120S1K	stools_11106501	na	EST1361007101S1K_k141_55499	1590441	171658	10.7931	171607	99.9703	169519	98.7833	51	0.0297	169569	98.7830	2930	1.7069	841	28.7031	792	27.0307	1154	39.3857	992	33.8567	23444	0.0000	0	0.0000	0.9853
ESO1242805120S1K	stools_11107101	na	EST1361007101S1K_k141_55499	1590441	551896	34.7008	551679	99.9607	544770	98.7476	217	0.0393	544983	98.7474	10180	1.8446	3267	32.0923	3064	30.0982	3473	34.1159	3673	36.0806	23444	100.0000	38847	55.4226	0.9945
ESO1242805120S1K	stools_12089102	na	EST1361007101S1K_k141_55499	1590441	412141	25.9136	411863	99.9325	406893	98.7933	278	0.0675	407171	98.7941	7471	1.8127	2501	33.4761	2223	29.7551	2518	33.7037	2758	36.9161	23444	100.0000	22393	100.0000	0.9991
ESO1242805120S1K	stools_12091101	na	EST1361007101S1K_k141_55499	1590441	523859	32.9380	523562	99.9433	516848	98.7176	297	0.0567	517138	98.7170	9956	1.9005	3235	32.4930	2950	29.6304	3227	32.4126	3800	38.1679	23444	52.0005	29751	35.0240	0.9832
ESO1242805120S1K	stools_12091150	na	EST1361007101S1K_k141_55499	1590441	551688	34.6877	551087	99.8911	544285	98.7657	601	0.1089	544877	98.7654	10423	1.8893	3612	34.6541	3026	29.0319	3309	31.7471	4115	39.4800	23444	52.0005	29767	34.9111	0.9831
ESO1242805120S1K	stools_12095102	na	EST1361007101S1K_k141_55499	1590441	480222	30.1943	480110	99.9767	474413	98.8134	112	0.0233	474519	98.8124	8538	1.7779	2835	33.2045	2729	31.9630	2824	33.0757	3005	35.1956	23444	100.0000	43657	41.7528	0.9834
ESO1242805120S1K	stools_12096102	na	EST1361007101S1K_k141_55499	1590441	345973	21.7533	345830	99.9587	341425	98.7263	143	0.0413	341564	98.7256	6247	1.8056	1838	29.4221	1699	27.1971	2149	34.4005	2437	39.0107	23444	100.0000	33786	63.8223	0.9942
ESO1242805120S1K	stools_12101102	na	EST1361007101S1K_k141_55499	1590441	555548	34.9304	555437	99.9800	548716	98.7900	111	0.0200	548823	98.7895	9866	1.7759	3141	31.8366	3045	30.8636	3375	34.2084	3495	35.4247	23444	100.0000	42310	51.7892	0.9893
ESO1242805120S1K	stools_12117101	na	EST1361007101S1K_k141_55499	1590441	318835	20.0470	318633	99.9366	314572	98.7255	202	0.0634	314771	98.7254	6069	1.9035	2005	33.0367	1806	29.7578	1924	31.7021	2370	39.0509	23444	100.0000	34136	64.0878	0.9944
ESO1242805120S1K	stools_12118101	na	EST1361007101S1K_k141_55499	1590441	391116	24.5917	391041	99.9808	386244	98.7733	75	0.0192	386315	98.7725	6737	1.7225	1936	28.7368	1865	27.6829	2410	35.7726	2493	37.0046	23444	100.0000	34404	62.4433	0.9942
ESO1242805120S1K	stools_12118150	na	EST1361007101S1K_k141_55499	1590441	418007	26.2825	417927	99.9809	414353	99.1448	80	0.0191	414433	99.1450	6566	1.5708	2992	45.5681	2912	44.3497	1823	27.7642	1834	27.9318	23444	100.0000	33835	66.4962	0.9990
ESO1247101120S1K	stools_11001501	na	EST1361007101S1K_k141_55499	1590441	247006	15.5307	246947	99.9761	243876	98.7564	59	0.0239	243934	98.7563	4423	1.7906	1351	30.5449	1293	29.2336	1401	31.6753	1748	39.5207	39680	58.9793	29031	100.0000	0.9817
ESO1247101120S1K	stools_11009101	na	EST1361007101S1K_k141_55499	1590441	1216407	76.4824	1214873	99.8739	1199236	98.7129	1534	0.1261	1200738	98.7119	23391	1.9230	7722	33.0127	6254	26.7368	7216	30.8495	9828	42.0162	39680	85.9904	35313	100.0000	0.9953
ESO1247101120S1K	stools_11009150	na	EST1361007101S1K_k141_55499	1590441	761559	47.8835	761270	99.9621	751580	98.7271	289	0.0379	751864	98.7270	13860	1.8200	4165	30.0505	3883	28.0159	4492	32.4098	5546	40.0144	39680	60.5469	26250	100.0000	0.9984
ESO1247101120S1K	stools_11010101	na	EST1361007101S1K_k141_55499	1590441	1060083	66.6534	1059554	99.9501	1046086	98.7289	529	0.0499	1046604	98.7285	19436	1.8334	5957	30.6493	5443	28.0047	6317	32.5015	7792	40.0906	39680	28.3241	24361	66.6311	0.9737
ESO1247101120S1K	stools_11011101	na	EST1361007101S1K_k141_55499	1590441	847436	53.2831	844640	99.6701	834687	98.8216	2796	0.3299	837453	98.8220	16491	1.9460	6508	39.4640	3742	22.6912	5143	31.1867	7088	42.9810	39680	56.1190	21904	100.0000	0.9852
ESO1247101120S1K	stools_11021101	na	EST1361007101S1K_k141_55499	1590441	365907	23.0066	365745	99.9557	361311	98.7877	162	0.0443	361470	98.7874	6412	1.7524	1975	30.8016	1816	28.3219	2142	33.4061	2476	38.6151	39680	15.5771	9053	100.0000	0.9874
ESO1247101120S1K	stools_11022101	na	EST1361007101S1K_k141_55499	1590441	1148389	72.2057	1147914	99.9586	1132802	98.6835	475	0.0414	1133263	98.6829	21665	1.8866	6539	30.1823	6083	28.0775	6960	32.1255	8723	40.2631	39680	73.2939	31063	100.0000	0.9915
ESO1247101120S1K	stools_11035101	na	EST1361007101S1K_k141_55499	1590441	1138084	71.5578	1136016	99.8183	1121623	98.7330	2068	0.1817	1123667	98.7332	22167	1.9477	7750	34.9619	5712	25.7680	6780	30.5860	9711	43.8084	39680	41.0207	17889	100.0000	0.9839
ESO1247101120S1K	stools_11036101	na	EST1361007101S1K_k141_55499	1590441	663602	41.7244	661797	99.7280	654559	98.9063	1805	0.2720	656347	98.9067	11174	1.6838	3919	35.0725	2131	19.0711	4367	39.0818	4372	39.1265	39680	40.5418	12958	100.0000	0.9830
ESO1247101120S1K	stools_11055101	na	EST1361007101S1K_k141_55499	1590441	887340	55.7921	886648	99.9220	875638	98.7582	692	0.0780	876315	98.7575	15562	1.7538	4537	29.1544	3860	24.8040	5622	36.1265	6109	39.2559	39680	54.5514	21797	100.0000	0.9881
ESO1247101120S1K	stools_11106501	na	EST1361007101S1K_k141_55499	1590441	311433	19.5816	311348	99.9727	307590	98.7930	85	0.0273	307674	98.7930	5295	1.7002	1536	29.0085	1458	27.5354	1978	37.3560	1880	35.5052	39680	0.0000	0	0.0000	0.9931
ESO1247101120S1K	stools_11107101	na	EST1361007101S1K_k141_55499	1590441	1172708	73.7348	1171929	99.9336	1158678	98.8693	779	0.0664	1159438	98.8684	21217	1.8092	7947	37.4558	7189	33.8832	6084	28.6751	8006	37.7339	39680	87.3034	38847	100.0000	0.9937
ESO1247101120S1K	stools_12089102	na	EST1361007101S1K_k141_55499	1590441	780127	49.0510	779558	99.9271	769729	98.7392	569	0.0729	770290	98.7391	14117	1.8096	4280	30.3181	3719	26.3441	4595	32.5494	5881	41.6590	39680	43.3720	22393	100.0000	0.9888
ESO1247101120S1K	stools_12091101	na	EST1361007101S1K_k141_55499	1590441	1127157	70.8707	1126240	99.9186	1111334	98.6765	917	0.0814	1112224	98.6752	21779	1.9322	6846	31.4340	5960	27.3658	6643	30.5019	9241	42.4308	39680	46.7616	29751	76.7638	0.9784
ESO1247101120S1K	stools_12091150	na	EST1361007101S1K_k141_55499	1590441	1114985	70.1054	1113694	99.8842	1099395	98.7161	1291	0.1158	1100662	98.7154	21348	1.9146	7025	32.9071	5760	26.9815	6405	30.0028	9298	43.5544	39680	46.7616	29767	76.7965	0.9783
ESO1247101120S1K	stools_12095102	na	EST1361007101S1K_k141_55499	1590441	927424	58.3124	927061	99.9609	915294	98.7307	363	0.0391	915645	98.7299	16766	1.8078	4987	29.7447	4637	27.6572	5454	32.5301	6757	40.3018	39680	70.1285	43657	66.7568	0.9764
ESO1247101120S1K	stools_12096102	na	EST1361007101S1K_k141_55499	1590441	749411	47.1197	748910	99.9331	738958	98.6711	501	0.0669	739441	98.6696	13710	1.8294	3740	27.2794	3258	23.7637	4923	35.9081	5613	40.9409	39680	73.2939	33786	100.0000	0.9897
ESO1247101120S1K	stools_12101102	na	EST1361007101S1K_k141_55499	1590441	1107414	69.6294	1107026	99.9650	1092998	98.7328	388	0.0350	1093371	98.7319	20116	1.8165	6073	30.1899	5702	28.3456	6540	32.5114	7997	39.7544	39680	73.2939	42310	81.0116	0.9841
ESO1247101120S1K	stools_12117101	na	EST1361007101S1K_k141_55499	1590441	726273	45.6649	725625	99.9108	715752	98.6394	648	0.0892	716371	98.6366	14083	1.9391	4181	29.6883	3563	25.3000	4640	32.9475	5958	42.3063	39680	73.2939	34136	100.0000	0.9894
ESO1247101120S1K	stools_12118101	na	EST1361007101S1K_k141_55499	1590441	833559	52.4106	833228	99.9603	822307	98.6893	331	0.0397	822626	98.6884	14748	1.7693	3815	25.8679	3496	23.7049	5465	37.0559	5868	39.7884	39680	73.2939	34404	100.0000	0.9892
ESO1247101120S1K	stools_12118150	na	EST1361007101S1K_k141_55499	1590441	765828	48.1519	765572	99.9666	756186	98.7740	256	0.0334	756438	98.7739	13460	1.7576	4070	30.2377	3818	28.3655	4557	33.8559	5150	38.2615	39680	57.3816	33835	84.0372	0.9886
ESO1247106120S1K	stools_11006101	na	ESO1212705120S1K_k141_16	1917768	564329	29.4263	564104	99.9601	551580	97.7798	225	0.0399	551802	97.7802	18441	3.2678	5914	32.0698	5695	30.8823	6315	34.2443	6561	35.5783	32419	56.5995	49293	39.3910	0.9759
ESO1247106120S1K	stools_11015101	na	ESO1212705120S1K_k141_16	1917768	1068472	55.7144	1059228	99.1348	1038476	98.0408	9244	0.8652	1047561	98.0429	40361	3.7775	19450	48.1901	10382	25.7229	11379	28.1931	16513	40.9133	32419	100.0000	28481	100.0000	0.9952
ESO1247106120S1K	stools_11015501	na	ESO1212705120S1K_k141_16	1917768	1030751	53.7474	1023632	99.3093	1002930	97.9776	7119	0.6907	1009942	97.9812	38099	3.6962	17290	45.3818	10284	26.9928	11165	29.3052	15141	39.7412	32419	100.0000	34311	85.0048	0.9953
ESO1247106120S1K	stools_11025101	na	ESO1212705120S1K_k141_16	1917768	931871	48.5914	931453	99.9551	910129	97.7107	418	0.0449	910532	97.7101	31755	3.4077	10416	32.8011	10022	31.5604	10588	33.3428	11365	35.7896	32419	100.0000	65594	44.2190	0.9810
ESO1247106120S1K	stools_11025102	na	ESO1212705120S1K_k141_16	1917768	873013	45.5223	872618	99.9548	852983	97.7499	395	0.0452	853368	97.7497	29448	3.3731	9803	33.2892	9433	32.0327	9729	33.0379	10453	35.4965	32419	69.4747	61221	30.2821	0.9726
ESO1247106120S1K	stools_11030150	na	ESO1212705120S1K_k141_16	1917768	1012173	52.7787	1010882	99.8725	987808	97.7174	1291	0.1275	989060	97.7165	34080	3.3670	10967	32.1802	9721	28.5241	12743	37.3914	11833	34.7212	32419	0.0000	13220	0.0000	0.9789
ESO1247106120S1K	stools_11030501	na	ESO1212705120S1K_k141_16	1917768	1069213	55.7530	1067692	99.8577	1042788	97.6675	1521	0.1423	1044254	97.6657	36928	3.4538	11969	32.4117	10503	28.4418	13578	36.7688	13091	35.4501	32419	0.0000	13103	0.0000	0.9789
ESO1247106120S1K	stools_11031101	na	ESO1212705120S1K_k141_16	1917768	1032401	53.8335	1031566	99.9191	1006397	97.5601	835	0.0809	1007191	97.5581	37377	3.6204	12167	32.5521	11376	30.4358	11977	32.0438	14297	38.2508	32419	56.5995	13723	100.0000	0.9901
ESO1247106120S1K	stools_11031150	na	ESO1212705120S1K_k141_16	1917768	940885	49.0615	940321	99.9401	916658	97.4835	564	0.0599	917193	97.4819	34903	3.7096	11211	32.1204	10684	30.6105	11091	31.7766	13406	38.4093	32419	77.4361	18970	100.0000	0.9901
ESO1247106120S1K	stools_11031501	na	ESO1212705120S1K_k141_16	1917768	914306	47.6755	913826	99.9475	890883	97.4893	480	0.0525	891335	97.4876	33850	3.7023	10879	32.1388	10428	30.8065	10678	31.5451	13006	38.4225	32419	56.5995	13708	100.0000	0.9901
ESO1247106120S1K	stools_11035101	na	ESO1212705120S1K_k141_16	1917768	949036	49.4865	948254	99.9176	924585	97.5039	782	0.0824	925323	97.5014	35022	3.6903	11309	32.2911	10578	30.2039	11116	31.7400	13555	38.7042	32419	56.5995	13728	100.0000	0.9901
ESO1247106120S1K	stools_11037101	na	ESO1212705120S1K_k141_16	1917768	986991	51.4656	986444	99.9446	962743	97.5973	547	0.0554	963274	97.5970	34942	3.5403	11225	32.1247	10699	30.6193	11720	33.5413	12763	36.5262	32419	79.1635	53610	42.3634	0.9812
ESO1247106120S1K	stools_11038501	na	ESO1212705120S1K_k141_16	1917768	1038661	54.1599	1037864	99.9233	1013304	97.6336	797	0.0767	1014073	97.6327	36598	3.5236	12010	32.8160	11261	30.7694	12041	32.9007	13514	36.9255	32419	56.5995	22657	77.9185	0.9921
ESO1247106120S1K	stools_11055150	na	ESO1212705120S1K_k141_16	1917768	657366	34.2777	656729	99.9031	641211	97.6371	637	0.0969	641836	97.6375	22833	3.4734	7303	31.9844	6682	29.2647	7879	34.5071	8397	36.7757	32419	77.4361	39382	59.7354	0.9866
ESO1247106120S1K	stools_12062150	na	ESO1212705120S1K_k141_16	1917768	1003652	52.3344	1002883	99.9234	978264	97.5452	769	0.0766	978988	97.5426	36540	3.6407	11876	32.5014	11159	30.5391	11755	32.1702	13900	38.0405	32419	56.5995	23195	75.9043	0.9892
ESO1247106120S1K	stools_12120101	na	ESO1212705120S1K_k141_16	1917768	971503	50.6580	970847	99.9325	945561	97.3955	656	0.0675	946175	97.3929	36696	3.7772	11368	30.9789	10761	29.3247	11370	30.9843	14799	40.3286	32419	0.0000	0	0.0000	0.9831
ESO1247203120S1K	stools_11001501	na	EST1361007101S1K_k141_55499	1590441	176380	11.0900	175952	99.7573	173862	98.8122	428	0.2427	174287	98.8134	3144	1.7825	1051	33.4288	626	19.9109	1152	36.6412	1293	41.1260	21879	51.8671	29031	53.3051	0.9817
ESO1247203120S1K	stools_11009101	na	EST1361007101S1K_k141_55499	1590441	893165	56.1583	890194	99.6674	879159	98.7604	2971	0.3326	882087	98.7597	17533	1.9630	6455	36.8163	3553	20.2646	6131	34.9683	7400	42.2061	21879	71.6440	35313	40.9509	0.9823
ESO1247203120S1K	stools_11009150	na	EST1361007101S1K_k141_55499	1590441	546822	34.3818	545455	99.7500	538987	98.8142	1367	0.2500	540340	98.8146	9971	1.8234	3489	34.9915	2138	21.4422	3699	37.0976	3912	39.2338	21879	71.6440	26250	57.9467	0.9831
ESO1247203120S1K	stools_11010101	na	EST1361007101S1K_k141_55499	1590441	772580	48.5765	770640	99.7489	761372	98.7974	1940	0.2511	763282	98.7965	14306	1.8517	5008	35.0063	3106	21.7112	5257	36.7468	5643	39.4450	21879	48.1329	24361	45.6755	0.9841
ESO1247203120S1K	stools_11011101	na	NZ_CP049075.1	1754511	567624	32.3523	564671	99.4798	558151	98.8453	2953	0.5202	561073	98.8459	11760	2.0718	5209	44.2942	2359	20.0595	3910	33.2483	5010	42.6020	92201	79.0111	96400	72.3755	0.9707
ESO1247203120S1K	stools_11011101	na	EST1361007101S1K_k141_55499	1590441	646149	40.6270	642871	99.4927	635633	98.8741	3278	0.5073	638880	98.8750	13039	2.0180	5770	44.2519	2596	19.9095	4419	33.8906	5509	42.2502	21879	48.1329	21904	40.4401	0.9835
ESO1247203120S1K	stools_11021101	na	EST1361007101S1K_k141_55499	1590441	266374	16.7484	265708	99.7500	262510	98.7964	666	0.2500	263169	98.7968	4902	1.8403	1697	34.6185	1042	21.2566	1882	38.3925	1880	38.3517	21879	48.1329	9053	100.0000	0.9986
ESO1247203120S1K	stools_11022101	na	EST1361007101S1K_k141_55499	1590441	822718	51.7289	820810	99.7681	810783	98.7784	1908	0.2319	812668	98.7784	15212	1.8490	5162	33.9337	3279	21.5554	5504	36.1820	6116	40.2051	21879	71.6440	31063	48.8781	0.9823
ESO1247203120S1K	stools_11035101	na	EST1361007101S1K_k141_55499	1590441	821977	51.6823	818836	99.6179	809083	98.8089	3141	0.3821	812195	98.8099	16080	1.9563	6298	39.1667	3199	19.8943	5571	34.6455	6952	43.2338	21879	48.1329	17889	43.5910	0.9879
ESO1247203120S1K	stools_11036101	na	NZ_CP049075.1	1754511	513099	29.2446	510810	99.5539	505738	99.0071	2289	0.4461	508002	99.0066	9107	1.7749	4010	44.0321	1784	19.5893	3679	40.3975	3290	36.1261	92201	73.5100	73977	92.5220	0.9806
ESO1247203120S1K	stools_11036101	na	EST1361007101S1K_k141_55499	1590441	536070	33.7057	533385	99.4991	528427	99.0705	2685	0.5009	531094	99.0718	9320	1.7386	4344	46.6094	1754	18.8197	3689	39.5815	3453	37.0494	21879	0.0000	12958	0.0000	0.9781
ESO1247203120S1K	stools_11042501	na	NZ_CP049075.1	1754511	875712	49.9120	873127	99.7048	862612	98.7957	2585	0.2952	865166	98.7957	15985	1.8254	5439	34.0256	2904	18.1670	7131	44.6106	5701	35.6647	92201	72.7009	114886	64.1549	0.9566
ESO1247203120S1K	stools_11055101	na	NZ_CP049075.1	1754511	694794	39.6004	692760	99.7073	684694	98.8357	2034	0.2927	686691	98.8338	13039	1.8767	4936	37.8557	2951	22.6321	5043	38.6763	4736	36.3218	92201	40.3401	39270	100.0000	0.9666
ESO1247203120S1K	stools_11055101	na	EST1361007101S1K_k141_55499	1590441	706445	44.4182	704449	99.7175	696352	98.8506	1996	0.2825	698315	98.8492	12858	1.8201	4728	36.7709	2770	21.5430	5015	39.0030	4817	37.4631	21879	28.3560	21797	25.1594	0.9794
ESO1247203120S1K	stools_11106501	na	EST1361007101S1K_k141_55499	1590441	236413	14.8646	235835	99.7555	233229	98.8950	578	0.2445	233804	98.8964	4080	1.7258	1471	36.0539	896	21.9608	1694	41.5196	1400	34.3137	21879	0.0000	0	0.0000	0.9934
ESO1247203120S1K	stools_11107101	na	EST1361007101S1K_k141_55499	1590441	848473	53.3483	846250	99.7380	835729	98.7568	2223	0.2620	837924	98.7567	16133	1.9014	5584	34.6123	3401	21.0810	5822	36.0875	6565	40.6930	21879	100.0000	38847	58.9466	0.9872
ESO1247203120S1K	stools_12089102	na	EST1361007101S1K_k141_55499	1590441	558844	35.1377	557278	99.7198	550532	98.7895	1566	0.2802	552080	98.7896	10302	1.8434	3538	34.3428	1990	19.3166	3800	36.8860	4306	41.7977	21879	48.1329	22393	49.0019	0.9886
ESO1247203120S1K	stools_12091101	na	EST1361007101S1K_k141_55499	1590441	841452	52.9068	839133	99.7244	833444	99.3220	2319	0.2756	835742	99.3214	13871	1.6485	8161	58.8350	5891	42.4699	3349	24.1439	3980	28.6930	21879	100.0000	29751	76.7638	0.9941
ESO1247203120S1K	stools_12091150	na	EST1361007101S1K_k141_55499	1590441	824276	51.8269	821679	99.6849	816211	99.3345	2597	0.3151	818780	99.3332	13614	1.6516	8118	59.6298	5571	40.9211	3298	24.2251	4147	30.4613	21879	100.0000	29767	76.7965	0.9941
ESO1247203120S1K	stools_12095102	na	EST1361007101S1K_k141_55499	1590441	670734	42.1728	669114	99.7585	661395	98.8464	1620	0.2415	662989	98.8453	12099	1.8038	4354	35.9864	2766	22.8614	4369	36.1104	4679	38.6726	21879	76.4889	43657	40.2433	0.9790
ESO1247203120S1K	stools_12096102	na	NZ_CP049075.1	1754511	669376	38.1517	667561	99.7289	659336	98.7679	1815	0.2711	661127	98.7677	12716	1.8997	4467	35.1290	2701	21.2410	5168	40.6417	4639	36.4816	92201	59.6111	64235	100.0000	0.9721
ESO1247203120S1K	stools_12096102	na	EST1361007101S1K_k141_55499	1590441	588064	36.9749	586441	99.7240	579527	98.8210	1623	0.2760	581130	98.8209	10764	1.8304	3830	35.5816	2228	20.6986	4086	37.9599	4226	39.2605	21879	71.6440	33786	51.9091	0.9843
ESO1247203120S1K	stools_12101102	na	EST1361007101S1K_k141_55499	1590441	799738	50.2840	797825	99.7608	788024	98.7715	1913	0.2392	789917	98.7720	14717	1.8402	4896	33.2676	3003	20.4050	5444	36.9912	5970	40.5653	21879	71.6440	42310	42.3304	0.9791
ESO1247203120S1K	stools_12117101	na	NZ_CP049075.1	1754511	605591	34.5162	603968	99.7320	595922	98.6678	1623	0.2680	597517	98.6668	12357	2.0405	4283	34.6605	2709	21.9228	4588	37.1288	4859	39.3218	92201	59.6111	58118	100.0000	0.9692
ESO1247203120S1K	stools_12117101	na	EST1361007101S1K_k141_55499	1590441	554213	34.8465	552738	99.7339	545901	98.7631	1475	0.2661	547359	98.7633	10620	1.9162	3766	35.4614	2309	21.7420	3713	34.9623	4370	41.1488	21879	71.6440	34136	52.5105	0.9841
ESO1247203120S1K	stools_12118101	na	NZ_CP049075.1	1754511	694674	39.5936	692908	99.7458	684643	98.8072	1766	0.2542	686387	98.8071	12619	1.8165	4332	34.3292	2600	20.6039	5218	41.3503	4552	36.0726	92201	59.6111	99533	64.3174	0.9514
ESO1247203120S1K	stools_12118101	na	EST1361007101S1K_k141_55499	1590441	650400	40.8943	648833	99.7591	641247	98.8308	1567	0.2409	642800	98.8315	11592	1.7823	3992	34.4375	2440	21.0490	4469	38.5524	4426	38.1815	21879	71.6440	34404	50.9824	0.9839
ESO1247203120S1K	stools_12118150	na	EST1361007101S1K_k141_55499	1590441	549294	34.5372	547946	99.7546	541616	98.8448	1348	0.2454	542952	98.8454	9790	1.7823	3448	35.2196	2112	21.5730	3757	38.3759	3685	37.6404	21879	76.4889	33835	49.9660	0.9885
ESO1247206120S1K	stools_11001501	na	EST1361007101S1K_k141_55499	1590441	221635	13.9354	220480	99.4789	218156	98.9459	1155	0.5211	219301	98.9469	4246	1.9158	1912	45.0306	767	18.0641	1537	36.1988	1652	38.9072	15049	0.0000	29031	0.0000	0.9817
ESO1247206120S1K	stools_11006101	na	ESO1212705120S1K_k141_16	1917768	718287	37.4543	717739	99.9237	700669	97.6217	548	0.0763	701205	97.6218	25749	3.5848	8667	33.6596	8132	31.5818	9352	36.3199	8361	32.4712	7651	100.0000	49293	16.7711	0.9782
ESO1247206120S1K	stools_11009101	na	EST1361007101S1K_k141_55499	1590441	1144607	71.9679	1136681	99.3075	1124661	98.9425	7926	0.6925	1132488	98.9412	24237	2.1175	12118	49.9979	4406	18.1788	8952	36.9353	9147	37.7398	15049	100.0000	35313	36.0490	0.9842
ESO1247206120S1K	stools_11009150	na	EST1361007101S1K_k141_55499	1590441	674529	42.4114	670532	99.4074	663690	98.9796	3997	0.5926	667647	98.9797	13339	1.9775	6457	48.4069	2507	18.7945	5126	38.4287	4673	35.0326	15049	66.5160	26250	31.8629	0.9875
ESO1247206120S1K	stools_11010101	na	EST1361007101S1K_k141_55499	1590441	972957	61.1753	967119	99.4000	958575	99.1166	5838	0.6000	964375	99.1179	18404	1.8916	9822	53.3688	4037	21.9354	6688	36.3399	5916	32.1452	15049	100.0000	24361	66.6311	0.9941
ESO1247206120S1K	stools_11011101	na	NZ_CP049075.1	1754511	740189	42.1878	733436	99.0877	726738	99.0868	6753	0.9123	733426	99.0863	16206	2.1894	9443	58.2685	3068	18.9313	5699	35.1660	6052	37.3442	71077	100.0000	96400	69.1183	0.9745
ESO1247206120S1K	stools_11011101	na	EST1361007101S1K_k141_55499	1590441	852544	53.6043	845229	99.1420	837209	99.0511	7315	0.8580	844457	99.0514	18324	2.1493	10237	55.8666	3329	18.1674	6725	36.7005	6814	37.1862	15049	100.0000	21904	63.6505	0.9942
ESO1247206120S1K	stools_11015101	na	ESO1212705120S1K_k141_16	1917768	1481707	77.2621	1466790	98.9933	1434108	97.7719	14917	1.0067	1448719	97.7736	64027	4.3212	31039	48.4780	16619	25.9562	19989	31.2196	23823	37.2077	7651	100.0000	28481	26.9127	0.9891
ESO1247206120S1K	stools_11015501	na	ESO1212705120S1K_k141_16	1917768	1430160	74.5742	1418946	99.2159	1386493	97.7129	11214	0.7841	1397461	97.7136	59934	4.1907	27235	45.4417	16396	27.3568	19452	32.4557	21635	36.0980	7651	100.0000	34311	22.4738	0.9860
ESO1247206120S1K	stools_11021101	na	EST1361007101S1K_k141_55499	1590441	337301	21.2080	335322	99.4133	332229	99.0776	1979	0.5867	334195	99.0792	6372	1.8891	3266	51.2555	1312	20.5901	2460	38.6064	2066	32.4231	15049	66.5160	9053	100.0000	0.9990
ESO1247206120S1K	stools_11022101	na	EST1361007101S1K_k141_55499	1590441	1062732	66.8200	1056318	99.3965	1045320	98.9588	6414	0.6035	1051663	98.9584	21472	2.0205	10403	48.4491	4074	18.9735	8124	37.8353	7651	35.6325	15049	100.0000	31063	43.3989	0.9875
ESO1247206120S1K	stools_11025101	na	ESO1212705120S1K_k141_16	1917768	1225489	63.9018	1224319	99.9045	1194048	97.5275	1170	0.0955	1195166	97.5256	46276	3.7761	15953	34.4736	14859	32.1095	16543	35.7486	15080	32.5871	7651	100.0000	65594	12.4524	0.9697
ESO1247206120S1K	stools_11025102	na	ESO1212705120S1K_k141_16	1917768	1140209	59.4550	1139244	99.9154	1111275	97.5450	965	0.0846	1112185	97.5422	42606	3.7367	14582	34.2252	13677	32.1011	15391	36.1240	13763	32.3030	7651	100.0000	61221	12.5659	0.9720
ESO1247206120S1K	stools_11030150	na	ESO1212705120S1K_k141_16	1917768	1362301	71.0358	1359851	99.8202	1324930	97.4320	2450	0.1798	1327278	97.4291	51929	3.8119	16906	32.5560	14567	28.0518	21552	41.5028	16087	30.9788	7651	0.0000	13220	0.0000	0.9891
ESO1247206120S1K	stools_11030501	na	ESO1212705120S1K_k141_16	1917768	1466285	76.4579	1463275	99.7947	1424796	97.3704	3010	0.2053	1427669	97.3664	57547	3.9247	18931	32.8966	16102	27.9806	23522	40.8744	18271	31.7497	7651	0.0000	13103	0.0000	0.9892
ESO1247206120S1K	stools_11031101	na	ESO1212705120S1K_k141_16	1917768	1482202	77.2879	1479618	99.8257	1468313	99.2360	2584	0.1743	1470871	99.2355	47496	3.2044	36165	76.1433	33910	71.3955	6551	13.7927	6507	13.7001	7651	100.0000	13723	55.7385	0.9968
ESO1247206120S1K	stools_11031150	na	ESO1212705120S1K_k141_16	1917768	1411203	73.5857	1409065	99.8485	1398105	99.2222	2138	0.1515	1400215	99.2214	46117	3.2679	35129	76.1736	33360	72.3377	6359	13.7888	5849	12.6830	7651	100.0000	18970	40.5271	0.9941
ESO1247206120S1K	stools_11031501	na	ESO1212705120S1K_k141_16	1917768	1392745	72.6232	1390573	99.8440	1379746	99.2214	2172	0.1560	1381892	99.2207	45694	3.2809	34841	76.2485	33043	72.3137	6287	13.7589	5836	12.7719	7651	100.0000	13708	55.7412	0.9968
ESO1247206120S1K	stools_11035101	na	ESO1212705120S1K_k141_16	1917768	1431658	74.6523	1428969	99.8122	1416962	99.1597	2689	0.1878	1419609	99.1584	47505	3.3182	35456	74.6364	33273	70.0410	7053	14.8469	6605	13.9038	7651	100.0000	13728	55.8057	0.9968
ESO1247206120S1K	stools_11035101	na	EST1361007101S1K_k141_55499	1590441	1049088	65.9621	1041516	99.2782	1031221	99.0115	7572	0.7218	1038736	99.0132	21728	2.0711	11376	52.3564	3923	18.0550	7952	36.5979	8281	38.1121	15049	100.0000	17889	71.9772	0.9954
ESO1247206120S1K	stools_11036101	na	NZ_CP049075.1	1754511	583258	33.2433	578386	99.1647	574246	99.2842	4872	0.8353	579090	99.2854	10852	1.8606	6684	61.5923	2058	18.9642	4585	42.2503	3212	29.5982	71077	44.5010	73977	43.1621	0.9525
ESO1247206120S1K	stools_11036101	na	EST1361007101S1K_k141_55499	1590441	646029	40.6195	640490	99.1426	635887	99.2813	5539	0.8574	641395	99.2827	12017	1.8601	7383	61.4380	2093	17.4170	5168	43.0057	3630	30.2072	15049	33.4840	12958	39.5277	0.9856
ESO1247206120S1K	stools_11037101	na	ESO1212705120S1K_k141_16	1917768	1352005	70.4989	1350291	99.8732	1315097	97.3936	1714	0.1268	1316730	97.3909	53728	3.9739	18453	34.3452	16856	31.3728	19643	36.5601	17472	32.5194	7651	100.0000	53610	14.2753	0.9759
ESO1247206120S1K	stools_11038501	na	ESO1212705120S1K_k141_16	1917768	1448623	75.5369	1446466	99.8511	1422445	98.3393	2157	0.1489	1424534	98.3371	50798	3.5066	26709	52.5788	24697	48.6181	13619	26.8101	12239	24.0935	7651	100.0000	22657	34.1087	0.9921
ESO1247206120S1K	stools_11042501	na	NZ_CP049075.1	1754511	1102866	62.8589	1095479	99.3302	1084694	99.0155	7387	0.6698	1092013	99.0159	21759	1.9730	10906	50.1218	3617	16.6230	9934	45.6547	6881	31.6237	71077	85.4833	114886	58.1533	0.9619
ESO1247206120S1K	stools_11055101	na	NZ_CP049075.1	1754511	850537	48.4772	844456	99.2850	836563	99.0653	6081	0.7150	842590	99.0656	17184	2.0204	9237	53.7535	3256	18.9479	6946	40.4213	5499	32.0007	71077	44.5010	39270	80.2674	0.9725
ESO1247206120S1K	stools_11055101	na	EST1361007101S1K_k141_55499	1590441	889166	55.9069	883031	99.3100	874740	99.0611	6135	0.6900	880817	99.0610	17607	1.9802	9258	52.5814	3236	18.3791	7308	41.5062	5658	32.1349	15049	33.4840	21797	23.7831	0.9831
ESO1247206120S1K	stools_11055150	na	ESO1212705120S1K_k141_16	1917768	848099	44.2232	846864	99.8544	825712	97.5023	1235	0.1456	826904	97.5009	32118	3.7871	10923	34.0090	9737	30.3163	11753	36.5932	10735	33.4236	7651	100.0000	39382	19.9507	0.9834
ESO1247206120S1K	stools_11106501	na	EST1361007101S1K_k141_55499	1590441	281586	17.7049	279883	99.3952	277269	99.0660	1703	0.6048	278961	99.0678	5219	1.8534	2594	49.7030	903	17.3022	2351	45.0469	1568	30.0441	15049	0.0000	0	0.0000	0.9937
ESO1247206120S1K	stools_11107101	na	EST1361007101S1K_k141_55499	1590441	1096796	68.9618	1089948	99.3756	1078649	98.9633	6848	0.6244	1085418	98.9626	22296	2.0328	10918	48.9684	4184	18.7657	8525	38.2356	7983	35.8046	15049	100.0000	38847	40.4664	0.9848
ESO1247206120S1K	stools_12062150	na	ESO1212705120S1K_k141_16	1917768	1452028	75.7145	1449665	99.8373	1437195	99.1398	2363	0.1627	1439525	99.1389	47032	3.2391	34529	73.4160	32484	69.0679	7204	15.3172	6896	14.6624	7651	100.0000	23195	33.0890	0.9919
ESO1247206120S1K	stools_12089102	na	EST1361007101S1K_k141_55499	1590441	692613	43.5485	688385	99.3896	681496	98.9993	4228	0.6104	685685	98.9997	13520	1.9520	6592	48.7574	2404	17.7811	5200	38.4615	4937	36.5163	15049	66.5160	22393	49.0019	0.9922
ESO1247206120S1K	stools_12091101	na	EST1361007101S1K_k141_55499	1590441	1062036	66.7762	1055257	99.3617	1043420	98.8783	6779	0.6383	1050119	98.8779	22523	2.1207	10606	47.0896	3978	17.6619	8365	37.1398	8641	38.3652	15049	66.5160	29751	35.0240	0.9843
ESO1247206120S1K	stools_12091150	na	EST1361007101S1K_k141_55499	1590441	1026034	64.5125	1019251	99.3389	1008268	98.9224	6783	0.6611	1014978	98.9225	21457	2.0913	10401	48.4737	3719	17.3323	7903	36.8318	8350	38.9150	15049	66.5160	29767	34.9111	0.9842
ESO1247206120S1K	stools_12095102	na	EST1361007101S1K_k141_55499	1590441	828261	52.0774	823334	99.4051	815168	99.0082	4927	0.5949	820056	99.0094	16048	1.9376	7843	48.8721	2958	18.4322	6265	39.0391	5583	34.7894	15049	100.0000	43657	39.1117	0.9787
ESO1247206120S1K	stools_12096102	na	NZ_CP049075.1	1754511	811928	46.2766	806349	99.3129	798841	99.0689	5579	0.6871	804370	99.0691	16077	1.9801	8519	52.9887	3018	18.7722	6573	40.8845	5131	31.9152	71077	59.0177	64235	83.1665	0.9697
ESO1247206120S1K	stools_12096102	na	EST1361007101S1K_k141_55499	1590441	746110	46.9121	741166	99.3374	734012	99.0348	4944	0.6626	738906	99.0345	14863	1.9921	7659	51.5306	2774	18.6638	6043	40.6580	4934	33.1965	15049	100.0000	33786	45.7912	0.9880
ESO1247206120S1K	stools_12101102	na	EST1361007101S1K_k141_55499	1590441	1007752	63.3631	1001749	99.4043	991707	98.9976	6003	0.5957	997656	98.9982	19734	1.9582	9638	48.8396	3690	18.6987	7714	39.0899	6841	34.6661	15049	100.0000	42310	37.6129	0.9827
ESO1247206120S1K	stools_12117101	na	NZ_CP049075.1	1754511	768585	43.8062	763328	99.3160	755570	98.9837	5257	0.6840	760773	98.9836	16121	2.0975	8309	51.5415	3150	19.5397	6130	38.0249	5563	34.5078	71077	59.0177	58118	81.8060	0.9670
ESO1247206120S1K	stools_12117101	na	EST1361007101S1K_k141_55499	1590441	733572	46.1238	728616	99.3244	720993	98.9538	4956	0.6756	725892	98.9531	15504	2.1135	7824	50.4644	2936	18.9370	5906	38.0934	5495	35.4425	15049	100.0000	34136	46.4495	0.9879
ESO1247206120S1K	stools_12118101	na	NZ_CP049075.1	1754511	869517	49.5589	863814	99.3441	855666	99.0567	5703	0.6559	861318	99.0571	17117	1.9686	8918	52.1003	3309	19.3317	7015	40.9826	5428	31.7112	71077	100.0000	99533	89.3794	0.9831
ESO1247206120S1K	stools_12118101	na	EST1361007101S1K_k141_55499	1590441	828643	52.1015	823343	99.3604	815424	99.0382	5300	0.6396	820672	99.0381	16162	1.9504	8191	50.6806	2949	18.2465	6725	41.6099	5225	32.3289	15049	100.0000	34404	46.8172	0.9876
ESO1247206120S1K	stools_12118150	na	EST1361007101S1K_k141_55499	1590441	683541	42.9781	679601	99.4236	673103	99.0439	3940	0.5764	677010	99.0445	12931	1.8918	6400	49.4935	2493	19.2793	5108	39.5020	4320	33.4081	15049	66.5160	33835	32.4250	0.9849
ESO1247206120S1K	stools_12120101	na	ESO1212705120S1K_k141_16	1917768	1391614	72.5643	1389408	99.8415	1348995	97.0914	2206	0.1585	1351050	97.0851	60472	4.3455	19908	32.9210	17928	29.6468	20796	34.3895	22140	36.6120	7651	0.0000	0	0.0000	0.9960
ESO1247208120S1K	stools_11001501	na	EST1361007101S1K_k141_55499	1590441	181333	11.4014	181278	99.9697	179013	98.7505	55	0.0303	179068	98.7509	3097	1.7079	832	26.8647	777	25.0888	1006	32.4830	1334	43.0739	33966	54.1483	29031	100.0000	0.9887
ESO1247208120S1K	stools_11009101	na	EST1361007101S1K_k141_55499	1590441	944662	59.3962	943212	99.8465	930370	98.6385	1450	0.1535	931789	98.6373	18572	1.9660	5699	30.6860	4285	23.0724	6238	33.5882	8017	43.1671	33966	100.0000	35313	85.8098	0.9941
ESO1247208120S1K	stools_11009150	na	EST1361007101S1K_k141_55499	1590441	562626	35.3755	562384	99.9570	555001	98.6872	242	0.0430	555237	98.6867	10141	1.8024	2752	27.1374	2518	24.8299	3488	34.3950	4171	41.1301	33966	85.0498	26250	100.0000	0.9977
ESO1247208120S1K	stools_11010101	na	EST1361007101S1K_k141_55499	1590441	800549	50.3350	800136	99.9484	790294	98.7700	413	0.0516	790704	98.7702	14114	1.7630	4269	30.2466	3859	27.3416	4787	33.9167	5525	39.1455	33966	45.8517	24361	66.6311	0.9827
ESO1247208120S1K	stools_11011101	na	NZ_CP049075.1	1754511	670347	38.2071	667741	99.6112	659638	98.7865	2606	0.3888	662191	98.7833	13716	2.0461	5560	40.5366	3011	21.9525	4241	30.9201	6085	44.3642	135188	88.1521	96400	100.0000	0.9763
ESO1247208120S1K	stools_11011101	na	EST1361007101S1K_k141_55499	1590441	702341	44.1601	699952	99.6599	691203	98.7501	2389	0.3401	693567	98.7507	14151	2.0148	5377	37.9973	3023	21.3624	4782	33.7927	5938	41.9617	33966	78.8494	21904	100.0000	0.9923
ESO1247208120S1K	stools_11021101	na	EST1361007101S1K_k141_55499	1590441	278170	17.4901	278019	99.9457	274597	98.7691	151	0.0543	274745	98.7687	4743	1.7051	1318	27.7883	1171	24.6890	1733	36.5381	1849	38.9838	33966	30.9015	9053	100.0000	0.9916
ESO1247208120S1K	stools_11022101	na	EST1361007101S1K_k141_55499	1590441	875304	55.0353	874896	99.9534	863004	98.6408	408	0.0466	863404	98.6405	16246	1.8560	4346	26.7512	3948	24.3014	5713	35.1656	6663	41.0132	33966	100.0000	31063	100.0000	0.9974
ESO1247208120S1K	stools_11035101	na	EST1361007101S1K_k141_55499	1590441	864312	54.3442	862784	99.8232	852043	98.7551	1528	0.1768	853556	98.7555	16209	1.8754	5453	33.6418	3943	24.3260	5405	33.3457	6883	42.4641	33966	45.8517	17889	71.9772	0.9834
ESO1247208120S1K	stools_11036101	na	NZ_CP049075.1	1754511	553090	31.5239	551537	99.7192	545716	98.9446	1553	0.2808	547243	98.9428	9433	1.7055	3586	38.0155	2071	21.9548	3358	35.5984	3793	40.2099	135188	65.8557	73977	100.0000	0.9615
ESO1247208120S1K	stools_11036101	na	EST1361007101S1K_k141_55499	1590441	545213	34.2806	543662	99.7155	537686	98.9008	1551	0.2845	539219	98.9006	9383	1.7210	3389	36.1185	1856	19.7805	3676	39.1772	3583	38.1861	33966	47.9479	12958	100.0000	0.9835
ESO1247208120S1K	stools_11042501	na	NZ_CP049075.1	1754511	1019950	58.1330	1018684	99.8759	1006759	98.8294	1266	0.1241	1007984	98.8268	17423	1.7082	5457	31.3207	4244	24.3586	6901	39.6086	6342	36.4002	135188	79.8651	114886	94.8079	0.9750
ESO1247208120S1K	stools_11055101	na	NZ_CP049075.1	1754511	785873	44.7916	784845	99.8692	775053	98.7524	1028	0.1308	776044	98.7493	14315	1.8215	4486	31.3378	3522	24.6036	5062	35.3615	5718	39.9441	135188	31.2661	39270	100.0000	0.9441
ESO1247208120S1K	stools_11055101	na	EST1361007101S1K_k141_55499	1590441	747163	46.9784	746399	99.8977	736725	98.7039	764	0.1023	737466	98.7022	13791	1.8458	4094	29.6860	3359	24.3565	5181	37.5680	5256	38.1118	33966	47.9479	21797	74.8406	0.9852
ESO1247208120S1K	stools_11106501	na	EST1361007101S1K_k141_55499	1590441	239258	15.0435	239158	99.9582	236082	98.7138	100	0.0418	236179	98.7131	4116	1.7203	1037	25.1944	940	22.8377	1668	40.5248	1534	37.2692	33966	0.0000	0	0.0000	0.9864
ESO1247208120S1K	stools_11107101	na	EST1361007101S1K_k141_55499	1590441	902836	56.7664	902172	99.9265	890652	98.7231	664	0.0735	891299	98.7221	16736	1.8537	5199	31.0648	4557	27.2287	5697	34.0404	6529	39.0117	33966	100.0000	38847	85.9500	0.9954
ESO1247208120S1K	stools_12089102	na	EST1361007101S1K_k141_55499	1590441	575111	36.1605	574697	99.9280	567331	98.7183	414	0.0720	567744	98.7190	10268	1.7854	2901	28.2528	2488	24.2306	3564	34.7098	4263	41.5173	33966	63.8992	22393	100.0000	0.9950
ESO1247208120S1K	stools_12091101	na	EST1361007101S1K_k141_55499	1590441	863406	54.2872	862616	99.9085	851291	98.6871	790	0.0915	852064	98.6864	16332	1.8916	4990	30.5535	4221	25.8450	5290	32.3904	6827	41.8014	33966	52.0521	29751	57.4132	0.9812
ESO1247208120S1K	stools_12091150	na	EST1361007101S1K_k141_55499	1590441	838531	52.7232	837545	99.8824	827094	98.7522	986	0.1176	828063	98.7516	15498	1.8482	5030	32.4558	4063	26.2163	4904	31.6428	6591	42.5281	33966	52.0521	29767	57.6141	0.9812
ESO1247208120S1K	stools_12095102	na	EST1361007101S1K_k141_55499	1590441	681506	42.8501	681266	99.9648	673172	98.8119	240	0.0352	673406	98.8115	11611	1.7037	3511	30.2386	3277	28.2232	3917	33.7353	4487	38.6444	33966	78.8494	43657	53.6890	0.9753
ESO1247208120S1K	stools_12096102	na	NZ_CP049075.1	1754511	840954	47.9310	839958	99.8816	838799	99.8620	996	0.1184	839794	99.8621	10690	1.2712	9530	89.1487	8587	80.3274	888	8.3068	1095	10.2432	135188	47.4036	64235	100.0000	0.9576
ESO1247208120S1K	stools_12096102	na	EST1361007101S1K_k141_55499	1590441	726503	45.6793	725849	99.9100	724917	99.8716	654	0.0900	725570	99.8716	9368	1.2895	8435	90.0406	7797	83.2301	637	6.7997	805	8.5931	33966	100.0000	33786	100.0000	0.9998
ESO1247208120S1K	stools_12101102	na	EST1361007101S1K_k141_55499	1590441	847607	53.2938	847258	99.9588	845671	99.8127	349	0.0412	846017	99.8124	10102	1.1918	8512	84.2605	8167	80.8454	1006	9.9584	928	9.1863	33966	100.0000	42310	81.0116	0.9945
ESO1247208120S1K	stools_12117101	na	NZ_CP049075.1	1754511	756876	43.1389	755871	99.8672	754654	99.8390	1005	0.1328	755654	99.8385	10774	1.4235	9552	88.6579	8620	80.0074	882	8.1864	1163	10.7945	135188	47.4036	58118	100.0000	0.9546
ESO1247208120S1K	stools_12117101	na	EST1361007101S1K_k141_55499	1590441	675141	42.4499	674435	99.8954	673446	99.8534	706	0.1046	674150	99.8532	9370	1.3879	8379	89.4237	7693	82.1025	646	6.8943	944	10.0747	33966	100.0000	34136	100.0000	0.9996
ESO1247208120S1K	stools_12118101	na	NZ_CP049075.1	1754511	885365	50.4622	884528	99.9055	882840	99.8092	837	0.0945	883675	99.8091	11348	1.2817	9658	85.1075	8885	78.2957	1163	10.2485	1164	10.2573	135188	73.6974	99533	100.0000	0.9784
ESO1247208120S1K	stools_12118101	na	EST1361007101S1K_k141_55499	1590441	790853	49.7254	790383	99.9406	788907	99.8133	470	0.0594	789376	99.8132	10140	1.2822	8663	85.4339	8209	80.9566	980	9.6647	871	8.5897	33966	100.0000	34404	100.0000	0.9994
ESO1247208120S1K	stools_12118150	na	EST1361007101S1K_k141_55499	1590441	563644	35.4395	563471	99.9693	556535	98.7691	173	0.0307	556703	98.7685	9623	1.7073	2682	27.8707	2514	26.1249	3418	35.5191	3749	38.9587	33966	63.8992	33835	66.4962	0.9877
ESO1254306120S1K	stools_11011101	na	NZ_CP049075.1	1754511	822291	46.8672	819317	99.6383	808903	98.7289	2974	0.3617	811816	98.7261	17044	2.0727	6569	38.5414	3683	21.6088	5017	29.4356	7906	46.3858	88346	84.3185	96400	67.1317	0.9605
ESO1254306120S1K	stools_11036101	na	NZ_CP049075.1	1754511	621262	35.4094	619701	99.7487	612733	98.8756	1561	0.2513	614266	98.8739	10617	1.7089	3621	34.1057	2099	19.7702	3804	35.8293	4519	42.5638	88346	38.8835	73977	42.1036	0.9403
ESO1254306120S1K	stools_11042501	na	NZ_CP049075.1	1754511	1309604	74.6421	1307930	99.8722	1303658	99.6734	1674	0.1278	1305310	99.6721	17786	1.3581	13492	75.8574	11890	66.8503	2747	15.4447	2988	16.7997	88346	87.7357	114886	72.4997	0.9710
ESO1254306120S1K	stools_11055101	na	NZ_CP049075.1	1754511	901422	51.3774	900406	99.8873	888949	98.7276	1016	0.1127	889931	98.7252	16235	1.8010	4744	29.2208	3765	23.1906	5531	34.0684	6924	42.6486	88346	8.8425	39270	19.7326	0.9358
ESO1254306120S1K	stools_12096102	na	NZ_CP049075.1	1754511	882500	50.2989	881520	99.8890	870756	98.7789	980	0.1110	871700	98.7762	15579	1.7653	4779	30.6759	3848	24.6999	5366	34.4438	6390	41.0168	88346	21.1068	64235	51.0407	0.9336
ESO1254306120S1K	stools_12117101	na	NZ_CP049075.1	1754511	858095	48.9079	857031	99.8760	845910	98.7024	1064	0.1240	846930	98.6989	16519	1.9251	5354	32.4112	4351	26.3394	5233	31.6787	6959	42.1272	88346	21.1068	58118	55.4166	0.9370
ESO1254306120S1K	stools_12118101	na	NZ_CP049075.1	1754511	955498	54.4595	954700	99.9165	942896	98.7636	798	0.0835	943663	98.7614	16793	1.7575	4958	29.5242	4203	25.0283	5800	34.5382	6802	40.5050	88346	54.2775	99533	68.2296	0.9460
ESO1256801120S1K	stools_11001501	na	EST1361007101S1K_k141_55499	1590441	199927	12.5705	199336	99.7044	197079	98.8677	591	0.2956	197663	98.8676	3606	1.8037	1342	37.2158	758	21.0205	1322	36.6611	1374	38.1032	8459	0.0000	29031	0.0000	0.9817
ESO1256801120S1K	stools_11009101	na	EST1361007101S1K_k141_55499	1590441	1021875	64.2510	1017625	99.5841	1005613	98.8196	4250	0.4159	1009798	98.8182	20536	2.0096	8459	41.1911	4308	20.9778	7396	36.0148	8037	39.1362	8459	100.0000	35313	21.7370	0.9820
ESO1256801120S1K	stools_11009150	na	EST1361007101S1K_k141_55499	1590441	615278	38.6860	613308	99.6798	606161	98.8347	1970	0.3202	608107	98.8345	11643	1.8923	4472	38.4093	2528	21.7126	4419	37.9541	4311	37.0265	8459	100.0000	26250	31.8629	0.9886
ESO1256801120S1K	stools_11010101	na	EST1361007101S1K_k141_55499	1590441	888614	55.8722	885623	99.6634	880771	99.4521	2991	0.3366	883734	99.4508	13886	1.5627	9006	64.8567	6063	43.6627	3609	25.9902	3155	22.7207	8459	100.0000	24361	45.6755	0.9899
ESO1256801120S1K	stools_11011101	na	NZ_CP049075.1	1754511	681183	38.8247	676959	99.3799	669622	98.9162	4224	0.6201	673816	98.9185	14307	2.1003	6940	48.5077	2904	20.2978	4649	32.4946	5979	41.7907	50444	73.6440	96400	58.1224	0.9577
ESO1256801120S1K	stools_11011101	na	EST1361007101S1K_k141_55499	1590441	752529	47.3157	748048	99.4045	740007	98.9251	4481	0.5955	744441	98.9252	15562	2.0680	7474	48.0272	3156	20.2802	5543	35.6188	6031	38.7547	8459	100.0000	21904	40.4401	0.9912
ESO1256801120S1K	stools_11021101	na	EST1361007101S1K_k141_55499	1590441	299792	18.8496	298756	99.6544	295580	98.9369	1036	0.3456	296606	98.9373	5418	1.8073	2232	41.1960	1214	22.4068	2054	37.9107	1944	35.8804	8459	100.0000	9053	100.0000	0.9943
ESO1256801120S1K	stools_11022101	na	EST1361007101S1K_k141_55499	1590441	944063	59.3586	941050	99.6808	929842	98.8090	3013	0.3192	932812	98.8082	18217	1.9296	6966	38.2390	4000	21.9575	6838	37.5364	6759	37.1027	8459	100.0000	31063	27.0386	0.9855
ESO1256801120S1K	stools_11035101	na	EST1361007101S1K_k141_55499	1590441	938593	59.0146	934293	99.5419	923719	98.8682	4300	0.4581	927977	98.8689	18720	1.9945	8104	43.2906	3869	20.6677	6686	35.7158	7522	40.1816	8459	100.0000	17889	43.5910	0.9932
ESO1256801120S1K	stools_11036101	na	NZ_CP049075.1	1754511	566304	32.2770	563227	99.4567	558131	99.0952	3077	0.5433	561185	99.0961	10016	1.7687	4897	48.8918	1955	19.5188	3993	39.8662	3535	35.2935	50444	73.6440	73977	76.0858	0.9708
ESO1256801120S1K	stools_11036101	na	EST1361007101S1K_k141_55499	1590441	598922	37.6576	595508	99.4300	589928	99.0630	3414	0.5700	593317	99.0642	10871	1.8151	5266	48.4408	1992	18.3240	4521	41.5877	3706	34.0907	8459	0.0000	12958	0.0000	0.9865
ESO1256801120S1K	stools_11042501	na	NZ_CP049075.1	1754511	1039645	59.2555	1035733	99.6237	1024870	98.9512	3912	0.3763	1028747	98.9518	18513	1.7807	7615	41.1333	3766	20.3425	7811	42.1920	6312	34.0950	50444	85.5721	114886	55.4846	0.9532
ESO1256801120S1K	stools_11055101	na	NZ_CP049075.1	1754511	799255	45.5543	796122	99.6080	787197	98.8789	3133	0.3920	790291	98.8785	15272	1.9108	6308	41.3043	3229	21.1433	5870	38.4364	5611	36.7404	50444	74.6888	39270	100.0000	0.9909
ESO1256801120S1K	stools_11055101	na	EST1361007101S1K_k141_55499	1590441	798954	50.2347	795858	99.6125	786978	98.8842	3096	0.3875	790034	98.8835	15078	1.8872	6158	40.8410	3125	20.7256	6161	40.8609	5256	34.8587	8459	0.0000	21797	0.0000	0.9810
ESO1256801120S1K	stools_11106501	na	EST1361007101S1K_k141_55499	1590441	259681	16.3276	258886	99.6939	256036	98.8991	795	0.3061	256824	98.8998	4577	1.7625	1720	37.5792	932	20.3627	1959	42.8010	1532	33.4717	8459	0.0000	0	0.0000	1.0000
ESO1256801120S1K	stools_11107101	na	EST1361007101S1K_k141_55499	1590441	975219	61.3175	971868	99.6564	960233	98.8028	3351	0.3436	963538	98.8022	19132	1.9618	7451	38.9452	4152	21.7019	7091	37.0636	7228	37.7796	8459	100.0000	38847	27.4178	0.9808
ESO1256801120S1K	stools_12089102	na	EST1361007101S1K_k141_55499	1590441	634958	39.9234	632739	99.6505	625670	98.8828	2219	0.3495	627870	98.8837	11792	1.8571	4704	39.8915	2506	21.2517	4416	37.4491	4504	38.1954	8459	100.0000	22393	49.0019	0.9912
ESO1256801120S1K	stools_12091101	na	EST1361007101S1K_k141_55499	1590441	954141	59.9922	950618	99.6308	940184	98.9024	3523	0.3692	943665	98.9020	18526	1.9416	8050	43.4524	4609	24.8785	6196	33.4449	6772	36.5540	8459	100.0000	29751	35.0240	0.9863
ESO1256801120S1K	stools_12091150	na	EST1361007101S1K_k141_55499	1590441	931226	58.5514	927499	99.5998	917729	98.9466	3727	0.4002	921418	98.9468	17829	1.9146	8021	44.9885	4349	24.3928	5867	32.9071	6750	37.8597	8459	100.0000	29767	34.9111	0.9863
ESO1256801120S1K	stools_12095102	na	EST1361007101S1K_k141_55499	1590441	753852	47.3989	751511	99.6895	743164	98.8893	2341	0.3105	745476	98.8889	13829	1.8344	5453	39.4316	3142	22.7204	5137	37.1466	5065	36.6259	8459	100.0000	43657	27.1755	0.9778
ESO1256801120S1K	stools_12096102	na	NZ_CP049075.1	1754511	764639	43.5813	761770	99.6248	753743	98.9463	2869	0.3752	756575	98.9454	14039	1.8360	5975	42.5600	3160	22.5087	5401	38.4714	4976	35.4441	50444	74.6888	64235	65.7928	0.9768
ESO1256801120S1K	stools_12096102	na	EST1361007101S1K_k141_55499	1590441	673491	42.3462	671045	99.6368	663615	98.8928	2446	0.3632	666012	98.8895	12846	1.9074	5367	41.7795	2972	23.1356	4933	38.4011	4478	34.8591	8459	100.0000	33786	30.7613	0.9837
ESO1256801120S1K	stools_12101102	na	EST1361007101S1K_k141_55499	1590441	910575	57.2530	907662	99.6801	897624	98.8941	2913	0.3199	900486	98.8920	16823	1.8475	6734	40.0285	3872	23.0161	6253	37.1694	6111	36.3253	8459	100.0000	42310	25.3604	0.9786
ESO1256801120S1K	stools_12117101	na	NZ_CP049075.1	1754511	708484	40.3807	705882	99.6327	697677	98.8376	2602	0.3673	700250	98.8378	13970	1.9718	5736	41.0594	3184	22.7917	4971	35.5834	5357	38.3465	50444	74.6888	58118	62.7775	0.9740
ESO1256801120S1K	stools_12117101	na	EST1361007101S1K_k141_55499	1590441	649161	40.8164	646769	99.6315	639189	98.8280	2392	0.3685	641535	98.8253	13024	2.0063	5398	41.4466	3055	23.4567	4652	35.7187	4840	37.1622	8459	100.0000	34136	31.5239	0.9838
ESO1256801120S1K	stools_12118101	na	NZ_CP049075.1	1754511	817356	46.5860	814470	99.6469	805792	98.9345	2886	0.3531	808639	98.9335	14923	1.8258	6206	41.5868	3382	22.6630	5791	38.8059	5214	34.9394	50444	74.6888	99533	42.3910	0.9565
ESO1256801120S1K	stools_12118101	na	EST1361007101S1K_k141_55499	1590441	745043	46.8451	742459	99.6532	734412	98.9162	2584	0.3468	736948	98.9135	13788	1.8506	5693	41.2895	3160	22.9185	5454	39.5561	4651	33.7322	8459	100.0000	34404	30.1215	0.9833
ESO1256801120S1K	stools_12118150	na	EST1361007101S1K_k141_55499	1590441	621583	39.0824	619651	99.6892	612920	98.9137	1932	0.3108	614835	98.9144	11171	1.7972	4423	39.5936	2508	22.4510	4278	38.2956	3948	35.3415	8459	100.0000	33835	32.4250	0.9840
ESO1256804120S1K	stools_11001501	na	EST1361007101S1K_k141_55499	1590441	189201	11.8961	188451	99.6036	186361	98.8910	750	0.3964	187101	98.8901	3471	1.8346	1371	39.4987	631	18.1792	1272	36.6465	1394	40.1613	27275	61.3566	29031	100.0000	0.9817
ESO1256804120S1K	stools_11009101	na	EST1361007101S1K_k141_55499	1590441	941234	59.1807	936331	99.4791	925709	98.8656	4903	0.5209	930554	98.8653	18975	2.0160	8295	43.7154	3482	18.3505	6801	35.8419	7712	40.6430	27275	78.6911	35313	52.2839	0.9869
ESO1256804120S1K	stools_11009150	na	EST1361007101S1K_k141_55499	1590441	573599	36.0654	571034	99.5528	564932	98.9314	2565	0.4472	567479	98.9331	10681	1.8621	4561	42.7020	2016	18.8746	4030	37.7305	4055	37.9646	27275	78.6911	26250	73.9162	0.9904
ESO1256804120S1K	stools_11010101	na	EST1361007101S1K_k141_55499	1590441	804898	50.6085	801415	99.5673	792892	98.9365	3483	0.4327	796344	98.9373	14893	1.8503	6339	42.5636	2891	19.4118	5522	37.0778	5661	38.0111	27275	38.6434	24361	45.6755	0.9807
ESO1256804120S1K	stools_11011101	na	NZ_CP049075.1	1754511	596999	34.0265	592657	99.2727	586707	98.9960	4342	0.7273	591000	98.9951	12459	2.0869	6460	51.8501	2337	18.7575	4006	32.1535	5321	42.7081	59758	68.6803	96400	39.5073	0.9533
ESO1256804120S1K	stools_11011101	na	EST1361007101S1K_k141_55499	1590441	672225	42.2666	667458	99.2909	660644	98.9791	4767	0.7091	665367	98.9798	13957	2.0762	7099	50.8634	2550	18.2704	4997	35.8028	5524	39.5787	27275	78.6911	21904	76.7896	0.9901
ESO1256804120S1K	stools_11021101	na	EST1361007101S1K_k141_55499	1590441	288456	18.1369	287265	99.5871	284250	98.9504	1191	0.4129	285431	98.9513	5187	1.7982	2162	41.6811	990	19.0862	1959	37.7675	1955	37.6904	27275	38.6434	9053	100.0000	0.9919
ESO1256804120S1K	stools_11022101	na	EST1361007101S1K_k141_55499	1590441	868501	54.6076	864771	99.5705	854820	98.8493	3730	0.4295	858521	98.8509	16913	1.9474	6933	40.9921	3240	19.1569	6293	37.2081	6511	38.4970	27275	78.6911	31063	61.8002	0.9871
ESO1256804120S1K	stools_11035101	na	EST1361007101S1K_k141_55499	1590441	861119	54.1434	856282	99.4383	847230	98.9429	4837	0.5617	852029	98.9444	17045	1.9794	7955	46.6706	3172	18.6096	6001	35.2068	6979	40.9446	27275	38.6434	17889	43.5910	0.9845
ESO1256804120S1K	stools_11036101	na	NZ_CP049075.1	1754511	542263	30.9068	538841	99.3689	534265	99.1508	3422	0.6311	537658	99.1508	9612	1.7726	5007	52.0911	1754	18.2480	3758	39.0970	3499	36.4024	59758	59.1184	73977	49.3599	0.9628
ESO1256804120S1K	stools_11036101	na	EST1361007101S1K_k141_55499	1590441	573019	36.0289	569166	99.3276	564426	99.1672	3853	0.6724	568250	99.1677	10190	1.7783	5421	53.1992	1763	17.3013	4234	41.5505	3531	34.6516	27275	40.0477	12958	60.4723	0.9845
ESO1256804120S1K	stools_11042501	na	NZ_CP049075.1	1754511	920067	52.4401	915738	99.5295	906103	98.9478	4329	0.4705	910379	98.9470	16659	1.8106	6971	41.8452	2702	16.2195	7385	44.3304	5908	35.4643	59758	59.8865	114886	36.6546	0.9399
ESO1256804120S1K	stools_11055101	na	NZ_CP049075.1	1754511	729702	41.5900	726226	99.5236	718656	98.9576	3476	0.4764	722091	98.9570	13671	1.8735	6060	44.3274	2641	19.3183	5242	38.3439	5086	37.2028	59758	9.7728	39270	19.7326	0.9499
ESO1256804120S1K	stools_11055101	na	EST1361007101S1K_k141_55499	1590441	743904	46.7734	740364	99.5241	732655	98.9588	3540	0.4759	736157	98.9586	13905	1.8692	6158	44.2862	2673	19.2233	5589	40.1942	4899	35.2319	27275	61.3566	21797	76.2169	0.9897
ESO1256804120S1K	stools_11106501	na	EST1361007101S1K_k141_55499	1590441	240708	15.1347	239738	99.5970	237268	98.9697	970	0.4030	238227	98.9693	4207	1.7478	1726	41.0269	767	18.2315	1792	42.5957	1433	34.0623	27275	0.0000	0	0.0000	0.9865
ESO1256804120S1K	stools_11107101	na	EST1361007101S1K_k141_55499	1590441	894059	56.2145	890076	99.5545	879861	98.8523	3983	0.4455	883804	98.8530	17487	1.9559	7232	41.3564	3294	18.8369	6519	37.2791	6804	38.9089	27275	100.0000	38847	69.4725	0.9921
ESO1256804120S1K	stools_12089102	na	EST1361007101S1K_k141_55499	1590441	589906	37.0907	587265	99.5523	580745	98.8898	2641	0.4477	583363	98.8908	11050	1.8732	4507	40.7873	1889	17.0950	4157	37.6199	4480	40.5430	27275	78.6911	22393	100.0000	0.9957
ESO1256804120S1K	stools_12091101	na	EST1361007101S1K_k141_55499	1590441	860289	54.0912	856271	99.5329	846215	98.8256	4018	0.4671	850173	98.8241	17295	2.0104	7179	41.5091	3244	18.7569	6026	34.8424	7103	41.0697	27275	59.9523	29751	54.3746	0.9843
ESO1256804120S1K	stools_12091150	na	EST1361007101S1K_k141_55499	1590441	847719	53.3009	843563	99.5097	834079	98.8757	4156	0.4903	838189	98.8758	16663	1.9656	7133	42.8074	3029	18.1780	5777	34.6696	7019	42.1233	27275	59.9523	29767	54.0935	0.9842
ESO1256804120S1K	stools_12095102	na	EST1361007101S1K_k141_55499	1590441	693378	43.5966	690492	99.5838	683030	98.9193	2886	0.4162	685882	98.9189	12770	1.8417	5274	41.2999	2422	18.9663	4747	37.1731	4892	38.3085	27275	100.0000	43657	54.8205	0.9836
ESO1256804120S1K	stools_12096102	na	NZ_CP049075.1	1754511	692760	39.4845	689496	99.5288	682481	98.9826	3264	0.4712	685690	98.9794	12860	1.8563	5790	45.0233	2585	20.1011	4907	38.1571	4662	36.2519	59758	37.3440	64235	51.0407	0.9542
ESO1256804120S1K	stools_12096102	na	EST1361007101S1K_k141_55499	1590441	614958	38.6659	612148	99.5431	605639	98.9367	2810	0.4569	608403	98.9341	11573	1.8819	5018	43.3595	2258	19.5109	4566	39.4539	4176	36.0840	27275	78.6911	33786	63.8223	0.9882
ESO1256804120S1K	stools_12101102	na	EST1361007101S1K_k141_55499	1590441	840728	52.8613	837172	99.5770	827999	98.9043	3556	0.4230	831506	98.9031	15649	1.8614	6427	41.0697	2920	18.6593	6017	38.4497	5966	38.1238	27275	78.6911	42310	51.7892	0.9830
ESO1256804120S1K	stools_12117101	na	NZ_CP049075.1	1754511	618931	35.2766	616122	99.5462	609052	98.8525	2809	0.4538	611810	98.8495	12545	2.0269	5424	43.2363	2674	21.3153	4366	34.8027	4877	38.8760	59758	37.3440	58118	55.4166	0.9576
ESO1256804120S1K	stools_12117101	na	EST1361007101S1K_k141_55499	1590441	573246	36.0432	570586	99.5360	563979	98.8421	2660	0.4640	566593	98.8394	11569	2.0182	4916	42.4929	2303	19.9066	4264	36.8571	4447	38.4389	27275	78.6911	34136	64.0878	0.9882
ESO1256804120S1K	stools_12118101	na	NZ_CP049075.1	1754511	719582	41.0133	716331	99.5482	709210	99.0059	3251	0.4518	712415	99.0040	12969	1.8023	5802	44.7375	2603	20.0709	5093	39.2706	4523	34.8755	59758	37.3440	99533	32.5470	0.9337
ESO1256804120S1K	stools_12118101	na	EST1361007101S1K_k141_55499	1590441	679710	42.7372	676796	99.5713	669739	98.9573	2914	0.4287	672617	98.9565	12382	1.8217	5289	42.7152	2412	19.4799	4899	39.5655	4359	35.2043	27275	78.6911	34404	62.4433	0.9878
ESO1256804120S1K	stools_12118150	na	EST1361007101S1K_k141_55499	1590441	584303	36.7384	581809	99.5732	575630	98.9380	2494	0.4268	578107	98.9396	10676	1.8271	4480	41.9633	2003	18.7617	4205	39.3874	3904	36.5680	27275	100.0000	33835	84.0372	0.9958
ESO1350502120S1K	stools_11001501	na	EST1361007101S1K_k141_55499	1590441	209842	13.1940	209411	99.7946	207081	98.8874	431	0.2054	207509	98.8882	3852	1.8357	1519	39.4341	1091	28.3229	1331	34.5535	1323	34.3458	27402	80.5525	29031	100.0000	0.9888
ESO1350502120S1K	stools_11009101	na	EST1361007101S1K_k141_55499	1590441	974570	61.2767	971613	99.6966	960693	98.8761	2957	0.3034	963618	98.8762	19017	1.9513	8065	42.4094	5181	27.2440	6700	35.2316	6503	34.1957	27402	100.0000	35313	64.0727	0.9874
ESO1350502120S1K	stools_11009150	na	EST1361007101S1K_k141_55499	1590441	637787	40.1013	636288	99.7650	629130	98.8750	1499	0.2350	630618	98.8760	12018	1.8843	4849	40.3478	3369	28.0330	4441	36.9529	3869	32.1934	27402	80.5525	26250	68.1371	0.9905
ESO1350502120S1K	stools_11010101	na	EST1361007101S1K_k141_55499	1590441	867972	54.5743	865862	99.7569	856290	98.8945	2110	0.2431	858381	98.8950	16325	1.8808	6734	41.2496	4665	28.5758	5965	36.5391	5244	32.1225	27402	19.4475	24361	20.9556	0.9707
ESO1350502120S1K	stools_11011101	na	EST1361007101S1K_k141_55499	1590441	647448	40.7087	644273	99.5096	637485	98.9464	3175	0.4904	640630	98.9469	12971	2.0034	6153	47.4366	3114	24.0074	4419	34.0683	4752	36.6356	27402	60.9737	21904	59.5599	0.9821
ESO1350502120S1K	stools_11021101	na	EST1361007101S1K_k141_55499	1590441	303616	19.0901	302904	99.7655	299886	99.0036	712	0.2345	300592	99.0040	5374	1.7700	2350	43.7291	1645	30.6103	1928	35.8764	1637	30.4615	27402	0.0000	9053	0.0000	0.9804
ESO1350502120S1K	stools_11022101	na	EST1361007101S1K_k141_55499	1590441	907436	57.0556	905435	99.7795	895082	98.8566	2001	0.2205	897061	98.8567	17273	1.9035	6898	39.9352	4920	28.4838	6276	36.3342	5624	32.5595	27402	100.0000	31063	72.9614	0.9869
ESO1350502120S1K	stools_11035101	na	EST1361007101S1K_k141_55499	1590441	923810	58.0851	920349	99.6254	910237	98.9013	3461	0.3746	913675	98.9029	18466	1.9989	8331	45.1153	4917	26.6273	6275	33.9814	6766	36.6403	27402	19.4475	17889	28.3862	0.9779
ESO1350502120S1K	stools_11036101	na	EST1361007101S1K_k141_55499	1590441	547257	34.4091	544657	99.5249	539440	99.0421	2600	0.4751	542018	99.0427	9716	1.7754	4477	46.0786	1971	20.2861	4108	42.2808	3157	32.4928	27402	60.9737	12958	100.0000	0.9876
ESO1350502120S1K	stools_11055101	na	EST1361007101S1K_k141_55499	1590441	700244	44.0283	698403	99.7371	690620	98.8856	1841	0.2629	692443	98.8860	12807	1.8289	5006	39.0880	3192	24.9239	5155	40.2514	4124	32.2011	27402	100.0000	21797	100.0000	0.9908
ESO1350502120S1K	stools_11106501	na	EST1361007101S1K_k141_55499	1590441	264725	16.6448	264107	99.7666	261373	98.9648	618	0.2334	261989	98.9665	4559	1.7222	1823	39.9868	1208	26.4970	1872	41.0616	1347	29.5460	27402	0.0000	0	0.0000	0.9861
ESO1350502120S1K	stools_11107101	na	EST1361007101S1K_k141_55499	1590441	923037	58.0365	920785	99.7560	909970	98.8255	2252	0.2440	912196	98.8255	17899	1.9391	7058	39.4324	4841	27.0462	6535	36.5104	5990	33.4656	27402	100.0000	38847	72.5822	0.9866
ESO1350502120S1K	stools_12089102	na	EST1361007101S1K_k141_55499	1590441	660753	41.5453	658959	99.7285	651898	98.9285	1794	0.2715	653679	98.9294	12291	1.8602	5217	42.4457	3437	27.9636	4402	35.8148	4118	33.5042	27402	41.5262	22393	50.9981	0.9863
ESO1350502120S1K	stools_12091101	na	EST1361007101S1K_k141_55499	1590441	887571	55.8066	885292	99.7432	874788	98.8135	2279	0.2568	877040	98.8135	17545	1.9767	7014	39.9772	4780	27.2442	6045	34.4543	6168	35.1553	27402	39.0263	29751	41.7398	0.9767
ESO1350502120S1K	stools_12091150	na	EST1361007101S1K_k141_55499	1590441	905448	56.9306	902717	99.6984	892354	98.8520	2731	0.3016	895053	98.8519	17854	1.9718	7459	41.7778	4770	26.7167	6049	33.8804	6511	36.4680	27402	39.0263	29767	41.8853	0.9768
ESO1350502120S1K	stools_12095102	na	EST1361007101S1K_k141_55499	1590441	769267	48.3682	767488	99.7687	759110	98.9084	1779	0.2313	760870	98.9084	14137	1.8377	5740	40.6027	3980	28.1531	5154	36.4575	4570	32.3265	27402	100.0000	43657	39.5813	0.9712
ESO1350502120S1K	stools_12096102	na	EST1361007101S1K_k141_55499	1590441	588698	37.0148	587326	99.7669	580565	98.8489	1372	0.2331	581915	98.8478	10844	1.8420	4061	37.4493	2715	25.0369	4204	38.7680	3628	33.4563	27402	100.0000	33786	69.2387	0.9865
ESO1350502120S1K	stools_12101102	na	EST1361007101S1K_k141_55499	1590441	909019	57.1552	906928	99.7700	896949	98.8997	2091	0.2300	899018	98.8998	16860	1.8547	6859	40.6821	4800	28.4698	6210	36.8327	5326	31.5896	27402	100.0000	42310	55.6511	0.9812
ESO1350502120S1K	stools_12117101	na	EST1361007101S1K_k141_55499	1590441	553972	34.8313	552626	99.7570	546225	98.8417	1346	0.2430	547552	98.8411	10640	1.9207	4220	39.6617	2893	27.1898	3708	34.8496	3750	35.2444	27402	100.0000	34136	68.4761	0.9862
ESO1350502120S1K	stools_12118101	na	EST1361007101S1K_k141_55499	1590441	660267	41.5147	658844	99.7845	651437	98.8758	1423	0.2155	652839	98.8750	11750	1.7796	4322	36.7830	2920	24.8511	4711	40.0936	3788	32.2383	27402	100.0000	34404	69.8785	0.9894
ESO1350502120S1K	stools_12118150	na	EST1361007101S1K_k141_55499	1590441	658013	41.3730	656456	99.7634	649518	98.9431	1557	0.2366	651054	98.9424	11924	1.8121	4965	41.6387	3429	28.7571	4487	37.6300	3590	30.1073	27402	80.5525	33835	51.6122	0.9841
ESO1350507120S1K	stools_11006101	na	ESO1212705120S1K_k141_16	1917768	701533	36.5807	701299	99.9666	684736	97.6382	234	0.0334	684952	97.6365	24840	3.5408	8259	33.2488	8044	32.3833	8827	35.5354	8158	32.8422	26697	77.1959	49293	54.0401	0.9818
ESO1350507120S1K	stools_11015101	na	ESO1212705120S1K_k141_16	1917768	1476739	77.0030	1462568	99.0404	1433245	97.9951	14171	0.9596	1447234	98.0020	60714	4.1114	31209	51.4033	17358	28.5898	16759	27.6032	22569	37.1726	26697	74.0308	28481	81.8335	0.9917
ESO1350507120S1K	stools_11015501	na	ESO1212705120S1K_k141_16	1917768	1424619	74.2853	1413886	99.2466	1383885	97.8781	10733	0.7534	1394465	97.8834	57373	4.0273	27219	47.4422	16725	29.1513	16836	29.3448	20886	36.4039	26697	74.0308	34311	69.1440	0.9887
ESO1350507120S1K	stools_11025101	na	ESO1212705120S1K_k141_16	1917768	1205987	62.8849	1205324	99.9450	1177201	97.6668	663	0.0550	1177815	97.6640	44202	3.6652	16030	36.2653	15430	34.9079	14790	33.4600	14297	32.3447	26697	100.0000	65594	46.3411	0.9785
ESO1350507120S1K	stools_11025102	na	ESO1212705120S1K_k141_16	1917768	1118788	58.3380	1118187	99.9463	1091055	97.5736	601	0.0537	1091621	97.5717	41067	3.6707	13900	33.8471	13341	32.4859	14193	34.5606	13762	33.5111	26697	77.5368	61221	32.9070	0.9745
ESO1350507120S1K	stools_11030150	na	ESO1212705120S1K_k141_16	1917768	1344575	70.1115	1342807	99.8685	1308564	97.4499	1768	0.1315	1310241	97.4465	50212	3.7344	15878	31.6219	14211	28.3020	20320	40.4684	16050	31.9645	26697	0.0000	13220	0.0000	0.9792
ESO1350507120S1K	stools_11030501	na	ESO1212705120S1K_k141_16	1917768	1443935	75.2925	1441658	99.8423	1404142	97.3977	2277	0.1577	1406309	97.3942	55394	3.8363	17768	32.0757	15623	28.2034	21919	39.5693	18293	33.0234	26697	0.0000	13103	0.0000	0.9792
ESO1350507120S1K	stools_11031101	na	ESO1212705120S1K_k141_16	1917768	1409027	73.4722	1407283	99.8762	1369295	97.3006	1744	0.1238	1370923	97.2957	57212	4.0604	19108	33.3986	17555	30.6841	19320	33.7691	20735	36.2424	26697	51.2267	13723	100.0000	0.9931
ESO1350507120S1K	stools_11031150	na	ESO1212705120S1K_k141_16	1917768	1339235	69.8330	1337929	99.9025	1300998	97.2397	1306	0.0975	1302206	97.2351	55304	4.1295	18275	33.0446	17148	31.0068	18603	33.6377	19986	36.1384	26697	51.2267	18970	72.5356	0.9904
ESO1350507120S1K	stools_11031501	na	ESO1212705120S1K_k141_16	1917768	1317763	68.7134	1316493	99.9036	1280073	97.2336	1270	0.0964	1281242	97.2286	54600	4.1434	18079	33.1117	16995	31.1264	18318	33.5495	19733	36.1410	26697	51.2267	13708	100.0000	0.9931
ESO1350507120S1K	stools_11035101	na	ESO1212705120S1K_k141_16	1917768	1357662	70.7939	1355799	99.8628	1318759	97.2680	1863	0.1372	1320493	97.2623	56044	4.1280	18875	33.6789	17232	30.7473	18799	33.5433	20352	36.3143	26697	51.2267	13728	100.0000	0.9931
ESO1350507120S1K	stools_11037101	na	ESO1212705120S1K_k141_16	1917768	1340017	69.8738	1338982	99.9228	1304252	97.4062	1035	0.0772	1305228	97.4038	52035	3.8832	17246	33.1431	16315	31.3539	18460	35.4761	17632	33.8849	26697	100.0000	53610	55.3684	0.9847
ESO1350507120S1K	stools_11038501	na	ESO1212705120S1K_k141_16	1917768	1397532	72.8728	1396164	99.9021	1360203	97.4243	1368	0.0979	1361487	97.4208	54399	3.8925	18354	33.7396	17110	31.4528	18895	34.7341	18770	34.5043	26697	51.2267	22657	77.9185	0.9884
ESO1350507120S1K	stools_11055150	na	ESO1212705120S1K_k141_16	1917768	842575	43.9352	841782	99.9059	820720	97.4979	793	0.0941	821484	97.4968	31402	3.7269	10311	32.8355	9550	30.4121	11359	36.1729	10756	34.2526	26697	77.1959	39382	64.4508	0.9869
ESO1350507120S1K	stools_12062150	na	ESO1212705120S1K_k141_16	1917768	1382083	72.0673	1380599	99.8926	1343344	97.3015	1484	0.1074	1344716	97.2963	55983	4.0506	18616	33.2530	17310	30.9201	19015	33.9657	20073	35.8555	26697	51.2267	23195	75.9043	0.9881
ESO1350507120S1K	stools_12120101	na	ESO1212705120S1K_k141_16	1917768	1362998	71.0721	1361624	99.8992	1322234	97.1071	1374	0.1008	1323502	97.1023	57738	4.2361	18242	31.5944	17056	29.5403	19117	33.1099	22035	38.1638	26697	0.0000	0	0.0000	0.9861
ESO1350511120S1K	stools_11006101	na	ESO1212705120S1K_k141_16	1917768	735242	38.3384	734763	99.9349	717021	97.5853	479	0.0651	717491	97.5857	25967	3.5318	8216	31.6402	7756	29.8687	9837	37.8827	8570	33.0034	13239	61.1451	49293	17.0957	0.9784
ESO1350511120S1K	stools_11015101	na	ESO1212705120S1K_k141_16	1917768	1446361	75.4190	1432659	99.0527	1401269	97.8090	13702	0.9473	1414732	97.8132	59918	4.1427	28289	47.2129	14934	24.9241	19034	31.7667	22916	38.2456	13239	38.8549	28481	21.4705	0.9836
ESO1350511120S1K	stools_11015501	na	ESO1212705120S1K_k141_16	1917768	1397448	72.8685	1386858	99.2422	1355588	97.7453	10590	0.7578	1365987	97.7487	56623	4.0519	25162	44.4378	14804	26.1449	18589	32.8294	21106	37.2746	13239	38.8549	34311	17.8164	0.9805
ESO1350511120S1K	stools_11025101	na	ESO1212705120S1K_k141_16	1917768	1232812	64.2837	1231838	99.9210	1201287	97.5199	974	0.0790	1202230	97.5193	45284	3.6732	14702	32.4662	13771	30.4103	16556	36.5604	15265	33.7095	13239	38.8549	65594	7.9565	0.9642
ESO1350511120S1K	stools_11025102	na	ESO1212705120S1K_k141_16	1917768	1157406	60.3517	1156439	99.9165	1128119	97.5511	967	0.0835	1129053	97.5503	42044	3.6326	13691	32.5635	12773	30.3801	15478	36.8138	14003	33.3056	13239	38.8549	61221	8.6327	0.9664
ESO1350511120S1K	stools_11030150	na	ESO1212705120S1K_k141_16	1917768	1386414	72.2931	1384191	99.8397	1349243	97.4752	2223	0.1603	1351392	97.4739	50839	3.6669	15817	31.1119	13675	26.8986	21461	42.2137	16067	31.6037	13239	61.1451	13220	60.8775	0.9946
ESO1350511120S1K	stools_11030501	na	ESO1212705120S1K_k141_16	1917768	1476410	76.9859	1473747	99.8196	1435767	97.4229	2663	0.1804	1438332	97.4209	55426	3.7541	17348	31.2994	14809	26.7185	23092	41.6628	17936	32.3603	13239	61.1451	13103	61.3524	0.9946
ESO1350511120S1K	stools_11031101	na	ESO1212705120S1K_k141_16	1917768	1386251	72.2846	1384405	99.8668	1348068	97.3753	1846	0.1332	1349846	97.3739	54487	3.9305	18082	33.1859	16332	29.9741	19491	35.7718	19034	34.9331	13239	0.0000	13723	0.0000	0.9859
ESO1350511120S1K	stools_11031150	na	ESO1212705120S1K_k141_16	1917768	1277810	66.6301	1276477	99.8957	1241853	97.2875	1333	0.1043	1243121	97.2853	51565	4.0354	16876	32.7276	15633	30.3171	18382	35.6482	17965	34.8395	13239	0.0000	18970	0.0000	0.9832
ESO1350511120S1K	stools_11031501	na	ESO1212705120S1K_k141_16	1917768	1250269	65.1940	1249053	99.9027	1214991	97.2730	1216	0.0973	1216149	97.2710	50540	4.0423	16420	32.4891	15288	30.2493	17955	35.5263	17735	35.0910	13239	0.0000	13708	0.0000	0.9859
ESO1350511120S1K	stools_11035101	na	ESO1212705120S1K_k141_16	1917768	1290862	67.3106	1289140	99.8666	1254103	97.2821	1722	0.1334	1255738	97.2790	52214	4.0449	17090	32.7307	15503	29.6913	18668	35.7529	18397	35.2338	13239	0.0000	13728	0.0000	0.9859
ESO1350511120S1K	stools_11037101	na	ESO1212705120S1K_k141_16	1917768	1333486	69.5332	1332214	99.9046	1297976	97.4300	1272	0.0954	1299197	97.4286	50717	3.8033	16428	32.3915	15211	29.9919	18908	37.2814	16985	33.4898	13239	38.8549	53610	9.5206	0.9704
ESO1350511120S1K	stools_11038501	na	ESO1212705120S1K_k141_16	1917768	1387710	72.3607	1386086	99.8830	1350071	97.4017	1624	0.1170	1351626	97.3997	53299	3.8408	17215	32.2989	15715	29.4846	19790	37.1302	18181	34.1113	13239	0.0000	22657	0.0000	0.9839
ESO1350511120S1K	stools_11055150	na	ESO1212705120S1K_k141_16	1917768	873061	45.5248	871957	99.8735	850511	97.5405	1104	0.1265	851583	97.5399	32016	3.6671	10538	32.9148	9476	29.5977	12029	37.5718	10752	33.5832	13239	0.0000	39382	0.0000	0.9752
ESO1350511120S1K	stools_12062150	na	ESO1212705120S1K_k141_16	1917768	1349280	70.3568	1347671	99.8808	1311628	97.3255	1609	0.1192	1313158	97.3229	53487	3.9641	17365	32.4658	15859	29.6502	19333	36.1452	18684	34.9319	13239	0.0000	23195	0.0000	0.9810
ESO1350511120S1K	stools_12120101	na	ESO1212705120S1K_k141_16	1917768	1362650	71.0540	1361140	99.8892	1329021	97.6403	1510	0.1108	1330465	97.6381	52785	3.8737	20600	39.0262	19170	36.3171	16562	31.3763	17446	33.0511	13239	0.0000	0	0.0000	0.9931
ESO1350804120S1K	stools_11001501	na	EST1361007101S1K_k141_55499	1590441	238664	15.0062	238466	99.9170	235536	98.7713	198	0.0830	235732	98.7715	4462	1.8696	1530	34.2896	1334	29.8969	1506	33.7517	1597	35.7911	41469	40.9704	29031	100.0000	0.9889
ESO1350804120S1K	stools_11009101	na	EST1361007101S1K_k141_55499	1590441	1154754	72.6059	1152979	99.8463	1138763	98.7670	1775	0.1537	1140505	98.7661	22823	1.9764	8574	37.5674	6841	29.9741	7534	33.0106	8259	36.1872	41469	65.6370	35313	66.4741	0.9778
ESO1350804120S1K	stools_11009150	na	EST1361007101S1K_k141_55499	1590441	740533	46.5615	740047	99.9344	730954	98.7713	486	0.0656	731436	98.7716	13854	1.8708	4757	34.3367	4280	30.8936	4770	34.4305	4784	34.5315	41469	53.3169	26250	73.9162	0.9881
ESO1350804120S1K	stools_11010101	na	EST1361007101S1K_k141_55499	1590441	1019393	64.0950	1018520	99.9144	1006079	98.7785	873	0.0856	1006940	98.7784	19204	1.8839	6751	35.1541	5894	30.6915	6653	34.6438	6624	34.4928	41469	46.7096	24361	79.0444	0.9820
ESO1350804120S1K	stools_11011101	na	EST1361007101S1K_k141_55499	1590441	793140	49.8692	790218	99.6316	780833	98.8124	2922	0.3684	783722	98.8126	16220	2.0450	6802	41.9359	3934	24.2540	5512	33.9827	6214	38.3107	41469	53.3169	21904	76.7896	0.9811
ESO1350804120S1K	stools_11021101	na	EST1361007101S1K_k141_55499	1590441	350758	22.0541	350466	99.9168	346353	98.8264	292	0.0832	346638	98.8254	6371	1.8164	2251	35.3320	1966	30.8586	2265	35.5517	2122	33.3072	41469	25.7132	9053	100.0000	0.9858
ESO1350804120S1K	stools_11022101	na	EST1361007101S1K_k141_55499	1590441	1090135	68.5429	1089267	99.9204	1075557	98.7414	868	0.0796	1076407	98.7407	21177	1.9426	7449	35.1750	6601	31.1706	7204	34.0180	7315	34.5422	41469	53.3169	31063	61.8002	0.9779
ESO1350804120S1K	stools_11035101	na	EST1361007101S1K_k141_55499	1590441	1090828	68.5865	1088378	99.7754	1075294	98.7978	2450	0.2246	1077708	98.7972	21809	1.9993	8689	39.8413	6282	28.8046	7102	32.5645	8310	38.1035	41469	38.0332	17889	71.6138	0.9755
ESO1350804120S1K	stools_11036101	na	EST1361007101S1K_k141_55499	1590441	644001	40.4920	641979	99.6860	634920	98.9004	2022	0.3140	636922	98.9008	11448	1.7776	4369	38.1639	2380	20.7897	4728	41.2998	3939	34.4078	41469	27.6038	12958	60.4723	0.9755
ESO1350804120S1K	stools_11055101	na	EST1361007101S1K_k141_55499	1590441	841944	52.9378	841025	99.8908	830701	98.7725	919	0.1092	831606	98.7721	15331	1.8209	4993	32.5680	4091	26.6845	5905	38.5167	5241	34.1856	41469	40.9704	21797	76.2169	0.9809
ESO1350804120S1K	stools_11106501	na	EST1361007101S1K_k141_55499	1590441	307270	19.3198	307108	99.9473	303402	98.7933	162	0.0527	303563	98.7936	5386	1.7529	1679	31.1734	1519	28.2027	2153	39.9740	1710	31.7490	41469	0.0000	0	0.0000	0.9861
ESO1350804120S1K	stools_11107101	na	EST1361007101S1K_k141_55499	1590441	1104487	69.4453	1103383	99.9000	1089476	98.7396	1104	0.1000	1090559	98.7390	21512	1.9477	7584	35.2547	6507	30.2482	7464	34.6969	7470	34.7248	41469	66.6835	38847	69.4725	0.9828
ESO1350804120S1K	stools_12089102	na	EST1361007101S1K_k141_55499	1590441	758341	47.6812	757516	99.8912	748265	98.7788	825	0.1088	749083	98.7792	14289	1.8842	5031	35.2089	4213	29.4842	4966	34.7540	5091	35.6288	41469	53.3169	22393	100.0000	0.9907
ESO1350804120S1K	stools_12091101	na	EST1361007101S1K_k141_55499	1590441	1065955	67.0226	1064673	99.8797	1050869	98.7035	1282	0.1203	1052128	98.7029	21383	2.0060	7556	35.3365	6304	29.4814	7077	33.0964	7842	36.6740	41469	39.0798	29751	54.3746	0.9750
ESO1350804120S1K	stools_12091150	na	EST1361007101S1K_k141_55499	1590441	1065055	66.9660	1063453	99.8496	1050115	98.7458	1602	0.1504	1051694	98.7455	21097	1.9808	7736	36.6687	6159	29.1937	6892	32.6682	7986	37.8537	41469	39.0798	29767	54.0935	0.9750
ESO1350804120S1K	stools_12095102	na	EST1361007101S1K_k141_55499	1590441	890644	55.9998	890016	99.9295	878956	98.7573	628	0.0705	879573	98.7570	16669	1.8716	5598	33.5833	4983	29.8938	5796	34.7711	5836	35.0111	41469	87.6800	43657	70.2820	0.9784
ESO1350804120S1K	stools_12096102	na	EST1361007101S1K_k141_55499	1590441	705923	44.3854	705252	99.9049	696243	98.7226	671	0.0951	696893	98.7208	13127	1.8596	4097	31.2105	3448	26.2665	4894	37.2819	4747	36.1621	41469	53.3169	33786	63.8223	0.9795
ESO1350804120S1K	stools_12101102	na	EST1361007101S1K_k141_55499	1590441	1064184	66.9113	1063386	99.9250	1050133	98.7537	798	0.0750	1050907	98.7524	20069	1.8859	6792	33.8432	6020	29.9965	7096	35.3580	6900	34.3814	41469	74.3133	42310	70.7776	0.9844
ESO1350804120S1K	stools_12117101	na	EST1361007101S1K_k141_55499	1590441	678384	42.6538	677584	99.8821	668857	98.7120	800	0.1179	669629	98.7094	13304	1.9611	4549	34.1927	3777	28.3900	4519	33.9672	4970	37.3572	41469	53.3169	34136	64.0878	0.9792
ESO1350804120S1K	stools_12118101	na	EST1361007101S1K_k141_55499	1590441	789910	49.6661	789347	99.9287	779454	98.7467	563	0.0713	779999	98.7453	14221	1.8003	4310	30.3073	3765	26.4749	5459	38.3869	4936	34.7092	41469	53.3169	34404	62.4433	0.9790
ESO1350804120S1K	stools_12118150	na	EST1361007101S1K_k141_55499	1590441	751222	47.2336	750670	99.9265	741808	98.8195	552	0.0735	742352	98.8193	13748	1.8301	4878	35.4815	4334	31.5246	4861	35.3579	4493	32.6811	41469	87.6800	33835	100.0000	0.9956
ESO1350807120S1K	stools_11001501	na	EST1361007101S1K_k141_55499	1590441	190780	11.9954	190750	99.9843	188303	98.7172	30	0.0157	188333	98.7174	3460	1.8136	1013	29.2775	983	28.4104	1217	35.1734	1276	36.8786	18804	34.1151	29031	53.3051	0.9740
ESO1350807120S1K	stools_11006101	na	ESO1212705120S1K_k141_16	1917768	589505	30.7391	589122	99.9350	574993	97.6017	383	0.0650	575342	97.5975	21313	3.6154	7150	33.5476	6803	31.9195	7440	34.9083	7187	33.7212	7932	100.0000	49293	17.0957	0.9783
ESO1350807120S1K	stools_11009101	na	EST1361007101S1K_k141_55499	1590441	848431	53.3456	847506	99.8910	836909	98.7496	925	0.1090	837814	98.7486	16241	1.9142	5624	34.6284	4722	29.0746	5453	33.5755	6012	37.0174	18804	65.8849	35313	21.7370	0.9819
ESO1350807120S1K	stools_11009150	na	EST1361007101S1K_k141_55499	1590441	571655	35.9432	571492	99.9715	564474	98.7720	163	0.0285	564632	98.7715	10298	1.8014	3275	31.8023	3119	30.2874	3581	34.7737	3636	35.3078	18804	65.8849	26250	31.8629	0.9821
ESO1350807120S1K	stools_11010101	na	EST1361007101S1K_k141_55499	1590441	765323	48.1202	764995	99.9571	755667	98.7806	328	0.0429	755989	98.7804	13964	1.8246	4630	33.1567	4308	30.8508	4854	34.7608	4840	34.6606	18804	65.8849	24361	45.6755	0.9900
ESO1350807120S1K	stools_11011101	na	EST1361007101S1K_k141_55499	1590441	551286	34.6625	549419	99.6613	543045	98.8399	1867	0.3387	544884	98.8387	10881	1.9737	4479	41.1635	2645	24.3084	3656	33.5999	4202	38.6178	18804	65.8849	21904	40.4401	0.9887
ESO1350807120S1K	stools_11015101	na	ESO1212705120S1K_k141_16	1917768	1291843	67.3618	1279149	99.0174	1250435	97.7552	12694	0.9826	1262869	97.7572	55932	4.3296	26958	48.1978	14642	26.1782	15948	28.5132	22346	39.9521	7932	0.0000	28481	0.0000	0.9810
ESO1350807120S1K	stools_11015501	na	ESO1212705120S1K_k141_16	1917768	1251358	65.2507	1241744	99.2317	1213215	97.7025	9614	0.7683	1222604	97.7022	52598	4.2033	23844	45.3325	14540	27.6436	15827	30.0905	20117	38.2467	7932	0.0000	34311	0.0000	0.9780
ESO1350807120S1K	stools_11021101	na	EST1361007101S1K_k141_55499	1590441	269387	16.9379	269270	99.9566	266073	98.8127	117	0.0434	266184	98.8110	4785	1.7763	1582	33.0617	1471	30.7419	1751	36.5935	1569	32.7900	18804	65.8849	9053	100.0000	0.9979
ESO1350807120S1K	stools_11022101	na	EST1361007101S1K_k141_55499	1590441	787798	49.5333	787554	99.9690	777530	98.7272	244	0.0310	777765	98.7265	14792	1.8776	4759	32.1728	4524	30.5841	5140	34.7485	5188	35.0730	18804	65.8849	31063	27.0386	0.9823
ESO1350807120S1K	stools_11025101	na	ESO1212705120S1K_k141_16	1917768	1021842	53.2829	1021090	99.9264	994933	97.4383	752	0.0736	995640	97.4358	39247	3.8408	13045	33.2382	12344	31.4521	13628	34.7237	13486	34.3619	7932	0.0000	65594	0.0000	0.9617
ESO1350807120S1K	stools_11025102	na	ESO1212705120S1K_k141_16	1917768	956697	49.8860	956016	99.9288	932570	97.5475	681	0.0712	933218	97.5458	35852	3.7475	12373	34.5113	11749	32.7708	12207	34.0483	12071	33.6690	7932	0.0000	61221	0.0000	0.9639
ESO1350807120S1K	stools_11030150	na	ESO1212705120S1K_k141_16	1917768	1244177	64.8763	1242339	99.8523	1212347	97.5858	1838	0.1477	1214095	97.5822	44602	3.5849	14520	32.5546	12775	28.6422	17540	39.3256	14516	32.5456	7932	100.0000	13220	60.8775	0.9972
ESO1350807120S1K	stools_11030501	na	ESO1212705120S1K_k141_16	1917768	1356988	70.7587	1354635	99.8266	1321379	97.5450	2353	0.1734	1323619	97.5410	49945	3.6806	16576	33.1885	14381	28.7937	19135	38.3121	16666	33.3687	7932	100.0000	13103	61.3524	0.9973
ESO1350807120S1K	stools_11031101	na	ESO1212705120S1K_k141_16	1917768	1245813	64.9616	1243951	99.8505	1209253	97.2107	1862	0.1495	1210995	97.2052	52231	4.1925	17413	33.3384	15760	30.1737	17390	33.2944	19475	37.2863	7932	0.0000	13723	0.0000	0.9887
ESO1350807120S1K	stools_11031150	na	ESO1212705120S1K_k141_16	1917768	1222931	63.7685	1221447	99.8787	1186895	97.1712	1484	0.1213	1188260	97.1649	51589	4.2185	16918	32.7938	15638	30.3127	17159	33.2610	19214	37.2444	7932	0.0000	18970	0.0000	0.9860
ESO1350807120S1K	stools_11031501	na	ESO1212705120S1K_k141_16	1917768	1221624	63.7003	1220130	99.8777	1185513	97.1628	1494	0.1223	1186898	97.1574	51590	4.2231	16864	32.6885	15557	30.1551	17093	33.1324	19323	37.4549	7932	0.0000	13708	0.0000	0.9887
ESO1350807120S1K	stools_11035101	na	ESO1212705120S1K_k141_16	1917768	1240349	64.6767	1238499	99.8508	1203551	97.1782	1850	0.1492	1205271	97.1719	52402	4.2248	17324	33.0598	15734	30.0256	17257	32.9319	19794	37.7734	7932	0.0000	13728	0.0000	0.9887
ESO1350807120S1K	stools_11035101	na	EST1361007101S1K_k141_55499	1590441	818778	51.4812	817254	99.8139	807236	98.7742	1524	0.1861	808750	98.7752	16055	1.9608	6027	37.5397	4516	28.1283	5309	33.0676	6270	39.0533	18804	65.8849	17889	43.5910	0.9930
ESO1350807120S1K	stools_11036101	na	EST1361007101S1K_k141_55499	1590441	483288	30.3870	481954	99.7240	476445	98.8569	1334	0.2760	477766	98.8574	8441	1.7466	2919	34.5812	1598	18.9314	3561	42.1869	3030	35.8962	18804	0.0000	12958	0.0000	0.9832
ESO1350807120S1K	stools_11037101	na	ESO1212705120S1K_k141_16	1917768	1172872	61.1582	1171682	99.8985	1141070	97.3873	1190	0.1015	1142201	97.3850	46414	3.9573	15743	33.9186	14640	31.5422	16055	34.5909	15981	34.4314	7932	0.0000	53610	0.0000	0.9679
ESO1350807120S1K	stools_11038501	na	ESO1212705120S1K_k141_16	1917768	1219310	63.5796	1217837	99.8792	1184939	97.2987	1473	0.1208	1186315	97.2940	49268	4.0406	16273	33.0296	14932	30.3077	16939	34.3813	17673	35.8712	7932	0.0000	22657	0.0000	0.9840
ESO1350807120S1K	stools_11055101	na	EST1361007101S1K_k141_55499	1590441	604442	38.0047	604096	99.9428	597101	98.8421	346	0.0572	597437	98.8411	10478	1.7335	3473	33.1456	3137	29.9389	3900	37.2208	3469	33.1075	18804	34.1151	21797	25.1594	0.9846
ESO1350807120S1K	stools_11055150	na	ESO1212705120S1K_k141_16	1917768	706351	36.8319	705543	99.8856	687166	97.3953	808	0.1144	687939	97.3934	27271	3.8608	8859	32.4851	8090	29.6652	9984	36.6103	9378	34.3882	7932	0.0000	39382	0.0000	0.9753
ESO1350807120S1K	stools_11106501	na	EST1361007101S1K_k141_55499	1590441	237472	14.9312	237413	99.9752	234521	98.7819	59	0.0248	234580	98.7822	4046	1.7038	1154	28.5220	1095	27.0638	1645	40.6574	1321	32.6495	18804	0.0000	0	0.0000	0.9922
ESO1350807120S1K	stools_11107101	na	EST1361007101S1K_k141_55499	1590441	797333	50.1328	796958	99.9530	786690	98.7116	375	0.0470	787051	98.7105	15015	1.8832	4733	31.5218	4373	29.1242	5381	35.8375	5324	35.4579	18804	100.0000	38847	41.4678	0.9871
ESO1350807120S1K	stools_12062150	na	ESO1212705120S1K_k141_16	1917768	1232340	64.2591	1230753	99.8712	1196491	97.2162	1587	0.1288	1197951	97.2095	51203	4.1549	16814	32.8379	15441	30.1564	17228	33.6465	18897	36.9060	7932	0.0000	23195	0.0000	0.9838
ESO1350807120S1K	stools_12089102	na	EST1361007101S1K_k141_55499	1590441	594295	37.3667	593902	99.9339	586483	98.7508	393	0.0661	586872	98.7510	10909	1.8356	3486	31.9553	3097	28.3894	3874	35.5120	3979	36.4745	18804	65.8849	22393	49.0019	0.9878
ESO1350807120S1K	stools_12091101	na	EST1361007101S1K_k141_55499	1590441	764794	48.0869	764280	99.9328	754396	98.7068	514	0.0672	754900	98.7063	14770	1.9312	4876	33.0129	4382	29.6682	4919	33.3040	5507	37.2850	18804	100.0000	29751	54.3746	0.9894
ESO1350807120S1K	stools_12091150	na	EST1361007101S1K_k141_55499	1590441	796820	50.1006	795955	99.8914	785999	98.7492	865	0.1086	786850	98.7488	15272	1.9166	5302	34.7171	4451	29.1448	4984	32.6349	5908	38.6852	18804	100.0000	29767	54.0935	0.9893
ESO1350807120S1K	stools_12095102	na	EST1361007101S1K_k141_55499	1590441	684941	43.0661	684781	99.9766	676533	98.7955	160	0.0234	676689	98.7952	12281	1.7930	4029	32.8068	3873	31.5365	4211	34.2887	4259	34.6796	18804	100.0000	43657	40.2433	0.9857
ESO1350807120S1K	stools_12096102	na	EST1361007101S1K_k141_55499	1590441	501725	31.5463	501462	99.9476	495103	98.7319	263	0.0524	495360	98.7314	9012	1.7962	2647	29.3719	2390	26.5202	3338	37.0395	3331	36.9618	18804	65.8849	33786	30.7613	0.9831
ESO1350807120S1K	stools_12101102	na	EST1361007101S1K_k141_55499	1590441	799147	50.2469	798926	99.9723	788907	98.7459	221	0.0277	789122	98.7455	14607	1.8278	4582	31.3685	4368	29.9035	5233	35.8253	5069	34.7025	18804	65.8849	42310	25.3604	0.9782
ESO1350807120S1K	stools_12117101	na	EST1361007101S1K_k141_55499	1590441	465913	29.2946	465587	99.9300	459495	98.6915	326	0.0700	459813	98.6907	8983	1.9280	2883	32.0940	2566	28.5651	3034	33.7749	3423	38.1053	18804	65.8849	34136	31.5239	0.9833
ESO1350807120S1K	stools_12118101	na	EST1361007101S1K_k141_55499	1590441	565454	35.5533	565314	99.9752	558025	98.7106	140	0.0248	558159	98.7099	10044	1.7763	2749	27.3696	2615	26.0354	3888	38.7097	3595	35.7925	18804	65.8849	34404	30.1215	0.9794
ESO1350807120S1K	stools_12118150	na	EST1361007101S1K_k141_55499	1590441	593178	37.2964	593051	99.9786	586100	98.8279	127	0.0214	586223	98.8275	10494	1.7691	3539	33.7240	3416	32.5519	3759	35.8205	3359	32.0088	18804	100.0000	33835	49.9660	0.9876
ESO1350807120S1K	stools_12120101	na	ESO1212705120S1K_k141_16	1917768	1291022	67.3190	1289372	99.8722	1251508	97.0634	1650	0.1278	1253027	97.0570	55168	4.2732	17173	31.1286	15733	28.5183	17292	31.3443	22511	40.8045	7932	0.0000	0	0.0000	0.9959
ESO1356601120S1K	stools_11001501	na	EST1361007101S1K_k141_55499	1590441	175708	11.0478	175159	99.6875	173220	98.8930	549	0.3125	173764	98.8936	3183	1.8115	1239	38.9255	695	21.8347	1111	34.9042	1248	39.2083	18797	62.0259	29031	53.3051	0.9817
ESO1356601120S1K	stools_11009101	na	EST1361007101S1K_k141_55499	1590441	892195	56.0973	888785	99.6178	878515	98.8445	3410	0.3822	881874	98.8432	17136	1.9207	6815	39.7701	3484	20.3315	5781	33.7360	7232	42.2035	18797	70.5325	35313	40.9509	0.9817
ESO1356601120S1K	stools_11009150	na	EST1361007101S1K_k141_55499	1590441	547964	34.4536	546217	99.6812	540062	98.8732	1747	0.3188	541789	98.8731	9958	1.8173	3783	37.9896	2057	20.6568	3676	36.9150	3866	38.8231	18797	70.5325	26250	57.9467	0.9908
ESO1356601120S1K	stools_11010101	na	EST1361007101S1K_k141_55499	1590441	773054	48.6063	770626	99.6859	761890	98.8664	2428	0.3141	764288	98.8661	14161	1.8318	5395	38.0976	3005	21.2203	4972	35.1105	5648	39.8842	18797	37.9741	24361	45.6755	0.9818
ESO1356601120S1K	stools_11011101	na	NZ_CP049075.1	1754511	536960	30.6045	533733	99.3990	528260	98.9746	3227	0.6010	531458	98.9753	11044	2.0568	5542	50.1811	2454	22.2202	3455	31.2840	4494	40.6918	90107	76.5645	96400	69.1183	0.9653
ESO1356601120S1K	stools_11011101	na	EST1361007101S1K_k141_55499	1590441	677799	42.6170	674066	99.4492	667281	98.9934	3733	0.5508	670976	98.9934	12995	1.9172	6172	47.4952	2597	19.9846	4196	32.2893	5540	42.6318	18797	37.9741	21904	40.4401	0.9833
ESO1356601120S1K	stools_11021101	na	EST1361007101S1K_k141_55499	1590441	259151	16.2943	258377	99.7013	255613	98.9302	774	0.2987	256384	98.9323	4545	1.7538	1778	39.1199	1011	22.2442	1653	36.3696	1725	37.9538	18797	37.9741	9053	100.0000	0.9943
ESO1356601120S1K	stools_11022101	na	EST1361007101S1K_k141_55499	1590441	848055	53.3220	845515	99.7005	835471	98.8121	2540	0.2995	837971	98.8109	15869	1.8712	5785	36.4547	3285	20.7007	5578	35.1503	6472	40.7839	18797	70.5325	31063	48.8781	0.9842
ESO1356601120S1K	stools_11035101	na	EST1361007101S1K_k141_55499	1590441	833497	52.4067	829872	99.5651	820696	98.8943	3625	0.4349	824283	98.8945	15979	1.9171	6765	42.3368	3198	20.0138	5281	33.0496	6934	43.3945	18797	37.9741	17889	43.5910	0.9849
ESO1356601120S1K	stools_11036101	na	NZ_CP049075.1	1754511	441991	25.1917	439562	99.4504	435520	99.0804	2429	0.5496	437931	99.0814	8033	1.8175	3973	49.4585	1644	20.4656	3268	40.6822	2716	33.8105	90107	41.3508	73977	50.4184	0.9476
ESO1356601120S1K	stools_11036101	na	EST1361007101S1K_k141_55499	1590441	521368	32.7813	518602	99.4695	514044	99.1211	2766	0.5305	516785	99.1210	8862	1.6998	4279	48.2848	1626	18.3480	3497	39.4606	3247	36.6396	18797	0.0000	12958	0.0000	0.9800
ESO1356601120S1K	stools_11042501	na	NZ_CP049075.1	1754511	791788	45.1287	788904	99.6358	780162	98.8919	2884	0.3642	783014	98.8919	14515	1.8332	5741	39.5522	2898	19.9656	6287	43.3138	4923	33.9166	90107	78.4434	114886	64.8852	0.9583
ESO1356601120S1K	stools_11055101	na	NZ_CP049075.1	1754511	626469	35.7062	624218	99.6407	617640	98.9462	2251	0.3593	619867	98.9462	11850	1.8916	5248	44.2869	3046	25.7046	4292	36.2194	4070	34.3460	90107	44.1508	39270	100.0000	0.9680
ESO1356601120S1K	stools_11055101	na	EST1361007101S1K_k141_55499	1590441	700887	44.0687	698425	99.6487	691155	98.9591	2462	0.3513	693574	98.9566	12405	1.7699	5092	41.0480	2681	21.6123	4625	37.2834	4636	37.3720	18797	29.4675	21797	25.1594	0.9813
ESO1356601120S1K	stools_11106501	na	EST1361007101S1K_k141_55499	1590441	227113	14.2799	226377	99.6759	223936	98.9217	736	0.3241	224664	98.9217	3962	1.7445	1513	38.1878	785	19.8132	1662	41.9485	1357	34.2504	18797	0.0000	0	0.0000	1.0000
ESO1356601120S1K	stools_11107101	na	EST1361007101S1K_k141_55499	1590441	867111	54.5202	864311	99.6771	855173	98.9427	2800	0.3229	857939	98.9422	15760	1.8175	6588	41.8020	3831	24.3084	5185	32.8997	6086	38.6168	18797	100.0000	38847	58.9466	0.9871
ESO1356601120S1K	stools_12089102	na	EST1361007101S1K_k141_55499	1590441	559144	35.1565	557178	99.6484	550973	98.8864	1966	0.3516	552914	98.8858	10188	1.8221	3958	38.8496	2019	19.8174	3634	35.6694	4192	41.1464	18797	37.9741	22393	49.0019	0.9830
ESO1356601120S1K	stools_12091101	na	EST1361007101S1K_k141_55499	1590441	840286	52.8335	837470	99.6649	828360	98.9122	2816	0.3351	831139	98.9114	15665	1.8642	6518	41.6087	3768	24.0536	4665	29.7798	6370	40.6639	18797	100.0000	29751	76.7638	0.9929
ESO1356601120S1K	stools_12091150	na	EST1361007101S1K_k141_55499	1590441	818456	51.4609	815398	99.6264	806881	98.9555	3058	0.3736	809907	98.9555	15158	1.8520	6609	43.6007	3593	23.7037	4560	30.0831	6182	40.7837	18797	100.0000	29767	76.7965	0.9928
ESO1356601120S1K	stools_12095102	na	EST1361007101S1K_k141_55499	1590441	669053	42.0671	666993	99.6921	659461	98.8708	2060	0.3079	661495	98.8703	12129	1.8129	4571	37.6865	2537	20.9168	4357	35.9222	4757	39.2201	18797	67.4416	43657	40.2433	0.9765
ESO1356601120S1K	stools_12096102	na	NZ_CP049075.1	1754511	597349	34.0465	595289	99.6551	588409	98.8443	2060	0.3449	590439	98.8432	11582	1.9389	4672	40.3385	2655	22.9235	4343	37.4978	4229	36.5136	90107	57.4817	64235	100.0000	0.9699
ESO1356601120S1K	stools_12096102	na	EST1361007101S1K_k141_55499	1590441	594170	37.3588	592137	99.6578	585429	98.8672	2033	0.3422	587436	98.8667	10865	1.8286	4131	38.0212	2125	19.5582	4069	37.4505	4276	39.3557	18797	70.5325	33786	51.9091	0.9835
ESO1356601120S1K	stools_12101102	na	EST1361007101S1K_k141_55499	1590441	807333	50.7616	804932	99.7026	795600	98.8406	2401	0.2974	797972	98.8405	14790	1.8320	5429	36.7072	3060	20.6897	5199	35.1521	6008	40.6220	18797	70.5325	42310	42.3304	0.9781
ESO1356601120S1K	stools_12117101	na	NZ_CP049075.1	1754511	559186	31.8713	557325	99.6672	550423	98.7616	1861	0.3328	552253	98.7602	11412	2.0408	4479	39.2482	2659	23.3000	3914	34.2972	4530	39.6951	90107	57.4817	58118	100.0000	0.9671
ESO1356601120S1K	stools_12117101	na	EST1361007101S1K_k141_55499	1590441	581942	36.5900	580040	99.6732	573160	98.8139	1902	0.3268	575026	98.8116	11025	1.8945	4109	37.2698	2246	20.3719	3762	34.1224	4661	42.2766	18797	70.5325	34136	52.5105	0.9833
ESO1356601120S1K	stools_12118101	na	NZ_CP049075.1	1754511	641962	36.5892	639872	99.6744	632445	98.8393	2090	0.3256	634507	98.8387	12357	1.9249	4902	39.6698	2857	23.1205	4724	38.2293	4406	35.6559	90107	91.7742	99533	100.0000	0.9849
ESO1356601120S1K	stools_12118101	na	EST1361007101S1K_k141_55499	1590441	655934	41.2423	653924	99.6936	646659	98.8890	2010	0.3064	648644	98.8886	11581	1.7656	4291	37.0521	2308	19.9292	4392	37.9242	4468	38.5804	18797	70.5325	34404	50.9824	0.9831
ESO1356601120S1K	stools_12118150	na	EST1361007101S1K_k141_55499	1590441	553397	34.7952	551682	99.6901	545688	98.9135	1715	0.3099	547380	98.9127	9861	1.7819	3844	38.9818	2152	21.8233	3691	37.4303	3642	36.9334	18797	67.4416	33835	49.9660	0.9827
ESO1356602120S1K	stools_11001501	na	EST1361007101S1K_k141_55499	1590441	173640	10.9177	173143	99.7138	171104	98.8224	497	0.2862	171598	98.8240	3251	1.8723	1209	37.1886	715	21.9932	1217	37.4346	1211	37.2501	12571	100.0000	29031	100.0000	0.9817
ESO1356602120S1K	stools_11009101	na	EST1361007101S1K_k141_55499	1590441	900440	56.6157	896788	99.5944	886041	98.8016	3652	0.4056	889628	98.7993	18290	2.0312	7478	40.8857	3953	21.6129	6567	35.9049	7142	39.0487	12571	47.3550	35313	30.5468	0.9773
ESO1356602120S1K	stools_11009150	na	EST1361007101S1K_k141_55499	1590441	533006	33.5131	531231	99.6670	525067	98.8397	1775	0.3330	526819	98.8392	10267	1.9262	4080	39.7390	2337	22.7622	3886	37.8494	3686	35.9014	12571	47.3550	26250	42.0533	0.9830
ESO1356602120S1K	stools_11010101	na	EST1361007101S1K_k141_55499	1590441	773266	48.6196	770727	99.6717	761869	98.8507	2539	0.3283	764377	98.8505	14781	1.9115	5892	39.8620	3392	22.9484	5453	36.8920	5360	36.2628	12571	0.0000	24361	0.0000	0.9768
ESO1356602120S1K	stools_11011101	na	NZ_CP049075.1	1754511	625348	35.6423	621535	99.3903	614791	98.9149	3813	0.6097	618555	98.9137	13179	2.1075	6386	48.4559	2779	21.0866	4355	33.0450	5332	40.4583	120678	88.5746	96400	100.0000	0.9747
ESO1356602120S1K	stools_11011101	na	EST1361007101S1K_k141_55499	1590441	692045	43.5128	688017	99.4180	680516	98.9098	4028	0.5820	684486	98.9077	14332	2.0710	6773	47.2579	2927	20.4228	4944	34.4962	5715	39.8758	12571	47.3550	21904	36.3495	0.9843
ESO1356602120S1K	stools_11021101	na	EST1361007101S1K_k141_55499	1590441	265578	16.6984	264780	99.6995	261792	98.8715	798	0.3005	262582	98.8719	4937	1.8590	1941	39.3154	1157	23.4353	1855	37.5734	1748	35.4061	12571	0.0000	9053	0.0000	0.9943
ESO1356602120S1K	stools_11022101	na	EST1361007101S1K_k141_55499	1590441	845011	53.1306	842346	99.6846	832198	98.7953	2665	0.3154	834820	98.7940	16546	1.9581	6355	38.4081	3742	22.6157	6116	36.9636	6156	37.2054	12571	47.3550	31063	34.7616	0.9800
ESO1356602120S1K	stools_11035101	na	EST1361007101S1K_k141_55499	1590441	832962	52.3730	829189	99.5470	819676	98.8527	3773	0.4530	823412	98.8535	16853	2.0233	7303	43.3335	3591	21.3078	5962	35.3765	6727	39.9157	12571	0.0000	17889	0.0000	0.9808
ESO1356602120S1K	stools_11036101	na	NZ_CP049075.1	1754511	472692	26.9415	470105	99.4527	465653	99.0530	2587	0.5473	468215	99.0529	8735	1.8479	4258	48.7464	1780	20.3778	3518	40.2748	2983	34.1500	120678	60.1004	73977	92.5220	0.9604
ESO1356602120S1K	stools_11036101	na	EST1361007101S1K_k141_55499	1590441	519466	32.6618	516558	99.4402	511667	99.0532	2908	0.5598	514546	99.0529	9466	1.8223	4546	48.0245	1741	18.3921	3995	42.2037	3212	33.9320	12571	47.3550	12958	60.4723	0.9898
ESO1356602120S1K	stools_11042501	na	NZ_CP049075.1	1754511	894338	50.9736	891071	99.6347	880810	98.8485	3267	0.3653	884045	98.8491	16903	1.8900	6610	39.1055	3409	20.1680	7208	42.6433	5761	34.0827	120678	84.2424	114886	94.8079	0.9792
ESO1356602120S1K	stools_11055101	na	NZ_CP049075.1	1754511	694498	39.5836	691919	99.6287	684285	98.8967	2579	0.3713	686828	98.8956	13244	1.9070	5574	42.0870	3063	23.1275	4981	37.6095	4708	35.5482	120678	31.2866	39270	100.0000	0.9500
ESO1356602120S1K	stools_11055101	na	EST1361007101S1K_k141_55499	1590441	722890	45.4522	720252	99.6351	712178	98.8790	2638	0.3649	714771	98.8769	13732	1.8996	5613	40.8753	3037	22.1162	5388	39.2368	4812	35.0422	12571	100.0000	21797	76.2169	0.9927
ESO1356602120S1K	stools_11106501	na	EST1361007101S1K_k141_55499	1590441	223441	14.0490	222670	99.6549	220172	98.8782	771	0.3451	220937	98.8793	4107	1.8381	1603	39.0309	838	20.4042	1842	44.8503	1269	30.8985	12571	0.0000	0	0.0000	1.0000
ESO1356602120S1K	stools_11107101	na	EST1361007101S1K_k141_55499	1590441	871296	54.7833	868338	99.6605	857810	98.7876	2958	0.3395	860718	98.7859	17276	1.9828	6698	38.7705	3818	22.1000	6435	37.2482	6465	37.4219	12571	100.0000	38847	42.0547	0.9819
ESO1356602120S1K	stools_12089102	na	EST1361007101S1K_k141_55499	1590441	554917	34.8908	552887	99.6342	546465	98.8385	2030	0.3658	548468	98.8378	10661	1.9212	4212	39.5085	2209	20.7204	4045	37.9420	4027	37.7732	12571	47.3550	22393	50.9981	0.9854
ESO1356602120S1K	stools_12091101	na	EST1361007101S1K_k141_55499	1590441	848317	53.3385	845227	99.6357	836439	98.9603	3090	0.3643	839498	98.9604	16302	1.9217	7483	45.9023	4466	27.3954	5186	31.8120	5780	35.4558	12571	52.6450	29751	41.7398	0.9809
ESO1356602120S1K	stools_12091150	na	EST1361007101S1K_k141_55499	1590441	820708	51.6025	817433	99.6010	809378	99.0146	3275	0.3990	812623	99.0149	15566	1.8967	7481	48.0599	4250	27.3031	4922	31.6202	5585	35.8795	12571	52.6450	29767	41.8853	0.9809
ESO1356602120S1K	stools_12095102	na	EST1361007101S1K_k141_55499	1590441	662115	41.6309	659964	99.6751	652827	98.9186	2151	0.3249	654947	98.9174	12239	1.8485	5071	41.4331	2951	24.1114	4506	36.8167	4282	34.9865	12571	100.0000	43657	27.6451	0.9757
ESO1356602120S1K	stools_12096102	na	NZ_CP049075.1	1754511	669658	38.1678	667239	99.6388	659788	98.8833	2419	0.3612	662169	98.8817	12728	1.9007	5239	41.1612	2874	22.5801	4965	39.0085	4422	34.7423	120678	40.7846	64235	100.0000	0.9491
ESO1356602120S1K	stools_12096102	na	EST1361007101S1K_k141_55499	1590441	611730	38.4629	609485	99.6330	602628	98.8750	2245	0.3670	604837	98.8732	11699	1.9124	4806	41.0804	2604	22.2583	4469	38.1998	4201	35.9091	12571	100.0000	33786	54.2088	0.9785
ESO1356602120S1K	stools_12101102	na	EST1361007101S1K_k141_55499	1590441	806244	50.6931	803642	99.6773	794469	98.8586	2602	0.3227	797035	98.8578	15257	1.8924	6048	39.6408	3487	22.8551	5748	37.6745	5458	35.7737	12571	100.0000	42310	43.3987	0.9733
ESO1356602120S1K	stools_12117101	na	NZ_CP049075.1	1754511	647432	36.9010	645179	99.6520	637583	98.8227	2253	0.3480	639804	98.8218	12863	1.9868	5235	40.6981	3031	23.5637	4601	35.7693	4766	37.0520	120678	40.7846	58118	100.0000	0.9464
ESO1356602120S1K	stools_12117101	na	EST1361007101S1K_k141_55499	1590441	603074	37.9187	600808	99.6243	593811	98.8354	2266	0.3757	596027	98.8315	12084	2.0037	5037	41.6832	2829	23.4111	4245	35.1291	4569	37.8103	12571	100.0000	34136	53.5505	0.9783
ESO1356602120S1K	stools_12118101	na	NZ_CP049075.1	1754511	710952	40.5214	708581	99.6665	700669	98.8834	2371	0.3335	703005	98.8822	13309	1.8720	5362	40.2885	3044	22.8717	5252	39.4620	4531	34.0446	120678	69.2587	99533	100.0000	0.9682
ESO1356602120S1K	stools_12118101	na	EST1361007101S1K_k141_55499	1590441	672119	42.2599	669868	99.6651	662414	98.8872	2251	0.3349	664623	98.8847	12460	1.8538	4964	39.8395	2758	22.1348	4901	39.3339	4350	34.9117	12571	100.0000	34404	53.1828	0.9782
ESO1356602120S1K	stools_12118150	na	EST1361007101S1K_k141_55499	1590441	540566	33.9884	538762	99.6663	532721	98.8787	1804	0.3337	534500	98.8778	10102	1.8688	4036	39.9525	2257	22.3421	4009	39.6852	3443	34.0824	12571	100.0000	33835	51.6122	0.9857
ESO1356609120S1K	stools_11006101	na	ESO1212705120S1K_k141_16	1917768	677342	35.3193	677042	99.9557	661906	97.7644	300	0.0443	662198	97.7642	22074	3.2589	6930	31.3944	6638	30.0716	7191	32.5768	8390	38.0085	8232	100.0000	49293	17.0957	0.9785
ESO1356609120S1K	stools_11015101	na	ESO1212705120S1K_k141_16	1917768	1328732	69.2853	1316931	99.1119	1290292	97.9772	11801	0.8881	1301875	97.9787	50550	3.8044	23693	46.8704	12128	23.9921	13292	26.2948	22508	44.5262	8232	0.0000	28481	0.0000	0.9809
ESO1356609120S1K	stools_11015501	na	ESO1212705120S1K_k141_16	1917768	1279778	66.7327	1270828	99.3007	1244220	97.9062	8950	0.6993	1253006	97.9081	47599	3.7193	20827	43.7551	12052	25.3199	13109	27.5405	20667	43.4190	8232	0.0000	34311	0.0000	0.9778
ESO1356609120S1K	stools_11025101	na	ESO1212705120S1K_k141_16	1917768	1134657	59.1655	1134069	99.9482	1107518	97.6588	588	0.0518	1108081	97.6578	38692	3.4100	12116	31.3140	11561	29.8796	12425	32.1126	14984	38.7264	8232	0.0000	65594	0.0000	0.9615
ESO1356609120S1K	stools_11025102	na	ESO1212705120S1K_k141_16	1917768	1066452	55.6090	1065867	99.9451	1041245	97.6900	585	0.0549	1041804	97.6888	35983	3.3741	11335	31.5010	10790	29.9864	11555	32.1124	13883	38.5821	8232	0.0000	61221	0.0000	0.9638
ESO1356609120S1K	stools_11030150	na	ESO1212705120S1K_k141_16	1917768	1336872	69.7098	1335180	99.8734	1324297	99.1849	1692	0.1266	1325963	99.1840	33185	2.4823	22276	67.1267	20614	62.1184	6010	18.1106	6631	19.9819	8232	100.0000	13220	60.8775	0.9972
ESO1356609120S1K	stools_11030501	na	ESO1212705120S1K_k141_16	1917768	1418094	73.9450	1416014	99.8533	1404301	99.1728	2080	0.1467	1406349	99.1718	36046	2.5419	24301	67.4166	22267	61.7738	6373	17.6802	7460	20.6958	8232	100.0000	13103	61.3524	0.9972
ESO1356609120S1K	stools_11031101	na	ESO1212705120S1K_k141_16	1917768	1271060	66.2781	1269910	99.9095	1238442	97.5220	1150	0.0905	1239519	97.5185	46116	3.6282	14575	31.6051	13504	29.2827	13938	30.2238	18939	41.0682	8232	0.0000	13723	0.0000	0.9886
ESO1356609120S1K	stools_11031150	na	ESO1212705120S1K_k141_16	1917768	1166537	60.8278	1165793	99.9362	1135968	97.4417	744	0.0638	1136652	97.4381	43334	3.7148	13449	31.0357	12776	29.4826	12931	29.8403	17893	41.2909	8232	0.0000	18970	0.0000	0.9858
ESO1356609120S1K	stools_11031501	na	ESO1212705120S1K_k141_16	1917768	1141065	59.4996	1140414	99.9429	1111031	97.4235	651	0.0571	1111632	97.4206	42525	3.7268	13092	30.7866	12496	29.3851	12668	29.7895	17647	41.4979	8232	0.0000	13708	0.0000	0.9886
ESO1356609120S1K	stools_11035101	na	ESO1212705120S1K_k141_16	1917768	1181227	61.5938	1180140	99.9080	1149868	97.4349	1087	0.0920	1150891	97.4318	43874	3.7143	13538	30.8565	12533	28.5659	13128	29.9220	18457	42.0682	8232	0.0000	13728	0.0000	0.9885
ESO1356609120S1K	stools_11037101	na	ESO1212705120S1K_k141_16	1917768	1217357	63.4778	1216622	99.9396	1188109	97.6564	735	0.0604	1188809	97.6549	42183	3.4651	13635	32.3234	12942	30.6806	13300	31.5293	16240	38.4989	8232	0.0000	53610	0.0000	0.9678
ESO1356609120S1K	stools_11038501	na	ESO1212705120S1K_k141_16	1917768	1274276	66.4458	1273179	99.9139	1243399	97.6610	1097	0.0861	1244451	97.6595	44546	3.4958	14721	33.0467	13684	30.7188	13624	30.5841	17479	39.2381	8232	0.0000	22657	0.0000	0.9865
ESO1356609120S1K	stools_11055150	na	ESO1212705120S1K_k141_16	1917768	797870	41.6041	797147	99.9094	778766	97.6942	723	0.0906	779472	97.6941	27017	3.3861	8619	31.9021	7930	29.3519	8754	32.4018	10549	39.0458	8232	0.0000	39382	0.0000	0.9752
ESO1356609120S1K	stools_12062150	na	ESO1212705120S1K_k141_16	1917768	1234779	64.3863	1233873	99.9266	1203223	97.5160	906	0.0734	1204069	97.5129	44789	3.6273	14079	31.4341	13244	29.5698	13593	30.3490	18246	40.7377	8232	0.0000	23195	0.0000	0.9836
ESO1356609120S1K	stools_12120101	na	ESO1212705120S1K_k141_16	1917768	1248933	65.1243	1248103	99.9335	1214157	97.2802	830	0.0665	1214923	97.2769	47393	3.7947	13383	28.2383	12621	26.6305	13743	28.9980	21383	45.1185	8232	0.0000	0	0.0000	0.9957
ESO1356611120S1K	stools_11006101	na	ESO1212705120S1K_k141_16	1917768	640982	33.4233	640719	99.9590	624636	97.4899	263	0.0410	624881	97.4881	22780	3.5539	6679	29.3196	6434	28.2441	7833	34.3854	8677	38.0904	7989	100.0000	49293	17.0957	0.9784
ESO1356611120S1K	stools_11015101	na	ESO1212705120S1K_k141_16	1917768	1402235	73.1181	1388775	99.0401	1356785	97.6965	13460	0.9599	1369942	97.6970	59197	4.2216	26904	45.4482	13869	23.4286	16154	27.2885	26479	44.7303	7989	0.0000	28481	0.0000	0.9810
ESO1356611120S1K	stools_11015501	na	ESO1212705120S1K_k141_16	1917768	1347771	70.2781	1337862	99.2648	1306525	97.6577	9909	0.7352	1316235	97.6601	54773	4.0640	23237	42.4242	13591	24.8133	15730	28.7185	23618	43.1198	7989	0.0000	34311	0.0000	0.9779
ESO1356611120S1K	stools_11025101	na	ESO1212705120S1K_k141_16	1917768	1109519	57.8547	1108923	99.9463	1080197	97.4096	596	0.0537	1080758	97.4078	41126	3.7067	12365	30.0661	11811	28.7191	13545	32.9354	16045	39.0142	7989	0.0000	65594	0.0000	0.9616
ESO1356611120S1K	stools_11025102	na	ESO1212705120S1K_k141_16	1917768	1037939	54.1222	1037348	99.9431	1010612	97.4227	591	0.0569	1011164	97.4204	38272	3.6873	11497	30.0402	10949	28.6084	12732	33.2671	14813	38.7045	7989	0.0000	61221	0.0000	0.9639
ESO1356611120S1K	stools_11030150	na	ESO1212705120S1K_k141_16	1917768	1336349	69.6825	1334618	99.8705	1305086	97.7872	1731	0.1295	1306739	97.7843	44831	3.3547	15221	33.9520	13592	30.3183	15571	34.7327	15940	35.5558	7989	100.0000	13220	60.8775	0.9973
ESO1356611120S1K	stools_11030501	na	ESO1212705120S1K_k141_16	1917768	1454065	75.8207	1451747	99.8406	1419013	97.7452	2318	0.1594	1421210	97.7405	50353	3.4629	17498	34.7507	15337	30.4590	17198	34.1549	18105	35.9561	7989	100.0000	13103	61.3524	0.9973
ESO1356611120S1K	stools_11031101	na	ESO1212705120S1K_k141_16	1917768	1333461	69.5319	1331663	99.8652	1294051	97.1756	1798	0.1348	1295747	97.1717	54161	4.0617	16447	30.3669	14828	27.3776	17000	31.3879	22661	41.8401	7989	0.0000	13723	0.0000	0.9887
ESO1356611120S1K	stools_11031150	na	ESO1212705120S1K_k141_16	1917768	1296995	67.6304	1295625	99.8944	1258399	97.1268	1370	0.1056	1259680	97.1230	53207	4.1023	15892	29.8683	14702	27.6317	16661	31.3135	22221	41.7633	7989	0.0000	18970	0.0000	0.9859
ESO1356611120S1K	stools_11031501	na	ESO1212705120S1K_k141_16	1917768	1291906	67.3651	1290516	99.8924	1253295	97.1158	1390	0.1076	1254599	97.1123	53041	4.1056	15734	29.6638	14509	27.3543	16544	31.1910	22338	42.1146	7989	0.0000	13708	0.0000	0.9887
ESO1356611120S1K	stools_11035101	na	ESO1212705120S1K_k141_16	1917768	1320569	68.8597	1318539	99.8463	1280834	97.1404	2030	0.1537	1282736	97.1351	54331	4.1142	16498	30.3657	14700	27.0564	16893	31.0927	22996	42.3257	7989	0.0000	13728	0.0000	0.9887
ESO1356611120S1K	stools_11037101	na	ESO1212705120S1K_k141_16	1917768	1265825	66.0051	1264826	99.9211	1231432	97.3598	999	0.0789	1232364	97.3566	48471	3.8292	15010	30.9670	14129	29.1494	15815	32.6278	18871	38.9326	7989	0.0000	53610	0.0000	0.9679
ESO1356611120S1K	stools_11038501	na	ESO1212705120S1K_k141_16	1917768	1306830	68.1433	1305552	99.9022	1270475	97.3132	1278	0.0978	1271689	97.3110	50560	3.8689	15419	30.4964	14247	28.1784	16420	32.4763	20210	39.9723	7989	0.0000	22657	0.0000	0.9840
ESO1356611120S1K	stools_11055150	na	ESO1212705120S1K_k141_16	1917768	774159	40.3677	773477	99.9119	753559	97.4249	682	0.0881	754207	97.4228	28464	3.6768	8512	29.9044	7866	27.6349	9677	33.9973	11141	39.1407	7989	0.0000	39382	0.0000	0.9753
ESO1356611120S1K	stools_12062150	na	ESO1212705120S1K_k141_16	1917768	1312947	68.4622	1311454	99.8863	1274833	97.2076	1493	0.1137	1276224	97.2030	52770	4.0192	16047	30.4093	14734	27.9212	16574	31.4080	21785	41.2829	7989	0.0000	23195	0.0000	0.9837
ESO1356611120S1K	stools_12120101	na	ESO1212705120S1K_k141_16	1917768	1371576	71.5194	1370104	99.8927	1329554	97.0404	1472	0.1073	1330915	97.0355	57084	4.1619	16423	28.7699	15155	26.5486	16714	29.2797	25620	44.8812	7989	0.0000	0	0.0000	0.9958
ESO1356618120S1K	stools_11006101	na	ESO1212705120S1K_k141_16	1917768	748620	39.0360	748281	99.9547	731121	97.7067	339	0.0453	731443	97.7055	25904	3.4602	8727	33.6898	8405	32.4467	9082	35.0602	8606	33.2227	36569	69.6656	49293	56.4867	0.9874
ESO1356618120S1K	stools_11015101	na	ESO1212705120S1K_k141_16	1917768	1534540	80.0170	1520126	99.0607	1487531	97.8558	14414	0.9393	1501655	97.8570	63679	4.1497	30794	48.3582	16756	26.3132	18578	29.1745	24779	38.9124	36569	64.5875	28481	81.8335	0.9902
ESO1356618120S1K	stools_11015501	na	ESO1212705120S1K_k141_16	1917768	1480047	77.1755	1469039	99.2562	1436713	97.7995	11008	0.7438	1447504	97.8012	59697	4.0335	27154	45.4864	16393	27.4603	18247	30.5660	22564	37.7975	36569	64.5875	34311	69.1440	0.9875
ESO1356618120S1K	stools_11025101	na	ESO1212705120S1K_k141_16	1917768	1270015	66.2236	1269321	99.9454	1238558	97.5764	694	0.0546	1239216	97.5749	46350	3.6496	15551	33.5512	14896	32.1381	16034	34.5933	15776	34.0367	36569	78.3095	65594	43.4262	0.9727
ESO1356618120S1K	stools_11025102	na	ESO1212705120S1K_k141_16	1917768	1184150	61.7463	1183470	99.9426	1154756	97.5737	680	0.0574	1155398	97.5719	42987	3.6302	14235	33.1147	13599	31.6351	15000	34.8943	14719	34.2406	36569	51.4397	61221	29.5291	0.9647
ESO1356618120S1K	stools_11030150	na	ESO1212705120S1K_k141_16	1917768	1433637	74.7555	1431644	99.8610	1396972	97.5782	1993	0.1390	1398878	97.5755	52021	3.6286	17262	33.1828	15367	29.5400	20457	39.3245	16546	31.8064	36569	35.4125	13220	100.0000	0.9875
ESO1356618120S1K	stools_11030501	na	ESO1212705120S1K_k141_16	1917768	1537124	80.1517	1534595	99.8355	1496625	97.5257	2529	0.1645	1499029	97.5217	57267	3.7256	19172	33.4783	16784	29.3083	22229	38.8164	18656	32.5772	36569	35.4125	13103	100.0000	0.9875
ESO1356618120S1K	stools_11031101	na	ESO1212705120S1K_k141_16	1917768	1471116	76.7098	1469275	99.8749	1430107	97.3342	1841	0.1251	1431832	97.3296	58850	4.0004	19566	33.2472	17885	30.3908	19814	33.6686	21556	36.6287	36569	47.9751	13723	100.0000	0.9880
ESO1356618120S1K	stools_11031150	na	ESO1212705120S1K_k141_16	1917768	1375533	71.7257	1374162	99.9003	1336557	97.2634	1371	0.0997	1337834	97.2593	56229	4.0878	18530	32.9545	17303	30.7724	18898	33.6090	20426	36.3265	36569	47.9751	18970	72.5356	0.9852
ESO1356618120S1K	stools_11031501	na	ESO1212705120S1K_k141_16	1917768	1352764	70.5385	1351407	99.8997	1314150	97.2431	1357	0.1003	1315411	97.2388	55623	4.1118	18270	32.8461	17051	30.6546	18717	33.6497	20273	36.4472	36569	47.9751	13708	100.0000	0.9880
ESO1356618120S1K	stools_11035101	na	ESO1212705120S1K_k141_16	1917768	1391052	72.5349	1389176	99.8651	1351462	97.2852	1876	0.1349	1353214	97.2799	56868	4.0881	19030	33.4635	17332	30.4776	19119	33.6200	20775	36.5320	36569	47.9751	13728	100.0000	0.9880
ESO1356618120S1K	stools_11037101	na	ESO1212705120S1K_k141_16	1917768	1385930	72.2679	1384876	99.9239	1349895	97.4741	1054	0.0761	1350884	97.4713	52769	3.8075	17723	33.5860	16744	31.7308	18452	34.9675	17928	33.9745	36569	78.3095	53610	51.7944	0.9814
ESO1356618120S1K	stools_11038501	na	ESO1212705120S1K_k141_16	1917768	1461905	76.2295	1460443	99.9000	1423423	97.4652	1462	0.1000	1424803	97.4621	55884	3.8227	18782	33.6089	17415	31.1628	19330	34.5895	19484	34.8651	36569	47.9751	22657	77.9185	0.9873
ESO1356618120S1K	stools_11055150	na	ESO1212705120S1K_k141_16	1917768	887781	46.2924	886962	99.9077	865227	97.5495	819	0.0923	866018	97.5486	32623	3.6747	10860	33.2894	10071	30.8709	11670	35.7723	11109	34.0527	36569	47.9751	39382	45.2542	0.9811
ESO1356618120S1K	stools_12062150	na	ESO1212705120S1K_k141_16	1917768	1436371	74.8981	1434838	99.8933	1396694	97.3416	1533	0.1067	1398122	97.3371	57178	3.9807	18929	33.1054	17544	30.6831	19408	33.9431	20608	36.0418	36569	47.9751	23195	75.9043	0.9870
ESO1356618120S1K	stools_12120101	na	ESO1212705120S1K_k141_16	1917768	1429762	74.5534	1428251	99.8943	1388204	97.1961	1511	0.1057	1389605	97.1914	59526	4.1634	19369	32.5387	18004	30.2456	19294	32.4127	22689	38.1161	36569	0.0000	0	0.0000	0.9809
ESO1356803120S1K	stools_11001501	na	EST1361007101S1K_k141_55499	1590441	231496	14.5555	231441	99.9762	228679	98.8066	55	0.0238	228730	98.8052	4088	1.7659	1322	32.3386	1271	31.0910	1254	30.6751	1579	38.6252	35142	67.1077	29031	100.0000	0.9817
ESO1356803120S1K	stools_11009101	na	EST1361007101S1K_k141_55499	1590441	1090549	68.5690	1089272	99.8829	1075655	98.7499	1277	0.1171	1076900	98.7484	20636	1.8923	6987	33.8583	5754	27.8833	6431	31.1640	8360	40.5117	35142	84.1329	35313	85.8098	0.9913
ESO1356803120S1K	stools_11009150	na	EST1361007101S1K_k141_55499	1590441	700358	44.0355	700133	99.9679	691266	98.7335	225	0.0321	691485	98.7331	12723	1.8166	3850	30.2602	3636	28.5782	4224	33.1997	4903	38.5365	35142	69.4411	26250	100.0000	0.9976
ESO1356803120S1K	stools_11010101	na	EST1361007101S1K_k141_55499	1590441	960080	60.3656	959691	99.9595	947802	98.7612	389	0.0405	948182	98.7607	17371	1.8093	5473	31.5065	5098	29.3478	5635	32.4391	6725	38.7139	35142	32.8923	24361	66.6311	0.9737
ESO1356803120S1K	stools_11011101	na	EST1361007101S1K_k141_55499	1590441	734154	46.1604	731835	99.6841	723460	98.8556	2319	0.3159	725757	98.8562	14050	1.9138	5653	40.2349	3357	23.8932	4348	30.9466	5834	41.5231	35142	64.0174	21904	100.0000	0.9853
ESO1356803120S1K	stools_11021101	na	EST1361007101S1K_k141_55499	1590441	336076	21.1310	335937	99.9586	331880	98.7923	139	0.0414	332015	98.7916	5901	1.7559	1840	31.1812	1705	28.8934	1982	33.5875	2233	37.8410	35142	18.2004	9053	100.0000	0.9874
ESO1356803120S1K	stools_11022101	na	EST1361007101S1K_k141_55499	1590441	1014871	63.8107	1014539	99.9673	1001475	98.7123	332	0.0327	1001796	98.7117	18869	1.8593	5794	30.7064	5487	29.0794	6128	32.4765	7334	38.8680	35142	84.1329	31063	100.0000	0.9907
ESO1356803120S1K	stools_11035101	na	EST1361007101S1K_k141_55499	1590441	1025048	64.4506	1023244	99.8240	1010921	98.7957	1804	0.1760	1012703	98.7957	19473	1.8997	7128	36.6045	5354	27.4945	5935	30.4781	8215	42.1866	35142	32.8923	17889	71.9772	0.9801
ESO1356803120S1K	stools_11036101	na	EST1361007101S1K_k141_55499	1590441	602707	37.8956	601093	99.7322	594502	98.9035	1614	0.2678	596098	98.9034	10187	1.6902	3578	35.1232	1982	19.4562	3992	39.1872	3899	38.2743	35142	45.8170	12958	100.0000	0.9859
ESO1356803120S1K	stools_11055101	na	EST1361007101S1K_k141_55499	1590441	785031	49.3593	784477	99.9294	775188	98.8159	554	0.0706	775726	98.8147	13475	1.7165	4170	30.9462	3633	26.9610	4753	35.2727	5116	37.9666	35142	61.6840	21797	100.0000	0.9911
ESO1356803120S1K	stools_11106501	na	EST1361007101S1K_k141_55499	1590441	293163	18.4328	293089	99.9748	289616	98.8150	74	0.0252	289689	98.8150	4846	1.6530	1372	28.3120	1301	26.8469	1851	38.1965	1714	35.3694	35142	0.0000	0	0.0000	0.9931
ESO1356803120S1K	stools_11107101	na	EST1361007101S1K_k141_55499	1590441	1039651	65.3687	1039080	99.9451	1027685	98.9034	571	0.0549	1028240	98.9024	18447	1.7743	7036	38.1417	6484	35.1493	5431	29.4411	6567	35.5993	35142	100.0000	38847	100.0000	0.9937
ESO1356803120S1K	stools_12089102	na	EST1361007101S1K_k141_55499	1590441	718918	45.2024	718447	99.9345	709698	98.7822	471	0.0655	710162	98.7821	12781	1.7778	4025	31.4921	3561	27.8617	4053	31.7111	5234	40.9514	35142	49.3256	22393	100.0000	0.9887
ESO1356803120S1K	stools_12091101	na	EST1361007101S1K_k141_55499	1590441	989919	62.2418	989203	99.9277	976026	98.6679	716	0.0723	976725	98.6672	19147	1.9342	5953	31.0910	5263	27.4873	5979	31.2268	7931	41.4216	35142	54.1830	29751	76.7638	0.9819
ESO1356803120S1K	stools_12091150	na	EST1361007101S1K_k141_55499	1590441	1004037	63.1295	1002940	99.8907	989962	98.7060	1097	0.1093	991040	98.7055	19311	1.9233	6314	32.6964	5236	27.1141	5971	30.9202	8186	42.3903	35142	54.1830	29767	76.7965	0.9819
ESO1356803120S1K	stools_12095102	na	EST1361007101S1K_k141_55499	1590441	840185	52.8272	839949	99.9719	829612	98.7693	236	0.0281	829836	98.7682	14928	1.7768	4579	30.6739	4355	29.1734	4849	32.4826	5771	38.6589	35142	79.8845	43657	66.7568	0.9797
ESO1356803120S1K	stools_12096102	na	EST1361007101S1K_k141_55499	1590441	659215	41.4486	658811	99.9387	650255	98.7013	404	0.0613	650651	98.7009	11965	1.8150	3401	28.4246	3010	25.1567	4203	35.1275	4815	40.2424	35142	84.1329	33786	100.0000	0.9900
ESO1356803120S1K	stools_12101102	na	EST1361007101S1K_k141_55499	1590441	1000580	62.9121	1000316	99.9736	987946	98.7634	264	0.0264	988201	98.7628	17947	1.7937	5568	31.0247	5316	29.6205	5841	32.5458	6875	38.3072	35142	84.1329	42310	81.0116	0.9878
ESO1356803120S1K	stools_12117101	na	EST1361007101S1K_k141_55499	1590441	629691	39.5922	629188	99.9201	620962	98.6926	503	0.0799	621449	98.6911	12052	1.9140	3810	31.6130	3333	27.6552	3872	32.1274	4915	40.7816	35142	84.1329	34136	100.0000	0.9898
ESO1356803120S1K	stools_12118101	na	EST1361007101S1K_k141_55499	1590441	736758	46.3241	736488	99.9634	727170	98.7348	270	0.0366	727432	98.7342	12842	1.7430	3516	27.3789	3258	25.3699	4633	36.0769	4997	38.9114	35142	84.1329	34404	100.0000	0.9929
ESO1356803120S1K	stools_12118150	na	EST1361007101S1K_k141_55499	1590441	709398	44.6039	709229	99.9762	700818	98.8141	169	0.0238	700981	98.8135	12218	1.7223	3801	31.1098	3638	29.7757	4195	34.3346	4440	36.3398	35142	65.1926	33835	84.0372	0.9885
ESO1357103120S1K	stools_11001501	na	EST1361007101S1K_k141_55499	1590441	98761	6.2097	98758	99.9970	97494	98.7201	3	0.0030	97497	98.7201	1791	1.8135	527	29.4249	524	29.2574	639	35.6784	639	35.6784	23535	48.5872	29031	53.3051	0.9812
ESO1357103120S1K	stools_11009101	na	EST1361007101S1K_k141_55499	1590441	435101	27.3573	434694	99.9065	429209	98.7382	407	0.0935	429604	98.7366	8248	1.8957	2751	33.3535	2356	28.5645	2836	34.3841	3032	36.7604	23535	100.0000	35313	40.9509	0.9784
ESO1357103120S1K	stools_11009150	na	EST1361007101S1K_k141_55499	1590441	295943	18.6076	295898	99.9848	292160	98.7367	45	0.0152	292205	98.7369	5353	1.8088	1615	30.1700	1570	29.3293	1874	35.0084	1938	36.2040	23535	100.0000	26250	57.9467	0.9834
ESO1357103120S1K	stools_11010101	na	EST1361007101S1K_k141_55499	1590441	399411	25.1132	399274	99.9657	395882	99.1505	137	0.0343	396019	99.1507	6576	1.6464	3184	48.4185	3047	46.3352	1816	27.6156	1735	26.3838	23535	51.4128	24361	45.6755	0.9868
ESO1357103120S1K	stools_11011101	na	EST1361007101S1K_k141_55499	1590441	278200	17.4920	277348	99.6937	273951	98.7752	852	0.3063	274797	98.7768	5558	1.9978	2155	38.7729	1309	23.5516	1919	34.5268	2126	38.2512	23535	51.4128	21904	40.4401	0.9857
ESO1357103120S1K	stools_11021101	na	EST1361007101S1K_k141_55499	1590441	139919	8.7975	139886	99.9764	138307	98.8712	33	0.0236	138340	98.8715	2344	1.6753	765	32.6365	732	31.2287	852	36.3481	761	32.4659	23535	51.4128	9053	100.0000	0.9907
ESO1357103120S1K	stools_11022101	na	EST1361007101S1K_k141_55499	1590441	400180	25.1616	400113	99.9833	394936	98.7061	67	0.0167	395002	98.7061	7447	1.8609	2269	30.4686	2203	29.5824	2647	35.5445	2643	35.4908	23535	100.0000	31063	48.8781	0.9835
ESO1357103120S1K	stools_11035101	na	EST1361007101S1K_k141_55499	1590441	413764	26.0157	413020	99.8202	408143	98.8192	744	0.1798	408880	98.8196	7941	1.9192	3057	38.4964	2320	29.2155	2555	32.1748	3075	38.7231	23535	51.4128	17889	43.5910	0.9852
ESO1357103120S1K	stools_11036101	na	EST1361007101S1K_k141_55499	1590441	251502	15.8133	250797	99.7197	247921	98.8533	705	0.2803	248619	98.8537	4423	1.7586	1540	34.8180	842	19.0369	1866	42.1886	1565	35.3832	23535	0.0000	12958	0.0000	0.9852
ESO1357103120S1K	stools_11055101	na	EST1361007101S1K_k141_55499	1590441	307353	19.3250	307209	99.9531	303562	98.8129	144	0.0469	303702	98.8121	5231	1.7020	1580	30.2045	1440	27.5282	1989	38.0233	1807	34.5441	23535	48.5872	21797	25.1594	0.9782
ESO1357103120S1K	stools_11106501	na	EST1361007101S1K_k141_55499	1590441	125075	7.8642	125056	99.9848	123536	98.7845	19	0.0152	123554	98.7839	2106	1.6838	585	27.7778	567	26.9231	877	41.6429	673	31.9563	23535	0.0000	0	0.0000	0.9852
ESO1357103120S1K	stools_11107101	na	EST1361007101S1K_k141_55499	1590441	406685	25.5706	406546	99.9658	401616	98.7873	139	0.0342	401754	98.7875	7421	1.8248	2490	33.5534	2352	31.6938	2604	35.0896	2482	33.4456	23535	100.0000	38847	58.9466	0.9849
ESO1357103120S1K	stools_12089102	na	EST1361007101S1K_k141_55499	1590441	305794	19.2270	305599	99.9362	301905	98.7912	195	0.0638	302099	98.7917	5533	1.8094	1838	33.2189	1644	29.7126	1931	34.8997	1995	36.0564	23535	51.4128	22393	49.0019	0.9848
ESO1357103120S1K	stools_12091101	na	EST1361007101S1K_k141_55499	1590441	391384	24.6085	391157	99.9420	386477	98.8035	227	0.0580	386700	98.8032	7304	1.8662	2620	35.8708	2397	32.8176	2370	32.4480	2533	34.6796	23535	100.0000	29751	76.7638	0.9917
ESO1357103120S1K	stools_12091150	na	EST1361007101S1K_k141_55499	1590441	413554	26.0025	413131	99.8977	408271	98.8236	423	0.1023	408689	98.8236	7779	1.8810	2914	37.4598	2496	32.0864	2484	31.9321	2821	36.2643	23535	100.0000	29767	76.7965	0.9917
ESO1357103120S1K	stools_12095102	na	EST1361007101S1K_k141_55499	1590441	356392	22.4084	356322	99.9804	352177	98.8367	70	0.0196	352247	98.8370	6262	1.7571	2117	33.8071	2047	32.6892	2136	34.1105	2109	33.6793	23535	100.0000	43657	40.2433	0.9917
ESO1357103120S1K	stools_12096102	na	EST1361007101S1K_k141_55499	1590441	258966	16.2827	258847	99.9540	255754	98.8051	119	0.0460	255871	98.8049	4563	1.7620	1468	32.1718	1351	29.6077	1616	35.4153	1619	35.4810	23535	100.0000	33786	51.9091	0.9846
ESO1357103120S1K	stools_12101102	na	EST1361007101S1K_k141_55499	1590441	411110	25.8488	411021	99.9784	406195	98.8259	89	0.0216	406283	98.8259	7352	1.7883	2525	34.3444	2437	33.1474	2499	33.9908	2458	33.4331	23535	100.0000	42310	42.3304	0.9797
ESO1357103120S1K	stools_12117101	na	EST1361007101S1K_k141_55499	1590441	234904	14.7697	234760	99.9387	232011	98.8290	144	0.0613	232153	98.8289	4325	1.8412	1574	36.3931	1432	33.1098	1351	31.2370	1569	36.2775	23535	100.0000	34136	52.5105	0.9847
ESO1357103120S1K	stools_12118101	na	EST1361007101S1K_k141_55499	1590441	291562	18.3321	291521	99.9859	288054	98.8107	41	0.0141	288093	98.8102	4963	1.7022	1494	30.1028	1455	29.3169	1841	37.0945	1696	34.1729	23535	100.0000	34404	50.9824	0.9846
ESO1357103120S1K	stools_12118150	na	EST1361007101S1K_k141_55499	1590441	296116	18.6185	296073	99.9855	292557	98.8125	43	0.0145	292600	98.8126	5139	1.7355	1623	31.5820	1580	30.7453	1872	36.4273	1709	33.2555	23535	100.0000	33835	49.9660	0.9845
ESO1357104120S1K	stools_11001501	na	EST1361007101S1K_k141_55499	1590441	169631	10.6657	169579	99.9693	167428	98.7316	52	0.0307	167479	98.7314	3001	1.7691	849	28.2906	798	26.5911	997	33.2223	1218	40.5865	24160	0.0000	29031	0.0000	0.9817
ESO1357104120S1K	stools_11009101	na	EST1361007101S1K_k141_55499	1590441	867528	54.5464	866371	99.8666	855044	98.6926	1157	0.1334	856171	98.6909	16458	1.8971	5101	30.9940	3983	24.2010	5509	33.4731	6918	42.0343	24160	66.8129	35313	36.0490	0.9784
ESO1357104120S1K	stools_11009150	na	EST1361007101S1K_k141_55499	1590441	517663	32.5484	517492	99.9670	510910	98.7281	171	0.0330	511078	98.7279	9122	1.7622	2537	27.8119	2369	25.9702	3169	34.7402	3636	39.8597	24160	44.2757	26250	31.8629	0.9822
ESO1357104120S1K	stools_11010101	na	EST1361007101S1K_k141_55499	1590441	754101	47.4146	753762	99.9550	747391	99.1548	339	0.0450	747724	99.1544	11800	1.5648	5423	45.9576	5091	43.1441	3215	27.2458	3537	29.9746	24160	100.0000	24361	100.0000	0.9994
ESO1357104120S1K	stools_11011101	na	NZ_CP049075.1	1754511	617280	35.1825	614962	99.6245	607589	98.8011	2318	0.3755	609867	98.7991	12409	2.0103	4996	40.2611	2732	22.0163	3698	29.8010	5605	45.1688	122276	89.0477	96400	100.0000	0.9813
ESO1357104120S1K	stools_11011101	na	EST1361007101S1K_k141_55499	1590441	653283	41.0756	651087	99.6639	643120	98.7764	2196	0.3361	645290	98.7765	12953	1.9828	4960	38.2923	2791	21.5471	4238	32.7183	5537	42.7469	24160	66.8129	21904	63.6505	0.9885
ESO1357104120S1K	stools_11021101	na	EST1361007101S1K_k141_55499	1590441	254595	16.0078	254456	99.9454	251339	98.7750	139	0.0546	251471	98.7730	4386	1.7227	1262	28.7734	1130	25.7638	1606	36.6165	1651	37.6425	24160	44.2757	9053	100.0000	0.9988
ESO1357104120S1K	stools_11022101	na	EST1361007101S1K_k141_55499	1590441	809082	50.8716	808748	99.9587	798145	98.6890	334	0.0413	798465	98.6878	14683	1.8148	4066	27.6919	3748	25.5261	5115	34.8362	5892	40.1280	24160	66.8129	31063	43.3989	0.9821
ESO1357104120S1K	stools_11035101	na	EST1361007101S1K_k141_55499	1590441	798481	50.2050	797062	99.8223	787051	98.7440	1419	0.1777	788452	98.7440	15042	1.8838	5013	33.3267	3613	24.0194	5053	33.5926	6376	42.3880	24160	66.8129	17889	71.9772	0.9897
ESO1357104120S1K	stools_11036101	na	NZ_CP049075.1	1754511	513992	29.2955	512715	99.7516	507533	98.9893	1277	0.2484	508793	98.9885	8409	1.6360	3210	38.1734	1957	23.2727	2913	34.6415	3307	39.3269	122276	51.5939	73977	85.2657	0.9537
ESO1357104120S1K	stools_11036101	na	EST1361007101S1K_k141_55499	1590441	516164	32.4541	514780	99.7319	509153	98.9069	1384	0.2681	510522	98.9069	8891	1.7225	3249	36.5426	1881	21.1562	3548	39.9055	3181	35.7778	24160	22.5373	12958	39.5277	0.9830
ESO1357104120S1K	stools_11042501	na	NZ_CP049075.1	1754511	933513	53.2064	932550	99.8968	921337	98.7976	963	0.1032	922268	98.7954	15949	1.7085	4704	29.4940	3776	23.6755	6231	39.0683	5985	37.5259	122276	85.1320	114886	94.8079	0.9811
ESO1357104120S1K	stools_11055101	na	NZ_CP049075.1	1754511	713324	40.6566	712582	99.8960	703764	98.7625	742	0.1040	704481	98.7603	12691	1.7791	3848	30.3207	3141	24.7498	4386	34.5599	5163	40.6824	122276	30.8327	39270	100.0000	0.9491
ESO1357104120S1K	stools_11055101	na	EST1361007101S1K_k141_55499	1590441	689540	43.3553	688945	99.9137	680447	98.7665	595	0.0863	681026	98.7653	12120	1.7577	3606	29.7525	3029	24.9917	4529	37.3680	4577	37.7640	24160	22.5373	21797	23.7831	0.9776
ESO1357104120S1K	stools_11106501	na	EST1361007101S1K_k141_55499	1590441	220039	13.8351	219969	99.9682	217197	98.7398	70	0.0318	217264	98.7389	3735	1.6974	960	25.7028	893	23.9090	1512	40.4819	1352	36.1981	24160	0.0000	0	0.0000	0.9933
ESO1357104120S1K	stools_11107101	na	EST1361007101S1K_k141_55499	1590441	833374	52.3989	832844	99.9364	821785	98.6721	530	0.0636	822298	98.6709	15415	1.8497	4339	28.1479	3838	24.8978	5353	34.7259	6261	40.6163	24160	66.8129	38847	40.4664	0.9799
ESO1357104120S1K	stools_12089102	na	EST1361007101S1K_k141_55499	1590441	534900	33.6322	534510	99.9271	527776	98.7402	390	0.0729	528160	98.7400	9483	1.7729	2743	28.9254	2359	24.8761	3262	34.3984	3915	41.2844	24160	44.2757	22393	49.0019	0.9841
ESO1357104120S1K	stools_12091101	na	EST1361007101S1K_k141_55499	1590441	815703	51.2879	815002	99.9141	804365	98.6948	701	0.0859	805057	98.6949	15415	1.8898	4769	30.9374	4082	26.4807	4941	32.0532	6420	41.6477	24160	44.2757	29751	35.0240	0.9791
ESO1357104120S1K	stools_12091150	na	EST1361007101S1K_k141_55499	1590441	790774	49.7204	789840	99.8819	779814	98.7306	934	0.1181	780737	98.7307	14856	1.8787	4819	32.4381	3901	26.2588	4696	31.6101	6324	42.5687	24160	44.2757	29767	34.9111	0.9790
ESO1357104120S1K	stools_12095102	na	EST1361007101S1K_k141_55499	1590441	643846	40.4822	643635	99.9672	635688	98.7653	211	0.0328	635891	98.7645	11202	1.7399	3247	28.9859	3049	27.2184	3869	34.5385	4359	38.9127	24160	100.0000	43657	54.5731	0.9803
ESO1357104120S1K	stools_12096102	na	NZ_CP049075.1	1754511	686350	39.1192	685780	99.9170	677669	98.8173	570	0.0830	678228	98.8166	11824	1.7227	3702	31.3092	3163	26.7507	4165	35.2250	4547	38.4557	122276	39.6815	64235	100.0000	0.9473
ESO1357104120S1K	stools_12096102	na	EST1361007101S1K_k141_55499	1590441	585427	36.8091	585033	99.9327	577813	98.7659	394	0.0673	578185	98.7630	10557	1.8033	3315	31.4010	2947	27.9151	3664	34.7068	4023	38.1074	24160	66.8129	33786	45.7912	0.9829
ESO1357104120S1K	stools_12101102	na	EST1361007101S1K_k141_55499	1590441	778246	48.9327	777995	99.9677	768311	98.7553	251	0.0323	768553	98.7545	13687	1.7587	3994	29.1810	3754	27.4275	4722	34.4999	5296	38.6937	24160	100.0000	42310	56.6013	0.9879
ESO1357104120S1K	stools_12117101	na	NZ_CP049075.1	1754511	636172	36.2592	635550	99.9022	627584	98.7466	622	0.0978	628189	98.7452	11839	1.8610	3856	32.5703	3261	27.5446	3822	32.2831	4795	40.5017	122276	39.6815	58118	100.0000	0.9445
ESO1357104120S1K	stools_12117101	na	EST1361007101S1K_k141_55499	1590441	569948	35.8358	569456	99.9137	562218	98.7290	492	0.0863	562688	98.7262	10817	1.8979	3557	32.8834	3092	28.5846	3454	31.9312	4358	40.2884	24160	66.8129	34136	46.4495	0.9830
ESO1357104120S1K	stools_12118101	na	NZ_CP049075.1	1754511	737681	42.0448	737225	99.9382	728462	98.8114	456	0.0618	728899	98.8095	12575	1.7047	3793	30.1630	3373	26.8231	4436	35.2763	4793	38.1153	122276	68.2865	99533	100.0000	0.9667
ESO1357104120S1K	stools_12118101	na	EST1361007101S1K_k141_55499	1590441	650031	40.8711	649767	99.9594	641794	98.7729	264	0.0406	642045	98.7714	11363	1.7481	3377	29.7193	3130	27.5455	4054	35.6772	4264	37.5253	24160	66.8129	34404	46.8172	0.9829
ESO1357104120S1K	stools_12118150	na	EST1361007101S1K_k141_55499	1590441	522113	32.8282	521971	99.9728	515452	98.7511	142	0.0272	515587	98.7501	9016	1.7268	2490	27.6176	2355	26.1202	3250	36.0470	3462	38.3984	24160	77.4627	33835	48.3878	0.9817
ESO1357107120S1K	stools_11001501	na	EST1361007101S1K_k141_55499	1590441	188618	11.8595	187805	99.5690	185655	98.8552	813	0.4310	186455	98.8532	3557	1.8858	1394	39.1903	594	16.6995	1358	38.1782	1388	39.0216	25941	23.3453	29031	53.3051	0.9817
ESO1357107120S1K	stools_11009101	na	EST1361007101S1K_k141_55499	1590441	924459	58.1260	919841	99.5005	909390	98.8638	4618	0.4995	913947	98.8629	18385	1.9887	7873	42.8230	3366	18.3084	6440	35.0286	7655	41.6372	25941	100.0000	35313	69.4532	0.9880
ESO1357107120S1K	stools_11009150	na	EST1361007101S1K_k141_55499	1590441	571153	35.9116	568747	99.5787	562508	98.9030	2406	0.4213	564892	98.9038	10666	1.8675	4405	41.2995	2028	19.0137	3991	37.4180	4050	37.9711	25941	58.5367	26250	57.9467	0.9883
ESO1357107120S1K	stools_11010101	na	EST1361007101S1K_k141_55499	1590441	783878	49.2868	780579	99.5791	772003	98.9013	3299	0.4209	775272	98.9021	14573	1.8591	5967	40.9456	2710	18.5960	5388	36.9725	5727	39.2987	25941	56.9832	24361	66.6311	0.9861
ESO1357107120S1K	stools_11011101	na	NZ_CP049075.1	1754511	558008	31.8042	554086	99.2971	548711	99.0299	3922	0.7029	552597	99.0303	11541	2.0682	6130	53.1150	2446	21.1940	3598	31.1758	4724	40.9323	50580	62.5662	96400	32.8683	0.9514
ESO1357107120S1K	stools_11011101	na	EST1361007101S1K_k141_55499	1590441	657868	41.3639	653542	99.3424	647267	99.0398	4326	0.6576	651547	99.0392	12982	1.9733	6661	51.3095	2579	19.8660	4197	32.3294	5308	40.8874	25941	56.9832	21904	63.6505	0.9872
ESO1357107120S1K	stools_11021101	na	EST1361007101S1K_k141_55499	1590441	278682	17.5223	277509	99.5791	274945	99.0761	1173	0.4209	276112	99.0778	4800	1.7224	2230	46.4583	1077	22.4375	1757	36.6042	1671	34.8125	25941	35.1914	9053	100.0000	0.9999
ESO1357107120S1K	stools_11022101	na	EST1361007101S1K_k141_55499	1590441	852297	53.5887	848809	99.5908	839186	98.8663	3488	0.4092	842643	98.8673	16179	1.8983	6525	40.3301	3070	18.9752	5860	36.2198	6421	39.6872	25941	80.3284	31063	65.2384	0.9885
ESO1357107120S1K	stools_11035101	na	EST1361007101S1K_k141_55499	1590441	852357	53.5925	847599	99.4418	839428	99.0360	4758	0.5582	844146	99.0367	16260	1.9077	8049	49.5018	3352	20.6150	5383	33.1058	6540	40.2214	25941	76.6547	17889	100.0000	0.9917
ESO1357107120S1K	stools_11036101	na	NZ_CP049075.1	1754511	525101	29.9286	521728	99.3576	517628	99.2141	3373	0.6424	520985	99.2162	9391	1.7884	5275	56.1708	2062	21.9572	3606	38.3985	3032	32.2862	50580	84.4385	73977	57.8964	0.9769
ESO1357107120S1K	stools_11036101	na	EST1361007101S1K_k141_55499	1590441	566948	35.6472	563173	99.3342	558962	99.2523	3775	0.6658	562723	99.2548	9715	1.7136	5490	56.5106	1918	19.7427	3776	38.8677	3321	34.1843	25941	21.7918	12958	39.5277	0.9851
ESO1357107120S1K	stools_11042501	na	NZ_CP049075.1	1754511	862440	49.1556	858508	99.5441	849441	98.9439	3932	0.4559	853333	98.9440	15738	1.8248	6631	42.1337	2741	17.4164	6940	44.0971	5419	34.4326	50580	78.1277	114886	34.2322	0.9468
ESO1357107120S1K	stools_11055101	na	NZ_CP049075.1	1754511	710634	40.5033	707248	99.5235	699412	98.8920	3386	0.4765	702760	98.8920	14385	2.0242	6511	45.2624	3209	22.3080	5537	38.4915	4931	34.2788	50580	78.1277	39270	100.0000	0.9908
ESO1357107120S1K	stools_11055101	na	EST1361007101S1K_k141_55499	1590441	723659	45.5005	720435	99.5545	712906	98.9549	3224	0.4455	716097	98.9550	13378	1.8487	5816	43.4744	2644	19.7638	5095	38.0849	4919	36.7693	25941	21.7918	21797	23.7831	0.9764
ESO1357107120S1K	stools_11106501	na	EST1361007101S1K_k141_55499	1590441	239874	15.0822	238860	99.5773	236468	98.9986	1014	0.4227	237468	98.9970	4143	1.7272	1737	41.9261	738	17.8132	1824	44.0261	1378	33.2609	25941	0.0000	0	0.0000	0.9943
ESO1357107120S1K	stools_11107101	na	EST1361007101S1K_k141_55499	1590441	874594	54.9907	870907	99.5784	861133	98.8777	3687	0.4216	864779	98.8778	16616	1.8999	6801	40.9304	3165	19.0479	5990	36.0496	6607	39.7629	25941	80.3284	38847	57.9453	0.9842
ESO1357107120S1K	stools_12089102	na	EST1361007101S1K_k141_55499	1590441	581841	36.5836	579224	99.5502	572981	98.9222	2617	0.4498	575582	98.9243	10801	1.8563	4542	42.0517	1942	17.9798	3937	36.4503	4378	40.5333	25941	35.1914	22393	49.0019	0.9841
ESO1357107120S1K	stools_12091101	na	EST1361007101S1K_k141_55499	1590441	835583	52.5378	831928	99.5626	821665	98.7664	3655	0.4374	825276	98.7665	16875	2.0195	6568	38.9215	2993	17.7363	5869	34.7793	7295	43.2296	25941	58.5367	29751	57.4132	0.9835
ESO1357107120S1K	stools_12091150	na	EST1361007101S1K_k141_55499	1590441	827405	52.0236	823445	99.5214	813789	98.8274	3960	0.4786	817711	98.8284	16464	1.9898	6770	41.1200	2852	17.3226	5754	34.9490	7135	43.3370	25941	58.5367	29767	57.6141	0.9834
ESO1357107120S1K	stools_12095102	na	EST1361007101S1K_k141_55499	1590441	682624	42.9204	679895	99.6002	672310	98.8844	2729	0.3998	675008	98.8843	12620	1.8487	5004	39.6513	2306	18.2726	4777	37.8526	4947	39.1997	25941	56.9832	43657	39.1117	0.9739
ESO1357107120S1K	stools_12096102	na	NZ_CP049075.1	1754511	675488	38.5001	672445	99.5495	664410	98.8051	3043	0.4505	667422	98.8059	13888	2.0560	5822	41.9211	2825	20.3413	5462	39.3289	5010	36.0743	50580	89.1261	64235	100.0000	0.9853
ESO1357107120S1K	stools_12096102	na	EST1361007101S1K_k141_55499	1590441	601004	37.7885	598470	99.5784	591793	98.8843	2534	0.4216	594298	98.8842	11349	1.8883	4643	40.9111	2139	18.8475	4307	37.9505	4399	38.7611	25941	80.3284	33786	66.9390	0.9873
ESO1357107120S1K	stools_12101102	na	EST1361007101S1K_k141_55499	1590441	829109	52.1308	825719	99.5911	816424	98.8743	3390	0.4089	819781	98.8749	15478	1.8668	6150	39.7338	2805	18.1225	5855	37.8279	6084	39.3074	25941	80.3284	42310	54.5828	0.9822
ESO1357107120S1K	stools_12117101	na	NZ_CP049075.1	1754511	602446	34.3370	599823	99.5646	592049	98.7040	2623	0.4354	594638	98.7040	13148	2.1824	5340	40.6145	2763	21.0146	4775	36.3173	5084	38.6675	50580	89.1261	58118	100.0000	0.9825
ESO1357107120S1K	stools_12117101	na	EST1361007101S1K_k141_55499	1590441	564043	35.4646	561714	99.5871	554973	98.7999	2329	0.4129	557271	98.7994	11276	1.9991	4504	39.9432	2207	19.5725	3850	34.1433	4716	41.8233	25941	80.3284	34136	67.4361	0.9876
ESO1357107120S1K	stools_12118101	na	NZ_CP049075.1	1754511	706753	40.2821	703730	99.5723	695420	98.8191	3023	0.4277	698413	98.8200	14128	1.9990	5788	40.9683	2804	19.8471	5651	39.9986	5048	35.7305	50580	89.1261	99533	64.3174	0.9649
ESO1357107120S1K	stools_12118101	na	EST1361007101S1K_k141_55499	1590441	668249	42.0166	665574	99.5997	658180	98.8891	2675	0.4003	660831	98.8899	12340	1.8466	4922	39.8865	2277	18.4522	4763	38.5981	4724	38.2820	25941	80.3284	34404	67.6782	0.9876
ESO1357107120S1K	stools_12118150	na	EST1361007101S1K_k141_55499	1590441	574686	36.1338	572346	99.5928	566389	98.9592	2340	0.4072	568707	98.9596	10263	1.7858	4284	41.7422	1966	19.1562	3985	38.8288	3770	36.7339	25941	35.1914	33835	32.4250	0.9770
ESO1358301120S1K	stools_11001501	na	EST1361007101S1K_k141_55499	1590441	114703	7.2120	114697	99.9948	113424	98.8901	6	0.0052	113430	98.8902	1886	1.6442	613	32.5027	607	32.1845	588	31.1771	697	36.9565	36690	72.6056	29031	100.0000	0.9984
ESO1358301120S1K	stools_11009101	na	EST1361007101S1K_k141_55499	1590441	490979	30.8706	490533	99.9092	484657	98.8021	446	0.0908	485092	98.8010	8852	1.8029	2965	33.4953	2530	28.5811	2916	32.9417	3388	38.2738	36690	100.0000	35313	71.4977	0.9869
ESO1358301120S1K	stools_11009150	na	EST1361007101S1K_k141_55499	1590441	347033	21.8199	346958	99.9784	342853	98.8169	75	0.0216	342926	98.8165	5948	1.7140	1841	30.9516	1769	29.7411	2017	33.9106	2191	36.8359	36690	100.0000	26250	100.0000	0.9866
ESO1358301120S1K	stools_11010101	na	EST1361007101S1K_k141_55499	1590441	445157	27.9895	444999	99.9645	439767	98.8243	158	0.0355	439925	98.8247	7743	1.7394	2511	32.4293	2360	30.4791	2536	32.7522	2883	37.2336	36690	27.3944	24361	45.6755	0.9761
ESO1358301120S1K	stools_11011101	na	EST1361007101S1K_k141_55499	1590441	303304	19.0704	302227	99.6449	298865	98.8876	1077	0.3551	299933	98.8886	5896	1.9439	2525	42.8256	1457	24.7117	1778	30.1560	2414	40.9430	36690	59.0297	21904	76.7896	0.9852
ESO1358301120S1K	stools_11021101	na	EST1361007101S1K_k141_55499	1590441	161336	10.1441	161256	99.9504	159403	98.8509	80	0.0496	159478	98.8484	2797	1.7336	939	33.5717	864	30.8902	932	33.3214	1008	36.0386	36690	27.3944	9053	100.0000	0.9799
ESO1358301120S1K	stools_11022101	na	EST1361007101S1K_k141_55499	1590441	448369	28.1915	448280	99.9802	442801	98.7778	89	0.0198	442888	98.7776	7951	1.7733	2470	31.0653	2383	29.9711	2722	34.2347	2886	36.2973	36690	100.0000	31063	83.6397	0.9863
ESO1358301120S1K	stools_11035101	na	EST1361007101S1K_k141_55499	1590441	467213	29.3763	466335	99.8121	460832	98.8199	878	0.1879	461701	98.8202	8804	1.8844	3292	37.3921	2423	27.5216	2681	30.4521	3695	41.9696	36690	27.3944	17889	43.5910	0.9800
ESO1358301120S1K	stools_11036101	na	EST1361007101S1K_k141_55499	1590441	289268	18.1879	288406	99.7020	285429	98.9678	862	0.2980	286283	98.9681	4765	1.6473	1780	37.3557	926	19.4334	1871	39.2655	1809	37.9643	36690	31.6353	12958	60.4723	0.9818
ESO1358301120S1K	stools_11055101	na	EST1361007101S1K_k141_55499	1590441	344050	21.6324	343833	99.9369	339891	98.8535	217	0.0631	340101	98.8522	5742	1.6689	1793	31.2261	1583	27.5688	2139	37.2518	2041	35.5451	36690	72.6056	21797	76.2169	0.9838
ESO1358301120S1K	stools_11106501	na	EST1361007101S1K_k141_55499	1590441	146130	9.1880	146106	99.9836	144419	98.8454	24	0.0164	144442	98.8449	2328	1.5931	640	27.4914	617	26.5034	914	39.2612	808	34.7079	36690	0.0000	0	0.0000	0.9769
ESO1358301120S1K	stools_11107101	na	EST1361007101S1K_k141_55499	1590441	456119	28.6788	455959	99.9649	451152	98.9457	160	0.0351	451310	98.9457	7793	1.7085	2984	38.2908	2826	36.2633	2355	30.2194	2640	33.8766	36690	100.0000	38847	86.9514	0.9879
ESO1358301120S1K	stools_12089102	na	EST1361007101S1K_k141_55499	1590441	346511	21.7871	346312	99.9426	342170	98.8040	199	0.0574	342365	98.8035	6072	1.7523	1926	31.7194	1731	28.5079	1985	32.6910	2388	39.3281	36690	59.0297	22393	100.0000	0.9884
ESO1358301120S1K	stools_12091101	na	EST1361007101S1K_k141_55499	1590441	430551	27.0712	430254	99.9310	424815	98.7359	297	0.0690	425105	98.7351	8076	1.8757	2630	32.5656	2340	28.9747	2505	31.0178	3235	40.0570	36690	68.3647	29751	76.7638	0.9812
ESO1358301120S1K	stools_12091150	na	EST1361007101S1K_k141_55499	1590441	460618	28.9617	460108	99.8893	454521	98.7857	510	0.1107	455022	98.7851	8569	1.8603	2973	34.6948	2472	28.8482	2560	29.8751	3572	41.6851	36690	68.3647	29767	76.7965	0.9813
ESO1358301120S1K	stools_12095102	na	EST1361007101S1K_k141_55499	1590441	408582	25.6899	408525	99.9860	403559	98.7844	57	0.0140	403614	98.7841	7136	1.7465	2168	30.3812	2113	29.6104	2397	33.5902	2654	37.1917	36690	100.0000	43657	54.8205	0.9760
ESO1358301120S1K	stools_12096102	na	EST1361007101S1K_k141_55499	1590441	281856	17.7219	281749	99.9620	278224	98.7489	107	0.0380	278328	98.7483	4895	1.7367	1367	27.9265	1263	25.8018	1757	35.8938	1902	38.8560	36690	100.0000	33786	84.9701	0.9882
ESO1358301120S1K	stools_12101102	na	EST1361007101S1K_k141_55499	1590441	464990	29.2365	464889	99.9783	459291	98.7958	101	0.0217	459389	98.7955	8090	1.7398	2489	30.7664	2391	29.5550	2759	34.1038	2983	36.8727	36690	100.0000	42310	68.7592	0.9830
ESO1358301120S1K	stools_12117101	na	EST1361007101S1K_k141_55499	1590441	252289	15.8628	252123	99.9342	248959	98.7451	166	0.0658	249119	98.7435	4689	1.8586	1519	32.3950	1359	28.9827	1479	31.5419	1878	40.0512	36690	100.0000	34136	85.0744	0.9879
ESO1358301120S1K	stools_12118101	na	EST1361007101S1K_k141_55499	1590441	317519	19.9642	317484	99.9890	313611	98.7801	35	0.0110	313644	98.7796	5325	1.6771	1450	27.2300	1417	26.6103	1968	36.9577	1966	36.9202	36690	100.0000	34404	83.3043	0.9882
ESO1358301120S1K	stools_12118150	na	EST1361007101S1K_k141_55499	1590441	350593	22.0438	350542	99.9855	346451	98.8330	51	0.0145	346502	98.8331	5971	1.7031	1880	31.4855	1829	30.6314	1988	33.2943	2174	36.4093	36690	100.0000	33835	84.0372	0.9882
ESO1358304120S1K	stools_11001501	na	EST1361007101S1K_k141_55499	1590441	174714	10.9853	174660	99.9691	172413	98.7135	54	0.0309	172467	98.7139	3089	1.7680	842	27.2580	788	25.5099	1094	35.4160	1227	39.7216	23791	78.2397	29031	100.0000	0.9886
ESO1358304120S1K	stools_11009101	na	EST1361007101S1K_k141_55499	1590441	892939	56.1441	891722	99.8637	879773	98.6600	1217	0.1363	880968	98.6594	17330	1.9408	5359	30.9233	4165	24.0335	5787	33.3930	7310	42.1812	23791	71.4682	35313	44.7371	0.9825
ESO1358304120S1K	stools_11009150	na	EST1361007101S1K_k141_55499	1590441	530617	33.3629	530443	99.9672	523408	98.6738	174	0.0328	523576	98.6731	9738	1.8352	2697	27.6956	2529	25.9704	3439	35.3153	3824	39.2688	23791	49.7079	26250	42.0533	0.9855
ESO1358304120S1K	stools_11010101	na	EST1361007101S1K_k141_55499	1590441	754439	47.4358	754087	99.9533	744458	98.7231	352	0.0467	744801	98.7225	13698	1.8157	4060	29.6394	3719	27.1499	4675	34.1291	5377	39.2539	23791	0.0000	24361	0.0000	0.9697
ESO1358304120S1K	stools_11011101	na	NZ_CP049075.1	1754511	624145	35.5737	621777	99.6206	614060	98.7589	2368	0.3794	616388	98.7572	12895	2.0660	5138	39.8449	2820	21.8689	3987	30.9190	5713	44.3040	57307	76.0134	96400	41.4938	0.9483
ESO1358304120S1K	stools_11011101	na	EST1361007101S1K_k141_55499	1590441	657072	41.3138	654779	99.6510	646694	98.7652	2293	0.3490	648959	98.7653	13190	2.0074	5077	38.4913	2818	21.3647	4302	32.6156	5711	43.2980	23791	49.7079	21904	36.3495	0.9812
ESO1358304120S1K	stools_11021101	na	EST1361007101S1K_k141_55499	1590441	266791	16.7747	266651	99.9475	263147	98.6859	140	0.0525	263281	98.6844	4859	1.8213	1349	27.7629	1215	25.0051	1849	38.0531	1811	37.2710	23791	0.0000	9053	0.0000	0.9869
ESO1358304120S1K	stools_11022101	na	EST1361007101S1K_k141_55499	1590441	830259	52.2031	829920	99.9592	818892	98.6712	339	0.0408	819218	98.6702	15364	1.8505	4323	28.1372	3999	26.0284	5304	34.5223	6134	39.9245	23791	49.7079	31063	34.7616	0.9789
ESO1358304120S1K	stools_11035101	na	EST1361007101S1K_k141_55499	1590441	813451	51.1463	812064	99.8295	801837	98.7406	1387	0.1705	803204	98.7403	15414	1.8949	5167	33.5215	3803	24.6724	5072	32.9052	6557	42.5393	23791	21.7603	17889	28.0228	0.9800
ESO1358304120S1K	stools_11036101	na	NZ_CP049075.1	1754511	528520	30.1235	527204	99.7510	521233	98.8674	1316	0.2490	522536	98.8678	9361	1.7712	3377	36.0752	2078	22.1985	3485	37.2289	3585	38.2972	57307	76.0134	73977	50.4184	0.9638
ESO1358304120S1K	stools_11036101	na	EST1361007101S1K_k141_55499	1590441	519715	32.6774	518300	99.7277	512479	98.8769	1415	0.2723	513874	98.8761	9039	1.7392	3198	35.3800	1804	19.9580	3547	39.2411	3396	37.5705	23791	49.7079	12958	60.4723	0.9867
ESO1358304120S1K	stools_11042501	na	NZ_CP049075.1	1754511	935745	53.3337	934738	99.8924	923231	98.7690	1007	0.1076	924212	98.7675	16431	1.7559	4898	29.8095	3931	23.9243	6636	40.3871	5937	36.1329	57307	65.8436	114886	34.2322	0.9428
ESO1358304120S1K	stools_11055101	na	NZ_CP049075.1	1754511	770712	43.9275	769680	99.8661	759076	98.6223	1032	0.1339	760074	98.6197	15538	2.0161	4900	31.5356	3927	25.2735	5627	36.2144	5993	38.5700	57307	65.8436	39270	100.0000	0.9868
ESO1358304120S1K	stools_11055101	na	EST1361007101S1K_k141_55499	1590441	708341	44.5374	707663	99.9043	698638	98.7247	678	0.0957	699294	98.7228	12818	1.8096	3771	29.4196	3134	24.4500	4754	37.0885	4925	38.4225	23791	78.2397	21797	76.2169	0.9921
ESO1358304120S1K	stools_11106501	na	EST1361007101S1K_k141_55499	1590441	219936	13.8286	219880	99.9745	217103	98.7370	56	0.0255	217156	98.7360	3725	1.6937	945	25.3691	892	23.9463	1603	43.0336	1260	33.8255	23791	0.0000	0	0.0000	0.9926
ESO1358304120S1K	stools_11107101	na	EST1361007101S1K_k141_55499	1590441	853658	53.6743	853126	99.9377	841627	98.6521	532	0.0623	842138	98.6505	16042	1.8792	4522	28.1885	4016	25.0343	5579	34.7775	6503	40.5373	23791	78.2397	38847	42.0547	0.9810
ESO1358304120S1K	stools_12089102	na	EST1361007101S1K_k141_55499	1590441	543864	34.1958	543454	99.9246	536474	98.7156	410	0.0754	536877	98.7153	9834	1.8082	2847	28.9506	2444	24.8526	3417	34.7468	4031	40.9904	23791	49.7079	22393	50.9981	0.9882
ESO1358304120S1K	stools_12091101	na	EST1361007101S1K_k141_55499	1590441	822133	51.6921	821490	99.9218	810327	98.6411	643	0.0782	810950	98.6398	15949	1.9400	4766	29.8828	4148	26.0079	5120	32.1023	6743	42.2785	23791	28.5318	29751	41.7398	0.9740
ESO1358304120S1K	stools_12091150	na	EST1361007101S1K_k141_55499	1590441	797320	50.1320	796437	99.8893	785982	98.6873	883	0.1107	786847	98.6865	15204	1.9069	4731	31.1168	3869	25.4473	4874	32.0574	6547	43.0610	23791	28.5318	29767	41.8853	0.9740
ESO1358304120S1K	stools_12095102	na	EST1361007101S1K_k141_55499	1590441	646362	40.6404	646146	99.9666	638298	98.7854	216	0.0334	638505	98.7844	11177	1.7292	3320	29.7039	3113	27.8518	3857	34.5084	4272	38.2213	23791	78.2397	43657	27.6451	0.9726
ESO1358304120S1K	stools_12096102	na	NZ_CP049075.1	1754511	737134	42.0136	736352	99.8939	726714	98.6911	782	0.1061	727476	98.6898	14471	1.9631	4813	33.2596	4069	28.1183	5050	34.8974	5394	37.2745	57307	86.7782	64235	100.0000	0.9866
ESO1358304120S1K	stools_12096102	na	EST1361007101S1K_k141_55499	1590441	598415	37.6257	597988	99.9286	590527	98.7523	427	0.0714	590941	98.7510	10815	1.8073	3341	30.8923	2931	27.1012	3783	34.9792	4152	38.3911	23791	78.2397	33786	54.2088	0.9781
ESO1358304120S1K	stools_12101102	na	EST1361007101S1K_k141_55499	1590441	787989	49.5453	787690	99.9621	777749	98.7380	299	0.0379	778038	98.7372	14032	1.7807	4081	29.0835	3792	27.0239	4885	34.8133	5429	38.6901	23791	78.2397	42310	43.3987	0.9729
ESO1358304120S1K	stools_12117101	na	NZ_CP049075.1	1754511	679473	38.7272	678653	99.8793	669397	98.6361	820	0.1207	670194	98.6344	14192	2.0887	4913	34.6181	4142	29.1855	4566	32.1731	5519	38.8881	57307	78.0289	58118	100.0000	0.9837
ESO1358304120S1K	stools_12117101	na	EST1361007101S1K_k141_55499	1590441	571925	35.9602	571414	99.9107	564023	98.7065	511	0.0893	564515	98.7044	10874	1.9013	3464	31.8558	2980	27.4048	3534	32.4995	4401	40.4727	23791	78.2397	34136	53.5505	0.9779
ESO1358304120S1K	stools_12118101	na	NZ_CP049075.1	1754511	767515	43.7452	766929	99.9236	756835	98.6838	586	0.0764	757404	98.6826	14610	1.9035	4499	30.7940	3942	26.9815	5284	36.1670	5439	37.2279	57307	86.7782	99533	64.3174	0.9661
ESO1358304120S1K	stools_12118101	na	EST1361007101S1K_k141_55499	1590441	657758	41.3570	657511	99.9624	649239	98.7419	247	0.0376	649478	98.7412	11582	1.7608	3302	28.5098	3069	26.4980	4210	36.3495	4355	37.6015	23791	78.2397	34404	53.1828	0.9777
ESO1358304120S1K	stools_12118150	na	EST1361007101S1K_k141_55499	1590441	535713	33.6833	535549	99.9694	528734	98.7275	164	0.0306	528892	98.7267	9406	1.7558	2585	27.4825	2427	25.8027	3450	36.6787	3580	38.0608	23791	78.2397	33835	51.6122	0.9884
ESO1358401120S1K	stools_11006101	na	ESO1212705120S1K_k141_16	1917768	744103	38.8005	743688	99.9442	727269	97.7922	415	0.0558	727674	97.7921	25661	3.4486	9232	35.9768	8828	34.4024	8780	34.2153	8196	31.9395	37679	71.6128	49293	70.0059	0.9851
ESO1358401120S1K	stools_11015101	na	ESO1212705120S1K_k141_16	1917768	1472544	76.7843	1458270	99.0307	1425800	97.7734	14274	0.9693	1439784	97.7753	62584	4.2501	29824	47.6544	15996	25.5592	18810	30.0556	24304	38.8342	37679	49.6828	28481	81.8335	0.9849
ESO1358401120S1K	stools_11015501	na	ESO1212705120S1K_k141_16	1917768	1417925	73.9362	1406987	99.2286	1374932	97.7217	10938	0.7714	1385630	97.7224	58504	4.1260	26209	44.7986	15555	26.5879	18196	31.1021	22267	38.0606	37679	49.6828	34311	69.1440	0.9818
ESO1358401120S1K	stools_11025101	na	ESO1212705120S1K_k141_16	1917768	1267060	66.0695	1266237	99.9350	1238480	97.8079	823	0.0650	1239278	97.8074	45124	3.5613	17342	38.4319	16572	36.7255	14419	31.9542	14378	31.8633	37679	100.0000	65594	67.0473	0.9851
ESO1358401120S1K	stools_11025102	na	ESO1212705120S1K_k141_16	1917768	1180275	61.5442	1179419	99.9275	1153802	97.8280	856	0.0725	1154619	97.8263	41582	3.5231	15926	38.3002	15119	36.3595	13420	32.2736	13247	31.8575	37679	84.1291	61221	54.1824	0.9810
ESO1358401120S1K	stools_11030150	na	ESO1212705120S1K_k141_16	1917768	1361353	70.9863	1359378	99.8549	1326533	97.5838	1975	0.1451	1328410	97.5801	49985	3.6717	17042	34.0942	15172	30.3531	19297	38.6056	15825	31.6595	37679	0.0000	13220	0.0000	0.9735
ESO1358401120S1K	stools_11030501	na	ESO1212705120S1K_k141_16	1917768	1460614	76.1622	1458124	99.8295	1422137	97.5320	2490	0.1705	1424505	97.5278	55257	3.7831	19148	34.6526	16817	30.4342	20998	38.0006	17782	32.1805	37679	0.0000	13103	0.0000	0.9735
ESO1358401120S1K	stools_11031101	na	ESO1212705120S1K_k141_16	1917768	1419365	74.0113	1417340	99.8573	1379541	97.3331	2025	0.1427	1381443	97.3282	57788	4.0714	19866	34.3774	18029	31.1985	19470	33.6921	20614	35.6718	37679	36.1368	13723	100.0000	0.9873
ESO1358401120S1K	stools_11031150	na	ESO1212705120S1K_k141_16	1917768	1335830	69.6555	1334246	99.8814	1297502	97.2461	1584	0.1186	1298977	97.2412	55799	4.1771	18946	33.9540	17560	31.4701	18759	33.6189	19838	35.5526	37679	36.1368	18970	72.5356	0.9846
ESO1358401120S1K	stools_11031501	na	ESO1212705120S1K_k141_16	1917768	1313917	68.5128	1312392	99.8839	1275992	97.2264	1525	0.1161	1277409	97.2214	55095	4.1932	18587	33.7363	17245	31.3005	18538	33.6473	19686	35.7310	37679	36.1368	13708	100.0000	0.9873
ESO1358401120S1K	stools_11035101	na	ESO1212705120S1K_k141_16	1917768	1353257	70.5642	1351170	99.8458	1314148	97.2600	2087	0.1542	1316097	97.2540	56633	4.1849	19473	34.3845	17670	31.2009	18999	33.5476	20264	35.7813	37679	36.1368	13728	100.0000	0.9873
ESO1358401120S1K	stools_11037101	na	ESO1212705120S1K_k141_16	1917768	1427446	74.4327	1426215	99.9138	1414830	99.2017	1231	0.0862	1416039	99.2009	42632	2.9866	31225	73.2431	30125	70.6629	6357	14.9113	5952	13.9613	37679	85.1588	53610	69.3658	0.9856
ESO1358401120S1K	stools_11038501	na	ESO1212705120S1K_k141_16	1917768	1407349	73.3847	1405829	99.8920	1369695	97.4297	1520	0.1080	1371113	97.4252	54686	3.8857	18450	33.7381	17065	31.2054	19026	34.7914	18926	34.6085	37679	36.1368	22657	77.9185	0.9826
ESO1358401120S1K	stools_11055150	na	ESO1212705120S1K_k141_16	1917768	892731	46.5505	891897	99.9066	882760	98.9756	834	0.0934	883585	98.9755	26322	2.9485	17176	65.2534	16368	62.1837	4891	18.5814	4986	18.9423	37679	71.6128	39382	85.5188	0.9934
ESO1358401120S1K	stools_12062150	na	ESO1212705120S1K_k141_16	1917768	1388292	72.3910	1386639	99.8809	1350784	97.4143	1653	0.1191	1352324	97.4092	55855	4.0233	19887	35.6047	18462	33.0534	18453	33.0373	19314	34.5788	37679	36.1368	23195	75.9043	0.9823
ESO1358401120S1K	stools_12120101	na	ESO1212705120S1K_k141_16	1917768	1363891	71.1187	1362318	99.8847	1322320	97.0640	1573	0.1153	1323758	97.0575	58294	4.2741	18161	31.1541	16825	28.8623	19638	33.6879	22308	38.2681	37679	0.0000	0	0.0000	0.9804
ESO1358602120S1K	stools_11001501	na	EST1361007101S1K_k141_55499	1590441	241624	15.1923	241540	99.9652	238496	98.7398	84	0.0348	238580	98.7402	4422	1.8301	1378	31.1624	1294	29.2628	1457	32.9489	1665	37.6526	27264	62.2983	29031	100.0000	0.9887
ESO1358602120S1K	stools_11009101	na	EST1361007101S1K_k141_55499	1590441	1187528	74.6666	1185949	99.8670	1171336	98.7678	1579	0.1330	1172888	98.7672	23049	1.9409	8409	36.4831	6860	29.7627	7347	31.8756	8673	37.6285	27264	78.8659	35313	59.0491	0.9836
ESO1358602120S1K	stools_11009150	na	EST1361007101S1K_k141_55499	1590441	743542	46.7507	743234	99.9586	734055	98.7650	308	0.0414	734359	98.7650	13729	1.8464	4546	33.1124	4244	30.9127	4590	33.4329	4884	35.5743	27264	41.1642	26250	42.0533	0.9866
ESO1358602120S1K	stools_11010101	na	EST1361007101S1K_k141_55499	1590441	1035354	65.0985	1034782	99.9448	1022185	98.7826	572	0.0552	1022748	98.7824	19047	1.8397	6441	33.8163	5881	30.8763	6381	33.5013	6781	35.6014	27264	19.1205	24361	20.9556	0.9739
ESO1358602120S1K	stools_11011101	na	EST1361007101S1K_k141_55499	1590441	817798	51.4196	815171	99.6788	805568	98.8220	2627	0.3212	808170	98.8227	16268	1.9892	6640	40.8163	4051	24.9016	5298	32.5670	6337	38.9538	27264	60.2846	21904	59.5599	0.9854
ESO1358602120S1K	stools_11021101	na	EST1361007101S1K_k141_55499	1590441	357305	22.4658	357130	99.9510	353127	98.8791	175	0.0490	353299	98.8788	6262	1.7526	2256	36.0268	2084	33.2801	2115	33.7752	2051	32.7531	27264	0.0000	9053	0.0000	0.9873
ESO1358602120S1K	stools_11022101	na	EST1361007101S1K_k141_55499	1590441	1111007	69.8553	1110481	99.9527	1096667	98.7560	526	0.0473	1097175	98.7550	20880	1.8794	7048	33.7548	6540	31.3218	6908	33.0843	7434	35.6034	27264	60.2846	31063	51.1219	0.9831
ESO1358602120S1K	stools_11035101	na	EST1361007101S1K_k141_55499	1590441	1112395	69.9426	1110268	99.8088	1097659	98.8643	2127	0.1912	1099768	98.8649	21420	1.9256	8793	41.0504	6689	31.2278	6499	30.3408	8175	38.1653	27264	37.7017	17889	56.4090	0.9842
ESO1358602120S1K	stools_11036101	na	EST1361007101S1K_k141_55499	1590441	649782	40.8555	647946	99.7174	640943	98.9192	1836	0.2826	642759	98.9192	11225	1.7275	4202	37.4343	2405	21.4254	4520	40.2673	3960	35.2784	27264	60.2846	12958	100.0000	0.9941
ESO1358602120S1K	stools_11055101	na	EST1361007101S1K_k141_55499	1590441	869092	54.6447	868369	99.9168	857640	98.7645	723	0.0832	858346	98.7635	15638	1.7993	4892	31.2828	4210	26.9216	5820	37.2170	5587	35.7271	27264	81.4187	21797	100.0000	0.9965
ESO1358602120S1K	stools_11106501	na	EST1361007101S1K_k141_55499	1590441	310163	19.5017	310005	99.9491	306392	98.8345	158	0.0509	306545	98.8335	5353	1.7259	1735	32.4117	1582	29.5535	2101	39.2490	1682	31.4216	27264	0.0000	0	0.0000	0.9929
ESO1358602120S1K	stools_11107101	na	EST1361007101S1K_k141_55499	1590441	1135280	71.3815	1134483	99.9298	1120693	98.7845	797	0.0702	1121468	98.7834	21359	1.8814	7547	35.3341	6778	31.7337	7062	33.0633	7522	35.2170	27264	81.4187	38847	55.1034	0.9851
ESO1358602120S1K	stools_12089102	na	EST1361007101S1K_k141_55499	1590441	769421	48.3778	768805	99.9199	759347	98.7698	616	0.0801	759956	98.7699	14176	1.8424	4711	33.2322	4103	28.9433	4831	34.0787	5270	37.1755	27264	41.1642	22393	50.9981	0.9893
ESO1358602120S1K	stools_12091101	na	EST1361007101S1K_k141_55499	1590441	1091593	68.6346	1090622	99.9110	1076428	98.6985	971	0.0890	1077381	98.6980	21480	1.9678	7268	33.8361	6332	29.4786	6886	32.0577	8224	38.2868	27264	21.1341	29751	19.3506	0.9713
ESO1358602120S1K	stools_12091150	na	EST1361007101S1K_k141_55499	1590441	1084032	68.1592	1082696	99.8768	1069117	98.7458	1336	0.1232	1070433	98.7455	21059	1.9427	7460	35.4243	6154	29.2227	6612	31.3975	8320	39.5080	27264	21.1341	29767	19.1823	0.9712
ESO1358602120S1K	stools_12095102	na	EST1361007101S1K_k141_55499	1590441	900510	56.6201	900130	99.9578	889242	98.7904	380	0.0422	889609	98.7895	16357	1.8164	5456	33.3557	5089	31.1121	5473	33.4597	5815	35.5505	27264	81.4187	43657	39.5813	0.9799
ESO1358602120S1K	stools_12096102	na	EST1361007101S1K_k141_55499	1590441	729070	45.8407	728529	99.9258	719498	98.7604	541	0.0742	720025	98.7594	13157	1.8046	4112	31.2533	3599	27.3543	4748	36.0873	4807	36.5357	27264	60.2846	33786	48.0909	0.9819
ESO1358602120S1K	stools_12101102	na	EST1361007101S1K_k141_55499	1590441	1084815	68.2084	1084360	99.9581	1071196	98.7860	455	0.0419	1071641	98.7856	19839	1.8288	6665	33.5954	6221	31.3574	6706	33.8021	6914	34.8505	27264	60.2846	42310	38.6812	0.9764
ESO1358602120S1K	stools_12117101	na	EST1361007101S1K_k141_55499	1590441	703881	44.2570	703270	99.9132	694476	98.7496	611	0.0868	695070	98.7482	13360	1.8980	4549	34.0494	3970	29.7156	4425	33.1213	4966	37.1707	27264	60.2846	34136	47.4895	0.9816
ESO1358602120S1K	stools_12118101	na	EST1361007101S1K_k141_55499	1590441	810647	50.9700	810263	99.9526	800298	98.7702	384	0.0474	800668	98.7690	14223	1.7545	4244	29.8390	3891	27.3571	5274	37.0808	5050	35.5059	27264	60.2846	34404	49.0176	0.9816
ESO1358602120S1K	stools_12118150	na	EST1361007101S1K_k141_55499	1590441	754049	47.4113	753772	99.9633	744990	98.8349	277	0.0367	745256	98.8339	13346	1.7699	4553	34.1151	4287	32.1220	4626	34.6621	4457	33.3958	27264	62.2983	33835	51.6122	0.9893
ESO1361008120S1K	stools_11006101	na	ESO1212705120S1K_k141_16	1917768	764242	39.8506	763858	99.9498	746508	97.7286	384	0.0502	746870	97.7269	25958	3.3966	8586	33.0765	8224	31.6819	8886	34.2322	9016	34.7330	7875	100.0000	49293	17.0957	0.9783
ESO1361008120S1K	stools_11015101	na	ESO1212705120S1K_k141_16	1917768	1554674	81.0668	1540240	99.0716	1508522	97.9407	14434	0.9284	1522697	97.9432	62471	4.0183	30494	48.8130	16438	26.3130	17223	27.5696	25483	40.7917	7875	0.0000	28481	0.0000	0.9810
ESO1361008120S1K	stools_11015501	na	ESO1212705120S1K_k141_16	1917768	1494956	77.9529	1483918	99.2617	1452368	97.8739	11038	0.7383	1463180	97.8745	58691	3.9259	26915	45.8588	16175	27.5596	17015	28.9908	23049	39.2718	7875	0.0000	34311	0.0000	0.9780
ESO1361008120S1K	stools_11025101	na	ESO1212705120S1K_k141_16	1917768	1287200	67.1197	1286413	99.9389	1255949	97.6319	787	0.0611	1256690	97.6297	45903	3.5661	15393	33.5338	14660	31.9369	15407	33.5643	16158	35.2003	7875	0.0000	65594	0.0000	0.9617
ESO1361008120S1K	stools_11025102	na	ESO1212705120S1K_k141_16	1917768	1213748	63.2896	1212969	99.9358	1185297	97.7187	779	0.0642	1186032	97.7165	42569	3.5072	14853	34.8916	14160	33.2636	14038	32.9770	14622	34.3489	7875	0.0000	61221	0.0000	0.9640
ESO1361008120S1K	stools_11030150	na	ESO1212705120S1K_k141_16	1917768	1518192	79.1645	1516109	99.8628	1481575	97.7222	2083	0.1372	1483575	97.7199	51457	3.3894	16840	32.7264	14872	28.9018	19500	37.8957	17420	33.8535	7875	100.0000	13220	60.8775	0.9972
ESO1361008120S1K	stools_11030501	na	ESO1212705120S1K_k141_16	1917768	1628205	84.9010	1625657	99.8435	1587923	97.6788	2548	0.1565	1590373	97.6765	56497	3.4699	18665	33.0372	16274	28.8051	21087	37.3241	19504	34.5222	7875	100.0000	13103	61.3524	0.9973
ESO1361008120S1K	stools_11031101	na	ESO1212705120S1K_k141_16	1917768	1486031	77.4875	1484285	99.8825	1445129	97.3620	1746	0.1175	1446773	97.3582	57987	3.9021	18729	32.2986	17126	29.5342	18949	32.6780	22323	38.4966	7875	0.0000	13723	0.0000	0.9887
ESO1361008120S1K	stools_11031150	na	ESO1212705120S1K_k141_16	1917768	1387690	72.3596	1386361	99.9042	1348795	97.2903	1329	0.0958	1350025	97.2858	55317	3.9863	17652	31.9106	16469	29.7720	17962	32.4710	21318	38.5379	7875	0.0000	18970	0.0000	0.9860
ESO1361008120S1K	stools_11031501	na	ESO1212705120S1K_k141_16	1917768	1361871	71.0133	1360609	99.9073	1323436	97.2679	1262	0.0927	1324616	97.2644	54482	4.0005	17227	31.6196	16096	29.5437	17638	32.3740	21147	38.8147	7875	0.0000	13708	0.0000	0.9887
ESO1361008120S1K	stools_11035101	na	ESO1212705120S1K_k141_16	1917768	1405502	73.2884	1403779	99.8774	1365997	97.3086	1723	0.1226	1367617	97.3045	55966	3.9819	18081	32.3071	16521	29.5197	18024	32.2053	21738	38.8414	7875	0.0000	13728	0.0000	0.9887
ESO1361008120S1K	stools_11037101	na	ESO1212705120S1K_k141_16	1917768	1408429	73.4411	1407324	99.9215	1372520	97.5269	1105	0.0785	1373574	97.5253	52311	3.7141	17456	33.3697	16416	31.3815	17663	33.7654	18600	35.5566	7875	0.0000	53610	0.0000	0.9679
ESO1361008120S1K	stools_11038501	na	ESO1212705120S1K_k141_16	1917768	1478705	77.1055	1477167	99.8960	1440060	97.4880	1538	0.1040	1441522	97.4854	55539	3.7559	18356	33.0506	16917	30.4597	18653	33.5854	20278	36.5113	7875	0.0000	22657	0.0000	0.9841
ESO1361008120S1K	stools_11055150	na	ESO1212705120S1K_k141_16	1917768	899369	46.8967	898489	99.9022	876619	97.5659	880	0.0978	877472	97.5653	32365	3.5986	10468	32.3436	9617	29.7142	11336	35.0255	11684	36.1007	7875	0.0000	39382	0.0000	0.9754
ESO1361008120S1K	stools_12062150	na	ESO1212705120S1K_k141_16	1917768	1451176	75.6700	1449728	99.9002	1411860	97.3879	1448	0.0998	1413208	97.3836	56199	3.8727	18231	32.4401	16924	30.1144	18464	32.8547	21203	37.7284	7875	0.0000	23195	0.0000	0.9838
ESO1361008120S1K	stools_12120101	na	ESO1212705120S1K_k141_16	1917768	1486889	77.5323	1485461	99.9040	1444069	97.2135	1428	0.0960	1445387	97.2088	59892	4.0280	18390	30.7053	17110	28.5681	18253	30.4765	25003	41.7468	7875	0.0000	0	0.0000	0.9959
EST1212204101S1K	stools_11006101	na	ESO1212705120S1K_k141_16	1917768	705716	36.7988	705430	99.9595	688777	97.6393	286	0.0405	689052	97.6387	24931	3.5327	8267	33.1595	7993	32.0605	8715	34.9565	8399	33.6890	7860	100.0000	49293	17.0957	0.9783
EST1212204101S1K	stools_11015101	na	ESO1212705120S1K_k141_16	1917768	1492556	77.8278	1478179	99.0368	1444906	97.7491	14377	0.9632	1458989	97.7510	63910	4.2819	30343	47.4777	16391	25.6470	18813	29.4367	25379	39.7105	7860	0.0000	28481	0.0000	0.9811
EST1212204101S1K	stools_11015501	na	ESO1212705120S1K_k141_16	1917768	1435320	74.8433	1424557	99.2501	1391662	97.6909	10763	0.7499	1402186	97.6915	59560	4.1496	26426	44.3687	15963	26.8015	18349	30.8076	22851	38.3664	7860	0.0000	34311	0.0000	0.9780
EST1212204101S1K	stools_11025101	na	ESO1212705120S1K_k141_16	1917768	1203334	62.7466	1202668	99.9447	1174230	97.6354	666	0.0553	1174855	97.6333	44153	3.6692	15674	35.4993	15057	34.1019	14708	33.3114	14691	33.2729	7860	0.0000	65594	0.0000	0.9617
EST1212204101S1K	stools_11025102	na	ESO1212705120S1K_k141_16	1917768	1132352	59.0453	1131666	99.9394	1105696	97.7052	686	0.0606	1106346	97.7034	40914	3.6132	14908	36.4374	14268	34.8731	13583	33.1989	13279	32.4559	7860	0.0000	61221	0.0000	0.9640
EST1212204101S1K	stools_11030150	na	ESO1212705120S1K_k141_16	1917768	1437019	74.9318	1435040	99.8623	1401489	97.6620	1979	0.1377	1403377	97.6589	50732	3.5304	17090	33.6868	15205	29.9712	19540	38.5161	16274	32.0784	7860	100.0000	13220	60.8775	0.9972
EST1212204101S1K	stools_11030501	na	ESO1212705120S1K_k141_16	1917768	1555586	81.1144	1553068	99.8381	1516018	97.6144	2518	0.1619	1518430	97.6114	56459	3.6294	19303	34.1894	16944	30.0112	21365	37.8416	18442	32.6644	7860	100.0000	13103	61.3524	0.9973
EST1212204101S1K	stools_11031101	na	ESO1212705120S1K_k141_16	1917768	1429291	74.5289	1427316	99.8618	1388571	97.2855	1975	0.1382	1390431	97.2812	58638	4.1026	19778	33.7290	17990	30.6798	19481	33.2225	21571	36.7867	7860	0.0000	13723	0.0000	0.9887
EST1212204101S1K	stools_11031150	na	ESO1212705120S1K_k141_16	1917768	1368118	71.3391	1366514	99.8828	1328613	97.2264	1604	0.1172	1330103	97.2214	57025	4.1681	19010	33.3363	17606	30.8742	18890	33.1258	20954	36.7453	7860	0.0000	18970	0.0000	0.9860
EST1212204101S1K	stools_11031501	na	ESO1212705120S1K_k141_16	1917768	1352617	70.5308	1351055	99.8845	1313307	97.2060	1562	0.1155	1314766	97.2016	56628	4.1866	18777	33.1585	17405	30.7357	18791	33.1832	20863	36.8422	7860	0.0000	13708	0.0000	0.9888
EST1212204101S1K	stools_11035101	na	ESO1212705120S1K_k141_16	1917768	1386494	72.2973	1384436	99.8516	1345855	97.2132	2058	0.1484	1347792	97.2086	58083	4.1892	19381	33.3678	17577	30.2619	19293	33.2163	21581	37.1554	7860	0.0000	13728	0.0000	0.9887
EST1212204101S1K	stools_11037101	na	ESO1212705120S1K_k141_16	1917768	1349992	70.3939	1348898	99.9190	1323468	98.1148	1094	0.0810	1324503	98.1119	47941	3.5512	22452	46.8326	21453	44.7488	13423	27.9990	13209	27.5526	7860	0.0000	53610	0.0000	0.9679
EST1212204101S1K	stools_11038501	na	ESO1212705120S1K_k141_16	1917768	1406063	73.3177	1404572	99.8940	1367849	97.3855	1491	0.1060	1369246	97.3816	55152	3.9224	18335	33.2445	16979	30.7858	18943	34.3469	19589	35.5182	7860	0.0000	22657	0.0000	0.9841
EST1212204101S1K	stools_11055150	na	ESO1212705120S1K_k141_16	1917768	839716	43.7861	838918	99.9050	822938	98.0952	798	0.0950	823711	98.0940	28833	3.4337	12828	44.4907	12057	41.8167	8419	29.1992	8454	29.3206	7860	0.0000	39382	0.0000	0.9754
EST1212204101S1K	stools_12062150	na	ESO1212705120S1K_k141_16	1917768	1404070	73.2138	1402446	99.8843	1365100	97.3371	1624	0.1157	1366617	97.3325	56885	4.0514	19432	34.1601	18018	31.6744	18822	33.0878	20465	35.9761	7860	0.0000	23195	0.0000	0.9838
EST1212204101S1K	stools_12120101	na	ESO1212705120S1K_k141_16	1917768	1448035	75.5063	1446339	99.8829	1404556	97.1111	1696	0.1171	1406129	97.1060	61197	4.2262	19291	31.5228	17795	29.0782	19357	31.6306	24514	40.0575	7860	0.0000	0	0.0000	0.9959
EST1212206101S1K	stools_11001501	na	EST1361007101S1K_k141_55499	1590441	241293	15.1715	241243	99.9793	238153	98.7191	50	0.0207	238201	98.7186	4532	1.8782	1440	31.7741	1392	30.7149	1455	32.1050	1703	37.5772	33749	69.0954	29031	100.0000	0.9817
EST1212206101S1K	stools_11009101	na	EST1361007101S1K_k141_55499	1590441	1286899	80.9146	1285171	99.8657	1268139	98.6747	1728	0.1343	1269828	98.6735	26076	2.0263	9005	34.5337	7337	28.1370	8378	32.1292	10290	39.4616	33749	83.6291	35313	85.8098	0.9916
EST1212206101S1K	stools_11009150	na	EST1361007101S1K_k141_55499	1590441	751738	47.2660	751509	99.9695	741678	98.6918	229	0.0305	741904	98.6918	14258	1.8967	4424	31.0282	4201	29.4642	4802	33.6793	5315	37.2773	33749	68.5502	26250	100.0000	0.9945
EST1212206101S1K	stools_11010101	na	EST1361007101S1K_k141_55499	1590441	1085190	68.2320	1084686	99.9536	1070710	98.7115	504	0.0464	1071201	98.7109	20635	1.9015	6646	32.2074	6161	29.8570	6799	32.9489	7753	37.5721	33749	30.9046	24361	66.6311	0.9764
EST1212206101S1K	stools_11011101	na	EST1361007101S1K_k141_55499	1590441	929351	58.4335	926473	99.6903	915020	98.7638	2878	0.3097	917858	98.7633	18784	2.0212	7291	38.8149	4457	23.7276	6294	33.5072	7511	39.9862	33749	63.2048	21904	100.0000	0.9880
EST1212206101S1K	stools_11021101	na	EST1361007101S1K_k141_55499	1590441	369112	23.2082	368952	99.9567	364304	98.7402	160	0.0433	364455	98.7383	6776	1.8358	2119	31.2721	1968	29.0437	2350	34.6812	2478	36.5702	33749	15.8257	9053	100.0000	0.9875
EST1212206101S1K	stools_11022101	na	EST1361007101S1K_k141_55499	1590441	1213511	76.3003	1213006	99.9584	1196797	98.6637	505	0.0416	1197289	98.6632	23732	1.9556	7510	31.6450	7031	29.6267	7942	33.4654	8860	37.3336	33749	83.6291	31063	100.0000	0.9943
EST1212206101S1K	stools_11035101	na	EST1361007101S1K_k141_55499	1590441	1179446	74.1584	1177444	99.8303	1162265	98.7109	2002	0.1697	1164238	98.7106	23748	2.0135	8540	35.9609	6574	27.6823	7528	31.6995	9680	40.7613	33749	30.9046	17889	71.9772	0.9805
EST1212206101S1K	stools_11036101	na	EST1361007101S1K_k141_55499	1590441	670426	42.1535	668725	99.7463	660936	98.8352	1701	0.2537	662613	98.8346	11875	1.7713	4062	34.2063	2385	20.0842	4836	40.7242	4357	36.6905	33749	47.3792	12958	100.0000	0.9836
EST1212206101S1K	stools_11055101	na	EST1361007101S1K_k141_55499	1590441	952726	59.9033	951965	99.9201	939502	98.6908	761	0.0799	940234	98.6888	17690	1.8568	5198	29.3838	4482	25.3363	6711	37.9367	6586	37.2301	33749	63.7500	21797	100.0000	0.9918
EST1212206101S1K	stools_11106501	na	EST1361007101S1K_k141_55499	1590441	307002	19.3029	306926	99.9752	302983	98.7153	76	0.0248	303057	98.7150	5458	1.7778	1513	27.7208	1439	26.3650	2174	39.8314	1862	34.1151	33749	0.0000	0	0.0000	0.9931
EST1212206101S1K	stools_11107101	na	EST1361007101S1K_k141_55499	1590441	1250618	78.6334	1249780	99.9330	1235338	98.8444	838	0.0670	1236150	98.8431	23619	1.8886	9151	38.7442	8359	35.3910	7121	30.1495	8198	34.7093	33749	100.0000	38847	100.0000	0.9962
EST1212206101S1K	stools_12089102	na	EST1361007101S1K_k141_55499	1590441	774738	48.7121	774211	99.9320	764408	98.7338	527	0.0680	764922	98.7330	14440	1.8639	4624	32.0222	4110	28.4626	4862	33.6704	5544	38.3934	33749	48.1259	22393	100.0000	0.9849
EST1212206101S1K	stools_12091101	na	EST1361007101S1K_k141_55499	1590441	1206800	75.8783	1205863	99.9224	1189385	98.6335	937	0.0776	1190291	98.6320	24250	2.0094	7741	31.9216	6861	28.2928	7799	32.1608	9687	39.9464	33749	52.6208	29751	76.7638	0.9812
EST1212206101S1K	stools_12091150	na	EST1361007101S1K_k141_55499	1590441	1146570	72.0913	1145367	99.8951	1130129	98.6696	1203	0.1049	1131308	98.6689	22803	1.9888	7541	33.0702	6388	28.0139	7227	31.6932	9344	40.9771	33749	52.6208	29767	76.7965	0.9812
EST1212206101S1K	stools_12095102	na	EST1361007101S1K_k141_55499	1590441	923112	58.0413	922812	99.9675	911091	98.7299	300	0.0325	911379	98.7290	17052	1.8472	5319	31.1928	5034	29.5215	5664	33.2160	6425	37.6789	33749	79.5757	43657	66.7568	0.9759
EST1212206101S1K	stools_12096102	na	EST1361007101S1K_k141_55499	1590441	799691	50.2811	799160	99.9336	788315	98.6430	531	0.0664	788823	98.6410	15214	1.9025	4346	28.5658	3838	25.2268	5671	37.2749	5808	38.1754	33749	83.6291	33786	100.0000	0.9925
EST1212206101S1K	stools_12101102	na	EST1361007101S1K_k141_55499	1590441	1134318	71.3210	1133955	99.9680	1119264	98.7044	363	0.0320	1119610	98.7034	21433	1.8895	6725	31.3768	6380	29.7672	7208	33.6304	7961	37.1437	33749	83.6291	42310	81.0116	0.9870
EST1212206101S1K	stools_12117101	na	EST1361007101S1K_k141_55499	1590441	803973	50.5503	803235	99.9082	792049	98.6074	738	0.0918	792750	98.6041	16221	2.0176	4998	30.8119	4301	26.5150	5621	34.6526	6400	39.4550	33749	83.6291	34136	100.0000	0.9923
EST1212206101S1K	stools_12118101	na	EST1361007101S1K_k141_55499	1590441	893436	56.1754	893085	99.9607	881097	98.6577	351	0.0393	881432	98.6564	16502	1.8470	4498	27.2573	4164	25.2333	6244	37.8378	6195	37.5409	33749	83.6291	34404	100.0000	0.9922
EST1212206101S1K	stools_12118150	na	EST1361007101S1K_k141_55499	1590441	755639	47.5113	755425	99.9717	746058	98.7600	214	0.0283	746265	98.7595	13716	1.8152	4342	31.6565	4143	30.2056	4743	34.5801	4885	35.6153	33749	64.4967	33835	84.0372	0.9846
EST1212206201S1K	stools_11006101	na	ESO1212705120S1K_k141_16	1917768	775648	40.4454	775279	99.9524	757446	97.6998	369	0.0476	757803	97.6993	26754	3.4492	8909	33.2997	8554	31.9728	9306	34.7836	9065	33.8828	7856	100.0000	49293	17.0957	0.9783
EST1212206201S1K	stools_11015101	na	ESO1212705120S1K_k141_16	1917768	1592709	83.0501	1577656	99.0549	1543444	97.8315	15053	0.9451	1558206	97.8337	66035	4.1461	31532	47.7504	16893	25.5819	19108	28.9362	26601	40.2832	7856	0.0000	28481	0.0000	0.9811
EST1212206201S1K	stools_11015501	na	ESO1212705120S1K_k141_16	1917768	1526265	79.5855	1514980	99.2606	1481007	97.7575	11285	0.7394	1492049	97.7582	61658	4.0398	27442	44.5068	16452	26.6827	18742	30.3967	23995	38.9163	7856	0.0000	34311	0.0000	0.9780
EST1212206201S1K	stools_11025101	na	ESO1212705120S1K_k141_16	1917768	1308232	68.2164	1307520	99.9456	1277346	97.6923	712	0.0544	1278013	97.6901	46692	3.5691	16473	35.2801	15826	33.8945	15458	33.1063	15738	33.7060	7856	0.0000	65594	0.0000	0.9617
EST1212206201S1K	stools_11025102	na	ESO1212705120S1K_k141_16	1917768	1234598	64.3768	1233882	99.9420	1206250	97.7606	716	0.0580	1206926	97.7586	43392	3.5147	15720	36.2279	15052	34.6884	14270	32.8862	14310	32.9784	7856	0.0000	61221	0.0000	0.9640
EST1212206201S1K	stools_11030150	na	ESO1212705120S1K_k141_16	1917768	1545154	80.5704	1542997	99.8604	1507911	97.7261	2157	0.1396	1509969	97.7229	53179	3.4417	17994	33.8367	15952	29.9968	20168	37.9247	17367	32.6576	7856	100.0000	13220	60.8775	0.9972
EST1212206201S1K	stools_11030501	na	ESO1212705120S1K_k141_16	1917768	1661819	86.6538	1659131	99.8382	1620658	97.6811	2688	0.1618	1623228	97.6778	58707	3.5327	20116	34.2651	17582	29.9487	21945	37.3806	19507	33.2277	7856	100.0000	13103	61.3524	0.9973
EST1212206201S1K	stools_11031101	na	ESO1212705120S1K_k141_16	1917768	1522434	79.3857	1520479	99.8716	1480278	97.3560	1955	0.1284	1482094	97.3503	60533	3.9761	20193	33.3587	18443	30.4677	20014	33.0630	22535	37.2276	7856	0.0000	13723	0.0000	0.9887
EST1212206201S1K	stools_11031150	na	ESO1212705120S1K_k141_16	1917768	1419787	74.0333	1418142	99.8841	1379479	97.2737	1645	0.1159	1380986	97.2671	57945	4.0812	19144	33.0382	17697	30.5410	19116	32.9899	21564	37.2146	7856	0.0000	18970	0.0000	0.9860
EST1212206201S1K	stools_11031501	na	ESO1212705120S1K_k141_16	1917768	1394210	72.6996	1392672	99.8897	1354342	97.2477	1538	0.1103	1355745	97.2411	57231	4.1049	18766	32.7899	17415	30.4293	18909	33.0398	21347	37.2997	7856	0.0000	13708	0.0000	0.9888
EST1212206201S1K	stools_11035101	na	ESO1212705120S1K_k141_16	1917768	1438234	74.9952	1436152	99.8552	1396897	97.2667	2082	0.1448	1398835	97.2606	58912	4.0961	19513	33.1223	17659	29.9752	19448	33.0120	22172	37.6358	7856	0.0000	13728	0.0000	0.9887
EST1212206201S1K	stools_11037101	na	ESO1212705120S1K_k141_16	1917768	1437239	74.9433	1436085	99.9197	1409896	98.1764	1154	0.0803	1411004	98.1746	49535	3.4465	23300	47.0374	22222	44.8612	13707	27.6713	13761	27.7804	7856	0.0000	53610	0.0000	0.9679
EST1212206201S1K	stools_11038501	na	ESO1212705120S1K_k141_16	1917768	1510323	78.7542	1508740	99.8952	1470446	97.4619	1583	0.1048	1471933	97.4582	57479	3.8057	19089	33.2104	17670	30.7417	19602	34.1029	20573	35.7922	7856	0.0000	22657	0.0000	0.9841
EST1212206201S1K	stools_11055150	na	ESO1212705120S1K_k141_16	1917768	916911	47.8114	916041	99.9051	899065	98.1468	870	0.0949	899904	98.1452	30611	3.3385	13604	44.4415	12783	41.7595	8874	28.9896	9103	29.7377	7856	0.0000	39382	0.0000	0.9754
EST1212206201S1K	stools_12062150	na	ESO1212705120S1K_k141_16	1917768	1486468	77.5103	1484814	99.8887	1446201	97.3995	1654	0.1113	1447727	97.3938	58660	3.9463	19919	33.9567	18495	31.5292	19295	32.8929	21297	36.3058	7856	0.0000	23195	0.0000	0.9838
EST1212206201S1K	stools_12120101	na	ESO1212705120S1K_k141_16	1917768	1516672	79.0853	1514973	99.8880	1472020	97.1648	1699	0.1120	1473595	97.1598	62644	4.1304	19567	31.2352	18047	28.8088	19712	31.4667	25388	40.5274	7856	0.0000	0	0.0000	0.9959
EST1212704101S1K	stools_11001501	na	EST1361007101S1K_k141_55499	1590441	245656	15.4458	245601	99.9776	242668	98.8058	55	0.0224	242722	98.8056	4297	1.7492	1363	31.7198	1309	30.4631	1331	30.9751	1678	39.0505	34267	69.0694	29031	100.0000	0.9817
EST1212704101S1K	stools_11009101	na	EST1361007101S1K_k141_55499	1590441	1193910	75.0679	1192381	99.8719	1177433	98.7464	1529	0.1281	1178927	98.7450	22917	1.9195	7934	34.6206	6460	28.1887	7204	31.4352	9167	40.0009	34267	84.0109	35313	85.8098	0.9947
EST1212704101S1K	stools_11009150	na	EST1361007101S1K_k141_55499	1590441	754572	47.4442	754323	99.9670	744902	98.7511	249	0.0330	745149	98.7512	13677	1.8126	4254	31.1033	4013	29.3412	4537	33.1725	5191	37.9542	34267	69.2270	26250	100.0000	0.9944
EST1212704101S1K	stools_11010101	na	EST1361007101S1K_k141_55499	1590441	1044183	65.6537	1043693	99.9531	1030611	98.7466	490	0.0469	1031097	98.7468	19028	1.8223	5942	31.2277	5469	28.7419	6351	33.3771	7310	38.4171	34267	30.9306	24361	66.6311	0.9763
EST1212704101S1K	stools_11011101	na	EST1361007101S1K_k141_55499	1590441	813476	51.1478	810809	99.6721	801515	98.8537	2667	0.3279	804153	98.8539	15720	1.9324	6397	40.6934	3765	23.9504	4954	31.5140	6487	41.2659	34267	63.1336	21904	100.0000	0.9879
EST1212704101S1K	stools_11021101	na	EST1361007101S1K_k141_55499	1590441	364486	22.9173	364332	99.9577	360035	98.8206	154	0.0423	360186	98.8203	6312	1.7318	2012	31.8758	1861	29.4835	2072	32.8264	2406	38.1179	34267	16.1467	9053	100.0000	0.9874
EST1212704101S1K	stools_11022101	na	EST1361007101S1K_k141_55499	1590441	1114359	70.0660	1113947	99.9630	1099774	98.7277	412	0.0370	1100180	98.7276	20761	1.8630	6582	31.7037	6177	29.7529	6769	32.6044	7893	38.0184	34267	84.0109	31063	100.0000	0.9942
EST1212704101S1K	stools_11035101	na	EST1361007101S1K_k141_55499	1590441	1118071	70.2994	1116026	99.8171	1102394	98.7785	2045	0.1829	1104415	98.7786	21622	1.9339	7966	36.8421	5960	27.5645	6690	30.9407	9012	41.6798	34267	30.9306	17889	71.9772	0.9835
EST1212704101S1K	stools_11036101	na	EST1361007101S1K_k141_55499	1590441	653908	41.1149	652158	99.7324	645013	98.9044	1750	0.2676	646742	98.9041	11060	1.6914	3894	35.2080	2165	19.5750	4388	39.6745	4176	37.7577	34267	46.9869	12958	100.0000	0.9833
EST1212704101S1K	stools_11055101	na	EST1361007101S1K_k141_55499	1590441	863183	54.2732	862574	99.9294	852042	98.7790	609	0.0706	852638	98.7784	15020	1.7401	4475	29.7936	3880	25.8322	5550	36.9507	5630	37.4834	34267	62.9760	21797	100.0000	0.9917
EST1212704101S1K	stools_11106501	na	EST1361007101S1K_k141_55499	1590441	314300	19.7618	314203	99.9691	310268	98.7476	97	0.0309	310365	98.7480	5439	1.7305	1504	27.6521	1407	25.8687	2193	40.3199	1861	34.2158	34267	0.0000	0	0.0000	0.9931
EST1212704101S1K	stools_11107101	na	EST1361007101S1K_k141_55499	1590441	1139766	71.6635	1139115	99.9429	1126477	98.8905	651	0.0571	1127114	98.8899	20358	1.7862	7706	37.8524	7076	34.7578	6135	30.1356	7232	35.5241	34267	100.0000	38847	100.0000	0.9962
EST1212704101S1K	stools_12089102	na	EST1361007101S1K_k141_55499	1590441	780874	49.0980	780294	99.9257	770723	98.7734	580	0.0743	771292	98.7729	14103	1.8061	4521	32.0570	3952	28.0224	4667	33.0922	5573	39.5164	34267	48.3497	22393	100.0000	0.9883
EST1212704101S1K	stools_12091101	na	EST1361007101S1K_k141_55499	1590441	1090437	68.5619	1089632	99.9262	1075437	98.6973	805	0.0738	1076225	98.6967	20828	1.9101	6616	31.7649	5837	28.0248	6637	31.8658	8406	40.3591	34267	53.0131	29751	76.7638	0.9814
EST1212704101S1K	stools_12091150	na	EST1361007101S1K_k141_55499	1590441	1092548	68.6947	1091324	99.8880	1077454	98.7291	1224	0.1120	1078666	98.7294	20791	1.9030	6909	33.2307	5705	27.4398	6529	31.4030	8662	41.6623	34267	53.0131	29767	76.7965	0.9814
EST1212704101S1K	stools_12095102	na	EST1361007101S1K_k141_55499	1590441	911529	57.3130	911229	99.9671	899979	98.7654	300	0.0329	900268	98.7646	16316	1.7900	5055	30.9819	4766	29.2106	5364	32.8757	6267	38.4101	34267	79.1228	43657	66.7568	0.9758
EST1212704101S1K	stools_12096102	na	EST1361007101S1K_k141_55499	1590441	722655	45.4374	722225	99.9405	712845	98.7012	430	0.0595	713262	98.7002	13107	1.8137	3714	28.3360	3297	25.1545	4771	36.4004	5120	39.0631	34267	84.0109	33786	100.0000	0.9929
EST1212704101S1K	stools_12101102	na	EST1361007101S1K_k141_55499	1590441	1089876	68.5267	1089528	99.9681	1075867	98.7462	348	0.0319	1076208	98.7459	19708	1.8083	6040	30.6475	5706	28.9527	6590	33.4382	7515	38.1317	34267	84.0109	42310	81.0116	0.9874
EST1212704101S1K	stools_12117101	na	EST1361007101S1K_k141_55499	1590441	695770	43.7470	695222	99.9212	685952	98.6666	548	0.0788	686480	98.6648	13407	1.9269	4117	30.7078	3590	26.7771	4448	33.1767	5438	40.5609	34267	84.0109	34136	100.0000	0.9927
EST1212704101S1K	stools_12118101	na	EST1361007101S1K_k141_55499	1590441	809151	50.8759	808878	99.9663	798542	98.7222	273	0.0337	798807	98.7216	14194	1.7542	3850	27.1241	3586	25.2642	5250	36.9875	5436	38.2979	34267	84.0109	34404	100.0000	0.9925
EST1212704101S1K	stools_12118150	na	EST1361007101S1K_k141_55499	1590441	763489	48.0049	763265	99.9707	754119	98.8017	224	0.0293	754338	98.8014	13346	1.7480	4195	31.4326	3976	29.7917	4531	33.9502	4888	36.6252	34267	64.3389	33835	84.0372	0.9879
EST1212705101S1K	stools_11006101	na	ESO1212705120S1K_k141_16	1917768	722586	37.6785	722455	99.9819	705831	97.6990	131	0.0181	705959	97.6990	16755	2.3188	128	0.7640	0	0.0000	28	0.1671	16724	99.8150	0	0.0000	49293	0.0000	0.9743
EST1212705101S1K	stools_11015101	na	ESO1212705120S1K_k141_16	1917768	1535994	80.0928	1522071	99.0936	1489331	97.8490	13923	0.9064	1502991	97.8514	46671	3.0385	13668	29.2859	58	0.1243	124	0.2657	46487	99.6058	0	0.0000	28481	0.0000	0.9851
EST1212705101S1K	stools_11015501	na	ESO1212705120S1K_k141_16	1917768	1474636	76.8933	1464348	99.3023	1432099	97.7977	10288	0.6977	1442192	97.7999	42537	2.8846	10093	23.7276	23	0.0541	130	0.3056	42375	99.6192	0	0.0000	34311	0.0000	0.9821
EST1212705101S1K	stools_11025101	na	ESO1212705120S1K_k141_16	1917768	1236543	64.4782	1236165	99.9694	1206226	97.5781	378	0.0306	1206579	97.5768	30317	2.4518	353	1.1644	4	0.0132	66	0.2177	30236	99.7328	0	0.0000	65594	0.0000	0.9658
EST1212705101S1K	stools_11025102	na	ESO1212705120S1K_k141_16	1917768	1157960	60.3806	1157623	99.9709	1129877	97.6032	337	0.0291	1130193	97.6021	28083	2.4252	316	1.1252	1	0.0036	61	0.2172	28023	99.7863	0	0.0000	61221	0.0000	0.9681
EST1212705101S1K	stools_11030150	na	ESO1212705120S1K_k141_16	1917768	1483934	77.3782	1482422	99.8981	1451729	97.9295	1512	0.1019	1453181	97.9276	32213	2.1708	1460	4.5323	20	0.0621	116	0.3601	32068	99.5499	0	0.0000	13220	0.0000	0.9931
EST1212705101S1K	stools_11030501	na	ESO1212705120S1K_k141_16	1917768	1603586	83.6173	1601549	99.8730	1567246	97.8581	2037	0.1270	1569194	97.8553	36348	2.2667	1956	5.3813	15	0.0413	129	0.3549	36193	99.5736	0	0.0000	13103	0.0000	0.9932
EST1212705101S1K	stools_11031101	na	ESO1212705120S1K_k141_16	1917768	1464871	76.3842	1463431	99.9017	1424164	97.3168	1440	0.0983	1425504	97.3126	40707	2.7789	1340	3.2918	7	0.0172	153	0.3759	40534	99.5750	0	0.0000	13723	0.0000	0.9928
EST1212705101S1K	stools_11031150	na	ESO1212705120S1K_k141_16	1917768	1392978	72.6354	1391949	99.9261	1353261	97.2206	1029	0.0739	1354194	97.2157	39722	2.8516	938	2.3614	14	0.0352	156	0.3927	39538	99.5368	0	0.0000	18970	0.0000	0.9901
EST1212705101S1K	stools_11031501	na	ESO1212705120S1K_k141_16	1917768	1368399	71.3537	1367390	99.9263	1329125	97.2016	1009	0.0737	1330054	97.1978	39274	2.8701	929	2.3654	11	0.0280	155	0.3947	39090	99.5315	0	0.0000	13708	0.0000	0.9929
EST1212705101S1K	stools_11035101	na	ESO1212705120S1K_k141_16	1917768	1411687	73.6109	1410128	99.8896	1371323	97.2481	1559	0.1104	1372742	97.2412	40368	2.8596	1423	3.5251	15	0.0372	158	0.3914	40185	99.5467	0	0.0000	13728	0.0000	0.9928
EST1212705101S1K	stools_11037101	na	ESO1212705120S1K_k141_16	1917768	1386379	72.2913	1385694	99.9506	1350960	97.4934	685	0.0494	1351594	97.4909	35420	2.5549	635	1.7928	6	0.0169	114	0.3219	35294	99.6443	0	0.0000	53610	0.0000	0.9720
EST1212705101S1K	stools_11038501	na	ESO1212705120S1K_k141_16	1917768	1451199	75.6712	1450189	99.9304	1413684	97.4827	1010	0.0696	1414636	97.4805	37515	2.5851	952	2.5377	8	0.0213	132	0.3519	37362	99.5922	0	0.0000	22657	0.0000	0.9882
EST1212705101S1K	stools_11055150	na	ESO1212705120S1K_k141_16	1917768	863802	45.0420	863213	99.9318	842927	97.6499	589	0.0682	843503	97.6500	20875	2.4166	576	2.7593	0	0.0000	66	0.3162	20807	99.6743	0	0.0000	39382	0.0000	0.9795
EST1212705101S1K	stools_12062150	na	ESO1212705120S1K_k141_16	1917768	1433072	74.7260	1431895	99.9179	1393540	97.3214	1177	0.0821	1394621	97.3169	39532	2.7585	1081	2.7345	8	0.0202	156	0.3946	39356	99.5548	0	0.0000	23195	0.0000	0.9879
EST1212705101S1K	stools_12120101	na	ESO1212705120S1K_k141_16	1917768	1481885	77.2713	1480781	99.9255	1438156	97.1215	1104	0.0745	1439148	97.1160	43736	2.9514	999	2.2842	13	0.0297	141	0.3224	43549	99.5724	0	0.0000	0	0.0000	1.0000
EST1213405101S1K	stools_11001501	na	EST1361007101S1K_k141_55499	1590441	84233	5.2962	84222	99.9869	83181	98.7640	11	0.0131	83192	98.7641	1464	1.7380	423	28.8934	412	28.1421	478	32.6503	577	39.4126	9606	100.0000	29031	53.3051	0.9817
EST1213405101S1K	stools_11006101	na	ESO1212705120S1K_k141_16	1917768	727654	37.9428	727202	99.9379	712470	97.9742	452	0.0621	712908	97.9735	24346	3.3458	9600	39.4315	9163	37.6366	7954	32.6707	7319	30.0624	52319	48.9058	49293	68.2551	0.9820
EST1213405101S1K	stools_11009101	na	EST1361007101S1K_k141_55499	1590441	366558	23.0476	366158	99.8909	361758	98.7983	400	0.1091	362150	98.7975	6694	1.8262	2286	34.1500	1905	28.4583	2131	31.8345	2640	39.4383	9606	100.0000	35313	19.2139	0.9872
EST1213405101S1K	stools_11009150	na	EST1361007101S1K_k141_55499	1590441	247672	15.5725	247607	99.9738	244580	98.7775	65	0.0262	244644	98.7774	4415	1.7826	1387	31.4156	1327	30.0566	1466	33.2050	1639	37.1234	9606	100.0000	26250	26.0838	0.9870
EST1213405101S1K	stools_11010101	na	EST1361007101S1K_k141_55499	1590441	332019	20.8759	331914	99.9684	327982	98.8154	105	0.0316	328087	98.8157	5753	1.7327	1821	31.6531	1725	29.9844	1864	32.4005	2184	37.9628	9606	0.0000	24361	0.0000	0.9870
EST1213405101S1K	stools_11011101	na	EST1361007101S1K_k141_55499	1590441	232765	14.6352	231932	99.6421	229339	98.8820	833	0.3579	230160	98.8808	4458	1.9152	1853	41.5657	1033	23.1718	1397	31.3369	1857	41.6555	9606	0.0000	21904	0.0000	0.9940
EST1213405101S1K	stools_11015101	na	ESO1212705120S1K_k141_16	1917768	1407777	73.4071	1394404	99.0501	1364134	97.8292	13373	0.9499	1377239	97.8308	58868	4.1816	28330	48.1246	15314	26.0141	17988	30.5565	22291	37.8661	52319	35.2893	28481	78.5295	0.9761
EST1213405101S1K	stools_11015501	na	ESO1212705120S1K_k141_16	1917768	1366438	71.2515	1355991	99.2355	1325667	97.7637	10447	0.7645	1335891	97.7645	55902	4.0911	25355	45.3562	15174	27.1439	17715	31.6894	20655	36.9486	52319	45.0888	34311	82.1836	0.9789
EST1213405101S1K	stools_11021101	na	EST1361007101S1K_k141_55499	1590441	117982	7.4182	117933	99.9585	116671	98.9299	49	0.0415	116718	98.9287	1900	1.6104	636	33.4737	589	31.0000	602	31.6842	713	37.5263	9606	0.0000	9053	0.0000	0.9940
EST1213405101S1K	stools_11022101	na	EST1361007101S1K_k141_55499	1590441	337267	21.2059	337194	99.9784	332968	98.7467	73	0.0216	333040	98.7467	6099	1.8084	1872	30.6936	1800	29.5130	2027	33.2350	2300	37.7111	9606	100.0000	31063	21.8395	0.9872
EST1213405101S1K	stools_11025101	na	ESO1212705120S1K_k141_16	1917768	1243216	64.8262	1242316	99.9276	1215946	97.8774	900	0.0724	1216806	97.8757	43963	3.5362	17553	39.9268	16708	38.0047	14136	32.1543	13306	30.2664	52319	80.1850	65594	73.5906	0.9819
EST1213405101S1K	stools_11025102	na	ESO1212705120S1K_k141_16	1917768	1157682	60.3661	1156835	99.9268	1132444	97.8916	847	0.0732	1133272	97.8915	40565	3.5040	16155	39.8250	15355	37.8528	13198	32.5354	12194	30.0604	52319	69.9975	61221	62.8069	0.9784
EST1213405101S1K	stools_11030150	na	ESO1212705120S1K_k141_16	1917768	1315971	68.6199	1313994	99.8498	1281797	97.5497	1977	0.1502	1283679	97.5461	48648	3.6967	16356	33.6211	14487	29.7792	19121	39.3048	15323	31.4977	52319	0.0000	13220	0.0000	0.9658
EST1213405101S1K	stools_11030501	na	ESO1212705120S1K_k141_16	1917768	1404011	73.2107	1401565	99.8258	1366821	97.5211	2446	0.1742	1369159	97.5177	53022	3.7765	18170	34.2688	15853	29.8989	20461	38.5896	16967	31.9999	52319	0.0000	13103	0.0000	0.9659
EST1213405101S1K	stools_11031101	na	ESO1212705120S1K_k141_16	1917768	1374210	71.6567	1372375	99.8665	1336773	97.4058	1835	0.1335	1338508	97.4020	54680	3.9790	18978	34.7074	17280	31.6020	18660	34.1258	19063	34.8628	52319	24.8304	13723	100.0000	0.9751
EST1213405101S1K	stools_11031150	na	ESO1212705120S1K_k141_16	1917768	1290006	67.2660	1288590	99.8902	1254058	97.3202	1416	0.1098	1255394	97.3169	52683	4.0839	18071	34.3014	16777	31.8452	17908	33.9920	18320	34.7740	52319	35.2893	18970	100.0000	0.9778
EST1213405101S1K	stools_11031501	na	ESO1212705120S1K_k141_16	1917768	1269487	66.1961	1268140	99.8939	1234018	97.3093	1347	0.1061	1235289	97.3062	51897	4.0880	17699	34.1041	16463	31.7225	17634	33.9788	18138	34.9500	52319	24.8304	13708	100.0000	0.9751
EST1213405101S1K	stools_11035101	na	ESO1212705120S1K_k141_16	1917768	1303165	67.9522	1301411	99.8654	1266904	97.3485	1754	0.1346	1268568	97.3452	52999	4.0669	18402	34.7214	16795	31.6893	18019	33.9988	18445	34.8025	52319	24.8304	13728	100.0000	0.9751
EST1213405101S1K	stools_11035101	na	EST1361007101S1K_k141_55499	1590441	350470	22.0360	349819	99.8142	345648	98.8077	651	0.1858	346288	98.8067	6617	1.8880	2435	36.7992	1802	27.2329	2047	30.9355	2759	41.6956	9606	0.0000	17889	0.0000	0.9940
EST1213405101S1K	stools_11036101	na	EST1361007101S1K_k141_55499	1590441	214038	13.4578	213474	99.7365	211190	98.9301	564	0.2635	211747	98.9296	3555	1.6609	1264	35.5556	707	19.8875	1384	38.9311	1348	37.9184	9606	0.0000	12958	0.0000	0.9940
EST1213405101S1K	stools_11037101	na	ESO1212705120S1K_k141_16	1917768	1360367	70.9349	1359109	99.9075	1328217	97.7270	1258	0.0925	1329421	97.7252	50648	3.7231	19702	38.8999	18524	36.5740	16914	33.3952	15471	30.5461	52319	48.9058	53610	58.5227	0.9711
EST1213405101S1K	stools_11038501	na	ESO1212705120S1K_k141_16	1917768	1367979	71.3318	1366425	99.8864	1332220	97.4968	1554	0.1136	1333698	97.4940	52647	3.8485	18366	34.8852	16907	32.1139	18274	34.7104	17758	33.7303	52319	24.8304	22657	77.9185	0.9743
EST1213405101S1K	stools_11055101	na	EST1361007101S1K_k141_55499	1590441	254956	16.0305	254788	99.9341	251555	98.7311	168	0.0659	251714	98.7284	4499	1.7646	1257	27.9395	1100	24.4499	1725	38.3419	1688	37.5194	9606	100.0000	21797	25.1594	0.9870
EST1213405101S1K	stools_11055150	na	ESO1212705120S1K_k141_16	1917768	866851	45.2010	865816	99.8806	846803	97.8040	1035	0.1194	847803	97.8026	31061	3.5832	12013	38.6755	11029	35.5075	10598	34.1200	9562	30.7846	52319	49.5652	39382	80.8034	0.9873
EST1213405101S1K	stools_11106501	na	EST1361007101S1K_k141_55499	1590441	103050	6.4793	103009	99.9602	101684	98.7137	41	0.0398	101725	98.7142	1799	1.7458	474	26.3480	433	24.0689	766	42.5792	603	33.5186	9606	0.0000	0	0.0000	0.9940
EST1213405101S1K	stools_11107101	na	EST1361007101S1K_k141_55499	1590441	343498	21.5977	343304	99.9435	339533	98.9016	194	0.0565	339724	98.9013	6006	1.7485	2232	37.1628	2047	34.0826	1817	30.2531	2156	35.8974	9606	100.0000	38847	31.5288	0.9804
EST1213405101S1K	stools_12062150	na	ESO1212705120S1K_k141_16	1917768	1346790	70.2270	1345181	99.8805	1310201	97.3996	1609	0.1195	1311720	97.3960	53666	3.9847	18596	34.6514	17122	31.9047	18353	34.1986	18512	34.4948	52319	34.6299	23195	100.0000	0.9793
EST1213405101S1K	stools_12089102	na	EST1361007101S1K_k141_55499	1590441	252703	15.8889	252527	99.9304	249489	98.7970	176	0.0696	249663	98.7970	4433	1.7542	1393	31.4234	1219	27.4983	1470	33.1604	1759	39.6797	9606	0.0000	22393	0.0000	0.9799
EST1213405101S1K	stools_12091101	na	EST1361007101S1K_k141_55499	1590441	326103	20.5039	325858	99.9249	321659	98.7114	245	0.0751	321900	98.7111	6161	1.8893	1958	31.7806	1722	27.9500	1949	31.6345	2472	40.1234	9606	100.0000	29751	41.7398	0.9874
EST1213405101S1K	stools_12091150	na	EST1361007101S1K_k141_55499	1590441	343884	21.6219	343495	99.8869	339160	98.7380	389	0.1131	339547	98.7388	6468	1.8809	2131	32.9468	1749	27.0408	2022	31.2616	2722	42.0841	9606	100.0000	29767	41.8853	0.9874
EST1213405101S1K	stools_12095102	na	EST1361007101S1K_k141_55499	1590441	294748	18.5325	294691	99.9807	291106	98.7835	57	0.0193	291162	98.7834	5161	1.7510	1575	30.5173	1519	29.4323	1687	32.6875	1985	38.4615	9606	100.0000	43657	13.0678	0.9865
EST1213405101S1K	stools_12096102	na	EST1361007101S1K_k141_55499	1590441	215310	13.5378	215218	99.9573	212525	98.7487	92	0.0427	212616	98.7488	3728	1.7315	1034	27.7361	943	25.2951	1335	35.8101	1470	39.4313	9606	100.0000	33786	21.1478	0.9804
EST1213405101S1K	stools_12101102	na	EST1361007101S1K_k141_55499	1590441	344103	21.6357	344023	99.9768	339709	98.7460	80	0.0232	339787	98.7457	6146	1.7861	1830	29.7755	1760	28.6365	2049	33.3388	2359	38.3827	9606	100.0000	42310	16.9700	0.9802
EST1213405101S1K	stools_12117101	na	EST1361007101S1K_k141_55499	1590441	194083	12.2031	193948	99.9304	191488	98.7316	135	0.0696	191619	98.7304	3604	1.8569	1140	31.6315	1009	27.9967	1129	31.3263	1477	40.9822	9606	100.0000	34136	20.9866	0.9802
EST1213405101S1K	stools_12118101	na	EST1361007101S1K_k141_55499	1590441	241362	15.1758	241308	99.9776	238264	98.7385	54	0.0224	238317	98.7384	4151	1.7198	1106	26.6442	1053	25.3674	1536	37.0031	1574	37.9186	9606	100.0000	34404	20.8609	0.9805
EST1213405101S1K	stools_12118150	na	EST1361007101S1K_k141_55499	1590441	253593	15.9448	253541	99.9795	250408	98.7643	52	0.0205	250460	98.7646	4397	1.7339	1264	28.7469	1212	27.5642	1564	35.5697	1642	37.3436	9606	100.0000	33835	17.5410	0.9798
EST1213405101S1K	stools_12120101	na	ESO1212705120S1K_k141_16	1917768	1310039	68.3106	1308649	99.8939	1271393	97.1531	1390	0.1061	1272696	97.1495	54619	4.1693	17276	31.6300	16039	29.3652	18573	34.0047	20408	37.3643	52319	0.0000	0	0.0000	0.9727
EST1228704101S1K	stools_11006101	na	ESO1212705120S1K_k141_16	1917768	698826	36.4395	698489	99.9518	682851	97.7612	337	0.0482	683180	97.7611	22558	3.2280	6912	30.6410	6583	29.1826	7255	32.1615	8882	39.3741	13358	60.8549	49293	17.0957	0.9784
EST1228704101S1K	stools_11015101	na	ESO1212705120S1K_k141_16	1917768	1398385	72.9173	1385632	99.0880	1357460	97.9668	12753	0.9120	1370000	97.9702	52999	3.7900	24614	46.4424	12113	22.8551	13560	25.5854	24773	46.7424	13358	39.1451	28481	18.1665	0.9833
EST1228704101S1K	stools_11015501	na	ESO1212705120S1K_k141_16	1917768	1338902	69.8156	1329177	99.2737	1301514	97.9188	9725	0.7263	1311088	97.9226	49459	3.6940	21645	43.7635	12094	24.4526	13225	26.7393	22338	45.1647	13358	39.1451	34311	15.8608	0.9805
EST1228704101S1K	stools_11025101	na	ESO1212705120S1K_k141_16	1917768	1170230	61.0204	1169576	99.9441	1142207	97.6599	654	0.0559	1142845	97.6599	39448	3.3710	12063	30.5795	11438	28.9951	12229	31.0003	16046	40.6763	13358	39.1451	65594	8.5618	0.9669
EST1228704101S1K	stools_11025102	na	ESO1212705120S1K_k141_16	1917768	1096288	57.1648	1095608	99.9380	1069996	97.6623	680	0.0620	1070655	97.6618	36827	3.3592	11194	30.3962	10542	28.6257	11611	31.5285	14868	40.3726	13358	39.1451	61221	9.0835	0.9691
EST1228704101S1K	stools_11030150	na	ESO1212705120S1K_k141_16	1917768	1362708	71.0570	1360803	99.8602	1333490	97.9929	1905	0.1398	1335336	97.9914	41813	3.0684	14441	34.5371	12602	30.1390	13799	33.0017	15642	37.4094	13358	60.8549	13220	60.8775	0.9945
EST1228704101S1K	stools_11030501	na	ESO1212705120S1K_k141_16	1917768	1453592	75.7960	1451259	99.8395	1421748	97.9665	2333	0.1605	1424007	97.9647	45514	3.1311	15929	34.9980	13677	30.0501	14812	32.5438	17247	37.8938	13358	60.8549	13103	61.3524	0.9972
EST1228704101S1K	stools_11031101	na	ESO1212705120S1K_k141_16	1917768	1321019	68.8831	1319585	99.8914	1287043	97.5339	1434	0.1086	1288412	97.5317	47201	3.5731	14594	30.9188	13233	28.0354	13929	29.5100	20270	42.9440	13358	0.0000	13723	0.0000	0.9859
EST1228704101S1K	stools_11031150	na	ESO1212705120S1K_k141_16	1917768	1215261	63.3685	1214236	99.9157	1183294	97.4517	1025	0.0843	1184274	97.4502	44426	3.6557	13439	30.2503	12476	28.0827	13009	29.2824	19152	43.1099	13358	39.1451	18970	27.4644	0.9885
EST1228704101S1K	stools_11031501	na	ESO1212705120S1K_k141_16	1917768	1191210	62.1144	1190249	99.9193	1159664	97.4304	961	0.0807	1160578	97.4285	43752	3.6729	13120	29.9872	12211	27.9096	12713	29.0570	19059	43.5614	13358	0.0000	13708	0.0000	0.9859
EST1228704101S1K	stools_11035101	na	ESO1212705120S1K_k141_16	1917768	1233217	64.3048	1231797	99.8849	1200299	97.4429	1420	0.1151	1201648	97.4401	45288	3.6723	13719	30.2928	12382	27.3406	13283	29.3301	19831	43.7886	13358	0.0000	13728	0.0000	0.9859
EST1228704101S1K	stools_11037101	na	ESO1212705120S1K_k141_16	1917768	1264280	65.9246	1263396	99.9301	1233363	97.6228	884	0.0699	1234213	97.6218	43488	3.4397	13421	30.8614	12576	28.9183	13568	31.1994	17629	40.5376	13358	0.0000	53610	0.0000	0.9677
EST1228704101S1K	stools_11038501	na	ESO1212705120S1K_k141_16	1917768	1322996	68.9862	1321763	99.9068	1290224	97.6139	1233	0.0932	1291415	97.6129	45764	3.4591	14183	30.9916	12999	28.4044	14142	30.9020	18894	41.2857	13358	0.0000	22657	0.0000	0.9838
EST1228704101S1K	stools_11055150	na	ESO1212705120S1K_k141_16	1917768	823302	42.9302	822492	99.9016	803388	97.6773	810	0.0984	804182	97.6776	27609	3.3534	8489	30.7472	7700	27.8895	8793	31.8483	11327	41.0265	13358	39.1451	39382	14.4812	0.9752
EST1228704101S1K	stools_12062150	na	ESO1212705120S1K_k141_16	1917768	1284065	66.9562	1282827	99.9036	1251247	97.5382	1238	0.0964	1252432	97.5365	45871	3.5723	14238	31.0392	13063	28.4777	13580	29.6048	19458	42.4190	13358	0.0000	23195	0.0000	0.9809
EST1228704101S1K	stools_12120101	na	ESO1212705120S1K_k141_16	1917768	1312991	68.4645	1311804	99.9096	1276220	97.2874	1187	0.0904	1277346	97.2852	49403	3.7626	13758	27.8485	12651	25.6078	13766	27.8647	23256	47.0741	13358	0.0000	0	0.0000	0.9930
EST1232702101S1K	stools_11001501	na	EST1361007101S1K_k141_55499	1590441	246095	15.4734	246012	99.9663	243035	98.7899	83	0.0337	243115	98.7891	4360	1.7717	1380	31.6514	1300	29.8165	1410	32.3394	1669	38.2798	40182	60.3031	29031	100.0000	0.9888
EST1232702101S1K	stools_11009101	na	EST1361007101S1K_k141_55499	1590441	1201149	75.5230	1199553	99.8671	1184451	98.7410	1596	0.1329	1186012	98.7398	23355	1.9444	8218	35.1873	6682	28.6106	7388	31.6335	9200	39.3920	40182	85.6553	35313	100.0000	0.9875
EST1232702101S1K	stools_11009150	na	EST1361007101S1K_k141_55499	1590441	747825	47.0200	747519	99.9591	738258	98.7611	306	0.0409	738560	98.7611	13598	1.8183	4333	31.8650	4037	29.6882	4536	33.3578	5072	37.2996	40182	59.7233	26250	100.0000	0.9906
EST1232702101S1K	stools_11010101	na	EST1361007101S1K_k141_55499	1590441	1037677	65.2446	1037183	99.9524	1024129	98.7414	494	0.0476	1024615	98.7412	19114	1.8420	6052	31.6627	5580	29.1933	6406	33.5147	7194	37.6373	40182	26.7508	24361	66.6311	0.9726
EST1232702101S1K	stools_11011101	na	EST1361007101S1K_k141_55499	1590441	819335	51.5162	816725	99.6814	807149	98.8275	2610	0.3186	809739	98.8288	15995	1.9522	6399	40.0063	3821	23.8887	5175	32.3539	6452	40.3376	40182	54.8654	21904	100.0000	0.9810
EST1232702101S1K	stools_11021101	na	EST1361007101S1K_k141_55499	1590441	362451	22.7893	362295	99.9570	358016	98.8189	156	0.0430	358169	98.8186	6321	1.7440	2039	32.2576	1886	29.8371	2163	34.2193	2282	36.1019	40182	13.7649	9053	100.0000	0.9872
EST1232702101S1K	stools_11022101	na	EST1361007101S1K_k141_55499	1590441	1113298	69.9993	1112855	99.9602	1098640	98.7227	443	0.0398	1099074	98.7224	20919	1.8790	6695	32.0044	6261	29.9297	6882	32.8983	7859	37.5687	40182	72.7092	31063	100.0000	0.9869
EST1232702101S1K	stools_11035101	na	EST1361007101S1K_k141_55499	1590441	1112083	69.9229	1110091	99.8209	1096324	98.7598	1992	0.1791	1098294	98.7601	21677	1.9492	7888	36.3888	5929	27.3516	6949	32.0570	8806	40.6237	40182	39.6969	17889	100.0000	0.9764
EST1232702101S1K	stools_11036101	na	EST1361007101S1K_k141_55499	1590441	650233	40.8838	648519	99.7364	641340	98.8930	1714	0.2636	643037	98.8933	11066	1.7019	3870	34.9720	2173	19.6367	4405	39.8066	4169	37.6740	40182	41.1005	12958	100.0000	0.9827
EST1232702101S1K	stools_11055101	na	EST1361007101S1K_k141_55499	1590441	871082	54.7698	870419	99.9239	859698	98.7683	663	0.0761	860349	98.7679	15417	1.7699	4684	30.3820	4039	26.1984	5716	37.0760	5690	36.9073	40182	55.4452	21797	100.0000	0.9880
EST1232702101S1K	stools_11106501	na	EST1361007101S1K_k141_55499	1590441	307218	19.3165	307089	99.9580	303463	98.8192	129	0.0420	303591	98.8194	5213	1.6968	1586	30.4239	1466	28.1220	2035	39.0370	1729	33.1671	40182	0.0000	0	0.0000	0.9929
EST1232702101S1K	stools_11107101	na	EST1361007101S1K_k141_55499	1590441	1145380	72.0165	1144661	99.9372	1131275	98.8306	719	0.0628	1131977	98.8298	21028	1.8359	7625	36.2612	6930	32.9561	6632	31.5389	7513	35.7286	40182	87.0539	38847	100.0000	0.9893
EST1232702101S1K	stools_12089102	na	EST1361007101S1K_k141_55499	1590441	761943	47.9077	761418	99.9311	752066	98.7718	525	0.0689	752583	98.7716	13800	1.8112	4440	32.1739	3923	28.4275	4580	33.1884	5351	38.7754	40182	41.8794	22393	100.0000	0.9882
EST1232702101S1K	stools_12091101	na	EST1361007101S1K_k141_55499	1590441	1091144	68.6064	1090276	99.9205	1075917	98.6830	868	0.0795	1076757	98.6815	21282	1.9504	6895	32.3983	6074	28.5406	6833	32.1069	8422	39.5733	40182	45.9534	29751	76.7638	0.9777
EST1232702101S1K	stools_12091150	na	EST1361007101S1K_k141_55499	1590441	1082556	68.0664	1081348	99.8884	1067577	98.7265	1208	0.1116	1068764	98.7260	20842	1.9253	7050	33.8259	5881	28.2171	6612	31.7244	8482	40.6967	40182	45.9534	29767	76.7965	0.9777
EST1232702101S1K	stools_12095102	na	EST1361007101S1K_k141_55499	1590441	898935	56.5211	898650	99.9683	887392	98.7472	285	0.0317	887675	98.7474	16244	1.8070	4984	30.6821	4701	28.9399	5471	33.6801	6129	37.7309	40182	69.2101	43657	66.7568	0.9755
EST1232702101S1K	stools_12096102	na	EST1361007101S1K_k141_55499	1590441	728476	45.8034	728047	99.9411	718578	98.6994	429	0.0589	718998	98.6989	13234	1.8167	3756	28.3814	3336	25.2078	4824	36.4516	5166	39.0358	40182	72.7092	33786	100.0000	0.9860
EST1232702101S1K	stools_12101102	na	EST1361007101S1K_k141_55499	1590441	1081924	68.0267	1081543	99.9648	1067898	98.7384	381	0.0352	1068268	98.7378	19801	1.8302	6145	31.0338	5783	29.2056	6731	33.9932	7386	37.3011	40182	72.7092	42310	81.0116	0.9837
EST1232702101S1K	stools_12117101	na	EST1361007101S1K_k141_55499	1590441	702601	44.1765	702039	99.9200	692762	98.6786	562	0.0800	693309	98.6775	13490	1.9200	4198	31.1193	3651	27.0645	4541	33.6620	5373	39.8295	40182	72.7092	34136	100.0000	0.9857
EST1232702101S1K	stools_12118101	na	EST1361007101S1K_k141_55499	1590441	811025	50.9937	810729	99.9635	800305	98.7142	296	0.0365	800593	98.7137	14352	1.7696	3920	27.3133	3632	25.3066	5395	37.5906	5385	37.5209	40182	72.7092	34404	100.0000	0.9888
EST1232702101S1K	stools_12118150	na	EST1361007101S1K_k141_55499	1590441	749721	47.1392	749512	99.9721	740392	98.7832	209	0.0279	740597	98.7830	13313	1.7757	4189	31.4655	3984	29.9256	4573	34.3499	4805	36.0925	40182	56.2242	33835	84.0372	0.9880
EST1232710101S1K	stools_11001501	na	EST1361007101S1K_k141_55499	1590441	181180	11.3918	181125	99.9696	178860	98.7495	55	0.0304	178915	98.7499	3383	1.8672	1118	33.0476	1063	31.4218	1126	33.2841	1208	35.7080	20377	0.0000	29031	0.0000	0.9817
EST1232710101S1K	stools_11009101	na	EST1361007101S1K_k141_55499	1590441	1010024	63.5059	1008242	99.8236	994435	98.6306	1782	0.1764	996163	98.6277	21230	2.1019	7369	34.7103	5674	26.7263	7430	34.9976	8028	37.8144	20377	75.4282	35313	36.0490	0.9808
EST1232710101S1K	stools_11009150	na	EST1361007101S1K_k141_55499	1590441	566311	35.6072	566049	99.9537	558650	98.6929	262	0.0463	558908	98.6928	10929	1.9299	3526	32.2628	3270	29.9204	3912	35.7947	3780	34.5869	20377	50.7827	26250	31.8629	0.9871
EST1232710101S1K	stools_11010101	na	EST1361007101S1K_k141_55499	1590441	856256	53.8376	855739	99.9396	846859	98.9623	517	0.0604	847364	98.9615	15450	1.8044	6558	42.4466	6054	39.1845	4869	31.5146	4535	29.3528	20377	100.0000	24361	100.0000	0.9943
EST1232710101S1K	stools_11011101	na	NZ_CP049075.1	1754511	688668	39.2513	686187	99.6397	677442	98.7256	2481	0.3603	679874	98.7230	14946	2.1703	6152	41.1615	3763	25.1773	5083	34.0091	5618	37.5887	115343	88.1467	96400	100.0000	0.9801
EST1232710101S1K	stools_11011101	na	EST1361007101S1K_k141_55499	1590441	788104	49.5525	785423	99.6598	775537	98.7413	2681	0.3402	778167	98.7391	16503	2.0940	6566	39.7867	3959	23.9896	5848	35.4360	6185	37.4780	20377	75.4282	21904	63.6505	0.9908
EST1232710101S1K	stools_11021101	na	EST1361007101S1K_k141_55499	1590441	282144	17.7400	281935	99.9259	278361	98.7323	209	0.0741	278566	98.7319	5348	1.8955	1770	33.0965	1566	29.2820	2018	37.7337	1740	32.5355	20377	50.7827	9053	100.0000	0.9987
EST1232710101S1K	stools_11022101	na	EST1361007101S1K_k141_55499	1590441	940182	59.1145	939576	99.9355	926954	98.6566	606	0.0645	927541	98.6555	18556	1.9737	5915	31.8765	5332	28.7346	6639	35.7782	6617	35.6596	20377	75.4282	31063	43.3989	0.9840
EST1232710101S1K	stools_11035101	na	EST1361007101S1K_k141_55499	1590441	916458	57.6229	914701	99.8083	902990	98.7197	1757	0.1917	904731	98.7204	18502	2.0189	6775	36.6177	5040	27.2403	6467	34.9530	6958	37.6067	20377	75.4282	17889	71.9772	0.9920
EST1232710101S1K	stools_11036101	na	NZ_CP049075.1	1754511	472141	26.9101	470988	99.7558	465276	98.7872	1153	0.2442	466409	98.7860	8902	1.8855	3170	35.6100	2052	23.0510	3619	40.6538	3005	33.7565	115343	52.4939	73977	85.2657	0.9593
EST1232710101S1K	stools_11036101	na	EST1361007101S1K_k141_55499	1590441	530606	33.3622	529123	99.7205	522555	98.7587	1483	0.2795	524013	98.7575	10131	1.9093	3538	34.9225	2081	20.5409	4360	43.0362	3379	33.3531	20377	24.6454	12958	39.5277	0.9853
EST1232710101S1K	stools_11042501	na	NZ_CP049075.1	1754511	970801	55.3317	969486	99.8645	956389	98.6491	1315	0.1355	957653	98.6457	19102	1.9677	5954	31.1695	4715	24.6833	8320	43.5556	6071	31.7820	115343	78.8370	114886	88.0760	0.9692
EST1232710101S1K	stools_11055101	na	NZ_CP049075.1	1754511	736371	41.9702	735427	99.8718	725733	98.6819	944	0.1282	726645	98.6792	14576	1.9794	4850	33.2739	3965	27.2023	5573	38.2341	5018	34.4265	115343	27.3255	39270	80.2674	0.9469
EST1232710101S1K	stools_11055101	na	EST1361007101S1K_k141_55499	1590441	790715	49.7167	789716	99.8737	779237	98.6731	999	0.1263	780192	98.6692	15545	1.9659	5022	32.3062	4086	26.2850	6105	39.2731	5340	34.3519	20377	24.6454	21797	23.7831	0.9797
EST1232710101S1K	stools_11106501	na	EST1361007101S1K_k141_55499	1590441	238296	14.9830	238187	99.9543	235084	98.6972	109	0.0457	235188	98.6957	4424	1.8565	1316	29.7468	1212	27.3960	1922	43.4448	1306	29.5208	20377	0.0000	0	0.0000	0.9935
EST1232710101S1K	stools_11107101	na	EST1361007101S1K_k141_55499	1590441	976015	61.3676	975112	99.9075	961807	98.6355	903	0.0925	962676	98.6333	19707	2.0191	6368	32.3134	5526	28.0408	7174	36.4033	7032	35.6828	20377	75.4282	38847	40.4664	0.9819
EST1232710101S1K	stools_12089102	na	EST1361007101S1K_k141_55499	1590441	588780	37.0199	588304	99.9192	580607	98.6917	476	0.0808	581071	98.6907	11266	1.9134	3557	31.5729	3094	27.4632	4136	36.7122	4074	36.1619	20377	50.7827	22393	49.0019	0.9924
EST1232710101S1K	stools_12091101	na	EST1361007101S1K_k141_55499	1590441	957098	60.1782	956029	99.8883	942869	98.6235	1069	0.1117	943910	98.6221	19864	2.0754	6676	33.6085	5659	28.4887	6743	33.9458	7446	37.4849	20377	50.7827	29751	35.0240	0.9814
EST1232710101S1K	stools_12091150	na	EST1361007101S1K_k141_55499	1590441	903094	56.7826	901902	99.8680	889860	98.6648	1192	0.1320	891034	98.6646	18473	2.0455	6413	34.7155	5249	28.4144	6323	34.2283	6932	37.5250	20377	50.7827	29767	34.9111	0.9814
EST1232710101S1K	stools_12095102	na	EST1361007101S1K_k141_55499	1590441	713213	44.8437	712866	99.9513	703917	98.7446	347	0.0487	704251	98.7434	13352	1.8721	4390	32.8790	4067	30.4599	4759	35.6426	4558	34.1372	20377	100.0000	43657	54.5731	0.9789
EST1232710101S1K	stools_12096102	na	NZ_CP049075.1	1754511	714101	40.7009	713253	99.8812	704252	98.7380	848	0.1188	705075	98.7360	13683	1.9161	4657	34.0349	3872	28.2979	5238	38.2811	4536	33.1506	115343	36.6351	64235	83.1665	0.9442
EST1232710101S1K	stools_12096102	na	EST1361007101S1K_k141_55499	1590441	677814	42.6180	677121	99.8978	668419	98.7149	693	0.1022	669089	98.7128	13105	1.9334	4380	33.4224	3729	28.4548	4886	37.2835	4522	34.5059	20377	75.4282	33786	45.7912	0.9851
EST1232710101S1K	stools_12101102	na	EST1361007101S1K_k141_55499	1590441	878134	55.2132	877685	99.9489	866733	98.7522	449	0.0511	867170	98.7514	16551	1.8848	5587	33.7563	5151	31.1220	5894	35.6111	5539	33.4663	20377	100.0000	42310	56.6013	0.9829
EST1232710101S1K	stools_12117101	na	NZ_CP049075.1	1754511	720410	41.0604	719386	99.8579	709948	98.6880	1024	0.1421	710935	98.6848	14723	2.0437	5248	35.6449	4308	29.2603	5211	35.3936	5181	35.1898	115343	36.6351	58118	81.8060	0.9417
EST1232710101S1K	stools_12117101	na	EST1361007101S1K_k141_55499	1590441	697559	43.8595	696691	99.8756	687739	98.7151	868	0.1244	688573	98.7118	13915	1.9948	4929	35.4222	4122	29.6227	4777	34.3299	5040	36.2199	20377	75.4282	34136	46.4495	0.9849
EST1232710101S1K	stools_12118101	na	NZ_CP049075.1	1754511	769704	43.8700	768940	99.9007	759023	98.7103	764	0.0993	759760	98.7081	14764	1.9181	4820	32.6470	4118	27.8922	5706	38.6481	4914	33.2837	115343	62.9782	99533	89.3794	0.9585
EST1232710101S1K	stools_12118101	na	EST1361007101S1K_k141_55499	1590441	745766	46.8905	745192	99.9230	735677	98.7231	574	0.0770	736229	98.7212	14095	1.8900	4558	32.3377	4039	28.6556	5336	37.8574	4752	33.7141	20377	75.4282	34404	46.8172	0.9847
EST1232710101S1K	stools_12118150	na	EST1361007101S1K_k141_55499	1590441	574208	36.1037	574013	99.9660	566882	98.7577	195	0.0340	567074	98.7576	10518	1.8317	3384	32.1734	3192	30.3480	3904	37.1173	3436	32.6678	20377	75.3546	33835	48.3878	0.9851
EST1232905101S1K	stools_11001501	na	EST1361007101S1K_k141_55499	1590441	261199	16.4231	261155	99.9832	257977	98.7831	44	0.0168	258021	98.7833	4707	1.8021	1529	32.4835	1485	31.5488	1506	31.9949	1732	36.7963	33212	69.5321	29031	100.0000	0.9817
EST1232905101S1K	stools_11009101	na	EST1361007101S1K_k141_55499	1590441	1277375	80.3158	1275850	99.8806	1259304	98.7031	1525	0.1194	1260796	98.7021	25014	1.9582	8435	33.7211	6976	27.8884	8046	32.1660	9922	39.6658	33212	83.8161	35313	78.2630	0.9915
EST1232905101S1K	stools_11009150	na	EST1361007101S1K_k141_55499	1590441	802414	50.4523	802178	99.9706	791865	98.7144	236	0.0294	792095	98.7140	14856	1.8514	4537	30.5398	4321	29.0859	5018	33.7776	5587	37.6077	33212	53.3482	26250	68.1371	0.9946
EST1232905101S1K	stools_11010101	na	EST1361007101S1K_k141_55499	1590441	1113881	70.0360	1113403	99.9571	1099253	98.7291	478	0.0429	1099721	98.7288	20686	1.8571	6526	31.5479	6075	29.3677	6951	33.6024	7745	37.4408	33212	15.2836	24361	20.9556	0.9701
EST1232905101S1K	stools_11011101	na	EST1361007101S1K_k141_55499	1590441	880266	55.3473	877420	99.6767	866795	98.7891	2846	0.3233	869613	98.7898	17583	1.9975	6930	39.4131	4119	23.4260	5794	32.9523	7080	40.2662	33212	48.2025	21904	59.5599	0.9816
EST1232905101S1K	stools_11021101	na	EST1361007101S1K_k141_55499	1590441	387146	24.3421	386998	99.9618	382274	98.7793	148	0.0382	382416	98.7782	6916	1.7864	2186	31.6079	2044	29.5547	2406	34.7889	2503	36.1914	33212	0.0000	9053	0.0000	0.9874
EST1232905101S1K	stools_11022101	na	EST1361007101S1K_k141_55499	1590441	1194249	75.0892	1193869	99.9682	1178095	98.6787	380	0.0318	1178465	98.6783	22896	1.9172	7112	31.0622	6751	29.4855	7666	33.4818	8582	37.4825	33212	68.6318	31063	72.9614	0.9879
EST1232905101S1K	stools_11035101	na	EST1361007101S1K_k141_55499	1590441	1197573	75.2982	1195528	99.8292	1180692	98.7590	2045	0.1708	1182709	98.7588	23435	1.9569	8571	36.5735	6566	28.0179	7420	31.6620	9483	40.4651	33212	30.4679	17889	56.4090	0.9804
EST1232905101S1K	stools_11036101	na	EST1361007101S1K_k141_55499	1590441	698235	43.9020	696396	99.7366	688603	98.8810	1839	0.2634	690417	98.8803	12033	1.7233	4215	35.0287	2401	19.9535	4756	39.5246	4525	37.6049	33212	48.2025	12958	100.0000	0.9871
EST1232905101S1K	stools_11055101	na	EST1361007101S1K_k141_55499	1590441	930514	58.5067	929876	99.9314	918182	98.7424	638	0.0686	918805	98.7417	16597	1.7836	4888	29.4511	4266	25.7034	6211	37.4224	6154	37.0790	33212	64.3864	21797	100.0000	0.9922
EST1232905101S1K	stools_11106501	na	EST1361007101S1K_k141_55499	1590441	331425	20.8386	331321	99.9686	327337	98.7975	104	0.0314	327436	98.7964	5649	1.7045	1660	29.3857	1562	27.6509	2203	38.9981	1898	33.5989	33212	0.0000	0	0.0000	0.9931
EST1232905101S1K	stools_11107101	na	EST1361007101S1K_k141_55499	1590441	1223470	76.9265	1222801	99.9453	1208680	98.8452	669	0.0547	1209331	98.8444	22511	1.8399	8372	37.1907	7736	34.3654	6999	31.0915	7839	34.8230	33212	84.8157	38847	72.5822	0.9897
EST1232905101S1K	stools_12089102	na	EST1361007101S1K_k141_55499	1590441	824112	51.8166	823587	99.9363	813254	98.7454	525	0.0637	813770	98.7451	15120	1.8347	4778	31.6005	4262	28.1878	5090	33.6640	5865	38.7897	33212	32.9188	22393	50.9981	0.9884
EST1232905101S1K	stools_12091101	na	EST1361007101S1K_k141_55499	1590441	1172615	73.7289	1171798	99.9303	1156455	98.6906	817	0.0697	1157247	98.6894	22813	1.9455	7445	32.6349	6673	29.2509	7179	31.4689	9006	39.4775	33212	36.6133	29751	41.7398	0.9746
EST1232905101S1K	stools_12091150	na	EST1361007101S1K_k141_55499	1590441	1170929	73.6229	1169710	99.8959	1154867	98.7311	1219	0.1041	1156065	98.7306	22533	1.9244	7669	34.0345	6480	28.7578	6977	30.9635	9183	40.7536	33212	36.6133	29767	41.8853	0.9746
EST1232905101S1K	stools_12095102	na	EST1361007101S1K_k141_55499	1590441	969200	60.9391	968917	99.9708	956852	98.7548	283	0.0292	957124	98.7540	17552	1.8110	5476	31.1987	5206	29.6604	5820	33.1586	6606	37.6367	33212	64.3864	43657	39.5813	0.9726
EST1232905101S1K	stools_12096102	na	EST1361007101S1K_k141_55499	1590441	778303	48.9363	777891	99.9471	767467	98.6600	412	0.0529	767869	98.6594	14449	1.8565	4015	27.7874	3613	25.0052	5363	37.1168	5569	38.5425	33212	68.6318	33786	69.2387	0.9859
EST1232905101S1K	stools_12101102	na	EST1361007101S1K_k141_55499	1590441	1165115	73.2574	1164801	99.9730	1149961	98.7260	314	0.0270	1150262	98.7252	21566	1.8510	6713	31.1277	6422	29.7784	7274	33.7290	7987	37.0351	33212	68.6318	42310	55.6511	0.9805
EST1232905101S1K	stools_12117101	na	EST1361007101S1K_k141_55499	1590441	754436	47.4356	753875	99.9256	743584	98.6349	561	0.0744	744129	98.6338	14860	1.9697	4553	30.6393	4015	27.0188	5085	34.2194	5856	39.4078	33212	68.6318	34136	68.4761	0.9857
EST1232905101S1K	stools_12118101	na	EST1361007101S1K_k141_55499	1590441	870875	54.7568	870617	99.9704	859076	98.6744	258	0.0296	859327	98.6740	15690	1.8016	4142	26.3990	3896	24.8311	5930	37.7948	5949	37.9159	33212	68.6318	34404	69.8785	0.9856
EST1232905101S1K	stools_12118150	na	EST1361007101S1K_k141_55499	1590441	808229	50.8179	808040	99.9766	798153	98.7764	189	0.0234	798334	98.7757	14383	1.7796	4488	31.2035	4308	29.9520	4993	34.7146	5132	35.6810	33212	49.1027	33835	51.6122	0.9846
EST1233822101S1K	stools_11001501	na	EST1361007101S1K_k141_55499	1590441	247744	15.5771	246768	99.6060	243904	98.8394	976	0.3940	244875	98.8419	5177	2.0897	2308	44.5818	1337	25.8258	2102	40.6027	1538	29.7083	26599	67.9424	29031	100.0000	0.9817
EST1233822101S1K	stools_11009101	na	EST1361007101S1K_k141_55499	1590441	1263045	79.4148	1257014	99.5225	1246605	99.1719	6031	0.4775	1252587	99.1720	25433	2.0136	14975	58.8802	9055	35.6033	8488	33.3740	6472	25.4473	26599	100.0000	35313	71.4977	0.9927
EST1233822101S1K	stools_11009150	na	EST1361007101S1K_k141_55499	1590441	771467	48.5065	768336	99.5941	762226	99.2048	3131	0.4059	765344	99.2063	14732	1.9096	8609	58.4374	5496	37.3065	5105	34.6525	3307	22.4477	26599	100.0000	26250	100.0000	0.9998
EST1233822101S1K	stools_11010101	na	EST1361007101S1K_k141_55499	1590441	1084020	68.1585	1079519	99.5848	1067203	98.8591	4501	0.4152	1071666	98.8604	22755	2.0991	10401	45.7086	5961	26.1964	9203	40.4439	6722	29.5408	26599	32.0576	24361	45.6755	0.9786
EST1233822101S1K	stools_11011101	na	EST1361007101S1K_k141_55499	1590441	887425	55.7974	881739	99.3593	872053	98.9015	5686	0.6407	877693	98.9033	19447	2.1914	9715	49.9563	4233	21.7669	7662	39.3994	6482	33.3316	26599	74.0404	21904	76.7896	0.9897
EST1233822101S1K	stools_11021101	na	EST1361007101S1K_k141_55499	1590441	370787	23.3135	369221	99.5777	365225	98.9177	1566	0.4223	366776	98.9182	7533	2.0316	3522	46.7543	1987	26.3773	3117	41.3779	2093	27.7844	26599	32.0576	9053	100.0000	0.9873
EST1233822101S1K	stools_11022101	na	EST1361007101S1K_k141_55499	1590441	1195536	75.1701	1190793	99.6033	1181106	99.1865	4743	0.3967	1185808	99.1863	23313	1.9500	13585	58.2722	8896	38.1590	7917	33.9596	5257	22.5497	26599	100.0000	31063	83.6397	0.9964
EST1233822101S1K	stools_11035101	na	EST1361007101S1K_k141_55499	1590441	1171266	73.6441	1164991	99.4643	1152246	98.9060	6275	0.5357	1158464	98.9070	25588	2.1846	12786	49.9687	6612	25.8402	9708	37.9397	8332	32.5621	26599	32.0576	17889	43.5910	0.9817
EST1233822101S1K	stools_11036101	na	EST1361007101S1K_k141_55499	1590441	676032	42.5059	671750	99.3666	665401	99.0549	4282	0.6334	669646	99.0554	13106	1.9387	6720	51.2742	2619	19.9832	6010	45.8569	3618	27.6057	26599	41.9828	12958	60.4723	0.9849
EST1233822101S1K	stools_11055101	na	EST1361007101S1K_k141_55499	1590441	920895	57.9019	916886	99.5647	906311	98.8466	4009	0.4353	910270	98.8462	18776	2.0389	8151	43.4118	4212	22.4329	8274	44.0669	5597	29.8093	26599	41.9828	21797	51.0575	0.9834
EST1233822101S1K	stools_11106501	na	EST1361007101S1K_k141_55499	1590441	315235	19.8206	314059	99.6269	310727	98.9391	1176	0.3731	311894	98.9402	6004	1.9046	2663	44.3538	1496	24.9167	2661	44.3205	1606	26.7488	26599	0.0000	0	0.0000	0.9930
EST1233822101S1K	stools_11107101	na	EST1361007101S1K_k141_55499	1590441	1208777	76.0026	1203736	99.5830	1189519	98.8189	5041	0.4170	1194498	98.8187	26017	2.1523	11738	45.1167	6782	26.0676	10387	39.9239	7822	30.0650	26599	100.0000	38847	72.9014	0.9916
EST1233822101S1K	stools_12089102	na	EST1361007101S1K_k141_55499	1590441	788067	49.5502	784561	99.5551	775670	98.8668	3506	0.4449	779142	98.8675	16376	2.0780	7451	45.4995	3982	24.3161	6636	40.5227	5137	31.3691	26599	74.0404	22393	100.0000	0.9938
EST1233822101S1K	stools_12091101	na	EST1361007101S1K_k141_55499	1590441	1170644	73.6050	1165559	99.5656	1152741	98.9003	5085	0.4344	1157771	98.9003	24848	2.1226	11975	48.1930	7006	28.1954	9002	36.2283	7496	30.1674	26599	58.0172	29751	57.4132	0.9824
EST1233822101S1K	stools_12091150	na	EST1361007101S1K_k141_55499	1590441	1141709	71.7857	1136249	99.5218	1124269	98.9457	5460	0.4782	1129679	98.9463	24105	2.1113	12075	50.0933	6683	27.7245	8697	36.0797	7425	30.8027	26599	58.0172	29767	57.6141	0.9823
EST1233822101S1K	stools_12095102	na	EST1361007101S1K_k141_55499	1590441	933416	58.6891	929631	99.5945	919522	98.9126	3785	0.4055	923274	98.9135	19000	2.0355	8858	46.6211	5106	26.8737	7569	39.8368	5503	28.9632	26599	74.0404	43657	41.7528	0.9743
EST1233822101S1K	stools_12096102	na	EST1361007101S1K_k141_55499	1590441	778128	48.9253	774932	99.5893	765705	98.8093	3196	0.4107	768865	98.8096	16005	2.0569	6742	42.1243	3586	22.4055	6893	43.0678	5034	31.4527	26599	100.0000	33786	84.9701	0.9945
EST1233822101S1K	stools_12101102	na	EST1361007101S1K_k141_55499	1590441	1134512	71.3332	1129955	99.5983	1117102	98.8625	4557	0.4017	1121626	98.8642	23498	2.0712	10612	45.1613	6096	25.9426	9593	40.8248	6862	29.2025	26599	100.0000	42310	68.7592	0.9893
EST1233822101S1K	stools_12117101	na	EST1361007101S1K_k141_55499	1590441	766796	48.2128	763552	99.5769	754496	98.8140	3244	0.4231	757699	98.8136	16283	2.1235	7186	44.1319	3995	24.5348	6431	39.4952	5314	32.6353	26599	100.0000	34136	85.0744	0.9946
EST1233822101S1K	stools_12118101	na	EST1361007101S1K_k141_55499	1590441	870927	54.7601	867591	99.6170	857450	98.8311	3336	0.3830	860748	98.8312	17399	1.9978	7220	41.4966	3935	22.6162	7633	43.8703	5291	30.4098	26599	100.0000	34404	83.3043	0.9940
EST1233822101S1K	stools_12118150	na	EST1361007101S1K_k141_55499	1590441	773296	48.6215	770124	99.5898	761683	98.9039	3172	0.4102	764832	98.9055	15830	2.0471	7366	46.5319	4217	26.6393	6657	42.0531	4312	27.2394	26599	74.0404	33835	66.4962	0.9866
EST1233822201S1K	stools_11001501	na	EST1361007101S1K_k141_55499	1590441	239455	15.0559	239241	99.9106	236089	98.6825	214	0.0894	236298	98.6816	4787	1.9991	1630	34.0506	1421	29.6846	1812	37.8525	1583	33.0687	31592	56.2864	29031	100.0000	0.9817
EST1233822201S1K	stools_11009101	na	EST1361007101S1K_k141_55499	1590441	1219883	76.7009	1217642	99.8163	1206327	99.0707	2241	0.1837	1208543	99.0704	23214	1.9030	11874	51.1502	9674	41.6731	6841	29.4693	6535	28.1511	31592	100.0000	35313	85.8098	0.9959
EST1233822201S1K	stools_11009150	na	EST1361007101S1K_k141_55499	1590441	743397	46.7416	742708	99.9073	736020	99.0995	689	0.0927	736703	99.0995	13274	1.7856	6580	49.5706	5898	44.4327	4066	30.6313	3341	25.1695	31592	83.8092	26250	100.0000	0.9996
EST1233822201S1K	stools_11010101	na	EST1361007101S1K_k141_55499	1590441	1048603	65.9316	1047483	99.8932	1033903	98.7036	1120	0.1068	1035010	98.7037	20928	1.9958	7335	35.0487	6229	29.7640	7873	37.6195	6927	33.0992	31592	43.7136	24361	66.6311	0.9819
EST1233822201S1K	stools_11011101	na	EST1361007101S1K_k141_55499	1590441	858573	53.9833	855279	99.6163	844708	98.7640	3294	0.3837	847964	98.7643	18122	2.1107	7513	41.4579	4263	23.5239	6635	36.6130	6647	36.6792	31592	78.1274	21904	100.0000	0.9930
EST1233822201S1K	stools_11021101	na	EST1361007101S1K_k141_55499	1590441	356991	22.4460	356592	99.8882	352163	98.7580	399	0.1118	352554	98.7571	6875	1.9258	2438	35.4618	2048	29.7891	2635	38.3273	2200	32.0000	31592	27.5228	9053	100.0000	0.9927
EST1233822201S1K	stools_11022101	na	EST1361007101S1K_k141_55499	1590441	1162219	73.0753	1161096	99.9034	1150387	99.0777	1123	0.0966	1151495	99.0773	21397	1.8410	10673	49.8808	9576	44.7539	6420	30.0042	5471	25.5690	31592	100.0000	31063	100.0000	0.9997
EST1233822201S1K	stools_11035101	na	EST1361007101S1K_k141_55499	1590441	1133700	71.2821	1131030	99.7645	1116894	98.7502	2670	0.2355	1119521	98.7493	23750	2.0949	9571	40.2989	6949	29.2589	8307	34.9768	8539	35.9537	31592	43.7136	17889	71.9772	0.9850
EST1233822201S1K	stools_11036101	na	EST1361007101S1K_k141_55499	1590441	656585	41.2832	654396	99.6666	647371	98.9265	2189	0.3334	649536	98.9264	11894	1.8115	4845	40.7348	2686	22.5828	4979	41.8614	3746	31.4949	31592	50.6046	12958	100.0000	0.9882
EST1233822201S1K	stools_11055101	na	EST1361007101S1K_k141_55499	1590441	893605	56.1860	892442	99.8699	880887	98.7052	1163	0.1301	882034	98.7051	17227	1.9278	5656	32.8322	4516	26.2147	7079	41.0925	5681	32.9773	31592	50.6046	21797	74.8406	0.9863
EST1233822201S1K	stools_11106501	na	EST1361007101S1K_k141_55499	1590441	303311	19.0709	303029	99.9070	299329	98.7790	282	0.0930	299610	98.7798	5579	1.8394	1878	33.6619	1597	28.6252	2324	41.6562	1685	30.2025	31592	0.0000	0	0.0000	0.9932
EST1233822201S1K	stools_11107101	na	EST1361007101S1K_k141_55499	1590441	1168990	73.5010	1167586	99.8799	1151886	98.6553	1404	0.1201	1153260	98.6544	24263	2.0756	8533	35.1688	7167	29.5388	8986	37.0358	8193	33.7675	31592	100.0000	38847	85.9500	0.9947
EST1233822201S1K	stools_12089102	na	EST1361007101S1K_k141_55499	1590441	764033	48.0391	763021	99.8675	753122	98.7027	1012	0.1325	754123	98.7029	15186	1.9876	5276	34.7425	4276	28.1575	5659	37.2646	5306	34.9401	31592	61.9366	22393	100.0000	0.9935
EST1233822201S1K	stools_12091101	na	EST1361007101S1K_k141_55499	1590441	1132719	71.2204	1131176	99.8638	1116020	98.6602	1543	0.1362	1117533	98.6593	23718	2.0939	8532	35.9727	7021	29.6020	8386	35.3571	8363	35.2601	31592	49.3954	29751	57.4132	0.9793
EST1233822201S1K	stools_12091150	na	EST1361007101S1K_k141_55499	1590441	1105962	69.5381	1104098	99.8315	1089709	98.6968	1864	0.1685	1091546	98.6965	22982	2.0780	8566	37.2726	6734	29.3012	8063	35.0840	8298	36.1065	31592	49.3954	29767	57.6141	0.9792
EST1233822201S1K	stools_12095102	na	EST1361007101S1K_k141_55499	1590441	905519	56.9351	904634	99.9023	893085	98.7234	885	0.0977	893949	98.7223	17734	1.9584	6164	34.7581	5300	29.8861	6632	37.3971	5890	33.2130	31592	78.1274	43657	53.6890	0.9778
EST1233822201S1K	stools_12096102	na	EST1361007101S1K_k141_55499	1590441	752831	47.3347	751949	99.8828	741824	98.6535	882	0.1172	742689	98.6528	14795	1.9652	4653	31.4498	3788	25.6032	5952	40.2298	5136	34.7144	31592	100.0000	33786	100.0000	0.9975
EST1233822201S1K	stools_12101102	na	EST1361007101S1K_k141_55499	1590441	1098345	69.0591	1097336	99.9081	1083029	98.6962	1009	0.0919	1084018	98.6956	21806	1.9854	7479	34.2979	6493	29.7762	8210	37.6502	7193	32.9863	31592	100.0000	42310	81.0116	0.9924
EST1233822201S1K	stools_12117101	na	EST1361007101S1K_k141_55499	1590441	743768	46.7649	742757	99.8641	732690	98.6446	1011	0.1359	733675	98.6430	15301	2.0572	5208	34.0370	4225	27.6126	5615	36.6969	5524	36.1022	31592	100.0000	34136	100.0000	0.9978
EST1233822201S1K	stools_12118101	na	EST1361007101S1K_k141_55499	1590441	841032	52.8804	840257	99.9079	829073	98.6690	775	0.0921	829833	98.6684	16081	1.9121	4882	30.3588	4122	25.6327	6589	40.9738	5436	33.8039	31592	100.0000	34404	100.0000	0.9972
EST1233822201S1K	stools_12118150	na	EST1361007101S1K_k141_55499	1590441	748758	47.0786	748087	99.9104	738709	98.7464	671	0.0896	739368	98.7459	14497	1.9361	5107	35.2280	4448	30.6822	5617	38.7459	4506	31.0823	31592	61.9366	33835	66.4962	0.9865
EST1234702101S1K	stools_11001501	na	EST1361007101S1K_k141_55499	1590441	62178	3.9095	62174	99.9936	61485	98.8918	4	0.0064	61489	98.8919	1003	1.6131	314	31.3061	310	30.9073	299	29.8106	398	39.6810	14945	100.0000	29031	46.6949	0.9893
EST1234702101S1K	stools_11009101	na	EST1361007101S1K_k141_55499	1590441	252249	15.8603	252003	99.9025	248955	98.7905	246	0.0975	249194	98.7889	4569	1.8113	1514	33.1364	1275	27.9054	1424	31.1666	1852	40.5340	14945	100.0000	35313	30.5468	0.9906
EST1234702101S1K	stools_11009150	na	EST1361007101S1K_k141_55499	1590441	181133	11.3889	181110	99.9873	178913	98.7869	23	0.0127	178936	98.7871	3128	1.7269	931	29.7634	908	29.0281	1028	32.8645	1212	38.7468	14945	100.0000	26250	42.0533	0.9906
EST1234702101S1K	stools_11010101	na	EST1361007101S1K_k141_55499	1590441	229687	14.4417	229609	99.9660	226968	98.8498	78	0.0340	227045	98.8497	3861	1.6810	1219	31.5721	1142	29.5778	1256	32.5304	1465	37.9435	14945	0.0000	24361	0.0000	0.9906
EST1234702101S1K	stools_11011101	na	EST1361007101S1K_k141_55499	1590441	149288	9.3866	148753	99.6416	147033	98.8437	535	0.3584	147560	98.8425	2967	1.9874	1239	41.7594	712	23.9973	848	28.5811	1274	42.9390	14945	100.0000	21904	36.3495	0.9906
EST1234702101S1K	stools_11021101	na	EST1361007101S1K_k141_55499	1590441	84358	5.3041	84319	99.9538	83304	98.7962	39	0.0462	83340	98.7932	1481	1.7556	463	31.2627	427	28.8319	510	34.4362	554	37.4072	14945	0.0000	9053	0.0000	0.9906
EST1234702101S1K	stools_11022101	na	EST1361007101S1K_k141_55499	1590441	225483	14.1774	225435	99.9787	222637	98.7588	48	0.0213	222684	98.7587	4045	1.7939	1246	30.8035	1199	29.6415	1297	32.0643	1566	38.7145	14945	100.0000	31063	34.7616	0.9906
EST1234702101S1K	stools_11035101	na	EST1361007101S1K_k141_55499	1590441	241214	15.1665	240771	99.8163	237864	98.7926	443	0.1837	238304	98.7936	4571	1.8950	1661	36.3378	1221	26.7119	1358	29.7090	2005	43.8635	14945	0.0000	17889	0.0000	0.9906
EST1234702101S1K	stools_11036101	na	EST1361007101S1K_k141_55499	1590441	149795	9.4185	149356	99.7069	147853	98.9937	439	0.2931	148284	98.9913	2463	1.6442	952	38.6521	526	21.3561	894	36.2972	964	39.1393	14945	100.0000	12958	60.4723	0.9906
EST1234702101S1K	stools_11055101	na	EST1361007101S1K_k141_55499	1590441	168627	10.6025	168535	99.9454	166515	98.8014	92	0.0546	166606	98.8015	2896	1.7174	875	30.2141	784	27.0718	1008	34.8066	1114	38.4669	14945	100.0000	21797	51.0575	0.9906
EST1234702101S1K	stools_11106501	na	EST1361007101S1K_k141_55499	1590441	74298	4.6715	74287	99.9852	73429	98.8450	11	0.0148	73440	98.8452	1171	1.5761	313	26.7293	302	25.7899	436	37.2331	437	37.3185	14945	0.0000	0	0.0000	0.9906
EST1234702101S1K	stools_11107101	na	EST1361007101S1K_k141_55499	1590441	233118	14.6574	233039	99.9661	230552	98.9328	79	0.0339	230630	98.9327	3948	1.6936	1460	36.9807	1382	35.0051	1202	30.4458	1380	34.9544	14945	100.0000	38847	28.0047	0.9906
EST1234702101S1K	stools_12089102	na	EST1361007101S1K_k141_55499	1590441	180898	11.3741	180784	99.9370	178662	98.8262	114	0.0630	178776	98.8270	3109	1.7186	987	31.7465	873	28.0798	960	30.8781	1288	41.4281	14945	100.0000	22393	50.9981	0.9906
EST1234702101S1K	stools_12091101	na	EST1361007101S1K_k141_55499	1590441	214975	13.5167	214817	99.9265	212071	98.7217	158	0.0735	212224	98.7203	4039	1.8788	1288	31.8891	1135	28.1010	1235	30.5769	1666	41.2478	14945	0.0000	29751	0.0000	0.9906
EST1234702101S1K	stools_12091150	na	EST1361007101S1K_k141_55499	1590441	235942	14.8350	235710	99.9017	232738	98.7391	232	0.0983	232968	98.7395	4417	1.8721	1443	32.6692	1213	27.4621	1338	30.2921	1893	42.8571	14945	0.0000	29767	0.0000	0.9906
EST1234702101S1K	stools_12095102	na	EST1361007101S1K_k141_55499	1590441	208384	13.1023	208359	99.9880	205743	98.7445	25	0.0120	205767	98.7441	3662	1.7573	1045	28.5363	1021	27.8809	1189	32.4686	1462	39.9235	14945	100.0000	43657	14.5773	0.9831
EST1234702101S1K	stools_12096102	na	EST1361007101S1K_k141_55499	1590441	140482	8.8329	140429	99.9623	138609	98.7040	53	0.0377	138661	98.7037	2499	1.7789	678	27.1309	626	25.0500	856	34.2537	1036	41.4566	14945	100.0000	33786	33.0610	0.9906
EST1234702101S1K	stools_12101102	na	EST1361007101S1K_k141_55499	1590441	238410	14.9902	238367	99.9820	235552	98.8190	43	0.0180	235591	98.8176	4088	1.7147	1269	31.0421	1230	30.0881	1295	31.6781	1578	38.6008	14945	100.0000	42310	26.4287	0.9906
EST1234702101S1K	stools_12117101	na	EST1361007101S1K_k141_55499	1590441	129446	8.1390	129359	99.9328	127598	98.6387	87	0.0672	127681	98.6365	2521	1.9475	756	29.9881	673	26.6958	788	31.2574	1084	42.9988	14945	100.0000	34136	32.5639	0.9906
EST1234702101S1K	stools_12118101	na	EST1361007101S1K_k141_55499	1590441	160359	10.0827	160338	99.9869	158344	98.7564	21	0.0131	158364	98.7559	2745	1.7118	750	27.3224	730	26.5938	947	34.4991	1089	39.6721	14945	100.0000	34404	32.3218	0.9906
EST1234702101S1K	stools_12118150	na	EST1361007101S1K_k141_55499	1590441	183982	11.5680	183970	99.9935	181742	98.7889	12	0.0065	181754	98.7890	3157	1.7159	929	29.4267	917	29.0466	1023	32.4042	1237	39.1828	14945	100.0000	33835	34.0712	0.9978
EST1234704101S1K	stools_11001501	na	EST1361007101S1K_k141_55499	1590441	204782	12.8758	204703	99.9614	202043	98.7006	79	0.0386	202120	98.7001	3570	1.7433	908	25.4342	831	23.2773	1256	35.1821	1492	41.7927	30385	58.0023	29031	100.0000	0.9817
EST1234704101S1K	stools_11009101	na	EST1361007101S1K_k141_55499	1590441	1057788	66.5091	1056198	99.8497	1046831	99.1131	1590	0.1503	1048383	99.1109	17764	1.6794	8359	47.0558	6819	38.3866	4702	26.4693	6103	34.3560	30385	100.0000	35313	85.8098	0.9966
EST1234704101S1K	stools_11009150	na	EST1361007101S1K_k141_55499	1590441	634131	39.8714	633807	99.9489	628444	99.1538	324	0.0511	628765	99.1538	9715	1.5320	4349	44.7658	4030	41.4822	2593	26.6907	3091	31.8168	30385	83.1463	26250	100.0000	0.9993
EST1234704101S1K	stools_11010101	na	EST1361007101S1K_k141_55499	1590441	885225	55.6591	884652	99.9353	873136	98.6982	573	0.0647	873698	98.6978	15755	1.7798	4228	26.8359	3671	23.3005	5546	35.2015	6588	41.8153	30385	41.9977	24361	66.6311	0.9814
EST1234704101S1K	stools_11011101	na	NZ_CP049075.1	1754511	608683	34.6925	606308	99.6098	599282	98.8412	2375	0.3902	601621	98.8398	12243	2.0114	5181	42.3181	2854	23.3113	3595	29.3637	5343	43.6413	58252	58.6383	96400	36.2500	0.9448
EST1234704101S1K	stools_11011101	na	EST1361007101S1K_k141_55499	1590441	743287	46.7346	740604	99.6390	731849	98.8179	2683	0.3610	734490	98.8165	14614	1.9661	5817	39.8043	3185	21.7942	4740	32.4347	6249	42.7604	30385	77.5383	21904	100.0000	0.9930
EST1234704101S1K	stools_11021101	na	EST1361007101S1K_k141_55499	1590441	314750	19.7901	314514	99.9250	310608	98.7581	236	0.0750	310838	98.7571	5504	1.7487	1592	28.9244	1365	24.8001	2045	37.1548	2103	38.2086	30385	25.1440	9053	100.0000	0.9875
EST1234704101S1K	stools_11022101	na	EST1361007101S1K_k141_55499	1590441	971350	61.0743	970808	99.9442	962357	99.1295	542	0.0558	962892	99.1293	15343	1.5796	6885	44.8739	6356	41.4261	4120	26.8526	4892	31.8842	30385	100.0000	31063	100.0000	0.9993
EST1234704101S1K	stools_11035101	na	EST1361007101S1K_k141_55499	1590441	955069	60.0506	953230	99.8074	941359	98.7547	1839	0.1926	943172	98.7543	17832	1.8671	5935	33.2829	4123	23.1214	5880	32.9744	7834	43.9323	30385	41.9977	17889	71.9772	0.9854
EST1234704101S1K	stools_11036101	na	NZ_CP049075.1	1754511	533133	30.3864	531626	99.7173	526641	99.0623	1507	0.2827	528137	99.0629	8787	1.6482	3791	43.1433	2299	26.1637	2949	33.5609	3169	36.0646	58252	8.9181	73977	7.4780	0.9276
EST1234704101S1K	stools_11036101	na	EST1361007101S1K_k141_55499	1590441	617346	38.8160	615432	99.6900	609726	99.0728	1914	0.3100	611618	99.0722	9964	1.6140	4236	42.5130	2350	23.5849	3474	34.8655	3648	36.6118	30385	52.3943	12958	100.0000	0.9889
EST1234704101S1K	stools_11042501	na	NZ_CP049075.1	1754511	920939	52.4898	919920	99.8894	908501	98.7587	1019	0.1106	909498	98.7577	15964	1.7334	4523	28.3325	3536	22.1498	6646	41.6312	5826	36.4946	58252	64.9128	114886	37.3849	0.9368
EST1234704101S1K	stools_11055101	na	NZ_CP049075.1	1754511	746783	42.5636	745822	99.8713	736015	98.6851	961	0.1287	736946	98.6827	14524	1.9449	4687	32.2707	3790	26.0947	5155	35.4930	5588	38.4742	58252	21.9117	39270	19.7326	0.9530
EST1234704101S1K	stools_11055101	na	EST1361007101S1K_k141_55499	1590441	822375	51.7074	821419	99.8838	811047	98.7373	956	0.1162	811975	98.7354	14925	1.8149	4525	30.3183	3602	24.1340	5587	37.4338	5764	38.6198	30385	52.3943	21797	74.8406	0.9871
EST1234704101S1K	stools_11106501	na	EST1361007101S1K_k141_55499	1590441	259675	16.3272	259568	99.9588	256377	98.7706	107	0.0412	256481	98.7700	4299	1.6555	1105	25.7037	1001	23.2845	1747	40.6374	1571	36.5434	30385	0.0000	0	0.0000	0.9932
EST1234704101S1K	stools_11107101	na	EST1361007101S1K_k141_55499	1590441	990843	62.2999	990004	99.9153	976760	98.6622	839	0.0847	977574	98.6608	18491	1.8662	5222	28.2408	4414	23.8711	6466	34.9684	7666	41.4580	30385	100.0000	38847	85.9500	0.9944
EST1234704101S1K	stools_12089102	na	EST1361007101S1K_k141_55499	1590441	641788	40.3528	641266	99.9187	633100	98.7266	522	0.0813	633613	98.7262	11207	1.7462	3032	27.0545	2519	22.4770	3950	35.2458	4787	42.7144	30385	60.6845	22393	100.0000	0.9931
EST1234704101S1K	stools_12091101	na	EST1361007101S1K_k141_55499	1590441	946668	59.5224	945667	99.8943	932801	98.6395	1001	0.1057	933776	98.6382	18028	1.9044	5136	28.4890	4162	23.0863	5991	33.2316	7864	43.6210	30385	47.6057	29751	57.4132	0.9792
EST1234704101S1K	stools_12091150	na	EST1361007101S1K_k141_55499	1590441	924762	58.1450	923576	99.8718	911568	98.6998	1186	0.1282	912736	98.6996	17108	1.8500	5082	29.7054	3915	22.8840	5553	32.4585	7684	44.9147	30385	47.6057	29767	57.6141	0.9792
EST1234704101S1K	stools_12095102	na	EST1361007101S1K_k141_55499	1590441	760650	47.8264	760323	99.9570	750607	98.7221	327	0.0430	750929	98.7220	13185	1.7334	3464	26.2723	3143	23.8377	4551	34.5165	5536	41.9871	30385	77.5383	43657	53.6890	0.9771
EST1234704101S1K	stools_12096102	na	NZ_CP049075.1	1754511	717996	40.9229	717217	99.8915	707698	98.6728	779	0.1085	708456	98.6713	13788	1.9203	4248	30.8094	3495	25.3481	4952	35.9153	5373	38.9687	58252	37.5489	64235	51.0407	0.9524
EST1234704101S1K	stools_12096102	na	EST1361007101S1K_k141_55499	1590441	681843	42.8713	681218	99.9083	672364	98.7003	625	0.0917	672971	98.6988	12345	1.8105	3473	28.1328	2869	23.2402	4537	36.7517	4973	40.2835	30385	100.0000	33786	100.0000	0.9973
EST1234704101S1K	stools_12101102	na	EST1361007101S1K_k141_55499	1590441	926389	58.2473	925911	99.9484	913910	98.7039	478	0.0516	914382	98.7039	16348	1.7647	4341	26.5537	3869	23.6665	5788	35.4049	6761	41.3567	30385	100.0000	42310	81.0116	0.9919
EST1234704101S1K	stools_12117101	na	NZ_CP049075.1	1754511	648090	36.9385	647333	99.8832	638140	98.5799	757	0.1168	638878	98.5786	13411	2.0693	4199	31.3101	3467	25.8519	4527	33.7559	5442	40.5786	58252	37.5489	58118	55.4166	0.9556
EST1234704101S1K	stools_12117101	na	EST1361007101S1K_k141_55499	1590441	645376	40.5784	644673	99.8911	635916	98.6416	703	0.1089	636600	98.6402	12483	1.9342	3707	29.6964	3029	24.2650	4258	34.1104	5212	41.7528	30385	100.0000	34136	100.0000	0.9971
EST1234704101S1K	stools_12118101	na	NZ_CP049075.1	1754511	764769	43.5887	764131	99.9166	753779	98.6453	638	0.0834	754397	98.6438	14708	1.9232	4336	29.4806	3728	25.3468	5384	36.6059	5639	38.3397	58252	80.5500	99533	68.2296	0.9598
EST1234704101S1K	stools_12118101	na	EST1361007101S1K_k141_55499	1590441	751449	47.2478	750922	99.9299	741272	98.7149	527	0.0701	741782	98.7136	13285	1.7679	3618	27.2337	3112	23.4249	4947	37.2375	5230	39.3677	30385	100.0000	34404	100.0000	0.9970
EST1234704101S1K	stools_12118150	na	EST1361007101S1K_k141_55499	1590441	633206	39.8132	632944	99.9586	625148	98.7683	262	0.0414	625406	98.7682	10741	1.6963	2941	27.3811	2684	24.9884	3854	35.8812	4244	39.5121	30385	60.6845	33835	66.4962	0.9859
EST1234707101S1K	stools_11006101	na	ESO1212705120S1K_k141_16	1917768	731904	38.1644	731644	99.9645	715005	97.7258	260	0.0355	715253	97.7250	25006	3.4166	8355	33.4120	8108	32.4242	8728	34.9036	8360	33.4320	49202	51.9959	49293	56.4867	0.9838
EST1234707101S1K	stools_11015101	na	ESO1212705120S1K_k141_16	1917768	1477741	77.0553	1464266	99.0881	1434869	97.9924	13475	0.9119	1448124	97.9958	59250	4.0095	29633	50.0135	16443	27.7519	16317	27.5392	22849	38.5637	49202	62.1906	28481	100.0000	0.9889
EST1234707101S1K	stools_11015501	na	ESO1212705120S1K_k141_16	1917768	1433611	74.7541	1423107	99.2673	1393798	97.9405	10504	0.7327	1404120	97.9429	56061	3.9105	26570	47.3948	16284	29.0469	16106	28.7294	20936	37.3450	49202	62.1906	34311	85.0048	0.9865
EST1234707101S1K	stools_11025101	na	ESO1212705120S1K_k141_16	1917768	1240115	64.6645	1239573	99.9563	1210222	97.6322	542	0.0437	1210733	97.6307	44530	3.5908	15148	34.0175	14648	32.8947	15156	34.0355	15085	33.8760	49202	62.1906	65594	44.2190	0.9691
EST1234707101S1K	stools_11025102	na	ESO1212705120S1K_k141_16	1917768	1159773	60.4751	1159193	99.9500	1131401	97.6025	580	0.0500	1131947	97.6007	41735	3.5985	13909	33.3269	13366	32.0259	14433	34.5825	14255	34.1560	49202	42.2503	61221	30.2821	0.9611
EST1234707101S1K	stools_11030150	na	ESO1212705120S1K_k141_16	1917768	1384461	72.1913	1382723	99.8745	1349024	97.5629	1738	0.1255	1350689	97.5606	49690	3.5891	15918	32.0346	14258	28.6939	19529	39.3017	16272	32.7470	49202	16.3225	13220	60.8775	0.9757
EST1234707101S1K	stools_11030501	na	ESO1212705120S1K_k141_16	1917768	1478036	77.0706	1475901	99.8556	1439402	97.5270	2135	0.1444	1441459	97.5253	54241	3.6698	17664	32.5658	15622	28.8011	20909	38.5483	18099	33.3677	49202	16.3225	13103	61.3524	0.9758
EST1234707101S1K	stools_11031101	na	ESO1212705120S1K_k141_16	1917768	1421329	74.1137	1419874	99.8976	1382819	97.3903	1455	0.1024	1384198	97.3876	55540	3.9076	18409	33.1455	17066	30.7274	18552	33.4030	20339	36.6205	49202	35.6733	13723	100.0000	0.9813
EST1234707101S1K	stools_11031150	na	ESO1212705120S1K_k141_16	1917768	1329319	69.3159	1328319	99.9248	1292717	97.3198	1000	0.0752	1293659	97.3174	52924	3.9813	17264	32.6204	16357	30.9066	17615	33.2836	19359	36.5789	49202	49.6748	18970	100.0000	0.9840
EST1234707101S1K	stools_11031501	na	ESO1212705120S1K_k141_16	1917768	1307924	68.2003	1306956	99.9260	1271706	97.3029	968	0.0740	1272606	97.2997	52372	4.0042	17054	32.5632	16181	30.8963	17397	33.2181	19219	36.6971	49202	35.6733	13708	100.0000	0.9813
EST1234707101S1K	stools_11035101	na	ESO1212705120S1K_k141_16	1917768	1343955	70.0791	1342551	99.8955	1306901	97.3446	1404	0.1045	1308221	97.3411	53466	3.9783	17732	33.1650	16447	30.7616	17755	33.2080	19627	36.7093	49202	35.6733	13728	100.0000	0.9813
EST1234707101S1K	stools_11037101	na	ESO1212705120S1K_k141_16	1917768	1355957	70.7050	1355134	99.9393	1320660	97.4560	823	0.0607	1321439	97.4543	51122	3.7702	16604	32.4792	15833	30.9710	17974	35.1590	17709	34.6407	49202	48.1891	53610	42.3634	0.9695
EST1234707101S1K	stools_11038501	na	ESO1212705120S1K_k141_16	1917768	1420575	74.0744	1419379	99.9158	1383769	97.4912	1196	0.0842	1384905	97.4890	53487	3.7652	17817	33.3109	16702	31.2263	18444	34.4831	18702	34.9655	49202	35.6733	22657	77.9185	0.9806
EST1234707101S1K	stools_11055150	na	ESO1212705120S1K_k141_16	1917768	868151	45.2688	867437	99.9178	846332	97.5670	714	0.0822	847029	97.5670	31458	3.6236	10336	32.8565	9641	30.6472	11147	35.4345	10940	34.7765	49202	49.6748	39382	59.7354	0.9832
EST1234707101S1K	stools_12062150	na	ESO1212705120S1K_k141_16	1917768	1391043	72.5345	1389856	99.9147	1353762	97.4030	1187	0.0853	1354875	97.3999	54111	3.8900	17943	33.1596	16872	31.1804	18130	33.5052	19546	36.1220	49202	35.6733	23195	75.9043	0.9803
EST1234707101S1K	stools_12120101	na	ESO1212705120S1K_k141_16	1917768	1371446	71.5126	1370457	99.9279	1332349	97.2193	989	0.0721	1333260	97.2156	55630	4.0563	17444	31.3572	16558	29.7645	17964	32.2919	21547	38.7327	49202	0.0000	0	0.0000	0.9743
EST1236806101S1K	stools_11006101	na	ESO1212705120S1K_k141_16	1917768	714140	37.2381	713849	99.9593	697054	97.6473	291	0.0407	697319	97.6446	24984	3.4985	8163	32.6729	7898	31.6122	8780	35.1425	8520	34.1018	42285	60.2625	49293	56.4867	0.9874
EST1236806101S1K	stools_11015101	na	ESO1212705120S1K_k141_16	1917768	1471947	76.7531	1458138	99.0619	1426642	97.8400	13809	0.9381	1440147	97.8396	61213	4.1586	29413	48.0503	15981	26.1072	17728	28.9612	24193	39.5227	42285	56.0577	28481	81.8335	0.9872
EST1236806101S1K	stools_11015501	na	ESO1212705120S1K_k141_16	1917768	1423948	74.2503	1413469	99.2641	1382043	97.7767	10479	0.7359	1392311	97.7782	57569	4.0429	25932	45.0451	15727	27.3185	17448	30.3080	22070	38.3366	42285	56.0577	34311	69.1440	0.9844
EST1236806101S1K	stools_11025101	na	ESO1212705120S1K_k141_16	1917768	1214078	63.3068	1213415	99.9454	1183398	97.5262	663	0.0546	1184010	97.5234	44691	3.6811	14623	32.7202	14018	31.3665	15454	34.5797	15604	34.9153	42285	56.0577	65594	35.6572	0.9670
EST1236806101S1K	stools_11025102	na	ESO1212705120S1K_k141_16	1917768	1133420	59.1010	1132712	99.9375	1105366	97.5858	708	0.0625	1106023	97.5828	41206	3.6355	13809	33.5121	13164	31.9468	14061	34.1237	14257	34.5993	42285	32.8674	61221	21.1986	0.9591
EST1236806101S1K	stools_11030150	na	ESO1212705120S1K_k141_16	1917768	1376827	71.7932	1374970	99.8651	1341420	97.5599	1857	0.1349	1343179	97.5561	49812	3.6179	16164	32.4500	14421	28.9509	19498	39.1432	16264	32.6508	42285	18.7324	13220	60.8775	0.9792
EST1236806101S1K	stools_11030501	na	ESO1212705120S1K_k141_16	1917768	1480860	77.2179	1478523	99.8422	1441755	97.5132	2337	0.1578	1443976	97.5093	54992	3.7135	18108	32.9284	15926	28.9606	21096	38.3619	18387	33.4358	42285	18.7324	13103	61.3524	0.9793
EST1236806101S1K	stools_11031101	na	ESO1212705120S1K_k141_16	1917768	1415892	73.8302	1414196	99.8802	1376985	97.3688	1696	0.1198	1378564	97.3636	56457	3.9874	19129	33.8824	17588	31.1529	18565	32.8834	20661	36.5960	42285	41.5301	13723	100.0000	0.9850
EST1236806101S1K	stools_11031150	na	ESO1212705120S1K_k141_16	1917768	1341479	69.9500	1340212	99.9056	1304027	97.3001	1267	0.0944	1305191	97.2949	54499	4.0626	18211	33.4153	17076	31.3327	17905	32.8538	19885	36.4869	42285	41.5301	18970	72.5356	0.9822
EST1236806101S1K	stools_11031501	na	ESO1212705120S1K_k141_16	1917768	1318890	68.7721	1317658	99.9066	1281858	97.2831	1232	0.0934	1282997	97.2785	53813	4.0802	17920	33.3005	16813	31.2434	17631	32.7635	19720	36.6454	42285	41.5301	13708	100.0000	0.9850
EST1236806101S1K	stools_11035101	na	ESO1212705120S1K_k141_16	1917768	1354324	70.6198	1352558	99.8696	1316320	97.3208	1766	0.1304	1317964	97.3153	55077	4.0668	18717	33.9833	17109	31.0638	18019	32.7160	20269	36.8012	42285	41.5301	13728	100.0000	0.9850
EST1236806101S1K	stools_11037101	na	ESO1212705120S1K_k141_16	1917768	1347267	70.2518	1346265	99.9256	1312134	97.4648	1002	0.0744	1313068	97.4616	51185	3.7992	16986	33.1855	16063	31.3822	17688	34.5570	17832	34.8383	42285	56.0577	53610	42.3634	0.9731
EST1236806101S1K	stools_11038501	na	ESO1212705120S1K_k141_16	1917768	1408540	73.4468	1407223	99.9065	1371609	97.4692	1317	0.0935	1372834	97.4650	53988	3.8329	18282	33.8631	17079	31.6348	18309	33.9131	18940	35.0819	42285	41.5301	22657	77.9185	0.9843
EST1236806101S1K	stools_11055150	na	ESO1212705120S1K_k141_16	1917768	846335	44.1313	845580	99.9108	824395	97.4946	755	0.0892	825123	97.4937	31291	3.6972	10079	32.2105	9354	29.8936	11281	36.0519	10902	34.8407	42285	41.5301	39382	45.2542	0.9811
EST1236806101S1K	stools_12062150	na	ESO1212705120S1K_k141_16	1917768	1388214	72.3870	1386872	99.9033	1350613	97.3856	1342	0.0967	1351850	97.3805	54880	3.9533	18516	33.7391	17323	31.5652	18041	32.8735	19916	36.2901	42285	41.5301	23195	75.9043	0.9839
EST1236806101S1K	stools_12120101	na	ESO1212705120S1K_k141_16	1917768	1382707	72.0998	1381465	99.9102	1342159	97.1548	1242	0.0898	1343285	97.1489	57561	4.1629	18139	31.5127	17050	29.6208	18403	31.9713	22583	39.2332	42285	0.0000	0	0.0000	0.9780
EST1236807101S1K	stools_11001501	na	EST1361007101S1K_k141_55499	1590441	261121	16.4182	261070	99.9805	257805	98.7494	51	0.0195	257855	98.7492	4754	1.8206	1488	31.3000	1438	30.2482	1567	32.9617	1782	37.4842	45148	41.0361	29031	100.0000	0.9887
EST1236807101S1K	stools_11009101	na	EST1361007101S1K_k141_55499	1590441	1295711	81.4687	1294033	99.8705	1277443	98.7180	1678	0.1295	1279084	98.7168	25730	1.9858	9103	35.3789	7467	29.0206	8511	33.0781	9662	37.5515	45148	87.8821	35313	100.0000	0.9933
EST1236807101S1K	stools_11009150	na	EST1361007101S1K_k141_55499	1590441	803836	50.5417	803619	99.9730	793563	98.7487	217	0.0270	793777	98.7486	14878	1.8509	4819	32.3901	4607	30.9652	5038	33.8621	5298	35.6096	45148	64.7515	26250	100.0000	0.9974
EST1236807101S1K	stools_11010101	na	EST1361007101S1K_k141_55499	1590441	1121078	70.4885	1120601	99.9575	1107179	98.8022	477	0.0425	1107645	98.8018	20702	1.8466	7269	35.1125	6803	32.8616	6914	33.3977	7077	34.1851	45148	47.5481	24361	100.0000	0.9821
EST1236807101S1K	stools_11011101	na	EST1361007101S1K_k141_55499	1590441	899685	56.5683	896815	99.6810	885781	98.7696	2870	0.3190	888627	98.7709	18292	2.0332	7234	39.5473	4391	24.0050	6230	34.0586	7081	38.7109	45148	60.2529	21904	100.0000	0.9852
EST1236807101S1K	stools_11021101	na	EST1361007101S1K_k141_55499	1590441	389932	24.5172	389763	99.9567	385063	98.7941	169	0.0433	385229	98.7939	7032	1.8034	2329	33.1200	2163	30.7594	2520	35.8362	2363	33.6035	45148	23.7153	9053	100.0000	0.9914
EST1236807101S1K	stools_11022101	na	EST1361007101S1K_k141_55499	1590441	1210927	76.1378	1210492	99.9641	1194579	98.6854	435	0.0359	1195002	98.6849	23453	1.9368	7528	32.0982	7107	30.3032	8075	34.4306	8391	35.7779	45148	76.4663	31063	100.0000	0.9902
EST1236807101S1K	stools_11035101	na	EST1361007101S1K_k141_55499	1590441	1208386	75.9780	1206281	99.8258	1191515	98.7759	2105	0.1742	1193590	98.7756	23827	1.9718	9031	37.9024	6960	29.2106	7756	32.5513	9126	38.3011	45148	46.8459	17889	100.0000	0.9827
EST1236807101S1K	stools_11036101	na	EST1361007101S1K_k141_55499	1590441	701159	44.0858	699300	99.7349	690899	98.7987	1859	0.2651	692740	98.7993	12673	1.8074	4254	33.5674	2414	19.0484	5399	42.6024	4510	35.5875	45148	36.5376	12958	100.0000	0.9796
EST1236807101S1K	stools_11055101	na	EST1361007101S1K_k141_55499	1590441	944593	59.3919	943919	99.9286	931703	98.7058	674	0.0714	932355	98.7044	17378	1.8397	5140	29.5776	4493	25.8545	6803	39.1472	6116	35.1939	45148	36.5376	21797	74.8406	0.9780
EST1236807101S1K	stools_11106501	na	EST1361007101S1K_k141_55499	1590441	332192	20.8868	332100	99.9723	327972	98.7570	92	0.0277	328063	98.7570	5836	1.7568	1707	29.2495	1616	27.6902	2352	40.3016	1903	32.6080	45148	0.0000	0	0.0000	0.9862
EST1236807101S1K	stools_11107101	na	EST1361007101S1K_k141_55499	1590441	1234301	77.6075	1233536	99.9380	1218530	98.7835	765	0.0620	1219273	98.7825	23525	1.9059	8497	36.1190	7768	33.0202	7806	33.1817	8023	34.1041	45148	76.4663	38847	85.9500	0.9883
EST1236807101S1K	stools_12089102	na	EST1361007101S1K_k141_55499	1590441	824925	51.8677	824365	99.9321	814165	98.7627	560	0.0679	814720	98.7629	15203	1.8430	4998	32.8751	4444	29.2311	5244	34.4932	5582	36.7164	45148	48.5381	22393	100.0000	0.9915
EST1236807101S1K	stools_12091101	na	EST1361007101S1K_k141_55499	1590441	1187665	74.6752	1186757	99.9235	1171703	98.7315	908	0.0765	1172587	98.7305	23303	1.9621	8225	35.2959	7347	31.5281	7460	32.0130	8520	36.5618	45148	39.9287	29751	57.4132	0.9741
EST1236807101S1K	stools_12091150	na	EST1361007101S1K_k141_55499	1590441	1176827	73.9938	1175544	99.8910	1161325	98.7904	1283	0.1090	1162585	98.7898	22681	1.9273	8439	37.2074	7184	31.6741	7010	30.9069	8584	37.8467	45148	39.9287	29767	57.6141	0.9742
EST1236807101S1K	stools_12095102	na	EST1361007101S1K_k141_55499	1590441	972387	61.1395	972101	99.9706	960765	98.8339	286	0.0294	961041	98.8332	17500	1.7997	6154	35.1657	5882	33.6114	5797	33.1257	5913	33.7886	45148	72.3709	43657	69.1504	0.9758
EST1236807101S1K	stools_12096102	na	EST1361007101S1K_k141_55499	1590441	805916	50.6725	805453	99.9425	804002	99.8199	463	0.0575	804462	99.8196	10325	1.2812	8871	85.9177	8420	81.5496	790	7.6513	1117	10.8184	45148	76.4663	33786	100.0000	0.9927
EST1236807101S1K	stools_12101102	na	EST1361007101S1K_k141_55499	1590441	1183885	74.4375	1183536	99.9705	1181122	99.7960	349	0.0295	1181471	99.7961	15834	1.3375	13420	84.7543	13071	82.5502	1371	8.6586	1361	8.5954	45148	88.5842	42310	100.0000	0.9937
EST1236807101S1K	stools_12117101	na	EST1361007101S1K_k141_55499	1590441	783941	49.2908	783357	99.9255	781852	99.8079	584	0.0745	782434	99.8078	10976	1.4001	9469	86.2700	8890	80.9949	761	6.9333	1308	11.9169	45148	76.4663	34136	100.0000	0.9924
EST1236807101S1K	stools_12118101	na	EST1361007101S1K_k141_55499	1590441	898241	56.4775	897972	99.9701	895829	99.7614	269	0.0299	896093	99.7609	11327	1.2610	9179	81.0365	8917	78.7234	1205	10.6383	1198	10.5765	45148	76.4663	34404	100.0000	0.9923
EST1236807101S1K	stools_12118150	na	EST1361007101S1K_k141_55499	1590441	810498	50.9606	810282	99.9733	800502	98.7930	216	0.0267	800712	98.7926	14486	1.7873	4700	32.4451	4490	30.9954	5166	35.6620	4903	33.8465	45148	60.6561	33835	82.4590	0.9896
EST1237103201S1K	stools_11001501	na	EST1361007101S1K_k141_55499	1590441	178617	11.2307	178522	99.9468	176225	98.7133	95	0.0532	176320	98.7140	3221	1.8033	924	28.6867	829	25.7373	1122	34.8339	1276	39.6150	11688	53.3881	29031	46.6949	0.9817
EST1237103201S1K	stools_11009101	na	EST1361007101S1K_k141_55499	1590441	888598	55.8712	887234	99.8465	875258	98.6502	1364	0.1535	876598	98.6496	17373	1.9551	5373	30.9273	4034	23.2199	5947	34.2313	7363	42.3819	11688	100.0000	35313	44.7371	0.9841
EST1237103201S1K	stools_11009150	na	EST1361007101S1K_k141_55499	1590441	538170	33.8378	537827	99.9363	530689	98.6728	343	0.0637	531024	98.6722	9930	1.8451	2784	28.0363	2449	24.6626	3627	36.5257	3906	39.3353	11688	53.3881	26250	42.0533	0.9872
EST1237103201S1K	stools_11010101	na	EST1361007101S1K_k141_55499	1590441	765130	48.1080	764547	99.9238	754795	98.7245	583	0.0762	755370	98.7244	13986	1.8279	4226	30.2159	3651	26.1047	5067	36.2291	5354	38.2811	11688	0.0000	24361	0.0000	0.9773
EST1237103201S1K	stools_11011101	na	NZ_CP049075.1	1754511	543602	30.9831	541419	99.5984	535019	98.8179	2183	0.4016	537166	98.8160	11239	2.0675	4803	42.7351	2675	23.8010	3689	32.8232	4495	39.9947	82720	78.3196	96400	58.5062	0.9596
EST1237103201S1K	stools_11011101	na	EST1361007101S1K_k141_55499	1590441	668946	42.0604	666542	99.6406	658635	98.8137	2404	0.3594	661011	98.8138	13197	1.9728	5262	39.8727	2891	21.9065	4312	32.6741	5553	42.0777	11688	53.3881	21904	36.3495	0.9837
EST1237103201S1K	stools_11021101	na	EST1361007101S1K_k141_55499	1590441	264401	16.6244	264183	99.9175	260987	98.7902	218	0.0825	261201	98.7897	4630	1.7511	1430	30.8855	1216	26.2635	1699	36.6955	1732	37.4082	11688	0.0000	9053	0.0000	0.9943
EST1237103201S1K	stools_11022101	na	EST1361007101S1K_k141_55499	1590441	837116	52.6342	836579	99.9359	825208	98.6408	537	0.0641	825736	98.6406	15803	1.8878	4423	27.9884	3895	24.6472	5603	35.4553	6384	40.3974	11688	53.3881	31063	34.7616	0.9805
EST1237103201S1K	stools_11035101	na	EST1361007101S1K_k141_55499	1590441	825253	51.8883	823565	99.7955	812870	98.7014	1688	0.2045	814540	98.7019	16036	1.9432	5323	33.1941	3664	22.8486	5545	34.5784	6852	42.7289	11688	46.6119	17889	28.0228	0.9876
EST1237103201S1K	stools_11036101	na	NZ_CP049075.1	1754511	444188	25.3169	442865	99.7022	437842	98.8658	1323	0.2978	439157	98.8674	8034	1.8087	3003	37.3786	1704	21.2099	3207	39.9178	2892	35.9970	82720	48.2930	73977	49.5816	0.9469
EST1237103201S1K	stools_11036101	na	EST1361007101S1K_k141_55499	1590441	522562	32.8564	520980	99.6973	515249	98.9000	1582	0.3027	516820	98.9012	9040	1.7299	3298	36.4823	1732	19.1593	3664	40.5310	3396	37.5664	11688	53.3881	12958	60.4723	0.9892
EST1237103201S1K	stools_11042501	na	NZ_CP049075.1	1754511	790965	45.0818	789865	99.8609	779816	98.7278	1100	0.1391	780897	98.7271	14447	1.8265	4379	30.3108	3303	22.8629	6407	44.3483	4768	33.0034	82720	85.7265	114886	67.3076	0.9643
EST1237103201S1K	stools_11055101	na	NZ_CP049075.1	1754511	621103	35.4003	620270	99.8659	612552	98.7557	833	0.1341	613371	98.7551	11593	1.8665	3861	33.3046	3054	26.3435	4459	38.4629	4032	34.7796	82720	7.4069	39270	19.7326	0.9372
EST1237103201S1K	stools_11055101	na	EST1361007101S1K_k141_55499	1590441	701044	44.0786	700287	99.8920	691682	98.7712	757	0.1080	692416	98.7693	12483	1.7806	3855	30.8820	3123	25.0180	4734	37.9236	4678	37.4750	11688	53.3881	21797	51.0575	0.9867
EST1237103201S1K	stools_11106501	na	EST1361007101S1K_k141_55499	1590441	226127	14.2179	225997	99.9425	223058	98.6995	130	0.0575	223188	98.7003	3981	1.7605	1042	26.1743	912	22.9088	1670	41.9493	1419	35.6443	11688	0.0000	0	0.0000	1.0000
EST1237103201S1K	stools_11107101	na	EST1361007101S1K_k141_55499	1590441	859976	54.0715	859195	99.9092	847914	98.6870	781	0.0908	848678	98.6862	16236	1.8880	4938	30.4139	4176	25.7206	5657	34.8423	6479	39.9051	11688	53.3881	38847	28.0047	0.9756
EST1237103201S1K	stools_12089102	na	EST1361007101S1K_k141_55499	1590441	559481	35.1777	558943	99.9038	551691	98.7026	538	0.0962	552220	98.7022	10225	1.8276	2964	28.9878	2437	23.8337	3739	36.5672	4127	40.3619	11688	53.3881	22393	50.9981	0.9864
EST1237103201S1K	stools_12091101	na	EST1361007101S1K_k141_55499	1590441	831014	52.2505	830143	99.8952	818801	98.6337	871	0.1048	819647	98.6322	16098	1.9372	4731	29.3887	3887	24.1459	5510	34.2279	6763	42.0114	11688	0.0000	29751	0.0000	0.9739
EST1237103201S1K	stools_12091150	na	EST1361007101S1K_k141_55499	1590441	809455	50.8950	808316	99.8593	797659	98.6816	1139	0.1407	798783	98.6816	15550	1.9210	4878	31.3698	3758	24.1672	5316	34.1865	6572	42.2637	11688	0.0000	29767	0.0000	0.9739
EST1237103201S1K	stools_12095102	na	EST1361007101S1K_k141_55499	1590441	663011	41.6872	662619	99.9409	654138	98.7201	392	0.0591	654524	98.7199	11871	1.7905	3384	28.5064	2998	25.2548	4258	35.8689	4675	39.3817	11688	53.3881	43657	14.5773	0.9680
EST1237103201S1K	stools_12096102	na	NZ_CP049075.1	1754511	598414	34.1072	597684	99.8780	589950	98.7060	730	0.1220	590656	98.7036	11181	1.8684	3423	30.6144	2729	24.4075	4516	40.3899	3948	35.3099	82720	7.4069	64235	16.8335	0.9230
EST1237103201S1K	stools_12096102	na	EST1361007101S1K_k141_55499	1590441	597060	37.5405	596461	99.8997	588757	98.7084	599	0.1003	589347	98.7082	10887	1.8234	3174	29.1540	2584	23.7347	4068	37.3657	4290	39.4048	11688	53.3881	33786	33.0610	0.9791
EST1237103201S1K	stools_12101102	na	EST1361007101S1K_k141_55499	1590441	803618	50.5280	803126	99.9388	792628	98.6929	492	0.0612	793110	98.6924	14596	1.8163	4088	28.0077	3606	24.7054	5292	36.2565	5782	39.6136	11688	53.3881	42310	26.4287	0.9738
EST1237103201S1K	stools_12117101	na	NZ_CP049075.1	1754511	561586	32.0081	560846	99.8682	553382	98.6692	740	0.1318	554097	98.6665	11066	1.9705	3577	32.3242	2874	25.9714	4133	37.3486	4079	36.8607	82720	7.4069	58118	18.1940	0.9265
EST1237103201S1K	stools_12117101	na	EST1361007101S1K_k141_55499	1590441	579719	36.4502	579098	99.8929	571413	98.6729	621	0.1071	572018	98.6716	11066	1.9089	3365	30.4085	2763	24.9684	3827	34.5834	4531	40.9452	11688	53.3881	34136	32.5639	0.9789
EST1237103201S1K	stools_12118101	na	NZ_CP049075.1	1754511	635368	36.2134	634793	99.9095	626567	98.7041	575	0.0905	627129	98.7033	11656	1.8345	3417	29.3154	2870	24.6225	4792	41.1119	4001	34.3257	82720	43.5505	99533	46.3032	0.9358
EST1237103201S1K	stools_12118101	na	EST1361007101S1K_k141_55499	1590441	658169	41.3828	657704	99.9293	649184	98.7046	465	0.0707	649643	98.7046	11721	1.7808	3195	27.2588	2738	23.3598	4486	38.2732	4557	38.8789	11688	53.3881	34404	32.3218	0.9788
EST1237103201S1K	stools_12118150	na	EST1361007101S1K_k141_55499	1590441	544598	34.2419	544281	99.9418	537255	98.7091	317	0.0582	537565	98.7086	9800	1.7995	2767	28.2347	2457	25.0714	3792	38.6939	3617	36.9082	11688	53.3881	33835	34.0712	0.9791
EST1238001101S1K	stools_11011101	na	NZ_CP049075.1	1754511	609555	34.7422	607457	99.6558	600102	98.7892	2098	0.3442	602176	98.7894	12476	2.0467	5097	40.8544	3028	24.2706	3936	31.5486	5101	40.8865	20057	0.0000	96400	0.0000	0.9336
EST1238001101S1K	stools_11036101	na	NZ_CP049075.1	1754511	546293	31.1365	545016	99.7662	538941	98.8854	1277	0.2338	540202	98.8850	9546	1.7474	3455	36.1932	2195	22.9939	3704	38.8016	3430	35.9313	20057	28.7830	73977	7.2563	0.9524
EST1238001101S1K	stools_11042501	na	NZ_CP049075.1	1754511	1011275	57.6386	1010360	99.9095	998231	98.7995	915	0.0905	999130	98.7990	18104	1.7902	5959	32.9154	5066	27.9828	7279	40.2066	5831	32.2084	20057	31.6947	114886	6.7319	0.9294
EST1238001101S1K	stools_11055101	na	NZ_CP049075.1	1754511	744674	42.4434	744093	99.9220	734833	98.7555	581	0.0780	735406	98.7554	13818	1.8556	4550	32.9281	3981	28.8102	4956	35.8663	4920	35.6057	20057	31.6947	39270	19.7326	0.9726
EST1238001101S1K	stools_12096102	na	NZ_CP049075.1	1754511	713778	40.6824	713255	99.9267	704237	98.7357	523	0.0733	704754	98.7357	13442	1.8832	4418	32.8671	3903	29.0359	4721	35.1213	4898	36.4380	20057	60.4776	64235	51.0407	0.9655
EST1238001101S1K	stools_12117101	na	NZ_CP049075.1	1754511	648246	36.9474	647691	99.9144	639226	98.6930	555	0.0856	639769	98.6923	13023	2.0090	4546	34.9075	4005	30.7533	4139	31.7822	4949	38.0020	20057	60.4776	58118	55.4166	0.9691
EST1238001101S1K	stools_12118101	na	NZ_CP049075.1	1754511	766314	43.6768	765957	99.9534	756222	98.7290	357	0.0466	756573	98.7289	14131	1.8440	4390	31.0664	4041	28.5967	5088	36.0059	5075	35.9139	20057	60.4776	99533	32.5470	0.9453
EST1238002101S1K	stools_11001501	na	EST1361007101S1K_k141_55499	1590441	259480	16.3150	259399	99.9688	256083	98.7217	81	0.0312	256161	98.7209	4920	1.8961	1601	32.5407	1524	30.9756	1661	33.7602	1748	35.5285	21864	77.0948	29031	100.0000	0.9887
EST1238002101S1K	stools_11009101	na	EST1361007101S1K_k141_55499	1590441	1362787	85.6861	1360531	99.8345	1342593	98.6815	2256	0.1655	1344786	98.6791	28503	2.0915	10502	36.8452	8360	29.3302	9494	33.3088	10475	36.7505	21864	74.0029	35313	44.8588	0.9838
EST1238002101S1K	stools_11009150	na	EST1361007101S1K_k141_55499	1590441	797975	50.1732	797670	99.9618	787483	98.7229	305	0.0382	787780	98.7224	15094	1.8915	4899	32.4566	4605	30.5088	5129	33.9804	5410	35.8421	21864	51.0977	26250	42.0533	0.9867
EST1238002101S1K	stools_11010101	na	EST1361007101S1K_k141_55499	1590441	1142134	71.8124	1141498	99.9443	1127007	98.7305	636	0.0557	1127626	98.7297	21912	1.9185	7404	33.7897	6787	30.9739	7500	34.2278	7702	35.1497	21864	22.9052	24361	20.9556	0.9741
EST1238002101S1K	stools_11011101	na	EST1361007101S1K_k141_55499	1590441	967764	60.8488	964372	99.6495	951940	98.7109	3392	0.3505	955285	98.7105	20486	2.1168	8007	39.0852	4686	22.8742	7300	35.6341	7893	38.5288	21864	74.0029	21904	59.5599	0.9887
EST1238002101S1K	stools_11021101	na	EST1361007101S1K_k141_55499	1590441	393505	24.7419	393272	99.9408	388572	98.8049	233	0.0592	388797	98.8036	7254	1.8434	2546	35.0979	2321	31.9961	2531	34.8911	2399	33.0714	21864	0.0000	9053	0.0000	0.9873
EST1238002101S1K	stools_11022101	na	EST1361007101S1K_k141_55499	1590441	1265981	79.5994	1265243	99.9417	1248638	98.6876	738	0.0583	1249345	98.6859	25148	1.9864	8512	33.8476	7832	31.1436	8601	34.2015	8812	35.0406	21864	74.0029	31063	51.1219	0.9865
EST1238002101S1K	stools_11035101	na	EST1361007101S1K_k141_55499	1590441	1238658	77.8814	1236407	99.8183	1220959	98.7506	2251	0.1817	1223183	98.7507	25105	2.0268	9630	38.3589	7434	29.6116	8073	32.1569	9568	38.1119	21864	22.9052	17889	28.3862	0.9812
EST1238002101S1K	stools_11036101	na	EST1361007101S1K_k141_55499	1590441	709521	44.6116	707562	99.7239	699491	98.8593	1959	0.2761	701423	98.8587	12742	1.7959	4644	36.4464	2713	21.2918	5277	41.4142	4375	34.3353	21864	74.0029	12958	100.0000	0.9911
EST1238002101S1K	stools_11055101	na	EST1361007101S1K_k141_55499	1590441	1013355	63.7153	1012164	99.8825	998612	98.6611	1191	0.1175	999758	98.6582	19759	1.9499	6162	31.1858	5049	25.5529	7750	39.2226	6932	35.0827	21864	100.0000	21797	100.0000	0.9997
EST1238002101S1K	stools_11106501	na	EST1361007101S1K_k141_55499	1590441	329579	20.7225	329473	99.9678	325503	98.7950	106	0.0322	325605	98.7942	5793	1.7577	1819	31.4000	1717	29.6392	2286	39.4614	1814	31.3137	21864	0.0000	0	0.0000	0.9930
EST1238002101S1K	stools_11107101	na	EST1361007101S1K_k141_55499	1590441	1312917	82.5505	1311709	99.9080	1294403	98.6807	1208	0.0920	1295568	98.6786	26572	2.0239	9223	34.7095	8133	30.6074	9185	34.5665	9284	34.9390	21864	100.0000	38847	55.1034	0.9885
EST1238002101S1K	stools_12089102	na	EST1361007101S1K_k141_55499	1590441	819892	51.5512	819269	99.9240	808870	98.7307	623	0.0760	809474	98.7293	15590	1.9015	5172	33.1751	4568	29.3008	5395	34.6055	5702	36.5747	21864	51.0977	22393	50.9981	0.9893
EST1238002101S1K	stools_12091101	na	EST1361007101S1K_k141_55499	1590441	1258862	79.1518	1257531	99.8943	1240348	98.6336	1331	0.1057	1241633	98.6314	26182	2.0798	8953	34.1952	7701	29.4133	8761	33.4619	9743	37.2126	21864	25.9971	29751	19.3506	0.9746
EST1238002101S1K	stools_12091150	na	EST1361007101S1K_k141_55499	1590441	1206346	75.8498	1204865	99.8772	1189145	98.6953	1481	0.1228	1190597	98.6945	24270	2.0119	8521	35.1092	7091	29.2171	7937	32.7029	9326	38.4260	21864	25.9971	29767	19.1823	0.9745
EST1238002101S1K	stools_12095102	na	EST1361007101S1K_k141_55499	1590441	974330	61.2616	973880	99.9538	961838	98.7635	450	0.0462	962272	98.7624	18211	1.8691	6153	33.7873	5731	31.4700	6272	34.4407	6262	34.3858	21864	100.0000	43657	39.5813	0.9769
EST1238002101S1K	stools_12096102	na	EST1361007101S1K_k141_55499	1590441	841165	52.8888	840337	99.9016	828977	98.6482	828	0.0984	829766	98.6449	16351	1.9439	4952	30.2856	4175	25.5336	6242	38.1750	6007	36.7378	21864	74.0029	33786	48.0909	0.9852
EST1238002101S1K	stools_12101102	na	EST1361007101S1K_k141_55499	1590441	1194854	75.1272	1194274	99.9515	1178924	98.7147	580	0.0485	1179484	98.7137	22928	1.9189	7558	32.9641	7001	30.5347	7968	34.7523	8030	35.0227	21864	74.0029	42310	38.6812	0.9797
EST1238002101S1K	stools_12117101	na	EST1361007101S1K_k141_55499	1590441	836103	52.5705	835017	99.8701	823494	98.6200	1086	0.1299	824539	98.6169	17252	2.0634	5688	32.9701	4662	27.0230	6135	35.5611	6517	37.7753	21864	74.0029	34136	47.4895	0.9849
EST1238002101S1K	stools_12118101	na	EST1361007101S1K_k141_55499	1590441	936788	58.9011	936137	99.9305	923565	98.6570	651	0.0695	924183	98.6544	17773	1.8972	5168	29.0778	4555	25.6288	6870	38.6541	6408	36.0547	21864	74.0029	34404	49.0176	0.9847
EST1238002101S1K	stools_12118150	na	EST1361007101S1K_k141_55499	1590441	805211	50.6282	804942	99.9666	795022	98.7676	269	0.0334	795277	98.7663	14914	1.8522	4980	33.3914	4726	31.6883	5300	35.5371	4915	32.9556	21864	77.0948	33835	51.6122	0.9892
EST1241101101S1K	stools_11001501	na	EST1361007101S1K_k141_55499	1590441	278382	17.5034	278183	99.9285	274530	98.6868	199	0.0715	274726	98.6867	5385	1.9344	1729	32.1077	1534	28.4865	1881	34.9304	1942	36.0631	27112	60.9509	29031	100.0000	0.9817
EST1241101101S1K	stools_11009101	na	EST1361007101S1K_k141_55499	1590441	1430262	89.9286	1427308	99.7935	1409050	98.7208	2954	0.2065	1411934	98.7186	30029	2.0995	11701	38.9657	8907	29.6613	9926	33.0547	10885	36.2483	27112	79.9793	35313	52.2839	0.9838
EST1241101101S1K	stools_11009150	na	EST1361007101S1K_k141_55499	1590441	850889	53.5002	850181	99.9168	839703	98.7676	708	0.0832	840390	98.7661	16144	1.8973	5645	34.9666	4967	30.7668	5478	33.9321	5639	34.9294	27112	79.9793	26250	73.9162	0.9941
EST1241101101S1K	stools_11010101	na	EST1361007101S1K_k141_55499	1590441	1205393	75.7899	1204162	99.8979	1189056	98.7455	1231	0.1021	1190258	98.7444	23304	1.9333	8169	35.0541	7008	30.0721	8104	34.7751	8115	34.8223	27112	39.0491	24361	45.6755	0.9808
EST1241101101S1K	stools_11011101	na	EST1361007101S1K_k141_55499	1590441	999528	62.8460	995582	99.6052	983124	98.7487	3946	0.3948	987016	98.7482	21454	2.1464	8942	41.6799	5110	23.8184	7596	35.4060	7981	37.2005	27112	79.9793	21904	76.7896	0.9902
EST1241101101S1K	stools_11021101	na	EST1361007101S1K_k141_55499	1590441	418092	26.2878	417700	99.9062	412694	98.8015	392	0.0938	413073	98.7995	7743	1.8520	2724	35.1802	2358	30.4533	2737	35.3481	2593	33.4883	27112	39.0491	9053	100.0000	0.9918
EST1241101101S1K	stools_11022101	na	EST1361007101S1K_k141_55499	1590441	1316623	82.7835	1315322	99.9012	1298740	98.7393	1301	0.0988	1300005	98.7378	26147	1.9859	9529	36.4440	8290	31.7054	8838	33.8012	8913	34.0880	27112	79.9793	31063	61.8002	0.9873
EST1241101101S1K	stools_11035101	na	EST1361007101S1K_k141_55499	1590441	1299969	81.7364	1296984	99.7704	1281234	98.7856	2985	0.2296	1284164	98.7842	26490	2.0377	10685	40.3360	7780	29.3696	8637	32.6048	9860	37.2216	27112	39.0491	17889	43.5910	0.9814
EST1241101101S1K	stools_11036101	na	EST1361007101S1K_k141_55499	1590441	752689	47.3258	750185	99.6673	741645	98.8616	2504	0.3327	744118	98.8613	13835	1.8381	5264	38.0484	2808	20.2963	5818	42.0528	4742	34.2754	27112	40.9302	12958	60.4723	0.9846
EST1241101101S1K	stools_11055101	na	EST1361007101S1K_k141_55499	1590441	1052406	66.1707	1050650	99.8331	1038072	98.8028	1756	0.1669	1039783	98.8006	20139	1.9136	7516	37.3206	5837	28.9836	7514	37.3107	6615	32.8467	27112	60.9509	21797	76.2169	0.9899
EST1241101101S1K	stools_11106501	na	EST1361007101S1K_k141_55499	1590441	352650	22.1731	352351	99.9152	348401	98.8790	299	0.0848	348696	98.8788	6153	1.7448	2199	35.7387	1912	31.0743	2378	38.6478	1839	29.8879	27112	0.0000	0	0.0000	0.9864
EST1241101101S1K	stools_11107101	na	EST1361007101S1K_k141_55499	1590441	1363012	85.7003	1361241	99.8701	1343023	98.6617	1771	0.1299	1344747	98.6600	28118	2.0629	9853	35.0416	8194	29.1415	9955	35.4044	9833	34.9705	27112	100.0000	38847	69.4725	0.9922
EST1241101101S1K	stools_12089102	na	EST1361007101S1K_k141_55499	1590441	872833	54.8799	871822	99.8842	860910	98.7484	1011	0.1158	861905	98.7480	16638	1.9062	5710	34.3190	4716	28.3448	5853	35.1785	6032	36.2544	27112	79.9793	22393	100.0000	0.9995
EST1241101101S1K	stools_12091101	na	EST1361007101S1K_k141_55499	1590441	1303958	81.9872	1301983	99.8485	1284528	98.6594	1975	0.1515	1286432	98.6559	27315	2.0948	9789	35.8375	7924	29.0097	9175	33.5896	10047	36.7820	27112	59.0698	29751	54.3746	0.9840
EST1241101101S1K	stools_12091150	na	EST1361007101S1K_k141_55499	1590441	1267113	79.6705	1265002	99.8334	1248888	98.7262	2111	0.1666	1250949	98.7243	25565	2.0176	9401	36.7729	7378	28.8598	8316	32.5288	9812	38.3806	27112	59.0698	29767	54.0935	0.9838
EST1241101101S1K	stools_12095102	na	EST1361007101S1K_k141_55499	1590441	1031163	64.8350	1030313	99.9176	1017728	98.7785	850	0.0824	1018559	98.7777	19314	1.8730	6710	34.7416	5905	30.5737	6643	34.3947	6699	34.6847	27112	100.0000	43657	54.8205	0.9834
EST1241101101S1K	stools_12096102	na	EST1361007101S1K_k141_55499	1590441	874696	54.9971	873451	99.8577	861773	98.6630	1245	0.1423	862972	98.6596	17330	1.9813	5606	32.3485	4410	25.4472	6644	38.3381	6220	35.8915	27112	79.9793	33786	63.8223	0.9885
EST1241101101S1K	stools_12101102	na	EST1361007101S1K_k141_55499	1590441	1258259	79.1138	1257160	99.9127	1241369	98.7439	1099	0.0873	1242439	98.7427	24155	1.9197	8335	34.5063	7284	30.1552	8428	34.8913	8334	34.5022	27112	79.9793	42310	51.7892	0.9834
EST1241101101S1K	stools_12117101	na	EST1361007101S1K_k141_55499	1590441	862177	54.2099	860693	99.8279	848997	98.6411	1484	0.1721	850429	98.6374	18072	2.0961	6324	34.9934	4914	27.1912	6440	35.6352	6653	36.8139	27112	79.9793	34136	64.0878	0.9886
EST1241101101S1K	stools_12118101	na	EST1361007101S1K_k141_55499	1590441	975536	61.3375	974428	99.8864	961558	98.6792	1108	0.1136	962631	98.6771	18793	1.9264	5888	31.3308	4822	25.6585	7346	39.0890	6530	34.7470	27112	79.9793	34404	62.4433	0.9881
EST1241101101S1K	stools_12118150	na	EST1361007101S1K_k141_55499	1590441	862081	54.2039	861418	99.9231	853480	99.0785	663	0.0769	854134	99.0782	14789	1.7155	6842	46.2641	6203	41.9433	4497	30.4077	4022	27.1959	27112	100.0000	33835	84.0372	0.9957
EST1241104101S1K	stools_11011101	na	NZ_CP049075.1	1754511	846962	48.2734	843953	99.6447	833215	98.7277	3009	0.3553	836170	98.7258	17523	2.0689	6731	38.4124	3808	21.7314	4954	28.2714	8354	47.6745	93863	85.4181	96400	67.1317	0.9639
EST1241104101S1K	stools_11036101	na	NZ_CP049075.1	1754511	651381	37.1261	649855	99.7657	642475	98.8644	1526	0.2343	643977	98.8633	10995	1.6880	3591	32.6603	2094	19.0450	3835	34.8795	4861	44.2110	93863	36.5309	73977	42.1036	0.9371
EST1241104101S1K	stools_11042501	na	NZ_CP049075.1	1754511	1358008	77.4009	1356515	99.8901	1347329	99.3228	1493	0.1099	1348788	99.3211	20523	1.5113	11303	55.0748	9895	48.2142	4949	24.1144	5664	27.5983	93863	88.3863	114886	72.4997	0.9738
EST1241104101S1K	stools_11055101	na	NZ_CP049075.1	1754511	937128	53.4125	936259	99.9073	924299	98.7226	869	0.0927	925131	98.7198	16708	1.7829	4711	28.1961	3882	23.2344	5493	32.8765	7327	43.8532	93863	8.3068	39270	19.7326	0.9326
EST1241104101S1K	stools_12096102	na	NZ_CP049075.1	1754511	917081	52.2699	916243	99.9086	904994	98.7723	838	0.0914	905795	98.7694	16079	1.7533	4793	29.8091	3999	24.8709	5344	33.2359	6787	42.2103	93863	19.9205	64235	51.0407	0.9305
EST1241104101S1K	stools_12117101	na	NZ_CP049075.1	1754511	880763	50.1999	879831	99.8942	868332	98.6930	932	0.1058	869224	98.6899	16905	1.9194	5366	31.7421	4487	26.5424	5131	30.3520	7357	43.5197	93863	19.9205	58118	55.4166	0.9339
EST1241104101S1K	stools_12118101	na	NZ_CP049075.1	1754511	988606	56.3465	987939	99.9325	975598	98.7508	667	0.0675	976229	98.7480	17299	1.7498	4922	28.4525	4302	24.8685	5767	33.3372	7273	42.0429	93863	57.1940	99533	68.2296	0.9492
EST1242101101S1K	stools_11001501	na	EST1361007101S1K_k141_55499	1590441	88705	5.5774	88698	99.9921	87573	98.7317	7	0.0079	87580	98.7318	1562	1.7609	437	27.9770	430	27.5288	515	32.9706	619	39.6287	23246	51.2432	29031	46.6949	0.9817
EST1242101101S1K	stools_11009101	na	EST1361007101S1K_k141_55499	1590441	394825	24.8249	394434	99.9010	389639	98.7843	391	0.0990	390021	98.7833	7259	1.8385	2455	33.8201	2073	28.5577	2308	31.7950	2844	39.1790	23246	100.0000	35313	52.2839	0.9921
EST1242101101S1K	stools_11009150	na	EST1361007101S1K_k141_55499	1590441	272262	17.1186	272181	99.9702	268966	98.8188	81	0.0298	269047	98.8192	4705	1.7281	1490	31.6684	1409	29.9469	1616	34.3464	1689	35.8980	23246	100.0000	26250	73.9162	0.9923
EST1242101101S1K	stools_11010101	na	EST1361007101S1K_k141_55499	1590441	355352	22.3430	355219	99.9626	350901	98.7844	133	0.0374	351031	98.7840	6217	1.7495	1896	30.4970	1766	28.4060	2148	34.5504	2315	37.2366	23246	48.7568	24361	45.6755	0.9923
EST1242101101S1K	stools_11011101	na	EST1361007101S1K_k141_55499	1590441	249637	15.6961	248731	99.6371	245975	98.8920	906	0.3629	246871	98.8920	4865	1.9488	2099	43.1449	1203	24.7276	1400	28.7770	2040	41.9322	23246	100.0000	21904	76.7896	0.9909
EST1242101101S1K	stools_11021101	na	EST1361007101S1K_k141_55499	1590441	131072	8.2412	131027	99.9657	129512	98.8437	45	0.0343	129555	98.8426	2245	1.7128	728	32.4276	685	30.5122	726	32.3385	837	37.2829	23246	48.7568	9053	100.0000	0.9910
EST1242101101S1K	stools_11022101	na	EST1361007101S1K_k141_55499	1590441	358974	22.5707	358874	99.9721	354421	98.7592	100	0.0279	354519	98.7590	6551	1.8249	2096	31.9951	1998	30.4992	2092	31.9341	2480	37.8568	23246	100.0000	31063	61.8002	0.9921
EST1242101101S1K	stools_11035101	na	EST1361007101S1K_k141_55499	1590441	375257	23.5945	374547	99.8108	369999	98.7857	710	0.1892	370700	98.7856	7238	1.9288	2681	37.0406	1980	27.3556	2148	29.6767	3132	43.2716	23246	48.7568	17889	43.5910	0.9854
EST1242101101S1K	stools_11036101	na	EST1361007101S1K_k141_55499	1590441	230527	14.4945	229871	99.7154	227404	98.9268	656	0.2846	228054	98.9272	3865	1.6766	1392	36.0155	743	19.2238	1512	39.1203	1467	37.9560	23246	51.2432	12958	60.4723	0.9854
EST1242101101S1K	stools_11055101	na	EST1361007101S1K_k141_55499	1590441	278116	17.4867	277971	99.9479	274723	98.8315	145	0.0521	274866	98.8314	4664	1.6770	1414	30.3173	1271	27.2513	1625	34.8413	1764	37.8216	23246	51.2432	21797	51.0575	0.9923
EST1242101101S1K	stools_11106501	na	EST1361007101S1K_k141_55499	1590441	117186	7.3681	117156	99.9744	115829	98.8673	30	0.0256	115857	98.8659	1906	1.6265	577	30.2728	549	28.8038	735	38.5624	629	33.0010	23246	0.0000	0	0.0000	0.9854
EST1242101101S1K	stools_11107101	na	EST1361007101S1K_k141_55499	1590441	368367	23.1613	368219	99.9598	364883	99.0940	148	0.0402	365026	99.0930	6058	1.6446	2717	44.8498	2574	42.4893	1591	26.2628	1915	31.6111	23246	100.0000	38847	55.4226	0.9989
EST1242101101S1K	stools_12089102	na	EST1361007101S1K_k141_55499	1590441	280048	17.6082	279841	99.9261	276410	98.7739	207	0.0739	276613	98.7734	4995	1.7836	1560	31.2312	1357	27.1672	1618	32.3924	2036	40.7608	23246	100.0000	22393	100.0000	0.9995
EST1242101101S1K	stools_12091101	na	EST1361007101S1K_k141_55499	1590441	347176	21.8289	346892	99.9182	342314	98.6803	284	0.0818	342594	98.6802	6653	1.9163	2071	31.1288	1791	26.9202	2073	31.1589	2768	41.6053	23246	48.7568	29751	35.0240	0.9919
EST1242101101S1K	stools_12091150	na	EST1361007101S1K_k141_55499	1590441	365824	23.0014	365408	99.8863	360857	98.7545	416	0.1137	361271	98.7554	6833	1.8678	2280	33.3675	1866	27.3086	2124	31.0844	2846	41.6508	23246	48.7568	29767	34.9111	0.9919
EST1242101101S1K	stools_12095102	na	EST1361007101S1K_k141_55499	1590441	319683	20.1003	319611	99.9775	315691	98.7735	72	0.0225	315761	98.7732	5620	1.7580	1698	30.2135	1628	28.9680	1811	32.2242	2198	39.1103	23246	100.0000	43657	41.7528	0.9920
EST1242101101S1K	stools_12096102	na	EST1361007101S1K_k141_55499	1590441	234184	14.7245	234070	99.9513	230975	98.6777	114	0.0487	231087	98.6775	4238	1.8097	1141	26.9231	1029	24.2803	1491	35.1817	1743	41.1279	23246	100.0000	33786	63.8223	0.9989
EST1242101101S1K	stools_12101102	na	EST1361007101S1K_k141_55499	1590441	371860	23.3809	371773	99.9766	367113	98.7465	87	0.0234	367191	98.7444	6618	1.7797	1949	29.4500	1871	28.2714	2271	34.3155	2505	37.8513	23246	100.0000	42310	51.7892	0.9991
EST1242101101S1K	stools_12117101	na	EST1361007101S1K_k141_55499	1590441	209491	13.1719	209327	99.9217	206478	98.6390	164	0.0783	206638	98.6381	4089	1.9519	1236	30.2274	1076	26.3145	1257	30.7410	1779	43.5070	23246	100.0000	34136	64.0878	0.9991
EST1242101101S1K	stools_12118101	na	EST1361007101S1K_k141_55499	1590441	260647	16.3883	260581	99.9747	257176	98.6933	66	0.0253	257241	98.6933	4571	1.7537	1165	25.4868	1100	24.0648	1649	36.0753	1835	40.1444	23246	100.0000	34404	62.4433	0.9989
EST1242101101S1K	stools_12118150	na	EST1361007101S1K_k141_55499	1590441	273564	17.2005	273520	99.9839	270145	98.7661	44	0.0161	270188	98.7659	4765	1.7418	1389	29.1501	1346	28.2476	1685	35.3620	1754	36.8101	23246	100.0000	33835	66.4962	0.9993
EST1242103101S1K	stools_11001501	na	EST1361007101S1K_k141_55499	1590441	230099	14.4676	230028	99.9691	227239	98.7875	71	0.0309	227309	98.7875	4094	1.7792	1304	31.8515	1234	30.1417	1338	32.6820	1528	37.3229	28021	61.9857	29031	100.0000	0.9889
EST1242103101S1K	stools_11009101	na	EST1361007101S1K_k141_55499	1590441	1140178	71.6894	1138577	99.8596	1124772	98.7875	1601	0.1404	1126341	98.7864	22075	1.9361	8238	37.3182	6675	30.2378	6973	31.5878	8287	37.5402	28021	79.1014	35313	52.2839	0.9896
EST1242103101S1K	stools_11009150	na	EST1361007101S1K_k141_55499	1590441	706906	44.4472	706610	99.9581	698032	98.7860	296	0.0419	698323	98.7858	12909	1.8261	4326	33.5115	4037	31.2728	4289	33.2249	4608	35.6960	28021	79.1014	26250	73.9162	0.9902
EST1242103101S1K	stools_11010101	na	EST1361007101S1K_k141_55499	1590441	984779	61.9186	984266	99.9479	972372	98.7916	513	0.0521	972880	98.7917	18038	1.8317	6139	34.0337	5635	31.2396	5989	33.2021	6445	35.7301	28021	38.0143	24361	45.6755	0.9836
EST1242103101S1K	stools_11011101	na	EST1361007101S1K_k141_55499	1590441	779006	48.9805	776560	99.6860	767165	98.7902	2446	0.3140	769574	98.7892	15551	1.9963	6119	39.3480	3714	23.8827	5270	33.8885	6100	39.2258	28021	79.1014	21904	76.7896	0.9929
EST1242103101S1K	stools_11021101	na	EST1361007101S1K_k141_55499	1590441	344414	21.6553	344233	99.9474	340179	98.8223	181	0.0526	340357	98.8221	6073	1.7633	2016	33.1961	1838	30.2651	2117	34.8592	2110	34.7439	28021	38.0143	9053	100.0000	0.9916
EST1242103101S1K	stools_11022101	na	EST1361007101S1K_k141_55499	1590441	1053059	66.2118	1052619	99.9582	1039690	98.7717	440	0.0418	1040120	98.7713	19655	1.8665	6716	34.1694	6287	31.9868	6388	32.5006	7027	35.7517	28021	79.1014	31063	61.8002	0.9900
EST1242103101S1K	stools_11031101	na	NZ_AP028392.1	1837018	390569	21.2610	389736	99.7867	386839	99.2567	833	0.2133	387669	99.2575	11172	2.8604	8272	74.0422	7454	66.7204	1824	16.3265	1402	12.5492	168762	39.7637	50293	100.0000	0.9514
EST1242103101S1K	stools_11031501	na	NZ_AP028392.1	1837018	440554	23.9820	438867	99.6171	435473	99.2266	1687	0.3829	437153	99.2280	12421	2.8194	9020	72.6190	7340	59.0935	2424	19.5153	1534	12.3501	168762	19.9364	34118	100.0000	0.9445
EST1242103101S1K	stools_11035101	na	EST1361007101S1K_k141_55499	1590441	1055837	66.3864	1053870	99.8137	1041383	98.8151	1967	0.1863	1043325	98.8150	20429	1.9349	7917	38.7537	5980	29.2721	6503	31.8322	7911	38.7244	28021	38.0143	17889	43.5910	0.9872
EST1242103101S1K	stools_11036101	na	EST1361007101S1K_k141_55499	1590441	617728	38.8400	616081	99.7334	609387	98.9135	1647	0.2666	611014	98.9131	10536	1.7056	3822	36.2756	2198	20.8618	4331	41.1067	3715	35.2601	28021	41.0870	12958	60.4723	0.9872
EST1242103101S1K	stools_11055101	na	EST1361007101S1K_k141_55499	1590441	831538	52.2835	830857	99.9181	821494	98.8731	681	0.0819	822162	98.8725	14462	1.7392	5086	35.1680	4418	30.5490	5111	35.3409	4927	34.0686	28021	61.9857	21797	76.2169	0.9895
EST1242103101S1K	stools_11106501	na	EST1361007101S1K_k141_55499	1590441	294129	18.4935	294032	99.9670	290804	98.9022	97	0.0330	290901	98.9025	4859	1.6520	1631	33.5666	1534	31.5703	1846	37.9914	1503	30.9323	28021	0.0000	0	0.0000	0.9861
EST1242103101S1K	stools_11107101	na	EST1361007101S1K_k141_55499	1590441	1080356	67.9281	1079665	99.9360	1065878	98.7230	691	0.0640	1066547	98.7218	20636	1.9101	6827	33.0830	6161	29.8556	6966	33.7565	7550	36.5865	28021	100.0000	38847	69.4725	0.9950
EST1242103101S1K	stools_12089102	na	EST1361007101S1K_k141_55499	1590441	726043	45.6504	725473	99.9215	716721	98.7936	570	0.0785	717286	98.7939	13132	1.8087	4375	33.3156	3810	29.0131	4488	34.1761	4856	36.9784	28021	79.1014	22393	100.0000	0.9960
EST1242103101S1K	stools_12091101	na	EST1361007101S1K_k141_55499	1590441	1033127	64.9585	1032276	99.9176	1018835	98.6979	851	0.0824	1019671	98.6975	20228	1.9579	6772	33.4783	5941	29.3702	6572	32.4896	7713	38.1303	28021	58.9130	29751	54.3746	0.9838
EST1242103101S1K	stools_12091150	na	EST1361007101S1K_k141_55499	1590441	1026309	64.5298	1025107	99.8829	1012356	98.7561	1202	0.1171	1013546	98.7564	19698	1.9193	6935	35.2066	5745	29.1654	6332	32.1454	7687	39.0243	28021	58.9130	29767	54.0935	0.9837
EST1242103101S1K	stools_12095102	na	EST1361007101S1K_k141_55499	1590441	852151	53.5795	851830	99.9623	841554	98.7937	321	0.0377	841866	98.7931	15326	1.7985	5041	32.8918	4729	30.8561	5193	33.8836	5448	35.5474	28021	100.0000	43657	54.8205	0.9833
EST1242103101S1K	stools_12096102	na	EST1361007101S1K_k141_55499	1590441	693739	43.6193	693278	99.9335	684455	98.7274	461	0.0665	684906	98.7268	12617	1.8187	3784	29.9913	3333	26.4167	4649	36.8471	4678	37.0770	28021	79.1014	33786	63.8223	0.9913
EST1242103101S1K	stools_12101102	na	EST1361007101S1K_k141_55499	1590441	1029523	64.7319	1029125	99.9613	1016402	98.7637	398	0.0387	1016794	98.7636	18781	1.8242	6052	32.2241	5662	30.1475	6446	34.3219	6721	35.7862	28021	79.1014	42310	51.7892	0.9830
EST1242103101S1K	stools_12117101	na	EST1361007101S1K_k141_55499	1590441	671934	42.2483	671375	99.9168	662844	98.7293	559	0.0832	663391	98.7286	12750	1.8975	4207	32.9961	3660	28.7059	4282	33.5843	4851	38.0471	28021	79.1014	34136	64.0878	0.9914
EST1242103101S1K	stools_12118101	na	EST1361007101S1K_k141_55499	1590441	774344	48.6874	774007	99.9565	764248	98.7392	337	0.0435	764576	98.7385	13736	1.7739	3968	28.8876	3640	26.4997	5156	37.5364	4962	36.1241	28021	79.1014	34404	62.4433	0.9876
EST1242103101S1K	stools_12118150	na	EST1361007101S1K_k141_55499	1590441	719378	45.2314	719140	99.9669	712789	99.1169	238	0.0331	713026	99.1170	11591	1.6113	5239	45.1989	5002	43.1542	3414	29.4539	3193	27.5472	28021	100.0000	33835	84.0372	0.9960
EST1242207101S1K	stools_11001501	na	EST1361007101S1K_k141_55499	1590441	165450	10.4028	165431	99.9885	163408	98.7771	19	0.0115	163427	98.7773	2875	1.7377	852	29.6348	833	28.9739	957	33.2870	1096	38.1217	40146	47.9824	29031	100.0000	0.9814
EST1242207101S1K	stools_11009101	na	EST1361007101S1K_k141_55499	1590441	746921	46.9631	746121	99.8929	737043	98.7833	800	0.1071	737823	98.7819	13934	1.8655	4836	34.7065	4057	29.1158	4442	31.8789	5401	38.7613	40146	77.8135	35313	71.4977	0.9905
EST1242207101S1K	stools_11009150	na	EST1361007101S1K_k141_55499	1590441	499566	31.4105	499469	99.9806	493313	98.7675	97	0.0194	493407	98.7671	8944	1.7904	2785	31.1382	2691	30.0872	2960	33.0948	3333	37.2652	40146	77.8135	26250	100.0000	0.9911
EST1242207101S1K	stools_11010101	na	EST1361007101S1K_k141_55499	1590441	670304	42.1458	670086	99.9675	662070	98.8037	218	0.0325	662285	98.8037	11913	1.7773	3894	32.6870	3679	30.8822	4028	33.8118	4261	35.7676	40146	52.0176	24361	79.0444	0.9866
EST1242207101S1K	stools_11011101	na	EST1361007101S1K_k141_55499	1590441	484378	30.4556	482874	99.6895	477270	98.8394	1504	0.3105	478758	98.8397	9419	1.9446	3799	40.3334	2311	24.5355	3038	32.2540	3769	40.0149	40146	58.9523	21904	76.7896	0.9852
EST1242207101S1K	stools_11021101	na	EST1361007101S1K_k141_55499	1590441	238320	14.9845	238228	99.9614	235531	98.8679	92	0.0386	235620	98.8671	4070	1.7078	1370	33.6609	1281	31.4742	1366	33.5627	1437	35.3071	40146	29.8311	9053	100.0000	0.9851
EST1242207101S1K	stools_11022101	na	EST1361007101S1K_k141_55499	1590441	690460	43.4131	690294	99.9760	681691	98.7537	166	0.0240	681855	98.7537	12608	1.8260	4003	31.7497	3839	30.4489	4129	32.7490	4694	37.2303	40146	77.8135	31063	83.6397	0.9909
EST1242207101S1K	stools_11035101	na	EST1361007101S1K_k141_55499	1590441	708328	44.5366	707087	99.8248	698935	98.8471	1241	0.1752	700163	98.8473	13252	1.8709	5087	38.3867	3859	29.1201	4097	30.9161	5306	40.0392	40146	29.8311	17889	43.5910	0.9796
EST1242207101S1K	stools_11036101	na	EST1361007101S1K_k141_55499	1590441	428421	26.9372	427302	99.7388	422631	98.9069	1119	0.2612	423738	98.9069	7253	1.6930	2570	35.4336	1463	20.1710	2879	39.6939	2703	37.2673	40146	29.1212	12958	60.4723	0.9796
EST1242207101S1K	stools_11055101	na	EST1361007101S1K_k141_55499	1590441	527233	33.1501	526981	99.9522	520738	98.8153	252	0.0478	520986	98.8151	8963	1.7000	2716	30.3024	2468	27.5354	3278	36.5726	3250	36.2602	40146	29.1212	21797	51.0575	0.9816
EST1242207101S1K	stools_11106501	na	EST1361007101S1K_k141_55499	1590441	209692	13.1845	209651	99.9804	207197	98.8295	41	0.0196	207238	98.8297	3463	1.6515	1009	29.1366	968	27.9526	1374	39.6766	1139	32.8906	40146	0.0000	0	0.0000	0.9795
EST1242207101S1K	stools_11107101	na	EST1361007101S1K_k141_55499	1590441	698673	43.9295	698401	99.9611	689919	98.7855	272	0.0389	690186	98.7853	12693	1.8167	4206	33.1364	3939	31.0329	4182	32.9473	4616	36.3665	40146	77.8135	38847	72.9014	0.9924
EST1242207101S1K	stools_12089102	na	EST1361007101S1K_k141_55499	1590441	515115	32.3882	514787	99.9363	508670	98.8117	328	0.0637	508995	98.8119	9135	1.7734	3015	33.0049	2690	29.4472	3011	32.9611	3489	38.1938	40146	58.9523	22393	100.0000	0.9887
EST1242207101S1K	stools_12091101	na	EST1361007101S1K_k141_55499	1590441	666354	41.8974	665956	99.9403	657715	98.7625	398	0.0597	658108	98.7625	12516	1.8783	4270	34.1163	3877	30.9764	3814	30.4730	4834	38.6226	40146	48.6923	29751	57.4132	0.9773
EST1242207101S1K	stools_12091150	na	EST1361007101S1K_k141_55499	1590441	693974	43.6341	693250	99.8957	684763	98.7758	724	0.1043	685478	98.7757	13136	1.8929	4640	35.3228	3925	29.8797	3951	30.0776	5319	40.4918	40146	48.6923	29767	57.6141	0.9809
EST1242207101S1K	stools_12095102	na	EST1361007101S1K_k141_55499	1590441	592160	37.2324	592068	99.9845	585177	98.8361	92	0.0155	585266	98.8358	10188	1.7205	3294	32.3322	3205	31.4586	3348	32.8622	3685	36.1700	40146	81.1388	43657	57.2142	0.9806
EST1242207101S1K	stools_12096102	na	EST1361007101S1K_k141_55499	1590441	442776	27.8398	442565	99.9523	437094	98.7638	211	0.0477	437297	98.7626	7761	1.7528	2282	29.4034	2079	26.7878	2728	35.1501	3003	38.6935	40146	77.8135	33786	84.9701	0.9927
EST1242207101S1K	stools_12101102	na	EST1361007101S1K_k141_55499	1590441	698679	43.9299	698538	99.9798	690100	98.7920	141	0.0202	690237	98.7917	12316	1.7628	3874	31.4550	3737	30.3426	4193	34.0451	4470	36.2943	40146	100.0000	42310	87.7476	0.9980
EST1242207101S1K	stools_12117101	na	EST1361007101S1K_k141_55499	1590441	407282	25.6081	406968	99.9229	401835	98.7387	314	0.0771	402138	98.7370	7656	1.8798	2512	32.8109	2209	28.8532	2448	31.9749	3034	39.6290	40146	77.8135	34136	85.0744	0.9929
EST1242207101S1K	stools_12118101	na	EST1361007101S1K_k141_55499	1590441	493145	31.0068	493050	99.9807	486947	98.7622	95	0.0193	487035	98.7610	8469	1.7173	2359	27.8545	2271	26.8154	3049	36.0019	3198	37.7612	40146	77.8135	34404	83.3043	0.9926
EST1242207101S1K	stools_12118150	na	EST1361007101S1K_k141_55499	1590441	513160	32.2653	513102	99.9887	507090	98.8283	58	0.0113	507147	98.8282	8782	1.7114	2769	31.5304	2712	30.8813	3016	34.3430	3105	35.3564	40146	81.1388	33835	82.4590	0.9849
EST1242209101S1K	stools_11001501	na	EST1361007101S1K_k141_55499	1590441	231978	14.5858	231866	99.9517	229031	98.7773	112	0.0483	229141	98.7770	4235	1.8256	1398	33.0106	1288	30.4132	1434	33.8607	1513	35.7261	18312	66.2953	29031	100.0000	0.9817
EST1242209101S1K	stools_11006101	na	ESO1212705120S1K_k141_16	1917768	766103	39.9476	765465	99.9167	747288	97.6254	638	0.0833	747904	97.6245	25627	3.3451	7428	28.9851	6813	26.5852	8339	32.5399	10610	41.4016	8024	100.0000	49293	17.0957	0.9784
EST1242209101S1K	stools_11009101	na	EST1361007101S1K_k141_55499	1590441	1138110	71.5594	1136418	99.8513	1121973	98.7289	1692	0.1487	1123632	98.7279	22781	2.0017	8303	36.4470	6684	29.3402	7560	33.1855	8443	37.0616	18312	100.0000	35313	71.4977	0.9941
EST1242209101S1K	stools_11009150	na	EST1361007101S1K_k141_55499	1590441	707491	44.4840	707098	99.9445	698242	98.7476	393	0.0555	698628	98.7473	13302	1.8802	4439	33.3709	4066	30.5668	4666	35.0774	4575	34.3933	18312	100.0000	26250	100.0000	0.9935
EST1242209101S1K	stools_11010101	na	EST1361007101S1K_k141_55499	1590441	989859	62.2380	989203	99.9337	976853	98.7515	656	0.0663	977497	98.7511	18721	1.8913	6359	33.9672	5730	30.6073	6568	35.0836	6428	34.3358	18312	33.7047	24361	45.6755	0.9841
EST1242209101S1K	stools_11011101	na	EST1361007101S1K_k141_55499	1590441	775207	48.7416	772626	99.6671	763271	98.7892	2581	0.3329	765818	98.7888	15785	2.0362	6396	40.5195	3855	24.4219	5508	34.8939	5916	37.4786	18312	66.9506	21904	76.7896	0.9903
EST1242209101S1K	stools_11015101	na	ESO1212705120S1K_k141_16	1917768	1588059	82.8077	1572685	99.0319	1538899	97.8517	15374	0.9681	1553942	97.8517	62986	3.9662	28869	45.8340	13952	22.1510	15996	25.3961	30093	47.7773	8024	0.0000	28481	0.0000	0.9810
EST1242209101S1K	stools_11015501	na	ESO1212705120S1K_k141_16	1917768	1522927	79.4114	1511278	99.2351	1477966	97.7958	11649	0.7649	1489383	97.7974	58570	3.8459	25026	42.7284	13702	23.3942	15729	26.8550	27186	46.4163	8024	0.0000	34311	0.0000	0.9779
EST1242209101S1K	stools_11021101	na	EST1361007101S1K_k141_55499	1590441	347983	21.8797	347759	99.9356	343740	98.8443	224	0.0644	343958	98.8433	6270	1.8018	2245	35.8054	2027	32.3285	2213	35.2951	2009	32.0415	18312	33.7047	9053	100.0000	0.9943
EST1242209101S1K	stools_11022101	na	EST1361007101S1K_k141_55499	1590441	1052055	66.1486	1051513	99.9485	1037970	98.7120	542	0.0515	1038501	98.7117	20332	1.9326	6778	33.3366	6249	30.7348	7068	34.7629	7071	34.7777	18312	100.0000	31063	83.6397	0.9935
EST1242209101S1K	stools_11025101	na	ESO1212705120S1K_k141_16	1917768	1291943	67.3670	1290725	99.9057	1259360	97.5700	1218	0.0943	1260530	97.5685	44930	3.4777	13517	30.0846	12358	27.5050	13901	30.9392	18879	42.0187	8024	0.0000	65594	0.0000	0.9616
EST1242209101S1K	stools_11025102	na	ESO1212705120S1K_k141_16	1917768	1218668	63.5462	1217504	99.9045	1187836	97.5632	1164	0.0955	1188945	97.5610	42171	3.4604	12448	29.5179	11357	26.9308	13273	31.4742	17712	42.0004	8024	0.0000	61221	0.0000	0.9639
EST1242209101S1K	stools_11030150	na	ESO1212705120S1K_k141_16	1917768	1546156	80.6227	1543533	99.8304	1511764	97.9418	2623	0.1696	1514298	97.9395	48532	3.1389	16674	34.3567	14144	29.1437	15676	32.3003	18856	38.8527	8024	100.0000	13220	60.8775	0.9973
EST1242209101S1K	stools_11030501	na	ESO1212705120S1K_k141_16	1917768	1664366	86.7866	1661195	99.8095	1626232	97.8953	3171	0.1905	1629281	97.8920	53704	3.2267	18619	34.6697	15600	29.0481	17070	31.7853	21216	39.5054	8024	100.0000	13103	61.3524	0.9973
EST1242209101S1K	stools_11031101	na	ESO1212705120S1K_k141_16	1917768	1509708	78.7221	1507375	99.8455	1467393	97.3476	2333	0.1545	1469608	97.3439	57446	3.8051	17346	30.1953	15191	26.4440	16898	29.4155	25611	44.5827	8024	0.0000	13723	0.0000	0.9887
EST1242209101S1K	stools_11031150	na	ESO1212705120S1K_k141_16	1917768	1415806	73.8257	1413980	99.8710	1375284	97.2633	1826	0.1290	1377008	97.2597	55048	3.8881	16250	29.5197	14605	26.5314	16079	29.2091	24655	44.7882	8024	0.0000	18970	0.0000	0.9859
EST1242209101S1K	stools_11031501	na	ESO1212705120S1K_k141_16	1917768	1391339	72.5499	1389552	99.8716	1351326	97.2490	1787	0.1284	1353017	97.2457	54314	3.9037	15992	29.4436	14344	26.4094	15799	29.0883	24436	44.9902	8024	0.0000	13708	0.0000	0.9887
EST1242209101S1K	stools_11035101	na	ESO1212705120S1K_k141_16	1917768	1435161	74.8350	1432845	99.8386	1393514	97.2550	2316	0.1614	1395694	97.2500	56197	3.9157	16730	29.7703	14714	26.1829	16399	29.1813	25351	45.1109	8024	0.0000	13728	0.0000	0.9887
EST1242209101S1K	stools_11035101	na	EST1361007101S1K_k141_55499	1590441	1064009	66.9002	1061927	99.8043	1049048	98.7872	2082	0.1957	1051109	98.7876	21159	1.9886	8259	39.0330	6212	29.3587	7030	33.2246	7875	37.2182	18312	33.7047	17889	43.5910	0.9908
EST1242209101S1K	stools_11036101	na	EST1361007101S1K_k141_55499	1590441	616052	38.7347	614300	99.7156	607413	98.8789	1752	0.2844	609144	98.8787	10784	1.7505	3876	35.9421	2152	19.9555	4501	41.7378	3808	35.3116	18312	33.2460	12958	60.4723	0.9881
EST1242209101S1K	stools_11037101	na	ESO1212705120S1K_k141_16	1917768	1436220	74.8902	1434563	99.8846	1398649	97.4965	1657	0.1154	1400240	97.4948	51831	3.6088	15851	30.5821	14279	27.5492	16131	31.1223	21656	41.7819	8024	0.0000	53610	0.0000	0.9679
EST1242209101S1K	stools_11038501	na	ESO1212705120S1K_k141_16	1917768	1501591	78.2989	1499637	99.8699	1461203	97.4371	1954	0.1301	1463077	97.4351	54794	3.6491	16280	29.7113	14435	26.3441	16919	30.8775	23712	43.2748	8024	0.0000	22657	0.0000	0.9840
EST1242209101S1K	stools_11055101	na	EST1361007101S1K_k141_55499	1590441	823015	51.7476	822200	99.9010	811979	98.7569	815	0.0990	812775	98.7558	14974	1.8194	4734	31.6148	3939	26.3056	5857	39.1145	5177	34.5733	18312	33.2460	21797	51.0575	0.9824
EST1242209101S1K	stools_11055150	na	ESO1212705120S1K_k141_16	1917768	911417	47.5249	910202	99.8667	888183	97.5809	1215	0.1333	889361	97.5800	31585	3.4655	9529	30.1694	8352	26.4429	10143	32.1133	13237	41.9091	8024	0.0000	39382	0.0000	0.9753
EST1242209101S1K	stools_11106501	na	EST1361007101S1K_k141_55499	1590441	293695	18.4663	293511	99.9373	290030	98.8140	184	0.0627	290211	98.8137	5087	1.7321	1603	31.5117	1432	28.1502	2043	40.1612	1596	31.3741	18312	0.0000	0	0.0000	1.0000
EST1242209101S1K	stools_11107101	na	EST1361007101S1K_k141_55499	1590441	1077224	67.7312	1076369	99.9206	1062502	98.7117	855	0.0794	1063335	98.7107	20980	1.9476	7091	33.7989	6273	29.8999	7400	35.2717	7329	34.9333	18312	100.0000	38847	72.9014	0.9890
EST1242209101S1K	stools_12062150	na	ESO1212705120S1K_k141_16	1917768	1472719	76.7934	1470735	99.8653	1431587	97.3382	1984	0.1347	1433467	97.3347	55850	3.7923	16598	29.7189	14784	26.4709	16566	29.6616	24799	44.4029	8024	0.0000	23195	0.0000	0.9837
EST1242209101S1K	stools_12089102	na	EST1361007101S1K_k141_55499	1590441	730536	45.9329	729889	99.9114	720690	98.7397	647	0.0886	721330	98.7398	13771	1.8851	4565	33.1494	3925	28.5019	4890	35.5094	4976	36.1339	18312	66.9506	22393	100.0000	0.9897
EST1242209101S1K	stools_12091101	na	EST1361007101S1K_k141_55499	1590441	1040953	65.4506	1040000	99.9084	1026297	98.6824	953	0.0916	1027229	98.6816	20923	2.0100	7199	34.4071	6286	30.0435	6970	33.3126	7675	36.6821	18312	66.7540	29751	57.4132	0.9850
EST1242209101S1K	stools_12091150	na	EST1361007101S1K_k141_55499	1590441	1038448	65.2931	1037077	99.8680	1023954	98.7346	1371	0.1320	1025303	98.7342	20594	1.9832	7449	36.1707	6108	29.6591	6743	32.7425	7781	37.7828	18312	66.7540	29767	57.6141	0.9850
EST1242209101S1K	stools_12095102	na	EST1361007101S1K_k141_55499	1590441	857416	53.9106	856923	99.9425	846463	98.7794	493	0.0575	846945	98.7788	15819	1.8450	5348	33.8074	4866	30.7605	5597	35.3815	5364	33.9086	18312	66.9506	43657	41.7528	0.9713
EST1242209101S1K	stools_12096102	na	EST1361007101S1K_k141_55499	1590441	689899	43.3778	689354	99.9210	680534	98.7205	545	0.0790	681070	98.7202	12709	1.8422	3880	30.5295	3344	26.3121	4836	38.0518	4565	35.9194	18312	100.0000	33786	84.9701	0.9934
EST1242209101S1K	stools_12101102	na	EST1361007101S1K_k141_55499	1590441	1032681	64.9305	1032170	99.9505	1019091	98.7329	511	0.0495	1019590	98.7323	19399	1.8785	6308	32.5171	5819	29.9964	7012	36.1462	6614	34.0945	18312	100.0000	42310	68.7592	0.9847
EST1242209101S1K	stools_12117101	na	EST1361007101S1K_k141_55499	1590441	664333	41.7704	663699	99.9046	655002	98.6896	634	0.0954	655626	98.6894	13012	1.9587	4305	33.0848	3681	28.2893	4573	35.1445	4794	36.8429	18312	100.0000	34136	85.0744	0.9932
EST1242209101S1K	stools_12118101	na	EST1361007101S1K_k141_55499	1590441	772449	48.5682	771967	99.9376	762204	98.7353	482	0.0624	762676	98.7348	13904	1.8000	4131	29.7109	3659	26.3162	5419	38.9744	4848	34.8677	18312	100.0000	34404	83.3043	0.9898
EST1242209101S1K	stools_12118150	na	EST1361007101S1K_k141_55499	1590441	717619	45.1208	717265	99.9507	708474	98.7744	354	0.0493	708820	98.7739	13164	1.8344	4365	33.1586	4020	30.5378	4755	36.1212	4390	33.3485	18312	66.9506	33835	66.4962	0.9825
EST1242209101S1K	stools_12120101	na	ESO1212705120S1K_k141_16	1917768	1512134	78.8486	1510129	99.8674	1467167	97.1551	2005	0.1326	1469037	97.1499	59594	3.9411	16497	27.6823	14672	24.6199	16397	27.5145	28767	48.2716	8024	0.0000	0	0.0000	0.9958
EST1242704101S1K	stools_11001501	na	EST1361007101S1K_k141_55499	1590441	216961	13.6416	216175	99.6377	213672	98.8421	786	0.3623	214452	98.8436	3890	1.7929	1381	35.5013	601	15.4499	1261	32.4165	1830	47.0437	0	0.0000	29031	0.0000	0.9817
EST1242704101S1K	stools_11009101	na	EST1361007101S1K_k141_55499	1590441	1111915	69.9124	1106522	99.5150	1094000	98.8683	5393	0.4850	1099310	98.8664	21718	1.9532	9113	41.9606	3856	17.7549	6788	31.2552	9894	45.5567	0	0.0000	35313	0.0000	0.9778
EST1242704101S1K	stools_11009150	na	EST1361007101S1K_k141_55499	1590441	669796	42.1139	667240	99.6184	660020	98.9179	2556	0.3816	662543	98.9171	12038	1.7973	4785	39.7491	2269	18.8486	3925	32.6051	5184	43.0636	0	0.0000	26250	0.0000	0.9835
EST1242704101S1K	stools_11010101	na	EST1361007101S1K_k141_55499	1590441	946208	59.4934	942426	99.6003	933171	99.0180	3782	0.3997	936934	99.0199	16441	1.7376	7167	43.5922	3428	20.8503	4928	29.9738	6740	40.9951	0	0.0000	24361	0.0000	0.9847
EST1242704101S1K	stools_11011101	na	NZ_CP049075.1	1754511	605074	34.4868	600945	99.3176	594954	99.0031	4129	0.6824	599047	99.0039	12497	2.0654	6470	51.7724	2509	20.0768	4074	32.5998	5098	40.7938	85166	78.7204	96400	63.7500	0.9650
EST1242704101S1K	stools_11011101	na	EST1361007101S1K_k141_55499	1590441	798956	50.2349	793712	99.3436	785683	98.9884	5244	0.6564	790872	98.9882	15813	1.9792	7729	48.8775	2727	17.2453	4828	30.5318	7264	45.9369	0	0.0000	21904	0.0000	0.9862
EST1242704101S1K	stools_11021101	na	EST1361007101S1K_k141_55499	1590441	333995	21.0002	332698	99.6117	329146	98.9324	1297	0.3883	330430	98.9326	5962	1.7851	2397	40.2046	1121	18.8024	2027	33.9987	2504	41.9993	0	0.0000	9053	0.0000	0.9943
EST1242704101S1K	stools_11022101	na	EST1361007101S1K_k141_55499	1590441	1021637	64.2361	1017729	99.6175	1006274	98.8745	3908	0.3825	1010131	98.8738	18919	1.8518	7413	39.1828	3560	18.8171	6158	32.5493	8194	43.3110	0	0.0000	31063	0.0000	0.9805
EST1242704101S1K	stools_11035101	na	EST1361007101S1K_k141_55499	1590441	1011651	63.6082	1006390	99.4800	995301	98.8981	5261	0.5200	1000509	98.8986	19558	1.9333	8416	43.0310	3234	16.5354	6253	31.9716	9143	46.7481	0	0.0000	17889	0.0000	0.9888
EST1242704101S1K	stools_11036101	na	NZ_CP049075.1	1754511	534429	30.4603	531195	99.3949	526667	99.1476	3234	0.6051	529889	99.1505	9445	1.7673	4905	51.9322	1800	19.0577	3634	38.4754	3256	34.4733	85166	78.7204	73977	85.2657	0.9798
EST1242704101S1K	stools_11036101	na	EST1361007101S1K_k141_55499	1590441	650862	40.9234	646711	99.3622	641509	99.1956	4151	0.6378	645630	99.1961	11021	1.6933	5789	52.5270	1834	16.6410	4121	37.3923	4264	38.6898	0	0.0000	12958	0.0000	0.9919
EST1242704101S1K	stools_11042501	na	NZ_CP049075.1	1754511	929567	52.9815	925563	99.5693	915763	98.9412	4004	0.4307	919730	98.9418	16813	1.8087	6976	41.4917	3025	17.9920	7145	42.4969	5919	35.2049	85166	85.3240	114886	64.1549	0.9656
EST1242704101S1K	stools_11055101	na	NZ_CP049075.1	1754511	743685	42.3870	740203	99.5318	732466	98.9547	3482	0.4682	735913	98.9549	14048	1.8890	6276	44.6754	2883	20.5225	5059	36.0122	5303	37.7491	85166	43.7346	39270	100.0000	0.9708
EST1242704101S1K	stools_11055101	na	EST1361007101S1K_k141_55499	1590441	869807	54.6897	865937	99.5551	856904	98.9569	3870	0.4449	860721	98.9554	15790	1.8153	6704	42.4573	2903	18.3851	5624	35.6175	6388	40.4560	0	0.0000	21797	0.0000	0.9863
EST1242704101S1K	stools_11106501	na	EST1361007101S1K_k141_55499	1590441	292758	18.4073	291662	99.6256	289923	99.4038	1096	0.3744	291009	99.4026	4092	1.3977	2343	57.2581	1257	30.7185	1350	32.9912	1159	28.3236	0	0.0000	0	0.0000	1.0000
EST1242704101S1K	stools_11107101	na	EST1361007101S1K_k141_55499	1590441	1051195	66.0946	1046907	99.5921	1034801	98.8436	4288	0.4079	1039016	98.8414	19925	1.8955	7746	38.8758	3537	17.7516	6565	32.9486	8849	44.4115	0	0.0000	38847	0.0000	0.9756
EST1242704101S1K	stools_12089102	na	EST1361007101S1K_k141_55499	1590441	683466	42.9734	680714	99.5973	673347	98.9178	2752	0.4027	676073	98.9183	12253	1.7928	4860	39.6638	2135	17.4243	4050	33.0531	5468	44.6258	0	0.0000	22393	0.0000	0.9859
EST1242704101S1K	stools_12091101	na	EST1361007101S1K_k141_55499	1590441	1022571	64.2948	1018170	99.5696	1005795	98.7846	4401	0.4304	1010133	98.7837	20125	1.9681	7687	38.1963	3370	16.7453	6295	31.2795	9442	46.9168	0	0.0000	29751	0.0000	0.9813
EST1242704101S1K	stools_12091150	na	EST1361007101S1K_k141_55499	1590441	991857	62.3636	987350	99.5456	975955	98.8459	4507	0.4544	980401	98.8450	19083	1.9240	7627	39.9675	3186	16.6955	5934	31.0957	9029	47.3144	0	0.0000	29767	0.0000	0.9813
EST1242704101S1K	stools_12095102	na	EST1361007101S1K_k141_55499	1590441	806344	50.6994	803271	99.6189	794469	98.9042	3073	0.3811	797507	98.9041	14413	1.7875	5576	38.6873	2540	17.6230	4905	34.0318	6233	43.2457	0	0.0000	43657	0.0000	0.9726
EST1242704101S1K	stools_12096102	na	NZ_CP049075.1	1754511	709424	40.4343	706311	99.5612	698697	98.9220	3113	0.4388	701780	98.9225	13305	1.8755	5661	42.5479	2608	19.6017	4872	36.6178	5102	38.3465	85166	43.7346	64235	65.7928	0.9561
EST1242704101S1K	stools_12096102	na	EST1361007101S1K_k141_55499	1590441	712400	44.7926	709405	99.5796	701563	98.8946	2995	0.4204	704513	98.8929	13069	1.8345	5182	39.6511	2234	17.0939	4655	35.6186	5489	42.0002	0	0.0000	33786	0.0000	0.9788
EST1242704101S1K	stools_12101102	na	EST1361007101S1K_k141_55499	1590441	978895	61.5487	975195	99.6220	964257	98.8784	3700	0.3780	967900	98.8768	17652	1.8033	6657	37.7124	3018	17.0972	6045	34.2454	7711	43.6834	0	0.0000	42310	0.0000	0.9734
EST1242704101S1K	stools_12117101	na	NZ_CP049075.1	1754511	652498	37.1897	649621	99.5591	641904	98.8121	2877	0.4409	644747	98.8121	13309	2.0397	5558	41.7612	2750	20.6627	4442	33.3759	5430	40.7995	85166	43.7346	58118	62.7775	0.9534
EST1242704101S1K	stools_12117101	na	EST1361007101S1K_k141_55499	1590441	677570	42.6026	674696	99.5758	666592	98.7989	2874	0.4242	669419	98.7970	13287	1.9610	5136	38.6543	2315	17.4230	4381	32.9721	5917	44.5322	0	0.0000	34136	0.0000	0.9785
EST1242704101S1K	stools_12118101	na	NZ_CP049075.1	1754511	732013	41.7218	729108	99.6031	721621	98.9731	2905	0.3969	724495	98.9730	13163	1.7982	5645	42.8854	2797	21.2490	5023	38.1600	4682	35.5694	85166	43.7346	99533	42.3910	0.9358
EST1242704101S1K	stools_12118101	na	EST1361007101S1K_k141_55499	1590441	790859	49.7258	787800	99.6132	779074	98.8924	3059	0.3868	782094	98.8917	14214	1.7973	5449	38.3354	2439	17.1591	5143	36.1826	5864	41.2551	0	0.0000	34404	0.0000	0.9784
EST1242704101S1K	stools_12118150	na	EST1361007101S1K_k141_55499	1590441	675016	42.4421	672494	99.6264	665524	98.9636	2522	0.3736	668016	98.9630	11662	1.7277	4662	39.9760	2171	18.6160	4068	34.8825	4775	40.9449	0	0.0000	33835	0.0000	0.9787
EST1242801101S1K	stools_11001501	na	EST1361007101S1K_k141_55499	1590441	268901	16.9073	268713	99.9301	265252	98.7120	188	0.0699	265439	98.7125	5211	1.9379	1749	33.5636	1562	29.9751	1855	35.5978	1786	34.2737	16063	0.0000	29031	0.0000	0.9817
EST1242801101S1K	stools_11009101	na	EST1361007101S1K_k141_55499	1590441	1357354	85.3445	1354901	99.8193	1337467	98.7133	2453	0.1807	1339877	98.7124	27989	2.0620	10512	37.5576	8143	29.0936	9592	34.2706	10001	35.7319	16063	66.4322	35313	21.7370	0.9772
EST1242801101S1K	stools_11009150	na	EST1361007101S1K_k141_55499	1590441	825771	51.9209	825137	99.9232	814712	98.7366	634	0.0768	815341	98.7369	15852	1.9197	5422	34.2039	4806	30.3179	5706	35.9955	5351	33.7560	16063	66.4322	26250	31.8629	0.9872
EST1242801101S1K	stools_11010101	na	EST1361007101S1K_k141_55499	1590441	1187882	74.6888	1186808	99.9096	1176664	99.1453	1074	0.0904	1177727	99.1451	20814	1.7522	10659	51.2107	9621	46.2237	5829	28.0052	5278	25.3579	16063	100.0000	24361	79.0444	0.9947
EST1242801101S1K	stools_11011101	na	EST1361007101S1K_k141_55499	1590441	952782	59.9068	949362	99.6411	937430	98.7432	3420	0.3589	940807	98.7432	20053	2.1047	8078	40.2832	4721	23.5426	7133	35.5707	7517	37.4857	16063	66.4322	21904	40.4401	0.9872
EST1242801101S1K	stools_11021101	na	EST1361007101S1K_k141_55499	1590441	404349	25.4237	404003	99.9144	399111	98.7891	346	0.0856	399454	98.7894	7533	1.8630	2638	35.0192	2295	30.4659	2738	36.3467	2491	33.0678	16063	66.4322	9053	100.0000	0.9989
EST1242801101S1K	stools_11022101	na	EST1361007101S1K_k141_55499	1590441	1259886	79.2161	1258839	99.9169	1242468	98.6995	1047	0.0831	1243499	98.6993	24964	1.9814	8577	34.3575	7556	30.2676	8939	35.8076	8489	34.0050	16063	66.4322	31063	27.0386	0.9808
EST1242801101S1K	stools_11035101	na	EST1361007101S1K_k141_55499	1590441	1252671	78.7625	1249898	99.7786	1234512	98.7690	2773	0.2214	1237254	98.7693	25508	2.0363	10091	39.5601	7367	28.8811	8697	34.0952	9371	36.7375	16063	66.4322	17889	43.5910	0.9884
EST1242801101S1K	stools_11036101	na	EST1361007101S1K_k141_55499	1590441	723526	45.4922	721290	99.6910	712828	98.8268	2236	0.3090	715041	98.8273	13462	1.8606	4977	36.9707	2769	20.5690	5868	43.5894	4422	32.8480	16063	0.0000	12958	0.0000	0.9818
EST1242801101S1K	stools_11055101	na	EST1361007101S1K_k141_55499	1590441	987174	62.0692	985961	99.8771	973193	98.7050	1213	0.1229	974375	98.7035	18823	1.9068	6024	32.0034	4851	25.7717	7506	39.8767	6449	34.2613	16063	0.0000	21797	0.0000	0.9762
EST1242801101S1K	stools_11106501	na	EST1361007101S1K_k141_55499	1590441	343591	21.6035	343310	99.9182	339040	98.7562	281	0.0818	339317	98.7561	6243	1.8170	1969	31.5393	1699	27.2145	2572	41.1981	1964	31.4592	16063	0.0000	0	0.0000	0.9933
EST1242801101S1K	stools_11107101	na	EST1361007101S1K_k141_55499	1590441	1295924	81.4821	1294534	99.8927	1277778	98.7056	1390	0.1073	1279144	98.7052	26057	2.0107	9277	35.6027	7951	30.5139	9247	35.4876	8842	33.9333	16063	66.4322	38847	27.4178	0.9787
EST1242801101S1K	stools_12089102	na	EST1361007101S1K_k141_55499	1590441	848087	53.3240	847121	99.8861	836515	98.7480	966	0.1139	837477	98.7489	16248	1.9158	5638	34.6997	4679	28.7974	5858	36.0537	5710	35.1428	16063	66.4322	22393	49.0019	0.9926
EST1242801101S1K	stools_12091101	na	EST1361007101S1K_k141_55499	1590441	1268778	79.7752	1267206	99.8761	1250937	98.7162	1572	0.1239	1252494	98.7166	26010	2.0500	9726	37.3933	8196	31.5110	8639	33.2141	9117	35.0519	16063	66.4322	29751	35.0240	0.9842
EST1242801101S1K	stools_12091150	na	EST1361007101S1K_k141_55499	1590441	1243533	78.1879	1241600	99.8446	1226117	98.7530	1933	0.1554	1228027	98.7531	25186	2.0254	9680	38.4341	7795	30.9497	8268	32.8278	9136	36.2741	16063	66.4322	29767	34.9111	0.9841
EST1242801101S1K	stools_12095102	na	EST1361007101S1K_k141_55499	1590441	1012034	63.6323	1011222	99.9198	999306	98.8216	812	0.0802	1000101	98.8209	18925	1.8700	6992	36.9458	6209	32.8085	6566	34.6948	6160	32.5495	16063	100.0000	43657	42.6369	0.9791
EST1242801101S1K	stools_12096102	na	EST1361007101S1K_k141_55499	1590441	835707	52.5456	834799	99.8913	824362	98.7498	908	0.1087	825251	98.7488	15821	1.8931	5365	33.9106	4490	28.3800	5967	37.7157	5436	34.3594	16063	66.4322	33786	30.7613	0.9816
EST1242801101S1K	stools_12101102	na	EST1361007101S1K_k141_55499	1590441	1217781	76.5688	1216860	99.9244	1202301	98.8036	921	0.0756	1203209	98.8034	23021	1.8904	8449	36.7013	7553	32.8092	7976	34.6466	7520	32.6658	16063	100.0000	42310	44.3489	0.9832
EST1242801101S1K	stools_12117101	na	EST1361007101S1K_k141_55499	1590441	820595	51.5954	819568	99.8748	809374	98.7562	1027	0.1252	810382	98.7554	16169	1.9704	5956	36.8359	4966	30.7131	5528	34.1889	5713	35.3330	16063	66.4322	34136	31.5239	0.9817
EST1242801101S1K	stools_12118101	na	EST1361007101S1K_k141_55499	1590441	932630	58.6397	931845	99.9158	920412	98.7731	785	0.0842	921184	98.7727	17048	1.8279	5602	32.8602	4849	28.4432	6572	38.5500	5664	33.2238	16063	66.4322	34404	30.1215	0.9812
EST1242801101S1K	stools_12118150	na	EST1361007101S1K_k141_55499	1590441	830673	52.2291	830025	99.9220	819842	98.7732	648	0.0780	820477	98.7726	15540	1.8708	5344	34.3887	4725	30.4054	5836	37.5547	4978	32.0335	16063	100.0000	33835	48.3878	0.9868
EST1242802101S1K	stools_11001501	na	EST1361007101S1K_k141_55499	1590441	176743	11.1128	176542	99.8863	174362	98.7652	201	0.1137	174562	98.7660	3166	1.7913	985	31.1118	785	24.7947	1062	33.5439	1294	40.8718	21270	50.8087	29031	100.0000	0.9817
EST1242802101S1K	stools_11009101	na	EST1361007101S1K_k141_55499	1590441	940704	59.1474	938644	99.7810	927066	98.7665	2060	0.2190	929091	98.7655	18133	1.9276	6520	35.9565	4514	24.8938	5782	31.8866	7539	41.5761	21270	72.7080	35313	52.2839	0.9802
EST1242802101S1K	stools_11009150	na	EST1361007101S1K_k141_55499	1590441	555476	34.9259	554738	99.8671	548112	98.8056	738	0.1329	548841	98.8055	10022	1.8042	3387	33.7956	2658	26.5217	3343	33.3566	3893	38.8445	21270	72.7080	26250	73.9162	0.9835
EST1242802101S1K	stools_11010101	na	EST1361007101S1K_k141_55499	1590441	795934	50.0449	794848	99.8636	785129	98.7773	1086	0.1364	786205	98.7777	14443	1.8146	4714	32.6386	3638	25.1887	4913	34.0165	5706	39.5070	21270	49.1913	24361	45.6755	0.9875
EST1242802101S1K	stools_11011101	na	NZ_CP049075.1	1754511	604004	34.4258	601355	99.5614	594558	98.8697	2649	0.4386	597168	98.8682	12167	2.0144	5331	43.8152	2788	22.9144	3766	30.9526	5103	41.9413	77991	83.2891	96400	67.1317	0.9667
EST1242802101S1K	stools_11011101	na	EST1361007101S1K_k141_55499	1590441	717647	45.1225	714700	99.5894	706699	98.8805	2947	0.4106	709611	98.8802	14059	1.9590	6023	42.8409	3160	22.4767	4431	31.5172	5949	42.3145	21270	72.7080	21904	76.7896	0.9902
EST1242802101S1K	stools_11021101	na	EST1361007101S1K_k141_55499	1590441	276930	17.4122	276597	99.8798	273381	98.8373	333	0.1202	273709	98.8369	4801	1.7337	1580	32.9098	1253	26.0987	1655	34.4720	1841	38.3462	21270	49.1913	9053	100.0000	0.9987
EST1242802101S1K	stools_11022101	na	EST1361007101S1K_k141_55499	1590441	878507	55.2367	877405	99.8746	866716	98.7817	1102	0.1254	867807	98.7820	16098	1.8324	5398	33.5321	4325	26.8667	5272	32.7494	6325	39.2906	21270	72.7080	31063	61.8002	0.9835
EST1242802101S1K	stools_11035101	na	EST1361007101S1K_k141_55499	1590441	860431	54.1002	858225	99.7436	847990	98.8074	2206	0.2564	850175	98.8080	16323	1.8971	6067	37.1684	3888	23.8192	5292	32.4205	6940	42.5167	21270	49.1913	17889	43.5910	0.9851
EST1242802101S1K	stools_11036101	na	NZ_CP049075.1	1754511	484170	27.5957	482455	99.6458	477705	99.0155	1715	0.3542	479411	99.0171	8336	1.7217	3577	42.9103	1910	22.9127	3077	36.9122	3013	36.1444	77991	38.3801	73977	42.1036	0.9463
EST1242802101S1K	stools_11036101	na	EST1361007101S1K_k141_55499	1590441	541142	34.0247	539116	99.6256	533880	99.0288	2026	0.3744	535883	99.0282	9142	1.6894	3883	42.4743	1925	21.0567	3470	37.9567	3349	36.6331	21270	23.5167	12958	60.4723	0.9816
EST1242802101S1K	stools_11042501	na	NZ_CP049075.1	1754511	876520	49.9581	874766	99.7999	864343	98.8085	1754	0.2001	866075	98.8084	15520	1.7706	5075	32.6997	3346	21.5593	6430	41.4304	5532	35.6443	77991	76.7691	114886	67.3076	0.9564
EST1242802101S1K	stools_11055101	na	NZ_CP049075.1	1754511	708117	40.3598	706673	99.7961	699405	98.9715	1444	0.2039	700839	98.9722	12383	1.7487	5105	41.2259	3676	29.6859	4202	33.9336	4155	33.5541	77991	7.2714	39270	19.7326	0.9394
EST1242802101S1K	stools_11055101	na	EST1361007101S1K_k141_55499	1590441	760540	47.8194	759198	99.8235	750885	98.9050	1342	0.1765	752209	98.9046	13506	1.7758	5175	38.3163	3870	28.6539	4557	33.7406	4870	36.0580	21270	50.8087	21797	76.2169	0.9860
EST1242802101S1K	stools_11106501	na	EST1361007101S1K_k141_55499	1590441	233758	14.6977	233442	99.8648	230827	98.8798	316	0.1352	231136	98.8783	3918	1.6761	1296	33.0781	987	25.1914	1546	39.4589	1326	33.8438	21270	0.0000	0	0.0000	0.9934
EST1242802101S1K	stools_11107101	na	EST1361007101S1K_k141_55499	1590441	905564	56.9379	904189	99.8482	892611	98.7195	1375	0.1518	893965	98.7191	17085	1.8867	5486	32.1100	4146	24.2669	5877	34.3986	6873	40.2283	21270	100.0000	38847	69.4725	0.9883
EST1242802101S1K	stools_12089102	na	EST1361007101S1K_k141_55499	1590441	574142	36.0995	573206	99.8370	566325	98.7996	936	0.1630	567248	98.7993	10304	1.7947	3410	33.0939	2487	24.1363	3529	34.2488	4146	40.2368	21270	72.7080	22393	100.0000	0.9888
EST1242802101S1K	stools_12091101	na	EST1361007101S1K_k141_55499	1590441	869490	54.6697	868028	99.8319	856417	98.6624	1462	0.1681	857849	98.6612	16935	1.9477	5294	31.2607	3876	22.8875	5639	33.2979	7260	42.8698	21270	76.4833	29751	54.3746	0.9881
EST1242802101S1K	stools_12091150	na	EST1361007101S1K_k141_55499	1590441	839752	52.7999	838078	99.8007	827412	98.7273	1674	0.1993	829062	98.7270	16008	1.9063	5318	33.2209	3675	22.9573	5283	33.0022	6907	43.1472	21270	76.4833	29767	54.0935	0.9880
EST1242802101S1K	stools_12095102	na	EST1361007101S1K_k141_55499	1590441	684212	43.0203	683395	99.8806	675124	98.7897	817	0.1194	675930	98.7896	12091	1.7671	3809	31.5028	3004	24.8449	4109	33.9840	4816	39.8313	21270	100.0000	43657	54.8205	0.9825
EST1242802101S1K	stools_12096102	na	NZ_CP049075.1	1754511	659295	37.5771	658051	99.8113	650309	98.8235	1244	0.1887	651534	98.8228	11808	1.7910	4047	34.2734	2825	23.9245	4452	37.7033	4336	36.7209	77991	21.0627	64235	51.0407	0.9371
EST1242802101S1K	stools_12096102	na	EST1361007101S1K_k141_55499	1590441	630157	39.6215	629207	99.8492	621452	98.7675	950	0.1508	622381	98.7660	11492	1.8237	3716	32.3355	2789	24.2691	4092	35.6074	4474	38.9314	21270	72.7080	33786	63.8223	0.9846
EST1242802101S1K	stools_12101102	na	EST1361007101S1K_k141_55499	1590441	833414	52.4014	832407	99.8792	822027	98.7530	1007	0.1208	823020	98.7528	15045	1.8052	4651	30.9139	3658	24.3137	5276	35.0681	5950	39.5480	21270	72.7080	42310	51.7892	0.9762
EST1242802101S1K	stools_12117101	na	NZ_CP049075.1	1754511	618649	35.2605	617428	99.8026	609682	98.7454	1221	0.1974	610885	98.7450	11873	1.9192	4109	34.6079	2915	24.5515	4138	34.8522	4644	39.1140	77991	21.0627	58118	55.4166	0.9406
EST1242802101S1K	stools_12117101	na	EST1361007101S1K_k141_55499	1590441	613902	38.5995	612843	99.8275	604928	98.7085	1059	0.1725	605962	98.7066	11893	1.9373	3953	33.2380	2924	24.5859	3944	33.1624	4899	41.1923	21270	72.7080	34136	64.0878	0.9844
EST1242802101S1K	stools_12118101	na	NZ_CP049075.1	1754511	701403	39.9771	700237	99.8338	691940	98.8151	1166	0.1662	693085	98.8141	12357	1.7618	4039	32.6859	2912	23.5656	4762	38.5369	4498	36.4004	77991	52.1804	99533	68.2296	0.9438
EST1242802101S1K	stools_12118101	na	EST1361007101S1K_k141_55499	1590441	694946	43.6952	694075	99.8747	685475	98.7609	871	0.1253	686330	98.7602	12439	1.7899	3823	30.7340	2974	23.9087	4586	36.8679	4745	38.1462	21270	72.7080	34404	62.4433	0.9842
EST1242802101S1K	stools_12118150	na	EST1361007101S1K_k141_55499	1590441	561253	35.2891	560602	99.8840	555593	99.1065	651	0.1160	556236	99.1061	8986	1.6011	3969	44.1687	3327	37.0243	2747	30.5698	2775	30.8814	21270	100.0000	33835	84.0372	0.9888
EST1242804101S1K	stools_11001501	na	EST1361007101S1K_k141_55499	1590441	161251	10.1388	160936	99.8047	158999	98.7964	315	0.1953	159312	98.7975	2842	1.7625	903	31.7734	590	20.7600	984	34.6235	1200	42.2238	13053	0.0000	29031	0.0000	0.9817
EST1242804101S1K	stools_11009101	na	EST1361007101S1K_k141_55499	1590441	817669	51.4115	815326	99.7135	805569	98.8033	2343	0.2865	807882	98.8031	15288	1.8697	5501	35.9825	3202	20.9445	5144	33.6473	6570	42.9749	13053	39.1251	35313	14.3120	0.9790
EST1242804101S1K	stools_11009150	na	EST1361007101S1K_k141_55499	1590441	501877	31.5558	500817	99.7888	495013	98.8411	1060	0.2112	496067	98.8423	8798	1.7530	2988	33.9623	1934	21.9823	3131	35.5876	3537	40.2023	13053	0.0000	26250	0.0000	0.9785
EST1242804101S1K	stools_11010101	na	EST1361007101S1K_k141_55499	1590441	719748	45.2546	718241	99.7906	712211	99.1604	1507	0.2094	713708	99.1608	11541	1.6035	5501	47.6648	4015	34.7890	3409	29.5382	3734	32.3542	13053	100.0000	24361	54.3245	0.9928
EST1242804101S1K	stools_11011101	na	NZ_CP049075.1	1754511	557347	31.7665	554674	99.5204	548509	98.8885	2673	0.4796	551151	98.8883	11081	1.9882	4885	44.0845	2337	21.0902	3333	30.0785	4943	44.6079	77863	85.4270	96400	60.4927	0.9659
EST1242804101S1K	stools_11011101	na	EST1361007101S1K_k141_55499	1590441	600765	37.7735	597748	99.4978	591296	98.9206	3017	0.5022	594286	98.9215	11756	1.9568	5277	44.8877	2355	20.0323	3744	31.8476	5079	43.2035	13053	39.1251	21904	23.2104	0.9844
EST1242804101S1K	stools_11021101	na	EST1361007101S1K_k141_55499	1590441	254920	16.0283	254321	99.7650	251537	98.9053	599	0.2350	252132	98.9063	4423	1.7351	1635	36.9659	1040	23.5135	1606	36.3102	1677	37.9154	13053	0.0000	9053	0.0000	0.9943
EST1242804101S1K	stools_11022101	na	EST1361007101S1K_k141_55499	1590441	761883	47.9039	760378	99.8025	751164	98.7882	1505	0.1975	752654	98.7887	13759	1.8059	4530	32.9239	3040	22.0946	4829	35.0970	5626	40.8896	13053	39.1251	31063	16.3603	0.9786
EST1242804101S1K	stools_11035101	na	EST1361007101S1K_k141_55499	1590441	760833	47.8379	758216	99.6560	749700	98.8768	2617	0.3440	752294	98.8777	14118	1.8556	5579	39.5169	3002	21.2636	4625	32.7596	6133	43.4410	13053	39.1251	17889	28.3862	0.9901
EST1242804101S1K	stools_11036101	na	NZ_CP049075.1	1754511	492741	28.0842	490735	99.5929	486335	99.1034	2006	0.4071	488324	99.1036	8075	1.6388	3658	45.3003	1738	21.5232	2859	35.4056	3058	37.8700	77863	47.4629	73977	50.4184	0.9546
EST1242804101S1K	stools_11036101	na	EST1361007101S1K_k141_55499	1590441	506444	31.8430	504164	99.5498	499578	99.0904	2280	0.4502	501842	99.0913	8592	1.6965	3990	46.4385	1798	20.9264	3286	38.2449	3056	35.5680	13053	39.1251	12958	39.5277	0.9900
EST1242804101S1K	stools_11042501	na	NZ_CP049075.1	1754511	858785	48.9473	856601	99.7457	847019	98.8814	2184	0.2543	849169	98.8803	14887	1.7335	5271	35.4067	3129	21.0183	5940	39.9006	5552	37.2943	77863	93.1829	114886	64.8852	0.9704
EST1242804101S1K	stools_11055101	na	NZ_CP049075.1	1754511	667498	38.0447	665824	99.7492	658089	98.8383	1674	0.2508	659739	98.8376	12097	1.8123	4338	35.8601	2700	22.3196	4327	35.7692	4799	39.6710	77863	48.4017	39270	100.0000	0.9750
EST1242804101S1K	stools_11055101	na	EST1361007101S1K_k141_55499	1590441	648377	40.7671	646750	99.7491	639477	98.8755	1627	0.2509	641082	98.8749	11386	1.7561	4091	35.9301	2492	21.8865	4171	36.6327	4484	39.3817	13053	39.1251	21797	23.7831	0.9844
EST1242804101S1K	stools_11106501	na	EST1361007101S1K_k141_55499	1590441	214198	13.4678	213771	99.8007	211323	98.8548	427	0.1993	211748	98.8562	3618	1.6891	1168	32.2830	743	20.5362	1460	40.3538	1347	37.2305	13053	0.0000	0	0.0000	1.0000
EST1242804101S1K	stools_11107101	na	EST1361007101S1K_k141_55499	1590441	783214	49.2451	781455	99.7754	771770	98.7606	1759	0.2246	773504	98.7602	14531	1.8553	4821	33.1773	3090	21.2649	5039	34.6776	6108	42.0343	13053	39.1251	38847	13.0486	0.9736
EST1242804101S1K	stools_12089102	na	EST1361007101S1K_k141_55499	1590441	518820	32.6211	517514	99.7483	511476	98.8333	1306	0.2517	512771	98.8341	9276	1.7879	3227	34.7887	1932	20.8279	3246	34.9935	3882	41.8499	13053	0.0000	22393	0.0000	0.9809
EST1242804101S1K	stools_12091101	na	EST1361007101S1K_k141_55499	1590441	760650	47.8264	758805	99.7574	749364	98.7558	1845	0.2426	751194	98.7569	14447	1.8993	4991	34.5470	3167	21.9215	4700	32.5327	6272	43.4139	13053	0.0000	29751	0.0000	0.9731
EST1242804101S1K	stools_12091150	na	EST1361007101S1K_k141_55499	1590441	748512	47.0632	746424	99.7210	737453	98.7981	2088	0.2790	739520	98.7987	14117	1.8860	5125	36.3037	3059	21.6689	4583	32.4644	6197	43.8974	13053	0.0000	29767	0.0000	0.9731
EST1242804101S1K	stools_12095102	na	EST1361007101S1K_k141_55499	1590441	616493	38.7624	615207	99.7914	608120	98.8480	1286	0.2086	609388	98.8475	10825	1.7559	3720	34.3649	2452	22.6513	3730	34.4573	4381	40.4711	13053	100.0000	43657	27.3977	0.9739
EST1242804101S1K	stools_12096102	na	NZ_CP049075.1	1754511	637120	36.3133	635588	99.7595	628436	98.8747	1532	0.2405	629945	98.8738	11434	1.7946	4259	37.2486	2759	24.1298	4051	35.4294	4406	38.5342	77863	55.2188	64235	100.0000	0.9670
EST1242804101S1K	stools_12096102	na	EST1361007101S1K_k141_55499	1590441	546438	34.3576	545124	99.7595	539011	98.8786	1314	0.2405	540311	98.8787	9752	1.7846	3625	37.1719	2326	23.8515	3394	34.8031	3795	38.9151	13053	39.1251	33786	15.0299	0.9769
EST1242804101S1K	stools_12101102	na	EST1361007101S1K_k141_55499	1590441	740793	46.5778	739323	99.8016	730847	98.8535	1470	0.1984	732307	98.8545	12970	1.7508	4484	34.5721	3024	23.3153	4473	34.4873	5193	40.0386	13053	100.0000	42310	31.2408	0.9814
EST1242804101S1K	stools_12117101	na	NZ_CP049075.1	1754511	576448	32.8552	575100	99.7662	568038	98.7720	1348	0.2338	569358	98.7701	11093	1.9244	4003	36.0858	2694	24.2856	3601	32.4619	4620	41.6479	77863	55.2188	58118	100.0000	0.9642
EST1242804101S1K	stools_12117101	na	EST1361007101S1K_k141_55499	1590441	514635	32.3580	513443	99.7684	507317	98.8069	1192	0.2316	508495	98.8069	9616	1.8685	3476	36.1481	2301	23.9289	3054	31.7596	4049	42.1069	13053	39.1251	34136	14.9256	0.9767
EST1242804101S1K	stools_12118101	na	NZ_CP049075.1	1754511	683462	38.9546	681996	99.7855	674229	98.8611	1466	0.2145	675668	98.8596	12179	1.7820	4385	36.0046	2959	24.2959	4414	36.2427	4567	37.4990	77863	100.0000	99533	100.0000	0.9868
EST1242804101S1K	stools_12118101	na	EST1361007101S1K_k141_55499	1590441	606442	38.1304	605165	99.7894	598530	98.9036	1277	0.2106	599799	98.9046	10425	1.7190	3782	36.2782	2514	24.1151	3664	35.1463	3960	37.9856	13053	39.1251	34404	16.6957	0.9765
EST1242804101S1K	stools_12118150	na	EST1361007101S1K_k141_55499	1590441	509448	32.0319	508440	99.8021	502614	98.8541	1008	0.1979	503613	98.8546	8785	1.7244	2950	33.5800	1951	22.2083	3204	36.4713	3437	39.1235	13053	60.8749	33835	15.9628	0.9785
EST1242805101S1K	stools_11001501	na	EST1361007101S1K_k141_55499	1590441	262792	16.5232	262716	99.9711	259278	98.6914	76	0.0289	259354	98.6917	5008	1.9057	1570	31.3498	1494	29.8323	1733	34.6046	1800	35.9425	47166	50.3732	29031	100.0000	0.9888
EST1242805101S1K	stools_11009101	na	EST1361007101S1K_k141_55499	1590441	1281674	80.5861	1279986	99.8683	1264795	98.8132	1688	0.1317	1266444	98.8117	24935	1.9455	9705	38.9212	8095	32.4644	7973	31.9751	8806	35.3158	47166	71.8187	35313	85.6880	0.9858
EST1242805101S1K	stools_11009150	na	EST1361007101S1K_k141_55499	1590441	797849	50.1653	797536	99.9608	788289	98.8406	313	0.0392	788591	98.8396	14436	1.8094	5178	35.8687	4883	33.8252	4761	32.9800	4859	33.6589	47166	61.1161	26250	100.0000	0.9929
EST1242805101S1K	stools_11010101	na	EST1361007101S1K_k141_55499	1590441	1111383	69.8789	1110818	99.9492	1096612	98.7211	565	0.0508	1097164	98.7206	21117	1.9001	6898	32.6656	6363	30.1321	7414	35.1092	7443	35.2465	47166	38.9242	24361	79.0444	0.9779
EST1242805101S1K	stools_11011101	na	EST1361007101S1K_k141_55499	1590441	887811	55.8217	884878	99.6696	874006	98.7714	2933	0.3304	876901	98.7711	18158	2.0453	7248	39.9163	4360	24.0115	6304	34.7175	6914	38.0769	47166	45.9526	21904	76.7896	0.9775
EST1242805101S1K	stools_11021101	na	EST1361007101S1K_k141_55499	1590441	384884	24.1998	384704	99.9532	379918	98.7559	180	0.0468	380096	98.7560	7055	1.8330	2267	32.1332	2089	29.6102	2575	36.4989	2406	34.1035	47166	22.0349	9053	100.0000	0.9915
EST1242805101S1K	stools_11022101	na	EST1361007101S1K_k141_55499	1590441	1197200	75.2747	1196726	99.9604	1182261	98.7913	474	0.0396	1182715	98.7901	22654	1.8922	8169	36.0599	7718	34.0690	7508	33.1420	7562	33.3804	47166	61.1161	31063	83.6397	0.9828
EST1242805101S1K	stools_11035101	na	EST1361007101S1K_k141_55499	1590441	1196721	75.2446	1194498	99.8142	1179719	98.7627	2223	0.1858	1181910	98.7624	23927	1.9994	9116	38.0992	6932	28.9715	7897	33.0046	9117	38.1034	47166	32.7376	17889	71.6138	0.9749
EST1242805101S1K	stools_11036101	na	EST1361007101S1K_k141_55499	1590441	696877	43.8166	694916	99.7186	687147	98.8820	1961	0.2814	689076	98.8806	12387	1.7775	4586	37.0227	2657	21.4499	5113	41.2771	4244	34.2617	47166	23.9177	12958	60.4723	0.9751
EST1242805101S1K	stools_11055101	na	EST1361007101S1K_k141_55499	1590441	935061	58.7926	934350	99.9240	922473	98.7288	711	0.0760	923165	98.7278	17141	1.8331	5245	30.5991	4556	26.5795	6683	38.9884	5960	34.7704	47166	35.2097	21797	76.2169	0.9771
EST1242805101S1K	stools_11106501	na	EST1361007101S1K_k141_55499	1590441	329927	20.7444	329805	99.9630	325774	98.7778	122	0.0370	325895	98.7779	5786	1.7537	1754	30.3146	1640	28.3443	2340	40.4424	1822	31.4898	47166	0.0000	0	0.0000	0.9864
EST1242805101S1K	stools_11107101	na	EST1361007101S1K_k141_55499	1590441	1224934	77.0185	1224186	99.9389	1208279	98.7006	748	0.0611	1209000	98.6992	23883	1.9497	7949	33.2831	7243	30.3270	8359	34.9998	8376	35.0710	47166	72.4081	38847	86.9514	0.9876
EST1242805101S1K	stools_12089102	na	EST1361007101S1K_k141_55499	1590441	820088	51.5636	819486	99.9266	808950	98.7143	602	0.0734	809547	98.7147	15541	1.8950	5000	32.1730	4403	28.3315	5516	35.4932	5698	36.6643	47166	45.9526	22393	100.0000	0.9899
EST1242805101S1K	stools_12091101	na	EST1361007101S1K_k141_55499	1590441	1181608	74.2944	1180660	99.9198	1164432	98.6255	948	0.0802	1165349	98.6240	24121	2.0414	7862	32.5940	6961	28.8587	8070	33.4563	9183	38.0706	47166	48.4904	29751	76.7638	0.9791
EST1242805101S1K	stools_12091150	na	EST1361007101S1K_k141_55499	1590441	1171151	73.6369	1169791	99.8839	1154322	98.6776	1360	0.1161	1155656	98.6769	23507	2.0072	8012	34.0835	6689	28.4554	7749	32.9646	9218	39.2139	47166	48.4904	29767	76.7965	0.9791
EST1242805101S1K	stools_12095102	na	EST1361007101S1K_k141_55499	1590441	966473	60.7676	966112	99.9626	953882	98.7341	361	0.0374	954227	98.7329	17954	1.8577	5708	31.7924	5368	29.8986	6280	34.9783	6395	35.6188	47166	74.1339	43657	70.2820	0.9768
EST1242805101S1K	stools_12096102	na	EST1361007101S1K_k141_55499	1590441	785597	49.3949	785136	99.9413	774735	98.6753	461	0.0587	775181	98.6741	14679	1.8685	4263	29.0415	3817	26.0031	5578	37.9999	5375	36.6169	47166	61.1161	33786	84.9701	0.9846
EST1242805101S1K	stools_12101102	na	EST1361007101S1K_k141_55499	1590441	1168813	73.4899	1168376	99.9626	1153436	98.7213	437	0.0374	1153852	98.7200	22054	1.8869	7093	32.1620	6688	30.3256	7773	35.2453	7710	34.9596	47166	78.0053	42310	87.7476	0.9891
EST1242805101S1K	stools_12117101	na	EST1361007101S1K_k141_55499	1590441	765364	48.1228	764753	99.9202	754486	98.6575	611	0.0798	755078	98.6561	15091	1.9717	4805	31.8402	4213	27.9173	5224	34.6167	5730	37.9697	47166	61.1161	34136	85.0744	0.9842
EST1242805101S1K	stools_12118101	na	EST1361007101S1K_k141_55499	1590441	878974	55.2661	878641	99.9621	867140	98.6910	333	0.0379	867455	98.6895	15958	1.8155	4439	27.8168	4125	25.8491	6216	38.9522	5711	35.7877	47166	61.1161	34404	83.3043	0.9841
EST1242805101S1K	stools_12118150	na	EST1361007101S1K_k141_55499	1590441	807143	50.7496	806896	99.9694	796811	98.7501	247	0.0306	797052	98.7498	14857	1.8407	4766	32.0792	4525	30.4570	5439	36.6090	4966	33.4253	47166	74.1339	33835	100.0000	0.9875
EST1247101101S1K	stools_11001501	na	EST1361007101S1K_k141_55499	1590441	188249	11.8363	188188	99.9676	185855	98.7603	61	0.0324	185915	98.7602	3314	1.7604	980	29.5715	920	27.7610	1025	30.9294	1379	41.6113	29927	61.1956	29031	100.0000	0.9817
EST1247101101S1K	stools_11009101	na	EST1361007101S1K_k141_55499	1590441	923184	58.0458	921947	99.8660	910276	98.7341	1237	0.1340	911481	98.7323	17360	1.8804	5657	32.5864	4492	25.8756	5251	30.2477	7574	43.6290	29927	100.0000	35313	85.8098	0.9941
EST1247101101S1K	stools_11009150	na	EST1361007101S1K_k141_55499	1590441	570793	35.8890	570584	99.9634	563329	98.7285	209	0.0366	563534	98.7283	10230	1.7922	2971	29.0420	2780	27.1750	3284	32.1017	4217	41.2219	29927	80.7264	26250	100.0000	0.9937
EST1247101101S1K	stools_11010101	na	EST1361007101S1K_k141_55499	1590441	793402	49.8857	793003	99.9497	783247	98.7697	399	0.0503	783641	98.7697	14050	1.7709	4289	30.5267	3907	27.8078	4372	31.1174	5826	41.4662	29927	38.8044	24361	66.6311	0.9763
EST1247101101S1K	stools_11011101	na	EST1361007101S1K_k141_55499	1590441	631696	39.7183	629667	99.6788	622306	98.8310	2029	0.3212	624307	98.8303	12078	1.9120	4689	38.8227	2690	22.2719	3581	29.6489	5440	45.0406	29927	75.9047	21904	100.0000	0.9879
EST1247101101S1K	stools_11021101	na	EST1361007101S1K_k141_55499	1590441	282129	17.7390	281992	99.9514	278593	98.7946	137	0.0486	278728	98.7945	4840	1.7155	1439	29.7314	1304	26.9421	1608	33.2231	1940	40.0826	29927	19.5309	9053	100.0000	0.9873
EST1247101101S1K	stools_11022101	na	EST1361007101S1K_k141_55499	1590441	852444	53.5980	852094	99.9589	841179	98.7190	350	0.0411	841517	98.7182	15447	1.8121	4520	29.2613	4184	27.0862	4864	31.4883	6449	41.7492	29927	100.0000	31063	100.0000	0.9935
EST1247101101S1K	stools_11035101	na	EST1361007101S1K_k141_55499	1590441	854077	53.7006	852562	99.8226	842095	98.7723	1515	0.1774	843593	98.7725	15989	1.8721	5505	34.4299	4015	25.1110	4774	29.8580	7191	44.9747	29927	38.8044	17889	71.9772	0.9829
EST1247101101S1K	stools_11036101	na	EST1361007101S1K_k141_55499	1590441	498602	31.3499	497237	99.7262	492019	98.9506	1365	0.2738	493371	98.9509	8132	1.6310	2901	35.6739	1549	19.0482	3062	37.6537	3299	40.5681	29927	56.3738	12958	100.0000	0.9860
EST1247101101S1K	stools_11055101	na	EST1361007101S1K_k141_55499	1590441	668909	42.0581	668398	99.9236	660210	98.7750	511	0.0764	660708	98.7740	11437	1.7098	3236	28.2941	2739	23.9486	4056	35.4638	4680	40.9198	29927	56.3738	21797	74.8406	0.9880
EST1247101101S1K	stools_11106501	na	EST1361007101S1K_k141_55499	1590441	234268	14.7298	234182	99.9633	231445	98.8313	86	0.0367	231529	98.8308	3795	1.6199	1056	27.8261	973	25.6390	1419	37.3913	1404	36.9960	29927	0.0000	0	0.0000	0.9930
EST1247101101S1K	stools_11107101	na	EST1361007101S1K_k141_55499	1590441	876081	55.0842	875557	99.9402	866016	98.9103	524	0.0598	866527	98.9095	15168	1.7313	5614	37.0121	5126	33.7948	4216	27.7954	5896	38.8713	29927	100.0000	38847	85.9500	0.9928
EST1247101101S1K	stools_12089102	na	EST1361007101S1K_k141_55499	1590441	589512	37.0659	589051	99.9218	581745	98.7597	461	0.0782	582199	98.7595	10443	1.7715	3130	29.9722	2677	25.6344	3303	31.6288	4512	43.2060	29927	56.6311	22393	100.0000	0.9883
EST1247101101S1K	stools_12091101	na	EST1361007101S1K_k141_55499	1590441	835093	52.5070	834422	99.9196	823674	98.7119	671	0.0804	824329	98.7110	15602	1.8683	4838	31.0088	4199	26.9132	4624	29.6372	6793	43.5393	29927	43.6262	29751	57.4132	0.9777
EST1247101101S1K	stools_12091150	na	EST1361007101S1K_k141_55499	1590441	829538	52.1577	828626	99.8901	818276	98.7509	912	0.1099	819170	98.7501	15300	1.8444	4932	32.2353	4045	26.4379	4544	29.6993	6797	44.4248	29927	43.6262	29767	57.6141	0.9777
EST1247101101S1K	stools_12095102	na	EST1361007101S1K_k141_55499	1590441	688661	43.3000	688432	99.9667	679889	98.7591	229	0.0333	680111	98.7585	12080	1.7541	3530	29.2219	3309	27.3924	3844	31.8212	4978	41.2086	29927	75.9047	43657	53.6890	0.9721
EST1247101101S1K	stools_12096102	na	EST1361007101S1K_k141_55499	1590441	555570	34.9318	555243	99.9411	547978	98.6916	327	0.0589	548293	98.6902	9898	1.7816	2621	26.4801	2306	23.2976	3434	34.6939	4214	42.5743	29927	100.0000	33786	100.0000	0.9930
EST1247101101S1K	stools_12101102	na	EST1361007101S1K_k141_55499	1590441	828370	52.0843	828078	99.9648	817681	98.7444	292	0.0352	817966	98.7440	14607	1.7633	4203	28.7739	3927	26.8844	4663	31.9231	6085	41.6581	29927	100.0000	42310	81.0116	0.9875
EST1247101101S1K	stools_12117101	na	EST1361007101S1K_k141_55499	1590441	537199	33.7767	536779	99.9218	529612	98.6648	420	0.0782	530013	98.6623	10114	1.8827	2928	28.9500	2529	25.0049	3211	31.7481	4425	43.7512	29927	100.0000	34136	100.0000	0.9927
EST1247101101S1K	stools_12118101	na	EST1361007101S1K_k141_55499	1590441	619828	38.9721	619606	99.9642	611743	98.7310	222	0.0358	611959	98.7305	10592	1.7089	2723	25.7081	2507	23.6688	3766	35.5551	4354	41.1065	29927	100.0000	34404	100.0000	0.9959
EST1247101101S1K	stools_12118150	na	EST1361007101S1K_k141_55499	1590441	577954	36.3392	577754	99.9654	570833	98.8021	200	0.0346	571025	98.8011	9871	1.7079	2942	29.8045	2750	27.8594	3289	33.3198	3865	39.1551	29927	56.6311	33835	66.4962	0.9845
EST1247106101S1K	stools_11001501	na	EST1361007101S1K_k141_55499	1590441	256239	16.1112	256155	99.9672	252775	98.6805	84	0.0328	252858	98.6805	4872	1.9013	1491	30.6034	1408	28.8998	1618	33.2102	1856	38.0952	42149	55.8566	29031	100.0000	0.9817
EST1247106101S1K	stools_11009101	na	EST1361007101S1K_k141_55499	1590441	1349022	84.8206	1346849	99.8389	1328907	98.6679	2173	0.1611	1331017	98.6653	28471	2.1105	10466	36.7602	8391	29.4721	9453	33.2022	10535	37.0026	42149	68.0586	35313	71.4977	0.9828
EST1247106101S1K	stools_11009150	na	EST1361007101S1K_k141_55499	1590441	785131	49.3656	784869	99.9666	774781	98.7147	262	0.0334	775035	98.7141	15075	1.9201	4979	33.0282	4728	31.3632	5085	33.7313	5325	35.3234	42149	68.0586	26250	100.0000	0.9927
EST1247106101S1K	stools_11010101	na	EST1361007101S1K_k141_55499	1590441	1130698	71.0934	1130055	99.9431	1115465	98.7089	643	0.0569	1116086	98.7077	22028	1.9482	7416	33.6662	6804	30.8880	7629	34.6332	7658	34.7648	42149	44.1434	24361	79.0444	0.9809
EST1247106101S1K	stools_11011101	na	EST1361007101S1K_k141_55499	1590441	962561	60.5216	959282	99.6593	946870	98.7061	3279	0.3407	950091	98.7045	20525	2.1323	8055	39.2448	4852	23.6395	7353	35.8246	7716	37.5932	42149	50.4638	21904	76.7896	0.9807
EST1247106101S1K	stools_11021101	na	EST1361007101S1K_k141_55499	1590441	388777	24.4446	388522	99.9344	383888	98.8073	255	0.0656	384128	98.8042	7123	1.8322	2474	34.7326	2234	31.3632	2452	34.4237	2451	34.4097	42149	24.7455	9053	100.0000	0.9919
EST1247106101S1K	stools_11022101	na	EST1361007101S1K_k141_55499	1590441	1256812	79.0229	1256102	99.9435	1239482	98.6769	710	0.0565	1240164	98.6754	25211	2.0059	8563	33.9653	7890	31.2959	8614	34.1676	8783	34.8380	42149	68.0586	31063	83.6397	0.9861
EST1247106101S1K	stools_11035101	na	EST1361007101S1K_k141_55499	1590441	1228706	77.2557	1226510	99.8213	1211592	98.7837	2196	0.1787	1213756	98.7833	24871	2.0242	9921	39.8898	7771	31.2452	7916	31.8282	9152	36.7979	42149	24.7455	17889	43.5910	0.9719
EST1247106101S1K	stools_11036101	na	EST1361007101S1K_k141_55499	1590441	701296	44.0944	699273	99.7115	690949	98.8096	2023	0.2885	692943	98.8089	12992	1.8526	4639	35.7066	2648	20.3818	5485	42.2183	4477	34.4597	42149	25.7183	12958	60.4723	0.9751
EST1247106101S1K	stools_11055101	na	EST1361007101S1K_k141_55499	1590441	995319	62.5813	994227	99.8903	981039	98.6735	1092	0.1097	982086	98.6705	19312	1.9403	6079	31.4778	5058	26.1910	7523	38.9551	6742	34.9109	42149	38.2619	21797	76.2169	0.9799
EST1247106101S1K	stools_11106501	na	EST1361007101S1K_k141_55499	1590441	322914	20.3034	322818	99.9703	318761	98.7433	96	0.0297	318853	98.7424	5784	1.7912	1723	29.7891	1631	28.1985	2355	40.7158	1828	31.6044	42149	0.0000	0	0.0000	0.9866
EST1247106101S1K	stools_11107101	na	EST1361007101S1K_k141_55499	1590441	1298273	81.6297	1297157	99.9140	1279571	98.6443	1116	0.0860	1280638	98.6417	26694	2.0561	9059	33.9365	8043	30.1304	9289	34.7981	9420	35.2888	42149	80.6021	38847	86.9514	0.9908
EST1247106101S1K	stools_12089102	na	EST1361007101S1K_k141_55499	1590441	807486	50.7712	806896	99.9269	796731	98.7402	590	0.0731	797313	98.7402	15328	1.8982	5155	33.6313	4574	29.8408	5252	34.2641	5577	36.3844	42149	50.4638	22393	100.0000	0.9893
EST1247106101S1K	stools_12091101	na	EST1361007101S1K_k141_55499	1590441	1252991	78.7826	1251770	99.9026	1234396	98.6120	1221	0.0974	1235562	98.6090	26336	2.1019	8907	33.8206	7762	29.4730	8821	33.4941	9800	37.2114	42149	54.8839	29751	76.7638	0.9826
EST1247106101S1K	stools_12091150	na	EST1361007101S1K_k141_55499	1590441	1197580	75.2986	1196131	99.8790	1180393	98.6843	1449	0.1210	1181805	98.6828	24366	2.0346	8591	35.2581	7195	29.5289	7928	32.5371	9306	38.1926	42149	54.8839	29767	76.7965	0.9826
EST1247106101S1K	stools_12095102	na	EST1361007101S1K_k141_55499	1590441	958203	60.2476	957873	99.9656	946172	98.7784	330	0.0344	946492	98.7778	17788	1.8564	6077	34.1635	5785	32.5219	5937	33.3764	6123	34.4221	42149	82.4053	43657	70.2820	0.9773
EST1247106101S1K	stools_12096102	na	EST1361007101S1K_k141_55499	1590441	834471	52.4679	833695	99.9070	822503	98.6575	776	0.0930	823247	98.6550	16219	1.9436	4995	30.7972	4259	26.2593	6129	37.7890	5890	36.3154	42149	68.0586	33786	84.9701	0.9877
EST1247106101S1K	stools_12101102	na	EST1361007101S1K_k141_55499	1590441	1183954	74.4419	1183467	99.9589	1168412	98.7279	487	0.0411	1168884	98.7271	22745	1.9211	7675	33.7437	7206	31.6817	7798	34.2845	7823	34.3944	42149	87.4564	42310	87.7476	0.9921
EST1247106101S1K	stools_12117101	na	EST1361007101S1K_k141_55499	1590441	832167	52.3230	831168	99.8800	819806	98.6330	999	0.1200	820765	98.6298	17115	2.0567	5713	33.3801	4764	27.8352	6040	35.2907	6359	37.1545	42149	68.0586	34136	85.0744	0.9875
EST1247106101S1K	stools_12118101	na	EST1361007101S1K_k141_55499	1590441	932018	58.6012	931452	99.9393	918926	98.6552	566	0.0607	919462	98.6528	17749	1.9044	5193	29.2580	4669	26.3057	6801	38.3177	6342	35.7316	42149	68.0586	34404	83.3043	0.9873
EST1247106101S1K	stools_12118150	na	EST1361007101S1K_k141_55499	1590441	793206	49.8733	792940	99.9665	783285	98.7824	266	0.0335	783542	98.7817	14615	1.8425	4951	33.8762	4694	32.1177	5144	35.1967	4810	32.9114	42149	82.4053	33835	100.0000	0.9874
EST1247109101S1K	stools_11001501	na	EST1361007101S1K_k141_55499	1590441	190247	11.9619	190185	99.9674	187750	98.7197	62	0.0326	187810	98.7190	3361	1.7667	924	27.4918	864	25.7066	1157	34.4243	1369	40.7319	28947	63.4021	29031	100.0000	0.9887
EST1247109101S1K	stools_11009101	na	EST1361007101S1K_k141_55499	1590441	1012910	63.6874	1011338	99.8448	997496	98.6313	1572	0.1552	999031	98.6298	20303	2.0044	6424	31.6406	4900	24.1344	6915	34.0590	8475	41.7426	28947	100.0000	35313	71.4977	0.9908
EST1247109101S1K	stools_11009150	na	EST1361007101S1K_k141_55499	1590441	594143	37.3571	593868	99.9537	586017	98.6780	275	0.0463	586285	98.6774	10966	1.8457	3108	28.3421	2840	25.8982	3875	35.3365	4292	39.1392	28947	100.0000	26250	100.0000	0.9978
EST1247109101S1K	stools_11010101	na	EST1361007101S1K_k141_55499	1590441	854158	53.7057	853682	99.9443	843079	98.7580	476	0.0557	843545	98.7575	15429	1.8063	4816	31.2139	4351	28.2001	5322	34.4935	5822	37.7341	28947	36.5979	24361	45.6755	0.9797
EST1247109101S1K	stools_11011101	na	NZ_CP049075.1	1754511	721916	41.1463	719101	99.6101	710239	98.7676	2815	0.3899	712994	98.7641	15088	2.0900	6166	40.8669	3434	22.7598	4874	32.3038	6370	42.2190	139243	88.3815	96400	100.0000	0.9738
EST1247109101S1K	stools_11011101	na	EST1361007101S1K_k141_55499	1590441	761725	47.8939	759166	99.6641	749712	98.7547	2559	0.3359	752242	98.7551	15471	2.0310	5988	38.7047	3470	22.4291	5278	34.1154	6263	40.4822	28947	75.3619	21904	76.7896	0.9891
EST1247109101S1K	stools_11021101	na	EST1361007101S1K_k141_55499	1590441	295162	18.5585	295008	99.9478	291333	98.7543	154	0.0522	291483	98.7536	5194	1.7597	1515	29.1683	1373	26.4343	1934	37.2353	1901	36.5999	28947	36.5979	9053	100.0000	0.9917
EST1247109101S1K	stools_11022101	na	EST1361007101S1K_k141_55499	1590441	939596	59.0777	939125	99.9499	926372	98.6420	471	0.0501	926831	98.6414	17748	1.8889	4983	28.0764	4528	25.5127	6344	35.7449	6954	39.1819	28947	100.0000	31063	83.6397	0.9944
EST1247109101S1K	stools_11035101	na	EST1361007101S1K_k141_55499	1590441	924264	58.1137	922601	99.8201	911013	98.7440	1663	0.1799	912656	98.7441	17653	1.9100	6045	34.2435	4403	24.9419	6042	34.2265	7213	40.8599	28947	36.5979	17889	43.5910	0.9803
EST1247109101S1K	stools_11036101	na	NZ_CP049075.1	1754511	570859	32.5366	569402	99.7448	563135	98.8994	1457	0.2552	564571	98.8985	9945	1.7421	3657	36.7722	2235	22.4736	3662	36.8225	3829	38.5018	139243	66.7545	73977	100.0000	0.9589
EST1247109101S1K	stools_11036101	na	EST1361007101S1K_k141_55499	1590441	567646	35.6911	566022	99.7139	559526	98.8523	1624	0.2861	561123	98.8509	10121	1.7830	3598	35.5498	2001	19.7708	4134	40.8458	3696	36.5181	28947	38.7639	12958	60.4723	0.9834
EST1247109101S1K	stools_11042501	na	NZ_CP049075.1	1754511	1081800	61.6582	1080337	99.8648	1067257	98.7893	1463	0.1352	1068667	98.7860	19253	1.7797	6120	31.7873	4725	24.5416	7853	40.7884	6732	34.9660	139243	80.5843	114886	94.8079	0.9777
EST1247109101S1K	stools_11055101	na	NZ_CP049075.1	1754511	824687	47.0038	823583	99.8661	813059	98.7222	1104	0.1339	814126	98.7194	15490	1.8783	4929	31.8205	3897	25.1582	5646	36.4493	5917	38.1988	139243	30.4030	39270	100.0000	0.9417
EST1247109101S1K	stools_11055101	na	EST1361007101S1K_k141_55499	1590441	799991	50.2999	799165	99.8967	788684	98.6885	826	0.1033	789482	98.6864	14970	1.8713	4461	29.7996	3679	24.5758	5788	38.6640	5523	36.8938	28947	38.7639	21797	51.0575	0.9820
EST1247109101S1K	stools_11106501	na	EST1361007101S1K_k141_55499	1590441	248493	15.6242	248371	99.9509	245142	98.6999	122	0.0491	245260	98.6990	4398	1.7699	1165	26.4893	1047	23.8063	1845	41.9509	1536	34.9250	28947	0.0000	0	0.0000	0.9863
EST1247109101S1K	stools_11107101	na	EST1361007101S1K_k141_55499	1590441	970295	61.0079	969546	99.9228	957138	98.7202	749	0.0772	957864	98.7188	18353	1.8915	5922	32.2672	5207	28.3714	6313	34.3976	6909	37.6451	28947	100.0000	38847	72.9014	0.9924
EST1247109101S1K	stools_12089102	na	EST1361007101S1K_k141_55499	1590441	612131	38.4881	611703	99.9301	603894	98.7234	428	0.0699	604321	98.7241	11012	1.7990	3202	29.0774	2775	25.1998	3891	35.3342	4401	39.9655	28947	75.3619	22393	100.0000	0.9951
EST1247109101S1K	stools_12091101	na	EST1361007101S1K_k141_55499	1590441	932752	58.6474	931888	99.9074	919628	98.6844	864	0.0926	920471	98.6834	17955	1.9249	5674	31.6012	4835	26.9284	5951	33.1440	7189	40.0390	28947	61.2361	29751	57.4132	0.9844
EST1247109101S1K	stools_12091150	na	EST1361007101S1K_k141_55499	1590441	899343	56.5468	898234	99.8767	886978	98.7469	1109	0.1233	888063	98.7458	16959	1.8857	5679	33.4866	4594	27.0889	5500	32.4312	6929	40.8574	28947	61.2361	29767	57.6141	0.9843
EST1247109101S1K	stools_12095102	na	EST1361007101S1K_k141_55499	1590441	726916	45.7053	726629	99.9605	718001	98.8126	287	0.0395	718278	98.8117	12582	1.7309	3944	31.3464	3667	29.1448	4296	34.1440	4686	37.2437	28947	75.3619	43657	41.7528	0.9754
EST1247109101S1K	stools_12096102	na	NZ_CP049075.1	1754511	883275	50.3431	882224	99.8810	880931	99.8534	1051	0.1190	881975	99.8528	11705	1.3252	10405	88.8936	9435	80.6066	965	8.2443	1157	9.8847	139243	45.9671	64235	100.0000	0.9551
EST1247109101S1K	stools_12096102	na	EST1361007101S1K_k141_55499	1590441	773849	48.6563	773168	99.9120	772114	99.8637	681	0.0880	772794	99.8637	10170	1.3142	9115	89.6264	8462	83.2055	756	7.4336	851	8.3677	28947	100.0000	33786	84.9701	0.9966
EST1247109101S1K	stools_12101102	na	EST1361007101S1K_k141_55499	1590441	903015	56.7776	902628	99.9571	900856	99.8037	387	0.0429	901240	99.8034	11269	1.2479	9494	84.2488	9123	80.9566	1137	10.0896	1000	8.8739	28947	100.0000	42310	68.7592	0.9913
EST1247109101S1K	stools_12117101	na	NZ_CP049075.1	1754511	826073	47.0828	824923	99.8608	823621	99.8422	1150	0.1392	824761	99.8412	12095	1.4642	10783	89.1525	9738	80.5126	937	7.7470	1248	10.3183	139243	45.9671	58118	100.0000	0.9521
EST1247109101S1K	stools_12117101	na	EST1361007101S1K_k141_55499	1590441	744009	46.7800	743208	99.8923	742093	99.8500	801	0.1077	742892	99.8499	10631	1.4289	9514	89.4930	8764	82.4382	756	7.1113	1022	9.6134	28947	100.0000	34136	85.0744	0.9965
EST1247109101S1K	stools_12118101	na	NZ_CP049075.1	1754511	933226	53.1901	932353	99.9065	930525	99.8039	873	0.0935	931389	99.8032	12301	1.3181	10464	85.0663	9721	79.0261	1241	10.0886	1158	9.4139	139243	71.4456	99533	100.0000	0.9755
EST1247109101S1K	stools_12118101	na	EST1361007101S1K_k141_55499	1590441	839788	52.8022	839324	99.9447	837698	99.8063	464	0.0553	838161	99.8063	10978	1.3072	9351	85.1794	8925	81.2990	1143	10.4117	876	7.9796	28947	100.0000	34404	83.3043	0.9961
EST1247109101S1K	stools_12118150	na	EST1361007101S1K_k141_55499	1590441	599271	37.6795	599053	99.9636	591610	98.7575	218	0.0364	591822	98.7570	10464	1.7461	3015	28.8131	2803	26.7871	3827	36.5730	3902	37.2898	28947	75.3619	33835	66.4962	0.9878
EST1247203101S1K	stools_11001501	na	EST1361007101S1K_k141_55499	1590441	243003	15.2790	242827	99.9276	239805	98.7555	176	0.0724	239979	98.7556	4537	1.8671	1513	33.3480	1339	29.5129	1497	32.9954	1707	37.6240	32965	51.7579	29031	100.0000	0.9887
EST1247203101S1K	stools_11009101	na	EST1361007101S1K_k141_55499	1590441	1246602	78.3809	1244323	99.8172	1228564	98.7335	2279	0.1828	1230804	98.7327	25163	2.0185	9365	37.2173	7143	28.3869	8371	33.2671	9477	37.6624	32965	82.2539	35313	66.5959	0.9864
EST1247203101S1K	stools_11009150	na	EST1361007101S1K_k141_55499	1590441	755325	47.4915	754662	99.9122	745191	98.7450	663	0.0878	745847	98.7452	14355	1.9005	4877	33.9742	4224	29.4253	5054	35.2072	5085	35.4232	32965	66.8103	26250	73.9162	0.9902
EST1247203101S1K	stools_11010101	na	EST1361007101S1K_k141_55499	1590441	1070918	67.3347	1069905	99.9054	1056855	98.7803	1013	0.0946	1057854	98.7801	20256	1.8915	7192	35.5055	6202	30.6181	6953	34.3256	7117	35.1353	32965	48.2421	24361	66.6311	0.9838
EST1247203101S1K	stools_11011101	na	EST1361007101S1K_k141_55499	1590441	896070	56.3410	892684	99.6221	881866	98.7881	3386	0.3779	885212	98.7883	18433	2.0571	7575	41.0948	4254	23.0782	6321	34.2918	7270	39.4401	32965	82.2539	21904	100.0000	0.9929
EST1247203101S1K	stools_11021101	na	EST1361007101S1K_k141_55499	1590441	363274	22.8411	362926	99.9042	358874	98.8835	348	0.0958	359215	98.8827	6494	1.7876	2435	37.4962	2095	32.2605	2249	34.6320	2146	33.0459	32965	32.7984	9053	100.0000	0.9917
EST1247203101S1K	stools_11022101	na	EST1361007101S1K_k141_55499	1590441	1185333	74.5286	1184232	99.9071	1169133	98.7250	1101	0.0929	1170213	98.7244	23182	1.9557	8062	34.7770	6987	30.1398	7973	34.3931	8265	35.6527	32965	82.2539	31063	78.1605	0.9901
EST1247203101S1K	stools_11035101	na	EST1361007101S1K_k141_55499	1590441	1164014	73.1881	1161386	99.7742	1147192	98.7778	2628	0.2258	1149778	98.7770	23440	2.0137	9204	39.2662	6631	28.2892	7613	32.4787	9167	39.1084	32965	48.2421	17889	71.9772	0.9841
EST1247203101S1K	stools_11036101	na	EST1361007101S1K_k141_55499	1590441	670837	42.1793	668660	99.6755	661359	98.9081	2177	0.3245	663508	98.9075	11906	1.7748	4577	38.4428	2440	20.4939	4961	41.6681	4162	34.9572	32965	49.4555	12958	100.0000	0.9841
EST1247203101S1K	stools_11055101	na	EST1361007101S1K_k141_55499	1590441	922746	58.0182	921532	99.8684	909950	98.7432	1214	0.1316	911142	98.7424	17177	1.8615	5573	32.4445	4393	25.5749	6578	38.2954	6186	36.0133	32965	67.2016	21797	100.0000	0.9927
EST1247203101S1K	stools_11106501	na	EST1361007101S1K_k141_55499	1590441	310663	19.5331	310427	99.9240	306715	98.8042	236	0.0760	306949	98.8045	5528	1.7794	1814	32.8148	1580	28.5818	2198	39.7612	1770	32.0188	32965	0.0000	0	0.0000	0.9862
EST1247203101S1K	stools_11107101	na	EST1361007101S1K_k141_55499	1590441	1211463	76.1715	1210002	99.8794	1195025	98.7622	1461	0.1206	1196450	98.7608	23686	1.9552	8673	36.6166	7268	30.6848	8043	33.9568	8373	35.3500	32965	100.0000	38847	82.5212	0.9950
EST1247203101S1K	stools_12089102	na	EST1361007101S1K_k141_55499	1590441	778344	48.9389	777409	99.8799	767858	98.7714	935	0.1201	768782	98.7715	14725	1.8918	5163	35.0628	4241	28.8014	5057	34.3430	5448	36.9983	32965	66.8103	22393	100.0000	0.9960
EST1247203101S1K	stools_12091101	na	EST1361007101S1K_k141_55499	1590441	1170856	73.6183	1169263	99.8639	1154090	98.7023	1593	0.1361	1155647	98.7010	23667	2.0213	8458	35.7375	6918	29.2306	7668	32.3995	9019	38.1079	32965	50.5445	29751	54.3746	0.9807
EST1247203101S1K	stools_12091150	na	EST1361007101S1K_k141_55499	1590441	1138815	71.6037	1136996	99.8403	1122687	98.7415	1819	0.1597	1124481	98.7413	22658	1.9896	8324	36.7376	6539	28.8596	7308	32.2535	8820	38.9266	32965	50.5445	29767	54.0935	0.9806
EST1247203101S1K	stools_12095102	na	EST1361007101S1K_k141_55499	1590441	929467	58.4408	928632	99.9102	917261	98.7755	835	0.0898	918074	98.7742	17411	1.8732	6018	34.5644	5206	29.9006	6022	34.5873	6191	35.5580	32965	100.0000	43657	66.7568	0.9836
EST1247203101S1K	stools_12096102	na	EST1361007101S1K_k141_55499	1590441	777410	48.8802	776544	99.8886	766733	98.7366	866	0.1114	767582	98.7358	14428	1.8559	4600	31.8825	3751	25.9981	5392	37.3718	5310	36.8034	32965	82.2539	33786	78.8522	0.9914
EST1247203101S1K	stools_12101102	na	EST1361007101S1K_k141_55499	1590441	1123867	70.6639	1122909	99.9148	1108878	98.7505	958	0.0852	1109820	98.7501	21368	1.9013	7321	34.2615	6380	29.8577	7448	34.8559	7570	35.4268	32965	82.2539	42310	64.0416	0.9863
EST1247203101S1K	stools_12117101	na	EST1361007101S1K_k141_55499	1590441	770239	48.4293	769198	99.8648	759312	98.7148	1041	0.1352	760332	98.7138	15078	1.9576	5171	34.2950	4154	27.5501	5189	34.4144	5767	38.2478	32965	82.2539	34136	79.0134	0.9915
EST1247203101S1K	stools_12118101	na	EST1361007101S1K_k141_55499	1590441	865669	54.4295	864920	99.9135	854105	98.7496	749	0.0865	854841	98.7492	15613	1.8036	4785	30.6475	4051	25.9463	6000	38.4295	5573	35.6946	32965	82.2539	34404	79.1391	0.9909
EST1247203101S1K	stools_12118150	na	EST1361007101S1K_k141_55499	1590441	761797	47.8985	761238	99.9266	751926	98.7767	559	0.0734	752474	98.7762	14114	1.8527	4791	33.9450	4243	30.0623	5054	35.8084	4845	34.3276	32965	84.5563	33835	84.0372	0.9961
EST1247204101S1K	stools_11006101	na	ESO1212705120S1K_k141_16	1917768	681715	35.5473	681412	99.9556	664921	97.5799	303	0.0444	665206	97.5783	24609	3.6099	8100	32.9148	7817	31.7648	8892	36.1331	8052	32.7197	7653	100.0000	49293	16.7711	0.9782
EST1247204101S1K	stools_11015101	na	ESO1212705120S1K_k141_16	1917768	1425822	74.3480	1412019	99.0319	1380150	97.7430	13803	0.9681	1393657	97.7441	61634	4.3227	29469	47.8129	16124	26.1609	18999	30.8255	23161	37.5783	7653	100.0000	28481	26.9127	0.9891
EST1247204101S1K	stools_11015501	na	ESO1212705120S1K_k141_16	1917768	1377005	71.8025	1366671	99.2495	1335001	97.6827	10334	0.7505	1345107	97.6835	57869	4.2025	25971	44.8790	15974	27.6037	18595	32.1329	21076	36.4202	7653	100.0000	34311	22.4738	0.9860
EST1247204101S1K	stools_11025101	na	ESO1212705120S1K_k141_16	1917768	1170607	61.0401	1169902	99.9398	1140614	97.4965	705	0.0602	1141265	97.4934	44372	3.7905	15030	33.8727	14405	32.4642	15744	35.4818	14522	32.7278	7653	100.0000	65594	12.4524	0.9697
EST1247204101S1K	stools_11025102	na	ESO1212705120S1K_k141_16	1917768	1089530	56.8124	1088913	99.9434	1061761	97.5065	617	0.0566	1062337	97.5042	40891	3.7531	13698	33.4988	13130	32.1098	14752	36.0764	13293	32.5084	7653	100.0000	61221	12.5659	0.9720
EST1247204101S1K	stools_11030150	na	ESO1212705120S1K_k141_16	1917768	1306199	68.1104	1304394	99.8618	1270497	97.4013	1805	0.1382	1272206	97.3976	49839	3.8156	15846	31.7944	14149	28.3894	20488	41.1084	15582	31.2647	7653	0.0000	13220	0.0000	0.9891
EST1247204101S1K	stools_11030501	na	ESO1212705120S1K_k141_16	1917768	1408086	73.4232	1405792	99.8371	1368449	97.3436	2294	0.1629	1370617	97.3390	55262	3.9246	17793	32.1975	15652	28.3233	22326	40.4003	17728	32.0799	7653	0.0000	13103	0.0000	0.9892
EST1247204101S1K	stools_11031101	na	ESO1212705120S1K_k141_16	1917768	1431378	74.6377	1429585	99.8747	1418575	99.2298	1793	0.1253	1420345	99.2292	45886	3.2057	34853	75.9556	33384	72.7542	5991	13.0563	6325	13.7842	7653	100.0000	13723	55.7385	0.9968
EST1247204101S1K	stools_11031150	na	ESO1212705120S1K_k141_16	1917768	1374676	71.6810	1373292	99.8993	1362539	99.2170	1384	0.1007	1363898	99.2160	44683	3.2504	33905	75.8790	32883	73.5917	5839	13.0676	5712	12.7834	7653	100.0000	18970	40.5271	0.9941
EST1247204101S1K	stools_11031501	na	ESO1212705120S1K_k141_16	1917768	1358188	70.8213	1356859	99.9021	1346210	99.2152	1329	0.0979	1347519	99.2145	44255	3.2584	33586	75.8920	32633	73.7386	5761	13.0177	5698	12.8754	7653	100.0000	13708	55.7412	0.9968
EST1247204101S1K	stools_11035101	na	ESO1212705120S1K_k141_16	1917768	1389564	72.4574	1387620	99.8601	1375830	99.1503	1944	0.1399	1377733	99.1486	45891	3.3025	34060	74.2193	32567	70.9660	6526	14.2207	6498	14.1596	7653	100.0000	13728	55.8057	0.9968
EST1247204101S1K	stools_11037101	na	ESO1212705120S1K_k141_16	1917768	1304399	68.0165	1303282	99.9144	1268808	97.3548	1117	0.0856	1269849	97.3513	51961	3.9835	17411	33.5078	16406	31.5737	18872	36.3195	17037	32.7881	7653	100.0000	53610	14.2753	0.9759
EST1247204101S1K	stools_11038501	na	ESO1212705120S1K_k141_16	1917768	1398098	72.9024	1396629	99.8949	1373272	98.3276	1469	0.1051	1374685	98.3254	49074	3.5101	25661	52.2904	24324	49.5660	12856	26.1972	11884	24.2165	7653	100.0000	22657	34.1087	0.9921
EST1247204101S1K	stools_11055150	na	ESO1212705120S1K_k141_16	1917768	809519	42.2115	808676	99.8959	788066	97.4514	843	0.1041	788873	97.4496	30854	3.8114	10208	33.0849	9415	30.5147	11249	36.4588	10400	33.7071	7653	100.0000	39382	19.9507	0.9834
EST1247204101S1K	stools_12062150	na	ESO1212705120S1K_k141_16	1917768	1406643	73.3479	1405042	99.8862	1392887	99.1349	1601	0.1138	1394457	99.1337	45370	3.2254	33184	73.1408	31919	70.3527	6640	14.6352	6654	14.6661	7653	100.0000	23195	33.0890	0.9919
EST1247204101S1K	stools_12120101	na	ESO1212705120S1K_k141_16	1917768	1345514	70.1604	1343923	99.8818	1304497	97.0663	1591	0.1182	1305952	97.0597	58492	4.3472	18930	32.3634	17549	30.0024	19847	33.9311	21619	36.9606	7653	0.0000	0	0.0000	0.9960
EST1247206101S1K	stools_11001501	na	EST1361007101S1K_k141_55499	1590441	230857	14.5153	230802	99.9762	227615	98.6192	55	0.0238	227666	98.6178	4653	2.0155	1462	31.4206	1411	30.3245	1650	35.4610	1621	34.8377	23150	0.0000	29031	0.0000	0.9817
EST1247206101S1K	stools_11009101	na	EST1361007101S1K_k141_55499	1590441	1251373	78.6809	1249512	99.8513	1232649	98.6504	1861	0.1487	1234466	98.6489	26553	2.1219	9646	36.3273	7849	29.5597	9153	34.4707	9456	35.6118	23150	66.7127	35313	36.0490	0.9791
EST1247206101S1K	stools_11009150	na	EST1361007101S1K_k141_55499	1590441	718912	45.2021	718691	99.9693	709274	98.6897	221	0.0307	709489	98.6893	14123	1.9645	4700	33.2790	4486	31.7638	5043	35.7077	4670	33.0666	23150	44.7775	26250	31.8629	0.9823
EST1247206101S1K	stools_11010101	na	EST1361007101S1K_k141_55499	1590441	1071938	67.3988	1071386	99.9485	1061423	99.0701	552	0.0515	1061957	99.0689	19362	1.8063	9381	48.4506	8859	45.7546	5477	28.2874	5085	26.2628	23150	100.0000	24361	100.0000	0.9992
EST1247206101S1K	stools_11011101	na	EST1361007101S1K_k141_55499	1590441	925505	58.1917	922544	99.6801	910353	98.6785	2961	0.3199	913263	98.6773	19818	2.1413	7576	38.2279	4675	23.5897	7288	36.7746	7294	36.8049	23150	66.7127	21904	63.6505	0.9891
EST1247206101S1K	stools_11021101	na	EST1361007101S1K_k141_55499	1590441	356461	22.4127	356303	99.9557	351790	98.7334	158	0.0443	351943	98.7325	6741	1.8911	2223	32.9773	2070	30.7076	2447	36.3003	2241	33.2443	23150	44.7775	9053	100.0000	0.9987
EST1247206101S1K	stools_11022101	na	EST1361007101S1K_k141_55499	1590441	1180011	74.1939	1179428	99.9506	1163333	98.6354	583	0.0494	1163885	98.6334	24105	2.0428	7979	33.1010	7434	30.8401	8675	35.9884	8120	33.6860	23150	66.7127	31063	43.3989	0.9823
EST1247206101S1K	stools_11035101	na	EST1361007101S1K_k141_55499	1590441	1146977	72.1169	1144950	99.8233	1130365	98.7261	2027	0.1767	1132360	98.7256	23899	2.0837	9282	38.8384	7296	30.5285	8017	33.5453	8565	35.8383	23150	66.7127	17889	71.9772	0.9903
EST1247206101S1K	stools_11036101	na	EST1361007101S1K_k141_55499	1590441	647920	40.7384	646245	99.7415	638130	98.7443	1675	0.2585	639778	98.7434	12275	1.8945	4133	33.6701	2488	20.2688	5473	44.5866	4005	32.6273	23150	21.9352	12958	39.5277	0.9805
EST1247206101S1K	stools_11055101	na	EST1361007101S1K_k141_55499	1590441	931114	58.5444	930217	99.9037	917614	98.6452	897	0.0963	918470	98.6421	18295	1.9649	5651	30.8882	4800	26.2367	7333	40.0820	6219	33.9929	23150	21.9352	21797	23.7831	0.9780
EST1247206101S1K	stools_11106501	na	EST1361007101S1K_k141_55499	1590441	298292	18.7553	298213	99.9735	294291	98.6848	79	0.0265	294366	98.6838	5525	1.8522	1599	28.9412	1524	27.5837	2330	42.1719	1698	30.7330	23150	0.0000	0	0.0000	0.9935
EST1247206101S1K	stools_11107101	na	EST1361007101S1K_k141_55499	1590441	1219731	76.6914	1218819	99.9252	1201914	98.6130	912	0.0748	1202785	98.6107	25418	2.0839	8472	33.3307	7646	30.0810	9179	36.1122	8706	34.2513	23150	66.7127	38847	40.4664	0.9802
EST1247206101S1K	stools_12089102	na	EST1361007101S1K_k141_55499	1590441	745143	46.8513	744644	99.9330	735042	98.7105	499	0.0670	735531	98.7100	14490	1.9446	4878	33.6646	4389	30.2899	5201	35.8937	5005	34.5411	23150	44.7775	22393	49.0019	0.9875
EST1247206101S1K	stools_12091101	na	EST1361007101S1K_k141_55499	1590441	1202138	75.5852	1201025	99.9074	1184339	98.6107	1113	0.0926	1185414	98.6088	25646	2.1334	8922	34.7891	7863	30.6598	8713	33.9741	9171	35.7600	23150	44.7775	29751	35.0240	0.9796
EST1247206101S1K	stools_12091150	na	EST1361007101S1K_k141_55499	1590441	1132834	71.2277	1131552	99.8868	1116359	98.6573	1282	0.1132	1117607	98.6558	23628	2.0857	8401	35.5553	7166	30.3284	7925	33.5407	8676	36.7191	23150	44.7775	29767	34.9111	0.9796
EST1247206101S1K	stools_12095102	na	EST1361007101S1K_k141_55499	1590441	901157	56.6608	900885	99.9698	889866	98.7769	272	0.0302	890122	98.7755	17123	1.9001	6088	35.5545	5851	34.1704	5840	34.1062	5510	32.1789	23150	100.0000	43657	54.5731	0.9773
EST1247206101S1K	stools_12096102	na	EST1361007101S1K_k141_55499	1590441	789420	49.6353	788814	99.9232	778493	98.6916	606	0.0768	779076	98.6897	15262	1.9333	4918	32.2238	4352	28.5153	5753	37.6949	5246	34.3730	23150	66.7127	33786	45.7912	0.9834
EST1247206101S1K	stools_12101102	na	EST1361007101S1K_k141_55499	1590441	1101803	69.2766	1101410	99.9643	1087446	98.7322	393	0.0357	1087821	98.7310	21508	1.9521	7526	34.9916	7156	33.2713	7483	34.7917	6990	32.4995	23150	100.0000	42310	56.6013	0.9878
EST1247206101S1K	stools_12117101	na	EST1361007101S1K_k141_55499	1590441	797059	50.1156	796274	99.9015	785875	98.6940	785	0.0985	786626	98.6911	16063	2.0153	5630	35.0495	4898	30.4924	5594	34.8254	5661	35.2425	23150	66.7127	34136	46.4495	0.9832
EST1247206101S1K	stools_12118101	na	EST1361007101S1K_k141_55499	1590441	877151	55.1514	876735	99.9526	865363	98.7029	416	0.0474	865756	98.7009	16493	1.8803	5098	30.9101	4729	28.6728	6311	38.2647	5560	33.7113	23150	66.7127	34404	46.8172	0.9831
EST1247206101S1K	stools_12118150	na	EST1361007101S1K_k141_55499	1590441	724830	45.5742	724654	99.9757	715301	98.7093	176	0.0243	715465	98.7080	13866	1.9130	4501	32.4607	4342	31.3140	5145	37.1051	4467	32.2155	23150	78.0648	33835	48.3878	0.9850
EST1247211101S1K	stools_11006101	na	ESO1212705120S1K_k141_16	1917768	748250	39.0167	747829	99.9437	730393	97.6685	421	0.0563	730796	97.6674	25920	3.4641	8466	32.6620	8065	31.1150	9133	35.2353	8859	34.1782	19047	40.3948	49293	16.7711	0.9782
EST1247211101S1K	stools_11015101	na	ESO1212705120S1K_k141_16	1917768	1550391	80.8435	1535527	99.0413	1503423	97.9093	14864	0.9587	1517989	97.9101	64069	4.1324	31667	49.4264	17322	27.0365	18064	28.1946	25033	39.0719	19047	72.2213	28481	48.3831	0.9894
EST1247211101S1K	stools_11015501	na	ESO1212705120S1K_k141_16	1917768	1492344	77.8167	1481027	99.2417	1449330	97.8598	11317	0.7583	1460419	97.8607	59669	3.9983	27744	46.4965	16744	28.0615	17612	29.5162	22675	38.0013	19047	72.2213	34311	40.2903	0.9864
EST1247211101S1K	stools_11025101	na	ESO1212705120S1K_k141_16	1917768	1271333	66.2923	1270288	99.9178	1240063	97.6206	1045	0.0822	1241057	97.6186	46132	3.6286	15856	34.3709	14878	32.2509	15604	33.8247	15825	34.3037	19047	72.2213	65594	20.4089	0.9691
EST1247211101S1K	stools_11025102	na	ESO1212705120S1K_k141_16	1917768	1186117	61.8488	1185140	99.9176	1156703	97.6005	977	0.0824	1157636	97.5988	42942	3.6204	14461	33.6757	13553	31.5612	14779	34.4162	14836	34.5489	19047	72.2213	61221	21.1986	0.9713
EST1247211101S1K	stools_11030150	na	ESO1212705120S1K_k141_16	1917768	1445559	75.3772	1443319	99.8450	1408475	97.5858	2240	0.1550	1410616	97.5827	52117	3.6053	17174	32.9528	15044	28.8658	20429	39.1983	16909	32.4443	19047	0.0000	13220	0.0000	0.9832
EST1247211101S1K	stools_11030501	na	ESO1212705120S1K_k141_16	1917768	1553028	80.9810	1550219	99.8191	1512048	97.5377	2809	0.1809	1514743	97.5348	57612	3.7097	19327	33.5468	16681	28.9540	22238	38.5996	18999	32.9775	19047	0.0000	13103	0.0000	0.9832
EST1247211101S1K	stools_11031101	na	ESO1212705120S1K_k141_16	1917768	1488596	77.6213	1486393	99.8520	1446597	97.3226	2203	0.1480	1448670	97.3179	59848	4.0204	19922	33.2877	17918	29.9392	19964	33.3578	22294	37.2510	19047	40.3948	13723	55.7385	0.9909
EST1247211101S1K	stools_11031150	na	ESO1212705120S1K_k141_16	1917768	1398947	72.9466	1397192	99.8745	1358907	97.2599	1755	0.1255	1360553	97.2555	57276	4.0942	18882	32.9667	17316	30.2326	18981	33.1395	21321	37.2250	19047	40.3948	18970	40.5271	0.9881
EST1247211101S1K	stools_11031501	na	ESO1212705120S1K_k141_16	1917768	1375703	71.7346	1373978	99.8746	1336012	97.2368	1725	0.1254	1337626	97.2322	56655	4.1183	18578	32.7915	17044	30.0838	18781	33.1498	21188	37.3983	19047	40.3948	13708	55.7412	0.9909
EST1247211101S1K	stools_11035101	na	ESO1212705120S1K_k141_16	1917768	1415042	73.7859	1412803	99.8418	1374056	97.2574	2239	0.1582	1376153	97.2517	58152	4.1096	19263	33.1253	17273	29.7032	19399	33.3591	21736	37.3779	19047	40.3948	13728	55.8057	0.9909
EST1247211101S1K	stools_11037101	na	ESO1212705120S1K_k141_16	1917768	1402253	73.1190	1400841	99.8993	1365458	97.4742	1412	0.1007	1366796	97.4714	53207	3.7944	17750	33.3603	16459	30.9339	18679	35.1063	18364	34.5143	19047	72.2213	53610	23.7959	0.9752
EST1247211101S1K	stools_11038501	na	ESO1212705120S1K_k141_16	1917768	1479569	77.1506	1477713	99.8746	1440271	97.4662	1856	0.1254	1442044	97.4638	56641	3.8282	19116	33.7494	17394	30.7092	19330	34.1272	20090	35.4690	19047	40.3948	22657	34.1087	0.9862
EST1247211101S1K	stools_11055150	na	ESO1212705120S1K_k141_16	1917768	889597	46.3871	888507	99.8775	866857	97.5633	1090	0.1225	867911	97.5623	32389	3.6409	10703	33.0452	9650	29.7941	11505	35.5213	11386	35.1539	19047	40.3948	39382	19.9507	0.9802
EST1247211101S1K	stools_12062150	na	ESO1212705120S1K_k141_16	1917768	1453809	75.8073	1451895	99.8683	1412782	97.3061	1914	0.1317	1414581	97.3017	58300	4.0102	19072	32.7136	17348	29.7564	19757	33.8885	21523	36.9177	19047	40.3948	23195	33.0890	0.9859
EST1247211101S1K	stools_12120101	na	ESO1212705120S1K_k141_16	1917768	1452600	75.7443	1450806	99.8765	1409086	97.1244	1794	0.1235	1410741	97.1183	61022	4.2009	19163	31.4034	17572	28.7962	19635	32.1769	24185	39.6332	19047	0.0000	0	0.0000	0.9901
EST1254306101S1K	stools_11011101	na	NZ_CP049075.1	1754511	102647	5.8505	102291	99.6532	101116	98.8513	356	0.3468	101470	98.8534	1940	1.8900	763	39.3299	409	21.0825	491	25.3093	970	50.0000	76013	100.0000	96400	58.5062	0.9518
EST1254306101S1K	stools_11036101	na	NZ_CP049075.1	1754511	89911	5.1246	89697	99.7620	88725	98.9164	214	0.2380	88937	98.9167	1413	1.5716	439	31.0686	227	16.0651	504	35.6688	638	45.1522	76013	51.1610	73977	42.1036	0.9517
EST1254306101S1K	stools_11042501	na	NZ_CP049075.1	1754511	172895	9.8543	172766	99.9254	172216	99.6817	129	0.0746	172345	99.6819	2043	1.1816	1493	73.0788	1364	66.7646	315	15.4185	357	17.4743	76013	100.0000	114886	60.5757	0.9717
EST1254306101S1K	stools_11055101	na	NZ_CP049075.1	1754511	119789	6.8275	119718	99.9407	118349	98.8565	71	0.0593	118419	98.8563	1881	1.5703	511	27.1664	441	23.4450	611	32.4827	835	44.3913	76013	0.0000	39270	0.0000	0.9387
EST1254306101S1K	stools_12096102	na	NZ_CP049075.1	1754511	116619	6.6468	116545	99.9365	115167	98.8176	74	0.0635	115241	98.8184	1894	1.6241	516	27.2439	442	23.3369	639	33.7381	812	42.8722	76013	0.0000	64235	0.0000	0.9304
EST1254306101S1K	stools_12117101	na	NZ_CP049075.1	1754511	105420	6.0085	105326	99.9108	104003	98.7439	94	0.0892	104096	98.7441	1916	1.8175	592	30.8977	499	26.0438	562	29.3319	855	44.6242	76013	0.0000	58118	0.0000	0.9338
EST1254306101S1K	stools_12118101	na	NZ_CP049075.1	1754511	124321	7.0858	124254	99.9461	122830	98.8540	67	0.0539	122895	98.8530	1963	1.5790	537	27.3561	472	24.0448	649	33.0616	838	42.6898	76013	48.8390	99533	35.6826	0.9454
EST1256801101S1K	stools_11006101	na	ESO1212705120S1K_k141_16	1917768	774871	40.4048	774488	99.9506	756946	97.7350	383	0.0494	757309	97.7336	26451	3.4136	8889	33.6055	8529	32.2445	9171	34.6717	8943	33.8097	23215	73.7971	49293	39.3910	0.9831
EST1256801101S1K	stools_11015101	na	ESO1212705120S1K_k141_16	1917768	1595223	83.1812	1580015	99.0467	1548776	98.0229	15208	0.9533	1563753	98.0272	64136	4.0205	32666	50.9324	17784	27.7286	17547	27.3590	24697	38.5072	23215	100.0000	28481	81.8335	0.9972
EST1256801101S1K	stools_11015501	na	ESO1212705120S1K_k141_16	1917768	1528313	79.6923	1516853	99.2502	1485340	97.9225	11460	0.7498	1496599	97.9249	60032	3.9280	28318	47.1715	17116	28.5115	17298	28.8146	22692	37.7998	23215	100.0000	34311	69.1440	0.9941
EST1256801101S1K	stools_11025101	na	ESO1212705120S1K_k141_16	1917768	1309227	68.2683	1308407	99.9374	1277441	97.6333	820	0.0626	1278201	97.6302	47001	3.5900	15975	33.9886	15234	32.4121	15879	33.7844	16263	34.6014	23215	100.0000	65594	35.6572	0.9767
EST1256801101S1K	stools_11025102	na	ESO1212705120S1K_k141_16	1917768	1221047	63.6702	1220261	99.9356	1191315	97.6279	786	0.0644	1192058	97.6259	43520	3.5642	14531	33.3892	13800	31.7096	14933	34.3130	15045	34.5703	23215	59.3409	61221	21.1986	0.9691
EST1256801101S1K	stools_11030150	na	ESO1212705120S1K_k141_16	1917768	1459665	76.1127	1457637	99.8611	1422181	97.5676	2028	0.1389	1424112	97.5643	52355	3.5868	16802	32.0924	14886	28.4328	20505	39.1653	17340	33.1200	23215	0.0000	13220	0.0000	0.9810
EST1256801101S1K	stools_11030501	na	ESO1212705120S1K_k141_16	1917768	1565085	81.6097	1562500	99.8348	1523524	97.5055	2585	0.1652	1525984	97.5017	57883	3.6984	18782	32.4482	16338	28.2259	22348	38.6089	19583	33.8320	23215	0.0000	13103	0.0000	0.9811
EST1256801101S1K	stools_11031101	na	ESO1212705120S1K_k141_16	1917768	1509379	78.7050	1507518	99.8767	1467224	97.3271	1861	0.1233	1468967	97.3226	59968	3.9730	19556	32.6107	17865	29.7909	20075	33.4762	22436	37.4133	23215	73.7971	13723	100.0000	0.9950
EST1256801101S1K	stools_11031150	na	ESO1212705120S1K_k141_16	1917768	1402347	73.1239	1400889	99.8960	1362349	97.2489	1458	0.1040	1363704	97.2444	57124	4.0735	18481	32.3524	17200	30.1099	18961	33.1927	21382	37.4309	23215	73.7971	18970	72.5356	0.9922
EST1256801101S1K	stools_11031501	na	ESO1212705120S1K_k141_16	1917768	1376038	71.7521	1374628	99.8975	1336505	97.2267	1410	0.1025	1337823	97.2228	56423	4.1004	18208	32.2705	16965	30.0675	18757	33.2435	21123	37.4369	23215	73.7971	13708	100.0000	0.9950
EST1256801101S1K	stools_11035101	na	ESO1212705120S1K_k141_16	1917768	1420657	74.0787	1418685	99.8612	1379664	97.2495	1972	0.1388	1381507	97.2442	58086	4.0887	18936	32.5999	17180	29.5768	19338	33.2920	21943	37.7767	23215	73.7971	13728	100.0000	0.9950
EST1256801101S1K	stools_11037101	na	ESO1212705120S1K_k141_16	1917768	1429174	74.5228	1427983	99.9167	1392289	97.5004	1191	0.0833	1393410	97.4976	53801	3.7645	18037	33.5254	16946	31.4976	18635	34.6369	18610	34.5904	23215	100.0000	53610	42.3634	0.9829
EST1256801101S1K	stools_11038501	na	ESO1212705120S1K_k141_16	1917768	1508350	78.6513	1506763	99.8948	1468616	97.4683	1587	0.1052	1470118	97.4653	57224	3.7938	18992	33.1889	17524	30.6235	19645	34.3300	20422	35.6878	23215	73.7971	22657	77.9185	0.9939
EST1256801101S1K	stools_11055150	na	ESO1212705120S1K_k141_16	1917768	917666	47.8507	916693	99.8940	894832	97.6152	973	0.1060	895773	97.6143	32918	3.5871	11025	33.4923	10087	30.6428	11500	34.9353	11547	35.0781	23215	73.7971	39382	45.2542	0.9851
EST1256801101S1K	stools_12062150	na	ESO1212705120S1K_k141_16	1917768	1472059	76.7590	1470461	99.8914	1431106	97.3236	1598	0.1086	1432598	97.3193	58437	3.9697	18976	32.4726	17566	30.0597	19655	33.6345	21626	37.0074	23215	73.7971	23195	75.9043	0.9936
EST1256801101S1K	stools_12120101	na	ESO1212705120S1K_k141_16	1917768	1446446	75.4234	1444921	99.8946	1403470	97.1313	1525	0.1054	1404867	97.1254	60246	4.1651	18667	30.9846	17317	28.7438	19658	32.6296	23795	39.4964	23215	0.0000	0	0.0000	0.9879
EST1256811101S1K	stools_11001501	na	EST1361007101S1K_k141_55499	1590441	239608	15.0655	239547	99.9745	236444	98.7046	61	0.0255	236503	98.7041	4479	1.8693	1374	30.6765	1315	29.3592	1510	33.7129	1691	37.7540	47568	38.9106	29031	100.0000	0.9888
EST1256811101S1K	stools_11009101	na	EST1361007101S1K_k141_55499	1590441	1186820	74.6221	1185315	99.8732	1170075	98.7143	1505	0.1268	1171551	98.7135	23694	1.9964	8425	35.5575	6954	29.3492	8090	34.1437	8574	36.1864	47568	82.0846	35313	100.0000	0.9917
EST1256811101S1K	stools_11009150	na	EST1361007101S1K_k141_55499	1590441	738078	46.4071	737827	99.9660	728463	98.7309	251	0.0340	728707	98.7304	13902	1.8835	4531	32.5924	4287	30.8373	4850	34.8871	4823	34.6928	47568	60.7783	26250	100.0000	0.9921
EST1256811101S1K	stools_11010101	na	EST1361007101S1K_k141_55499	1590441	1035809	65.1272	1035366	99.9572	1022724	98.7790	443	0.0428	1023159	98.7787	19475	1.8802	6825	35.0449	6391	32.8164	6654	34.1669	6532	33.5404	47568	50.5361	24361	100.0000	0.9874
EST1256811101S1K	stools_11011101	na	EST1361007101S1K_k141_55499	1590441	835081	52.5063	832366	99.6749	821900	98.7426	2715	0.3251	824589	98.7436	17254	2.0661	6762	39.1909	4080	23.6467	6045	35.0354	6584	38.1593	47568	56.3299	21904	100.0000	0.9836
EST1256811101S1K	stools_11021101	na	EST1361007101S1K_k141_55499	1590441	353759	22.2428	353576	99.9483	349247	98.7757	183	0.0517	349427	98.7754	6504	1.8385	2172	33.3948	1992	30.6273	2355	36.2085	2170	33.3641	47568	21.8676	9053	100.0000	0.9915
EST1256811101S1K	stools_11022101	na	EST1361007101S1K_k141_55499	1590441	1119859	70.4119	1119454	99.9638	1104655	98.6780	405	0.0362	1105052	98.6778	21906	1.9561	7099	32.4066	6706	30.6126	7714	35.2141	7626	34.8124	47568	71.5313	31063	100.0000	0.9886
EST1256811101S1K	stools_11035101	na	EST1361007101S1K_k141_55499	1590441	1115507	70.1382	1113539	99.8236	1099798	98.7660	1968	0.1764	1101745	98.7663	22189	1.9891	8427	37.9783	6483	29.2172	7374	33.2327	8349	37.6268	47568	43.1740	17889	100.0000	0.9811
EST1256811101S1K	stools_11036101	na	EST1361007101S1K_k141_55499	1590441	647543	40.7147	645813	99.7328	637851	98.7671	1730	0.2672	639562	98.7675	11952	1.8457	3971	33.2246	2260	18.9090	5194	43.4572	4167	34.8645	47568	34.4622	12958	100.0000	0.9812
EST1256811101S1K	stools_11055101	na	EST1361007101S1K_k141_55499	1590441	868126	54.5840	867519	99.9301	856183	98.6933	607	0.0699	856770	98.6919	16071	1.8512	4715	29.3386	4129	25.6922	6463	40.2153	5520	34.3476	47568	34.4622	21797	74.8406	0.9765
EST1256811101S1K	stools_11106501	na	EST1361007101S1K_k141_55499	1590441	304745	19.1610	304656	99.9708	300781	98.7281	89	0.0292	300869	98.7281	5434	1.7831	1558	28.6713	1470	27.0519	2249	41.3876	1754	32.2782	47568	0.0000	0	0.0000	0.9864
EST1256811101S1K	stools_11107101	na	EST1361007101S1K_k141_55499	1590441	1142675	71.8464	1141972	99.9385	1127867	98.7649	703	0.0615	1128552	98.7640	22046	1.9293	7923	35.9385	7240	32.8404	7456	33.8202	7427	33.6887	47568	71.5313	38847	85.9500	0.9866
EST1256811101S1K	stools_12089102	na	EST1361007101S1K_k141_55499	1590441	762551	47.9459	762027	99.9313	752392	98.7356	524	0.0687	752912	98.7360	14346	1.8813	4707	32.8105	4187	29.1858	5048	35.1875	5180	36.1076	47568	45.5769	22393	100.0000	0.9895
EST1256811101S1K	stools_12091101	na	EST1361007101S1K_k141_55499	1590441	1105520	69.5103	1104660	99.9222	1090491	98.7173	860	0.0778	1091334	98.7168	21973	1.9876	7787	35.4389	6946	31.6115	7213	32.8267	7842	35.6893	47568	37.0690	29751	57.4132	0.9725
EST1256811101S1K	stools_12091150	na	EST1361007101S1K_k141_55499	1590441	1088909	68.4659	1087690	99.8881	1074372	98.7756	1219	0.1119	1075571	98.7751	21322	1.9581	7984	37.4449	6787	31.8310	6774	31.7700	7858	36.8540	47568	37.0690	29767	57.6141	0.9726
EST1256811101S1K	stools_12095102	na	EST1361007101S1K_k141_55499	1590441	898731	56.5083	898440	99.9676	887975	98.8352	291	0.0324	888254	98.8342	16300	1.8137	5823	35.7239	5544	34.0123	5402	33.1411	5448	33.4233	47568	74.2453	43657	69.1504	0.9768
EST1256811101S1K	stools_12096102	na	EST1361007101S1K_k141_55499	1590441	740646	46.5686	740201	99.9399	738990	99.8364	445	0.0601	739434	99.8364	9509	1.2839	8297	87.2542	7855	82.6060	761	8.0029	866	9.1072	47568	71.5313	33786	100.0000	0.9911
EST1256811101S1K	stools_12101102	na	EST1361007101S1K_k141_55499	1590441	1094158	68.7959	1093800	99.9673	1091751	99.8127	358	0.0327	1092109	99.8127	14904	1.3621	12855	86.2520	12500	83.8701	1330	8.9238	1056	7.0853	47568	89.4467	42310	100.0000	0.9960
EST1256811101S1K	stools_12117101	na	EST1361007101S1K_k141_55499	1590441	721519	45.3660	720947	99.9207	719717	99.8294	572	0.0793	720288	99.8294	10162	1.4084	8931	87.8862	8363	82.2968	741	7.2919	1025	10.0866	47568	71.5313	34136	100.0000	0.9909
EST1256811101S1K	stools_12118101	na	EST1361007101S1K_k141_55499	1590441	829723	52.1694	829423	99.9638	827661	99.7876	300	0.0362	827960	99.7875	10517	1.2675	8754	83.2367	8457	80.4127	1112	10.5734	900	8.5576	47568	71.5313	34404	100.0000	0.9907
EST1256811101S1K	stools_12118150	na	EST1361007101S1K_k141_55499	1590441	745325	46.8628	745140	99.9752	735949	98.7665	185	0.0248	736130	98.7663	13587	1.8230	4392	32.3250	4211	30.9929	4929	36.2773	4537	33.3922	47568	63.4923	33835	82.4590	0.9877
EST1350502101S1K	stools_11001501	na	EST1361007101S1K_k141_55499	1590441	144929	9.1125	144726	99.8599	143183	98.9338	203	0.1401	143385	98.9347	2461	1.6981	917	37.2613	715	29.0532	858	34.8639	837	34.0106	11779	100.0000	29031	46.6949	0.9888
EST1350502101S1K	stools_11009101	na	EST1361007101S1K_k141_55499	1590441	689534	43.3549	687877	99.7597	680165	98.8789	1657	0.2403	681802	98.8787	13058	1.8937	5326	40.7873	3706	28.3811	4312	33.0219	4739	36.2919	11779	100.0000	35313	30.5468	0.9902
EST1350502101S1K	stools_11009150	na	EST1361007101S1K_k141_55499	1590441	444749	27.9639	444023	99.8368	439017	98.8726	726	0.1632	439741	98.8740	8113	1.8242	3105	38.2719	2383	29.3726	2778	34.2413	2787	34.3523	11779	100.0000	26250	42.0533	0.9899
EST1350502101S1K	stools_11010101	na	EST1361007101S1K_k141_55499	1590441	606814	38.1538	605752	99.8250	599249	98.9265	1062	0.1750	600307	98.9277	10804	1.7804	4297	39.7723	3242	30.0074	3785	35.0333	3547	32.8304	11779	0.0000	24361	0.0000	0.9805
EST1350502101S1K	stools_11011101	na	EST1361007101S1K_k141_55499	1590441	460763	28.9708	458831	99.5807	454007	98.9486	1932	0.4193	455917	98.9483	8861	1.9231	4015	45.3109	2142	24.1733	2925	33.0098	3393	38.2914	11779	100.0000	21904	36.3495	0.9920
EST1350502101S1K	stools_11021101	na	EST1361007101S1K_k141_55499	1590441	215926	13.5765	215537	99.8198	213303	98.9635	389	0.1802	213689	98.9640	3781	1.7511	1544	40.8358	1165	30.8120	1327	35.0965	1204	31.8434	11779	0.0000	9053	0.0000	0.9869
EST1350502101S1K	stools_11022101	na	EST1361007101S1K_k141_55499	1590441	633120	39.8078	632125	99.8428	625026	98.8770	995	0.1572	626009	98.8768	11531	1.8213	4420	38.3315	3437	29.8066	3924	34.0300	3950	34.2555	11779	100.0000	31063	34.7616	0.9898
EST1350502101S1K	stools_11035101	na	EST1361007101S1K_k141_55499	1590441	642141	40.3750	640224	99.7015	633286	98.9163	1917	0.2985	635187	98.9171	12229	1.9044	5275	43.1352	3382	27.6556	4039	33.0280	4565	37.3293	11779	0.0000	17889	0.0000	0.9877
EST1350502101S1K	stools_11036101	na	EST1361007101S1K_k141_55499	1590441	374566	23.5511	373186	99.6316	369377	98.9793	1380	0.3684	370750	98.9812	6379	1.7030	2563	40.1787	1219	19.1096	2671	41.8718	2214	34.7076	11779	100.0000	12958	60.4723	0.9975
EST1350502101S1K	stools_11055101	na	EST1361007101S1K_k141_55499	1590441	495757	31.1710	494813	99.8096	489221	98.8699	944	0.1904	490159	98.8708	8727	1.7603	3129	35.8542	2195	25.1518	3388	38.8220	3002	34.3990	11779	100.0000	21797	51.0575	0.9996
EST1350502101S1K	stools_11106501	na	EST1361007101S1K_k141_55499	1590441	182665	11.4852	182325	99.8139	180419	98.9546	340	0.1861	180757	98.9555	3058	1.6741	1150	37.6063	812	26.5533	1262	41.2688	926	30.2812	11779	0.0000	0	0.0000	0.9926
EST1350502101S1K	stools_11107101	na	EST1361007101S1K_k141_55499	1590441	650056	40.8727	648914	99.8243	641695	98.8875	1142	0.1757	642827	98.8879	11889	1.8289	4660	39.1959	3534	29.7250	4173	35.0997	3963	33.3333	11779	100.0000	38847	28.0047	0.9884
EST1350502101S1K	stools_12089102	na	EST1361007101S1K_k141_55499	1590441	452415	28.4459	451529	99.8042	446687	98.9276	886	0.1958	447563	98.9275	8074	1.7846	3222	39.9059	2346	29.0562	2826	35.0012	2772	34.3324	11779	100.0000	22393	50.9981	0.9928
EST1350502101S1K	stools_12091101	na	EST1361007101S1K_k141_55499	1590441	623881	39.2269	622732	99.8158	615543	98.8456	1149	0.1842	616677	98.8453	11723	1.8790	4519	38.5482	3391	28.9260	3894	33.2168	4216	35.9635	11779	0.0000	29751	0.0000	0.9775
EST1350502101S1K	stools_12091150	na	EST1361007101S1K_k141_55499	1590441	629163	39.5590	627728	99.7719	620774	98.8922	1435	0.2281	622192	98.8920	11747	1.8671	4776	40.6572	3360	28.6030	3835	32.6466	4343	36.9711	11779	0.0000	29767	0.0000	0.9775
EST1350502101S1K	stools_12095102	na	EST1361007101S1K_k141_55499	1590441	527034	33.1376	526218	99.8452	520455	98.9048	816	0.1548	521262	98.9048	9404	1.7843	3632	38.6219	2826	30.0510	3259	34.6555	3162	33.6240	11779	100.0000	43657	14.5773	0.9799
EST1350502101S1K	stools_12096102	na	EST1361007101S1K_k141_55499	1590441	421233	26.4853	420513	99.8291	415866	98.8949	720	0.1709	416578	98.8949	7351	1.7451	2696	36.6753	1985	27.0031	2672	36.3488	2592	35.2605	11779	100.0000	33786	33.0610	0.9885
EST1350502101S1K	stools_12101102	na	EST1361007101S1K_k141_55499	1590441	631030	39.6764	630022	99.8403	623333	98.9383	1008	0.1597	624328	98.9379	11177	1.7712	4475	40.0376	3482	31.1533	3857	34.5084	3631	32.4864	11779	100.0000	42310	26.4287	0.9832
EST1350502101S1K	stools_12117101	na	EST1361007101S1K_k141_55499	1590441	396317	24.9187	395588	99.8161	391146	98.8771	729	0.1839	391864	98.8764	7262	1.8324	2809	38.6808	2091	28.7937	2429	33.4481	2643	36.3949	11779	100.0000	34136	32.5639	0.9882
EST1350502101S1K	stools_12118101	na	EST1361007101S1K_k141_55499	1590441	462264	29.0651	461589	99.8540	456526	98.9031	675	0.1460	457193	98.9030	7879	1.7044	2808	35.6390	2142	27.1862	2933	37.2255	2693	34.1795	11779	100.0000	34404	32.3218	0.9885
EST1350502101S1K	stools_12118150	na	EST1361007101S1K_k141_55499	1590441	445017	27.9807	444328	99.8452	439552	98.9251	689	0.1548	440236	98.9257	7810	1.7550	3029	38.7836	2345	30.0256	2859	36.6069	2464	31.5493	11779	100.0000	33835	34.0712	0.9926
EST1350510101S1K	stools_11001501	na	EST1361007101S1K_k141_55499	1590441	210635	13.2438	210551	99.9601	207780	98.6839	84	0.0399	207859	98.6821	4120	1.9560	1344	32.6214	1265	30.7039	1368	33.2039	1500	36.4078	38644	59.2977	29031	100.0000	0.9817
EST1350510101S1K	stools_11009101	na	EST1361007101S1K_k141_55499	1590441	1187074	74.6380	1185200	99.8421	1169238	98.6532	1874	0.1579	1171059	98.6509	25191	2.1221	9176	36.4257	7380	29.2962	8378	33.2579	9276	36.8227	38644	85.2629	35313	85.8098	0.9905
EST1350510101S1K	stools_11009150	na	EST1361007101S1K_k141_55499	1590441	660706	41.5423	660484	99.9664	651869	98.6957	222	0.0336	652083	98.6949	12840	1.9434	4217	32.8427	4004	31.1838	4401	34.2757	4486	34.9377	38644	72.2777	26250	100.0000	0.9942
EST1350510101S1K	stools_11010101	na	EST1361007101S1K_k141_55499	1590441	981012	61.6818	980549	99.9528	967842	98.7041	463	0.0472	968287	98.7029	19209	1.9581	6484	33.7550	6046	31.4748	6543	34.0622	6673	34.7389	38644	40.7023	24361	66.6311	0.9769
EST1350510101S1K	stools_11011101	na	EST1361007101S1K_k141_55499	1590441	887800	55.8210	884908	99.6743	873443	98.7044	2892	0.3257	876287	98.7032	18777	2.1150	7264	38.6856	4435	23.6193	6681	35.5808	7129	37.9667	38644	69.5321	21904	100.0000	0.9892
EST1350510101S1K	stools_11021101	na	EST1361007101S1K_k141_55499	1590441	329223	20.7001	329087	99.9587	325171	98.8100	136	0.0413	325299	98.8081	5990	1.8194	2066	34.4908	1938	32.3539	2005	33.4725	2049	34.2070	38644	27.7171	9053	100.0000	0.9918
EST1350510101S1K	stools_11022101	na	EST1361007101S1K_k141_55499	1590441	1119926	70.4161	1119330	99.9468	1104461	98.6716	596	0.0532	1105017	98.6688	22514	2.0103	7605	33.7790	7067	31.3894	7652	33.9877	7873	34.9694	38644	85.2629	31063	100.0000	0.9941
EST1350510101S1K	stools_11035101	na	EST1361007101S1K_k141_55499	1590441	1076586	67.6910	1074746	99.8291	1061013	98.7222	1840	0.1709	1062813	98.7207	22225	2.0644	8452	38.0292	6656	29.9483	7289	32.7964	8290	37.3003	38644	40.7023	17889	71.9772	0.9804
EST1350510101S1K	stools_11036101	na	EST1361007101S1K_k141_55499	1590441	605220	38.0536	603632	99.7376	596575	98.8309	1588	0.2624	598132	98.8289	10991	1.8160	3903	35.5109	2350	21.3811	4555	41.4430	3754	34.1552	38644	41.8150	12958	100.0000	0.9805
EST1350510101S1K	stools_11055101	na	EST1361007101S1K_k141_55499	1590441	892521	56.1178	891588	99.8955	879584	98.6536	933	0.1045	880474	98.6502	17358	1.9448	5311	30.5968	4449	25.6308	6743	38.8466	6202	35.7299	38644	56.5521	21797	100.0000	0.9890
EST1350510101S1K	stools_11106501	na	EST1361007101S1K_k141_55499	1590441	272734	17.1483	272667	99.9754	269235	98.7413	67	0.0246	269300	98.7409	4923	1.8051	1489	30.2458	1424	28.9255	1975	40.1178	1545	31.3833	38644	0.0000	0	0.0000	0.9863
EST1350510101S1K	stools_11107101	na	EST1361007101S1K_k141_55499	1590441	1163609	73.1627	1162603	99.9135	1146698	98.6319	1006	0.0865	1147641	98.6277	24138	2.0744	8170	33.8470	7259	30.0729	8359	34.6300	8611	35.6740	38644	100.0000	38847	100.0000	0.9991
EST1350510101S1K	stools_12089102	na	EST1361007101S1K_k141_55499	1590441	685675	43.1123	685185	99.9285	676604	98.7476	490	0.0715	677082	98.7468	13056	1.9041	4463	34.1835	3986	30.5300	4420	33.8542	4681	35.8532	38644	56.5469	22393	100.0000	0.9921
EST1350510101S1K	stools_12091101	na	EST1361007101S1K_k141_55499	1590441	1127710	70.9055	1126682	99.9088	1110787	98.5892	1028	0.0912	1111763	98.5859	23797	2.1102	7850	32.9874	6893	28.9658	7986	33.5589	8948	37.6014	38644	58.1850	29751	76.7638	0.9846
EST1350510101S1K	stools_12091150	na	EST1361007101S1K_k141_55499	1590441	1050384	66.0436	1049226	99.8898	1035063	98.6501	1158	0.1102	1036192	98.6489	21619	2.0582	7427	34.3540	6314	29.2058	7171	33.1699	8217	38.0082	38644	58.1850	29767	76.7965	0.9845
EST1350510101S1K	stools_12095102	na	EST1361007101S1K_k141_55499	1590441	824363	51.8324	824034	99.9601	813420	98.7119	329	0.0399	813721	98.7091	15846	1.9222	5204	32.8411	4909	30.9794	5467	34.5008	5550	35.0246	38644	84.2692	43657	66.7568	0.9798
EST1350510101S1K	stools_12096102	na	EST1361007101S1K_k141_55499	1590441	756487	47.5646	755839	99.9143	745455	98.6262	648	0.0857	746066	98.6224	14942	1.9752	4521	30.2570	3917	26.2147	5746	38.4554	5373	35.9590	38644	85.2629	33786	100.0000	0.9954
EST1350510101S1K	stools_12101102	na	EST1361007101S1K_k141_55499	1590441	1030020	64.7632	1029589	99.9582	1016089	98.6888	431	0.0418	1016496	98.6870	20164	1.9576	6640	32.9300	6236	30.9264	7013	34.7798	6987	34.6509	38644	85.2629	42310	81.0116	0.9903
EST1350510101S1K	stools_12117101	na	EST1361007101S1K_k141_55499	1590441	771363	48.4999	770530	99.8920	759758	98.6020	833	0.1080	760552	98.5985	15951	2.0679	5140	32.2237	4360	27.3337	5733	35.9413	5954	37.3268	38644	85.2629	34136	100.0000	0.9955
EST1350510101S1K	stools_12118101	na	EST1361007101S1K_k141_55499	1590441	838173	52.7007	837695	99.9430	826135	98.6200	478	0.0570	826581	98.6170	16139	1.9255	4547	28.1740	4104	25.4291	6345	39.3147	5774	35.7767	38644	85.2629	34404	100.0000	0.9949
EST1350510101S1K	stools_12118150	na	EST1361007101S1K_k141_55499	1590441	664819	41.8009	664579	99.9639	656358	98.7630	240	0.0361	656584	98.7613	12483	1.8777	4248	34.0303	4029	32.2759	4468	35.7927	4035	32.3240	38644	71.2840	33835	84.0372	0.9921
EST1350511101S1K	stools_11006101	na	ESO1212705120S1K_k141_16	1917768	696468	36.3166	696203	99.9620	678654	97.4793	265	0.0380	678904	97.4781	25413	3.6488	7849	30.8858	7600	29.9060	9686	38.1144	8327	32.7667	5122	0.0000	49293	0.0000	0.9743
EST1350511101S1K	stools_11015101	na	ESO1212705120S1K_k141_16	1917768	1429920	74.5617	1416590	99.0678	1383375	97.6553	13330	0.9322	1396447	97.6591	62149	4.3463	28676	46.1407	15674	25.2200	20114	32.3642	23417	37.6788	5122	100.0000	28481	21.4705	0.9878
EST1350511101S1K	stools_11015501	na	ESO1212705120S1K_k141_16	1917768	1387016	72.3245	1376735	99.2588	1343787	97.6068	10281	0.7412	1353855	97.6092	58692	4.2315	25531	43.5000	15503	26.4142	19588	33.3742	21528	36.6796	5122	100.0000	34311	17.8164	0.9847
EST1350511101S1K	stools_11025101	na	ESO1212705120S1K_k141_16	1917768	1190781	62.0920	1190232	99.9539	1159335	97.4041	549	0.0461	1159850	97.4025	45400	3.8126	14469	31.8700	13955	30.7379	16654	36.6828	15170	33.4141	5122	100.0000	65594	7.9565	0.9684
EST1350511101S1K	stools_11025102	na	ESO1212705120S1K_k141_16	1917768	1115085	58.1449	1114500	99.9475	1085692	97.4152	585	0.0525	1086239	97.4131	42277	3.7914	13431	31.7690	12891	30.4918	15779	37.3229	13907	32.8950	5122	100.0000	61221	8.6327	0.9707
EST1350511101S1K	stools_11030150	na	ESO1212705120S1K_k141_16	1917768	1361574	70.9978	1359760	99.8668	1323278	97.3170	1814	0.1332	1324995	97.3135	52236	3.8364	15657	29.9736	13949	26.7038	22657	43.3743	16093	30.8083	5122	0.0000	13220	0.0000	0.9904
EST1350511101S1K	stools_11030501	na	ESO1212705120S1K_k141_16	1917768	1458600	76.0572	1456356	99.8462	1416467	97.2610	2244	0.1538	1418597	97.2574	57320	3.9298	17317	30.2111	15217	26.5475	24505	42.7512	18096	31.5701	5122	0.0000	13103	0.0000	0.9905
EST1350511101S1K	stools_11031101	na	ESO1212705120S1K_k141_16	1917768	1375837	71.7416	1374291	99.8876	1336024	97.2155	1546	0.1124	1337478	97.2120	56938	4.1384	18579	32.6302	17173	30.1609	20599	36.1779	19719	34.6324	5122	0.0000	13723	0.0000	0.9902
EST1350511101S1K	stools_11031150	na	ESO1212705120S1K_k141_16	1917768	1306073	68.1038	1304975	99.9159	1267754	97.1478	1098	0.0841	1268766	97.1436	55039	4.2141	17732	32.2172	16769	30.4675	19865	36.0926	19000	34.5210	5122	0.0000	18970	0.0000	0.9874
EST1350511101S1K	stools_11031501	na	ESO1212705120S1K_k141_16	1917768	1288312	67.1777	1287222	99.9154	1250403	97.1397	1090	0.0846	1251410	97.1356	54337	4.2177	17435	32.0868	16456	30.2851	19597	36.0657	18837	34.6670	5122	0.0000	13708	0.0000	0.9902
EST1350511101S1K	stools_11035101	na	ESO1212705120S1K_k141_16	1917768	1320190	68.8399	1318687	99.8862	1281057	97.1464	1503	0.1138	1282448	97.1412	55760	4.2236	18018	32.3135	16672	29.8996	20168	36.1693	19409	34.8081	5122	0.0000	13728	0.0000	0.9902
EST1350511101S1K	stools_11037101	na	ESO1212705120S1K_k141_16	1917768	1320250	68.8431	1319323	99.9298	1283617	97.2936	927	0.0702	1284488	97.2913	52485	3.9754	16723	31.8624	15877	30.2505	19672	37.4812	17484	33.3124	5122	100.0000	53610	9.5206	0.9746
EST1350511101S1K	stools_11038501	na	ESO1212705120S1K_k141_16	1917768	1363371	71.0916	1362192	99.9135	1324744	97.2509	1179	0.0865	1325846	97.2476	54856	4.0236	17331	31.5936	16262	29.6449	20641	37.6276	18460	33.6517	5122	0.0000	22657	0.0000	0.9855
EST1350511101S1K	stools_11055150	na	ESO1212705120S1K_k141_16	1917768	836150	43.6002	835400	99.9103	813920	97.4288	750	0.0897	814635	97.4269	31840	3.8079	10325	32.4278	9616	30.2010	12030	37.7827	10515	33.0245	5122	0.0000	39382	0.0000	0.9795
EST1350511101S1K	stools_12062150	na	ESO1212705120S1K_k141_16	1917768	1352087	70.5032	1350817	99.9061	1312726	97.1802	1270	0.0939	1313901	97.1758	56026	4.1437	17840	31.8424	16718	29.8397	20490	36.5723	19390	34.6089	5122	0.0000	23195	0.0000	0.9852
EST1350511101S1K	stools_12120101	na	ESO1212705120S1K_k141_16	1917768	1382110	72.0687	1380887	99.9115	1346471	97.5077	1223	0.0885	1347610	97.5038	56193	4.0657	21693	38.6045	20615	36.6861	17728	31.5484	18421	32.7817	5122	0.0000	0	0.0000	0.9973
EST1350804101S1K	stools_11001501	na	EST1361007101S1K_k141_55499	1590441	205899	12.9460	205600	99.8548	202876	98.6751	299	0.1452	203163	98.6712	3995	1.9403	1259	31.5144	972	24.3304	1468	36.7459	1511	37.8223	22234	53.0944	29031	46.6949	0.9886
EST1350804101S1K	stools_11009101	na	EST1361007101S1K_k141_55499	1590441	1073271	67.4826	1070432	99.7355	1056051	98.6565	2839	0.2645	1058825	98.6540	22704	2.1154	8258	36.3724	5520	24.3129	8391	36.9582	8529	37.5661	22234	100.0000	35313	52.2839	0.9869
EST1350804101S1K	stools_11009150	na	EST1361007101S1K_k141_55499	1590441	618213	38.8705	617273	99.8479	609270	98.7035	940	0.1521	610197	98.7034	12033	1.9464	4017	33.3832	3096	25.7292	4590	38.1451	4229	35.1450	22234	100.0000	26250	73.9162	0.9935
EST1350804101S1K	stools_11010101	na	EST1361007101S1K_k141_55499	1590441	893944	56.2073	892508	99.8394	880794	98.6875	1436	0.1606	882205	98.6868	17605	1.9694	5866	33.3201	4462	25.3451	6833	38.8128	6168	35.0355	22234	46.9056	24361	45.6755	0.9837
EST1350804101S1K	stools_11011101	na	NZ_CP049075.1	1754511	701296	39.9710	698260	99.5671	689382	98.7286	3036	0.4329	692351	98.7245	15466	2.2053	6521	42.1635	3599	23.2704	5490	35.4972	5829	37.6891	75576	84.8034	96400	69.1183	0.9663
EST1350804101S1K	stools_11011101	na	EST1361007101S1K_k141_55499	1590441	809655	50.9076	806106	99.5617	796177	98.7683	3549	0.4383	799673	98.7671	17183	2.1223	7201	41.9077	3766	21.9170	6343	36.9144	6403	37.2636	22234	100.0000	21904	76.7896	0.9933
EST1350804101S1K	stools_11021101	na	EST1361007101S1K_k141_55499	1590441	306944	19.2993	306466	99.8443	302466	98.6948	478	0.1557	302936	98.6942	5995	1.9531	1987	33.1443	1531	25.5379	2384	39.7665	2040	34.0284	22234	46.9056	9053	100.0000	0.9913
EST1350804101S1K	stools_11022101	na	EST1361007101S1K_k141_55499	1590441	995580	62.5977	994044	99.8457	980866	98.6743	1536	0.1543	982375	98.6736	19830	1.9918	6625	33.4090	5138	25.9102	7584	38.2451	6965	35.1236	22234	100.0000	31063	61.8002	0.9902
EST1350804101S1K	stools_11035101	na	EST1361007101S1K_k141_55499	1590441	972687	61.1583	970000	99.7238	957450	98.7062	2687	0.2762	960096	98.7055	19976	2.0537	7385	36.9694	4748	23.7685	7394	37.0144	7635	38.2209	22234	46.9056	17889	43.5910	0.9845
EST1350804101S1K	stools_11036101	na	NZ_CP049075.1	1754511	522399	29.7746	520642	99.6637	514499	98.8201	1757	0.3363	516231	98.8193	10035	1.9209	3867	38.5351	2173	21.6542	4174	41.5944	3377	33.6522	75576	49.1280	73977	50.4184	0.9561
EST1350804101S1K	stools_11036101	na	EST1361007101S1K_k141_55499	1590441	591865	37.2139	589533	99.6060	582773	98.8533	2332	0.3940	585066	98.8513	11199	1.8922	4400	39.2892	2147	19.1714	5021	44.8344	3615	32.2797	22234	53.0944	12958	60.4723	0.9877
EST1350804101S1K	stools_11042501	na	NZ_CP049075.1	1754511	1007119	57.4017	1005098	99.7993	991541	98.6512	2021	0.2007	993513	98.6490	20213	2.0070	6607	32.6869	4651	23.0099	9191	45.4707	6261	30.9751	75576	78.6718	114886	64.8852	0.9575
EST1350804101S1K	stools_11055101	na	NZ_CP049075.1	1754511	789703	45.0099	787976	99.7813	777690	98.6946	1727	0.2187	779380	98.6928	16344	2.0696	6021	36.8392	4389	26.8539	6440	39.4028	5357	32.7766	75576	50.0979	39270	100.0000	0.9769
EST1350804101S1K	stools_11055101	na	EST1361007101S1K_k141_55499	1590441	844588	53.1040	842688	99.7750	831675	98.6931	1900	0.2250	833527	98.6904	16927	2.0042	5866	34.6547	4047	23.9085	6883	40.6628	5788	34.1939	22234	53.0944	21797	51.0575	0.9862
EST1350804101S1K	stools_11106501	na	EST1361007101S1K_k141_55499	1590441	259194	16.2970	258836	99.8619	255573	98.7394	358	0.1381	255928	98.7399	4773	1.8415	1507	31.5734	1152	24.1358	2079	43.5575	1488	31.1754	22234	0.0000	0	0.0000	0.9860
EST1350804101S1K	stools_11107101	na	EST1361007101S1K_k141_55499	1590441	1027066	64.5774	1025121	99.8106	1010981	98.6207	1945	0.1894	1012872	98.6180	21060	2.0505	6866	32.6021	4992	23.7037	8309	39.4539	7601	36.0921	22234	100.0000	38847	55.4226	0.9882
EST1350804101S1K	stools_12089102	na	EST1361007101S1K_k141_55499	1590441	642778	40.4151	641598	99.8164	633281	98.7037	1180	0.1836	634442	98.7031	12471	1.9402	4135	33.1569	2974	23.8473	4891	39.2190	4516	36.2120	22234	100.0000	22393	100.0000	0.9991
EST1350804101S1K	stools_12091101	na	EST1361007101S1K_k141_55499	1590441	990084	62.2522	988073	99.7969	974411	98.6173	2011	0.2031	976369	98.6148	20723	2.0931	7008	33.8175	5076	24.4945	7692	37.1182	7790	37.5911	22234	46.9056	29751	35.0240	0.9803
EST1350804101S1K	stools_12091150	na	EST1361007101S1K_k141_55499	1590441	949403	59.6943	947279	99.7763	934565	98.6578	2124	0.2237	936650	98.6567	19570	2.0613	6817	34.8339	4745	24.2463	7250	37.0465	7484	38.2422	22234	46.9056	29767	34.9111	0.9802
EST1350804101S1K	stools_12095102	na	EST1361007101S1K_k141_55499	1590441	761169	47.8590	760132	99.8638	750416	98.7218	1037	0.1362	751427	98.7201	14547	1.9111	4805	33.0309	3795	26.0879	5637	38.7503	4991	34.3095	22234	100.0000	43657	41.7528	0.9795
EST1350804101S1K	stools_12096102	na	NZ_CP049075.1	1754511	759118	43.2666	757710	99.8145	747359	98.6339	1408	0.1855	748741	98.6330	15686	2.0663	5309	33.8455	3941	25.1243	6494	41.4000	5151	32.8382	75576	71.4261	64235	100.0000	0.9809
EST1350804101S1K	stools_12096102	na	EST1361007101S1K_k141_55499	1590441	708569	44.5517	707100	99.7927	697664	98.6655	1469	0.2073	699097	98.6632	14348	2.0249	4876	33.9838	3450	24.0452	5818	40.5492	4980	34.7087	22234	100.0000	33786	63.8223	0.9917
EST1350804101S1K	stools_12101102	na	EST1361007101S1K_k141_55499	1590441	938862	59.0316	937472	99.8519	925082	98.6784	1390	0.1481	926448	98.6778	18421	1.9621	6007	32.6095	4643	25.2049	7243	39.3193	6410	34.7972	22234	100.0000	42310	51.7892	0.9864
EST1350804101S1K	stools_12117101	na	NZ_CP049075.1	1754511	738515	42.0924	737033	99.7993	726491	98.5697	1482	0.2007	727937	98.5677	16203	2.1940	5625	34.7158	4202	25.9335	6296	38.8570	5641	34.8145	75576	71.4261	58118	100.0000	0.9780
EST1350804101S1K	stools_12117101	na	EST1361007101S1K_k141_55499	1590441	704494	44.2955	702911	99.7753	693161	98.6129	1583	0.2247	694706	98.6106	14962	2.1238	5174	34.5809	3649	24.3885	5756	38.4708	5475	36.5927	22234	100.0000	34136	64.0878	0.9915
EST1350804101S1K	stools_12118101	na	NZ_CP049075.1	1754511	813737	46.3797	812369	99.8319	801186	98.6234	1368	0.1681	802517	98.6212	16812	2.0660	5592	33.2620	4288	25.5056	6967	41.4406	5451	32.4233	75576	100.0000	99533	100.0000	0.9855
EST1350804101S1K	stools_12118101	na	EST1361007101S1K_k141_55499	1590441	779496	49.0113	778183	99.8316	767885	98.6767	1313	0.1684	769169	98.6752	15304	1.9633	4977	32.5209	3707	24.2224	6294	41.1265	5180	33.8474	22234	100.0000	34404	62.4433	0.9913
EST1350804101S1K	stools_12118150	na	EST1361007101S1K_k141_55499	1590441	626016	39.3612	625183	99.8669	617288	98.7372	833	0.1331	618103	98.7360	11805	1.8857	3892	32.9691	3083	26.1161	4717	39.9576	3892	32.9691	22234	100.0000	33835	66.4962	0.9918
EST1350807101S1K	stools_11001501	na	EST1361007101S1K_k141_55499	1590441	271756	17.0868	271709	99.9827	268123	98.6802	47	0.0173	268167	98.6793	5090	1.8730	1501	29.4892	1457	28.6248	1766	34.6955	1895	37.2299	46868	37.0615	29031	100.0000	0.9887
EST1350807101S1K	stools_11009101	na	EST1361007101S1K_k141_55499	1590441	1346845	84.6837	1345154	99.8744	1327500	98.6876	1691	0.1256	1329143	98.6857	27268	2.0246	9566	35.0814	7944	29.1330	9240	33.8859	10007	36.6987	46868	68.5372	35313	80.7861	0.9839
EST1350807101S1K	stools_11009150	na	EST1361007101S1K_k141_55499	1590441	828897	52.1174	828690	99.9750	817910	98.6992	207	0.0250	818110	98.6986	15756	1.9008	4969	31.5372	4769	30.2678	5616	35.6436	5422	34.4123	46868	46.7611	26250	73.9162	0.9847
EST1350807101S1K	stools_11010101	na	EST1361007101S1K_k141_55499	1590441	1164475	73.2171	1164026	99.9614	1149001	98.7092	449	0.0386	1149437	98.7086	22295	1.9146	7257	32.5499	6822	30.5988	7824	35.0931	7710	34.5817	46868	52.1763	24361	100.0000	0.9850
EST1350807101S1K	stools_11011101	na	EST1361007101S1K_k141_55499	1590441	941282	59.1837	938372	99.6908	926508	98.7357	2910	0.3092	929367	98.7342	19480	2.0695	7565	38.8347	4710	24.1786	6850	35.1643	7372	37.8439	46868	57.7750	21904	100.0000	0.9841
EST1350807101S1K	stools_11021101	na	EST1361007101S1K_k141_55499	1590441	400551	25.1849	400368	99.9543	395300	98.7342	183	0.0457	395476	98.7330	7471	1.8652	2396	32.0707	2220	29.7149	2826	37.8263	2418	32.3651	46868	22.7447	9053	100.0000	0.9917
EST1350807101S1K	stools_11022101	na	EST1361007101S1K_k141_55499	1590441	1260511	79.2554	1260089	99.9665	1243420	98.6772	422	0.0335	1243826	98.6763	24731	1.9620	8046	32.5341	7656	30.9571	8682	35.1057	8482	34.2970	46868	57.7750	31063	78.1605	0.9812
EST1350807101S1K	stools_11035101	na	EST1361007101S1K_k141_55499	1590441	1254207	78.8591	1252075	99.8300	1236092	98.7235	2132	0.1700	1238196	98.7234	25382	2.0237	9371	36.9199	7271	28.6463	8592	33.8508	9568	37.6960	46868	44.5208	17889	100.0000	0.9816
EST1350807101S1K	stools_11036101	na	EST1361007101S1K_k141_55499	1590441	726199	45.6602	724301	99.7386	715440	98.7766	1898	0.2614	717312	98.7762	13345	1.8377	4458	33.4058	2589	19.4005	5796	43.4320	4603	34.4923	46868	35.0303	12958	100.0000	0.9817
EST1350807101S1K	stools_11055101	na	EST1361007101S1K_k141_55499	1590441	982762	61.7918	982075	99.9301	970012	98.7717	687	0.0699	970674	98.7700	17997	1.8313	5909	32.8332	5266	29.2604	6817	37.8785	5942	33.0166	46868	48.0754	21797	100.0000	0.9838
EST1350807101S1K	stools_11106501	na	EST1361007101S1K_k141_55499	1590441	340987	21.4398	340895	99.9730	336592	98.7377	92	0.0270	336682	98.7375	6075	1.7816	1770	29.1358	1680	27.6543	2453	40.3786	1971	32.4444	46868	0.0000	0	0.0000	0.9862
EST1350807101S1K	stools_11107101	na	EST1361007101S1K_k141_55499	1590441	1289996	81.1093	1289263	99.9432	1271717	98.6391	733	0.0568	1272422	98.6377	25777	1.9982	8203	31.8229	7512	29.1423	9204	35.7062	9140	35.4580	46868	70.8202	38847	82.5212	0.9861
EST1350807101S1K	stools_12089102	na	EST1361007101S1K_k141_55499	1590441	850664	53.4860	850143	99.9388	838983	98.6873	521	0.0612	839498	98.6874	16294	1.9154	5128	31.4717	4614	28.3172	5825	35.7494	5929	36.3876	46868	46.7611	22393	100.0000	0.9903
EST1350807101S1K	stools_12091101	na	EST1361007101S1K_k141_55499	1590441	1238970	77.9010	1238057	99.9263	1221232	98.6410	913	0.0737	1222114	98.6395	25185	2.0327	8329	33.0713	7471	29.6645	8474	33.6470	9311	36.9704	46868	35.7899	29751	54.3746	0.9715
EST1350807101S1K	stools_12091150	na	EST1361007101S1K_k141_55499	1590441	1222610	76.8724	1221335	99.8957	1205286	98.6859	1275	0.1043	1206531	98.6849	24487	2.0028	8408	34.3366	7184	29.3380	8136	33.2258	9299	37.9753	46868	35.7899	29767	54.0935	0.9714
EST1350807101S1K	stools_12095102	na	EST1361007101S1K_k141_55499	1590441	1005320	63.2101	1005067	99.9748	992389	98.7386	253	0.0252	992629	98.7376	18788	1.8689	6097	32.4516	5857	31.1742	6595	35.1022	6431	34.2293	46868	89.2379	43657	82.2182	0.9846
EST1350807101S1K	stools_12096102	na	EST1361007101S1K_k141_55499	1590441	827530	52.0315	827015	99.9378	816063	98.6757	515	0.0622	816549	98.6730	15577	1.8823	4596	29.5050	4113	26.4043	5893	37.8314	5657	36.3164	46868	57.7750	33786	78.8522	0.9825
EST1350807101S1K	stools_12101102	na	EST1361007101S1K_k141_55499	1590441	1215865	76.4483	1215558	99.9748	1199825	98.7057	307	0.0252	1200119	98.7050	23091	1.8991	7345	31.8089	7053	30.5444	8249	35.7239	7893	34.1821	46868	76.1927	42310	83.0300	0.9877
EST1350807101S1K	stools_12117101	na	EST1361007101S1K_k141_55499	1590441	809071	50.8709	808425	99.9202	797511	98.6500	646	0.0798	798133	98.6481	16044	1.9830	5106	31.8250	4487	27.9668	5640	35.1533	5979	37.2663	46868	57.7750	34136	79.0134	0.9825
EST1350807101S1K	stools_12118101	na	EST1361007101S1K_k141_55499	1590441	922745	58.0182	922424	99.9652	910122	98.6663	321	0.0348	910421	98.6644	17063	1.8492	4739	27.7735	4443	26.0388	6721	39.3893	5983	35.0642	46868	57.7750	34404	79.1391	0.9821
EST1350807101S1K	stools_12118150	na	EST1361007101S1K_k141_55499	1590441	838690	52.7332	838499	99.9772	828216	98.7736	191	0.0228	828400	98.7731	15484	1.8462	5194	33.5443	5010	32.3560	5553	35.8628	4972	32.1106	46868	78.2239	33835	100.0000	0.9955
EST1356604101S1K	stools_11001501	na	EST1361007101S1K_k141_55499	1590441	267514	16.8201	267379	99.9495	263958	98.7205	135	0.0505	264090	98.7201	5102	1.9072	1678	32.8891	1546	30.3018	1822	35.7115	1739	34.0847	16231	35.5000	29031	53.3051	0.9817
EST1356604101S1K	stools_11006101	na	ESO1212705120S1K_k141_16	1917768	689622	35.9596	689253	99.9465	671626	97.4426	369	0.0535	671974	97.4409	25594	3.7113	7946	31.0463	7598	29.6866	9853	38.4973	8297	32.4178	16001	35.3040	49293	17.0957	0.9743
EST1356604101S1K	stools_11009101	na	EST1361007101S1K_k141_55499	1590441	1354636	85.1736	1352379	99.8334	1334296	98.6629	2257	0.1666	1336493	98.6607	28348	2.0927	10205	35.9990	8039	28.3583	10020	35.3464	10178	35.9038	16231	64.5000	35313	21.7370	0.9771
EST1356604101S1K	stools_11009150	na	EST1361007101S1K_k141_55499	1590441	816913	51.3639	816358	99.9321	805783	98.7046	555	0.0679	806327	98.7041	15882	1.9441	5296	33.3459	4758	29.9584	5793	36.4753	5350	33.6859	16231	64.5000	26250	31.8629	0.9835
EST1356604101S1K	stools_11010101	na	EST1361007101S1K_k141_55499	1590441	1172731	73.7362	1171788	99.9196	1156510	98.6962	943	0.0804	1157424	98.6948	23208	1.9790	7901	34.0443	6995	30.1405	8548	36.8321	7717	33.2515	16231	64.5000	24361	45.6755	0.9876
EST1356604101S1K	stools_11011101	na	EST1361007101S1K_k141_55499	1590441	950728	59.7776	947424	99.6525	935267	98.7168	3304	0.3475	938514	98.7153	20098	2.1140	7884	39.2278	4659	23.1814	7432	36.9788	7398	36.8096	16231	64.5000	21904	40.4401	0.9871
EST1356604101S1K	stools_11015101	na	ESO1212705120S1K_k141_16	1917768	1433398	74.7430	1419443	99.0264	1385228	97.5895	13955	0.9736	1398847	97.5896	63851	4.4545	29300	45.8881	15772	24.7013	21040	32.9517	23914	37.4528	16001	31.7230	28481	21.4705	0.9821
EST1356604101S1K	stools_11015501	na	ESO1212705120S1K_k141_16	1917768	1385087	72.2239	1374524	99.2374	1340887	97.5528	10563	0.7626	1351208	97.5540	59664	4.3076	25785	43.2170	15546	26.0559	20287	34.0021	21552	36.1223	16001	31.7230	34311	17.8164	0.9790
EST1356604101S1K	stools_11021101	na	EST1361007101S1K_k141_55499	1590441	402704	25.3203	402358	99.9141	397309	98.7451	346	0.0859	397642	98.7430	7679	1.9069	2617	34.0800	2284	29.7435	2894	37.6872	2505	32.6214	16231	64.5000	9053	100.0000	0.9987
EST1356604101S1K	stools_11022101	na	EST1361007101S1K_k141_55499	1590441	1256801	79.0222	1255927	99.9305	1239091	98.6595	874	0.0695	1239946	98.6589	25233	2.0077	8378	33.2026	7532	29.8498	9191	36.4245	8604	34.0982	16231	64.5000	31063	27.0386	0.9804
EST1356604101S1K	stools_11025101	na	ESO1212705120S1K_k141_16	1917768	1176661	61.3558	1175895	99.9349	1144685	97.3459	766	0.0651	1145401	97.3433	45795	3.8919	14535	31.7393	13822	30.1823	17103	37.3469	15235	33.2678	16001	31.7230	65594	7.9565	0.9626
EST1356604101S1K	stools_11025102	na	ESO1212705120S1K_k141_16	1917768	1105301	57.6348	1104570	99.9339	1075660	97.3827	731	0.0661	1076347	97.3804	42576	3.8520	13622	31.9946	12955	30.4279	16088	37.7865	13837	32.4995	16001	31.7230	61221	8.6327	0.9624
EST1356604101S1K	stools_11030150	na	ESO1212705120S1K_k141_16	1917768	1355985	70.7064	1353969	99.8513	1316823	97.2565	2016	0.1487	1318735	97.2529	52957	3.9054	15707	29.6599	13812	26.0815	23373	44.1358	16159	30.5134	16001	35.3040	13220	60.8775	0.9906
EST1356604101S1K	stools_11030501	na	ESO1212705120S1K_k141_16	1917768	1462947	76.2838	1460345	99.8221	1419542	97.2059	2602	0.1779	1421997	97.2009	58703	4.0127	17753	30.2421	15333	26.1196	25457	43.3658	18327	31.2199	16001	35.3040	13103	61.3524	0.9907
EST1356604101S1K	stools_11031101	na	ESO1212705120S1K_k141_16	1917768	1380875	72.0043	1378909	99.8576	1339286	97.1265	1966	0.1424	1341133	97.1220	58834	4.2606	19092	32.4506	17342	29.4762	21656	36.8086	20312	34.5243	16001	0.0000	13723	0.0000	0.9845
EST1356604101S1K	stools_11031150	na	ESO1212705120S1K_k141_16	1917768	1315799	68.6110	1314271	99.8839	1275616	97.0588	1528	0.1161	1277027	97.0533	57043	4.3352	18271	32.0302	16931	29.6811	20958	36.7407	19657	34.4600	16001	0.0000	18970	0.0000	0.9818
EST1356604101S1K	stools_11031501	na	ESO1212705120S1K_k141_16	1917768	1300314	67.8035	1298804	99.8839	1260414	97.0442	1510	0.1161	1261817	97.0394	56514	4.3462	18017	31.8806	16696	29.5431	20815	36.8316	19511	34.5242	16001	0.0000	13708	0.0000	0.9845
EST1356604101S1K	stools_11035101	na	ESO1212705120S1K_k141_16	1917768	1334920	69.6080	1332977	99.8544	1294041	97.0790	1943	0.1456	1295849	97.0732	57907	4.3379	18836	32.5280	17133	29.5871	21238	36.6760	19989	34.5191	16001	0.0000	13728	0.0000	0.9845
EST1356604101S1K	stools_11035101	na	EST1361007101S1K_k141_55499	1590441	1256469	79.0013	1253925	99.7975	1237749	98.7100	2544	0.2025	1240259	98.7099	26052	2.0734	9842	37.7783	7365	28.2704	9047	34.7267	9645	37.0221	16231	64.5000	17889	43.5910	0.9883
EST1356604101S1K	stools_11036101	na	EST1361007101S1K_k141_55499	1590441	717629	45.1214	715465	99.6985	706646	98.7674	2164	0.3015	708774	98.7661	13439	1.8727	4584	34.1097	2464	18.3347	6071	45.1745	4548	33.8418	16231	0.0000	12958	0.0000	0.9816
EST1356604101S1K	stools_11037101	na	ESO1212705120S1K_k141_16	1917768	1309247	68.2693	1308085	99.9112	1271768	97.2237	1162	0.0888	1272853	97.2202	53023	4.0499	16629	31.3619	15566	29.3571	20249	38.1891	17642	33.2724	16001	31.7230	53610	9.5206	0.9689
EST1356604101S1K	stools_11038501	na	ESO1212705120S1K_k141_16	1917768	1365475	71.2013	1363941	99.8877	1325867	97.2085	1534	0.1123	1327302	97.2044	55969	4.0989	17796	31.7962	16396	29.2948	21317	38.0872	18681	33.3774	16001	0.0000	22657	0.0000	0.9798
EST1356604101S1K	stools_11055101	na	EST1361007101S1K_k141_55499	1590441	988862	62.1753	987721	99.8846	974352	98.6465	1141	0.1154	975445	98.6432	19368	1.9586	5951	30.7259	4866	25.1239	8061	41.6202	6467	33.3901	16231	35.5000	21797	25.1594	0.9829
EST1356604101S1K	stools_11055150	na	ESO1212705120S1K_k141_16	1917768	822771	42.9025	821928	99.8975	800120	97.3467	843	0.1025	800925	97.3448	31967	3.8853	10121	31.6608	9318	29.1488	12272	38.3896	10636	33.2718	16001	0.0000	39382	0.0000	0.9765
EST1356604101S1K	stools_11106501	na	EST1361007101S1K_k141_55499	1590441	338795	21.3020	338600	99.9424	334287	98.7262	195	0.0576	334476	98.7252	6170	1.8212	1851	30.0000	1663	26.9530	2678	43.4036	1843	29.8703	16231	0.0000	0	0.0000	0.9934
EST1356604101S1K	stools_11107101	na	EST1361007101S1K_k141_55499	1590441	1292890	81.2913	1291666	99.9053	1274398	98.6631	1224	0.0947	1275600	98.6627	26276	2.0323	8986	34.1985	7829	29.7953	9614	36.5885	8849	33.6771	16231	100.0000	38847	41.4678	0.9852
EST1356604101S1K	stools_12062150	na	ESO1212705120S1K_k141_16	1917768	1356342	70.7250	1354688	99.8781	1315793	97.1289	1654	0.1219	1317335	97.1241	57418	4.2333	18411	32.0649	16949	29.5186	21269	37.0424	19693	34.2976	16001	0.0000	23195	0.0000	0.9796
EST1356604101S1K	stools_12089102	na	EST1361007101S1K_k141_55499	1590441	839243	52.7679	838367	99.8956	827503	98.7041	876	0.1044	828370	98.7044	16365	1.9500	5492	33.5594	4625	28.2615	6046	36.9447	5709	34.8854	16231	64.5000	22393	49.0019	0.9888
EST1356604101S1K	stools_12091101	na	EST1361007101S1K_k141_55499	1590441	1282299	80.6254	1280850	99.8870	1270652	99.2038	1449	0.1130	1272075	99.2027	23421	1.8265	13197	56.3469	11810	50.4248	5641	24.0852	5825	24.8708	16231	100.0000	29751	54.3746	0.9913
EST1356604101S1K	stools_12091150	na	EST1361007101S1K_k141_55499	1590441	1248424	78.4955	1246608	99.8545	1236921	99.2229	1816	0.1455	1238713	99.2221	22500	1.8023	12789	56.8400	11010	48.9333	5396	23.9822	6047	26.8756	16231	100.0000	29767	54.0935	0.9912
EST1356604101S1K	stools_12095102	na	EST1361007101S1K_k141_55499	1590441	1005796	63.2401	1005171	99.9379	993501	98.8390	625	0.0621	994112	98.8383	18697	1.8589	7013	37.5087	6413	34.2996	6438	34.4333	5860	31.3419	16231	100.0000	43657	40.2433	0.9825
EST1356604101S1K	stools_12096102	na	EST1361007101S1K_k141_55499	1590441	830677	52.2294	829874	99.9033	818607	98.6423	803	0.0967	819384	98.6405	16171	1.9467	4878	30.1651	4102	25.3664	6457	39.9295	5689	35.1803	16231	64.5000	33786	30.7613	0.9815
EST1356604101S1K	stools_12101102	na	EST1361007101S1K_k141_55499	1590441	1208727	75.9995	1207945	99.9353	1192401	98.7132	782	0.0647	1193161	98.7122	23332	1.9303	7766	33.2848	7011	30.0489	8513	36.4864	7871	33.7348	16231	64.5000	42310	25.3604	0.9762
EST1356604101S1K	stools_12117101	na	EST1361007101S1K_k141_55499	1590441	817095	51.3754	816097	99.8779	805117	98.6546	998	0.1221	806084	98.6524	16634	2.0357	5623	33.8043	4659	28.0089	6040	36.3112	5978	35.9384	16231	64.5000	34136	31.5239	0.9813
EST1356604101S1K	stools_12118101	na	EST1361007101S1K_k141_55499	1590441	928197	58.3610	927554	99.9307	915309	98.6799	643	0.0693	915930	98.6784	17459	1.8810	5192	29.7382	4573	26.1928	7003	40.1111	5952	34.0913	16231	64.5000	34404	30.1215	0.9811
EST1356604101S1K	stools_12118150	na	EST1361007101S1K_k141_55499	1590441	823170	51.7573	822717	99.9450	812422	98.7487	453	0.0550	812865	98.7481	15418	1.8730	5113	33.1625	4671	30.2958	5802	37.6313	4985	32.3323	16231	100.0000	33835	49.9660	0.9888
EST1356604101S1K	stools_12120101	na	ESO1212705120S1K_k141_16	1917768	1394231	72.7007	1392591	99.8824	1358129	97.5253	1640	0.1176	1359663	97.5206	57672	4.1365	23104	40.0610	21656	37.5503	18080	31.3497	18418	31.9358	16001	0.0000	0	0.0000	0.9917
EST1356609101S1K	stools_11006101	na	ESO1212705120S1K_k141_16	1917768	721499	37.6218	721164	99.9536	704957	97.7527	335	0.0464	705273	97.7511	24432	3.3863	8206	33.5871	7890	32.2937	8388	34.3320	8295	33.9514	29856	57.7907	49293	39.3910	0.9793
EST1356609101S1K	stools_11015101	na	ESO1212705120S1K_k141_16	1917768	1462821	76.2773	1449397	99.0823	1419686	97.9501	13424	0.9177	1432867	97.9523	58407	3.9928	28453	48.7151	15317	26.2246	16252	27.8254	23432	40.1185	29856	82.2113	28481	81.8335	0.9937
EST1356609101S1K	stools_11015501	na	ESO1212705120S1K_k141_16	1917768	1420044	74.0467	1409653	99.2683	1379644	97.8712	10391	0.7317	1389819	97.8715	55596	3.9151	25371	45.6346	15234	27.4013	16217	29.1694	21676	38.9884	29856	82.2113	34311	69.1440	0.9907
EST1356609101S1K	stools_11025101	na	ESO1212705120S1K_k141_16	1917768	1230786	64.1780	1230148	99.9482	1201822	97.6974	638	0.0518	1202416	97.6950	43639	3.5456	15269	34.9893	14692	33.6671	14416	33.0347	14824	33.9696	29856	82.2113	65594	35.6572	0.9733
EST1356609101S1K	stools_11025102	na	ESO1212705120S1K_k141_16	1917768	1144716	59.6900	1144082	99.9446	1118060	97.7255	634	0.0554	1118656	97.7235	40081	3.5014	14021	34.9817	13434	33.5171	13196	32.9233	13677	34.1234	29856	50.4120	61221	21.1986	0.9656
EST1356609101S1K	stools_11030150	na	ESO1212705120S1K_k141_16	1917768	1375686	71.7337	1373888	99.8693	1341655	97.6539	1798	0.1307	1343379	97.6516	48341	3.5140	16034	33.1685	14333	29.6498	18362	37.9843	15933	32.9596	29856	0.0000	13220	0.0000	0.9775
EST1356609101S1K	stools_11030501	na	ESO1212705120S1K_k141_16	1917768	1468819	76.5900	1466623	99.8505	1431997	97.6391	2196	0.1495	1434105	97.6366	52639	3.5838	17925	34.0527	15842	30.0956	19605	37.2442	17505	33.2548	29856	0.0000	13103	0.0000	0.9776
EST1356609101S1K	stools_11031101	na	ESO1212705120S1K_k141_16	1917768	1411230	73.5871	1409758	99.8957	1373606	97.4356	1472	0.1043	1375003	97.4329	54473	3.8600	18246	33.4955	16868	30.9658	17496	32.1187	20468	37.5746	29856	57.7907	13723	100.0000	0.9915
EST1356609101S1K	stools_11031150	na	ESO1212705120S1K_k141_16	1917768	1323673	69.0215	1322628	99.9211	1287777	97.3650	1045	0.0789	1288745	97.3613	52077	3.9343	17149	32.9301	16190	31.0886	16734	32.1332	19482	37.4100	29856	57.7907	18970	72.5356	0.9888
EST1356609101S1K	stools_11031501	na	ESO1212705120S1K_k141_16	1917768	1301043	67.8415	1300041	99.9230	1265662	97.3555	1002	0.0770	1266591	97.3520	51304	3.9433	16852	32.8473	15934	31.0580	16369	31.9059	19348	37.7125	29856	57.7907	13708	100.0000	0.9915
EST1356609101S1K	stools_11035101	na	ESO1212705120S1K_k141_16	1917768	1335908	69.6595	1334533	99.8971	1299650	97.3861	1375	0.1029	1300923	97.3812	52410	3.9232	17425	33.2475	16169	30.8510	16845	32.1408	19718	37.6226	29856	57.7907	13728	100.0000	0.9915
EST1356609101S1K	stools_11037101	na	ESO1212705120S1K_k141_16	1917768	1348284	70.3049	1347412	99.9353	1314201	97.5352	872	0.0647	1315021	97.5329	49898	3.7009	16635	33.3380	15829	31.7227	17026	34.1216	17422	34.9152	29856	82.2113	53610	42.3634	0.9794
EST1356609101S1K	stools_11038501	na	ESO1212705120S1K_k141_16	1917768	1416296	73.8513	1415013	99.9094	1381529	97.6337	1283	0.0906	1382749	97.6314	51784	3.6563	18237	35.2174	17035	32.8963	16812	32.4656	18189	35.1247	29856	57.7907	22657	77.9185	0.9905
EST1356609101S1K	stools_11055150	na	ESO1212705120S1K_k141_16	1917768	861607	44.9276	860834	99.9103	840367	97.6224	773	0.0897	841108	97.6208	30720	3.5654	10221	33.2715	9484	30.8724	10614	34.5508	10827	35.2441	29856	57.7907	39382	45.2542	0.9844
EST1356609101S1K	stools_12062150	na	ESO1212705120S1K_k141_16	1917768	1380105	71.9641	1378898	99.9125	1343203	97.4113	1207	0.0875	1344329	97.4077	53186	3.8538	17410	32.7342	16310	30.6660	17405	32.7248	19856	37.3331	29856	57.7907	23195	75.9043	0.9902
EST1356609101S1K	stools_12120101	na	ESO1212705120S1K_k141_16	1917768	1375201	71.7084	1374167	99.9248	1336261	97.2415	1034	0.0752	1337206	97.2371	55248	4.0174	17253	31.2283	16334	29.5649	17404	31.5016	21928	39.6901	29856	0.0000	0	0.0000	0.9844
EST1356611101S1K	stools_11001501	na	EST1361007101S1K_k141_55499	1590441	177417	11.1552	177372	99.9746	175123	98.7320	45	0.0254	175168	98.7324	3214	1.8116	965	30.0249	920	28.6248	1091	33.9452	1210	37.6478	14569	38.2319	29031	53.3051	0.9817
EST1356611101S1K	stools_11006101	na	ESO1212705120S1K_k141_16	1917768	754052	39.3193	753614	99.9419	735655	97.6169	438	0.0581	736066	97.6148	25637	3.3999	7651	29.8436	7241	28.2443	8610	33.5843	9935	38.7526	8056	100.0000	49293	17.0957	0.9784
EST1356611101S1K	stools_11009101	na	EST1361007101S1K_k141_55499	1590441	852919	53.6278	851835	99.8729	841322	98.7658	1084	0.1271	842386	98.7651	16468	1.9308	5935	36.0396	4873	29.5907	5320	32.3051	6188	37.5759	14569	61.7681	35313	21.7370	0.9845
EST1356611101S1K	stools_11009150	na	EST1361007101S1K_k141_55499	1590441	548053	34.4592	547868	99.9662	541140	98.7720	185	0.0338	541323	98.7720	10039	1.8318	3309	32.9615	3126	31.1386	3438	34.2464	3502	34.8840	14569	61.7681	26250	31.8629	0.9881
EST1356611101S1K	stools_11010101	na	EST1361007101S1K_k141_55499	1590441	751911	47.2769	751582	99.9562	742108	98.7395	329	0.0438	742435	98.7397	13992	1.8609	4516	32.2756	4190	29.9457	4869	34.7985	4961	35.4560	14569	61.7681	24361	45.6755	0.9900
EST1356611101S1K	stools_11011101	na	EST1361007101S1K_k141_55499	1590441	569867	35.8308	567908	99.6562	561193	98.8176	1959	0.3438	563128	98.8174	11408	2.0019	4669	40.9274	2738	24.0007	3607	31.6182	4609	40.4015	14569	61.7681	21904	40.4401	0.9914
EST1356611101S1K	stools_11015101	na	ESO1212705120S1K_k141_16	1917768	1570304	81.8819	1555451	99.0541	1521501	97.8174	14853	0.9459	1536039	97.8179	63418	4.0386	29153	45.9696	14765	23.2820	16962	26.7463	28752	45.3373	8056	0.0000	28481	0.0000	0.9809
EST1356611101S1K	stools_11015501	na	ESO1212705120S1K_k141_16	1917768	1506115	78.5348	1494785	99.2477	1461561	97.7773	11330	0.7523	1472673	97.7796	58913	3.9116	25471	43.2349	14422	24.4802	16552	28.0957	25818	43.8239	8056	0.0000	34311	0.0000	0.9779
EST1356611101S1K	stools_11021101	na	EST1361007101S1K_k141_55499	1590441	266426	16.7517	266323	99.9613	263258	98.8491	103	0.0387	263359	98.8488	4586	1.7213	1519	33.1225	1418	30.9202	1637	35.6956	1535	33.4714	14569	61.7681	9053	100.0000	0.9997
EST1356611101S1K	stools_11022101	na	EST1361007101S1K_k141_55499	1590441	786354	49.4425	786056	99.9621	776201	98.7463	298	0.0379	776495	98.7462	14781	1.8797	4922	33.2995	4629	31.3172	4932	33.3672	5257	35.5659	14569	61.7681	31063	27.0386	0.9847
EST1356611101S1K	stools_11025101	na	ESO1212705120S1K_k141_16	1917768	1279390	66.7124	1278419	99.9241	1246785	97.5255	971	0.0759	1247709	97.5237	45483	3.5551	13802	30.3454	12895	28.3513	14805	32.5506	17977	39.5247	8056	0.0000	65594	0.0000	0.9616
EST1356611101S1K	stools_11025102	na	ESO1212705120S1K_k141_16	1917768	1202910	62.7245	1201951	99.9203	1172438	97.5446	959	0.0797	1173351	97.5427	42455	3.5294	12896	30.3757	12008	28.2841	13868	32.6652	16735	39.4182	8056	0.0000	61221	0.0000	0.9639
EST1356611101S1K	stools_11030150	na	ESO1212705120S1K_k141_16	1917768	1514095	78.9509	1511745	99.8448	1479669	97.8782	2350	0.1552	1481923	97.8752	49057	3.2400	16885	34.4191	14648	29.8591	16890	34.4293	17749	36.1804	8056	100.0000	13220	60.8775	0.9973
EST1356611101S1K	stools_11030501	na	ESO1212705120S1K_k141_16	1917768	1630810	85.0369	1627965	99.8255	1592775	97.8384	2845	0.1745	1595493	97.8344	54342	3.3322	19025	35.0098	16326	30.0431	18329	33.7290	19935	36.6843	8056	100.0000	13103	61.3524	0.9973
EST1356611101S1K	stools_11031101	na	ESO1212705120S1K_k141_16	1917768	1488046	77.5926	1485967	99.8603	1445974	97.3086	2079	0.1397	1447949	97.3054	57685	3.8766	17588	30.4897	15666	27.1578	17813	30.8798	24486	42.4478	8056	0.0000	13723	0.0000	0.9886
EST1356611101S1K	stools_11031150	na	ESO1212705120S1K_k141_16	1917768	1399409	72.9707	1397843	99.8881	1359141	97.2313	1566	0.1119	1360617	97.2280	55315	3.9527	16523	29.8707	15117	27.3289	16981	30.6987	23532	42.5418	8056	0.0000	18970	0.0000	0.9859
EST1356611101S1K	stools_11031501	na	ESO1212705120S1K_k141_16	1917768	1377426	71.8244	1375879	99.8877	1337448	97.2068	1547	0.1123	1338912	97.2039	54760	3.9755	16246	29.6676	14826	27.0745	16760	30.6063	23454	42.8305	8056	0.0000	13708	0.0000	0.9887
EST1356611101S1K	stools_11035101	na	ESO1212705120S1K_k141_16	1917768	1423306	74.2168	1421184	99.8509	1381863	97.2332	2122	0.1491	1383857	97.2284	56552	3.9733	17103	30.2430	15220	26.9133	17306	30.6019	24287	42.9463	8056	0.0000	13728	0.0000	0.9886
EST1356611101S1K	stools_11035101	na	EST1361007101S1K_k141_55499	1590441	802314	50.4460	800896	99.8233	791214	98.7911	1418	0.1767	792618	98.7915	15620	1.9469	5924	37.9257	4528	28.9885	5014	32.0999	6089	38.9821	14569	61.7681	17889	43.5910	0.9957
EST1356611101S1K	stools_11036101	na	EST1361007101S1K_k141_55499	1590441	473629	29.7797	472383	99.7369	467009	98.8624	1246	0.2631	468241	98.8624	8231	1.7379	2843	34.5402	1614	19.6088	3383	41.1007	2993	36.3625	14569	0.0000	12958	0.0000	0.9859
EST1356611101S1K	stools_11037101	na	ESO1212705120S1K_k141_16	1917768	1418636	73.9733	1417313	99.9067	1381517	97.4744	1323	0.0933	1382771	97.4719	52071	3.6705	16206	31.1229	14993	28.7934	16846	32.3520	20524	39.4154	8056	0.0000	53610	0.0000	0.9678
EST1356611101S1K	stools_11038501	na	ESO1212705120S1K_k141_16	1917768	1478215	77.0800	1476556	99.8878	1438686	97.4352	1659	0.1122	1440276	97.4335	54784	3.7061	16845	30.7480	15298	27.9242	17595	32.1170	22130	40.3950	8056	0.0000	22657	0.0000	0.9840
EST1356611101S1K	stools_11055101	na	EST1361007101S1K_k141_55499	1590441	612620	38.5189	612204	99.9321	604644	98.7651	416	0.0679	605050	98.7643	10856	1.7721	3286	30.2690	2880	26.5291	4076	37.5461	3906	35.9801	14569	38.2319	21797	25.1594	0.9838
EST1356611101S1K	stools_11055150	na	ESO1212705120S1K_k141_16	1917768	898886	46.8715	897848	99.8845	875917	97.5574	1038	0.1155	876919	97.5562	31691	3.5256	9724	30.6838	8725	27.5315	10521	33.1987	12616	39.8094	8056	0.0000	39382	0.0000	0.9753
EST1356611101S1K	stools_11106501	na	EST1361007101S1K_k141_55499	1590441	228209	14.3488	228134	99.9671	225430	98.8147	75	0.0329	225505	98.8151	3908	1.7125	1204	30.8086	1129	28.8895	1586	40.5834	1207	30.8854	14569	0.0000	0	0.0000	0.9943
EST1356611101S1K	stools_11107101	na	EST1361007101S1K_k141_55499	1590441	803639	50.5293	803150	99.9392	793247	98.7670	489	0.0608	793724	98.7662	15075	1.8758	5160	34.2289	4684	31.0713	5073	33.6517	5336	35.3964	14569	100.0000	38847	41.4678	0.9843
EST1356611101S1K	stools_12062150	na	ESO1212705120S1K_k141_16	1917768	1454021	75.8184	1452246	99.8779	1413391	97.3245	1775	0.1221	1415069	97.3211	56034	3.8537	17082	30.4851	15450	27.5725	17412	31.0740	23423	41.8014	8056	0.0000	23195	0.0000	0.9837
EST1356611101S1K	stools_12089102	na	EST1361007101S1K_k141_55499	1590441	566188	35.5994	565785	99.9288	558720	98.7513	403	0.0712	559120	98.7517	10411	1.8388	3343	32.1103	2943	28.2682	3558	34.1754	3947	37.9118	14569	61.7681	22393	49.0019	0.9880
EST1356611101S1K	stools_12091101	na	EST1361007101S1K_k141_55499	1590441	766919	48.2205	766356	99.9266	756417	98.7031	563	0.0734	756960	98.7014	14956	1.9501	4997	33.4113	4454	29.7807	4866	32.5354	5632	37.6571	14569	100.0000	29751	54.3746	0.9902
EST1356611101S1K	stools_12091150	na	EST1361007101S1K_k141_55499	1590441	781275	49.1232	780405	99.8886	770562	98.7387	870	0.1114	771422	98.7389	15164	1.9409	5311	35.0237	4451	29.3524	4885	32.2145	5879	38.7695	14569	100.0000	29767	54.0935	0.9901
EST1356611101S1K	stools_12095102	na	EST1361007101S1K_k141_55499	1590441	659029	41.4369	658819	99.9681	650713	98.7696	210	0.0319	650918	98.7692	11952	1.8136	3841	32.1369	3636	30.4217	4078	34.1198	4292	35.9103	14569	100.0000	43657	40.2433	0.9848
EST1356611101S1K	stools_12096102	na	EST1361007101S1K_k141_55499	1590441	514355	32.3404	514047	99.9401	507311	98.6896	308	0.0599	507612	98.6890	9523	1.8514	2780	29.1925	2479	26.0317	3507	36.8266	3588	37.6772	14569	61.7681	33786	30.7613	0.9839
EST1356611101S1K	stools_12101102	na	EST1361007101S1K_k141_55499	1590441	780725	49.0886	780492	99.9702	770702	98.7457	233	0.0298	770932	98.7457	14299	1.8315	4506	31.5127	4276	29.9042	4989	34.8906	5090	35.5969	14569	61.7681	42310	25.3604	0.9787
EST1356611101S1K	stools_12117101	na	EST1361007101S1K_k141_55499	1590441	488523	30.7162	488112	99.9159	481580	98.6618	411	0.0841	481987	98.6621	9622	1.9696	3086	32.0723	2679	27.8424	3199	33.2467	3773	39.2122	14569	61.7681	34136	31.5239	0.9838
EST1356611101S1K	stools_12118101	na	EST1361007101S1K_k141_55499	1590441	575736	36.1998	575548	99.9673	568034	98.6945	188	0.0327	568217	98.6940	10369	1.8010	2850	27.4858	2668	25.7305	3889	37.5060	3861	37.2360	14569	61.7681	34404	30.1215	0.9803
EST1356611101S1K	stools_12118150	na	EST1361007101S1K_k141_55499	1590441	558674	35.1270	558536	99.9753	552000	98.8298	138	0.0247	552137	98.8299	9756	1.7463	3219	32.9951	3082	31.5908	3451	35.3731	3258	33.3948	14569	100.0000	33835	49.9660	0.9912
EST1356611101S1K	stools_12120101	na	ESO1212705120S1K_k141_16	1917768	1493825	77.8939	1492118	99.8857	1449546	97.1469	1707	0.1143	1451142	97.1427	59900	4.0098	17217	28.7429	15684	26.1836	17285	28.8564	27251	45.4942	8056	0.0000	0	0.0000	0.9958
EST1356618101S1K	stools_11006101	na	ESO1212705120S1K_k141_16	1917768	731938	38.1661	731670	99.9634	714655	97.6745	268	0.0366	714915	97.6743	25577	3.4944	8554	33.4441	8294	32.4276	9006	35.2113	8443	33.0101	32876	65.5706	49293	56.4867	0.9823
EST1356618101S1K	stools_11015101	na	ESO1212705120S1K_k141_16	1917768	1522306	79.3790	1507864	99.0513	1474853	97.8107	14442	0.9487	1488984	97.8111	64339	4.2264	31017	48.2087	17000	26.4225	18967	29.4798	24804	38.5520	32876	59.9191	28481	81.8335	0.9884
EST1356618101S1K	stools_11015501	na	ESO1212705120S1K_k141_16	1917768	1467674	76.5303	1456759	99.2563	1424194	97.7646	10915	0.7437	1434878	97.7654	60036	4.0906	27240	45.3728	16607	27.6617	18412	30.6683	22507	37.4892	32876	59.9191	34311	69.1440	0.9853
EST1356618101S1K	stools_11025101	na	ESO1212705120S1K_k141_16	1917768	1246647	65.0051	1246064	99.9532	1215446	97.5428	583	0.0468	1215995	97.5412	46059	3.6946	15407	33.4506	14865	32.2738	15939	34.6056	15616	33.9043	32876	59.9191	65594	35.6572	0.9680
EST1356618101S1K	stools_11025102	na	ESO1212705120S1K_k141_16	1917768	1162141	60.5986	1161522	99.9467	1132983	97.5430	619	0.0533	1133570	97.5415	42685	3.6730	14114	33.0655	13533	31.7043	14913	34.9373	14554	34.0963	32876	41.8755	61221	21.1986	0.9640
EST1356618101S1K	stools_11030150	na	ESO1212705120S1K_k141_16	1917768	1416398	73.8566	1414436	99.8615	1379589	97.5363	1962	0.1385	1381465	97.5337	52078	3.6768	17145	32.9218	15294	29.3675	20748	39.8402	16333	31.3626	32876	24.0297	13220	60.8775	0.9841
EST1356618101S1K	stools_11030501	na	ESO1212705120S1K_k141_16	1917768	1523152	79.4232	1520692	99.8385	1482391	97.4813	2460	0.1615	1484741	97.4782	57635	3.7839	19224	33.3547	16912	29.3433	22630	39.2643	18483	32.0691	32876	24.0297	13103	61.3524	0.9842
EST1356618101S1K	stools_11031101	na	ESO1212705120S1K_k141_16	1917768	1459847	76.1222	1458002	99.8736	1418439	97.2865	1845	0.1264	1420172	97.2822	59424	4.0706	19749	33.2340	18099	30.4574	20283	34.1327	21483	36.1521	32876	41.5409	13723	100.0000	0.9898
EST1356618101S1K	stools_11031150	na	ESO1212705120S1K_k141_16	1917768	1375226	71.7097	1373773	99.8943	1335572	97.2193	1453	0.1057	1336925	97.2149	57178	4.1577	18877	33.0144	17605	30.7898	19504	34.1110	20492	35.8390	32876	41.5409	18970	72.5356	0.9871
EST1356618101S1K	stools_11031501	na	ESO1212705120S1K_k141_16	1917768	1352843	70.5426	1351427	99.8953	1313490	97.1928	1416	0.1047	1314806	97.1884	56637	4.1865	18600	32.8407	17359	30.6496	19329	34.1279	20384	35.9906	32876	41.5409	13708	100.0000	0.9898
EST1356618101S1K	stools_11035101	na	ESO1212705120S1K_k141_16	1917768	1392247	72.5973	1390294	99.8597	1351871	97.2363	1953	0.1403	1353704	97.2316	57946	4.1620	19403	33.4846	17640	30.4421	19729	34.0472	20954	36.1613	32876	41.5409	13728	100.0000	0.9898
EST1356618101S1K	stools_11037101	na	ESO1212705120S1K_k141_16	1917768	1375229	71.7099	1374261	99.9296	1338866	97.4244	968	0.0704	1339777	97.4221	53173	3.8665	17721	33.3271	16847	31.6834	18776	35.3112	17919	33.6994	32876	59.9191	53610	42.3634	0.9741
EST1356618101S1K	stools_11038501	na	ESO1212705120S1K_k141_16	1917768	1445176	75.3572	1443817	99.9060	1406628	97.4243	1359	0.0940	1407911	97.4214	56020	3.8763	18755	33.4791	17496	31.2317	19477	34.7679	19385	34.6037	32876	41.5409	22657	77.9185	0.9852
EST1356618101S1K	stools_11055150	na	ESO1212705120S1K_k141_16	1917768	870472	45.3898	869705	99.9119	848148	97.5213	767	0.0881	848878	97.5193	32303	3.7110	10709	33.1517	9982	30.9012	11657	36.0864	10903	33.7523	32876	41.5409	39382	45.2542	0.9791
EST1356618101S1K	stools_12062150	na	ESO1212705120S1K_k141_16	1917768	1427838	74.4531	1426380	99.8979	1387769	97.2931	1458	0.1021	1389129	97.2890	57813	4.0490	19104	33.0445	17812	30.8097	19779	34.2120	20653	35.7238	32876	41.5409	23195	75.9043	0.9848
EST1356618101S1K	stools_12120101	na	ESO1212705120S1K_k141_16	1917768	1423270	74.2149	1421787	99.8958	1381407	97.1599	1483	0.1042	1382777	97.1549	60140	4.2255	19647	32.6688	18348	30.5088	19644	32.6638	22641	37.6472	32876	0.0000	0	0.0000	0.9829
EST1357103101S1K	stools_11001501	na	EST1361007101S1K_k141_55499	1590441	207489	13.0460	207469	99.9904	204846	98.7357	20	0.0096	204866	98.7358	3791	1.8271	1168	30.8098	1148	30.2822	1280	33.7642	1380	36.4020	37945	33.1954	29031	100.0000	0.9817
EST1357103101S1K	stools_11009101	na	EST1361007101S1K_k141_55499	1590441	954680	60.0261	953619	99.8889	941795	98.7601	1061	0.1111	942835	98.7593	18379	1.9251	6534	35.5514	5500	29.9255	6180	33.6253	6616	35.9976	37945	61.2676	35313	66.5959	0.9783
EST1357103101S1K	stools_11009150	na	EST1361007101S1K_k141_55499	1590441	630394	39.6364	630244	99.9762	622418	98.7583	150	0.0238	622566	98.7582	11613	1.8422	3785	32.5928	3640	31.3442	4008	34.5130	4017	34.5905	37945	46.3329	26250	73.9162	0.9786
EST1357103101S1K	stools_11010101	na	EST1361007101S1K_k141_55499	1590441	866628	54.4898	866303	99.9625	859059	99.1638	325	0.0375	859377	99.1633	14478	1.6706	7227	49.9171	6913	47.7483	3899	26.9305	3701	25.5629	37945	66.8046	24361	100.0000	0.9876
EST1357103101S1K	stools_11011101	na	EST1361007101S1K_k141_55499	1590441	640256	40.2565	638180	99.6758	630254	98.7580	2076	0.3242	632306	98.7583	13168	2.0567	5218	39.6264	3166	24.0431	4514	34.2801	5049	38.3430	37945	61.2676	21904	100.0000	0.9838
EST1357103101S1K	stools_11021101	na	EST1361007101S1K_k141_55499	1590441	298748	18.7840	298633	99.9615	295136	98.8290	115	0.0385	295249	98.8288	5254	1.7587	1755	33.4031	1642	31.2524	1841	35.0400	1782	33.9170	37945	28.2514	9053	100.0000	0.9932
EST1357103101S1K	stools_11022101	na	EST1361007101S1K_k141_55499	1590441	892100	56.0914	891878	99.9751	880387	98.7116	222	0.0249	880603	98.7112	17009	1.9066	5512	32.4064	5296	31.1365	5895	34.6581	5915	34.7757	37945	61.2676	31063	78.1605	0.9788
EST1357103101S1K	stools_11035101	na	EST1361007101S1K_k141_55499	1590441	905962	56.9629	904378	99.8252	893449	98.7915	1584	0.1748	895010	98.7911	17680	1.9515	6728	38.0543	5172	29.2534	5917	33.4672	6616	37.4208	37945	43.1862	17889	71.9772	0.9810
EST1357103101S1K	stools_11036101	na	EST1361007101S1K_k141_55499	1590441	532589	33.4869	531217	99.7424	525193	98.8660	1372	0.2576	526549	98.8659	9403	1.7655	3363	35.7652	2007	21.3443	3956	42.0717	3154	33.5425	37945	33.0162	12958	100.0000	0.9782
EST1357103101S1K	stools_11055101	na	EST1361007101S1K_k141_55499	1590441	682121	42.8888	681694	99.9374	673288	98.7669	427	0.0626	673699	98.7653	12138	1.7794	3716	30.6146	3305	27.2285	4758	39.1992	4110	33.8606	37945	48.1302	21797	100.0000	0.9811
EST1357103101S1K	stools_11106501	na	EST1361007101S1K_k141_55499	1590441	261434	16.4378	261378	99.9786	258230	98.7956	56	0.0214	258285	98.7955	4453	1.7033	1304	29.2836	1250	28.0710	1800	40.4222	1429	32.0907	37945	0.0000	0	0.0000	0.9876
EST1357103101S1K	stools_11107101	na	EST1361007101S1K_k141_55499	1590441	904521	56.8723	904057	99.9487	892667	98.7401	464	0.0513	893124	98.7400	17188	1.9002	5791	33.6921	5343	31.0856	5990	34.8499	5899	34.3205	37945	76.3816	38847	82.5212	0.9836
EST1357103101S1K	stools_12089102	na	EST1361007101S1K_k141_55499	1590441	644692	40.5354	644274	99.9352	636418	98.7806	418	0.0648	636831	98.7807	11804	1.8310	3943	33.4039	3530	29.9051	4122	34.9204	4230	35.8353	37945	46.3329	22393	100.0000	0.9840
EST1357103101S1K	stools_12091101	na	EST1361007101S1K_k141_55499	1590441	881508	55.4254	880918	99.9331	870002	98.7608	590	0.0669	870582	98.7605	17121	1.9422	6195	36.1836	5617	32.8077	5495	32.0951	6020	35.1615	37945	43.3654	29751	54.3746	0.9773
EST1357103101S1K	stools_12091150	na	EST1361007101S1K_k141_55499	1590441	901058	56.6546	900061	99.8894	889180	98.7911	997	0.1106	890163	98.7909	17455	1.9372	6560	37.5824	5580	31.9679	5463	31.2976	6478	37.1126	37945	43.3654	29767	54.0935	0.9772
EST1357103101S1K	stools_12095102	na	EST1361007101S1K_k141_55499	1590441	758522	47.6926	758363	99.9790	749519	98.8338	159	0.0210	749674	98.8335	13551	1.7865	4703	34.7059	4553	33.5990	4549	33.5695	4519	33.3481	37945	100.0000	43657	82.2182	0.9815
EST1357103101S1K	stools_12096102	na	EST1361007101S1K_k141_55499	1590441	575911	36.2108	575619	99.9493	568597	98.7801	292	0.0507	568880	98.7792	10343	1.7959	3312	32.0217	3029	29.2855	3804	36.7785	3593	34.7385	37945	61.2676	33786	78.8522	0.9796
EST1357103101S1K	stools_12101102	na	EST1361007101S1K_k141_55499	1590441	888629	55.8731	888436	99.9783	877822	98.8053	193	0.0217	878011	98.8051	16184	1.8212	5566	34.3920	5385	33.2736	5509	34.0398	5390	33.3045	37945	84.8860	42310	83.0300	0.9847
EST1357103101S1K	stools_12117101	na	EST1361007101S1K_k141_55499	1590441	546249	34.3458	545883	99.9330	539247	98.7844	366	0.0670	539602	98.7832	10297	1.8850	3650	35.4472	3295	31.9996	3369	32.7183	3703	35.9619	37945	61.2676	34136	79.0134	0.9797
EST1357103101S1K	stools_12118101	na	EST1361007101S1K_k141_55499	1590441	642955	40.4262	642784	99.9734	635045	98.7960	171	0.0266	635207	98.7949	11196	1.7413	3448	30.7967	3286	29.3498	4210	37.6027	3777	33.7353	37945	61.2676	34404	79.1391	0.9825
EST1357103101S1K	stools_12118150	na	EST1361007101S1K_k141_55499	1590441	631426	39.7013	631327	99.9843	623666	98.7865	99	0.0157	623763	98.7864	11286	1.7874	3623	32.1017	3526	31.2422	4096	36.2928	3729	33.0409	37945	85.0652	33835	100.0000	0.9894
EST1357107101S1K	stools_11001501	na	EST1361007101S1K_k141_55499	1590441	206392	12.9770	206270	99.9409	203559	98.6857	122	0.0591	203672	98.6821	3930	1.9041	1210	30.7888	1097	27.9135	1408	35.8270	1439	36.6158	0	0.0000	29031	0.0000	0.9817
EST1357107101S1K	stools_11006101	na	ESO1212705120S1K_k141_16	1917768	755933	39.4173	755513	99.9444	738388	97.7333	420	0.0556	738789	97.7321	25825	3.4163	8681	33.6147	8280	32.0620	8986	34.7957	8728	33.7967	24223	53.6143	49293	39.3910	0.9782
EST1357107101S1K	stools_11009101	na	EST1361007101S1K_k141_55499	1590441	1113950	70.0403	1111915	99.8173	1097094	98.6671	2035	0.1827	1099060	98.6633	22746	2.0419	7856	34.5379	5915	26.0046	7725	33.9620	8955	39.3696	0	0.0000	35313	0.0000	0.9778
EST1357107101S1K	stools_11009150	na	EST1361007101S1K_k141_55499	1590441	634096	39.8692	633686	99.9353	625512	98.7101	410	0.0647	625899	98.7073	11924	1.8805	3727	31.2563	3342	28.0275	4265	35.7682	4313	36.1707	0	0.0000	26250	0.0000	0.9835
EST1357107101S1K	stools_11010101	na	EST1361007101S1K_k141_55499	1590441	923243	58.0495	922589	99.9292	910655	98.7065	654	0.0708	911290	98.7053	17346	1.8788	5393	31.0907	4761	27.4473	6090	35.1090	6496	37.4496	0	0.0000	24361	0.0000	0.9847
EST1357107101S1K	stools_11011101	na	NZ_CP049075.1	1754511	664282	37.8614	661735	99.6166	653570	98.7661	2547	0.3834	656057	98.7618	14345	2.1595	6120	42.6629	3654	25.4723	4824	33.6284	5363	37.3858	79434	77.7199	96400	60.4927	0.9634
EST1357107101S1K	stools_11011101	na	EST1361007101S1K_k141_55499	1590441	843365	53.0271	840395	99.6478	830346	98.8043	2970	0.3522	833275	98.8036	17140	2.0323	7050	41.1319	4167	24.3116	5694	33.2205	6714	39.1715	0	0.0000	21904	0.0000	0.9862
EST1357107101S1K	stools_11015101	na	ESO1212705120S1K_k141_16	1917768	1539311	80.2658	1524655	99.0479	1493255	97.9405	14656	0.9521	1507645	97.9428	62683	4.0721	31017	49.4823	16729	26.6883	17798	28.3937	24713	39.4254	24223	100.0000	28481	100.0000	0.9971
EST1357107101S1K	stools_11015501	na	ESO1212705120S1K_k141_16	1917768	1481495	77.2510	1470169	99.2355	1439061	97.8841	11326	0.7645	1450171	97.8856	58670	3.9602	27346	46.6099	16284	27.7552	17383	29.6284	22502	38.3535	24223	100.0000	34311	85.0048	0.9946
EST1357107101S1K	stools_11021101	na	EST1361007101S1K_k141_55499	1590441	318032	19.9965	317803	99.9280	313812	98.7442	229	0.0720	314032	98.7423	5836	1.8350	1836	31.4599	1616	27.6902	2139	36.6518	2080	35.6408	0	0.0000	9053	0.0000	0.9943
EST1357107101S1K	stools_11022101	na	EST1361007101S1K_k141_55499	1590441	1036188	65.1510	1035370	99.9211	1021538	98.6641	818	0.0789	1022329	98.6625	20156	1.9452	6297	31.2413	5529	27.4310	7113	35.2897	7528	37.3487	0	0.0000	31063	0.0000	0.9805
EST1357107101S1K	stools_11025101	na	ESO1212705120S1K_k141_16	1917768	1277608	66.6195	1276610	99.9219	1246704	97.6574	998	0.0781	1247659	97.6559	45775	3.5829	15826	34.5735	14878	32.5025	15390	33.6210	15777	34.4664	24223	100.0000	65594	44.2190	0.9772
EST1357107101S1K	stools_11025102	na	ESO1212705120S1K_k141_16	1917768	1196749	62.4032	1195854	99.9252	1167552	97.6333	895	0.0748	1168403	97.6314	42843	3.5799	14497	33.8375	13649	31.8582	14656	34.2086	14839	34.6358	24223	78.2645	61221	30.2821	0.9739
EST1357107101S1K	stools_11030150	na	ESO1212705120S1K_k141_16	1917768	1444242	75.3085	1441892	99.8373	1406474	97.5436	2350	0.1627	1408723	97.5406	52130	3.6095	16611	31.8646	14368	27.5619	20693	39.6950	17387	33.3532	24223	0.0000	13220	0.0000	0.9805
EST1357107101S1K	stools_11030501	na	ESO1212705120S1K_k141_16	1917768	1547774	80.7071	1544910	99.8150	1506469	97.5118	2864	0.1850	1509217	97.5089	57205	3.6960	18648	32.5985	15927	27.8420	22311	39.0018	19290	33.7208	24223	0.0000	13103	0.0000	0.9805
EST1357107101S1K	stools_11031101	na	ESO1212705120S1K_k141_16	1917768	1482702	77.3139	1480502	99.8516	1441415	97.3599	2200	0.1484	1443501	97.3561	58547	3.9487	19346	33.0435	17301	29.5506	19532	33.3612	22037	37.6398	24223	53.6143	13723	100.0000	0.9897
EST1357107101S1K	stools_11031150	na	ESO1212705120S1K_k141_16	1917768	1380144	71.9662	1378415	99.8747	1341011	97.2864	1729	0.1253	1342639	97.2825	55716	4.0370	18211	32.6854	16619	29.8281	18534	33.2651	20886	37.4865	24223	74.8834	18970	100.0000	0.9924
EST1357107101S1K	stools_11031501	na	ESO1212705120S1K_k141_16	1917768	1354298	70.6184	1352579	99.8731	1315568	97.2637	1719	0.1269	1317184	97.2595	54964	4.0585	17850	32.4758	16277	29.6139	18291	33.2781	20727	37.7101	24223	53.6143	13708	100.0000	0.9897
EST1357107101S1K	stools_11035101	na	ESO1212705120S1K_k141_16	1917768	1394483	72.7139	1392433	99.8530	1354951	97.3082	2050	0.1470	1356875	97.3031	56270	4.0352	18662	33.1651	16786	29.8312	18630	33.1082	21145	37.5778	24223	53.6143	13728	100.0000	0.9898
EST1357107101S1K	stools_11035101	na	EST1361007101S1K_k141_55499	1590441	1006939	63.3119	1005025	99.8099	992448	98.7486	1914	0.1901	994328	98.7476	19802	1.9666	7191	36.3145	5322	26.8761	6599	33.3249	7873	39.7586	0	0.0000	17889	0.0000	0.9888
EST1357107101S1K	stools_11036101	na	NZ_CP049075.1	1754511	469633	26.7672	468445	99.7470	462955	98.8280	1188	0.2530	464124	98.8270	8786	1.8708	3277	37.2980	2112	24.0382	3621	41.2133	2837	32.2900	79434	46.3290	73977	50.4184	0.9535
EST1357107101S1K	stools_11036101	na	EST1361007101S1K_k141_55499	1590441	605288	38.0579	603479	99.7011	596831	98.8984	1809	0.2989	598613	98.8972	10781	1.7811	4106	38.0855	2333	21.6399	4300	39.8850	3768	34.9504	0	0.0000	12958	0.0000	0.9919
EST1357107101S1K	stools_11037101	na	ESO1212705120S1K_k141_16	1917768	1399796	72.9909	1398486	99.9064	1363657	97.5095	1310	0.0936	1364912	97.5079	52388	3.7425	17504	33.4122	16294	31.1025	18243	34.8229	18178	34.6988	24223	78.7310	53610	42.3634	0.9779
EST1357107101S1K	stools_11038501	na	ESO1212705120S1K_k141_16	1917768	1482932	77.3259	1481125	99.8781	1444143	97.5031	1807	0.1219	1445869	97.5007	55883	3.7684	18820	33.6775	17109	30.6158	19022	34.0390	19990	35.7712	24223	53.6143	22657	77.9185	0.9890
EST1357107101S1K	stools_11042501	na	NZ_CP049075.1	1754511	919839	52.4271	918441	99.8480	906274	98.6753	1398	0.1520	907639	98.6737	17870	1.9427	5670	31.7292	4311	24.1242	7917	44.3033	5668	31.7180	79434	77.7199	114886	58.1533	0.9577
EST1357107101S1K	stools_11055101	na	NZ_CP049075.1	1754511	739361	42.1406	738095	99.8288	728821	98.7435	1266	0.1712	730056	98.7415	15048	2.0353	5743	38.1645	4549	30.2299	5582	37.0946	4848	32.2169	79434	39.6933	39270	80.2674	0.9677
EST1357107101S1K	stools_11055101	na	EST1361007101S1K_k141_55499	1590441	876781	55.1282	875547	99.8593	864708	98.7620	1234	0.1407	865895	98.7584	16606	1.8940	5720	34.4454	4587	27.6225	6104	36.7578	5838	35.1560	0	0.0000	21797	0.0000	0.9863
EST1357107101S1K	stools_11055150	na	ESO1212705120S1K_k141_16	1917768	896902	46.7680	895919	99.8904	874714	97.6332	983	0.1096	875668	97.6325	32025	3.5706	10791	33.6956	9837	30.7166	11194	34.9539	11182	34.9165	24223	74.8834	39382	59.7354	0.9802
EST1357107101S1K	stools_11106501	na	EST1361007101S1K_k141_55499	1590441	267436	16.8152	267270	99.9379	264017	98.7829	166	0.0621	264176	98.7810	4690	1.7537	1430	30.4904	1271	27.1002	1918	40.8955	1512	32.2388	0	0.0000	0	0.0000	1.0000
EST1357107101S1K	stools_11107101	na	EST1361007101S1K_k141_55499	1590441	1077587	67.7540	1076473	99.8966	1066419	99.0660	1114	0.1034	1067502	99.0641	19082	1.7708	8997	47.1491	7954	41.6833	5234	27.4290	5821	30.5052	0	0.0000	38847	0.0000	0.9756
EST1357107101S1K	stools_12062150	na	ESO1212705120S1K_k141_16	1917768	1446596	75.4312	1444758	99.8729	1406451	97.3486	1838	0.1271	1408186	97.3448	56991	3.9397	18581	32.6034	16876	29.6117	19247	33.7720	21220	37.2339	24223	53.6143	23195	75.9043	0.9887
EST1357107101S1K	stools_12089102	na	EST1361007101S1K_k141_55499	1590441	656978	41.3079	656296	99.8962	647958	98.7295	682	0.1038	648620	98.7278	12243	1.8635	3885	31.7324	3225	26.3416	4413	36.0451	4602	37.5888	0	0.0000	22393	0.0000	0.9859
EST1357107101S1K	stools_12091101	na	EST1361007101S1K_k141_55499	1590441	1027671	64.6155	1026544	99.8903	1012290	98.6115	1127	0.1097	1013378	98.6092	20665	2.0109	6372	30.8347	5307	25.6811	7026	33.9995	8330	40.3097	0	0.0000	29751	0.0000	0.9813
EST1357107101S1K	stools_12091150	na	EST1361007101S1K_k141_55499	1590441	979086	61.5607	977766	99.8652	964816	98.6756	1320	0.1348	966103	98.6740	19247	1.9658	6264	32.5453	4992	25.9365	6501	33.7767	7792	40.4842	0	0.0000	29767	0.0000	0.9813
EST1357107101S1K	stools_12095102	na	EST1361007101S1K_k141_55499	1590441	785727	49.4031	785293	99.9448	775290	98.7262	434	0.0552	775705	98.7245	14389	1.8313	4367	30.3496	3955	27.4863	5137	35.7009	5335	37.0769	0	0.0000	43657	0.0000	0.9726
EST1357107101S1K	stools_12096102	na	NZ_CP049075.1	1754511	695922	39.6647	694919	99.8559	685657	98.6672	1003	0.1441	686635	98.6655	13996	2.0111	4709	33.6453	3755	26.8291	5475	39.1183	4745	33.9025	79434	46.3290	64235	83.1665	0.9590
EST1357107101S1K	stools_12096102	na	EST1361007101S1K_k141_55499	1590441	728108	45.7803	727260	99.8835	717605	98.6724	848	0.1165	718427	98.6704	14026	1.9264	4345	30.9782	3546	25.2816	5278	37.6301	5210	37.1453	0	0.0000	33786	0.0000	0.9788
EST1357107101S1K	stools_12101102	na	EST1361007101S1K_k141_55499	1590441	967843	60.8538	967231	99.9368	954626	98.6968	612	0.0632	955215	98.6952	18132	1.8734	5504	30.3552	4915	27.1068	6507	35.8868	6748	37.2160	0	0.0000	42310	0.0000	0.9734
EST1357107101S1K	stools_12117101	na	NZ_CP049075.1	1754511	690924	39.3799	689900	99.8518	680440	98.6288	1024	0.1482	681429	98.6258	14494	2.0978	4999	34.4901	4038	27.8598	5279	36.4220	5194	35.8355	79434	46.3290	58118	81.8060	0.9564
EST1357107101S1K	stools_12117101	na	EST1361007101S1K_k141_55499	1590441	735133	46.2220	734145	99.8656	724177	98.6422	988	0.1344	725135	98.6400	14822	2.0162	4824	32.5462	3891	26.2515	5211	35.1572	5756	38.8342	0	0.0000	34136	0.0000	0.9785
EST1357107101S1K	stools_12118101	na	NZ_CP049075.1	1754511	750451	42.7727	749582	99.8842	739513	98.6567	869	0.1158	740350	98.6540	15000	1.9988	4899	32.6600	4103	27.3533	5977	39.8467	4931	32.8733	79434	84.3556	99533	89.3794	0.9729
EST1357107101S1K	stools_12118101	na	EST1361007101S1K_k141_55499	1590441	803863	50.5434	803211	99.9189	792593	98.6781	652	0.0811	793229	98.6771	15084	1.8764	4450	29.5015	3844	25.4840	5717	37.9011	5532	36.6746	0	0.0000	34404	0.0000	0.9784
EST1357107101S1K	stools_12118150	na	EST1361007101S1K_k141_55499	1590441	643646	40.4697	643321	99.9495	635225	98.7415	325	0.0505	635540	98.7406	11693	1.8167	3587	30.6765	3272	27.9826	4296	36.7399	4133	35.3459	0	0.0000	33835	0.0000	0.9787
EST1357107101S1K	stools_12120101	na	ESO1212705120S1K_k141_16	1917768	1437597	74.9620	1435899	99.8819	1395384	97.1784	1698	0.1181	1396970	97.1740	59366	4.1295	18739	31.5652	17226	29.0166	19063	32.1110	23516	39.6119	24223	0.0000	0	0.0000	0.9874
EST1357108101S1K	stools_11109101	na	NZ_OU701459.1	1584492	305573	19.2852	305540	99.9892	304628	99.7015	33	0.0108	304661	99.7015	7652	2.5041	6740	88.0815	6708	87.6634	462	6.0376	490	6.4036	13834	100.0000	42516	31.3035	0.9997
EST1358301101S1K	stools_11001501	na	EST1361007101S1K_k141_55499	1590441	173717	10.9226	173699	99.9896	171690	98.8434	18	0.0104	171708	98.8435	2950	1.6982	941	31.8983	923	31.2881	899	30.4746	1139	38.6102	31417	76.8565	29031	100.0000	0.9817
EST1358301101S1K	stools_11009101	na	EST1361007101S1K_k141_55499	1590441	810989	50.9915	810068	99.8864	800090	98.7683	921	0.1136	800995	98.7677	15167	1.8702	5173	34.1069	4291	28.2917	4752	31.3312	6042	39.8365	31417	81.3891	35313	71.4977	0.9943
EST1358301101S1K	stools_11009150	na	EST1361007101S1K_k141_55499	1590441	525144	33.0188	524991	99.9709	518489	98.7615	153	0.0291	518641	98.7617	9394	1.7888	2891	30.7750	2739	29.1569	3200	34.0643	3487	37.1194	31417	81.3891	26250	100.0000	0.9939
EST1358301101S1K	stools_11010101	na	EST1361007101S1K_k141_55499	1590441	713889	44.8862	713623	99.9627	704940	98.7833	266	0.0373	705201	98.7830	12625	1.7685	3937	31.1842	3682	29.1644	4261	33.7505	4739	37.5366	31417	23.1435	24361	45.6755	0.9772
EST1358301101S1K	stools_11011101	na	EST1361007101S1K_k141_55499	1590441	539090	33.8956	537444	99.6947	531385	98.8726	1646	0.3053	533018	98.8737	10293	1.9093	4221	41.0085	2594	25.2016	3156	30.6616	4184	40.6490	31417	58.4556	21904	76.7896	0.9883
EST1358301101S1K	stools_11021101	na	EST1361007101S1K_k141_55499	1590441	247738	15.5767	247649	99.9641	244782	98.8423	89	0.0359	244869	98.8419	4201	1.6957	1332	31.7067	1245	29.6358	1441	34.3014	1531	36.4437	31417	23.1435	9053	100.0000	0.9873
EST1358301101S1K	stools_11022101	na	EST1361007101S1K_k141_55499	1590441	748695	47.0747	748494	99.9732	739175	98.7550	201	0.0268	739372	98.7548	13592	1.8154	4269	31.4082	4077	29.9956	4429	32.5853	5117	37.6471	31417	81.3891	31063	83.6397	0.9937
EST1358301101S1K	stools_11035101	na	EST1361007101S1K_k141_55499	1590441	757438	47.6244	756075	99.8201	747027	98.8033	1363	0.1799	748373	98.8032	14337	1.8928	5272	36.7720	3930	27.4116	4441	30.9758	5966	41.6126	31417	23.1435	17889	43.5910	0.9831
EST1358301101S1K	stools_11036101	na	EST1361007101S1K_k141_55499	1590441	453127	28.4907	451972	99.7451	447206	98.9455	1155	0.2549	448352	98.9462	7444	1.6428	2669	35.8544	1523	20.4594	2910	39.0919	2794	37.5336	31417	35.3121	12958	60.4723	0.9851
EST1358301101S1K	stools_11055101	na	EST1361007101S1K_k141_55499	1590441	576535	36.2500	576146	99.9325	569348	98.8201	389	0.0675	569726	98.8190	9863	1.7107	3054	30.9642	2677	27.1418	3537	35.8613	3672	37.2301	31417	53.9230	21797	76.2169	0.9870
EST1358301101S1K	stools_11106501	na	EST1361007101S1K_k141_55499	1590441	216939	13.6402	216883	99.9742	214260	98.7906	56	0.0258	214316	98.7909	3657	1.6857	1034	28.2745	985	26.9346	1437	39.2945	1254	34.2904	31417	0.0000	0	0.0000	0.9930
EST1358301101S1K	stools_11107101	na	EST1361007101S1K_k141_55499	1590441	767100	48.2319	766707	99.9488	758217	98.8927	393	0.0512	758600	98.8919	13592	1.7719	5092	37.4632	4710	34.6527	4013	29.5247	4909	36.1168	31417	100.0000	38847	86.9514	0.9937
EST1358301101S1K	stools_12089102	na	EST1361007101S1K_k141_55499	1590441	537877	33.8194	537532	99.9359	531208	98.8235	345	0.0641	531549	98.8235	9419	1.7511	3091	32.8166	2750	29.1963	3033	32.2009	3684	39.1124	31417	58.4556	22393	100.0000	0.9891
EST1358301101S1K	stools_12091101	na	EST1361007101S1K_k141_55499	1590441	725920	45.6427	725390	99.9270	716178	98.7301	530	0.0730	716698	98.7296	13634	1.8782	4412	32.3603	3899	28.5976	4213	30.9007	5523	40.5090	31417	64.6879	29751	76.7638	0.9822
EST1358301101S1K	stools_12091150	na	EST1361007101S1K_k141_55499	1590441	739882	46.5206	739109	99.8955	729918	98.7565	773	0.1045	730679	98.7562	13899	1.8785	4696	33.7866	3940	28.3474	4251	30.5849	5750	41.3699	31417	64.6879	29767	76.7965	0.9822
EST1358301101S1K	stools_12095102	na	EST1361007101S1K_k141_55499	1590441	628282	39.5036	628112	99.9729	620523	98.7918	170	0.0271	620684	98.7907	11061	1.7605	3463	31.3082	3302	29.8526	3659	33.0802	4150	37.5192	31417	77.0666	43657	54.8205	0.9766
EST1358301101S1K	stools_12096102	na	EST1361007101S1K_k141_55499	1590441	485502	30.5263	485227	99.9434	478938	98.7039	275	0.0566	479203	98.7026	8769	1.8062	2470	28.1674	2205	25.1454	3114	35.5115	3493	39.8335	31417	81.3891	33786	84.9701	0.9938
EST1358301101S1K	stools_12101102	na	EST1361007101S1K_k141_55499	1590441	743625	46.7559	743429	99.9736	734254	98.7659	196	0.0264	734442	98.7651	13257	1.7828	4074	30.7309	3890	29.3430	4410	33.2654	5027	37.9196	31417	81.3891	42310	68.7592	0.9883
EST1358301101S1K	stools_12117101	na	EST1361007101S1K_k141_55499	1590441	459441	28.8876	459089	99.9234	452942	98.6610	352	0.0766	453284	98.6599	8865	1.9295	2708	30.5471	2366	26.6892	2849	32.1376	3680	41.5116	31417	81.3891	34136	85.0744	0.9935
EST1358301101S1K	stools_12118101	na	EST1361007101S1K_k141_55499	1590441	544268	34.2212	544098	99.9688	537152	98.7234	170	0.0312	537314	98.7223	9512	1.7477	2558	26.8923	2396	25.1892	3451	36.2805	3697	38.8667	31417	81.3891	34404	83.3043	0.9938
EST1358301101S1K	stools_12118150	na	EST1361007101S1K_k141_55499	1590441	529047	33.2642	528918	99.9756	522532	98.7926	129	0.0244	522658	98.7924	9180	1.7352	2791	30.4031	2665	29.0305	3164	34.4662	3384	36.8627	31417	77.0666	33835	84.0372	0.9924
EST1358301201S1K	stools_11001501	na	EST1361007101S1K_k141_55499	1590441	265495	16.6932	265421	99.9721	262286	98.8189	74	0.0279	262359	98.8188	4672	1.7597	1536	32.8767	1463	31.3142	1414	30.2654	1818	38.9127	39083	60.3485	29031	100.0000	0.9817
EST1358301201S1K	stools_11009101	na	EST1361007101S1K_k141_55499	1590441	1312931	82.5514	1311139	99.8635	1294328	98.7178	1792	0.1365	1296076	98.7162	25851	1.9690	8996	34.7994	7273	28.1343	8323	32.1960	10143	39.2364	39083	85.1879	35313	100.0000	0.9946
EST1358301201S1K	stools_11009150	na	EST1361007101S1K_k141_55499	1590441	811354	51.0144	811044	99.9618	800777	98.7341	310	0.0382	801082	98.7340	14961	1.8440	4689	31.3415	4384	29.3029	5011	33.4938	5628	37.6178	39083	59.3225	26250	100.0000	0.9909
EST1358301201S1K	stools_11010101	na	EST1361007101S1K_k141_55499	1590441	1126730	70.8439	1126116	99.9455	1112121	98.7572	614	0.0545	1112716	98.7562	20817	1.8476	6803	32.6800	6214	29.8506	6978	33.5207	7734	37.1523	39083	26.7943	24361	66.6311	0.9731
EST1358301201S1K	stools_11011101	na	EST1361007101S1K_k141_55499	1590441	903484	56.8071	900537	99.6738	889906	98.8195	2947	0.3262	892818	98.8195	17783	1.9683	7117	40.0214	4211	23.6799	5892	33.1328	7091	39.8752	39083	54.7962	21904	100.0000	0.9846
EST1358301201S1K	stools_11021101	na	EST1361007101S1K_k141_55499	1590441	392081	24.6523	391883	99.9495	387169	98.7971	198	0.0505	387361	98.7962	6996	1.7843	2276	32.5329	2084	29.7885	2421	34.6055	2519	36.0063	39083	13.7860	9053	100.0000	0.9874
EST1358301201S1K	stools_11022101	na	EST1361007101S1K_k141_55499	1590441	1219728	76.6912	1219177	99.9548	1203480	98.7125	551	0.0452	1204014	98.7117	23226	1.9042	7512	32.3431	6982	30.0611	7700	33.1525	8631	37.1609	39083	72.3307	31063	100.0000	0.9909
EST1358301201S1K	stools_11035101	na	EST1361007101S1K_k141_55499	1590441	1213314	76.2879	1211072	99.8152	1196207	98.7726	2242	0.1848	1198414	98.7720	23753	1.9577	8853	37.2711	6656	28.0217	7461	31.4108	9661	40.6728	39083	39.6515	17889	100.0000	0.9834
EST1358301201S1K	stools_11036101	na	EST1361007101S1K_k141_55499	1590441	709137	44.5874	707187	99.7250	699277	98.8815	1950	0.2750	701201	98.8809	12273	1.7307	4337	35.3377	2413	19.6610	4995	40.6991	4534	36.9429	39083	41.0102	12958	100.0000	0.9834
EST1358301201S1K	stools_11055101	na	EST1361007101S1K_k141_55499	1590441	954350	60.0054	953525	99.9136	941695	98.7593	825	0.0864	942492	98.7575	17094	1.7912	5236	30.6306	4440	25.9740	6423	37.5746	6285	36.7673	39083	55.8222	21797	100.0000	0.9885
EST1358301201S1K	stools_11106501	na	EST1361007101S1K_k141_55499	1590441	332156	20.8845	332025	99.9606	328003	98.7886	131	0.0394	328127	98.7870	5680	1.7100	1651	29.0669	1534	27.0070	2216	39.0141	1962	34.5423	39083	0.0000	0	0.0000	0.9931
EST1358301201S1K	stools_11107101	na	EST1361007101S1K_k141_55499	1590441	1254737	78.8924	1253879	99.9316	1239532	98.8558	858	0.0684	1240366	98.8547	23120	1.8426	8749	37.8417	7923	34.2690	7129	30.8348	8124	35.1384	39083	87.1427	38847	100.0000	0.9931
EST1358301201S1K	stools_12089102	na	EST1361007101S1K_k141_55499	1590441	827915	52.0557	827287	99.9241	817035	98.7608	628	0.0759	817646	98.7597	15176	1.8330	4907	32.3339	4296	28.3079	5135	33.8363	5826	38.3896	39083	41.7880	22393	100.0000	0.9847
EST1358301201S1K	stools_12091101	na	EST1361007101S1K_k141_55499	1590441	1195930	75.1949	1194914	99.9150	1179099	98.6765	1016	0.0850	1180078	98.6745	23443	1.9602	7591	32.3807	6617	28.2259	7554	32.2228	9335	39.8200	39083	46.1326	29751	76.7638	0.9779
EST1358301201S1K	stools_12091150	na	EST1361007101S1K_k141_55499	1590441	1181753	74.3035	1180335	99.8800	1165210	98.7186	1418	0.1200	1166594	98.7172	22923	1.9397	7764	33.8699	6386	27.8585	7304	31.8632	9368	40.8673	39083	46.1326	29767	76.7965	0.9779
EST1358301201S1K	stools_12095102	na	EST1361007101S1K_k141_55499	1590441	977376	61.4531	976969	99.9584	964806	98.7550	407	0.0416	965193	98.7535	17801	1.8213	5618	31.5600	5233	29.3972	5992	33.6610	6668	37.4586	39083	69.6083	43657	66.7568	0.9760
EST1358301201S1K	stools_12096102	na	EST1361007101S1K_k141_55499	1590441	798440	50.2024	797899	99.9322	787427	98.6876	541	0.0678	787950	98.6862	14663	1.8365	4173	28.4594	3650	24.8926	5437	37.0797	5667	38.6483	39083	72.3307	33786	100.0000	0.9891
EST1358301201S1K	stools_12101102	na	EST1361007101S1K_k141_55499	1590441	1180605	74.2313	1180147	99.9612	1165233	98.7363	458	0.0388	1165673	98.7352	21782	1.8450	6850	31.4480	6413	29.4417	7457	34.2347	8035	36.8883	39083	72.3307	42310	81.0116	0.9835
EST1358301201S1K	stools_12117101	na	EST1361007101S1K_k141_55499	1590441	775789	48.7782	775084	99.9091	764687	98.6586	705	0.0909	765366	98.6565	15114	1.9482	4691	31.0374	4013	26.5515	5211	34.4780	5982	39.5792	39083	72.3307	34136	100.0000	0.9887
EST1358301201S1K	stools_12118101	na	EST1361007101S1K_k141_55499	1590441	889911	55.9537	889524	99.9565	877982	98.7025	387	0.0435	878352	98.7011	15897	1.7864	4338	27.2882	3969	24.9670	6013	37.8247	6002	37.7556	39083	72.3307	34404	100.0000	0.9886
EST1358301201S1K	stools_12118150	na	EST1361007101S1K_k141_55499	1590441	815233	51.2583	814957	99.9661	805004	98.7787	276	0.0339	805273	98.7783	14500	1.7786	4540	31.3103	4273	29.4690	5060	34.8966	5235	36.1034	39083	56.6001	33835	84.0372	0.9880
EST1358302101S1K	stools_11001501	na	EST1361007101S1K_k141_55499	1590441	188985	11.8826	188943	99.9778	186697	98.8113	42	0.0222	186738	98.8110	3225	1.7065	978	30.3256	937	29.0543	1019	31.5969	1293	40.0930	30648	78.4880	29031	100.0000	0.9887
EST1358302101S1K	stools_11009101	na	EST1361007101S1K_k141_55499	1590441	867506	54.5450	866504	99.8845	855787	98.7632	1002	0.1155	856776	98.7631	16180	1.8651	5450	33.6836	4469	27.6205	5085	31.4277	6552	40.4944	30648	80.5469	35313	71.4977	0.9940
EST1358302101S1K	stools_11009150	na	EST1361007101S1K_k141_55499	1590441	567338	35.6717	567176	99.9714	560096	98.7517	162	0.0286	560257	98.7519	10104	1.7809	3023	29.9188	2864	28.3452	3446	34.1053	3850	38.1037	30648	80.5469	26250	100.0000	0.9937
EST1358302101S1K	stools_11010101	na	EST1361007101S1K_k141_55499	1590441	771474	48.5069	771160	99.9593	761818	98.7886	314	0.0407	762127	98.7884	13638	1.7678	4291	31.4636	3984	29.2125	4537	33.2673	5193	38.0774	30648	21.5120	24361	45.6755	0.9768
EST1358302101S1K	stools_11011101	na	EST1361007101S1K_k141_55499	1590441	569284	35.7941	567549	99.6952	561216	98.8841	1735	0.3048	562939	98.8854	10710	1.8813	4365	40.7563	2642	24.6685	3331	31.1018	4381	40.9057	30648	58.0593	21904	76.7896	0.9881
EST1358302101S1K	stools_11021101	na	EST1361007101S1K_k141_55499	1590441	268926	16.9089	268805	99.9550	265736	98.8583	121	0.0450	265855	98.8581	4572	1.7001	1501	32.8303	1382	30.2275	1541	33.7052	1653	36.1549	30648	21.5120	9053	100.0000	0.9873
EST1358302101S1K	stools_11022101	na	EST1361007101S1K_k141_55499	1590441	804551	50.5867	804311	99.9702	794109	98.7316	240	0.0298	794345	98.7315	14683	1.8250	4477	30.4910	4241	28.8837	4864	33.1267	5657	38.5275	30648	80.5469	31063	83.6397	0.9934
EST1358302101S1K	stools_11035101	na	EST1361007101S1K_k141_55499	1590441	817087	51.3749	815617	99.8201	805695	98.7835	1470	0.1799	807153	98.7842	15515	1.8988	5581	35.9716	4123	26.5743	4815	31.0345	6603	42.5588	30648	21.5120	17889	43.5910	0.9828
EST1358302101S1K	stools_11036101	na	EST1361007101S1K_k141_55499	1590441	489150	30.7556	487858	99.7359	482511	98.9040	1292	0.2641	483790	98.9042	8206	1.6776	2846	34.6819	1567	19.0958	3224	39.2883	3181	38.7643	30648	36.5472	12958	60.4723	0.9856
EST1358302101S1K	stools_11055101	na	EST1361007101S1K_k141_55499	1590441	619108	38.9268	618726	99.9383	611174	98.7794	382	0.0617	611548	98.7789	10567	1.7068	3007	28.4565	2633	24.9172	3967	37.5414	3981	37.6739	30648	56.0004	21797	76.2169	0.9876
EST1358302101S1K	stools_11106501	na	EST1361007101S1K_k141_55499	1590441	237862	14.9557	237806	99.9765	234988	98.8150	56	0.0235	235044	98.8153	3926	1.6505	1108	28.2221	1052	26.7957	1530	38.9710	1355	34.5135	30648	0.0000	0	0.0000	0.9930
EST1358302101S1K	stools_11107101	na	EST1361007101S1K_k141_55499	1590441	817526	51.4025	817118	99.9501	808135	98.9006	408	0.0499	808532	98.8999	14238	1.7416	5244	36.8310	4849	34.0567	4323	30.3624	5114	35.9180	30648	100.0000	38847	86.9514	0.9933
EST1358302101S1K	stools_12089102	na	EST1361007101S1K_k141_55499	1590441	583789	36.7061	583392	99.9320	576343	98.7917	397	0.0680	576734	98.7915	10302	1.7647	3247	31.5182	2856	27.7228	3404	33.0421	4097	39.7690	30648	58.0593	22393	100.0000	0.9889
EST1358302101S1K	stools_12091101	na	EST1361007101S1K_k141_55499	1590441	782199	49.1813	781682	99.9339	771755	98.7300	517	0.0661	772256	98.7288	14703	1.8797	4760	32.3743	4261	28.9805	4448	30.2523	5997	40.7876	30648	63.4528	29751	76.7638	0.9850
EST1358302101S1K	stools_12091150	na	EST1361007101S1K_k141_55499	1590441	802682	50.4691	801811	99.8915	791928	98.7674	871	0.1085	792786	98.7671	15043	1.8741	5147	34.2152	4292	28.5315	4542	30.1934	6268	41.6672	30648	63.4528	29767	76.7965	0.9850
EST1358302101S1K	stools_12095102	na	EST1361007101S1K_k141_55499	1590441	683835	42.9966	683632	99.9703	675219	98.7694	203	0.0297	675414	98.7686	12132	1.7741	3711	30.5885	3516	28.9812	4000	32.9707	4683	38.6004	30648	77.5124	43657	54.8205	0.9798
EST1358302101S1K	stools_12096102	na	EST1361007101S1K_k141_55499	1590441	516611	32.4822	516345	99.9485	509747	98.7222	266	0.0515	510011	98.7224	9106	1.7626	2506	27.5203	2242	24.6211	3333	36.6022	3586	39.3806	30648	80.5469	33786	84.9701	0.9932
EST1358302101S1K	stools_12101102	na	EST1361007101S1K_k141_55499	1590441	804005	50.5523	803766	99.9703	793660	98.7427	239	0.0297	793891	98.7420	14419	1.7934	4305	29.8564	4074	28.2544	4807	33.3380	5617	38.9555	30648	80.5469	42310	68.7592	0.9877
EST1358302101S1K	stools_12117101	na	EST1361007101S1K_k141_55499	1590441	485014	30.4956	484678	99.9307	478382	98.7010	336	0.0693	478711	98.7004	9085	1.8731	2782	30.6219	2453	27.0006	2976	32.7573	3703	40.7595	30648	80.5469	34136	85.0744	0.9929
EST1358302101S1K	stools_12118101	na	EST1361007101S1K_k141_55499	1590441	580337	36.4891	580163	99.9700	572892	98.7467	174	0.0300	573065	98.7469	9905	1.7068	2633	26.5825	2460	24.8359	3640	36.7491	3842	38.7885	30648	80.5469	34404	83.3043	0.9895
EST1358302101S1K	stools_12118150	na	EST1361007101S1K_k141_55499	1590441	573414	36.0538	573273	99.9754	566497	98.8180	141	0.0246	566634	98.8176	9845	1.7169	3065	31.1326	2928	29.7410	3381	34.3423	3571	36.2722	30648	77.5124	33835	84.0372	0.9926
EST1358401101S1K	stools_11031101	na	NZ_AP028392.1	1837018	181150	9.8611	180810	99.8123	179433	99.2384	340	0.1877	179773	99.2399	5352	2.9545	3975	74.2713	3635	67.9185	841	15.7138	656	12.2571	138652	46.7364	50293	85.5129	0.9429
EST1358401101S1K	stools_11031501	na	NZ_AP028392.1	1837018	203827	11.0955	203108	99.6472	201606	99.2605	719	0.3528	202324	99.2626	5847	2.8686	4344	74.2945	3626	62.0147	1048	17.9237	642	10.9800	138652	28.3025	34118	100.0000	0.9420
EST1358602101S1K	stools_11001501	na	EST1361007101S1K_k141_55499	1590441	103003	6.4764	102986	99.9835	101745	98.7950	17	0.0165	101762	98.7952	1806	1.7533	565	31.2846	548	30.3433	576	31.8937	692	38.3167	24546	100.0000	29031	100.0000	0.9960
EST1358602101S1K	stools_11009101	na	EST1361007101S1K_k141_55499	1590441	482716	30.3511	482092	99.8707	475978	98.7318	624	0.1293	476592	98.7313	9470	1.9618	3346	35.3326	2735	28.8807	2940	31.0454	3754	39.6410	24546	100.0000	35313	49.7607	0.9913
EST1358602101S1K	stools_11009150	na	EST1361007101S1K_k141_55499	1590441	309380	19.4525	309295	99.9725	305482	98.7672	85	0.0275	305566	98.7672	5593	1.8078	1779	31.8076	1695	30.3057	1864	33.3274	2047	36.5993	24546	100.0000	26250	68.1371	0.9862
EST1358602101S1K	stools_11010101	na	EST1361007101S1K_k141_55499	1590441	421699	26.5146	421557	99.9663	416209	98.7314	142	0.0337	416347	98.7308	7858	1.8634	2506	31.8911	2368	30.1349	2551	32.4637	2964	37.7195	24546	0.0000	24361	0.0000	0.9725
EST1358602101S1K	stools_11011101	na	EST1361007101S1K_k141_55499	1590441	323886	20.3645	322855	99.6817	319060	98.8245	1031	0.3183	320082	98.8255	6371	1.9671	2567	40.2919	1550	24.3290	2036	31.9573	2572	40.3704	24546	53.1166	21904	36.3495	0.9839
EST1358602101S1K	stools_11021101	na	EST1361007101S1K_k141_55499	1590441	147394	9.2675	147332	99.9579	145592	98.8190	62	0.0421	145654	98.8195	2679	1.8176	939	35.0504	877	32.7361	891	33.2587	910	33.9679	24546	0.0000	9053	0.0000	0.9789
EST1358602101S1K	stools_11022101	na	EST1361007101S1K_k141_55499	1590441	446683	28.0855	446557	99.9718	440806	98.7121	126	0.0282	440929	98.7118	8471	1.8964	2717	32.0741	2595	30.6339	2768	32.6762	3135	37.0086	24546	100.0000	31063	56.6011	0.9860
EST1358602101S1K	stools_11035101	na	EST1361007101S1K_k141_55499	1590441	448841	28.2212	448087	99.8320	443008	98.8665	754	0.1680	443753	98.8664	8533	1.9011	3445	40.3727	2701	31.6536	2503	29.3332	3333	39.0601	24546	0.0000	17889	0.0000	0.9797
EST1358602101S1K	stools_11036101	na	EST1361007101S1K_k141_55499	1590441	265220	16.6759	264501	99.7289	261651	98.9225	719	0.2711	262363	98.9228	4513	1.7016	1656	36.6940	944	20.9173	1739	38.5331	1677	37.1593	24546	53.1166	12958	60.4723	0.9894
EST1358602101S1K	stools_11055101	na	EST1361007101S1K_k141_55499	1590441	348887	21.9365	348690	99.9435	344261	98.7298	197	0.0565	344455	98.7297	6234	1.7868	1802	28.9060	1608	25.7940	2285	36.6538	2358	37.8248	24546	100.0000	21797	76.2169	0.9915
EST1358602101S1K	stools_11106501	na	EST1361007101S1K_k141_55499	1590441	131762	8.2846	131740	99.9833	130241	98.8622	22	0.0167	130262	98.8616	2153	1.6340	653	30.3298	632	29.3544	842	39.1082	690	32.0483	24546	0.0000	0	0.0000	0.9846
EST1358602101S1K	stools_11107101	na	EST1361007101S1K_k141_55499	1590441	456770	28.7197	456546	99.9510	450887	98.7605	224	0.0490	451103	98.7593	8519	1.8651	2852	33.4781	2637	30.9543	2832	33.2433	3067	36.0019	24546	100.0000	38847	59.5336	0.9846
EST1358602101S1K	stools_12089102	na	EST1361007101S1K_k141_55499	1590441	313763	19.7281	313549	99.9318	309707	98.7747	214	0.0682	309919	98.7749	5747	1.8316	1903	33.1129	1691	29.4240	1923	33.4609	2149	37.3934	24546	53.1166	22393	50.9981	0.9847
EST1358602101S1K	stools_12091101	na	EST1361007101S1K_k141_55499	1590441	440049	27.6684	439751	99.9323	433925	98.6752	298	0.0677	434219	98.6751	8548	1.9425	2718	31.7969	2424	28.3575	2762	32.3117	3355	39.2489	24546	46.8834	29751	41.7398	0.9780
EST1358602101S1K	stools_12091150	na	EST1361007101S1K_k141_55499	1590441	443436	27.8813	442963	99.8933	437266	98.7139	473	0.1067	437728	98.7128	8595	1.9383	2887	33.5893	2425	28.2141	2730	31.7627	3469	40.3607	24546	46.8834	29767	41.8853	0.9780
EST1358602101S1K	stools_12095102	na	EST1361007101S1K_k141_55499	1590441	374272	23.5326	374194	99.9792	369651	98.7859	78	0.0208	369727	98.7856	6784	1.8126	2239	33.0041	2163	31.8838	2174	32.0460	2461	36.2765	24546	100.0000	43657	27.6451	0.9722
EST1358602101S1K	stools_12096102	na	EST1361007101S1K_k141_55499	1590441	290659	18.2754	290491	99.9422	286776	98.7211	168	0.0578	286939	98.7201	5276	1.8152	1556	29.4920	1394	26.4215	1909	36.1827	2000	37.9075	24546	100.0000	33786	54.2088	0.9849
EST1358602101S1K	stools_12101102	na	EST1361007101S1K_k141_55499	1590441	441945	27.7876	441852	99.9790	436431	98.7731	93	0.0210	436521	98.7727	7930	1.7943	2506	31.6015	2417	30.4792	2678	33.7705	2865	36.1286	24546	100.0000	42310	43.3987	0.9797
EST1358602101S1K	stools_12117101	na	EST1361007101S1K_k141_55499	1590441	272584	17.1389	272393	99.9299	268832	98.6927	191	0.0701	269019	98.6921	5223	1.9161	1658	31.7442	1472	28.1830	1706	32.6632	2071	39.6515	24546	100.0000	34136	53.5505	0.9847
EST1358602101S1K	stools_12118101	na	EST1361007101S1K_k141_55499	1590441	325367	20.4577	325258	99.9665	321135	98.7324	109	0.0335	321239	98.7313	5732	1.7617	1604	27.9833	1501	26.1863	2132	37.1947	2120	36.9853	24546	100.0000	34404	53.1828	0.9849
EST1358602101S1K	stools_12118150	na	EST1361007101S1K_k141_55499	1590441	309819	19.4801	309773	99.9852	306169	98.8366	46	0.0148	306215	98.8367	5391	1.7400	1787	33.1478	1741	32.2946	1816	33.6858	1859	34.4834	24546	100.0000	33835	51.6122	0.9848
EST1359005101S1K	stools_11001501	na	EST1361007101S1K_k141_55499	1590441	272064	17.1062	271678	99.8581	268296	98.7551	386	0.1419	268681	98.7565	5170	1.9003	1787	34.5648	1402	27.1180	1798	34.7776	1907	36.8859	21696	50.7559	29031	46.6949	0.9817
EST1359005101S1K	stools_11009101	na	EST1361007101S1K_k141_55499	1590441	1372035	86.2676	1368472	99.7403	1351899	98.7889	3563	0.2597	1355410	98.7883	28326	2.0645	11701	41.3083	8273	29.2064	9659	34.0994	9846	34.7596	21696	100.0000	35313	52.2839	0.9872
EST1359005101S1K	stools_11009150	na	EST1361007101S1K_k141_55499	1590441	831774	52.2983	830367	99.8308	820540	98.8165	1407	0.1692	821930	98.8165	15994	1.9229	6150	38.4519	4774	29.8487	5667	35.4320	5362	33.5251	21696	100.0000	26250	73.9162	0.9941
EST1359005101S1K	stools_11010101	na	EST1361007101S1K_k141_55499	1590441	1167378	73.3996	1165339	99.8253	1151270	98.7927	2039	0.1747	1153285	98.7928	22690	1.9437	8597	37.8889	6610	29.1318	8184	36.0688	7673	33.8167	21696	49.2441	24361	45.6755	0.9844
EST1359005101S1K	stools_11011101	na	EST1361007101S1K_k141_55499	1590441	949785	59.7183	945562	99.5554	934498	98.8299	4223	0.4446	938673	98.8301	19969	2.1025	8857	44.3537	4753	23.8019	7049	35.2997	7324	36.6768	21696	100.0000	21904	76.7896	0.9937
EST1359005101S1K	stools_11021101	na	EST1361007101S1K_k141_55499	1590441	405262	25.4811	404535	99.8206	399828	98.8364	727	0.1794	400545	98.8361	7575	1.8692	2858	37.7294	2141	28.2640	2790	36.8317	2532	33.4257	21696	49.2441	9053	100.0000	0.9919
EST1359005101S1K	stools_11022101	na	EST1361007101S1K_k141_55499	1590441	1267712	79.7082	1265621	99.8351	1249461	98.7232	2091	0.1649	1251529	98.7234	25528	2.0137	9345	36.6069	7286	28.5412	9205	36.0584	8770	34.3544	21696	100.0000	31063	61.8002	0.9908
EST1359005101S1K	stools_11035101	na	EST1361007101S1K_k141_55499	1590441	1259112	79.1675	1255308	99.6979	1240325	98.8064	3804	0.3021	1244087	98.8067	25824	2.0510	10799	41.8177	7052	27.3079	8896	34.4486	9575	37.0779	21696	49.2441	17889	43.5910	0.9848
EST1359005101S1K	stools_11036101	na	EST1361007101S1K_k141_55499	1590441	731608	46.0003	728755	99.6100	720830	98.9125	2853	0.3900	723661	98.9138	13342	1.8237	5395	40.4362	2608	19.5473	5755	43.1345	4440	33.2784	21696	50.7559	12958	60.4723	0.9880
EST1359005101S1K	stools_11055101	na	EST1361007101S1K_k141_55499	1590441	995462	62.5903	993299	99.7827	981100	98.7719	2163	0.2173	983220	98.7702	19132	1.9219	6890	36.0130	4792	25.0470	7667	40.0742	6411	33.5093	21696	50.7559	21797	51.0575	0.9863
EST1359005101S1K	stools_11106501	na	EST1361007101S1K_k141_55499	1590441	345313	21.7118	344736	99.8329	340385	98.7379	577	0.1671	340954	98.7377	6417	1.8583	2058	32.0711	1499	23.3598	2772	43.1978	2051	31.9620	21696	0.0000	0	0.0000	0.9864
EST1359005101S1K	stools_11107101	na	EST1361007101S1K_k141_55499	1590441	1301714	81.8461	1299206	99.8073	1282469	98.7118	2508	0.1927	1284936	98.7111	26724	2.0530	9946	37.2175	7514	28.1170	9762	36.5290	9190	34.3886	21696	100.0000	38847	55.4226	0.9888
EST1359005101S1K	stools_12089102	na	EST1361007101S1K_k141_55499	1590441	859986	54.0722	858241	99.7971	850662	99.1169	1745	0.2029	852394	99.1172	15171	1.7641	7579	49.9572	5847	38.5406	4556	30.0310	4494	29.6223	21696	100.0000	22393	100.0000	0.9996
EST1359005101S1K	stools_12091101	na	EST1361007101S1K_k141_55499	1590441	1246793	78.3929	1244223	99.7939	1227515	98.6572	2570	0.2061	1230048	98.6570	26253	2.1056	9508	36.2168	7023	26.7512	9316	35.4855	9630	36.6815	21696	49.2441	29751	35.0240	0.9806
EST1359005101S1K	stools_12091150	na	EST1361007101S1K_k141_55499	1590441	1222215	76.8476	1219306	99.7620	1203615	98.7131	2909	0.2380	1206488	98.7132	25220	2.0635	9493	37.6408	6650	26.3680	8828	35.0040	9524	37.7637	21696	49.2441	29767	34.9111	0.9806
EST1359005101S1K	stools_12095102	na	EST1361007101S1K_k141_55499	1590441	1005785	63.2394	1004161	99.8385	991960	98.7850	1624	0.1615	993573	98.7858	19257	1.9146	7045	36.5841	5434	28.2183	7006	36.3816	6591	34.2265	21696	100.0000	43657	41.7528	0.9801
EST1359005101S1K	stools_12096102	na	EST1361007101S1K_k141_55499	1590441	838392	52.7144	836692	99.7972	825791	98.6971	1700	0.2028	827464	98.6966	16515	1.9698	5587	33.8299	3916	23.7118	6612	40.0363	5861	35.4889	21696	100.0000	33786	63.8223	0.9919
EST1359005101S1K	stools_12101102	na	EST1361007101S1K_k141_55499	1590441	1222445	76.8620	1220490	99.8401	1205192	98.7466	1955	0.1599	1207122	98.7465	23815	1.9481	8492	35.6582	6575	27.6087	8782	36.8759	8200	34.4321	21696	100.0000	42310	51.7892	0.9867
EST1359005101S1K	stools_12117101	na	EST1361007101S1K_k141_55499	1590441	819718	51.5403	817938	99.7829	806950	98.6566	1780	0.2171	808697	98.6555	17034	2.0780	6013	35.3000	4272	25.0793	6358	37.3253	6252	36.7031	21696	100.0000	34136	64.0878	0.9919
EST1359005101S1K	stools_12118101	na	EST1361007101S1K_k141_55499	1590441	934488	58.7565	932837	99.8233	920795	98.7091	1651	0.1767	922425	98.7091	17868	1.9121	5805	32.4882	4178	23.3826	7326	41.0007	6194	34.6653	21696	100.0000	34404	62.4433	0.9914
EST1359005101S1K	stools_12118150	na	EST1361007101S1K_k141_55499	1590441	836713	52.6089	835499	99.8549	825465	98.7990	1214	0.1451	826668	98.7995	15733	1.8803	5688	36.1533	4485	28.5070	5903	37.5199	5176	32.8990	21696	100.0000	33835	66.4962	0.9923
EST1359006101S1K	stools_11001501	na	EST1361007101S1K_k141_55499	1590441	127016	7.9862	126989	99.9787	125465	98.7999	27	0.0213	125491	98.7994	2193	1.7266	668	30.4606	642	29.2750	728	33.1965	826	37.6653	11254	0.0000	29031	0.0000	0.9747
EST1359006101S1K	stools_11009101	na	EST1361007101S1K_k141_55499	1590441	582233	36.6083	581441	99.8640	574550	98.8148	792	0.1360	575332	98.8147	11048	1.8975	4147	37.5362	3365	30.4580	3434	31.0825	4157	37.6267	11254	100.0000	35313	21.7370	0.9909
EST1359006101S1K	stools_11009150	na	EST1361007101S1K_k141_55499	1590441	378018	23.7681	377863	99.9590	373296	98.7914	155	0.0410	373451	98.7919	6859	1.8145	2292	33.4159	2137	31.1561	2270	33.0952	2468	35.9819	11254	100.0000	26250	31.8629	0.9869
EST1359006101S1K	stools_11010101	na	EST1361007101S1K_k141_55499	1590441	509456	32.0324	509181	99.9460	503006	98.7873	275	0.0540	503277	98.7871	9294	1.8243	3115	33.5162	2845	30.6111	3055	32.8707	3407	36.6581	11254	100.0000	24361	45.6755	0.9947
EST1359006101S1K	stools_11011101	na	EST1361007101S1K_k141_55499	1590441	384474	24.1740	383257	99.6835	378853	98.8509	1217	0.3165	380059	98.8517	7482	1.9460	3067	40.9917	1864	24.9131	2368	31.6493	2960	39.5616	11254	100.0000	21904	40.4401	0.9935
EST1359006101S1K	stools_11021101	na	EST1361007101S1K_k141_55499	1590441	183286	11.5242	183192	99.9487	180948	98.7751	94	0.0513	181040	98.7746	3279	1.7890	1033	31.5035	941	28.6978	1163	35.4681	1178	35.9256	11254	100.0000	9053	100.0000	0.9985
EST1359006101S1K	stools_11022101	na	EST1361007101S1K_k141_55499	1590441	536688	33.7446	536464	99.9583	529616	98.7235	224	0.0417	529836	98.7233	10069	1.8761	3217	31.9495	2997	29.7646	3357	33.3400	3742	37.1636	11254	100.0000	31063	27.0386	0.9914
EST1359006101S1K	stools_11035101	na	EST1361007101S1K_k141_55499	1590441	540413	33.9788	539439	99.8198	533089	98.8229	974	0.1802	534051	98.8228	10314	1.9085	3952	38.3169	2990	28.9897	3267	31.6754	4055	39.3155	11254	100.0000	17889	43.5910	0.9978
EST1359006101S1K	stools_11036101	na	EST1361007101S1K_k141_55499	1590441	323200	20.3214	322335	99.7324	318858	98.9213	865	0.2676	319716	98.9220	5467	1.6915	1983	36.2722	1125	20.5780	2182	39.9122	2005	36.6746	11254	0.0000	12958	0.0000	0.9880
EST1359006101S1K	stools_11055101	na	EST1361007101S1K_k141_55499	1590441	416034	26.1584	415760	99.9341	410788	98.8041	274	0.0659	411058	98.8039	7166	1.7225	2190	30.5610	1920	26.7932	2637	36.7988	2591	36.1569	11254	0.0000	21797	0.0000	0.9859
EST1359006101S1K	stools_11106501	na	EST1361007101S1K_k141_55499	1590441	160209	10.0732	160158	99.9682	158101	98.7156	51	0.0318	158152	98.7161	2793	1.7433	736	26.3516	685	24.5256	1132	40.5299	989	35.4100	11254	0.0000	0	0.0000	0.9929
EST1359006101S1K	stools_11107101	na	EST1361007101S1K_k141_55499	1590441	545551	34.3019	545228	99.9408	538327	98.7343	323	0.0592	538645	98.7341	10245	1.8779	3339	32.5915	3021	29.4876	3490	34.0654	3738	36.4861	11254	100.0000	38847	27.4178	0.9927
EST1359006101S1K	stools_12089102	na	EST1361007101S1K_k141_55499	1590441	390638	24.5616	390312	99.9165	386796	99.0992	326	0.0835	387121	99.0997	6484	1.6598	2967	45.7588	2642	40.7465	1734	26.7428	2097	32.3411	11254	100.0000	22393	49.0019	0.9926
EST1359006101S1K	stools_12091101	na	EST1361007101S1K_k141_55499	1590441	518719	32.6148	518266	99.9127	511411	98.6773	453	0.0873	511855	98.6767	10197	1.9658	3333	32.6861	2890	28.3417	3267	32.0388	4031	39.5312	11254	100.0000	29751	35.0240	0.9951
EST1359006101S1K	stools_12091150	na	EST1361007101S1K_k141_55499	1590441	525830	33.0619	525205	99.8811	518448	98.7135	625	0.1189	519063	98.7131	10223	1.9442	3456	33.8061	2841	27.7903	3249	31.7813	4160	40.6926	11254	100.0000	29767	34.9111	0.9951
EST1359006101S1K	stools_12095102	na	EST1361007101S1K_k141_55499	1590441	444631	27.9565	444463	99.9622	438890	98.7461	168	0.0378	439055	98.7459	8104	1.8226	2528	31.1945	2363	29.1584	2760	34.0573	2998	36.9941	11254	100.0000	43657	27.1755	0.9946
EST1359006101S1K	stools_12096102	na	EST1361007101S1K_k141_55499	1590441	345451	21.7205	345256	99.9436	340877	98.7317	195	0.0564	341071	98.7321	6226	1.8023	1846	29.6499	1652	26.5339	2203	35.3839	2381	38.2429	11254	100.0000	33786	30.7613	0.9879
EST1359006101S1K	stools_12101102	na	EST1361007101S1K_k141_55499	1590441	529436	33.2886	529220	99.9592	522735	98.7746	216	0.0408	522945	98.7740	9579	1.8093	3088	32.2372	2878	30.0449	3236	33.7822	3481	36.3399	11254	100.0000	42310	25.3604	0.9830
EST1359006101S1K	stools_12117101	na	EST1361007101S1K_k141_55499	1590441	327521	20.5931	327277	99.9255	323049	98.7081	244	0.0745	323290	98.7082	6235	1.9037	2004	32.1411	1763	28.2759	2094	33.5846	2394	38.3962	11254	100.0000	34136	31.5239	0.9880
EST1359006101S1K	stools_12118101	na	EST1361007101S1K_k141_55499	1590441	387107	24.3396	386977	99.9664	382091	98.7374	130	0.0336	382219	98.7373	6824	1.7628	1936	28.3705	1808	26.4947	2460	36.0492	2575	37.7345	11254	100.0000	34404	30.1215	0.9879
EST1359006101S1K	stools_12118150	na	EST1361007101S1K_k141_55499	1590441	380401	23.9180	380284	99.9692	375741	98.8054	117	0.0308	375858	98.8057	6676	1.7550	2133	31.9503	2016	30.1977	2371	35.5153	2309	34.5866	11254	100.0000	33835	32.4250	0.9923
EST1359007101S1K	stools_11001501	na	EST1361007101S1K_k141_55499	1590441	155119	9.7532	155066	99.9658	153137	98.7560	53	0.0342	153189	98.7558	2613	1.6845	683	26.1385	631	24.1485	867	33.1803	1126	43.0922	35034	53.9276	29031	100.0000	0.9817
EST1359007101S1K	stools_11009101	na	EST1361007101S1K_k141_55499	1590441	779491	49.0110	778448	99.8662	768220	98.6861	1043	0.1338	769235	98.6843	14587	1.8713	4331	29.6908	3316	22.7326	4933	33.8178	6307	43.2371	35034	83.9099	35313	85.8098	0.9913
EST1359007101S1K	stools_11009150	na	EST1361007101S1K_k141_55499	1590441	482417	30.3323	482229	99.9610	476100	98.7290	188	0.0390	476283	98.7285	8350	1.7309	2216	26.5389	2033	24.3473	2914	34.8982	3442	41.2216	35034	68.1938	26250	100.0000	0.9918
EST1359007101S1K	stools_11010101	na	EST1361007101S1K_k141_55499	1590441	672549	42.2870	672193	99.9471	663778	98.7481	356	0.0529	664126	98.7476	11653	1.7327	3230	27.7182	2882	24.7318	4002	34.3431	4834	41.4829	35034	46.0724	24361	66.6311	0.9823
EST1359007101S1K	stools_11011101	na	NZ_CP049075.1	1754511	535683	30.5318	533669	99.6240	527347	98.8154	2014	0.3760	529324	98.8129	10550	1.9694	4191	39.7251	2218	21.0237	3110	29.4787	4908	46.5213	150815	83.7450	96400	100.0000	0.9672
EST1359007101S1K	stools_11011101	na	EST1361007101S1K_k141_55499	1590441	560583	35.2470	558683	99.6611	551917	98.7889	1900	0.3389	553797	98.7895	10877	1.9403	4091	37.6115	2211	20.3273	3523	32.3894	4825	44.3597	35034	64.1805	21904	100.0000	0.9896
EST1359007101S1K	stools_11021101	na	EST1361007101S1K_k141_55499	1590441	239128	15.0353	238989	99.9419	236069	98.7782	139	0.0581	236204	98.7772	4021	1.6815	1097	27.2818	962	23.9244	1448	36.0109	1619	40.2636	35034	30.3562	9053	100.0000	0.9988
EST1359007101S1K	stools_11022101	na	EST1361007101S1K_k141_55499	1590441	721097	45.3394	720803	99.9592	711420	98.6983	294	0.0408	711704	98.6974	12786	1.7731	3393	26.5368	3109	24.3157	4467	34.9366	5280	41.2952	35034	83.9099	31063	100.0000	0.9916
EST1359007101S1K	stools_11035101	na	EST1361007101S1K_k141_55499	1590441	719885	45.2632	718581	99.8189	709464	98.7312	1304	0.1811	710752	98.7313	13396	1.8609	4263	31.8229	2977	22.2231	4444	33.1741	6023	44.9612	35034	46.0724	17889	71.9772	0.9860
EST1359007101S1K	stools_11036101	na	NZ_CP049075.1	1754511	470252	26.8025	469032	99.7406	464133	98.9555	1220	0.2594	465343	98.9561	7695	1.6364	2786	36.2053	1576	20.4808	2735	35.5426	3214	41.7674	150815	59.9363	73977	92.5220	0.9478
EST1359007101S1K	stools_11036101	na	EST1361007101S1K_k141_55499	1590441	471485	29.6449	470176	99.7224	465404	98.9851	1309	0.2776	466701	98.9853	7676	1.6280	2892	37.6759	1596	20.7921	2876	37.4674	2965	38.6269	35034	33.8243	12958	100.0000	0.9841
EST1359007101S1K	stools_11042501	na	NZ_CP049075.1	1754511	830132	47.3142	829318	99.9019	819159	98.7750	814	0.0981	819957	98.7743	13979	1.6839	3804	27.2122	3006	21.5037	5537	39.6094	5486	39.2446	150815	76.0236	114886	94.8079	0.9707
EST1359007101S1K	stools_11055101	na	NZ_CP049075.1	1754511	642095	36.5968	641550	99.9151	633638	98.7667	545	0.0849	634175	98.7665	11175	1.7404	3255	29.1275	2719	24.3311	3842	34.3803	4636	41.4855	150815	28.3871	39270	100.0000	0.9350
EST1359007101S1K	stools_11055101	na	EST1361007101S1K_k141_55499	1590441	611699	38.4610	611144	99.9093	603691	98.7805	555	0.0907	604232	98.7793	10527	1.7209	3060	29.0681	2522	23.9574	3953	37.5511	4077	38.7290	35034	49.9144	21797	100.0000	0.9853
EST1359007101S1K	stools_11106501	na	EST1361007101S1K_k141_55499	1590441	203571	12.7997	203493	99.9617	200976	98.7631	78	0.0383	201052	98.7626	3308	1.6250	789	23.8513	713	21.5538	1381	41.7473	1231	37.2128	35034	0.0000	0	0.0000	0.9933
EST1359007101S1K	stools_11107101	na	EST1361007101S1K_k141_55499	1590441	739905	46.5220	739424	99.9350	729778	98.6955	481	0.0650	730250	98.6951	13321	1.8004	3666	27.5205	3195	23.9847	4666	35.0274	5516	41.4083	35034	100.0000	38847	100.0000	0.9965
EST1359007101S1K	stools_12089102	na	EST1361007101S1K_k141_55499	1590441	494011	31.0613	493609	99.9186	487267	98.7152	402	0.0814	487665	98.7154	8694	1.7599	2348	27.0071	1950	22.4293	2979	34.2650	3816	43.8923	35034	48.4643	22393	100.0000	0.9851
EST1359007101S1K	stools_12091101	na	EST1361007101S1K_k141_55499	1590441	724565	45.5575	723935	99.9131	714471	98.6927	630	0.0869	715085	98.6916	13426	1.8530	3946	29.3907	3332	24.8175	4404	32.8020	5720	42.6039	35034	66.1757	29751	76.7638	0.9870
EST1359007101S1K	stools_12091150	na	EST1361007101S1K_k141_55499	1590441	712631	44.8071	711783	99.8810	702786	98.7360	848	0.1190	703624	98.7361	13036	1.8293	4029	30.9067	3191	24.4784	4184	32.0957	5714	43.8325	35034	66.1757	29767	76.7965	0.9869
EST1359007101S1K	stools_12095102	na	EST1361007101S1K_k141_55499	1590441	588368	36.9940	588156	99.9640	580948	98.7745	212	0.0360	581157	98.7744	9945	1.6903	2734	27.4912	2525	25.3896	3446	34.6506	4028	40.5028	35034	80.2706	43657	66.7568	0.9853
EST1359007101S1K	stools_12096102	na	NZ_CP049075.1	1754511	615892	35.1033	615348	99.9117	608133	98.8275	544	0.0883	608663	98.8263	10478	1.7013	3249	31.0078	2720	25.9592	3595	34.3100	4205	40.1317	150815	43.3352	64235	100.0000	0.9483
EST1359007101S1K	stools_12096102	na	EST1361007101S1K_k141_55499	1590441	518744	32.6164	518371	99.9281	512099	98.7901	373	0.0719	512464	98.7894	8965	1.7282	2685	29.9498	2320	25.8784	3173	35.3932	3530	39.3753	35034	83.9099	33786	100.0000	0.9924
EST1359007101S1K	stools_12101102	na	EST1361007101S1K_k141_55499	1590441	697514	43.8566	697224	99.9584	688819	98.7945	290	0.0416	689103	98.7941	11718	1.6800	3307	28.2215	3023	25.7979	4074	34.7670	4698	40.0922	35034	83.9099	42310	81.0116	0.9873
EST1359007101S1K	stools_12117101	na	NZ_CP049075.1	1754511	554545	31.6068	554000	99.9017	547010	98.7383	545	0.0983	547534	98.7357	10262	1.8505	3251	31.6800	2730	26.6030	3240	31.5728	4326	42.1555	150815	43.3352	58118	100.0000	0.9454
EST1359007101S1K	stools_12117101	na	EST1361007101S1K_k141_55499	1590441	475694	29.9096	475298	99.9168	469331	98.7446	396	0.0832	469719	98.7439	8656	1.8197	2681	30.9727	2293	26.4903	2869	33.1446	3544	40.9427	35034	83.9099	34136	100.0000	0.9924
EST1359007101S1K	stools_12118101	na	NZ_CP049075.1	1754511	656490	37.4173	656101	99.9407	648238	98.8016	389	0.0593	648615	98.8004	11078	1.6875	3203	28.9132	2832	25.5642	3883	35.0515	4409	39.7996	150815	67.1439	99533	100.0000	0.9688
EST1359007101S1K	stools_12118101	na	EST1361007101S1K_k141_55499	1590441	570007	35.8396	569735	99.9523	562678	98.7614	272	0.0477	562944	98.7609	9790	1.7175	2727	27.8550	2462	25.1481	3543	36.1900	3841	39.2339	35034	83.9099	34404	100.0000	0.9920
EST1359007101S1K	stools_12118150	na	EST1361007101S1K_k141_55499	1590441	482084	30.3113	481935	99.9691	476005	98.7695	149	0.0309	476152	98.7695	8072	1.6744	2140	26.5114	1993	24.6903	2881	35.6913	3239	40.1264	35034	64.5544	33835	84.0372	0.9849
EST1361001101S1K	stools_11001501	na	EST1361007101S1K_k141_55499	1590441	248863	15.6474	248786	99.9691	245591	98.7158	77	0.0309	245668	98.7162	4672	1.8773	1477	31.6139	1400	29.9658	1626	34.8031	1656	35.4452	32822	51.5782	29031	100.0000	0.9817
EST1361001101S1K	stools_11009101	na	EST1361007101S1K_k141_55499	1590441	1177650	74.0455	1176228	99.8793	1161335	98.7338	1422	0.1207	1162725	98.7326	23214	1.9712	8289	35.7069	6931	29.8570	7910	34.0743	8285	35.6897	32822	66.5255	35313	52.2839	0.9833
EST1361001101S1K	stools_11009150	na	EST1361007101S1K_k141_55499	1590441	760913	47.8429	760624	99.9620	751028	98.7384	289	0.0380	751308	98.7377	14331	1.8834	4726	32.9775	4455	31.0865	5111	35.6639	4820	33.6334	32822	66.5255	26250	73.9162	0.9904
EST1361001101S1K	stools_11010101	na	EST1361007101S1K_k141_55499	1590441	1052767	66.1934	1052217	99.9478	1039865	98.8261	550	0.0522	1040406	98.8259	19465	1.8489	7104	36.4963	6575	33.7786	6645	34.1382	6242	32.0678	32822	48.4218	24361	79.0444	0.9788
EST1361001101S1K	stools_11011101	na	EST1361007101S1K_k141_55499	1590441	804185	50.5636	801584	99.6766	791671	98.7633	2601	0.3234	794245	98.7640	16348	2.0329	6408	39.1975	3855	23.5809	5715	34.9584	6188	37.8517	32822	66.5255	21904	76.7896	0.9866
EST1361001101S1K	stools_11021101	na	EST1361007101S1K_k141_55499	1590441	360915	22.6928	360732	99.9493	356224	98.7503	183	0.0507	356404	98.7501	6642	1.8403	2131	32.0837	1951	29.3737	2449	36.8714	2244	33.7850	32822	32.7098	9053	100.0000	0.9919
EST1361001101S1K	stools_11022101	na	EST1361007101S1K_k141_55499	1590441	1104962	69.4752	1104557	99.9633	1090178	98.6982	405	0.0367	1090569	98.6974	21368	1.9338	6975	32.6423	6589	30.8358	7555	35.3566	7318	34.2475	32822	66.5255	31063	61.8002	0.9838
EST1361001101S1K	stools_11035101	na	EST1361007101S1K_k141_55499	1590441	1112008	69.9182	1109965	99.8163	1096029	98.7445	2043	0.1837	1098034	98.7434	22282	2.0038	8308	37.2857	6316	28.3457	7565	33.9512	8394	37.6717	32822	32.7098	17889	43.5910	0.9810
EST1361001101S1K	stools_11036101	na	EST1361007101S1K_k141_55499	1590441	650979	40.9307	649200	99.7267	641462	98.8081	1779	0.2733	643218	98.8078	11817	1.8153	4056	34.3234	2304	19.4973	5137	43.4713	4016	33.9849	32822	33.8157	12958	60.4723	0.9810
EST1361001101S1K	stools_11055101	na	EST1361007101S1K_k141_55499	1590441	851935	53.5660	851313	99.9270	840434	98.7221	622	0.0730	841037	98.7208	15611	1.8324	4713	30.1903	4110	26.3276	6334	40.5740	5188	33.2330	32822	51.5782	21797	76.2169	0.9862
EST1361001101S1K	stools_11106501	na	EST1361007101S1K_k141_55499	1590441	320127	20.1282	320007	99.9625	316098	98.7785	120	0.0375	316217	98.7786	5672	1.7718	1762	31.0649	1650	29.0903	2371	41.8018	1666	29.3724	32822	0.0000	0	0.0000	0.9863
EST1361001101S1K	stools_11107101	na	EST1361007101S1K_k141_55499	1590441	1121102	70.4900	1120456	99.9424	1105878	98.6989	646	0.0576	1106511	98.6985	21778	1.9426	7187	33.0012	6569	30.1635	7808	35.8527	7445	34.1859	32822	84.2880	38847	69.4725	0.9886
EST1361001101S1K	stools_12089102	na	EST1361007101S1K_k141_55499	1590441	778571	48.9532	777997	99.9263	768170	98.7369	574	0.0737	768740	98.7373	14658	1.8827	4827	32.9308	4257	29.0422	5181	35.3459	5262	35.8985	32822	66.5255	22393	100.0000	0.9958
EST1361001101S1K	stools_12091101	na	EST1361007101S1K_k141_55499	1590441	1094250	68.8017	1093370	99.9196	1079368	98.7194	880	0.0804	1080236	98.7193	21723	1.9852	7709	35.4877	6860	31.5794	7168	32.9973	7665	35.2852	32822	50.4722	29751	54.3746	0.9808
EST1361001101S1K	stools_12091150	na	EST1361007101S1K_k141_55499	1590441	1106434	69.5677	1105131	99.8822	1091276	98.7463	1303	0.1178	1092563	98.7463	21911	1.9803	8040	36.6939	6765	30.8749	7104	32.4221	8069	36.8263	32822	50.4722	29767	54.0935	0.9806
EST1361001101S1K	stools_12095102	na	EST1361007101S1K_k141_55499	1590441	925591	58.1971	925228	99.9608	914062	98.7932	363	0.0392	914421	98.7932	17089	1.8463	5919	34.6363	5564	32.5590	5936	34.7358	5637	32.9861	32822	100.0000	43657	70.2820	0.9868
EST1361001101S1K	stools_12096102	na	EST1361007101S1K_k141_55499	1590441	716808	45.0698	716347	99.9357	707660	98.7873	461	0.0643	708105	98.7859	13041	1.8193	4338	33.2643	3893	29.8520	4782	36.6690	4430	33.9698	32822	66.5255	33786	63.8223	0.9848
EST1361001101S1K	stools_12101102	na	EST1361007101S1K_k141_55499	1590441	1086595	68.3204	1086200	99.9636	1072958	98.7809	395	0.0364	1073340	98.7801	20144	1.8539	6889	34.1988	6516	32.3471	7076	35.1271	6645	32.9875	32822	82.2375	42310	70.7776	0.9810
EST1361001101S1K	stools_12117101	na	EST1361007101S1K_k141_55499	1590441	686781	43.1818	686182	99.9128	678020	98.8105	599	0.0872	678606	98.8097	13044	1.8993	4869	37.3275	4287	32.8657	4224	32.3827	4599	35.2576	32822	66.5255	34136	64.0878	0.9850
EST1361001101S1K	stools_12118101	na	EST1361007101S1K_k141_55499	1590441	802326	50.4468	802022	99.9621	792380	98.7978	304	0.0379	792675	98.7971	14128	1.7609	4477	31.6888	4182	29.6008	5276	37.3443	4737	33.5292	32822	66.5255	34404	62.4433	0.9843
EST1361001101S1K	stools_12118150	na	EST1361007101S1K_k141_55499	1590441	769299	48.3702	769056	99.9684	759466	98.7530	243	0.0316	759703	98.7526	14146	1.8388	4550	32.1646	4313	30.4892	5252	37.1271	4607	32.5675	32822	100.0000	33835	100.0000	0.9961
EST1361002101S1K	stools_11001501	na	EST1361007101S1K_k141_55499	1590441	275127	17.2988	274964	99.9408	271365	98.6911	163	0.0592	271525	98.6908	5304	1.9278	1702	32.0890	1542	29.0724	1850	34.8793	1900	35.8220	32273	51.4579	29031	100.0000	0.9817
EST1361002101S1K	stools_11009101	na	EST1361007101S1K_k141_55499	1590441	1417385	89.1190	1414636	99.8061	1396413	98.7118	2749	0.1939	1399085	98.7089	29790	2.1018	11490	38.5700	8860	29.7415	9995	33.5515	10738	36.0457	32273	83.0416	35313	66.5959	0.9869
EST1361002101S1K	stools_11009150	na	EST1361007101S1K_k141_55499	1590441	842458	52.9701	841960	99.9409	831512	98.7591	498	0.0591	831998	98.7584	16006	1.8999	5546	34.6495	5066	31.6506	5456	34.0872	5512	34.4371	32273	67.3256	26250	73.9162	0.9941
EST1361002101S1K	stools_11010101	na	EST1361007101S1K_k141_55499	1590441	1194567	75.1092	1193543	99.9143	1178035	98.7007	1024	0.0857	1179042	98.7004	23409	1.9596	7884	33.6794	6903	29.4887	8320	35.5419	8218	35.1062	32273	48.5421	24361	66.6311	0.9839
EST1361002101S1K	stools_11011101	na	EST1361007101S1K_k141_55499	1590441	992435	62.4000	988611	99.6147	975816	98.7058	3824	0.3853	979569	98.7036	21588	2.1753	8722	40.4021	4999	23.1564	7889	36.5435	8044	37.2614	32273	83.0416	21904	100.0000	0.9934
EST1361002101S1K	stools_11021101	na	EST1361007101S1K_k141_55499	1590441	414803	26.0810	414474	99.9207	409354	98.7647	329	0.0793	409677	98.7642	7732	1.8640	2606	33.7041	2283	29.5266	2785	36.0191	2666	34.4801	32273	32.8262	9053	100.0000	0.9917
EST1361002101S1K	stools_11022101	na	EST1361007101S1K_k141_55499	1590441	1307845	82.2316	1306733	99.9150	1290054	98.7236	1112	0.0850	1291128	98.7218	25977	1.9862	9260	35.6469	8201	31.5702	8879	34.1802	8905	34.2803	32273	83.0416	31063	78.1605	0.9904
EST1361002101S1K	stools_11035101	na	EST1361007101S1K_k141_55499	1590441	1290592	81.1468	1287705	99.7763	1271806	98.7653	2887	0.2237	1274646	98.7644	26522	2.0550	10576	39.8763	7758	29.2512	8736	32.9387	9934	37.4557	32273	48.5421	17889	71.9772	0.9845
EST1361002101S1K	stools_11036101	na	EST1361007101S1K_k141_55499	1590441	745370	46.8656	743051	99.6889	734442	98.8414	2319	0.3111	736730	98.8408	13715	1.8400	5075	37.0033	2798	20.4010	5794	42.2457	4713	34.3638	32273	50.2154	12958	100.0000	0.9845
EST1361002101S1K	stools_11055101	na	EST1361007101S1K_k141_55499	1590441	1043631	65.6190	1042074	99.8508	1029706	98.8131	1557	0.1492	1031232	98.8119	19810	1.8982	7411	37.4104	5912	29.8435	7304	36.8703	6476	32.6906	32273	67.1738	21797	100.0000	0.9931
EST1361002101S1K	stools_11106501	na	EST1361007101S1K_k141_55499	1590441	348034	21.8829	347791	99.9302	343481	98.7607	243	0.0698	343718	98.7599	6321	1.8162	2005	31.7197	1770	28.0019	2603	41.1802	1960	31.0078	32273	0.0000	0	0.0000	0.9863
EST1361002101S1K	stools_11107101	na	EST1361007101S1K_k141_55499	1590441	1351596	84.9825	1350004	99.8822	1332083	98.6725	1592	0.1178	1333621	98.6701	27780	2.0553	9805	35.2952	8312	29.9208	9874	35.5436	9576	34.4708	32273	100.0000	38847	82.5212	0.9954
EST1361002101S1K	stools_12089102	na	EST1361007101S1K_k141_55499	1590441	865114	54.3946	864189	99.8931	853317	98.7419	925	0.1069	854226	98.7414	16565	1.9148	5677	34.2711	4769	28.7896	5877	35.4784	5929	35.7923	32273	67.3256	22393	100.0000	0.9961
EST1361002101S1K	stools_12091101	na	EST1361007101S1K_k141_55499	1590441	1294949	81.4208	1293225	99.8669	1275486	98.6283	1724	0.1331	1277170	98.6271	27283	2.1069	9504	34.8349	7854	28.7872	9354	34.2851	9986	36.6015	32273	49.7846	29751	54.3746	0.9808
EST1361002101S1K	stools_12091150	na	EST1361007101S1K_k141_55499	1590441	1256318	78.9918	1254411	99.8482	1238027	98.6939	1907	0.1518	1239894	98.6927	25548	2.0336	9124	35.7132	7283	28.5071	8509	33.3059	9798	38.3513	32273	49.7846	29767	54.0935	0.9807
EST1361002101S1K	stools_12095102	na	EST1361007101S1K_k141_55499	1590441	1023144	64.3308	1022456	99.9328	1009605	98.7431	688	0.0672	1010273	98.7420	19353	1.8915	6482	33.4935	5827	30.1090	6756	34.9093	6795	35.1108	32273	100.0000	43657	66.7568	0.9834
EST1361002101S1K	stools_12096102	na	EST1361007101S1K_k141_55499	1590441	868503	54.6077	867451	99.8789	855678	98.6428	1052	0.1211	856699	98.6409	17282	1.9899	5478	31.6977	4461	25.8130	6712	38.8381	6135	35.4994	32273	83.0416	33786	78.8522	0.9917
EST1361002101S1K	stools_12101102	na	EST1361007101S1K_k141_55499	1590441	1248958	78.5290	1247971	99.9210	1232017	98.7216	987	0.0790	1232987	98.7213	24252	1.9418	8281	34.1456	7319	30.1790	8608	35.4940	8307	34.2528	32273	83.0416	42310	64.0416	0.9866
EST1361002101S1K	stools_12117101	na	EST1361007101S1K_k141_55499	1590441	856318	53.8415	855049	99.8518	843184	98.6124	1269	0.1482	844417	98.6102	18014	2.1037	6113	33.9347	4890	27.1456	6564	36.4383	6576	36.5049	32273	83.0416	34136	79.0134	0.9918
EST1361002101S1K	stools_12118101	na	EST1361007101S1K_k141_55499	1590441	967663	60.8424	966720	99.9025	953790	98.6625	943	0.0975	954703	98.6607	18739	1.9365	5779	30.8394	4871	25.9939	7445	39.7300	6455	34.4469	32273	83.0416	34404	79.1391	0.9913
EST1361002101S1K	stools_12118150	na	EST1361007101S1K_k141_55499	1590441	853790	53.6826	853261	99.9380	845664	99.1097	529	0.0620	846185	99.1093	14495	1.6977	6890	47.5336	6383	44.0359	4339	29.9345	3799	26.2090	32273	84.2841	33835	84.0372	0.9958
EST1361007101S1K	stools_11001501	na	EST1361007101S1K_k141_55499	1590441	281014	17.6689	280882	99.9530	277319	98.7315	132	0.0470	277449	98.7314	3695	1.3149	130	3.5183	0	0.0000	75	2.0298	3583	96.9689	0	0.0000	29031	0.0000	0.9817
EST1361007101S1K	stools_11009101	na	EST1361007101S1K_k141_55499	1590441	1448934	91.1027	1446459	99.8292	1427634	98.6985	2475	0.1708	1430044	98.6963	21301	1.4701	2411	11.3187	28	0.1314	542	2.5445	20554	96.4931	0	0.0000	35313	0.0000	0.9778
EST1361007101S1K	stools_11009150	na	EST1361007101S1K_k141_55499	1590441	856220	53.8354	855716	99.9411	845054	98.7540	504	0.0589	845544	98.7531	11167	1.3042	491	4.3969	7	0.0627	294	2.6328	10778	96.5165	0	0.0000	26250	0.0000	0.9835
EST1361007101S1K	stools_11010101	na	EST1361007101S1K_k141_55499	1590441	1224052	76.9631	1223129	99.9246	1207778	98.7449	923	0.0754	1208682	98.7443	16274	1.3295	904	5.5549	3	0.0184	438	2.6914	15672	96.3008	0	0.0000	24361	0.0000	0.9847
EST1361007101S1K	stools_11011101	na	EST1361007101S1K_k141_55499	1590441	1018686	64.0505	1015169	99.6548	1003810	98.8811	3517	0.3452	1007280	98.8803	14876	1.4603	3470	23.3262	28	0.1882	413	2.7763	14353	96.4843	0	0.0000	21904	0.0000	0.9862
EST1361007101S1K	stools_11021101	na	EST1361007101S1K_k141_55499	1590441	426141	26.7939	425835	99.9282	420765	98.8094	306	0.0718	421065	98.8088	5376	1.2616	300	5.5804	0	0.0000	141	2.6228	5191	96.5588	0	0.0000	9053	0.0000	0.9943
EST1361007101S1K	stools_11022101	na	EST1361007101S1K_k141_55499	1590441	1331374	83.7110	1330446	99.9303	1313012	98.6896	928	0.0697	1313912	98.6884	18363	1.3793	901	4.9066	15	0.0817	485	2.6412	17697	96.3731	0	0.0000	31063	0.0000	0.9805
EST1361007101S1K	stools_11035101	na	EST1361007101S1K_k141_55499	1590441	1315709	82.7260	1313012	99.7950	1296792	98.7647	2697	0.2050	1299460	98.7650	18917	1.4378	2668	14.1037	3	0.0159	481	2.5427	18271	96.5851	0	0.0000	17889	0.0000	0.9888
EST1361007101S1K	stools_11036101	na	EST1361007101S1K_k141_55499	1590441	769222	48.3653	766980	99.7085	760542	99.1606	2242	0.2915	762759	99.1598	8680	1.1284	2217	25.5415	11	0.1267	289	3.3295	8336	96.0369	0	0.0000	12958	0.0000	0.9919
EST1361007101S1K	stools_11055101	na	EST1361007101S1K_k141_55499	1590441	1070346	67.2987	1069070	99.8808	1056672	98.8403	1276	0.1192	1057913	98.8384	13675	1.2776	1242	9.0823	7	0.0512	447	3.2687	13123	95.9634	0	0.0000	21797	0.0000	0.9863
EST1361007101S1K	stools_11106501	na	EST1361007101S1K_k141_55499	1590441	365388	22.9740	365210	99.9513	361407	98.9587	178	0.0487	361585	98.9592	3981	1.0895	178	4.4712	7	0.1758	105	2.6375	3832	96.2572	0	0.0000	0	0.0000	1.0000
EST1361007101S1K	stools_11107101	na	EST1361007101S1K_k141_55499	1590441	1375999	86.5168	1374626	99.9002	1356634	98.6911	1373	0.0998	1357969	98.6897	19366	1.4074	1336	6.8987	10	0.0516	551	2.8452	18629	96.1944	0	0.0000	38847	0.0000	0.9756
EST1361007101S1K	stools_12089102	na	EST1361007101S1K_k141_55499	1590441	880895	55.3868	880086	99.9082	869588	98.8072	809	0.0918	870386	98.8070	11307	1.2836	798	7.0576	0	0.0000	266	2.3525	10947	96.8161	0	0.0000	22393	0.0000	0.9859
EST1361007101S1K	stools_12091101	na	EST1361007101S1K_k141_55499	1590441	1330372	83.6480	1328887	99.8884	1310665	98.6288	1485	0.1116	1312110	98.6273	19707	1.4813	1445	7.3324	9	0.0457	528	2.6793	19009	96.4581	0	0.0000	29751	0.0000	0.9813
EST1361007101S1K	stools_12091150	na	EST1361007101S1K_k141_55499	1590441	1287450	80.9492	1285664	99.8613	1268976	98.7020	1786	0.1387	1270728	98.7012	18474	1.4349	1752	9.4836	7	0.0379	467	2.5279	17855	96.6493	0	0.0000	29767	0.0000	0.9813
EST1361007101S1K	stools_12095102	na	EST1361007101S1K_k141_55499	1590441	1040755	65.4381	1040183	99.9450	1027355	98.7668	572	0.0550	1027915	98.7663	13400	1.2875	560	4.1791	3	0.0224	341	2.5448	12958	96.7015	0	0.0000	43657	0.0000	0.9726
EST1361007101S1K	stools_12096102	na	EST1361007101S1K_k141_55499	1590441	884050	55.5852	883147	99.8979	872676	98.8144	903	0.1021	873555	98.8128	11374	1.2866	879	7.7282	1	0.0088	363	3.1915	10917	95.9821	0	0.0000	33786	0.0000	0.9788
EST1361007101S1K	stools_12101102	na	EST1361007101S1K_k141_55499	1590441	1267878	79.7186	1267086	99.9375	1251344	98.7576	792	0.0625	1252118	98.7570	16535	1.3041	775	4.6870	3	0.0181	453	2.7396	15918	96.2685	0	0.0000	42310	0.0000	0.9734
EST1361007101S1K	stools_12117101	na	EST1361007101S1K_k141_55499	1590441	870533	54.7353	869428	99.8731	858137	98.7013	1105	0.1269	859209	98.6992	12397	1.4241	1073	8.6553	5	0.0403	378	3.0491	11900	95.9910	0	0.0000	34136	0.0000	0.9785
EST1361007101S1K	stools_12118101	na	EST1361007101S1K_k141_55499	1590441	985734	61.9787	985007	99.9262	973485	98.8303	727	0.0738	974195	98.8294	12249	1.2426	710	5.7964	3	0.0245	411	3.3554	11736	95.8119	0	0.0000	34404	0.0000	0.9784
EST1361007101S1K	stools_12118150	na	EST1361007101S1K_k141_55499	1590441	864983	54.3864	864490	99.9430	854237	98.8140	493	0.0570	854719	98.8134	10746	1.2423	482	4.4854	0	0.0000	318	2.9592	10324	96.0730	0	0.0000	33835	0.0000	0.9787
EST1361008101S1K	stools_11006101	na	ESO1212705120S1K_k141_16	1917768	740901	38.6335	740569	99.9552	723340	97.6735	332	0.0448	723647	97.6712	25740	3.4741	8486	32.9681	8179	31.7754	8907	34.6037	8831	34.3085	7856	100.0000	49293	17.0957	0.9783
EST1361008101S1K	stools_11015101	na	ESO1212705120S1K_k141_16	1917768	1545271	80.5765	1530535	99.0464	1497593	97.8477	14736	0.9536	1512015	97.8479	64462	4.1716	31206	48.4099	16922	26.2511	18248	28.3082	25927	40.2206	7856	0.0000	28481	0.0000	0.9811
EST1361008101S1K	stools_11015501	na	ESO1212705120S1K_k141_16	1917768	1484132	77.3885	1473011	99.2507	1440502	97.7930	11121	0.7493	1451373	97.7927	60009	4.0434	27250	45.4099	16436	27.3892	17810	29.6789	23273	38.7825	7856	0.0000	34311	0.0000	0.9780
EST1361008101S1K	stools_11025101	na	ESO1212705120S1K_k141_16	1917768	1257215	65.5562	1256507	99.9437	1225881	97.5626	708	0.0563	1226543	97.5603	45959	3.6556	15287	33.2623	14638	31.8501	15592	33.9259	16065	34.9551	7856	0.0000	65594	0.0000	0.9617
EST1361008101S1K	stools_11025102	na	ESO1212705120S1K_k141_16	1917768	1184343	61.7563	1183649	99.9414	1155909	97.6564	694	0.0586	1156559	97.6541	42477	3.5865	14693	34.5905	14055	33.0885	14138	33.2839	14554	34.2632	7856	0.0000	61221	0.0000	0.9640
EST1361008101S1K	stools_11030150	na	ESO1212705120S1K_k141_16	1917768	1494339	77.9207	1492267	99.8613	1457261	97.6542	2072	0.1387	1459227	97.6503	51959	3.4771	16847	32.4236	14896	28.6688	20014	38.5188	17397	33.4822	7856	100.0000	13220	60.8775	0.9972
EST1361008101S1K	stools_11030501	na	ESO1212705120S1K_k141_16	1917768	1614084	84.1647	1611436	99.8359	1572859	97.6060	2648	0.1641	1575378	97.6020	57738	3.5771	19032	32.9627	16546	28.6570	21879	37.8936	19643	34.0209	7856	100.0000	13103	61.3524	0.9973
EST1361008101S1K	stools_11031101	na	ESO1212705120S1K_k141_16	1917768	1478821	77.1116	1476876	99.8685	1436748	97.2829	1945	0.1315	1438573	97.2784	59740	4.0397	19492	32.6281	17755	29.7205	19816	33.1704	22598	37.8273	7856	0.0000	13723	0.0000	0.9887
EST1361008101S1K	stools_11031150	na	ESO1212705120S1K_k141_16	1917768	1396789	72.8341	1395242	99.8892	1356488	97.2224	1547	0.1108	1357916	97.2170	57460	4.1137	18587	32.3477	17232	29.9896	18890	32.8750	21774	37.8942	7856	0.0000	18970	0.0000	0.9860
EST1361008101S1K	stools_11031501	na	ESO1212705120S1K_k141_16	1917768	1375866	71.7431	1374358	99.8904	1335780	97.1930	1508	0.1096	1337188	97.1888	56876	4.1338	18198	31.9959	16865	29.6522	18763	32.9893	21657	38.0776	7856	0.0000	13708	0.0000	0.9888
EST1361008101S1K	stools_11035101	na	ESO1212705120S1K_k141_16	1917768	1419513	74.0190	1417472	99.8562	1378107	97.2229	2041	0.1438	1380013	97.2174	58698	4.1351	19198	32.7064	17396	29.6364	19238	32.7745	22447	38.2415	7856	0.0000	13728	0.0000	0.9887
EST1361008101S1K	stools_11037101	na	ESO1212705120S1K_k141_16	1917768	1395736	72.7792	1394625	99.9204	1359173	97.4580	1111	0.0796	1360212	97.4548	53233	3.8140	17709	33.2670	16700	31.3715	18223	34.2325	18692	35.1136	7856	0.0000	53610	0.0000	0.9679
EST1361008101S1K	stools_11038501	na	ESO1212705120S1K_k141_16	1917768	1459710	76.1150	1458195	99.8962	1420418	97.4093	1515	0.1038	1421841	97.4057	56378	3.8623	18509	32.8302	17121	30.3682	19326	34.2793	20304	36.0140	7856	0.0000	22657	0.0000	0.9841
EST1361008101S1K	stools_11055150	na	ESO1212705120S1K_k141_16	1917768	878486	45.8077	877663	99.9063	855754	97.5037	823	0.0937	856539	97.5017	32362	3.6838	10415	32.1828	9632	29.7633	11535	35.6437	11456	35.3995	7856	0.0000	39382	0.0000	0.9754
EST1361008101S1K	stools_12062150	na	ESO1212705120S1K_k141_16	1917768	1445736	75.3864	1444153	99.8905	1405312	97.3105	1583	0.1095	1406778	97.3053	57924	4.0065	18966	32.7429	17591	30.3691	19213	33.1693	21567	37.2333	7856	0.0000	23195	0.0000	0.9838
EST1361008101S1K	stools_12120101	na	ESO1212705120S1K_k141_16	1917768	1490820	77.7372	1489157	99.8885	1446477	97.1339	1663	0.1115	1448004	97.1280	61978	4.1573	19162	30.9174	17696	28.5521	19309	31.1546	25453	41.0678	7856	0.0000	0	0.0000	0.9959
EST1361010101S1K	stools_11006101	na	ESO1212705120S1K_k141_16	1917768	729425	38.0351	729128	99.9593	711604	97.5966	297	0.0407	711886	97.5955	24849	3.4067	7310	29.4177	7028	28.2828	8226	33.1039	9793	39.4100	7997	100.0000	49293	17.0957	0.9784
EST1361010101S1K	stools_11015101	na	ESO1212705120S1K_k141_16	1917768	1545582	80.5928	1530794	99.0432	1496640	97.7689	14788	0.9568	1511133	97.7711	63201	4.0891	28752	45.4930	14410	22.8003	16697	26.4189	28906	45.7366	7997	0.0000	28481	0.0000	0.9810
EST1361010101S1K	stools_11015501	na	ESO1212705120S1K_k141_16	1917768	1482916	77.3251	1471903	99.2573	1438136	97.7059	11013	0.7427	1448929	97.7081	58761	3.9625	24774	42.1606	14081	23.9632	16403	27.9148	26138	44.4819	7997	0.0000	34311	0.0000	0.9779
EST1361010101S1K	stools_11025101	na	ESO1212705120S1K_k141_16	1917768	1245385	64.9393	1244690	99.9442	1213348	97.4819	695	0.0558	1213996	97.4796	44619	3.5827	13230	29.6510	12602	28.2436	14317	32.0872	17989	40.3169	7997	0.0000	65594	0.0000	0.9616
EST1361010101S1K	stools_11025102	na	ESO1212705120S1K_k141_16	1917768	1169396	60.9769	1168747	99.9445	1139906	97.5323	649	0.0555	1140514	97.5302	41229	3.5257	12347	29.9474	11739	28.4727	13141	31.8732	16580	40.2144	7997	0.0000	61221	0.0000	0.9639
EST1361010101S1K	stools_11030150	na	ESO1212705120S1K_k141_16	1917768	1495114	77.9612	1493008	99.8591	1459396	97.7487	2106	0.1409	1461413	97.7459	49466	3.3085	15765	31.8704	13774	27.8454	17367	35.1090	18680	37.7633	7997	100.0000	13220	60.8775	0.9973
EST1361010101S1K	stools_11030501	na	ESO1212705120S1K_k141_16	1917768	1615099	84.2176	1612476	99.8376	1575395	97.7004	2623	0.1624	1577902	97.6969	54908	3.3997	17711	32.2558	15240	27.7555	18903	34.4267	21169	38.5536	7997	100.0000	13103	61.3524	0.9973
EST1361010101S1K	stools_11031101	na	ESO1212705120S1K_k141_16	1917768	1474732	76.8984	1472837	99.8715	1432819	97.2829	1895	0.1285	1434610	97.2794	57763	3.9168	17641	30.5403	15989	27.6803	17494	30.2858	24653	42.6796	7997	0.0000	13723	0.0000	0.9887
EST1361010101S1K	stools_11031150	na	ESO1212705120S1K_k141_16	1917768	1403392	73.1784	1401858	99.8907	1362964	97.2255	1534	0.1093	1364391	97.2209	55886	3.9822	16885	30.2133	15566	27.8531	16740	29.9538	23943	42.8426	7997	0.0000	18970	0.0000	0.9859
EST1361010101S1K	stools_11031501	na	ESO1212705120S1K_k141_16	1917768	1384285	72.1821	1382759	99.8898	1344071	97.2021	1526	0.1102	1345496	97.1979	55434	4.0045	16645	30.0267	15328	27.6509	16606	29.9563	23838	43.0025	7997	0.0000	13708	0.0000	0.9887
EST1361010101S1K	stools_11035101	na	ESO1212705120S1K_k141_16	1917768	1423522	74.2281	1421364	99.8484	1382305	97.2520	2158	0.1516	1384315	97.2458	56683	3.9819	17476	30.8311	15595	27.5127	16845	29.7179	24522	43.2616	7997	0.0000	13728	0.0000	0.9887
EST1361010101S1K	stools_11037101	na	ESO1212705120S1K_k141_16	1917768	1392759	72.6240	1391678	99.9224	1355044	97.3676	1081	0.0776	1356072	97.3659	51991	3.7330	15304	29.4359	14300	27.5048	16829	32.3691	21212	40.7994	7997	0.0000	53610	0.0000	0.9679
EST1361010101S1K	stools_11038501	na	ESO1212705120S1K_k141_16	1917768	1448810	75.5467	1447363	99.9001	1410525	97.4548	1447	0.0999	1411902	97.4525	53622	3.7011	16714	31.1700	15386	28.6934	16519	30.8064	22054	41.1286	7997	0.0000	22657	0.0000	0.9840
EST1361010101S1K	stools_11055150	na	ESO1212705120S1K_k141_16	1917768	872694	45.5057	871881	99.9068	850072	97.4986	813	0.0932	850862	97.4983	31081	3.5615	9249	29.7577	8459	27.2160	10222	32.8883	12582	40.4813	7997	0.0000	39382	0.0000	0.9753
EST1361010101S1K	stools_12062150	na	ESO1212705120S1K_k141_16	1917768	1442583	75.2220	1440989	99.8895	1402101	97.3013	1594	0.1105	1403595	97.2973	56071	3.8868	17083	30.4667	15689	27.9806	17037	30.3847	23748	42.3534	7997	0.0000	23195	0.0000	0.9837
EST1361010101S1K	stools_12120101	na	ESO1212705120S1K_k141_16	1917768	1483456	77.3533	1481794	99.8880	1438309	97.0654	1662	0.1120	1439843	97.0600	60275	4.0631	16662	27.6433	15184	25.1912	17444	28.9407	28105	46.6280	7997	0.0000	0	0.0000	0.9958
EST2359005102S1K	stools_11001501	na	EST1361007101S1K_k141_55499	1590441	261414	16.4366	260809	99.7686	257692	98.8049	605	0.2314	258293	98.8061	5096	1.9494	1975	38.7559	1374	26.9623	1764	34.6154	1809	35.4984	26432	40.8558	29031	46.6949	0.9817
EST2359005102S1K	stools_11009101	na	EST1361007101S1K_k141_55499	1590441	1363827	85.7515	1358834	99.6339	1342646	98.8087	4993	0.3661	1347570	98.8080	29327	2.1503	13070	44.5664	8247	28.1208	10262	34.9916	9836	33.5391	26432	100.0000	35313	66.5959	0.9906
EST2359005102S1K	stools_11009150	na	EST1361007101S1K_k141_55499	1590441	800726	50.3462	798616	99.7365	789336	98.8380	2110	0.2635	791418	98.8376	15900	1.9857	6592	41.4591	4512	28.3774	5818	36.5912	5064	31.8491	26432	81.0457	26250	73.9162	0.9941
EST2359005102S1K	stools_11010101	na	EST1361007101S1K_k141_55499	1590441	1144472	71.9594	1141413	99.7327	1127986	98.8237	3059	0.2673	1131002	98.8230	22921	2.0028	9451	41.2329	6456	28.1663	8372	36.5255	7421	32.3764	26432	59.1442	24361	66.6311	0.9845
EST2359005102S1K	stools_11011101	na	EST1361007101S1K_k141_55499	1590441	966909	60.7950	961547	99.4454	950529	98.8541	5362	0.5546	955820	98.8531	21104	2.1826	10015	47.4555	4880	23.1236	7744	36.6945	7354	34.8465	26432	100.0000	21904	100.0000	0.9970
EST2359005102S1K	stools_11021101	na	EST1361007101S1K_k141_55499	1590441	393342	24.7316	392314	99.7386	387900	98.8749	1028	0.2614	388916	98.8748	7531	1.9146	3105	41.2296	2103	27.9246	2804	37.2328	2385	31.6691	26432	40.1899	9053	100.0000	0.9920
EST2359005102S1K	stools_11022101	na	EST1361007101S1K_k141_55499	1590441	1269033	79.7913	1265476	99.7197	1249769	98.7588	3557	0.2803	1253281	98.7587	26545	2.0918	10793	40.6593	7308	27.5306	9840	37.0691	8635	32.5297	26432	100.0000	31063	78.1605	0.9941
EST2359005102S1K	stools_11035101	na	EST1361007101S1K_k141_55499	1590441	1242661	78.1331	1237696	99.6005	1223213	98.8298	4965	0.3995	1228124	98.8302	26359	2.1212	11822	44.8500	6948	26.3591	9317	35.3466	9292	35.2517	26432	59.1442	17889	71.9772	0.9881
EST2359005102S1K	stools_11036101	na	EST1361007101S1K_k141_55499	1590441	716296	45.0376	712711	99.4995	705159	98.9404	3585	0.5005	708702	98.9398	13666	1.9079	6072	44.4314	2619	19.1643	6110	44.7095	4277	31.2966	26432	59.8101	12958	100.0000	0.9882
EST2359005102S1K	stools_11055101	na	EST1361007101S1K_k141_55499	1590441	1000748	62.9227	997467	99.6721	985306	98.7808	3281	0.3279	988538	98.7799	20181	2.0166	7971	39.4975	4791	23.7402	8367	41.4598	6467	32.0450	26432	59.8101	21797	74.8406	0.9895
EST2359005102S1K	stools_11106501	na	EST1361007101S1K_k141_55499	1590441	330806	20.7996	329988	99.7527	325926	98.7690	818	0.2473	326734	98.7691	6283	1.8993	2211	35.1902	1403	22.3301	2783	44.2941	1937	30.8292	26432	0.0000	0	0.0000	0.9865
EST2359005102S1K	stools_11107101	na	EST1361007101S1K_k141_55499	1590441	1307065	82.1826	1302987	99.6880	1286604	98.7427	4078	0.3120	1290608	98.7409	27864	2.1318	11407	40.9381	7441	26.7047	10460	37.5395	9120	32.7304	26432	100.0000	38847	68.4712	0.9920
EST2359005102S1K	stools_12089102	na	EST1361007101S1K_k141_55499	1590441	830445	52.2148	828130	99.7212	821179	99.1606	2315	0.2788	823483	99.1617	14910	1.7954	7948	53.3065	5645	37.8605	4516	30.2884	4174	27.9946	26432	81.0457	22393	100.0000	0.9994
EST2359005102S1K	stools_12091101	na	EST1361007101S1K_k141_55499	1590441	1258597	79.1351	1254592	99.6818	1238150	98.6895	4005	0.3182	1242077	98.6874	27473	2.1828	10953	39.8682	7053	25.6725	10020	36.4722	9628	35.0453	26432	40.1899	29751	35.0240	0.9776
EST2359005102S1K	stools_12091150	na	EST1361007101S1K_k141_55499	1590441	1207046	75.8938	1202955	99.6611	1187923	98.7504	4091	0.3389	1191949	98.7493	25620	2.1225	10523	41.0734	6523	25.4606	9217	35.9758	9196	35.8938	26432	40.1899	29767	34.9111	0.9775
EST2359005102S1K	stools_12095102	na	EST1361007101S1K_k141_55499	1590441	976186	61.3783	973652	99.7404	962323	98.8364	2534	0.2596	964831	98.8368	19111	1.9577	7756	40.5840	5270	27.5757	7040	36.8374	6199	32.4368	26432	100.0000	43657	53.6890	0.9802
EST2359005102S1K	stools_12096102	na	EST1361007101S1K_k141_55499	1590441	841121	52.8860	838471	99.6849	827742	98.7204	2650	0.3151	830331	98.7172	17260	2.0520	6470	37.4855	3887	22.5203	7133	41.3268	5829	33.7717	26432	100.0000	33786	78.8522	0.9950
EST2359005102S1K	stools_12101102	na	EST1361007101S1K_k141_55499	1590441	1199286	75.4059	1196073	99.7321	1181523	98.7835	3213	0.2679	1184681	98.7822	24142	2.0130	9537	39.5038	6381	26.4311	9086	37.6357	7918	32.7976	26432	100.0000	42310	64.0416	0.9898
EST2359005102S1K	stools_12117101	na	EST1361007101S1K_k141_55499	1590441	836476	52.5940	833622	99.6588	822614	98.6795	2854	0.3412	825402	98.6761	18104	2.1643	7030	38.8312	4249	23.4700	7058	38.9859	6310	34.8542	26432	100.0000	34136	79.0134	0.9951
EST2359005102S1K	stools_12118101	na	EST1361007101S1K_k141_55499	1590441	937141	58.9233	934487	99.7168	922657	98.7341	2654	0.2832	925266	98.7328	18638	1.9888	6763	36.2861	4160	22.3200	7804	41.8714	6210	33.3190	26432	100.0000	34404	79.1391	0.9946
EST2359005102S1K	stools_12118150	na	EST1361007101S1K_k141_55499	1590441	806010	50.6784	804087	99.7614	794751	98.8389	1923	0.2386	796658	98.8397	15521	1.9257	6169	39.7462	4274	27.5369	5920	38.1419	4824	31.0805	26432	81.0457	33835	66.4962	0.9921
