ESC1212206001S1K	stools_11036150	na	NZ_CP047876.1	4775730	1394518	29.2001	1387869	99.5232	1383498	99.6851	6649	0.4768	1390109	99.6838	11762	0.8434	7353	62.5149	785	6.6740	4569	38.8454	5976	50.8077	77244	42.6519	45132	68.2332	0.9838
ESC1212206001S1K	stools_11051101	na	NZ_CP047876.1	4775730	1158159	24.2509	1152008	99.4689	1147541	99.6122	6151	0.5311	1153661	99.6116	11364	0.9812	6866	60.4189	839	7.3830	3874	34.0901	6260	55.0862	77244	42.6519	28111	100.0000	0.9865
ESC1212206001S1K	stools_11051150	na	NZ_CP047876.1	4775730	1244986	26.0690	1240028	99.6018	1235826	99.6611	4958	0.3982	1240738	99.6588	9705	0.7795	5457	56.2287	633	6.5224	4870	50.1803	3661	37.7228	77244	42.6519	22678	100.0000	0.9858
ESC1212206001S1K	stools_11051501	na	NZ_CP047876.1	4775730	1261910	26.4234	1255932	99.5263	1251786	99.6699	5978	0.4737	1257708	99.6670	10801	0.8559	6599	61.0962	751	6.9531	4694	43.4589	4724	43.7367	77244	42.6519	28469	100.0000	0.9864
ESC1212206001S1K	stools_12080501	na	NZ_CP062871.1	4987664	500860	10.0420	500505	99.9291	498284	99.5562	355	0.0709	498638	99.5564	2808	0.5606	586	20.8689	233	8.2977	474	16.8803	2084	74.2165	257810	53.4110	197207	79.8014	0.9619
ESC1232905001S1K	stools_11018102	na	NZ_CP098223.1	4841244	341381	7.0515	340956	99.8755	340017	99.7246	425	0.1245	340440	99.7244	1454	0.4259	513	35.2820	96	6.6025	719	49.4498	626	43.0536	52842	0.0000	41600	0.0000	0.9820
ESC1247104001S1K	stools_11033501	na	NZ_CP007265.1	4758629	262994	5.5267	261270	99.3445	259502	99.3233	1724	0.6555	261214	99.3232	3709	1.4103	1929	52.0086	242	6.5247	1674	45.1335	1467	39.5524	122065	87.2388	91745	87.3050	0.9879
ESC1247104001S1K	stools_11038101	na	NZ_CP007265.1	4758629	197380	4.1478	196641	99.6256	195117	99.2250	739	0.3744	195845	99.2223	2356	1.1936	821	34.8472	96	4.0747	1404	59.5925	728	30.8998	122065	87.2388	98494	68.1808	0.9860
ESC1247104001S1K	stools_11045101	na	NZ_CP007265.1	4758629	324001	6.8087	322629	99.5765	320389	99.3057	1372	0.4235	321751	99.3056	3961	1.2225	1711	43.1962	359	9.0634	1297	32.7443	2215	55.9202	122065	100.0000	151968	45.3010	0.9802
ESC1358302001S1K	stools_11005101	na	NZ_AP022177.1	4733200	383359	8.0994	382206	99.6992	379940	99.4071	1153	0.3008	381084	99.4066	3574	0.9323	1299	36.3458	157	4.3928	2098	58.7017	1280	35.8142	60568	68.1201	196938	23.5531	0.9653
ESC1358302001S1K	stools_11018102	na	NZ_AP022177.1	4733200	583656	12.3311	581459	99.6236	578512	99.4932	2197	0.3764	580689	99.4917	5398	0.9249	2431	45.0352	315	5.8355	3206	59.3924	1757	32.5491	60568	91.0514	87348	64.5865	0.9926
ESC1358302001S1K	stools_11034101	na	NZ_AP022177.1	4733200	761921	16.0974	757142	99.3728	753690	99.5441	4779	0.6272	758442	99.5434	8592	1.1277	5113	59.5088	544	6.3315	4694	54.6322	2956	34.4041	60568	91.0514	53229	90.2985	0.9969
ESC1358302001S1K	stools_11037150	na	NZ_CP028117.1	5198840	2695004	51.8386	2684045	99.5934	2678789	99.8042	10959	0.4066	2689715	99.8037	17563	0.6517	12274	69.8856	1650	9.3948	9421	53.6412	6024	34.2994	121735	60.3080	124655	62.0986	0.9778
ESO1212204120S1K	stools_11038150	na	NZ_LR882493.1	4841444	204444	4.2228	204108	99.8357	202720	99.3200	336	0.1643	203054	99.3201	2619	1.2810	1229	46.9263	897	34.2497	1139	43.4899	523	19.9695	361789	47.6916	156185	100.0000	0.9656
ESO1212204120S1K	stools_11108150	na	NZ_LR882493.1	4841444	661565	13.6646	659325	99.6614	653615	99.1340	2240	0.3386	655833	99.1336	9978	1.5082	4246	42.5536	2047	20.5151	4421	44.3075	2864	28.7031	361789	51.5662	136713	100.0000	0.9487
ESO1212204120S1K	stools_12062501	na	NZ_LR882493.1	4841444	691908	14.2914	689387	99.6356	683692	99.1739	2521	0.3644	686201	99.1752	11561	1.6709	5854	50.6358	3369	29.1411	2638	22.8181	5060	43.7678	361789	52.8692	173853	100.0000	0.9556
ESO1212204120S1K	stools_12065150	na	NZ_LR882493.1	4841444	1178260	24.3370	1175184	99.7389	1172221	99.7479	3076	0.2611	1175287	99.7477	16277	1.3814	13304	81.7350	10264	63.0583	1556	9.5595	3872	23.7882	361789	78.8999	285777	86.0475	0.9564
ESO1212204120S1K	stools_12068102	na	NZ_LR882493.1	4841444	1235271	25.5145	1230701	99.6300	1226454	99.6549	4570	0.3700	1231015	99.6555	16632	1.3464	12376	74.4108	7894	47.4627	2714	16.3179	4791	28.8059	361789	57.8826	144133	90.0731	0.9434
ESO1212204120S1K	stools_12068150	na	NZ_LR882493.1	4841444	988518	20.4178	983355	99.4777	979113	99.5686	5163	0.5223	984257	99.5690	15403	1.5582	11142	72.3366	6067	39.3884	2521	16.3669	5608	36.4085	361789	68.3802	163435	95.8999	0.9453
ESO1212204120S1K	stools_12080101	na	NZ_LR882493.1	4841444	448693	9.2678	447715	99.7820	445267	99.4532	978	0.2180	446240	99.4533	5676	1.2650	3223	56.7829	2259	39.7992	1749	30.8140	1413	24.8943	361789	64.9271	236087	92.8132	0.9564
ESO1212204120S1K	stools_12087501	na	NZ_LR882493.1	4841444	136779	2.8252	136116	99.5153	131518	96.6220	663	0.4847	132150	96.6157	5637	4.1212	1008	17.8819	382	6.7767	1565	27.7630	3699	65.6200	361789	63.6205	172664	92.7246	0.9498
ESO1212204120S1K	stools_12096150	na	NZ_LR882493.1	4841444	59781	1.2348	59701	99.8662	59248	99.2412	80	0.1338	59328	99.2422	763	1.2763	310	40.6291	230	30.1442	336	44.0367	192	25.1638	361789	56.8434	464029	51.5229	0.9178
ESO1212204120S1K	stools_12111102	na	NZ_LR882493.1	4841444	453121	9.3592	451866	99.7230	447074	98.9395	1255	0.2770	448312	98.9387	7209	1.5910	2400	33.2917	1177	16.3268	3961	54.9452	1763	24.4555	361789	64.6263	183189	93.9576	0.9527
ESO1212206220S1K	stools_11007150	na	NZ_LR134231.1	4594692	1089796	23.7186	1080814	99.1758	1076029	99.5573	8982	0.8242	1084888	99.5496	14010	1.2856	9102	64.9679	709	5.0607	6074	43.3547	6498	46.3812	63235	44.0958	54887	72.6092	0.9876
ESO1212206220S1K	stools_11011150	na	NZ_CP100544.1	4679910	324720	6.9386	322405	99.2871	318122	98.6715	2315	0.7129	320393	98.6675	6822	2.1009	2495	36.5729	250	3.6646	5712	83.7291	749	10.9792	42404	70.6867	69777	45.2226	0.9886
ESO1212206220S1K	stools_11038101	na	NZ_LR134231.1	4594692	1983249	43.1639	1969117	99.2874	1966256	99.8547	14132	0.7126	1980356	99.8541	17192	0.8669	14299	83.1724	379	2.2045	11965	69.5963	4669	27.1580	63235	34.2200	28166	70.1023	0.9880
ESO1212206220S1K	stools_11038501	na	NZ_LR134231.1	4594692	416022	9.0544	413634	99.4260	412622	99.7553	2388	0.5740	415003	99.7551	3472	0.8346	2453	70.6509	75	2.1601	2584	74.4240	771	22.2062	63235	79.1587	162476	53.4805	0.9646
ESO1212206220S1K	stools_11044501	na	NZ_LR134231.1	4594692	1908256	41.5318	1892354	99.1667	1888956	99.8204	15902	0.8333	1904826	99.8203	19564	1.0252	16134	82.4678	607	3.1026	11035	56.4046	7761	39.6698	63235	52.7002	49308	76.2635	0.9897
ESO1212206220S1K	stools_11046101	na	NZ_CP100544.1	4679910	763213	16.3083	758328	99.3599	749736	98.8670	4885	0.6401	754527	98.8619	13732	1.7992	5046	36.7463	308	2.2429	12285	89.4626	920	6.6997	42404	86.8385	38491	79.9745	0.9937
ESO1212206220S1K	stools_11107501	na	NZ_LR134231.1	4594692	500605	10.8953	498324	99.5444	496512	99.6364	2281	0.4556	498778	99.6350	4327	0.8644	2500	57.7768	243	5.6159	2843	65.7037	1166	26.9471	63235	100.0000	157531	51.5733	0.9776
ESO1212206220S1K	stools_12058150	na	NZ_LR134231.1	4594692	369156	8.0344	367219	99.4753	365618	99.5640	1937	0.5247	367545	99.5636	3650	0.9887	2039	55.8630	115	3.1507	2572	70.4658	940	25.7534	63235	80.6436	118020	61.2913	0.9825
ESO1212206220S1K	stools_12060501	na	NZ_LR134231.1	4594692	1451068	31.5814	1441170	99.3179	1434618	99.5454	9898	0.6821	1444469	99.5452	16678	1.1494	10079	60.4329	359	2.1525	7805	46.7982	8246	49.4424	63235	72.0392	68981	75.8470	0.9892
ESO1212206220S1K	stools_12062101	na	NZ_LR134231.1	4594692	1459239	31.7592	1449923	99.3616	1445622	99.7034	9316	0.6384	1454907	99.7031	13761	0.9430	9429	68.5197	215	1.5624	8059	58.5641	5398	39.2268	63235	49.2639	60817	67.4039	0.9877
ESO1212206220S1K	stools_12072101	na	NZ_LR134231.1	4594692	955767	20.8015	947434	99.1281	945351	99.7801	8333	0.8719	953667	99.7803	10553	1.1041	8453	80.1004	251	2.3785	6295	59.6513	3899	36.9468	63235	39.3216	30305	100.0000	0.9904
ESO1212206220S1K	stools_12084101	na	NZ_LR134231.1	4594692	1719078	37.4144	1704611	99.1584	1701725	99.8307	14467	0.8416	1716156	99.8300	17786	1.0346	14864	83.5713	828	4.6553	8908	50.0843	7830	44.0234	63235	77.2246	45884	100.0000	0.9936
ESO1212206220S1K	stools_12084102	na	NZ_LR134231.1	4594692	3149416	68.5447	3133311	99.4886	3128190	99.8366	16105	0.5114	3144253	99.8361	21859	0.6941	16696	76.3804	774	3.5409	14934	68.3197	5894	26.9637	63235	58.6779	44020	100.0000	0.9924
ESO1212206220S1K	stools_12098150	na	NZ_LR134231.1	4594692	431216	9.3851	428433	99.3546	426213	99.4818	2783	0.6454	428976	99.4805	5131	1.1899	2891	56.3438	143	2.7870	3142	61.2356	1804	35.1588	63235	80.6436	97381	65.2345	0.9870
ESO1212703120S1K	stools_11007150	na	NZ_LR134231.1	4594692	626901	13.6440	624088	99.5513	620166	99.3716	2813	0.4487	622944	99.3688	6868	1.0955	2911	42.3850	177	2.5772	1970	28.6838	4627	67.3704	75987	37.5117	54887	72.6092	0.9850
ESO1212703120S1K	stools_11038101	na	NZ_LR134231.1	4594692	1086720	23.6516	1082447	99.6068	1079944	99.7688	4273	0.3932	1084210	99.7690	6871	0.6323	4361	63.4697	171	2.4887	3843	55.9307	2705	39.3684	75987	27.3205	28166	70.1023	0.9857
ESO1212703120S1K	stools_11038501	na	NZ_LR134231.1	4594692	227396	4.9491	227021	99.8351	226366	99.7115	375	0.1649	226740	99.7115	1100	0.4837	444	40.3636	70	6.3636	628	57.0909	391	35.5455	75987	64.5255	162476	66.0381	0.9646
ESO1212703120S1K	stools_11041101	na	NZ_CP022086.2	5256950	443464	8.4358	441506	99.5585	437406	99.0714	1958	0.4415	439347	99.0716	6150	1.3868	2033	33.0569	114	1.8537	4314	70.1463	1469	23.8862	138347	54.9878	106142	59.7030	0.9724
ESO1212703120S1K	stools_11041102	na	NZ_CP022086.2	5256950	288710	5.4920	286361	99.1864	283439	98.9796	2349	0.8136	285752	98.9754	5953	2.0619	2995	50.3108	732	12.2963	2045	34.3524	2970	49.8908	138347	77.6049	179995	76.3993	0.9775
ESO1212703120S1K	stools_11044501	na	NZ_LR134231.1	4594692	1038193	22.5955	1032815	99.4820	1030050	99.7323	5378	0.5180	1035417	99.7326	8251	0.7947	5475	66.3556	231	2.7997	3471	42.0676	4327	52.4421	75987	57.7165	49308	88.5110	0.9893
ESO1212703120S1K	stools_11104101	na	NZ_CP022086.2	5256950	445843	8.4810	444244	99.6414	440177	99.0845	1599	0.3586	441765	99.0853	5845	1.3110	1767	30.2310	187	3.1993	4017	68.7254	1502	25.6972	138347	52.3293	129597	63.7314	0.9773
ESO1212703120S1K	stools_11107501	na	NZ_LR134231.1	4594692	254802	5.5456	254290	99.7991	253205	99.5733	512	0.2009	253710	99.5714	1720	0.6750	628	36.5116	123	7.1512	874	50.8140	678	39.4186	75987	71.3412	157531	51.5733	0.9700
ESO1212703120S1K	stools_12058150	na	NZ_LR134231.1	4594692	193955	4.2213	193409	99.7185	192407	99.4819	546	0.2815	192949	99.4813	1597	0.8234	591	37.0069	51	3.1935	999	62.5548	529	33.1246	75987	61.3184	118020	61.2913	0.9777
ESO1212703120S1K	stools_12060501	na	NZ_LR134231.1	4594692	795098	17.3047	792193	99.6346	788118	99.4856	2905	0.3654	791016	99.4866	7181	0.9032	3099	43.1555	256	3.5650	2324	32.3632	4454	62.0248	75987	45.6117	68981	75.8470	0.9844
ESO1212703120S1K	stools_12062101	na	NZ_LR134231.1	4594692	806967	17.5630	804515	99.6961	801580	99.6352	2452	0.3039	804025	99.6354	5475	0.6785	2533	46.2648	121	2.2100	2476	45.2237	2813	51.3790	75987	36.9616	60817	67.4039	0.9836
ESO1212703120S1K	stools_12068150	na	NZ_CP022086.2	5256950	428583	8.1527	425286	99.2307	419397	98.6153	3297	0.7693	422658	98.6175	10091	2.3545	4166	41.2843	941	9.3251	3183	31.5430	5605	55.5445	138347	77.4249	118608	83.6621	0.9824
ESO1212703120S1K	stools_12072101	na	NZ_LR134231.1	4594692	530513	11.5462	527356	99.4049	525748	99.6951	3157	0.5951	528894	99.6948	4829	0.9103	3210	66.4734	103	2.1329	2208	45.7238	2438	50.4866	75987	37.2116	30305	100.0000	0.9886
ESO1212703120S1K	stools_12084101	na	NZ_LR134231.1	4594692	908335	19.7692	902810	99.3917	900439	99.7374	5525	0.6083	905953	99.7378	8097	0.8914	5715	70.5817	347	4.2855	3125	38.5945	4402	54.3658	75987	55.3345	45884	100.0000	0.9893
ESO1212703120S1K	stools_12084102	na	NZ_LR134231.1	4594692	1650244	35.9163	1646144	99.7516	1641529	99.7196	4100	0.2484	1645617	99.7196	8995	0.5451	4368	48.5603	302	3.3574	5308	59.0106	3277	36.4314	75987	47.2344	44020	100.0000	0.9890
ESO1212703120S1K	stools_12098150	na	NZ_LR134231.1	4594692	222650	4.8458	221880	99.6542	220603	99.4245	770	0.3458	221368	99.4242	2117	0.9508	835	39.4426	78	3.6845	1046	49.4095	960	45.3472	75987	61.3184	97381	65.2345	0.9829
ESO1212705120S1K	stools_11030101	na	NZ_CP070930.1	4668053	2570989	55.0763	2567399	99.8604	2559540	99.6939	3590	0.1396	2563116	99.6938	12392	0.4820	4519	36.4671	957	7.7227	2279	18.3909	9132	73.6927	303147	70.7683	175176	89.9273	0.9562
ESO1212705120S1K	stools_11053501	na	NZ_CP070930.1	4668053	3918290	83.9384	3917258	99.9737	3917171	99.9978	1032	0.0263	3918203	99.9978	6781	0.1731	6694	98.7170	5961	87.9074	238	3.5098	405	5.9726	303147	67.0704	167767	100.0000	0.9690
ESO1212705120S1K	stools_12117101	na	NZ_CP070930.1	4668053	1846247	39.5507	1844462	99.9033	1835699	99.5249	1785	0.0967	1837471	99.5247	11365	0.6156	2589	22.7805	817	7.1887	1058	9.3093	9442	83.0796	303147	55.3659	235559	79.2595	0.9457
ESO1213404120S1K	stools_11047101	na	NZ_CP042585.1	4733770	351310	7.4214	350269	99.7037	348824	99.5875	1041	0.2963	349861	99.5875	3163	0.9003	1714	54.1891	700	22.1309	1417	44.7992	645	20.3920	64147	36.2823	53118	25.6787	0.9809
ESO1213404320S1K	stools_11007150	na	NZ_LR134231.1	4594692	269979	5.8759	268860	99.5855	266858	99.2554	1119	0.4145	267957	99.2511	3209	1.1886	1187	36.9897	108	3.3655	805	25.0857	2248	70.0530	45282	84.9852	54887	85.7125	0.9925
ESO1213404320S1K	stools_11038101	na	NZ_LR134231.1	4594692	555717	12.0948	553331	99.5706	551819	99.7267	2386	0.4294	554199	99.7268	4047	0.7282	2529	62.4907	198	4.8925	2116	52.2856	1579	39.0166	45282	69.2836	28166	100.0000	0.9937
ESO1213404320S1K	stools_11038501	na	NZ_LR134231.1	4594692	97460	2.1211	97265	99.7999	96864	99.5877	195	0.2001	97058	99.5875	651	0.6680	249	38.2488	56	8.6022	334	51.3057	245	37.6344	45282	46.8067	162476	32.0607	0.9646
ESO1213404320S1K	stools_11044501	na	NZ_LR134231.1	4594692	545467	11.8717	542370	99.4322	540644	99.6818	3097	0.5678	543732	99.6819	5005	0.9176	3270	65.3347	255	5.0949	1871	37.3826	2699	53.9261	45282	100.0000	49308	87.7525	0.9950
ESO1213404320S1K	stools_11107501	na	NZ_LR134231.1	4594692	163841	3.5659	163499	99.7913	162743	99.5376	342	0.2087	163082	99.5367	1273	0.7770	514	40.3771	178	13.9827	641	50.3535	422	33.1500	45282	100.0000	157531	41.4877	0.9752
ESO1213404320S1K	stools_12058150	na	NZ_LR134231.1	4594692	143186	3.1163	142705	99.6641	142203	99.6482	481	0.3359	142682	99.6480	1101	0.7689	597	54.2234	136	12.3524	656	59.5822	285	25.8856	45282	100.0000	118020	50.3720	0.9839
ESO1213404320S1K	stools_12060501	na	NZ_LR134231.1	4594692	372496	8.1071	371135	99.6346	368987	99.4212	1361	0.3654	370345	99.4225	3687	0.9898	1536	41.6599	226	6.1296	1122	30.4312	2259	61.2693	45282	84.9852	68981	74.2204	0.9907
ESO1213404320S1K	stools_12062101	na	NZ_LR134231.1	4594692	368031	8.0099	366942	99.7041	365550	99.6206	1089	0.2959	366630	99.6193	2570	0.6983	1169	45.4864	101	3.9300	1251	48.6770	1168	45.4475	45282	47.6812	60817	47.1595	0.9862
ESO1213404320S1K	stools_12067150	na	NZ_LS483297.1	4705041	992166	21.0873	988463	99.6268	986536	99.8051	3703	0.3732	990233	99.8052	5939	0.5986	4006	67.4524	360	6.0616	2285	38.4745	3172	53.4097	165883	61.8635	134060	72.0953	0.9740
ESO1213404320S1K	stools_12072101	na	NZ_LR134231.1	4594692	349326	7.6028	347156	99.3788	345988	99.6636	2170	0.6212	348141	99.6608	3444	0.9859	2259	65.5923	151	4.3844	1571	45.6156	1638	47.5610	45282	62.6960	30305	100.0000	0.9950
ESO1213404320S1K	stools_12084101	na	NZ_LR134231.1	4594692	511017	11.1219	507617	99.3347	505870	99.6558	3400	0.6653	509262	99.6566	5365	1.0499	3610	67.2880	325	6.0578	1802	33.5881	3028	56.4399	45282	62.6960	45884	66.8381	0.9918
ESO1213404320S1K	stools_12084102	na	NZ_LR134231.1	4594692	760985	16.5623	758875	99.7227	756205	99.6482	2110	0.2773	758301	99.6473	5106	0.6710	2422	47.4344	388	7.5989	2449	47.9632	2167	42.4403	45282	62.6960	44020	72.6465	0.9927
ESO1213404320S1K	stools_12098150	na	NZ_LR134231.1	4594692	167432	3.6440	166787	99.6148	166081	99.5767	645	0.3852	166724	99.5771	1472	0.8792	764	51.9022	139	9.4429	785	53.3288	528	35.8696	45282	100.0000	97381	64.8761	0.9880
ESO1213404320S1K	stools_12099101	na	NZ_LS483297.1	4705041	770062	16.3667	765579	99.4178	763904	99.7812	4483	0.5822	768378	99.7813	6431	0.8351	4747	73.8143	348	5.4113	1765	27.4452	4122	64.0958	165883	72.3239	92669	100.0000	0.9791
ESO1213404320S1K	stools_12099150	na	NZ_LS483297.1	4705041	836243	17.7733	834587	99.8020	832542	99.7550	1656	0.1980	834193	99.7549	4030	0.4819	1980	49.1315	359	8.9082	2049	50.8437	1530	37.9653	165883	48.2762	46063	100.0000	0.9730
ESO1213404320S1K	stools_12099501	na	NZ_LS483297.1	4705041	773594	16.4418	764090	98.7714	758379	99.2526	9504	1.2286	767842	99.2565	15551	2.0102	9799	63.0120	499	3.2088	1404	9.0284	13366	85.9495	165883	70.9193	104245	100.0000	0.9826
ESO1213404320S1K	stools_12100101	na	NZ_LS483297.1	4705041	112312	2.3871	112145	99.8513	111526	99.4480	167	0.1487	111692	99.4480	818	0.7283	198	24.2054	32	3.9120	243	29.7066	540	66.0147	165883	63.5966	163174	82.9936	0.9741
ESO1213405120S1K	stools_11011101	na	NZ_LR134236.1	4757340	934184	19.6367	922536	98.7531	918014	99.5098	11648	1.2469	929600	99.5093	16755	1.7935	12171	72.6410	1173	7.0009	9847	58.7705	5137	30.6595	28477	100.0000	68024	56.8299	0.9914
ESO1213405120S1K	stools_11011150	na	NZ_LR134236.1	4757340	690138	14.5068	684114	99.1271	681727	99.6511	6024	0.8729	687717	99.6492	8704	1.2612	6283	72.1852	397	4.5611	6806	78.1939	1281	14.7174	28477	74.3196	103201	33.9144	0.9800
ESO1213405120S1K	stools_11018101	na	NZ_LR134236.1	4757340	909412	19.1160	894224	98.3299	888115	99.3168	15188	1.6701	903157	99.3122	21973	2.4162	15718	71.5332	1358	6.1803	9207	41.9014	10823	49.2559	28477	74.3196	43894	61.6303	0.9937
ESO1213405120S1K	stools_11038150	na	NZ_LR134236.1	4757340	498337	10.4751	493662	99.0619	490847	99.4298	4675	0.9381	495487	99.4281	7756	1.5564	4906	63.2543	351	4.5255	4892	63.0737	2203	28.4038	28477	100.0000	148989	24.7616	0.9734
ESO1213405120S1K	stools_11049150	na	NZ_CP085488.1	4672036	1505665	32.2272	1495622	99.3330	1492592	99.7974	10043	0.6670	1502603	99.7966	13284	0.8823	10222	76.9497	562	4.2307	7453	56.1051	4965	37.3758	18416	55.4518	10809	100.0000	0.9981
ESO1213405120S1K	stools_12064150	na	NZ_LR134236.1	4757340	430723	9.0539	426094	98.9253	422845	99.2375	4629	1.0747	427404	99.2294	8187	1.9008	4868	59.4601	412	5.0324	4476	54.6720	2923	35.7029	28477	100.0000	111498	37.6419	0.9813
ESO1213405120S1K	stools_12098101	na	NZ_CP062908.1	4747440	1858700	39.1516	1845585	99.2944	1841192	99.7620	13115	0.7056	1854257	99.7610	17917	0.9640	13474	75.2023	459	2.5618	14522	81.0515	2534	14.1430	16502	100.0000	88154	23.7709	0.9849
ESO1213405120S1K	stools_12111102	na	NZ_LR134236.1	4757340	1065112	22.3888	1052872	98.8508	1047869	99.5248	12240	1.1492	1060056	99.5253	17835	1.6745	12779	71.6512	1156	6.4816	9993	56.0303	6000	33.6417	28477	55.6625	49367	30.5224	0.9897
ESO1213405120S1K	stools_12111102	na	NZ_CP085488.1	4672036	1069749	22.8968	1062172	99.2917	1057454	99.5558	7577	0.7083	1064991	99.5552	12632	1.1808	7874	62.3338	606	4.7973	5001	39.5899	6417	50.7996	18416	100.0000	74506	26.0919	0.9879
ESO1232711120S1K	stools_11038150	na	NZ_LR882493.1	4841444	90614	1.8716	90373	99.7340	89170	98.6689	241	0.2660	89407	98.6680	1676	1.8496	469	27.9833	237	14.1408	632	37.7088	787	46.9570	139404	70.1608	156185	81.7825	0.9785
ESO1232711120S1K	stools_11047150	na	NZ_CP053284.1	5244439	1916421	36.5420	1909380	99.6326	1901816	99.6039	7041	0.3674	1908812	99.6030	15487	0.8081	7878	50.8685	1014	6.5474	4680	30.2189	9326	60.2182	83306	93.1193	212087	45.2286	0.9720
ESO1232711120S1K	stools_11049150	na	NZ_CP053284.1	5244439	632792	12.0660	629550	99.4877	626421	99.5030	3242	0.5123	629632	99.5006	6885	1.0880	3725	54.1031	622	9.0341	3486	50.6318	2480	36.0203	83306	74.8494	141159	60.6026	0.9796
ESO1232711120S1K	stools_11104150	na	NZ_CP053284.1	5244439	415605	7.9247	414960	99.8448	414062	99.7836	645	0.1552	414704	99.7832	1846	0.4442	945	51.1918	304	16.4680	709	38.4074	732	39.6533	83306	81.9485	368664	33.6469	0.9297
ESO1232711120S1K	stools_11108150	na	NZ_LR882493.1	4841444	304767	6.2950	303075	99.4448	299912	98.9564	1692	0.5552	301579	98.9540	5580	1.8309	2392	42.8674	797	14.2832	2060	36.9176	2505	44.8925	139404	83.4768	136713	85.6429	0.9809
ESO1232711120S1K	stools_12062501	na	NZ_LR882493.1	4841444	258214	5.3334	256945	99.5085	253390	98.6164	1269	0.4915	254642	98.6167	5463	2.1157	1891	34.6147	650	11.8982	1384	25.3341	3321	60.7908	139404	74.4692	173853	71.3867	0.9766
ESO1232711120S1K	stools_12065150	na	NZ_LR882493.1	4841444	437568	9.0380	435996	99.6407	429622	98.5381	1572	0.3593	431164	98.5365	9388	2.1455	2984	31.7853	1466	15.6157	2064	21.9855	5615	59.8104	139404	100.0000	285777	58.1814	0.9653
ESO1232711120S1K	stools_12068102	na	NZ_LR882493.1	4841444	496070	10.2463	493142	99.4098	487130	98.7809	2928	0.5902	490026	98.7816	10408	2.0981	4364	41.9293	1538	14.7771	2738	26.3067	5702	54.7848	139404	82.7193	144133	70.1075	0.9785
ESO1232711120S1K	stools_12068150	na	NZ_LR882493.1	4841444	414631	8.5642	411630	99.2762	405958	98.6221	3001	0.7238	408917	98.6219	9965	2.4033	4251	42.6593	1376	13.8083	2680	26.8941	5550	55.6949	139404	86.0743	163435	66.6289	0.9778
ESO1232711120S1K	stools_12075101	na	NZ_CP053284.1	5244439	3547729	67.6474	3538701	99.7455	3531386	99.7933	9028	0.2545	3540375	99.7927	17455	0.4920	10101	57.8688	1274	7.2988	8926	51.1372	6856	39.2781	83306	83.2317	329441	30.4504	0.9466
ESO1232711120S1K	stools_12080101	na	NZ_LR882493.1	4841444	187020	3.8629	186228	99.5765	183972	98.7886	792	0.4235	184757	98.7900	3748	2.0041	1485	39.6211	724	19.3170	1294	34.5251	1634	43.5966	139404	95.3430	236087	72.5144	0.9728
ESO1232711120S1K	stools_12087150	na	NZ_CP053284.1	5244439	649983	12.3938	648603	99.7877	645140	99.4661	1380	0.2123	646513	99.4661	5209	0.8014	1739	33.3845	380	7.2951	1302	24.9952	3368	64.6573	83306	67.9687	232762	56.5397	0.9556
ESO1232711120S1K	stools_12087501	na	NZ_LR882493.1	4841444	76494	1.5800	76002	99.3568	73802	97.1053	492	0.6432	74272	97.0952	2907	3.8003	685	23.5638	217	7.4647	681	23.4262	1994	68.5931	139404	80.7430	172664	63.6485	0.9715
ESO1232711120S1K	stools_12096150	na	NZ_CP053284.1	5244439	1696256	32.3439	1692509	99.7791	1689954	99.8490	3747	0.2209	1693678	99.8480	7179	0.4232	4601	64.0897	923	12.8569	3574	49.7841	2384	33.2080	83306	100.0000	300171	38.8958	0.9559
ESO1232711120S1K	stools_12096150	na	NZ_LR882493.1	4841444	58412	1.2065	58218	99.6679	57756	99.2064	194	0.3321	57948	99.2056	978	1.6743	514	52.5562	322	32.9243	336	34.3558	272	27.8119	139404	77.9684	464029	37.0335	0.9167
ESO1232711120S1K	stools_12100501	na	NZ_CP053284.1	5244439	1346267	25.6704	1339764	99.5170	1334338	99.5950	6503	0.4830	1340788	99.5930	12678	0.9417	7199	56.7834	1072	8.4556	4643	36.6225	6427	50.6941	83306	86.1283	144374	51.2946	0.9802
ESO1232711120S1K	stools_12111102	na	NZ_LR882493.1	4841444	240337	4.9642	239168	99.5136	236496	98.8828	1169	0.4864	237654	98.8837	4325	1.7996	1642	37.9653	508	11.7457	2041	47.1908	1640	37.9191	139404	87.8454	183189	71.6200	0.9770
ESO1232711120S1K	stools_12111150	na	NZ_CP053284.1	5244439	671690	12.8077	668789	99.5681	656629	98.1818	2901	0.4319	659475	98.1815	15391	2.2914	3176	20.6354	340	2.2091	1339	8.6999	13620	88.4933	83306	74.4232	271879	44.7250	0.9482
ESO1233801120S1K	stools_11016150	na	NZ_CP088131.1	4785944	307389	6.4227	306610	99.7466	304675	99.3689	779	0.2534	305452	99.3699	2814	0.9155	877	31.1656	120	4.2644	399	14.1791	2297	81.6276	256114	90.9587	316015	61.2601	0.9663
ESO1233801120S1K	stools_11031101	na	NZ_CP088131.1	4785944	81064	1.6938	81014	99.9383	80649	99.5495	50	0.0617	80697	99.5473	436	0.5378	69	15.8257	21	4.8165	88	20.1835	327	75.0000	256114	50.2842	164374	86.8976	0.9638
ESO1233801120S1K	stools_11031501	na	NZ_CP088131.1	4785944	67925	1.4193	67894	99.9544	67516	99.4432	31	0.0456	67547	99.4435	436	0.6419	58	13.3028	27	6.1927	91	20.8716	320	73.3945	256114	59.0596	213343	65.9483	0.9615
ESO1233804120S1K	stools_11023101	na	NZ_CP087377.1	5230678	503488	9.6257	502927	99.8886	502097	99.8350	561	0.1114	502657	99.8350	1488	0.2955	657	44.1532	100	6.7204	323	21.7070	1051	70.6317	98041	46.7131	24986	100.0000	0.9835
ESO1233804120S1K	stools_12092101	na	NZ_CP087377.1	5230678	966131	18.4705	953929	98.7370	947130	99.2873	12202	1.2630	959303	99.2933	19047	1.9715	12219	64.1518	57	0.2993	503	2.6408	18461	96.9234	98041	54.1733	95021	39.6302	0.9739
ESO1233807120S1K	stools_11007150	na	NZ_LR134231.1	4594692	893747	19.4517	887304	99.2791	881373	99.3316	6443	0.7209	887741	99.3280	12654	1.4158	6648	52.5367	396	3.1294	5964	47.1313	6069	47.9611	35694	82.5489	54887	72.6092	0.9930
ESO1233807120S1K	stools_11023101	na	NZ_AP022261.1	4907327	3647227	74.3221	3634427	99.6490	3632288	99.9411	12800	0.3510	3645079	99.9411	15824	0.4339	13676	86.4257	996	6.2942	10883	68.7753	3626	22.9146	63568	72.9376	74952	53.7637	0.9858
ESO1233807120S1K	stools_11038101	na	NZ_LR134231.1	4594692	1607760	34.9917	1596753	99.3154	1591486	99.6701	11007	0.6846	1602463	99.6705	16493	1.0258	11196	67.8833	562	3.4075	12287	74.4983	3326	20.1661	35694	58.6233	28166	70.1023	0.9946
ESO1233807120S1K	stools_11038501	na	NZ_LR134231.1	4594692	364669	7.9367	363027	99.5497	361633	99.6160	1642	0.4503	363271	99.6166	3134	0.8594	1736	55.3925	109	3.4780	2270	72.4314	673	21.4742	35694	61.3577	162476	32.0607	0.9646
ESO1233807120S1K	stools_11044501	na	NZ_LR134231.1	4594692	1585752	34.5127	1573220	99.2097	1567920	99.6631	12532	0.7903	1580423	99.6639	18155	1.1449	12826	70.6472	920	5.0675	11190	61.6359	5559	30.6197	35694	100.0000	49308	76.2635	0.9967
ESO1233807120S1K	stools_11107501	na	NZ_LR134231.1	4594692	417617	9.0891	415505	99.4943	413655	99.5548	2112	0.5057	415758	99.5549	4204	1.0067	2345	55.7802	249	5.9229	3018	71.7888	817	19.4339	35694	100.0000	157531	34.3888	0.9724
ESO1233807120S1K	stools_11109150	na	NZ_AP022261.1	4907327	3723998	75.8865	3708222	99.5764	3705083	99.9154	15776	0.4236	3720827	99.9148	20217	0.5429	17046	84.3152	1716	8.4879	11122	55.0131	6927	34.2632	63568	43.9702	101353	29.8807	0.9759
ESO1233807120S1K	stools_12058150	na	NZ_LR134231.1	4594692	315232	6.8608	313381	99.4128	311715	99.4684	1851	0.5872	313560	99.4696	3673	1.1652	2001	54.4786	168	4.5739	2699	73.4822	722	19.6570	35694	100.0000	118020	41.9548	0.9819
ESO1233807120S1K	stools_12060501	na	NZ_LR134231.1	4594692	1259691	27.4162	1252075	99.3954	1246032	99.5174	7616	0.6046	1253624	99.5184	14235	1.1300	8168	57.3797	831	5.8377	6809	47.8328	5742	40.3372	35694	82.5489	68981	63.9872	0.9895
ESO1233807120S1K	stools_12062101	na	NZ_LR134231.1	4594692	1268040	27.5979	1260754	99.4254	1255616	99.5925	7286	0.5746	1262883	99.5933	12660	0.9984	7503	59.2654	377	2.9779	7940	62.7172	4026	31.8009	35694	62.5679	60817	47.1595	0.9887
ESO1233807120S1K	stools_12072101	na	NZ_LR134231.1	4594692	763913	16.6260	757013	99.0968	753945	99.5947	6900	0.9032	760831	99.5966	10137	1.3270	7055	69.5965	336	3.3146	6706	66.1537	2952	29.1210	35694	80.0191	30305	100.0000	0.9969
ESO1233807120S1K	stools_12084101	na	NZ_LR134231.1	4594692	1423099	30.9727	1410708	99.1293	1406033	99.6686	12391	0.8707	1418397	99.6696	17434	1.2251	12732	73.0297	807	4.6289	9959	57.1240	6169	35.3849	35694	80.0191	45884	66.8381	0.9943
ESO1233807120S1K	stools_12084102	na	NZ_LR134231.1	4594692	2665937	58.0221	2651834	99.4710	2643049	99.6687	14103	0.5290	2657119	99.6692	23533	0.8827	14715	62.5292	783	3.3272	17678	75.1200	4646	19.7425	35694	80.0191	44020	72.6465	0.9946
ESO1233807120S1K	stools_12090501	na	NZ_AP022261.1	4907327	3719414	75.7931	3692452	99.2751	3688187	99.8845	26962	0.7249	3715101	99.8840	31700	0.8523	27387	86.3943	1277	4.0284	12532	39.5331	17431	54.9874	63568	23.1815	11796	48.8301	0.9870
ESO1233807120S1K	stools_12098150	na	NZ_LR134231.1	4594692	362051	7.8798	359794	99.3766	357679	99.4122	2257	0.6234	359927	99.4133	4509	1.2454	2385	52.8942	165	3.6593	2958	65.6021	1316	29.1861	35694	100.0000	97381	41.5091	0.9851
ESO1233822120S1K	stools_11005150	na	NZ_CP051738.1	5166012	556103	10.7646	554575	99.7252	551672	99.4765	1528	0.2748	553192	99.4765	4560	0.8200	1649	36.1623	147	3.2237	1433	31.4254	2881	63.1798	142896	36.6238	124529	45.9909	0.9726
ESO1233822120S1K	stools_11016101	na	NZ_CP020055.1	4658583	2281196	48.9676	2270955	99.5511	2266649	99.8104	10241	0.4489	2276852	99.8096	15269	0.6693	10925	71.5502	927	6.0711	3097	20.2829	10885	71.2882	96994	19.2383	18509	100.0000	0.9830
ESO1233822120S1K	stools_11017501	na	NZ_LR134216.1	4647667	922856	19.8563	916346	99.2946	913834	99.7259	6510	0.7054	920324	99.7256	9248	1.0021	6716	72.6211	391	4.2279	2475	26.7625	6112	66.0900	62545	19.7778	22132	56.2082	0.9871
ESO1233822120S1K	stools_11020501	na	NZ_LR134216.1	4647667	1218270	26.2125	1214129	99.6601	1210296	99.6843	4141	0.3399	1214412	99.6833	8305	0.6817	4447	53.5461	371	4.4672	2241	26.9837	5551	66.8393	62545	14.9396	26544	38.7997	0.9848
ESO1233822120S1K	stools_11021101	na	NZ_CP051738.1	5166012	200585	3.8828	200107	99.7617	198141	99.0175	478	0.2383	198615	99.0179	2481	1.2369	511	20.5965	38	1.5316	453	18.2588	1953	78.7183	142896	44.4757	148290	72.0487	0.9731
ESO1233822120S1K	stools_11041101	na	NZ_CP020055.1	4658583	1736482	37.2749	1732472	99.7691	1728996	99.7994	4010	0.2309	1732984	99.7986	8017	0.4617	4519	56.3677	570	7.1099	2282	28.4645	5035	62.8040	96994	71.8642	53973	100.0000	0.9903
ESO1233822120S1K	stools_11041102	na	NZ_LR134216.1	4647667	662006	14.2438	658530	99.4749	656060	99.6249	3476	0.5251	659520	99.6245	6165	0.9313	3679	59.6756	286	4.6391	2232	36.2044	3543	57.4696	62545	34.7174	20532	66.4572	0.9880
ESO1233822120S1K	stools_11042150	na	NZ_LR134216.1	4647667	760021	16.3527	756781	99.5737	754053	99.6395	3240	0.4263	757285	99.6400	6188	0.8142	3452	55.7854	266	4.2986	1797	29.0401	3958	63.9625	62545	56.1036	45123	77.7652	0.9918
ESO1233822120S1K	stools_11113501	na	NZ_LR134216.1	4647667	581989	12.5222	580826	99.8002	578589	99.6149	1163	0.1998	579746	99.6146	3524	0.6055	1281	36.3507	124	3.5187	983	27.8944	2387	67.7355	62545	74.2489	119770	55.7585	0.9819
ESO1233822120S1K	stools_12057501	na	NZ_CP020055.1	4658583	1649287	35.4032	1642956	99.6161	1638482	99.7277	6331	0.3839	1644773	99.7263	11383	0.6902	6869	60.3444	679	5.9650	2325	20.4252	8043	70.6580	96994	66.5897	71228	92.8034	0.9892
ESO1233822120S1K	stools_12062501	na	NZ_CP051738.1	5166012	1165999	22.5706	1159502	99.4428	1149421	99.1306	6497	0.5572	1155866	99.1310	16817	1.4423	6684	39.7455	309	1.8374	2770	16.4714	13533	80.4721	142896	30.3060	38195	83.5633	0.9765
ESO1233822120S1K	stools_12079150	na	NZ_CP051738.1	5166012	310690	6.0141	309981	99.7718	308128	99.4022	709	0.2282	308833	99.4023	2596	0.8356	739	28.4669	36	1.3867	781	30.0847	1753	67.5270	142896	60.5531	269499	63.1772	0.9493
ESO1233822120S1K	stools_12117150	na	NZ_LR134216.1	4647667	1312922	28.2491	1308660	99.6754	1305306	99.7437	4262	0.3246	1309550	99.7432	7949	0.6054	4577	57.5796	388	4.8811	2131	26.8084	5259	66.1593	62545	100.0000	106136	62.4378	0.9885
ESO1233822220S1K	stools_11011101	na	NZ_LR134236.1	4757340	408353	8.5836	406275	99.4911	404010	99.4425	2078	0.5089	406063	99.4392	4717	1.1551	2427	51.4522	421	8.9252	1515	32.1179	2623	55.6074	109899	46.6765	68024	61.6385	0.9789
ESO1233822220S1K	stools_11011150	na	NZ_LR134236.1	4757340	340754	7.1627	340200	99.8374	338882	99.6126	554	0.1626	339430	99.6114	2067	0.6066	743	35.9458	204	9.8694	1036	50.1209	778	37.6391	109899	64.4892	103201	64.7969	0.9799
ESO1233822220S1K	stools_11016101	na	NZ_CP020055.1	4658583	1356238	29.1127	1350484	99.5757	1347699	99.7938	5754	0.4243	1353440	99.7937	8899	0.6562	6101	68.5583	401	4.5061	1892	21.2608	6461	72.6037	142786	17.3511	18509	100.0000	0.9732
ESO1233822220S1K	stools_11018101	na	NZ_LR134236.1	4757340	411303	8.6457	407584	99.0958	404608	99.2698	3719	0.9042	408292	99.2679	6981	1.6973	3970	56.8686	323	4.6268	1619	23.1915	4913	70.3767	109899	35.8511	43894	76.3726	0.9838
ESO1233822220S1K	stools_11038150	na	NZ_LR134236.1	4757340	300891	6.3248	300291	99.8006	298956	99.5554	600	0.1994	299553	99.5553	2183	0.7255	845	38.7082	264	12.0934	759	34.7687	1086	49.7481	109899	86.9926	148989	67.9547	0.9750
ESO1233822220S1K	stools_11041101	na	NZ_CP020055.1	4658583	1057091	22.6913	1054622	99.7664	1052319	99.7816	2469	0.2336	1054784	99.7818	5030	0.4758	2723	54.1352	274	5.4473	1533	30.4771	3167	62.9622	142786	53.3169	53973	100.0000	0.9805
ESO1233822220S1K	stools_12057501	na	NZ_CP020055.1	4658583	997655	21.4154	993986	99.6322	991003	99.6999	3669	0.3678	994653	99.6991	7006	0.7022	4004	57.1510	373	5.3240	1401	19.9971	5130	73.2230	142786	53.6852	71228	100.0000	0.9830
ESO1233822220S1K	stools_12064150	na	NZ_LR134236.1	4757340	175721	3.6937	175151	99.6756	173418	99.0106	570	0.3244	173983	99.0109	2474	1.4079	736	29.7494	173	6.9927	659	26.6370	1634	66.0469	109899	58.0005	111498	57.7490	0.9771
ESO1233822220S1K	stools_12111102	na	NZ_LR134236.1	4757340	567485	11.9286	565185	99.5947	562768	99.5724	2300	0.4053	565052	99.5713	5112	0.9008	2679	52.4061	436	8.5290	1451	28.3842	3000	58.6854	109899	32.9439	49367	63.4027	0.9794
ESO1234703120S1K	stools_11108501	na	NZ_AP022298.1	5121071	105246	2.0552	104569	99.3567	103310	98.7960	677	0.6433	103976	98.7933	2058	1.9554	788	38.2896	130	6.3168	452	21.9631	1448	70.3596	0	0.0000	20115	0.0000	1.0000
ESO1234704120S1K	stools_11005101	na	NZ_AP022177.1	4733200	191107	4.0376	190742	99.8090	189418	99.3059	365	0.1910	189775	99.3030	1784	0.9335	452	25.3363	96	5.3812	1111	62.2758	534	29.9327	94224	60.6151	196938	45.6875	0.9635
ESO1234704120S1K	stools_11018102	na	NZ_AP022177.1	4733200	276249	5.8364	275503	99.7300	273611	99.3133	746	0.2700	274351	99.3129	2732	0.9890	834	30.5271	100	3.6603	1781	65.1903	828	30.3075	94224	59.8934	87348	76.1357	0.9819
ESO1234704120S1K	stools_11034101	na	NZ_AP022177.1	4733200	355600	7.5129	353882	99.5169	351834	99.4213	1718	0.4831	353535	99.4193	3885	1.0925	1820	46.8468	159	4.0927	2348	60.4376	1234	31.7632	94224	61.4971	53229	84.6681	0.9853
ESO1234704120S1K	stools_11048102	na	NZ_CP027126.1	4877957	565099	11.5847	563131	99.6517	560368	99.5094	1968	0.3483	562325	99.5091	4873	0.8623	2099	43.0741	159	3.2629	2769	56.8233	1856	38.0874	81259	89.5605	117442	60.3464	0.9866
ESO1234704120S1K	stools_12079101	na	NZ_CP027126.1	4877957	857213	17.5732	854076	99.6340	850994	99.6391	3137	0.3660	854118	99.6389	6339	0.7395	3244	51.1753	154	2.4294	4119	64.9787	1959	30.9039	81259	76.1885	78126	39.7653	0.9786
ESO1234704120S1K	stools_12116150	na	NZ_CP027126.1	4877957	238360	4.8865	237949	99.8276	237016	99.6079	411	0.1724	237426	99.6082	1407	0.5903	473	33.6176	68	4.8330	1142	81.1656	192	13.6461	81259	86.6279	153421	66.9915	0.9805
ESO1234708120S1K	stools_11112101	na	NZ_CP054227.1	4796742	602598	12.5627	600441	99.6420	595810	99.2287	2157	0.3580	597958	99.2300	7070	1.1733	2430	34.3706	341	4.8232	2224	31.4569	4219	59.6747	131025	35.3558	107072	55.4655	0.9707
ESO1234708120S1K	stools_12086502	na	NZ_CP054227.1	4796742	1904857	39.7115	1882168	98.8089	1868034	99.2491	22689	1.1911	1890576	99.2503	37482	1.9677	23201	61.8990	1196	3.1909	6288	16.7761	29428	78.5124	131025	60.4831	96898	80.7416	0.9838
ESO1234708120S1K	stools_12093101_SM-NAWYG	na	NZ_CP054227.1	4796742	2952094	61.5437	2938616	99.5434	2933100	99.8123	13478	0.4566	2946551	99.8122	19211	0.6508	13668	71.1467	326	1.6969	11961	62.2612	6664	34.6885	131025	37.1883	92911	49.3903	0.9709
ESO1236801120S1K	stools_11014101	na	NZ_CP010238.1	4797106	1646143	34.3153	1632589	99.1766	1624925	99.5306	13554	0.8234	1638392	99.5291	21665	1.3161	13914	64.2234	748	3.4526	7206	33.2610	13206	60.9555	53919	19.4829	24000	22.3083	0.9860
ESO1236801120S1K	stools_11018102	na	NZ_CP010238.1	4797106	1776064	37.0237	1768987	99.6015	1764530	99.7480	7077	0.3985	1771588	99.7480	11914	0.6708	7438	62.4308	452	3.7939	8555	71.8063	2707	22.7212	53919	12.5429	73880	17.6841	0.9761
ESO1236801120S1K	stools_11047101	na	NZ_CP010238.1	4797106	1177607	24.5483	1171072	99.4451	1168299	99.7632	6535	0.5549	1174800	99.7616	10242	0.8697	7435	72.5932	1135	11.0818	5423	52.9486	3146	30.7167	53919	32.0184	20962	61.8214	0.9887
ESO1236801120S1K	stools_11049101	na	NZ_CP010238.1	4797106	1589680	33.1383	1583685	99.6229	1579960	99.7648	5995	0.3771	1585942	99.7649	10063	0.6330	6325	62.8540	415	4.1240	7872	78.2272	1644	16.3371	53919	12.5429	39718	16.2722	0.9830
ESO1236801120S1K	stools_11049501	na	NZ_CP010238.1	4797106	1270362	26.4818	1265546	99.6209	1262240	99.7388	4816	0.3791	1267040	99.7385	8469	0.6667	5147	60.7746	397	4.6877	6553	77.3763	1456	17.1921	53919	12.5429	39313	14.9645	0.9829
ESO1236801120S1K	stools_11106501	na	NZ_CP010238.1	4797106	1632375	34.0283	1623162	99.4356	1617728	99.6652	9213	0.5644	1626911	99.6653	15220	0.9324	9756	64.0999	758	4.9803	7491	49.2181	6668	43.8108	53919	19.4755	69007	7.6891	0.9766
ESO1236801120S1K	stools_12074501	na	NZ_CP010238.1	4797106	2359427	49.1844	2348789	99.5491	2343930	99.7931	10638	0.4509	2354544	99.7930	15893	0.6736	11010	69.2758	636	4.0018	11019	69.3324	3966	24.9544	53919	38.9584	16381	100.0000	0.9921
ESO1236801120S1K	stools_12080101	na	NZ_CP010238.1	4797106	1176932	24.5342	1170351	99.4408	1165182	99.5583	6581	0.5592	1171750	99.5597	12309	1.0459	7127	57.9007	719	5.8413	5289	42.9686	5853	47.5506	53919	0.0000	53350	0.0000	0.9776
ESO1236802120S1K	stools_11005150	na	NZ_CP051738.1	5166012	458462	8.8746	456495	99.5710	452553	99.1365	1967	0.4290	454501	99.1360	6166	1.3449	2205	35.7606	282	4.5735	3618	58.6766	2102	34.0902	124798	37.8460	124529	45.9548	0.9752
ESO1236802120S1K	stools_11016101	na	NZ_CP020055.1	4658583	1295441	27.8076	1287189	99.3630	1280963	99.5163	8252	0.6370	1289176	99.5164	14986	1.1568	8721	58.1943	731	4.8779	7568	50.5005	6272	41.8524	33894	22.1632	18509	40.7802	0.9919
ESO1236802120S1K	stools_11021101	na	NZ_CP051738.1	5166012	161946	3.1348	161313	99.6091	159299	98.7515	633	0.3909	159924	98.7514	2770	1.7104	748	27.0036	123	4.4404	1202	43.3935	1385	50.0000	124798	13.1156	148290	45.1831	0.9713
ESO1236802120S1K	stools_11041101	na	NZ_CP020055.1	4658583	995741	21.3743	991596	99.5837	986681	99.5043	4145	0.4163	990806	99.5044	9484	0.9525	4549	47.9650	453	4.7765	6082	64.1291	2856	30.1139	33894	76.8071	53973	47.0865	0.9919
ESO1236802120S1K	stools_12057501	na	NZ_CP020055.1	4658583	940875	20.1966	935571	99.4363	930687	99.4780	5304	0.5637	935963	99.4779	10669	1.1339	5757	53.9601	580	5.4363	5372	50.3515	4499	42.1689	33894	76.8071	71228	46.8832	0.9882
ESO1236802120S1K	stools_12062501	na	NZ_CP051738.1	5166012	945503	18.3024	938892	99.3008	929081	98.9550	6611	0.6992	935623	98.9551	17347	1.8347	7467	43.0449	1113	6.4161	6577	37.9143	8990	51.8245	124798	11.6268	38195	17.0101	0.9750
ESO1236802120S1K	stools_12079150	na	NZ_CP051738.1	5166012	259580	5.0248	258691	99.6575	256471	99.1418	889	0.3425	257354	99.1425	3252	1.2528	1026	31.5498	148	4.5510	1983	60.9779	1047	32.1956	124798	30.2729	269499	30.2079	0.9478
ESO1236806120S1K	stools_11033501	na	NZ_CP007265.1	4758629	1606317	33.7559	1597951	99.4792	1593929	99.7483	8366	0.5208	1602273	99.7482	12906	0.8035	8862	68.6657	760	5.8887	3615	28.0102	7882	61.0724	227586	44.9382	91745	87.2189	0.9642
ESO1236806120S1K	stools_11038101	na	NZ_CP007265.1	4758629	1140322	23.9632	1136550	99.6692	1133771	99.7555	3772	0.3308	1137522	99.7545	6941	0.6087	4141	59.6600	442	6.3680	2504	36.0755	3768	54.2861	227586	52.3442	98494	86.7220	0.9660
ESO1236806120S1K	stools_11045101	na	NZ_CP007265.1	4758629	2044823	42.9708	2036106	99.5737	2026858	99.5458	8717	0.4263	2035552	99.5466	18898	0.9242	9627	50.9419	1027	5.4344	2418	12.7950	15163	80.2360	227586	62.5298	151968	61.9512	0.9552
ESO1237103220S1K	stools_11014101	na	NZ_CP010238.1	4797106	196898	4.1045	194235	98.6475	192496	99.1047	2663	1.3525	195126	99.1000	4846	2.4612	3074	63.4338	521	10.7511	1099	22.6785	2848	58.7701	73193	18.4171	24000	54.0125	0.9850
ESO1237103220S1K	stools_11018102	na	NZ_CP010238.1	4797106	159007	3.3146	158243	99.5195	156898	99.1500	764	0.4805	157647	99.1447	2410	1.5157	1050	43.5685	321	13.3195	889	36.8880	1059	43.9419	73193	40.7320	73880	43.5314	0.9810
ESO1237103220S1K	stools_11047101	na	NZ_CP010238.1	4797106	261679	5.4549	258689	98.8574	257422	99.5102	2990	1.1426	260379	99.5032	5212	1.9918	3912	75.0576	1169	22.4290	895	17.1719	2493	47.8319	73193	39.3193	20962	100.0000	0.9889
ESO1237103220S1K	stools_11049101	na	NZ_CP010238.1	4797106	173804	3.6231	172899	99.4793	171785	99.3557	905	0.5207	172676	99.3510	2300	1.3233	1172	50.9565	350	15.2174	1015	44.1304	843	36.6522	73193	22.1893	39718	37.4969	0.9823
ESO1237103220S1K	stools_11049501	na	NZ_CP010238.1	4797106	144218	3.0064	143455	99.4709	142403	99.2667	763	0.5291	143154	99.2622	2133	1.4790	1069	50.1172	355	16.6432	890	41.7253	771	36.1463	73193	22.1893	39313	36.1560	0.9821
ESO1237103220S1K	stools_11106501	na	NZ_CP010238.1	4797106	163973	3.4182	162967	99.3865	162020	99.4189	1006	0.6135	163020	99.4188	2383	1.4533	1430	60.0084	478	20.0587	719	30.1721	1036	43.4746	73193	27.9549	69007	19.3082	0.9757
ESO1237103220S1K	stools_12074501	na	NZ_CP010238.1	4797106	224151	4.6726	222431	99.2327	221163	99.4299	1720	0.7673	222865	99.4263	3450	1.5391	2164	62.7246	587	17.0145	1077	31.2174	1590	46.0870	73193	35.0717	16381	100.0000	0.9880
ESO1237103220S1K	stools_12080101	na	NZ_CP010238.1	4797106	142563	2.9719	141536	99.2796	140374	99.1790	1027	0.7204	141391	99.1779	2636	1.8490	1464	55.5387	483	18.3232	726	27.5417	1294	49.0895	73193	29.3676	53350	31.9925	0.9798
ESO1238001120S1K	stools_11006101	na	NZ_CP071441.1	4828326	389332	8.0635	387182	99.4478	384021	99.1836	2150	0.5522	386148	99.1822	5441	1.3975	2257	41.4813	152	2.7936	2491	45.7820	2717	49.9357	11976	53.2816	58364	11.9886	0.9879
ESO1238001120S1K	stools_11013101	na	NZ_CP068806.1	5089794	590350	11.5987	587704	99.5518	583065	99.2107	2646	0.4482	585695	99.2115	7565	1.2814	2910	38.4666	345	4.5605	4924	65.0892	2080	27.4950	104635	0.0000	8709	0.0000	0.9777
ESO1238001120S1K	stools_11024150	na	NZ_CP071441.1	4828326	331098	6.8574	329329	99.4657	323621	98.2668	1769	0.5343	325359	98.2667	7780	2.3498	2041	26.2339	331	4.2545	1341	17.2365	5882	75.6041	11976	53.2816	208657	7.4376	0.9568
ESO1238001120S1K	stools_11038150	na	NZ_LR882493.1	4841444	52631	1.0871	52498	99.7473	52082	99.2076	133	0.2527	52214	99.2077	717	1.3623	300	41.8410	169	23.5704	256	35.7043	261	36.4017	96945	80.2568	156185	81.7825	0.9744
ESO1238001120S1K	stools_11108150	na	NZ_LR882493.1	4841444	135318	2.7950	134554	99.4354	133509	99.2234	764	0.5646	134270	99.2255	2252	1.6642	1204	53.4636	477	21.1812	734	32.5933	892	39.6092	96945	86.9080	136713	75.5122	0.9827
ESO1238001120S1K	stools_12062501	na	NZ_LR882493.1	4841444	124195	2.5652	123584	99.5080	122443	99.0767	611	0.4920	123050	99.0781	2111	1.6997	966	45.7603	365	17.2904	465	22.0275	1175	55.6608	96945	79.7669	173853	59.7718	0.9758
ESO1238001120S1K	stools_12065150	na	NZ_LR882493.1	4841444	199491	4.1205	198875	99.6912	197750	99.4343	616	0.3088	198362	99.4341	2647	1.3269	1518	57.3479	908	34.3030	493	18.6249	1100	41.5565	96945	94.1049	285777	51.1007	0.9547
ESO1238001120S1K	stools_12068102	na	NZ_LR882493.1	4841444	239040	4.9374	237664	99.4244	236049	99.3205	1376	0.5756	237413	99.3194	3864	1.6165	2237	57.8934	921	23.8354	875	22.6449	1857	48.0590	96945	78.0690	144133	63.4900	0.9789
ESO1238001120S1K	stools_12068150	na	NZ_LR882493.1	4841444	242943	5.0180	241171	99.2706	239823	99.4411	1772	0.7294	241583	99.4402	4070	1.6753	2710	66.5848	982	24.1278	747	18.3538	2026	49.7789	96945	78.9014	163435	58.6998	0.9767
ESO1238001120S1K	stools_12080101	na	NZ_LR882493.1	4841444	105174	2.1724	104740	99.5874	103964	99.2591	434	0.4126	104396	99.2603	1562	1.4852	784	50.1921	367	23.4955	447	28.6172	666	42.6376	96945	93.4179	236087	65.0802	0.9636
ESO1238001120S1K	stools_12087501	na	NZ_LR882493.1	4841444	33459	0.6911	33282	99.4710	32340	97.1696	177	0.5290	32509	97.1607	1215	3.6313	265	21.8107	98	8.0658	283	23.2922	829	68.2305	96945	76.7569	172664	51.2261	0.9732
ESO1238001120S1K	stools_12092150	na	NZ_CP071441.1	4828326	872462	18.0697	865463	99.1978	859564	99.3184	6999	0.8022	866517	99.3186	13630	1.5622	7685	56.3830	1005	7.3734	3072	22.5385	8782	64.4314	11976	100.0000	38498	49.4493	0.9945
ESO1238001120S1K	stools_12096150	na	NZ_LR882493.1	4841444	29935	0.6183	29781	99.4856	29499	99.0531	154	0.5144	29651	99.0513	540	1.8039	256	47.4074	107	19.8148	202	37.4074	195	36.1111	96945	71.7592	464029	28.6866	0.9104
ESO1238001120S1K	stools_12111102	na	NZ_LR882493.1	4841444	127302	2.6294	126635	99.4760	125562	99.1527	667	0.5240	126225	99.1540	2048	1.6088	971	47.4121	317	15.4785	801	39.1113	807	39.4043	96945	92.8031	183189	61.3901	0.9788
ESO1238002120S1K	stools_11017501	na	NZ_LR134216.1	4647667	733682	15.7860	728826	99.3381	726616	99.6968	4856	0.6619	731451	99.6959	7242	0.9871	5011	69.1936	271	3.7421	2103	29.0389	4719	65.1616	39608	40.2318	22132	100.0000	0.9934
ESO1238002120S1K	stools_11020501	na	NZ_LR134216.1	4647667	1086084	23.3684	1082285	99.6502	1078584	99.6580	3799	0.3498	1082371	99.6581	7681	0.7072	3968	51.6599	218	2.8382	2671	34.7741	4675	60.8645	39608	23.5811	26544	37.8353	0.9893
ESO1238002120S1K	stools_11041101	na	NZ_CP022086.2	5256950	449173	8.5444	446824	99.4770	443036	99.1522	2349	0.5230	445361	99.1513	6269	1.3957	2457	39.1929	211	3.3658	4376	69.8038	1386	22.1088	103537	59.2870	106142	50.8357	0.9759
ESO1238002120S1K	stools_11041102	na	NZ_CP022086.2	5256950	276066	5.2514	273730	99.1538	271233	99.0878	2336	0.8462	273538	99.0843	5624	2.0372	3096	55.0498	857	15.2383	1891	33.6238	2651	47.1373	103537	79.4103	179995	48.7241	0.9755
ESO1238002120S1K	stools_11041102	na	NZ_LR134216.1	4647667	513503	11.0486	510934	99.4997	509125	99.6459	2569	0.5003	511678	99.6446	4552	0.8865	2727	59.9077	225	4.9429	1701	37.3682	2528	55.5360	39608	40.2318	20532	63.8662	0.9927
ESO1238002120S1K	stools_11042150	na	NZ_LR134216.1	4647667	622136	13.3860	619497	99.5758	617296	99.6447	2639	0.4242	619923	99.6443	4954	0.7963	2741	55.3290	150	3.0279	1828	36.8995	2910	58.7404	39608	100.0000	45123	100.0000	0.9982
ESO1238002120S1K	stools_11104101	na	NZ_CP022086.2	5256950	430388	8.1870	428779	99.6262	425049	99.1301	1609	0.3738	426646	99.1306	5471	1.2712	1729	31.6030	142	2.5955	3890	71.1022	1346	24.6024	103537	66.7694	129597	63.7314	0.9809
ESO1238002120S1K	stools_11113501	na	NZ_LR134216.1	4647667	519839	11.1849	518446	99.7320	515621	99.4551	1393	0.2680	517002	99.4543	4320	0.8310	1483	34.3287	120	2.7778	1501	34.7454	2667	61.7361	39608	100.0000	119770	53.5226	0.9804
ESO1238002120S1K	stools_12068150	na	NZ_CP022086.2	5256950	440081	8.3714	436432	99.1708	430473	98.6346	3649	0.8292	434070	98.6341	10451	2.3748	4440	42.4840	931	8.9082	3274	31.3271	5930	56.7410	103537	90.5985	118608	73.6148	0.9886
ESO1238002120S1K	stools_12117150	na	NZ_LR134216.1	4647667	1155217	24.8558	1151335	99.6640	1148161	99.7243	3882	0.3360	1152032	99.7243	7269	0.6292	4084	56.1838	258	3.5493	2699	37.1303	4205	57.8484	39608	100.0000	106136	41.6795	0.9851
ESO1238004220S1K	stools_11007150	na	NZ_CP015240.1	4863599	654245	13.4519	650370	99.4077	645662	99.2761	3875	0.5923	649488	99.2729	8999	1.3755	4242	47.1386	548	6.0896	3220	35.7818	4982	55.3617	112452	55.9003	96863	66.3494	0.9755
ESO1238006120S1K	stools_11007150	na	NZ_LR134231.1	4594692	117994	2.5681	117659	99.7161	116379	98.9121	335	0.2839	116709	98.9110	1705	1.4450	420	24.6334	90	5.2786	950	55.7185	643	37.7126	78701	51.2763	54887	49.7786	0.9869
ESO1238006120S1K	stools_11038101	na	NZ_LR134231.1	4594692	214153	4.6609	213625	99.7534	211837	99.1630	528	0.2466	212364	99.1646	2365	1.1044	576	24.3552	53	2.2410	1814	76.7019	431	18.2241	78701	26.3720	28166	23.8017	0.9829
ESO1238006120S1K	stools_11038501	na	NZ_LR134231.1	4594692	49205	1.0709	49172	99.9329	48750	99.1418	33	0.0671	48783	99.1424	476	0.9674	54	11.3445	24	5.0420	349	73.3193	99	20.7983	78701	74.5086	162476	42.4013	0.9797
ESO1238006120S1K	stools_11044501	na	NZ_LR134231.1	4594692	200862	4.3716	200065	99.6032	198428	99.1818	797	0.3968	199218	99.1815	2492	1.2407	848	34.0289	62	2.4880	1628	65.3291	708	28.4109	78701	51.2763	49308	49.4970	0.9829
ESO1238006120S1K	stools_11107501	na	NZ_LR134231.1	4594692	52414	1.1408	52381	99.9370	51767	98.8278	33	0.0630	51800	98.8286	717	1.3680	103	14.3654	70	9.7629	550	76.7085	96	13.3891	78701	51.2763	157531	26.2932	0.9829
ESO1238006120S1K	stools_12058150	na	NZ_LR134231.1	4594692	37918	0.8253	37873	99.8813	37411	98.7801	45	0.1187	37455	98.7789	534	1.4083	71	13.2959	29	5.4307	418	78.2772	83	15.5431	78701	51.2763	118020	31.8294	0.9869
ESO1238006120S1K	stools_12060501	na	NZ_LR134231.1	4594692	175257	3.8143	174794	99.7358	173095	99.0280	463	0.2642	173554	99.0283	2332	1.3306	629	26.9726	176	7.5472	1297	55.6175	795	34.0909	78701	51.2763	68981	57.3477	0.9829
ESO1238006120S1K	stools_12062101	na	NZ_LR134231.1	4594692	163976	3.5688	163559	99.7457	162120	99.1202	417	0.2543	162534	99.1206	1911	1.1654	469	24.5421	57	2.9827	1269	66.4050	547	28.6238	78701	51.2763	60817	50.6881	0.9868
ESO1238006120S1K	stools_12072101	na	NZ_LR134231.1	4594692	102655	2.2342	102192	99.5490	101153	98.9833	463	0.4510	101613	98.9849	1530	1.4904	488	31.8954	30	1.9608	1026	67.0588	446	29.1503	78701	24.9044	30305	55.8159	0.9829
ESO1238006120S1K	stools_12084101	na	NZ_LR134231.1	4594692	186055	4.0493	185169	99.5238	183489	99.0927	886	0.4762	184373	99.0960	2635	1.4162	953	36.1670	77	2.9222	1640	62.2391	808	30.6641	78701	24.9044	45884	37.9697	0.9829
ESO1238006120S1K	stools_12084102	na	NZ_LR134231.1	4594692	339674	7.3927	339203	99.8613	336371	99.1651	471	0.1387	336838	99.1651	3438	1.0121	602	17.5102	138	4.0140	2772	80.6283	496	14.4270	78701	24.9044	44020	40.7269	0.9867
ESO1238006120S1K	stools_12098150	na	NZ_LR134231.1	4594692	45806	0.9969	45731	99.8363	45176	98.7864	75	0.1637	45250	98.7862	658	1.4365	102	15.5015	28	4.2553	452	68.6930	168	25.5319	78701	51.2763	97381	31.5390	0.9829
ESO1238010120S1K	stools_11007150	na	NZ_CP015240.1	4863599	770462	15.8414	767239	99.5817	762378	99.3664	3223	0.4183	765566	99.3645	8198	1.0640	3302	40.2781	130	1.5858	1441	17.5775	6574	80.1903	190514	39.6375	96863	75.6894	0.9707
ESO1238010120S1K	stools_11049101	na	NZ_CP047277.1	4774769	122675	2.5692	122496	99.8541	121712	99.3600	179	0.1459	121889	99.3593	1044	0.8510	258	24.7126	83	7.9502	702	67.2414	257	24.6169	107999	60.8506	203920	32.3774	0.9666
ESO1238010120S1K	stools_11049501	na	NZ_CP047277.1	4774769	126458	2.6485	126296	99.8719	125507	99.3753	162	0.1281	125668	99.3753	1052	0.8319	262	24.9049	101	9.6008	692	65.7795	260	24.7148	107999	72.7229	229308	31.9330	0.9569
ESO1238010120S1K	stools_11107150	na	NZ_CP047277.1	4774769	217430	4.5537	217202	99.8951	215990	99.4420	228	0.1049	216216	99.4417	1537	0.7069	323	21.0150	97	6.3110	913	59.4014	525	34.1574	107999	66.2988	138256	53.4508	0.9847
ESO1238010120S1K	stools_12078101	na	NZ_CP047277.1	4774769	461440	9.6641	460441	99.7835	457969	99.4631	999	0.2165	458964	99.4634	3662	0.7936	1186	32.3867	197	5.3796	1997	54.5330	1421	38.8039	107999	72.7229	137285	55.0526	0.9777
ESO1238010120S1K	stools_12116150	na	NZ_CP047277.1	4774769	233113	4.8822	232873	99.8970	231818	99.5470	240	0.1030	232057	99.5470	1379	0.5916	323	23.4228	84	6.0914	1093	79.2603	207	15.0109	107999	72.7229	157545	56.8599	0.9746
ESO1238010120S1K	stools_12120501	na	NZ_CP047277.1	4774769	43088	0.9024	42999	99.7934	42698	99.3000	89	0.2066	42786	99.2991	408	0.9469	106	25.9804	18	4.4118	307	75.2451	82	20.0980	107999	86.6045	166919	62.8053	0.9765
ESO1239204120S1K	stools_11029101	na	NZ_CP032073.1	4631653	248205	5.3589	247498	99.7152	244139	98.6428	707	0.2848	244838	98.6435	4420	1.7808	1053	23.8235	355	8.0317	3629	82.1041	405	9.1629	120978	85.3172	220179	44.6628	0.9880
ESO1239204120S1K	stools_11029150	na	NZ_CP032073.1	4631653	848439	18.3183	845236	99.6225	834977	98.7863	3203	0.3775	838160	98.7885	14780	1.7420	4501	30.4533	1352	9.1475	11534	78.0379	1584	10.7172	120978	100.0000	134739	75.3360	0.9871
ESO1239204120S1K	stools_11029501	na	NZ_CP032073.1	4631653	795807	17.1819	792548	99.5905	782901	98.7828	3259	0.4095	786129	98.7839	14078	1.7690	4400	31.2544	1222	8.6802	10762	76.4455	1749	12.4236	120978	100.0000	116697	86.6158	0.9892
ESO1241101120S2K	stools_11011101	na	NZ_CP029492.1	4423666	449071	10.1516	446808	99.4961	444587	99.5029	2263	0.5039	446846	99.5045	4655	1.0366	2430	52.2019	229	4.9194	1705	36.6273	2568	55.1665	14382	100.0000	45439	30.4628	0.9925
ESO1241101120S2K	stools_11033150	na	NZ_CP029492.1	4423666	204059	4.6129	203181	99.5697	202291	99.5620	878	0.4303	203165	99.5619	1839	0.9012	945	51.3866	84	4.5677	967	52.5829	732	39.8042	14382	100.0000	27094	61.0504	0.9968
ESO1241101120S2K	stools_11036150	na	NZ_CP047876.1	4775730	985111	20.6274	978059	99.2841	974833	99.6702	7052	0.7159	981854	99.6694	10646	1.0807	7389	69.4063	506	4.7530	4872	45.7637	4953	46.5245	45921	79.0357	45132	68.2332	0.9928
ESO1241101120S2K	stools_11051101	na	NZ_CP047876.1	4775730	849062	17.7787	843184	99.3077	839944	99.6157	5878	0.6923	845804	99.6163	9418	1.1092	6160	65.4067	468	4.9692	4129	43.8416	4522	48.0144	45921	79.0357	28111	100.0000	0.9962
ESO1241101120S2K	stools_11051150	na	NZ_CP047876.1	4775730	922366	19.3136	917131	99.4324	914342	99.6959	5235	0.5676	919553	99.6950	8259	0.8954	5446	65.9402	448	5.4244	4828	58.4574	2671	32.3405	45921	79.0357	22678	100.0000	0.9934
ESO1241101120S2K	stools_11051501	na	NZ_CP028748.1	4805076	429810	8.9449	426737	99.2850	424721	99.5276	3073	0.7150	427779	99.5275	5353	1.2454	3322	62.0587	350	6.5384	2125	39.6974	2672	49.9159	17553	53.5863	20409	40.8839	0.9966
ESO1241101120S2K	stools_11051501	na	NZ_CP047876.1	4775730	948651	19.8640	942470	99.3484	939658	99.7016	6181	0.6516	945818	99.7014	9320	0.9824	6487	69.6030	681	7.3069	4683	50.2468	3556	38.1545	45921	79.0357	28469	100.0000	0.9963
ESO1241101120S2K	stools_12066101	na	NZ_CP029492.1	4423666	828849	18.7367	823999	99.4149	819218	99.4198	4850	0.5851	824042	99.4200	9924	1.1973	5117	51.5619	408	4.1112	2579	25.9875	6713	67.6441	14382	100.0000	41712	53.7543	0.9936
ESO1241104120S1K	stools_11011101	na	NZ_LR134236.1	4757340	1620671	34.0667	1606865	99.1481	1601756	99.6821	13806	0.8519	1615503	99.6811	19500	1.2032	14332	73.4974	1082	5.5487	10067	51.6256	7720	39.5897	98045	38.6149	68024	66.5794	0.9794
ESO1241104120S1K	stools_11011150	na	NZ_LR134236.1	4757340	1379634	29.0001	1371564	99.4151	1368637	99.7866	8070	0.5849	1376689	99.7865	11348	0.8225	8403	74.0483	465	4.0976	8653	76.2513	2079	18.3204	98045	55.1226	103201	66.1999	0.9789
ESO1241104120S1K	stools_11018101	na	NZ_LR134236.1	4757340	1624839	34.1544	1603638	98.6952	1595724	99.5065	21201	1.3048	1616821	99.5065	29860	1.8377	21842	73.1480	1130	3.7843	9875	33.0710	18324	61.3664	98045	38.0407	43894	82.5671	0.9852
ESO1241104120S1K	stools_11038150	na	NZ_LR134236.1	4757340	1106294	23.2545	1099875	99.4198	1096523	99.6952	6419	0.5802	1102914	99.6945	10183	0.9205	6803	66.8074	539	5.2931	5824	57.1934	3220	31.6213	98045	62.0276	148989	55.0188	0.9736
ESO1241104120S1K	stools_12064150	na	NZ_LR134236.1	4757340	716866	15.0686	711690	99.2780	707155	99.3628	5176	0.7220	712304	99.3636	10039	1.4004	5477	54.5572	367	3.6557	4686	46.6780	4773	47.5446	98045	54.2149	111498	60.9616	0.9770
ESO1241104120S1K	stools_12111102	na	NZ_LR134236.1	4757340	2130681	44.7872	2114469	99.2391	2108296	99.7081	16212	0.7609	2124459	99.7080	23102	1.0843	16880	73.0673	1414	6.1207	11185	48.4157	9552	41.3471	98045	47.9810	49367	100.0000	0.9859
ESO1241105120S1K	stools_11015501	na	NZ_CP076276.1	4860798	209394	4.3078	208591	99.6165	205897	98.7085	803	0.3835	206687	98.7072	3592	1.7154	885	24.6381	95	2.6448	3013	83.8808	463	12.8898	186686	20.1408	71299	86.3687	0.9589
ESO1241108120S1K	stools_11026101	na	NZ_CP075716.1	4870208	610699	12.5395	609877	99.8654	608841	99.8301	822	0.1346	609662	99.8302	1936	0.3170	899	46.4360	85	4.3905	682	35.2273	1156	59.7107	110379	63.6208	202364	75.2174	0.9603
ESO1241108120S1K	stools_11039150	na	NZ_CP075716.1	4870208	1338849	27.4906	1335408	99.7430	1331955	99.7414	3441	0.2570	1335389	99.7416	7132	0.5327	3672	51.4863	273	3.8278	1216	17.0499	5601	78.5334	110379	75.7264	162260	75.7020	0.9756
ESO1241108120S1K	stools_12071150	na	NZ_CP075716.1	4870208	1199147	24.6221	1197181	99.8361	1195438	99.8544	1966	0.1639	1197402	99.8545	3937	0.3283	2192	55.6769	244	6.1976	1355	34.4171	2287	58.0899	110379	69.5132	167391	71.2249	0.9642
ESO1241108220S1K	stools_11004101	na	NZ_CP011134.1	5000386	546443	10.9280	545146	99.7626	537332	98.5666	1297	0.2374	538619	98.5682	9362	1.7133	1538	16.4281	271	2.8947	8166	87.2250	803	8.5772	131654	47.5937	40499	42.5146	0.9721
ESO1241108220S1K	stools_11023101	na	NZ_CP011134.1	5000386	1254051	25.0791	1250806	99.7412	1232980	98.5748	3245	0.2588	1236209	98.5773	21484	1.7132	3642	16.9522	424	1.9736	19696	91.6775	1156	5.3807	131654	65.7678	100884	58.2540	0.9799
ESO1241108220S1K	stools_11028150	na	NZ_CP011134.1	5000386	373053	7.4605	372128	99.7520	366467	98.4787	925	0.2480	367386	98.4809	6954	1.8641	1287	18.5073	371	5.3351	5776	83.0601	750	10.7852	131654	90.6566	139785	81.7577	0.9904
ESO1241108220S1K	stools_11032150	na	NZ_CP011134.1	5000386	1423829	28.4744	1416506	99.4857	1398249	98.7111	7323	0.5143	1405508	98.7133	25723	1.8066	7402	28.7758	285	1.1080	20409	79.3414	3421	13.2994	131654	64.5556	60089	87.8980	0.9791
ESO1241108220S1K	stools_11044150	na	NZ_CP011134.1	5000386	911910	18.2368	903822	99.1131	891528	98.6398	8088	0.8869	899518	98.6411	20869	2.2885	8477	40.6201	652	3.1243	12965	62.1256	5674	27.1887	131654	57.5706	25668	100.0000	0.9760
ESO1241108220S1K	stools_12078150	na	NZ_CP011134.1	5000386	1334199	26.6819	1331232	99.7776	1312499	98.5928	2967	0.2224	1315454	98.5950	22131	1.6587	3386	15.2998	442	1.9972	20665	93.3758	894	4.0396	131654	90.6566	120648	90.7674	0.9797
ESO1241108220S1K	stools_12090101	na	NZ_CP011134.1	5000386	806927	16.1373	804623	99.7145	792922	98.5458	2304	0.2855	795214	98.5484	14273	1.7688	2560	17.9360	292	2.0458	12643	88.5798	1113	7.7979	131654	90.6566	122213	92.8125	0.9788
ESO1241110120S1K	stools_11011101	na	NZ_LR134236.1	4757340	1087223	22.8536	1081811	99.5022	1077064	99.5612	5412	0.4978	1082434	99.5595	10904	1.0029	6115	56.0803	823	7.5477	3366	30.8694	6479	59.4186	212017	40.8477	68024	90.4416	0.9665
ESO1241110120S1K	stools_11011150	na	NZ_LR134236.1	4757340	771845	16.2243	770333	99.8041	768143	99.7157	1512	0.1959	769642	99.7146	4101	0.5313	1898	46.2814	408	9.9488	2073	50.5486	1559	38.0151	212017	42.8126	103201	75.8239	0.9640
ESO1241110120S1K	stools_11017501	na	NZ_LR134216.1	4647667	971550	20.9040	964014	99.2243	961703	99.7603	7536	0.7757	969203	99.7584	10011	1.0304	7664	76.5558	440	4.3952	2642	26.3910	6311	63.0407	110564	7.9791	22132	43.7918	0.9752
ESO1241110120S1K	stools_11018101	na	NZ_LR134236.1	4757340	1088191	22.8739	1078165	99.0787	1071720	99.4022	10026	0.9213	1081682	99.4019	17136	1.5747	10627	62.0156	775	4.5226	3370	19.6662	12676	73.9729	212017	18.4047	43894	76.3726	0.9599
ESO1241110120S1K	stools_11020501	na	NZ_LR134216.1	4647667	1250418	26.9042	1245851	99.6348	1242437	99.7260	4567	0.3652	1246989	99.7258	8158	0.6524	4729	57.9676	236	2.8929	2376	29.1248	5350	65.5798	110564	23.8296	26544	100.0000	0.9801
ESO1241110120S1K	stools_11038150	na	NZ_LR134236.1	4757340	565045	11.8773	563693	99.7607	560377	99.4117	1352	0.2393	561720	99.4116	4977	0.8808	1652	33.1927	335	6.7310	1701	34.1772	2833	56.9218	212017	75.4076	148989	93.4633	0.9741
ESO1241110120S1K	stools_11041102	na	NZ_LR134216.1	4647667	656774	14.1313	653108	99.4418	650800	99.6466	3666	0.5582	654440	99.6446	6058	0.9224	3724	61.4724	180	2.9713	2270	37.4711	3312	54.6715	110564	16.7939	20532	69.6766	0.9778
ESO1241110120S1K	stools_11042150	na	NZ_LR134216.1	4647667	780706	16.7978	777149	99.5444	774593	99.6711	3557	0.4556	778142	99.6716	6224	0.7972	3660	58.8046	184	2.9563	2026	32.5514	3855	61.9377	110564	28.7309	45123	72.1783	0.9797
ESO1241110120S1K	stools_11113501	na	NZ_LR134216.1	4647667	608421	13.0909	606621	99.7042	603856	99.5442	1800	0.2958	605645	99.5437	4620	0.7593	1844	39.9134	62	1.3420	1505	32.5758	2985	64.6104	110564	66.0287	119770	78.9054	0.9875
ESO1241110120S1K	stools_12064150	na	NZ_LR134236.1	4757340	547926	11.5175	546222	99.6890	542091	99.2437	1704	0.3110	543783	99.2439	6243	1.1394	2100	33.6377	422	6.7596	1807	28.9444	3985	63.8315	212017	51.9520	111498	77.3503	0.9668
ESO1241110120S1K	stools_12111102	na	NZ_LR134236.1	4757340	1138715	23.9360	1133134	99.5099	1127181	99.4746	5581	0.4901	1132737	99.4750	12113	1.0637	6135	50.6481	678	5.5973	3308	27.3095	7846	64.7734	212017	22.1388	49367	85.3931	0.9619
ESO1241110120S1K	stools_12117150	na	NZ_LR134216.1	4647667	1273749	27.4062	1269236	99.6457	1266106	99.7534	4513	0.3543	1270597	99.7525	7780	0.6108	4628	59.4859	195	2.5064	2409	30.9640	4916	63.1877	110564	54.2862	106136	57.3434	0.9743
ESO1242103120S1K	stools_11008101	na	NZ_CP041359.1	5320024	154467	2.9035	153842	99.5954	152172	98.9145	625	0.4046	152790	98.9143	2406	1.5576	729	30.2993	115	4.7797	1461	60.7232	729	30.2993	90099	54.7464	130799	5.8877	0.9831
ESO1242103120S1K	stools_11013101	na	NZ_CP041359.1	5320024	37573	0.7063	37382	99.4917	36977	98.9166	191	0.5083	37166	98.9168	631	1.6794	224	35.4992	37	5.8637	388	61.4897	183	29.0016	90099	45.2536	108045	15.9961	0.9831
ESO1242103120S1K	stools_11013150	na	NZ_CP041359.1	5320024	89447	1.6813	89160	99.6791	87847	98.5274	287	0.3209	88131	98.5287	1713	1.9151	397	23.1757	113	6.5966	809	47.2271	759	44.3082	90099	100.0000	91033	26.5168	0.9831
ESO1242103120S1K	stools_11014150	na	NZ_CP041359.1	5320024	26979	0.5071	26957	99.9185	26573	98.5755	22	0.0815	26595	98.5767	473	1.7532	89	18.8161	67	14.1649	236	49.8943	170	35.9408	90099	45.2536	136111	13.8512	0.9747
ESO1242103120S1K	stools_11049101	na	NZ_CP041359.1	5320024	63630	1.1960	63546	99.8680	62928	99.0275	84	0.1320	63011	99.0272	721	1.1331	102	14.1470	20	2.7739	617	85.5756	56	7.7670	90099	100.0000	138786	49.4409	0.9747
ESO1242103120S1K	stools_11049501	na	NZ_CP041359.1	5320024	62940	1.1831	62890	99.9206	62287	99.0412	50	0.0794	62337	99.0419	672	1.0677	69	10.2679	19	2.8274	595	88.5417	55	8.1845	90099	100.0000	140508	47.5546	0.9751
ESO1242103120S1K	stools_12078101	na	NZ_CP041359.1	5320024	81479	1.5316	81337	99.8257	80396	98.8431	142	0.1743	80536	98.8426	1188	1.4580	245	20.6229	105	8.8384	774	65.1515	294	24.7475	90099	100.0000	110534	28.8744	0.9749
ESO1242206120S1K	stools_11011150	na	NZ_CP022279.1	4907118	1039316	21.1798	1037893	99.8631	1036623	99.8776	1423	0.1369	1038045	99.8777	4740	0.4561	3469	73.1857	2055	43.3544	1657	34.9578	938	19.7890	374019	57.1153	233327	85.3305	0.9480
ESO1242206120S1K	stools_11016501	na	NZ_CP022279.1	4907118	1974030	40.2279	1969514	99.7712	1965531	99.7978	4516	0.2288	1970039	99.7978	12381	0.6272	8390	67.7651	3931	31.7503	4130	33.3576	3906	31.5483	374019	51.8506	180241	96.9280	0.9411
ESO1242206120S1K	stools_11020150	na	NZ_CP022279.1	4907118	939580	19.1473	938126	99.8453	936475	99.8240	1454	0.1547	937927	99.8241	5904	0.6284	4251	72.0020	2832	47.9675	1295	21.9343	1655	28.0318	374019	88.4316	393860	98.0026	0.9611
ESO1242206120S1K	stools_11021501	na	NZ_CP022279.1	4907118	1081862	22.0468	1078767	99.7139	1074950	99.6462	3095	0.2861	1078037	99.6464	8875	0.8203	5050	56.9014	2005	22.5915	1919	21.6225	4831	54.4338	374019	53.4414	242169	89.8856	0.9401
ESO1242206120S1K	stools_11038101	na	NZ_CP022279.1	4907118	1240704	25.2838	1237344	99.7292	1233910	99.7225	3360	0.2708	1237259	99.7223	8998	0.7252	5553	61.7137	2242	24.9166	2551	28.3507	3989	44.3321	374019	53.9513	209128	90.1257	0.9427
ESO1242206120S1K	stools_11046150	na	NZ_CP022279.1	4907118	433949	8.8433	433072	99.7979	430050	99.3022	877	0.2021	430923	99.3027	5034	1.1600	2008	39.8888	1144	22.7255	712	14.1438	3102	61.6210	374019	60.2437	286858	100.0000	0.9521
ESO1242206120S1K	stools_11048150	na	NZ_CP022279.1	4907118	709266	14.4538	708203	99.8501	705878	99.6717	1063	0.1499	706935	99.6714	4922	0.6940	2591	52.6412	1543	31.3490	1596	32.4258	1711	34.7623	374019	65.2309	290618	91.0467	0.9460
ESO1242206120S1K	stools_11052150	na	NZ_CP022279.1	4907118	2170161	44.2248	2161306	99.5920	2158164	99.8546	8855	0.4080	2167007	99.8547	16357	0.7537	13203	80.7177	4427	27.0649	3186	19.4779	8369	51.1646	374019	73.3781	251808	87.9531	0.9547
ESO1242206120S1K	stools_12060501	na	NZ_CP022279.1	4907118	809738	16.5013	808214	99.8118	805504	99.6647	1524	0.1882	807020	99.6643	5770	0.7126	3052	52.8943	1545	26.7764	1440	24.9567	2679	46.4298	374019	57.1762	241949	96.5774	0.9467
ESO1242206120S1K	stools_12068102	na	NZ_CP022279.1	4907118	1734575	35.3481	1728024	99.6223	1723488	99.7375	6551	0.3777	1730021	99.7375	14385	0.8293	9831	68.3420	3414	23.7331	3073	21.3625	7443	51.7414	374019	59.8510	263935	86.7949	0.9469
ESO1242206120S1K	stools_12085150	na	NZ_CP022279.1	4907118	2648429	53.9712	2643899	99.8290	2641723	99.9177	4530	0.1710	2646250	99.9177	12681	0.4788	10502	82.8168	6001	47.3228	3827	30.1790	2595	20.4637	374019	84.3211	384148	90.7877	0.9421
ESO1242206120S1K	stools_12088501	na	NZ_CP022279.1	4907118	2759816	56.2411	2753586	99.7743	2751564	99.9266	6230	0.2257	2757789	99.9266	14888	0.5395	12861	86.3850	6695	44.9691	3924	26.3568	3948	26.5180	374019	75.5520	301726	91.6646	0.9591
ESO1242206120S1K	stools_12116501	na	NZ_CP022279.1	4907118	733421	14.9461	732419	99.8634	730520	99.7407	1002	0.1366	731519	99.7407	4276	0.5830	2374	55.5192	1389	32.4836	1305	30.5192	1544	36.1085	374019	69.2259	315377	82.3706	0.9534
ESO1242208120S1K	stools_11049101	na	NZ_CP047277.1	4774769	433267	9.0741	431606	99.6166	429733	99.5660	1661	0.3834	431384	99.5654	3757	0.8671	1874	49.8802	231	6.1485	2776	73.8887	687	18.2859	50703	100.0000	203920	27.0268	0.9684
ESO1242208120S1K	stools_11049501	na	NZ_CP047277.1	4774769	439669	9.2082	438079	99.6384	436181	99.5667	1590	0.3616	437760	99.5658	3733	0.8490	1824	48.8615	250	6.6970	2787	74.6585	626	16.7694	50703	100.0000	229308	24.5417	0.9619
ESO1242208120S1K	stools_11107150	na	NZ_CP047277.1	4774769	748018	15.6661	745712	99.6917	742425	99.5592	2306	0.3083	744724	99.5596	5912	0.7904	2618	44.2828	329	5.5650	3559	60.1996	1840	31.1231	50703	100.0000	138256	39.8080	0.9813
ESO1242208120S1K	stools_12078101	na	NZ_CP047277.1	4774769	1546379	32.3865	1540220	99.6017	1534063	99.6003	6159	0.3983	1540186	99.5995	12850	0.8310	6657	51.8054	646	5.0272	7458	58.0389	4433	34.4981	50703	100.0000	137285	40.2855	0.9816
ESO1242208120S1K	stools_12116150	na	NZ_CP047277.1	4774769	787502	16.4930	784852	99.6635	782288	99.6733	2650	0.3365	784926	99.6729	5442	0.6910	2866	52.6645	235	4.3183	4494	82.5799	656	12.0544	50703	100.0000	157545	34.0995	0.9757
ESO1242208120S1K	stools_12120501	na	NZ_CP047277.1	4774769	168134	3.5213	167433	99.5831	166423	99.3968	701	0.4169	167120	99.3969	1786	1.0622	772	43.2251	76	4.2553	1292	72.3404	391	21.8925	50703	100.0000	166919	34.8540	0.9731
ESO1242209120S1K	stools_11007150	na	NZ_LR134231.1	4594692	730331	15.8951	727842	99.6592	723853	99.4519	2489	0.3408	726314	99.4500	6577	0.9006	2560	38.9235	123	1.8702	1005	15.2805	5407	82.2107	65179	48.7335	54887	72.6092	0.9876
ESO1242209120S1K	stools_11038101	na	NZ_LR134231.1	4594692	1275376	27.7576	1271581	99.7024	1270130	99.8859	3795	0.2976	1273914	99.8854	5394	0.4229	3932	72.8958	223	4.1342	2062	38.2277	2986	55.3578	65179	29.9099	28166	70.1023	0.9878
ESO1242209120S1K	stools_11038501	na	NZ_LR134231.1	4594692	253883	5.5256	253646	99.9066	253014	99.7508	237	0.0934	253251	99.7511	913	0.3596	281	30.7777	45	4.9288	361	39.5400	496	54.3264	65179	78.7524	162476	53.4805	0.9718
ESO1242209120S1K	stools_11044501	na	NZ_LR134231.1	4594692	1211623	26.3701	1206312	99.5617	1204378	99.8397	5311	0.4383	1209681	99.8397	7412	0.6117	5470	73.7992	254	3.4269	1880	25.3643	5156	69.5629	65179	57.7993	49308	76.2635	0.9893
ESO1242209120S1K	stools_11049150	na	NZ_CP085488.1	4672036	512072	10.9604	510177	99.6299	508837	99.7373	1895	0.3701	510724	99.7368	3357	0.6556	2009	59.8451	144	4.2895	1124	33.4823	1999	59.5472	18548	57.2784	10809	100.0000	0.9983
ESO1242209120S1K	stools_11107501	na	NZ_LR134231.1	4594692	289788	6.3070	289459	99.8865	288606	99.7053	329	0.1135	288934	99.7053	1307	0.4510	453	34.6595	126	9.6404	551	42.1576	600	45.9067	65179	100.0000	157531	51.5733	0.9787
ESO1242209120S1K	stools_12058150	na	NZ_LR134231.1	4594692	215871	4.6983	215460	99.8096	214768	99.6788	411	0.1904	215177	99.6785	1194	0.5531	500	41.8760	92	7.7052	590	49.4137	491	41.1223	65179	75.4768	118020	51.9725	0.9812
ESO1242209120S1K	stools_12060501	na	NZ_LR134231.1	4594692	915641	19.9282	912934	99.7044	908701	99.5363	2707	0.2956	911401	99.5369	7092	0.7745	2852	40.2143	205	2.8906	1202	16.9487	5605	79.0327	65179	66.4110	68981	75.8470	0.9863
ESO1242209120S1K	stools_12062101	na	NZ_LR134231.1	4594692	910919	19.8255	908775	99.7646	906305	99.7282	2144	0.2354	908443	99.7282	4692	0.5151	2216	47.2293	93	1.9821	1156	24.6377	3397	72.3998	65179	57.7487	60817	67.4039	0.9901
ESO1242209120S1K	stools_12072101	na	NZ_LR134231.1	4594692	619474	13.4824	616479	99.5165	615381	99.8219	2995	0.4835	618367	99.8213	4187	0.6759	3080	73.5610	160	3.8214	1291	30.8335	2645	63.1717	65179	49.1370	30305	100.0000	0.9923
ESO1242209120S1K	stools_12084101	na	NZ_LR134231.1	4594692	1070217	23.2925	1064819	99.4956	1063176	99.8457	5398	0.5044	1068558	99.8450	7220	0.6746	5561	77.0222	279	3.8643	1691	23.4211	5114	70.8310	65179	91.3377	45884	100.0000	0.9953
ESO1242209120S1K	stools_12084102	na	NZ_LR134231.1	4594692	1957907	42.6124	1954789	99.8407	1951960	99.8553	3118	0.1593	1955069	99.8550	6279	0.3207	3441	54.8017	355	5.6538	2467	39.2897	3371	53.6869	65179	73.6602	44020	100.0000	0.9949
ESO1242209120S1K	stools_12086501	na	NZ_AP022295.1	4665448	713670	15.2969	708519	99.2782	707237	99.8191	5151	0.7218	712378	99.8190	6522	0.9139	5230	80.1901	120	1.8399	1254	19.2272	5099	78.1815	10329	100.0000	10184	100.0000	0.9999
ESO1242209120S1K	stools_12098150	na	NZ_LR134231.1	4594692	250937	5.4615	250217	99.7131	249123	99.5628	720	0.2869	249841	99.5632	1883	0.7504	787	41.7950	72	3.8237	763	40.5204	1017	54.0096	65179	75.4768	97381	53.7610	0.9852
ESO1242209120S1K	stools_12111102	na	NZ_CP085488.1	4672036	354459	7.5868	352994	99.5867	350824	99.3853	1465	0.4133	352281	99.3855	3804	1.0732	1626	42.7445	217	5.7045	698	18.3491	2778	73.0284	18548	57.2784	74506	14.2874	0.9846
ESO1242705120S1K	stools_11010101	na	NZ_CP025747.1	4918774	404375	8.2211	403061	99.6751	398025	98.7506	1314	0.3249	399329	98.7521	6518	1.6119	1472	22.5836	191	2.9303	865	13.2709	5226	80.1780	116282	48.9250	164965	56.8927	0.9604
ESO1242705120S1K	stools_11048102	na	NZ_CP027126.1	4877957	818248	16.7744	814812	99.5801	810467	99.4667	3436	0.4199	813896	99.4681	8109	0.9910	3757	46.3312	424	5.2288	4949	61.0310	2533	31.2369	83436	74.0448	117442	63.3649	0.9826
ESO1242705120S1K	stools_12079101	na	NZ_CP027126.1	4877957	1267483	25.9839	1261481	99.5265	1255927	99.5597	6002	0.4735	1261906	99.5600	11947	0.9426	6370	53.3188	526	4.4028	8145	68.1761	2998	25.0942	83436	74.0448	78126	80.7452	0.9907
ESO1242705120S1K	stools_12116150	na	NZ_CP027126.1	4877957	336945	6.9075	336119	99.7549	334596	99.5469	826	0.2451	335416	99.5462	2415	0.7167	886	36.6874	69	2.8571	2120	87.7847	200	8.2816	83436	83.8271	153421	86.5397	0.9792
ESO1242705120S1K	stools_12119501	na	NZ_CP025747.1	4918774	1249324	25.3991	1230888	98.5243	1211918	98.4588	18436	1.4757	1229917	98.4466	37696	3.0173	18289	48.5171	546	1.4484	3105	8.2369	33576	89.0705	116282	40.4499	57070	70.7009	0.9790
ESO1242801120S1K	stools_12118101	na	NZ_CP053601.1	4529413	437997	9.6701	436204	99.5906	428506	98.2352	1793	0.4094	430271	98.2361	9945	2.2706	2219	22.3127	468	4.7059	8312	83.5797	961	9.6631	0	0.0000	92315	0.0000	0.9875
ESO1242802120S1K	stools_11018101	na	NZ_CP023386.1	4900891	973988	19.8737	962520	98.8226	959500	99.6862	11468	1.1774	970920	99.6850	14691	1.5083	11623	79.1165	245	1.6677	2320	15.7920	11927	81.1858	116106	65.3704	108131	30.0820	0.9737
ESO1242802120S1K	stools_11042101	na	NZ_CP023386.1	4900891	861812	17.5848	852516	98.9213	849993	99.7041	9296	1.0787	859243	99.7019	11982	1.3903	9413	78.5595	186	1.5523	1890	15.7737	9799	81.7810	116106	68.2669	57167	57.4527	0.9763
ESO1242802120S1K	stools_11054102	na	NZ_CP023386.1	4900891	700899	14.3015	697547	99.5218	694462	99.5577	3352	0.4782	697787	99.5560	6617	0.9441	3505	52.9696	204	3.0830	1628	24.6033	4725	71.4070	116106	33.6374	106169	13.5369	0.9640
ESO1242802120S1K	stools_12060150	na	NZ_CP023386.1	4900891	885920	18.0767	884011	99.7845	881437	99.7088	1909	0.2155	883339	99.7087	4727	0.5336	2146	45.3988	250	5.2888	1911	40.4273	2522	53.3531	116106	100.0000	186175	23.9533	0.9572
ESO1242802120S1K	stools_12069101	na	NZ_CP023386.1	4900891	1033979	21.0978	1031974	99.8061	1029082	99.7198	2005	0.1939	1031074	99.7190	5199	0.5028	2294	44.1239	331	6.3666	2320	44.6240	2418	46.5089	116106	100.0000	197655	35.8534	0.9615
ESO1242802120S1K	stools_12070101	na	NZ_CP023386.1	4900891	992460	20.2506	991386	99.8918	988571	99.7161	1074	0.1082	989636	99.7155	4174	0.4206	1350	32.3431	289	6.9238	2206	52.8510	1647	39.4586	116106	80.6134	165445	38.7567	0.9729
ESO1242802120S1K	stools_12101101	na	NZ_CP023386.1	4900891	1050788	21.4408	1040352	99.0068	1036617	99.6410	10436	0.9932	1047011	99.6406	14477	1.3777	10700	73.9103	322	2.2242	2463	17.0132	11643	80.4241	116106	65.3704	208557	38.1061	0.9617
ESO1242804120S1K	stools_11018101	na	NZ_CP023386.1	4900891	769803	15.7074	760945	98.8493	758106	99.6269	8858	1.1507	766919	99.6254	11833	1.5371	8949	75.6275	189	1.5972	2785	23.5359	8676	73.3204	63700	40.3799	108131	16.6835	0.9828
ESO1242804120S1K	stools_11042101	na	NZ_CP023386.1	4900891	687094	14.0198	679801	98.9386	677112	99.6044	7293	1.0614	684371	99.6037	10053	1.4631	7330	72.9136	118	1.1738	2584	25.7038	7264	72.2570	63700	100.0000	57167	66.6573	0.9870
ESO1242804120S1K	stools_11054102	na	NZ_CP023386.1	4900891	552369	11.2708	549715	99.5195	546860	99.4806	2654	0.4805	549496	99.4799	5607	1.0151	2734	48.7605	114	2.0332	2152	38.3806	3293	58.7302	63700	40.3799	106169	13.5369	0.9818
ESO1242804120S1K	stools_12060150	na	NZ_CP023386.1	4900891	699385	14.2706	697739	99.7647	694759	99.5729	1646	0.2353	696401	99.5733	4734	0.6769	1750	36.9666	111	2.3447	2702	57.0765	1901	40.1563	63700	100.0000	186175	16.9663	0.9708
ESO1242804120S1K	stools_12069101	na	NZ_CP023386.1	4900891	812254	16.5736	810553	99.7906	807321	99.6013	1701	0.2094	809017	99.6015	5077	0.6251	1840	36.2419	166	3.2696	3070	60.4688	1743	34.3313	63700	78.5604	197655	21.3544	0.9687
ESO1242804120S1K	stools_12070101	na	NZ_CP023386.1	4900891	785632	16.0304	784510	99.8572	781417	99.6057	1122	0.1428	782534	99.6057	4330	0.5511	1232	28.4527	119	2.7483	2963	68.4296	1220	28.1755	63700	100.0000	165445	37.5279	0.9741
ESO1242804120S1K	stools_12101101	na	NZ_CP023386.1	4900891	826235	16.8589	817989	99.0020	814451	99.5675	8246	0.9980	822660	99.5673	12004	1.4529	8429	70.2183	241	2.0077	3033	25.2666	8674	72.2592	63700	83.9874	208557	26.4685	0.9716
ESO1242805120S1K	stools_11017501	na	NZ_LR134216.1	4647667	613303	13.1959	609725	99.4166	608092	99.7322	3578	0.5834	611653	99.7310	5423	0.8842	3773	69.5740	262	4.8313	1006	18.5506	3924	72.3585	86978	26.4389	22132	100.0000	0.9860
ESO1242805120S1K	stools_11020501	na	NZ_LR134216.1	4647667	901399	19.3947	899203	99.7564	896363	99.6842	2196	0.2436	898555	99.6845	5189	0.5757	2345	45.1918	179	3.4496	1123	21.6419	3809	73.4053	86978	11.7903	26544	37.8353	0.9795
ESO1242805120S1K	stools_11041102	na	NZ_LR134216.1	4647667	407645	8.7710	406145	99.6320	404702	99.6447	1500	0.3680	406199	99.6453	3025	0.7421	1579	52.1983	94	3.1074	867	28.6612	2002	66.1818	86978	26.4389	20532	63.8662	0.9825
ESO1242805120S1K	stools_11042150	na	NZ_LR134216.1	4647667	509110	10.9541	507541	99.6918	505770	99.6511	1569	0.3082	507337	99.6517	3445	0.6767	1672	48.5341	112	3.2511	801	23.2511	2489	72.2496	86978	54.2183	45123	100.0000	0.9909
ESO1242805120S1K	stools_11113501	na	NZ_LR134216.1	4647667	441631	9.5022	440979	99.8524	438683	99.4793	652	0.1476	439332	99.4794	3002	0.6798	703	23.4177	56	1.8654	676	22.5183	2262	75.3498	86978	89.4525	119770	79.4172	0.9880
ESO1242805120S1K	stools_12117150	na	NZ_LR134216.1	4647667	958577	20.6249	956280	99.7604	953663	99.7263	2297	0.2396	955952	99.7262	5092	0.5312	2467	48.4485	212	4.1634	1123	22.0542	3716	72.9772	86978	64.7658	106136	50.0575	0.9811
ESO1247101120S1K	stools_11007150	na	NZ_LR134231.1	4594692	1148204	24.9898	1144501	99.6775	1138750	99.4975	3703	0.3225	1142413	99.4956	9643	0.8398	3852	39.9461	224	2.3229	1297	13.4502	7991	82.8684	52184	44.9870	54887	48.6764	0.9858
ESO1247101120S1K	stools_11038101	na	NZ_LR134231.1	4594692	2155944	46.9225	2149116	99.6833	2146244	99.8664	6828	0.3167	2153048	99.8657	9852	0.4570	6956	70.6050	305	3.0958	3856	39.1393	5477	55.5928	52184	55.2392	28166	100.0000	0.9922
ESO1247101120S1K	stools_11038501	na	NZ_LR134231.1	4594692	453221	9.8640	452841	99.9162	451909	99.7942	380	0.0838	452288	99.7941	1411	0.3113	478	33.8767	99	7.0163	356	25.2303	907	64.2807	52184	58.1653	162476	41.6443	0.9646
ESO1247101120S1K	stools_11044501	na	NZ_LR134231.1	4594692	2092332	45.5380	2083397	99.5730	2079915	99.8329	8935	0.4270	2088831	99.8327	12616	0.6030	9115	72.2495	410	3.2498	3247	25.7372	8724	69.1503	52184	55.2392	49308	57.3010	0.9875
ESO1247101120S1K	stools_11107501	na	NZ_LR134231.1	4594692	573340	12.4783	572294	99.8176	570375	99.6647	1046	0.1824	571418	99.6648	3229	0.5632	1307	40.4769	266	8.2378	1225	37.9374	1537	47.5999	52184	100.0000	157531	47.8255	0.9768
ESO1247101120S1K	stools_12058150	na	NZ_LR134231.1	4594692	434193	9.4499	433007	99.7268	431037	99.5450	1186	0.2732	432216	99.5447	3217	0.7409	1240	38.5452	66	2.0516	1853	57.6002	1237	38.4520	52184	77.3379	118020	44.4442	0.9792
ESO1247101120S1K	stools_12060501	na	NZ_LR134231.1	4594692	1595061	34.7153	1590814	99.7337	1583702	99.5529	4247	0.2663	1587935	99.5532	11565	0.7251	4439	38.3831	268	2.3173	1857	16.0571	9215	79.6801	52184	67.0857	68981	65.3064	0.9872
ESO1247101120S1K	stools_12062101	na	NZ_LR134231.1	4594692	1583137	34.4558	1579585	99.7756	1575018	99.7109	3552	0.2244	1578558	99.7108	8243	0.5207	3664	44.4498	158	1.9168	2132	25.8644	5841	70.8601	52184	36.2218	60817	33.4084	0.9847
ESO1247101120S1K	stools_12072101	na	NZ_LR134231.1	4594692	1048797	22.8263	1043379	99.4834	1041027	99.7746	5418	0.5166	1046426	99.7739	7881	0.7514	5510	69.9150	195	2.4743	2930	37.1780	4590	58.2413	52184	24.3753	30305	44.1841	0.9875
ESO1247101120S1K	stools_12084101	na	NZ_LR134231.1	4594692	1911149	41.5947	1901336	99.4865	1897963	99.8226	9813	0.5135	1907744	99.8218	13507	0.7067	10102	74.7908	589	4.3607	2962	21.9294	9632	71.3112	52184	69.1361	45884	62.0303	0.9907
ESO1247101120S1K	stools_12084102	na	NZ_LR134231.1	4594692	3518297	76.5731	3511975	99.8203	3506139	99.8338	6322	0.1797	3512430	99.8332	12768	0.3629	6901	54.0492	770	6.0307	3890	30.4668	7723	60.4872	52184	47.0374	44020	59.2731	0.9896
ESO1247101120S1K	stools_12098150	na	NZ_LR134231.1	4594692	511961	11.1424	510191	99.6543	507601	99.4923	1770	0.3457	509358	99.4916	4431	0.8655	1828	41.2548	88	1.9860	2039	46.0167	2198	49.6051	52184	77.3379	97381	47.9775	0.9849
ESO1247108120S1K	stools_11029501	na	NZ_CP054282.1	4702170	773358	16.4468	769016	99.4386	764905	99.4654	4342	0.5614	769228	99.4660	8824	1.1410	4694	53.1958	456	5.1677	3022	34.2475	5141	58.2616	82264	100.0000	152811	54.1793	0.9847
ESO1247108120S1K	stools_11036150	na	NZ_CP047876.1	4775730	1433489	30.0161	1423867	99.3288	1421542	99.8367	9622	0.6712	1431147	99.8366	12374	0.8632	10032	81.0732	727	5.8752	5179	41.8539	6237	50.4041	31232	79.5242	45132	68.2332	0.9924
ESO1247108120S1K	stools_11051101	na	NZ_CP047876.1	4775730	1186887	24.8525	1178385	99.2837	1175544	99.7589	8502	0.7163	1184017	99.7582	11730	0.9883	8860	75.5328	652	5.5584	4371	37.2634	6419	54.7229	31232	79.5242	28111	100.0000	0.9962
ESO1247108120S1K	stools_11051150	na	NZ_CP047876.1	4775730	1325330	27.7514	1317721	99.4259	1315495	99.8311	7609	0.5741	1323074	99.8298	10258	0.7740	8002	78.0074	730	7.1164	5408	52.7198	3837	37.4050	31232	79.5242	22678	100.0000	0.9951
ESO1247108120S1K	stools_11051501	na	NZ_CP047876.1	4775730	1344894	28.1610	1336313	99.3620	1334214	99.8429	8581	0.6380	1342772	99.8422	11072	0.8233	8950	80.8345	670	6.0513	5095	46.0170	4999	45.1499	31232	79.5242	28469	100.0000	0.9961
ESO1247108120S1K	stools_11109501	na	NZ_CP036202.1	4834354	598749	12.3853	595623	99.4779	592943	99.5501	3126	0.5221	596060	99.5509	6094	1.0178	3405	55.8746	329	5.3988	2165	35.5267	3452	56.6459	80001	72.3278	70197	86.0991	0.9938
ESO1247108120S1K	stools_12057501	na	NZ_CP054282.1	4702170	985398	20.9562	979554	99.4069	976110	99.6484	5844	0.5931	981937	99.6488	9697	0.9841	6236	64.3085	550	5.6719	3758	38.7543	5168	53.2948	82264	100.0000	92622	88.4401	0.9975
ESO1247108120S1K	stools_12064501	na	NZ_CP054282.1	4702170	181006	3.8494	180456	99.6961	178613	98.9787	550	0.3039	179156	98.9779	2492	1.3767	642	25.7624	104	4.1734	623	25.0000	1707	68.4992	82264	100.0000	191960	52.2562	0.9751
ESO1247108120S1K	stools_12089102	na	NZ_CP054282.1	4702170	368788	7.8429	367737	99.7150	365429	99.3724	1051	0.2850	366474	99.3725	3531	0.9575	1217	34.4662	173	4.8995	1374	38.9125	1928	54.6021	82264	93.2194	155681	52.0532	0.9829
ESO1247108120S1K	stools_12089150	na	NZ_CP054282.1	4702170	1118838	23.7941	1113525	99.5251	1107776	99.4837	5313	0.4749	1113060	99.4836	11581	1.0351	5803	50.1079	534	4.6110	4308	37.1989	6475	55.9105	82264	100.0000	178686	47.6098	0.9791
ESO1247108120S1K	stools_12116501	na	NZ_CP054282.1	4702170	241779	5.1419	240968	99.6646	239404	99.3510	811	0.3354	240210	99.3511	2474	1.0232	905	36.5804	99	4.0016	868	35.0849	1422	57.4778	82264	93.2194	143295	54.6544	0.9856
ESO1247109120S1K	stools_11011101	na	NZ_LR134236.1	4757340	1316044	27.6634	1309355	99.4917	1305453	99.7020	6689	0.5083	1312103	99.7005	10904	0.8285	6963	63.8573	498	4.5671	2622	24.0462	7486	68.6537	159394	21.1288	68024	54.0280	0.9657
ESO1247109120S1K	stools_11011150	na	NZ_LR134236.1	4757340	966233	20.3104	964206	99.7902	962654	99.8390	2027	0.2098	964660	99.8372	3790	0.3922	2217	58.4960	248	6.5435	1487	39.2348	1932	50.9763	159394	35.7190	103201	57.1991	0.9680
ESO1247109120S1K	stools_11018101	na	NZ_LR134236.1	4757340	1332382	28.0069	1319053	98.9996	1312125	99.4748	13329	1.0004	1325374	99.4740	20692	1.5530	13684	66.1318	582	2.8127	2973	14.3679	16824	81.3068	159394	21.1288	43894	76.3726	0.9707
ESO1247109120S1K	stools_11019101	na	NZ_AP021896.1	4574715	2793878	61.0722	2790929	99.8944	2789744	99.9575	2949	0.1056	2792676	99.9570	6370	0.2280	5168	81.1303	2432	38.1790	1936	30.3925	1324	20.7849	95035	93.8496	155072	58.4503	0.9835
ESO1247109120S1K	stools_11019501	na	NZ_AP021896.1	4574715	2784177	60.8601	2780477	99.8671	2779377	99.9604	3700	0.1329	2783059	99.9598	6996	0.2513	5878	84.0194	2420	34.5912	1873	26.7724	1997	28.5449	95035	93.8496	148410	58.6167	0.9837
ESO1247109120S1K	stools_11038150	na	NZ_LR134236.1	4757340	695328	14.6159	693471	99.7329	690422	99.5603	1857	0.2671	692264	99.5593	5056	0.7271	1992	39.3987	183	3.6195	1220	24.1297	3477	68.7698	159394	35.7190	148989	46.8451	0.9613
ESO1247109120S1K	stools_12064150	na	NZ_LR134236.1	4757340	659755	13.8681	657650	99.6809	653976	99.4413	2105	0.3191	656063	99.4404	5948	0.9015	2256	37.9287	176	2.9590	1119	18.8130	4555	76.5804	159394	27.1353	111498	43.9829	0.9653
ESO1247109120S1K	stools_12111102	na	NZ_LR134236.1	4757340	1437390	30.2142	1430191	99.4992	1424831	99.6252	7199	0.5008	1432001	99.6251	12899	0.8974	7510	58.2216	535	4.1476	2448	18.9782	9564	74.1453	159394	26.6309	49367	78.0096	0.9716
ESO1247203120S1K	stools_11001150	na	NZ_CP035751.1	5249232	214539	4.0871	214109	99.7996	212961	99.4638	430	0.2004	213391	99.4649	1632	0.7607	484	29.6569	56	3.4314	666	40.8088	903	55.3309	137028	28.4657	57667	71.9597	0.9785
ESO1247203120S1K	stools_11007101	na	NZ_CP035751.1	5249232	740595	14.1086	739067	99.7937	736756	99.6873	1528	0.2063	738278	99.6871	3959	0.5346	1642	41.4751	128	3.2331	2341	59.1311	1423	35.9434	137028	56.3170	85102	69.5119	0.9810
ESO1247203120S1K	stools_11054102	na	NZ_CP035751.1	5249232	692693	13.1961	689583	99.5510	687634	99.7174	3110	0.4490	690733	99.7170	5154	0.7441	3194	61.9713	103	1.9984	2131	41.3465	2831	54.9282	137028	46.9765	29994	72.9579	0.9765
ESO1247203120S1K	stools_12093501	na	NZ_CP035751.1	5249232	326461	6.2192	325962	99.8471	323972	99.3895	499	0.1529	324470	99.3901	2560	0.7842	569	22.2266	77	3.0078	1109	43.3203	1357	53.0078	137028	69.1880	327803	15.0069	0.9524
ESO1247204120S1K	stools_11011150	na	NZ_CP022279.1	4907118	1218441	24.8301	1216997	99.8815	1215093	99.8435	1444	0.1185	1216534	99.8435	5713	0.4689	3806	66.6200	2365	41.3968	1703	29.8092	1550	27.1311	184909	58.9912	233327	62.9726	0.9536
ESO1247204120S1K	stools_11016501	na	NZ_CP022279.1	4907118	2368070	48.2579	2363077	99.7892	2361188	99.9201	4993	0.2108	2366174	99.9199	12008	0.5071	10112	84.2105	5225	43.5127	2263	18.8458	4191	34.9017	184909	73.5519	180241	75.3031	0.9738
ESO1247204120S1K	stools_11020150	na	NZ_CP022279.1	4907118	1071408	21.8338	1069953	99.8642	1067119	99.7351	1455	0.1358	1068569	99.7350	6422	0.5994	3583	55.7926	2146	33.4164	1482	23.0769	2717	42.3077	184909	84.5248	393860	59.7398	0.9314
ESO1247204120S1K	stools_11021501	na	NZ_CP022279.1	4907118	1263292	25.7441	1259860	99.7283	1255118	99.6236	3432	0.2717	1258527	99.6228	10101	0.7996	5336	52.8265	1941	19.2159	1976	19.5624	6054	59.9347	184909	77.4770	242169	66.1575	0.9569
ESO1247204120S1K	stools_11023101	na	NZ_AP022261.1	4907327	2707300	55.1685	2701195	99.7745	2697825	99.8752	6105	0.2255	2703922	99.8752	10212	0.3772	6834	66.9213	779	7.6283	6222	60.9283	3101	30.3662	21509	56.9529	74952	16.6133	0.9853
ESO1247204120S1K	stools_11038101	na	NZ_CP022279.1	4907118	1461966	29.7928	1458262	99.7466	1453941	99.7037	3704	0.2534	1457631	99.7035	10027	0.6859	5692	56.7667	2035	20.2952	2326	23.1974	5500	54.8519	184909	59.8273	209128	61.0416	0.9579
ESO1247204120S1K	stools_11046150	na	NZ_CP022279.1	4907118	492231	10.0310	491332	99.8174	487617	99.2439	899	0.1826	488510	99.2441	5462	1.1096	1741	31.8748	849	15.5438	736	13.4749	3810	69.7547	184909	54.4998	286858	73.8498	0.9411
ESO1247204120S1K	stools_11048150	na	NZ_CP022279.1	4907118	838755	17.0926	837615	99.8641	834708	99.6529	1140	0.1359	835844	99.6529	5586	0.6660	2675	47.8876	1542	27.6047	1445	25.8682	2525	45.2023	184909	68.7668	290618	54.1360	0.9518
ESO1247204120S1K	stools_11052150	na	NZ_CP022279.1	4907118	2499241	50.9309	2489332	99.6035	2484353	99.8000	9909	0.3965	2494243	99.8000	18850	0.7542	13852	73.4854	4082	21.6552	3489	18.5093	11028	58.5040	184909	78.1584	251808	61.9877	0.9559
ESO1247204120S1K	stools_11109150	na	NZ_AP022261.1	4907327	2797305	57.0026	2788748	99.6941	2784457	99.8461	8557	0.3059	2793004	99.8462	13443	0.4806	9142	68.0057	727	5.4080	6087	45.2801	6336	47.1323	21509	56.9529	101353	11.5310	0.9797
ESO1247204120S1K	stools_12060501	na	NZ_CP022279.1	4907118	940124	19.1584	938532	99.8307	935130	99.6375	1592	0.1693	936717	99.6376	6413	0.6821	3006	46.8735	1431	22.3140	1368	21.3317	3539	55.1848	184909	80.3606	241949	79.3316	0.9611
ESO1247204120S1K	stools_12068102	na	NZ_CP022279.1	4907118	2023107	41.2280	2015781	99.6379	2009912	99.7088	7326	0.3621	2017216	99.7088	16469	0.8140	10578	64.2298	3396	20.6206	3034	18.4225	9674	58.7407	184909	63.9055	263935	45.9674	0.9457
ESO1247204120S1K	stools_12085150	na	NZ_CP022279.1	4907118	3056019	62.2773	3050966	99.8347	3047387	99.8827	5053	0.1653	3052431	99.8826	13804	0.4517	10216	74.0075	5193	37.6195	4047	29.3176	4371	31.6647	184909	87.5155	384148	47.0170	0.9353
ESO1247204120S1K	stools_12088501	na	NZ_CP022279.1	4907118	3171851	64.6378	3165126	99.7880	3161360	99.8810	6725	0.2120	3168069	99.8808	16136	0.5087	12354	76.5617	5679	35.1946	4134	25.6197	6014	37.2707	184909	79.7187	301726	43.0427	0.9433
ESO1247204120S1K	stools_12090501	na	NZ_AP022261.1	4907327	2818092	57.4262	2801122	99.3978	2797168	99.8588	16970	0.6022	2814108	99.8586	21289	0.7554	17305	81.2861	616	2.8935	6841	32.1340	13499	63.4083	21509	0.0000	11796	0.0000	0.9932
ESO1247204120S1K	stools_12116501	na	NZ_CP022279.1	4907118	854159	17.4065	852923	99.8553	850651	99.7336	1236	0.1447	851882	99.7334	4983	0.5834	2706	54.3046	1477	29.6408	1338	26.8513	2099	42.1232	184909	60.1453	315377	49.6216	0.9415
ESO1247206120S1K	stools_11038150	na	NZ_LR882493.1	4841444	358801	7.4110	358442	99.8999	355650	99.2211	359	0.1001	356007	99.2213	4839	1.3487	2045	42.2608	1692	34.9659	2085	43.0874	1012	20.9134	380647	39.5159	156185	87.9022	0.9556
ESO1247206120S1K	stools_11108150	na	NZ_LR882493.1	4841444	1137960	23.5046	1134462	99.6926	1124451	99.1176	3498	0.3074	1127924	99.1181	17575	1.5444	7539	42.8962	4083	23.2319	7798	44.3698	4701	26.7482	380647	50.1969	136713	100.0000	0.9444
ESO1247206120S1K	stools_12062501	na	NZ_LR882493.1	4841444	1184164	24.4589	1179934	99.6428	1169664	99.1296	4230	0.3572	1173870	99.1307	20770	1.7540	10476	50.4381	6277	30.2215	4735	22.7973	9025	43.4521	380647	53.7840	173853	94.6058	0.9521
ESO1247206120S1K	stools_12065150	na	NZ_LR882493.1	4841444	2010209	41.5209	2005585	99.7700	2001104	99.7766	4624	0.2300	2005706	99.7760	28243	1.4050	23740	84.0562	19174	67.8894	2391	8.4658	5979	21.1698	380647	78.8494	285777	88.1789	0.9534
ESO1247206120S1K	stools_12068102	na	NZ_LR882493.1	4841444	2145397	44.3132	2138166	99.6630	2130974	99.6636	7231	0.3370	2138187	99.6639	29533	1.3766	22323	75.5866	15170	51.3663	4686	15.8670	7666	25.9574	380647	59.4178	144133	95.7789	0.9460
ESO1247206120S1K	stools_12068150	na	NZ_LR882493.1	4841444	1756311	36.2766	1747764	99.5134	1740881	99.6062	8547	0.4866	1749397	99.6063	27186	1.5479	20272	74.5678	11805	43.4231	4285	15.7618	9232	33.9587	380647	64.3864	163435	91.1310	0.9464
ESO1247206120S1K	stools_12080101	na	NZ_LR882493.1	4841444	786932	16.2541	785299	99.7925	780869	99.4359	1633	0.2075	782496	99.4363	10438	1.3264	6002	57.5014	4396	42.1153	3122	29.9099	2483	23.7881	380647	67.4344	236087	100.0000	0.9644
ESO1247206120S1K	stools_12087501	na	NZ_LR882493.1	4841444	234913	4.8521	234074	99.6428	226684	96.8429	839	0.3572	227481	96.8363	9028	3.8431	1596	17.6783	805	8.9167	2598	28.7771	5680	62.9154	380647	67.4643	172664	92.0922	0.9513
ESO1247206120S1K	stools_12096150	na	NZ_LR882493.1	4841444	104211	2.1525	104118	99.9108	103264	99.1798	93	0.0892	103357	99.1805	1411	1.3540	557	39.4755	464	32.8845	607	43.0191	333	23.6003	380647	53.3008	464029	48.3129	0.9042
ESO1247206120S1K	stools_12111102	na	NZ_LR882493.1	4841444	804427	16.6154	802292	99.7346	793180	98.8643	2135	0.2654	795297	98.8650	13507	1.6791	4377	32.4054	2271	16.8135	7395	54.7494	3295	24.3948	380647	65.0897	183189	92.5187	0.9499
ESO1247208120S1K	stools_12120501	na	NZ_AP021895.1	4557772	186245	4.0863	185939	99.8357	184804	99.3896	306	0.1643	185110	99.3906	1499	0.8049	364	24.2829	64	4.2695	1062	70.8472	360	24.0160	114555	100.0000	148911	70.1365	0.9856
ESO1247210120S1K	stools_11011150	na	NZ_CP022279.1	4907118	133580	2.7222	133494	99.9356	132882	99.5416	86	0.0644	132968	99.5418	935	0.7000	323	34.5455	237	25.3476	532	56.8984	158	16.8984	312789	90.8846	233327	63.9463	0.9456
ESO1247210120S1K	stools_11016501	na	NZ_CP022279.1	4907118	238715	4.8647	238369	99.8551	237230	99.5222	346	0.1449	237574	99.5220	1861	0.7796	720	38.6889	376	20.2042	990	53.1972	457	24.5567	312789	82.2513	180241	54.3544	0.9321
ESO1247210120S1K	stools_11020150	na	NZ_CP022279.1	4907118	115080	2.3452	114939	99.8775	114322	99.4632	141	0.1225	114459	99.4604	1066	0.9263	445	41.7448	308	28.8931	449	42.1201	279	26.1726	312789	92.9003	393860	55.8361	0.9430
ESO1247210120S1K	stools_11021501	na	NZ_CP022279.1	4907118	134405	2.7390	134073	99.7530	133205	99.3526	332	0.2470	133533	99.3512	1398	1.0401	526	37.6252	198	14.1631	508	36.3376	690	49.3562	312789	82.2513	242169	60.5684	0.9331
ESO1247210120S1K	stools_11038101	na	NZ_CP022279.1	4907118	154095	3.1402	153812	99.8163	153032	99.4929	283	0.1837	153313	99.4925	1315	0.8534	533	40.5323	255	19.3916	602	45.7795	435	33.0798	312789	85.8905	209128	46.0235	0.9373
ESO1247210120S1K	stools_11046150	na	NZ_CP022279.1	4907118	54288	1.1063	54224	99.8821	53697	99.0281	64	0.1179	53760	99.0274	728	1.3410	200	27.4725	140	19.2308	247	33.9286	342	46.9780	312789	75.2415	286858	67.8750	0.9660
ESO1247210120S1K	stools_11048150	na	NZ_CP022279.1	4907118	89274	1.8193	89191	99.9070	88671	99.4170	83	0.0930	88754	99.4175	778	0.8715	258	33.1620	176	22.6221	378	48.5861	219	28.1491	312789	71.4536	290618	49.4536	0.9367
ESO1247210120S1K	stools_11052150	na	NZ_CP022279.1	4907118	263749	5.3748	262830	99.6516	261583	99.5255	919	0.3484	262500	99.5264	2561	0.9710	1312	51.2300	395	15.4237	1041	40.6482	1082	42.2491	312789	92.9003	251808	65.3744	0.9465
ESO1247210120S1K	stools_12060501	na	NZ_CP022279.1	4907118	97699	1.9910	97593	99.8915	96980	99.3719	106	0.1085	97086	99.3726	929	0.9509	316	34.0151	210	22.6050	407	43.8105	296	31.8622	312789	82.2513	241949	52.3577	0.9397
ESO1247210120S1K	stools_12068102	na	NZ_CP022279.1	4907118	215582	4.3933	214834	99.6530	213542	99.3986	748	0.3470	214287	99.3993	2392	1.1096	1097	45.8612	357	14.9247	913	38.1689	1064	44.4816	312789	92.9902	263935	44.8785	0.9391
ESO1247210120S1K	stools_12085150	na	NZ_CP022279.1	4907118	319497	6.5109	319183	99.9017	317753	99.5520	314	0.0983	318066	99.5521	2307	0.7221	876	37.9714	563	24.4040	1340	58.0841	388	16.8184	312789	92.9003	384148	61.9009	0.9317
ESO1247210120S1K	stools_12088501	na	NZ_CP022279.1	4907118	332436	6.7746	331947	99.8529	330538	99.5755	489	0.1471	331023	99.5750	2541	0.7644	1128	44.3920	644	25.3444	1343	52.8532	541	21.2908	312789	90.8846	301726	41.4147	0.9347
ESO1247210120S1K	stools_12116501	na	NZ_CP022279.1	4907118	95061	1.9372	94999	99.9348	94402	99.3716	62	0.0652	94464	99.3720	838	0.8815	241	28.7589	179	21.3604	391	46.6587	267	31.8616	312789	100.0000	315377	56.2486	0.9499
ESO1247211120S1K	stools_12071150	na	NZ_CP032986.1	4677021	383075	8.1906	382440	99.8342	378809	99.0506	635	0.1658	379435	99.0498	4339	1.1327	699	16.1097	73	1.6824	3826	88.1770	412	9.4953	73440	69.1122	81299	41.0571	0.9901
ESO1254201120S1K	stools_11029501	na	NZ_CP054282.1	4702170	535837	11.3955	534222	99.6986	532475	99.6730	1615	0.3014	534089	99.6738	4012	0.7487	2264	56.4307	658	16.4008	844	21.0369	2373	59.1476	95464	100.0000	152811	62.2946	0.9931
ESO1254201120S1K	stools_12057501	na	NZ_CP054282.1	4702170	624391	13.2788	622393	99.6800	620506	99.6968	1998	0.3200	622499	99.6970	4479	0.7173	2587	57.7584	603	13.4628	1552	34.6506	2119	47.3097	95464	81.2767	92622	82.3724	0.9958
ESO1254201120S1K	stools_12064501	na	NZ_CP054282.1	4702170	145501	3.0943	145344	99.8921	144133	99.1668	157	0.1079	144288	99.1663	1552	1.0667	339	21.8428	185	11.9201	320	20.6186	1030	66.3660	95464	100.0000	191960	55.6715	0.9789
ESO1254201120S1K	stools_12089102	na	NZ_CP054282.1	4702170	279167	5.9370	278871	99.8940	278125	99.7325	296	0.1060	278420	99.7324	1704	0.6104	957	56.1620	663	38.9085	345	20.2465	671	39.3779	95464	81.2767	155681	52.0532	0.9810
ESO1254201120S1K	stools_12089150	na	NZ_CP054282.1	4702170	831387	17.6809	829197	99.7366	827910	99.8448	2190	0.2634	830100	99.8452	5334	0.6416	4047	75.8718	1860	34.8706	995	18.6539	2416	45.2943	95464	81.2767	178686	44.4036	0.9831
ESO1254201120S1K	stools_12116501	na	NZ_CP054282.1	4702170	178653	3.7994	178447	99.8847	177472	99.4536	206	0.1153	177677	99.4537	1394	0.7803	418	29.9857	214	15.3515	349	25.0359	814	58.3931	95464	81.2767	143295	54.6544	0.9841
ESO1254203120S1K	stools_11005150	na	NZ_CP051738.1	5166012	212973	4.1226	212388	99.7253	210782	99.2438	585	0.2747	211362	99.2436	2292	1.0762	681	29.7120	104	4.5375	1048	45.7243	1101	48.0366	127241	51.0276	124529	65.0909	0.9751
ESO1254203120S1K	stools_11021101	na	NZ_CP051738.1	5166012	75922	1.4696	75754	99.7787	74897	98.8687	168	0.2213	75063	98.8686	1065	1.4028	206	19.3427	42	3.9437	322	30.2347	693	65.0704	127241	21.6275	148290	43.8351	0.9713
ESO1254203120S1K	stools_11108501	na	NZ_AP022298.1	5121071	764965	14.9376	760887	99.4669	755071	99.2356	4078	0.5331	759094	99.2325	10192	1.3323	4321	42.3960	379	3.7186	1411	13.8442	8242	80.8673	30113	60.6416	20115	100.0000	0.9972
ESO1254203120S1K	stools_12062501	na	NZ_CP051738.1	5166012	438708	8.4922	436262	99.4425	431841	98.9866	2446	0.5575	434258	98.9857	7201	1.6414	2751	38.2030	380	5.2770	1734	24.0800	4929	68.4488	127241	16.1418	38195	17.0101	0.9698
ESO1254203120S1K	stools_12079150	na	NZ_CP051738.1	5166012	120805	2.3385	120549	99.7881	119685	99.2833	256	0.2119	119939	99.2831	1176	0.9735	310	26.3605	56	4.7619	543	46.1735	554	47.1088	127241	51.1738	269499	37.1089	0.9526
ESO1254204120S1K	stools_11006101	na	NZ_CP071441.1	4828326	266837	5.5265	265273	99.4139	263281	99.2491	1564	0.5861	264826	99.2464	3718	1.3934	1707	45.9118	196	5.2717	1424	38.3002	1952	52.5013	43670	56.5331	58364	34.2985	0.9874
ESO1254204120S1K	stools_11007150	na	NZ_LR134231.1	4594692	707117	15.3899	702582	99.3587	698505	99.4197	4535	0.6413	702982	99.4152	8879	1.2557	4744	53.4294	468	5.2709	3232	36.4005	4780	53.8349	32039	82.6992	54887	59.8666	0.9938
ESO1254204120S1K	stools_11024150	na	NZ_CP071441.1	4828326	195251	4.0439	194102	99.4115	190627	98.2097	1149	0.5885	191746	98.2049	4830	2.4737	1325	27.4327	219	4.5342	910	18.8406	3589	74.3064	43670	86.6980	208657	23.6747	0.9626
ESO1254204120S1K	stools_11038101	na	NZ_LR134231.1	4594692	1191083	25.9230	1184695	99.4637	1181582	99.7372	6388	0.5363	1187960	99.7378	9664	0.8114	6541	67.6842	305	3.1560	6438	66.6184	2715	28.0940	32039	41.2310	28166	46.3005	0.9925
ESO1254204120S1K	stools_11038501	na	NZ_LR134231.1	4594692	254022	5.5286	252976	99.5882	252050	99.6340	1046	0.4118	253093	99.6343	2024	0.7968	1095	54.1008	54	2.6680	1449	71.5909	464	22.9249	32039	58.7690	162476	11.8362	0.9686
ESO1254204120S1K	stools_11044501	na	NZ_LR134231.1	4594692	1153824	25.1121	1146061	99.3272	1142812	99.7165	7763	0.6728	1150556	99.7168	11217	0.9722	7949	70.8657	490	4.3684	5861	52.2510	4670	41.6332	32039	100.0000	49308	57.2179	0.9944
ESO1254204120S1K	stools_11107501	na	NZ_LR134231.1	4594692	292322	6.3622	291361	99.6713	290130	99.5775	961	0.3287	291085	99.5768	2347	0.8029	1110	47.2944	159	6.7746	1497	63.7836	632	26.9280	32039	100.0000	157531	24.2784	0.9717
ESO1254204120S1K	stools_12058150	na	NZ_LR134231.1	4594692	226200	4.9231	225184	99.5508	224244	99.5826	1016	0.4492	225252	99.5809	2007	0.8873	1059	52.7653	58	2.8899	1331	66.3179	576	28.6996	32039	100.0000	118020	33.4181	0.9811
ESO1254204120S1K	stools_12060501	na	NZ_LR134231.1	4594692	885746	19.2776	881142	99.4802	876522	99.4757	4604	0.5198	881104	99.4759	9430	1.0646	4788	50.7741	274	2.9056	3886	41.2089	5106	54.1463	32039	82.6992	68981	41.3331	0.9887
ESO1254204120S1K	stools_12062101	na	NZ_LR134231.1	4594692	893094	19.4375	888957	99.5368	885535	99.6151	4137	0.4632	889659	99.6154	7664	0.8581	4229	55.1801	145	1.8920	4241	55.3366	3189	41.6101	32039	82.6992	60817	47.1595	0.9925
ESO1254204120S1K	stools_12072101	na	NZ_LR134231.1	4594692	562180	12.2354	557798	99.2205	555581	99.6025	4382	0.7795	559950	99.6033	6703	1.1923	4473	66.7313	201	2.9987	4015	59.8986	2368	35.3275	32039	100.0000	30305	100.0000	0.9994
ESO1254204120S1K	stools_12084101	na	NZ_LR134231.1	4594692	997062	21.7003	989814	99.2731	986764	99.6919	7248	0.7269	993981	99.6910	10584	1.0615	7503	70.8900	570	5.3855	5148	48.6395	4611	43.5658	32039	100.0000	45884	66.8381	0.9962
ESO1254204120S1K	stools_12084102	na	NZ_LR134231.1	4594692	1879675	40.9097	1872817	99.6351	1867726	99.7282	6858	0.3649	1874553	99.7275	12312	0.6550	7190	58.3983	451	3.6631	8363	67.9256	3331	27.0549	32039	100.0000	44020	72.6465	0.9969
ESO1254204120S1K	stools_12092150	na	NZ_CP071441.1	4828326	514625	10.6585	510227	99.1454	505187	99.0122	4398	0.8546	509539	99.0117	9631	1.8715	4545	47.1914	253	2.6269	2557	26.5497	6706	69.6293	43670	63.1211	38498	83.9680	0.9944
ESO1254204120S1K	stools_12098150	na	NZ_LR134231.1	4594692	255728	5.5657	254469	99.5077	253302	99.5414	1259	0.4923	254556	99.5417	2508	0.9807	1336	53.2695	90	3.5885	1464	58.3732	913	36.4035	32039	100.0000	97381	33.0588	0.9849
ESO1254206120S1K	stools_11015501	na	NZ_CP076276.1	4860798	774446	15.9325	773158	99.8337	770702	99.6823	1288	0.1663	771985	99.6822	3970	0.5126	1509	38.0101	240	6.0453	1845	46.4736	1825	45.9698	145509	19.5225	71299	83.0320	0.9703
ESO1254306120S1K	stools_11011101	na	NZ_LR134236.1	4757340	1003879	21.1017	998403	99.4545	994707	99.6298	5476	0.5455	1000137	99.6272	9680	0.9643	5938	61.3430	641	6.6219	2590	26.7562	6104	63.0579	132037	34.2169	68024	66.5794	0.9760
ESO1254306120S1K	stools_11011150	na	NZ_LR134236.1	4757340	740504	15.5655	739004	99.7974	737119	99.7449	1500	0.2026	738598	99.7426	3686	0.4978	1780	48.2908	345	9.3597	1720	46.6630	1562	42.3766	132037	27.3158	103201	42.4337	0.9666
ESO1254306120S1K	stools_11018101	na	NZ_LR134236.1	4757340	966720	20.3206	957544	99.0508	951711	99.3908	9176	0.9492	960826	99.3903	15584	1.6120	9690	62.1792	660	4.2351	2660	17.0688	11850	76.0395	132037	19.3628	43894	58.9397	0.9736
ESO1254306120S1K	stools_11038150	na	NZ_LR134236.1	4757340	529420	11.1285	528279	99.7845	525857	99.5415	1141	0.2155	526988	99.5406	3858	0.7287	1426	36.9622	322	8.3463	1068	27.6827	2377	61.6122	132037	47.4147	148989	45.2711	0.9659
ESO1254306120S1K	stools_12064150	na	NZ_LR134236.1	4757340	445304	9.3604	443747	99.6504	440485	99.2649	1557	0.3496	442027	99.2641	5012	1.1255	1735	34.6169	198	3.9505	1296	25.8579	3417	68.1764	132037	34.2169	111498	43.5524	0.9687
ESO1254306120S1K	stools_12111102	na	NZ_LR134236.1	4757340	1098319	23.0868	1093061	99.5213	1088677	99.5989	5258	0.4787	1093904	99.5980	10192	0.9280	5777	56.6817	684	6.7111	2520	24.7253	6723	65.9635	132037	27.3158	49367	65.9894	0.9748
ESO1254306120S1K	stools_12114501	na	NZ_CP041422.1	4665377	1259666	27.0003	1254938	99.6247	1251262	99.7071	4728	0.3753	1255971	99.7067	8714	0.6918	5019	57.5970	381	4.3723	2100	24.0992	6097	69.9679	141057	70.5800	193648	69.0831	0.9665
ESO1256801120S1K	stools_11041101	na	NZ_CP022086.2	5256950	586041	11.1479	583809	99.6191	580031	99.3529	2232	0.3809	582241	99.3516	6256	1.0675	2456	39.2583	294	4.6995	3639	58.1682	1945	31.0902	356134	29.6577	106142	80.7258	0.9409
ESO1256801120S1K	stools_11041102	na	NZ_CP022086.2	5256950	300390	5.7141	298498	99.3702	294577	98.6864	1892	0.6298	296441	98.6854	6327	2.1063	2378	37.5850	555	8.7719	1654	26.1419	3956	62.5257	356134	51.8420	179995	90.1392	0.9530
ESO1256801120S1K	stools_11104101	na	NZ_CP022086.2	5256950	559869	10.6501	558249	99.7106	554430	99.3159	1620	0.2894	556034	99.3150	5664	1.0117	1829	32.2917	246	4.3432	3309	58.4216	1989	35.1165	356134	33.3377	129597	82.9417	0.9464
ESO1256801120S1K	stools_12068150	na	NZ_CP022086.2	5256950	569054	10.8248	565230	99.3280	559122	98.9194	3824	0.6720	562904	98.9193	10884	1.9126	4734	43.4950	1062	9.7574	2378	21.8486	7095	65.1874	356134	34.2972	118608	82.4531	0.9447
ESO1256801120S1K	stools_12093150	na	NC_011741.1	4700560	494677	10.5238	492585	99.5771	490460	99.5686	2092	0.4229	492543	99.5686	5509	1.1137	3375	61.2634	1306	23.7067	760	13.7956	3298	59.8657	210134	52.5817	107004	68.3657	0.9629
ESO1256804120S1K	stools_11018102	na	NZ_CP098223.1	4841244	73793	1.5243	73753	99.9458	73453	99.5932	40	0.0542	73493	99.5935	351	0.4757	51	14.5299	11	3.1339	200	56.9801	134	38.1766	45049	0.0000	41600	0.0000	0.9864
ESO1256804120S1K	stools_11047150	na	NZ_CP053284.1	5244439	179945	3.4312	179530	99.7694	178364	99.3505	415	0.2306	178778	99.3515	1660	0.9225	493	29.6988	81	4.8795	753	45.3614	813	48.9759	203128	67.8922	212087	42.1256	0.9613
ESO1256804120S1K	stools_11049150	na	NZ_CP053284.1	5244439	57759	1.1013	57643	99.7992	57229	99.2818	116	0.2008	57345	99.2832	571	0.9886	157	27.4956	41	7.1804	284	49.7373	242	42.3818	203128	57.3417	141159	54.0299	0.9613
ESO1256804120S1K	stools_11104150	na	NZ_CP053284.1	5244439	42408	0.8086	42396	99.9717	42152	99.4245	12	0.0283	42164	99.4246	283	0.6673	39	13.7809	27	9.5406	164	57.9505	92	32.5088	203128	100.0000	368664	50.2395	0.9511
ESO1256804120S1K	stools_12075101	na	NZ_CP053284.1	5244439	339411	6.4718	338908	99.8518	337446	99.5686	503	0.1482	337946	99.5684	2044	0.6022	579	28.3268	81	3.9628	1315	64.3346	597	29.2074	203128	88.1927	329441	37.4486	0.9638
ESO1256804120S1K	stools_12087150	na	NZ_CP053284.1	5244439	66332	1.2648	66267	99.9020	65781	99.2666	65	0.0980	65845	99.2658	608	0.9166	121	19.9013	57	9.3750	237	38.9803	314	51.6447	203128	62.3661	232762	51.0564	0.9610
ESO1256804120S1K	stools_12096150	na	NZ_CP053284.1	5244439	153204	2.9213	153024	99.8825	152307	99.5314	180	0.1175	152487	99.5320	950	0.6201	233	24.5263	53	5.5789	610	64.2105	271	28.5263	203128	100.0000	300171	64.9183	0.9646
ESO1256804120S1K	stools_12100501	na	NZ_CP053284.1	5244439	116245	2.2165	115974	99.7669	115300	99.4188	271	0.2331	115570	99.4193	1006	0.8654	331	32.9026	61	6.0636	447	44.4334	473	47.0179	203128	56.0848	144374	44.3362	0.9613
ESO1256804120S1K	stools_12111150	na	NZ_CP053284.1	5244439	67379	1.2848	67132	99.6334	65475	97.5317	247	0.3666	65714	97.5289	1954	2.9000	289	14.7902	50	2.5589	274	14.0225	1634	83.6233	203128	67.8922	271879	43.1401	0.9523
ESO1256805120S1K	stools_11016501	na	NZ_CP070103.1	4710693	3668028	77.8660	3662134	99.8393	3650241	99.6752	5894	0.1607	3656111	99.6751	20006	0.5454	8089	40.4329	2265	11.3216	7623	38.1036	9740	48.6854	230913	81.7931	208569	86.5522	0.9732
ESO1256810120S1K	stools_11008150	na	CP103974.1	5008670	231167	4.6153	229357	99.2170	226933	98.9431	1810	0.7830	228705	98.9350	4315	1.8666	1853	42.9432	90	2.0857	1432	33.1866	2755	63.8470	106168	55.9736	52642	46.7877	0.9788
ESO1256810120S1K	stools_12058501	na	CP103974.1	5008670	120441	2.4047	120179	99.7825	119119	99.1180	262	0.2175	119379	99.1182	1459	1.2114	397	27.2104	139	9.5271	729	49.9657	569	38.9993	106168	80.2012	151032	28.8177	0.9786
ESO1256811120S1K	stools_11001150	na	NZ_CP035751.1	5249232	547470	10.4295	545833	99.7010	543162	99.5107	1637	0.2990	544791	99.5107	4568	0.8344	1889	41.3529	286	6.2609	1836	40.1926	2344	51.3135	62981	65.1879	57667	86.6891	0.9925
ESO1256811120S1K	stools_11007101	na	NZ_CP035751.1	5249232	1700278	32.3910	1694901	99.6838	1691743	99.8137	5377	0.3162	1697113	99.8139	9184	0.5401	6019	65.5379	758	8.2535	5108	55.6185	3086	33.6019	62981	91.2212	85102	87.4797	0.9885
ESO1256811120S1K	stools_11054102	na	NZ_CP035751.1	5249232	1660193	31.6274	1651298	99.4642	1647780	99.7870	8895	0.5358	1656649	99.7865	12604	0.7592	9060	71.8819	380	3.0149	5553	44.0574	6369	50.5316	62981	49.9865	29994	100.0000	0.9929
ESO1256811120S1K	stools_11055150	na	NZ_CP062811.1	5007575	492064	9.8264	490033	99.5872	486368	99.2521	2031	0.4128	488384	99.2521	5993	1.2179	2313	38.5950	318	5.3062	2133	35.5915	3422	57.0999	165337	95.6785	225313	62.5170	0.9745
ESO1256811120S1K	stools_12074501	na	NZ_CP062811.1	5007575	827556	16.5261	825633	99.7676	822135	99.5763	1923	0.2324	824046	99.5759	5644	0.6820	2134	37.8101	239	4.2346	4040	71.5804	1282	22.7144	165337	95.6785	244265	65.4048	0.9795
ESO1256811120S1K	stools_12093501	na	NZ_CP035751.1	5249232	739536	14.0885	737901	99.7789	733876	99.4545	1635	0.2211	735502	99.4545	5920	0.8005	1886	31.8581	261	4.4088	2107	35.5912	3407	57.5507	62981	79.2175	327803	19.1243	0.9439
ESO1350502120S1K	stools_11017501	na	NZ_LR134216.1	4647667	493517	10.6186	490438	99.3761	488385	99.5814	3079	0.6239	491458	99.5828	5337	1.0814	3278	61.4203	245	4.5906	1881	35.2445	2974	55.7242	58924	29.4515	22132	100.0000	0.9898
ESO1350502120S1K	stools_11020501	na	NZ_LR134216.1	4647667	756809	16.2836	754370	99.6777	750905	99.5407	2439	0.3223	753337	99.5412	6146	0.8121	2674	43.5080	275	4.4745	2855	46.4530	2936	47.7709	58924	17.1798	26544	37.8353	0.9868
ESO1350502120S1K	stools_11041102	na	NZ_LR134216.1	4647667	311998	6.7130	310689	99.5804	308843	99.4058	1309	0.4196	310138	99.4038	3220	1.0321	1360	42.2360	71	2.2050	1550	48.1366	1541	47.8571	58924	29.4515	20532	63.8662	0.9872
ESO1350502120S1K	stools_11042150	na	NZ_LR134216.1	4647667	408809	8.7960	407360	99.6456	405282	99.4899	1449	0.3544	406728	99.4910	3643	0.8911	1562	42.8767	137	3.7606	1675	45.9786	1785	48.9981	58924	69.6694	45123	100.0000	0.9947
ESO1350502120S1K	stools_11113501	na	NZ_LR134216.1	4647667	375138	8.0715	374167	99.7412	371369	99.2522	971	0.2588	372329	99.2512	3876	1.0332	1067	27.5284	111	2.8638	1477	38.1063	2275	58.6945	58924	69.6694	119770	53.5226	0.9786
ESO1350502120S1K	stools_12117150	na	NZ_LR134216.1	4647667	732791	15.7669	730538	99.6925	727306	99.5576	2253	0.3075	729549	99.5576	5673	0.7742	2431	42.8521	205	3.6136	2988	52.6705	2379	41.9355	58924	85.5492	106136	50.0575	0.9881
ESO1350507120S1K	stools_11036150	na	NZ_CP047876.1	4775730	3624504	75.8942	3610340	99.6092	3606424	99.8915	14164	0.3908	3620563	99.8913	18871	0.5207	14930	79.1161	835	4.4248	3315	17.5666	14448	76.5619	135738	21.8443	45132	100.0000	0.9728
ESO1350507120S1K	stools_11051101	na	NZ_CP047876.1	4775730	3005240	62.9273	2993414	99.6065	2988526	99.8367	11826	0.3935	3000331	99.8367	17546	0.5838	12637	72.0221	911	5.1921	2674	15.2399	13691	78.0292	135738	11.8530	28111	100.0000	0.9721
ESO1350507120S1K	stools_11051150	na	NZ_CP047876.1	4775730	3052692	63.9210	3045675	99.7701	3042512	99.8961	7017	0.2299	3049510	99.8958	10785	0.3533	7603	70.4961	706	6.5461	3504	32.4896	6228	57.7469	135738	12.7952	22678	65.3982	0.9722
ESO1350507120S1K	stools_11051501	na	NZ_CP047876.1	4775730	3115681	65.2399	3106495	99.7052	3103200	99.8939	9186	0.2948	3112358	99.8933	13086	0.4200	9763	74.6064	654	4.9977	3232	24.6982	8850	67.6295	135738	11.8530	28469	100.0000	0.9720
ESO1350510120S1K	stools_12092101	na	NZ_CP049343.1	4707626	730874	15.5253	722002	98.7861	714915	99.0184	8872	1.2139	723734	99.0231	16118	2.2053	8978	55.7017	212	1.3153	769	4.7711	15033	93.2684	106264	74.2961	46325	82.6508	0.9824
ESO1350511120S1K	stools_11009150	na	NZ_CP076282.1	4831855	1063749	22.0153	1062558	99.8880	1057083	99.4847	1191	0.1120	1058250	99.4831	7111	0.6685	1612	22.6691	445	6.2579	1984	27.9004	4568	64.2385	134534	88.6675	137208	69.9055	0.9779
ESO1350511120S1K	stools_11016101	na	NZ_CP076282.1	4831855	731936	15.1481	727450	99.3871	725616	99.7479	4486	0.6129	730088	99.7475	6548	0.8946	4700	71.7776	287	4.3830	1474	22.5107	4609	70.3879	134534	43.8551	45373	88.2463	0.9799
ESO1350511120S1K	stools_11030101	na	NZ_CP070930.1	4668053	1908575	40.8859	1905553	99.8417	1899934	99.7051	3022	0.1583	1902948	99.7052	9075	0.4755	3448	37.9945	442	4.8705	1497	16.4959	7084	78.0606	237401	78.9950	175176	89.9273	0.9689
ESO1350511120S1K	stools_11053501	na	NZ_CP070930.1	4668053	2842947	60.9022	2841710	99.9565	2841552	99.9944	1237	0.0435	2842789	99.9944	3815	0.1342	3657	95.8585	2507	65.7143	786	20.6029	393	10.3014	237401	82.2558	167767	100.0000	0.9781
ESO1350511120S1K	stools_12117101	na	NZ_CP070930.1	4668053	1377641	29.5121	1376091	99.8875	1369233	99.5016	1550	0.1125	1370774	99.5015	8795	0.6384	1928	21.9215	387	4.4002	832	9.4599	7507	85.3553	237401	60.0650	235559	76.6976	0.9565
ESO1350511120S1K	stools_12119101	na	NZ_CP076282.1	4831855	614142	12.7103	610582	99.4203	607803	99.5449	3560	0.5797	611344	99.5444	6474	1.0542	3676	56.7810	170	2.6259	955	14.7513	5266	81.3407	134534	69.7913	125019	54.9093	0.9711
ESO1350804120S1K	stools_11002150	na	NZ_CP049845.1	5016451	509897	10.1645	509113	99.8462	506068	99.4019	784	0.1538	506845	99.4014	3967	0.7780	915	23.0653	143	3.6047	903	22.7628	2882	72.6494	252544	50.2756	191014	44.2167	0.9422
ESO1356602120S1K	stools_11007150	na	NZ_LR134231.1	4594692	307368	6.6896	304223	98.9768	301305	99.0408	3145	1.0232	304404	99.0357	6259	2.0363	3295	52.6442	274	4.3777	3384	54.0661	2414	38.5685	37958	70.4621	54887	74.1542	0.9932
ESO1356602120S1K	stools_11038101	na	NZ_LR134231.1	4594692	642288	13.9789	636152	99.0447	631985	99.3450	6136	0.9553	638084	99.3455	10493	1.6337	6289	59.9352	296	2.8209	8197	78.1187	1826	17.4021	37958	34.5145	28166	46.3005	0.9912
ESO1356602120S1K	stools_11038501	na	NZ_LR134231.1	4594692	116950	2.5453	116044	99.2253	115158	99.2365	906	0.7747	116051	99.2313	1857	1.5879	958	51.5886	66	3.5541	1452	78.1906	325	17.5013	37958	31.6534	162476	11.8362	0.9646
ESO1356602120S1K	stools_11044501	na	NZ_LR134231.1	4594692	630920	13.7315	624359	98.9601	620243	99.3408	6561	1.0399	626760	99.3406	10902	1.7280	6742	61.8419	410	3.7608	7352	67.4372	2874	26.3621	37958	66.1679	49308	57.2179	0.9918
ESO1356602120S1K	stools_11107501	na	NZ_LR134231.1	4594692	166675	3.6276	165436	99.2566	163966	99.1114	1239	0.7434	165196	99.1126	2873	1.7237	1394	48.5207	168	5.8475	2102	73.1639	545	18.9697	37958	81.1897	157531	28.9213	0.9696
ESO1356602120S1K	stools_12058150	na	NZ_LR134231.1	4594692	134356	2.9242	133390	99.2810	132269	99.1596	966	0.7190	133230	99.1619	2159	1.6069	1033	47.8462	81	3.7517	1697	78.6012	350	16.2112	37958	81.1897	118020	42.2928	0.9793
ESO1356602120S1K	stools_12060501	na	NZ_LR134231.1	4594692	404488	8.8034	401116	99.1664	397647	99.1352	3372	0.8336	400993	99.1359	7031	1.7382	3536	50.2916	222	3.1574	4344	61.7835	2322	33.0252	37958	51.6518	68981	41.3331	0.9876
ESO1356602120S1K	stools_12062101	na	NZ_LR134231.1	4594692	419114	9.1217	415845	99.2200	412847	99.2791	3269	0.7800	416094	99.2794	6370	1.5199	3350	52.5903	129	2.0251	4684	73.5322	1477	23.1868	37958	51.6518	60817	47.1595	0.9894
ESO1356602120S1K	stools_12072101	na	NZ_LR134231.1	4594692	363936	7.9208	359738	98.8465	357004	99.2400	4198	1.1535	361176	99.2416	7042	1.9350	4282	60.8066	256	3.6353	4956	70.3777	1679	23.8427	37958	66.1679	30305	100.0000	0.9960
ESO1356602120S1K	stools_12084101	na	NZ_LR134231.1	4594692	554007	12.0575	547655	98.8534	543784	99.2932	6352	1.1466	550096	99.2941	10469	1.8897	6558	62.6421	429	4.0978	6561	62.6707	3233	30.8817	37958	66.1679	45884	66.8381	0.9925
ESO1356602120S1K	stools_12084102	na	NZ_LR134231.1	4594692	883671	19.2324	877291	99.2780	871542	99.3447	6380	0.7220	877875	99.3441	12431	1.4067	6635	53.3746	342	2.7512	9962	80.1384	2007	16.1451	37958	66.1679	44020	72.6465	0.9929
ESO1356602120S1K	stools_12098150	na	NZ_LR134231.1	4594692	160920	3.5023	159704	99.2443	158370	99.1647	1216	0.7557	159573	99.1629	2647	1.6449	1300	49.1122	125	4.7223	1866	70.4949	590	22.2894	37958	66.1679	97381	33.0588	0.9814
ESO1356602120S1K	stools_12114501	na	NZ_CP041422.1	4665377	762955	16.3536	756676	99.1770	753218	99.5430	6279	0.8230	759473	99.5436	9914	1.2994	6432	64.8780	275	2.7739	5579	56.2740	3946	39.8023	89193	75.8512	193648	34.7202	0.9642
ESO1356618120S1K	stools_11030101	na	NZ_CP070930.1	4668053	1393213	29.8457	1391414	99.8709	1387479	99.7172	1799	0.1291	1389273	99.7172	6123	0.4395	2183	35.6525	393	6.4184	953	15.5643	4765	77.8213	326696	73.9807	175176	89.9273	0.9559
ESO1356618120S1K	stools_11053501	na	NZ_CP070930.1	4668053	2055559	44.0346	2055139	99.9796	2055025	99.9945	420	0.0204	2055445	99.9945	2776	0.1350	2662	95.8934	2263	81.5202	215	7.7450	249	8.9697	326696	70.7734	167767	100.0000	0.9647
ESO1356618120S1K	stools_12117101	na	NZ_CP070930.1	4668053	1027072	22.0021	1026036	99.8991	1021143	99.5231	1036	0.1009	1022175	99.5232	6326	0.6159	1429	22.5893	397	6.2757	508	8.0304	5418	85.6465	326696	59.1198	235559	79.2595	0.9427
ESO1356803120S1K	stools_11001501	na	NZ_CP039403.1	4702395	1043070	22.1817	1041889	99.8868	1032384	99.0877	1181	0.1132	1033555	99.0878	15302	1.4670	5787	37.8186	4631	30.2640	5812	37.9820	4780	31.2377	240709	57.3190	279218	59.1416	0.9502
ESO1356803120S1K	stools_12070101	na	NZ_CP039403.1	4702395	2212916	47.0593	2208347	99.7935	2183480	98.8740	4569	0.2065	2188003	98.8742	29833	1.3481	4920	16.4918	414	1.3877	25911	86.8535	2792	9.3588	240709	11.7453	23689	100.0000	0.9533
ESO1356803120S1K	stools_12117150	na	NZ_CP039403.1	4702395	1771313	37.6683	1768644	99.8493	1767152	99.9156	2669	0.1507	1769817	99.9155	15666	0.8844	14170	90.4507	11572	73.8670	1892	12.0771	1735	11.0749	240709	87.9518	201591	100.0000	0.9872
ESO1357102120S1K	stools_11001150	na	NZ_CP035751.1	5249232	1195585	22.7764	1191175	99.6311	1187206	99.6668	4410	0.3689	1191599	99.6666	8502	0.7111	4516	53.1169	159	1.8701	3220	37.8734	4987	58.6568	79397	42.7661	57667	57.0552	0.9872
ESO1357102120S1K	stools_11007101	na	NZ_CP035751.1	5249232	3824967	72.8672	3811119	99.6380	3807749	99.9116	13848	0.3620	3821581	99.9115	17661	0.4617	14275	80.8278	678	3.8390	8926	50.5407	7895	44.7030	79397	79.4539	85102	68.2475	0.9891
ESO1357102120S1K	stools_11054102	na	NZ_CP035751.1	5249232	3774368	71.9032	3752809	99.4288	3750990	99.9515	21559	0.5712	3772530	99.9513	23861	0.6322	22023	92.2971	859	3.6000	8522	35.7152	14353	60.1526	79397	69.7344	29994	100.0000	0.9905
ESO1357102120S1K	stools_12093501	na	NZ_CP035751.1	5249232	1626074	30.9774	1621267	99.7044	1614553	99.5859	4807	0.2956	1619343	99.5861	11651	0.7165	4920	42.2281	149	1.2789	3922	33.6623	7453	63.9688	79397	69.7344	327803	10.5014	0.9374
ESO1357103120S1K	stools_11001501	na	NZ_CP039403.1	4702395	605928	12.8855	605261	99.8899	599571	99.0599	667	0.1101	600231	99.0598	9063	1.4957	3366	37.1400	2714	29.9459	3390	37.4048	2906	32.0644	235238	63.1594	279218	51.7603	0.9467
ESO1357103120S1K	stools_12070101	na	NZ_CP039403.1	4702395	1266183	26.9263	1263241	99.7676	1248685	98.8477	2942	0.2324	1251591	98.8476	17708	1.3985	3116	17.5966	220	1.2424	15348	86.6727	1693	9.5607	235238	14.3918	23689	100.0000	0.9547
ESO1357103120S1K	stools_12117150	na	NZ_CP039403.1	4702395	1013802	21.5593	1012080	99.8301	1010404	99.8344	1722	0.1699	1012125	99.8346	9850	0.9716	8173	82.9746	6466	65.6447	1827	18.5482	1226	12.4467	235238	92.8404	201591	91.1668	0.9834
ESO1357104120S1K	stools_12086501	na	NZ_AP022295.1	4665448	2388530	51.1962	2366765	99.0888	2354178	99.4682	21765	0.9112	2375703	99.4630	34637	1.4501	21810	62.9673	1304	3.7648	18852	54.4273	13614	39.3048	24162	0.0000	10184	0.0000	0.9926
ESO1357107120S1K	stools_11036501	na	NZ_AP022811.1	5283470	81267	1.5381	81222	99.9446	80267	98.8242	45	0.0554	80310	98.8224	1072	1.3191	115	10.7276	72	6.7164	81	7.5560	917	85.5410	285570	87.0088	468260	52.2511	0.9444
ESO1357107120S1K	stools_12082101	na	NZ_AP022811.1	5283470	463659	8.7757	462754	99.8048	461817	99.7975	905	0.1952	462718	99.7970	1915	0.4130	974	50.8616	73	3.8120	766	40.0000	1035	54.0470	285570	28.5734	116116	46.8798	0.9513
ESO1357107120S1K	stools_12117150	na	NZ_AP022811.1	5283470	201835	3.8201	201557	99.8623	200412	99.4319	278	0.1377	200687	99.4312	1490	0.7382	342	22.9530	67	4.4966	259	17.3826	1145	76.8456	285570	22.8179	178795	18.3255	0.9408
ESO1358301220S1K	stools_11049101	na	NZ_CP047277.1	4774769	212638	4.4534	212147	99.7691	210803	99.3665	491	0.2309	211292	99.3670	1941	0.9128	595	30.6543	107	5.5126	1612	83.0500	212	10.9222	134001	77.4584	203920	39.0398	0.9687
ESO1358301220S1K	stools_11049501	na	NZ_CP047277.1	4774769	218429	4.5747	217919	99.7665	216514	99.3553	510	0.2335	217022	99.3559	2032	0.9303	625	30.7579	117	5.7579	1747	85.9744	155	7.6280	134001	71.9957	229308	35.1252	0.9599
ESO1358301220S1K	stools_11107150	na	NZ_CP047277.1	4774769	405951	8.5020	404848	99.7283	401826	99.2535	1103	0.2717	402923	99.2541	4262	1.0499	1234	28.9535	139	3.2614	3291	77.2173	813	19.0756	134001	63.3898	138256	58.4712	0.9767
ESO1358301220S1K	stools_11108501	na	NZ_AP022298.1	5121071	363628	7.1006	361125	99.3117	355552	98.4568	2503	0.6883	357975	98.4454	8578	2.3590	2925	34.0989	541	6.3068	3696	43.0870	4218	49.1723	11603	0.0000	20115	0.0000	0.9977
ESO1358301220S1K	stools_12078101	na	NZ_CP047277.1	4774769	850575	17.8140	847563	99.6459	842236	99.3715	3012	0.3541	845235	99.3722	8674	1.0198	3334	38.4367	378	4.3579	6102	70.3482	2001	23.0689	134001	77.4584	137285	68.5064	0.9804
ESO1358301220S1K	stools_12116150	na	NZ_CP047277.1	4774769	412964	8.6489	411856	99.7317	409427	99.4102	1108	0.2683	410530	99.4106	3642	0.8819	1208	33.1686	105	2.8830	3258	89.4563	270	7.4135	134001	71.9957	157545	57.3423	0.9754
ESO1358301220S1K	stools_12120501	na	NZ_CP047277.1	4774769	83992	1.7591	83755	99.7178	83024	99.1272	237	0.2822	83261	99.1297	1010	1.2025	279	27.6238	42	4.1584	813	80.4950	145	14.3564	134001	85.9314	166919	78.5495	0.9821
ESO1358303120S1K	stools_11048102	na	NZ_CP027126.1	4877957	732295	15.0123	730544	99.7609	728324	99.6961	1751	0.2391	730066	99.6956	4329	0.5912	2100	48.5100	370	8.5470	1663	38.4153	2227	51.4438	129044	84.6293	117442	92.5376	0.9861
ESO1358303120S1K	stools_12079101	na	NZ_CP027126.1	4877957	1188336	24.3613	1184969	99.7167	1183051	99.8381	3367	0.2833	1186413	99.8382	5826	0.4903	3903	66.9928	556	9.5434	2601	44.6447	2471	42.4133	129044	84.6293	78126	100.0000	0.9846
ESO1358303120S1K	stools_12116150	na	NZ_CP027126.1	4877957	312318	6.4026	312024	99.9059	311351	99.7843	294	0.0941	311644	99.7842	1064	0.3407	390	36.6541	101	9.4925	713	67.0113	236	22.1805	129044	87.9398	153421	86.4406	0.9871
ESO1358401120S1K	stools_11011101	na	NZ_LR134236.1	4757340	729239	15.3287	726171	99.5793	723082	99.5746	3068	0.4207	726130	99.5737	6409	0.8789	3300	51.4901	310	4.8369	2211	34.4984	3740	58.3554	191495	46.6790	68024	52.5961	0.9618
ESO1358401120S1K	stools_11011150	na	NZ_LR134236.1	4757340	628837	13.2182	627867	99.8457	626033	99.7079	970	0.1543	627002	99.7082	2950	0.4691	1115	37.7966	149	5.0508	1841	62.4068	909	30.8136	191495	67.9976	103201	75.5700	0.9654
ESO1358401120S1K	stools_11018101	na	NZ_LR134236.1	4757340	725680	15.2539	718668	99.0337	714275	99.3887	7012	0.9663	721240	99.3882	11705	1.6130	7265	62.0675	342	2.9218	2341	20.0000	8905	76.0786	191495	38.8694	43894	85.2577	0.9652
ESO1358401120S1K	stools_11038150	na	NZ_LR134236.1	4757340	517503	10.8780	516544	99.8147	514543	99.6126	959	0.1853	515499	99.6128	3182	0.6149	1178	37.0207	242	7.6053	1267	39.8177	1578	49.5915	191495	67.9976	148989	68.7017	0.9677
ESO1358401120S1K	stools_12064150	na	NZ_LR134236.1	4757340	322894	6.7873	321811	99.6646	319221	99.1952	1083	0.3354	320301	99.1970	3801	1.1772	1208	31.7811	139	3.6569	1178	30.9918	2457	64.6409	191495	55.8098	111498	59.4719	0.9632
ESO1358401120S1K	stools_12111102	na	NZ_LR134236.1	4757340	960552	20.1909	956701	99.5991	953134	99.6272	3851	0.4009	956975	99.6276	7799	0.8119	4222	54.1351	457	5.8597	2433	31.1963	4725	60.5847	191495	31.1533	49367	64.5330	0.9615
ESO1359003120S1K	stools_11010101	na	NZ_CP025747.1	4918774	75469	1.5343	75105	99.5177	73873	98.3596	364	0.4823	74228	98.3556	1720	2.2791	479	27.8488	129	7.5000	453	26.3372	1067	62.0349	126547	10.1938	164965	8.2442	0.9508
ESO1359003120S1K	stools_11017501	na	NZ_LR134216.1	4647667	398821	8.5811	394998	99.0414	393401	99.5957	3823	0.9586	397207	99.5953	5686	1.4257	4072	71.6145	517	9.0925	1217	21.4034	3738	65.7404	46906	37.3747	22132	100.0000	0.9927
ESO1359003120S1K	stools_11020501	na	NZ_LR134216.1	4647667	342207	7.3630	340575	99.5231	339037	99.5484	1632	0.4769	340656	99.5468	3348	0.9784	1797	53.6738	242	7.2282	943	28.1661	2026	60.5137	46906	10.8813	26544	37.8353	0.9853
ESO1359003120S1K	stools_11041102	na	NZ_LR134216.1	4647667	300673	6.4693	298836	99.3890	297435	99.5312	1837	0.6110	299263	99.5311	3354	1.1155	1944	57.9606	158	4.7108	1099	32.7668	2000	59.6303	46906	37.3747	20532	63.8662	0.9903
ESO1359003120S1K	stools_11042150	na	NZ_LR134216.1	4647667	251803	5.4178	250660	99.5461	249518	99.5444	1143	0.4539	250659	99.5457	2334	0.9269	1190	50.9854	91	3.8989	835	35.7755	1359	58.2262	46906	37.3747	45123	50.0565	0.9877
ESO1359003120S1K	stools_11113501	na	NZ_LR134216.1	4647667	168433	3.6240	167871	99.6663	166789	99.3555	562	0.3337	167344	99.3535	1681	0.9980	592	35.2171	42	2.4985	732	43.5455	875	52.0523	46906	81.1687	119770	44.2289	0.9749
ESO1359003120S1K	stools_12117150	na	NZ_LR134216.1	4647667	291282	6.2673	290111	99.5980	288368	99.3992	1171	0.4020	289530	99.3985	3014	1.0347	1262	41.8713	112	3.7160	668	22.1632	2114	70.1393	46906	56.2060	106136	28.3382	0.9767
ESO1359003120S1K	stools_12119501	na	NZ_CP025747.1	4918774	232831	4.7335	229524	98.5797	225875	98.4102	3307	1.4203	229098	98.3967	7250	3.1138	3517	48.5103	353	4.8690	1685	23.2414	4974	68.6069	126547	10.1938	57070	18.0042	0.9703
ESO1359006120S1K	stools_12082101	na	CP103972.1	4938303	3532228	71.5272	3516627	99.5583	3515335	99.9633	15601	0.4417	3530922	99.9630	17517	0.4959	16211	92.5444	1193	6.8105	7443	42.4902	8650	49.3806	108552	72.7909	76870	81.7861	0.9874
ESO1361001120S1K	stools_11009101	na	NZ_CP028732.1	4906030	1365860	27.8404	1361193	99.6583	1354892	99.5371	4667	0.3417	1359534	99.5368	11300	0.8273	4974	44.0177	407	3.6018	1493	13.2124	9151	80.9823	101720	92.2955	142454	56.1016	0.9796
ESO1361001120S1K	stools_11112101	na	NZ_CP054227.1	4796742	387236	8.0729	386472	99.8027	383397	99.2043	764	0.1973	384158	99.2051	3966	1.0242	888	22.3903	138	3.4796	673	16.9692	3105	78.2905	68142	57.7089	107072	59.0014	0.9758
ESO1361001120S1K	stools_12058101	na	NZ_CP028732.1	4906030	1740872	35.4843	1732245	99.5044	1724644	99.5612	8627	0.4956	1733223	99.5606	16740	0.9616	9091	54.3070	592	3.5364	1726	10.3106	14215	84.9164	101720	78.4457	72988	81.9285	0.9845
ESO1361001120S1K	stools_12086502	na	NZ_CP054227.1	4796742	1215628	25.3428	1202680	98.9349	1193206	99.2123	12948	1.0651	1206061	99.2130	22633	1.8618	13066	57.7299	272	1.2018	1984	8.7660	20214	89.3121	68142	58.5557	96898	35.4775	0.9772
ESO1361001120S1K	stools_12093101_SM-NAWYG	na	NZ_CP054227.1	4796742	1919564	40.0181	1913515	99.6849	1910727	99.8543	6049	0.3151	1916776	99.8548	9031	0.4705	6243	69.1286	218	2.4139	3910	43.2953	4872	53.9475	68142	86.2405	92911	73.2777	0.9869
ESO1361004120S1K	stools_11017501	na	NZ_LR134216.1	4647667	1248628	26.8657	1241784	99.4519	1238431	99.7300	6844	0.5481	1245246	99.7291	10755	0.8613	7373	68.5542	623	5.7927	1918	17.8336	7754	72.0967	130473	17.0012	22132	100.0000	0.9765
ESO1361004120S1K	stools_11020501	na	NZ_LR134216.1	4647667	1852574	39.8603	1848591	99.7850	1843267	99.7120	3983	0.2150	1847240	99.7121	9752	0.5264	4418	45.3035	470	4.8195	1590	16.3043	7552	77.4405	130473	7.5257	26544	37.8353	0.9700
ESO1361004120S1K	stools_11041102	na	NZ_LR134216.1	4647667	810185	17.4321	807417	99.6583	804409	99.6275	2768	0.3417	807162	99.6269	6034	0.7448	3011	49.9006	267	4.4249	1603	26.5661	4074	67.5174	130473	17.0012	20532	63.8662	0.9731
ESO1361004120S1K	stools_11042150	na	NZ_LR134216.1	4647667	1042527	22.4312	1039711	99.7299	1036193	99.6616	2816	0.2701	1039003	99.6620	6541	0.6274	3017	46.1244	213	3.2564	1456	22.2596	4814	73.5973	130473	41.9504	45123	100.0000	0.9813
ESO1361004120S1K	stools_11113501	na	NZ_LR134216.1	4647667	900915	19.3842	899639	99.8584	895381	99.5267	1276	0.1416	896646	99.5261	5803	0.6441	1534	26.4346	270	4.6528	941	16.2158	4575	78.8385	130473	72.2701	119770	79.4172	0.9876
ESO1361004120S1K	stools_12117150	na	NZ_LR134216.1	4647667	1821306	39.1875	1817680	99.8009	1813152	99.7509	3626	0.1991	1816771	99.7510	8484	0.4658	3949	46.5464	339	3.9958	1429	16.8435	6668	78.5950	130473	48.9021	106136	50.0575	0.9715
ESO1361010120S1K	stools_11049150	na	NZ_CP085488.1	4672036	989245	21.1737	984558	99.5262	978966	99.4320	4687	0.4738	983607	99.4301	10604	1.0719	4966	46.8314	408	3.8476	6440	60.7318	3547	33.4496	64853	16.3400	10809	100.0000	0.9883
ESO1361010120S1K	stools_12111102	na	NZ_CP085488.1	4672036	763416	16.3401	759663	99.5084	754383	99.3050	3753	0.4916	758109	99.3048	9756	1.2779	4449	45.6027	803	8.2308	4083	41.8512	4554	46.6790	64853	73.1115	74506	64.0405	0.9903
EST1212204101S1K	stools_11030150	na	NZ_CP040269.1	4736377	431247	9.1050	430135	99.7421	427471	99.3807	1112	0.2579	428575	99.3804	3920	0.9090	1248	31.8367	160	4.0816	957	24.4133	2699	68.8520	20263	100.0000	32601	74.3259	0.9967
EST1212204101S1K	stools_11049101	na	NZ_CP047277.1	4774769	138410	2.8988	138167	99.8244	137221	99.3153	243	0.1756	137462	99.3151	1292	0.9335	344	26.6254	105	8.1269	884	68.4211	296	22.9102	108159	72.9667	203920	41.7826	0.9724
EST1212204101S1K	stools_11049501	na	NZ_CP047277.1	4774769	142599	2.9865	142362	99.8338	141433	99.3474	237	0.1662	141669	99.3478	1269	0.8899	339	26.7139	104	8.1954	898	70.7644	254	20.0158	108159	72.9667	229308	38.0187	0.9644
EST1212204101S1K	stools_11107150	na	NZ_CP047277.1	4774769	259403	5.4328	259060	99.8678	257614	99.4418	343	0.1322	257955	99.4418	1898	0.7317	450	23.7092	109	5.7429	1114	58.6934	672	35.4057	108159	65.3325	138256	52.2683	0.9752
EST1212204101S1K	stools_12078101	na	NZ_CP047277.1	4774769	541679	11.3446	540424	99.7683	537631	99.4832	1255	0.2317	538879	99.4831	4244	0.7835	1444	34.0245	208	4.9010	2341	55.1602	1647	38.8077	108159	72.9667	137285	57.2947	0.9775
EST1212204101S1K	stools_12116150	na	NZ_CP047277.1	4774769	278602	5.8349	278287	99.8869	277058	99.5584	315	0.1131	277373	99.5589	1621	0.5818	392	24.1826	78	4.8118	1349	83.2202	180	11.1043	108159	72.9667	157545	53.3619	0.9738
EST1212204101S1K	stools_12120501	na	NZ_CP047277.1	4774769	57489	1.2040	57388	99.8243	56943	99.2246	101	0.1757	57043	99.2242	574	0.9985	128	22.2997	28	4.8780	396	68.9895	146	25.4355	108159	90.5380	166919	62.0888	0.9768
EST1212206101S1K	stools_11036150	na	NZ_CP047876.1	4775730	3001988	62.8592	2985939	99.4654	2983292	99.9114	16049	0.5346	2999312	99.9109	19466	0.6484	16790	86.2530	1087	5.5841	5711	29.3383	12404	63.7214	52624	52.1302	45132	68.2332	0.9890
EST1212206101S1K	stools_11051101	na	NZ_CP047876.1	4775730	2476334	51.8525	2462512	99.4418	2458515	99.8377	13822	0.5582	2472306	99.8373	18505	0.7473	14477	78.2329	1074	5.8038	4855	26.2362	12252	66.2091	52624	52.1302	28111	100.0000	0.9917
EST1212206101S1K	stools_11051150	na	NZ_CP047876.1	4775730	2595285	54.3432	2584455	99.5827	2582454	99.9226	10830	0.4173	2593247	99.9215	13439	0.5178	11401	84.8352	933	6.9425	5714	42.5180	6294	46.8338	52624	52.1302	22678	100.0000	0.9910
EST1212206101S1K	stools_11051501	na	NZ_CP047876.1	4775730	2647697	55.4407	2634519	99.5023	2632410	99.9199	13178	0.4977	2645542	99.9186	15986	0.6038	13831	86.5195	1027	6.4244	5520	34.5302	8815	55.1420	52624	52.1302	28469	100.0000	0.9915
EST1212206101S1K	stools_12080501	na	NZ_CP062871.1	4987664	413985	8.3002	413024	99.7679	411219	99.5630	961	0.2321	412170	99.5616	2947	0.7119	1132	38.4119	188	6.3794	948	32.1683	1759	59.6878	221175	56.1090	197207	100.0000	0.9589
EST1212206201S1K	stools_12080501	na	NZ_CP062871.1	4987664	614517	12.3207	614024	99.9198	611339	99.5627	493	0.0802	611832	99.5631	3576	0.5819	891	24.9161	398	11.1298	639	17.8691	2498	69.8546	141460	48.2921	197207	66.8952	0.9569
EST1212703101S1K	stools_11005150	na	NZ_CP051738.1	5166012	867345	16.7894	864702	99.6953	861009	99.5729	2643	0.3047	863636	99.5724	6428	0.7411	2719	42.2993	124	1.9291	1837	28.5781	4270	66.4281	8274	100.0000	124529	15.8148	0.9759
EST1212703101S1K	stools_11020101	na	NZ_CP024147.1	4639454	968289	20.8708	964560	99.6149	962534	99.7900	3729	0.3851	966255	99.7899	5832	0.6023	3798	65.1235	91	1.5604	3309	56.7387	2348	40.2606	36295	100.0000	173478	25.0043	0.9702
EST1212703101S1K	stools_11021101	na	NZ_CP051738.1	5166012	320951	6.2127	320075	99.7271	317301	99.1333	876	0.2729	318165	99.1320	3694	1.1510	908	24.5804	48	1.2994	717	19.4099	2863	77.5041	8274	100.0000	148290	17.2318	0.9713
EST1212703101S1K	stools_11046101	na	NZ_CP069559.1	5008199	1452813	29.0087	1443320	99.3466	1439120	99.7090	9493	0.6534	1448581	99.7087	13873	0.9549	9641	69.4947	510	3.6762	8038	57.9399	5003	36.0629	17382	100.0000	74673	35.7599	0.9895
EST1212703101S1K	stools_11053101	na	NZ_CP024147.1	4639454	3497076	75.3769	3484291	99.6344	3482828	99.9580	12785	0.3656	3495598	99.9577	14628	0.4183	13150	89.8961	544	3.7189	11208	76.6202	2763	18.8884	36295	100.0000	91107	46.8241	0.9879
EST1212703101S1K	stools_11053150	na	NZ_CP060919.1	4956833	1802525	36.3644	1794142	99.5349	1792274	99.8959	8383	0.4651	1800644	99.8956	10528	0.5841	8647	82.1334	598	5.6801	6114	58.0737	3654	34.7074	32447	100.0000	208295	20.1402	0.9640
EST1212703101S1K	stools_11054101	na	NZ_CP024131.1	5084741	1616552	31.7922	1608623	99.5095	1605572	99.8103	7929	0.4905	1613480	99.8100	11262	0.6967	8190	72.7224	415	3.6850	5058	44.9121	5345	47.4605	65448	75.4416	203566	32.0216	0.9582
EST1212703101S1K	stools_11107101	na	NZ_CP024131.1	5084741	465190	9.1487	463150	99.5615	460861	99.5058	2040	0.4385	462895	99.5067	4429	0.9521	2134	48.1824	113	2.5514	1670	37.7060	2421	54.6625	65448	61.7192	194428	43.4012	0.9668
EST1212703101S1K	stools_12062501	na	NZ_CP051738.1	5166012	1810477	35.0459	1800393	99.4430	1787018	99.2571	10084	0.5570	1797031	99.2573	23621	1.3047	10175	43.0761	384	1.6257	3824	16.1890	18885	79.9500	8274	0.0000	38195	0.0000	0.9910
EST1212703101S1K	stools_12079150	na	NZ_CP051738.1	5166012	504416	9.7641	503238	99.7665	501027	99.5606	1178	0.2335	502199	99.5605	3411	0.6762	1194	35.0044	25	0.7329	996	29.1996	2329	68.2791	8274	100.0000	269499	9.6000	0.9478
EST1212703101S1K	stools_12081101	na	NZ_CP024147.1	4639454	3465672	74.7000	3453608	99.6519	3451980	99.9529	12064	0.3481	3464036	99.9528	13991	0.4037	12355	88.3068	411	2.9376	11636	83.1678	1922	13.7374	36295	100.0000	89014	52.6131	0.9885
EST1212703101S1K	stools_12092101	na	NZ_CP049343.1	4707626	942829	20.0277	929196	98.5540	919394	98.9451	13633	1.4460	932927	98.9498	23701	2.5138	13799	58.2212	626	2.6412	3685	15.5479	18850	79.5325	15894	100.0000	46325	21.7356	0.9906
EST1212703101S1K	stools_12118101	na	NZ_CP053601.1	4529413	1605138	35.4381	1600266	99.6965	1596936	99.7919	4872	0.3035	1601794	99.7917	8513	0.5304	5169	60.7189	359	4.2171	2371	27.8515	5489	64.4779	0	0.0000	92315	0.0000	0.9796
EST1212705101S1K	stools_11011101	na	NZ_LR134236.1	4757340	642464	13.5047	638203	99.3368	634015	99.3438	4261	0.6632	638237	99.3421	9285	1.4452	5058	54.4750	988	10.6408	3905	42.0571	4002	43.1018	69643	67.4942	68024	61.6385	0.9883
EST1212705101S1K	stools_11011150	na	NZ_LR134236.1	4757340	494857	10.4020	493232	99.6716	490713	99.4893	1625	0.3284	492324	99.4881	4569	0.9233	2036	44.5612	447	9.7833	2812	61.5452	1222	26.7455	69643	75.2653	103201	58.3328	0.9837
EST1212705101S1K	stools_11018101	na	NZ_LR134236.1	4757340	650285	13.6691	643540	98.9628	637829	99.1126	6745	1.0372	644491	99.1090	13181	2.0270	7387	56.0428	844	6.4032	4023	30.5212	7984	60.5720	69643	52.0024	43894	76.3726	0.9900
EST1212705101S1K	stools_11030101	na	NZ_CP070930.1	4668053	1386224	29.6960	1383294	99.7886	1377907	99.6106	2930	0.2114	1380813	99.6097	9008	0.6498	3597	39.9312	730	8.1039	2131	23.6567	6023	66.8628	112684	93.4418	175176	62.0410	0.9741
EST1212705101S1K	stools_11038150	na	NZ_LR134236.1	4757340	386711	8.1287	385254	99.6232	382918	99.3936	1457	0.3768	384369	99.3944	4186	1.0825	1844	44.0516	412	9.8423	1984	47.3961	1628	38.8915	69643	100.0000	148989	52.5777	0.9721
EST1212705101S1K	stools_11053501	na	NZ_CP070930.1	4668053	2021506	43.3051	2019799	99.9156	2019402	99.9803	1707	0.0844	2021109	99.9804	5236	0.2590	4839	92.4179	3376	64.4767	861	16.4439	546	10.4278	112684	90.4157	167767	67.1157	0.9785
EST1212705101S1K	stools_12064150	na	NZ_LR134236.1	4757340	286528	6.0229	285277	99.5634	282649	99.0788	1251	0.4366	283896	99.0814	4249	1.4829	1617	38.0560	386	9.0845	1712	40.2918	2057	48.4114	69643	69.2877	111498	48.3937	0.9835
EST1212705101S1K	stools_12111102	na	NZ_LR134236.1	4757340	795111	16.7134	790499	99.4200	785973	99.4275	4612	0.5800	790562	99.4279	9938	1.2499	5389	54.2262	959	9.6498	3794	38.1767	4749	47.7863	69643	36.5004	49367	43.9990	0.9836
EST1212705101S1K	stools_12117101	na	NZ_CP070930.1	4668053	919400	19.6956	918109	99.8596	912802	99.4220	1291	0.1404	914086	99.4220	7018	0.7633	1704	24.2804	420	5.9846	959	13.6649	5542	78.9684	112684	71.2603	235559	58.8154	0.9582
EST1213402101S1K	stools_11018101	na	NZ_CP073981.1	4774884	2743080	57.4481	2729180	99.4933	2727443	99.9364	13900	0.5067	2741326	99.9361	16699	0.6088	14945	89.4964	1113	6.6651	1466	8.7790	13919	83.3523	144014	53.7281	91823	79.4627	0.9770
EST1213402101S1K	stools_11021501	na	NZ_CP073981.1	4774884	2991543	62.6516	2984597	99.7678	2982623	99.9339	6946	0.2322	2989564	99.9338	9671	0.3233	7692	79.5368	825	8.5307	1479	15.2931	7217	74.6252	144014	47.6620	98317	76.7405	0.9741
EST1213402101S1K	stools_11027501	na	NZ_CP073981.1	4774884	3753688	78.6132	3726318	99.2709	3724963	99.9636	27370	0.7291	3752326	99.9637	30983	0.8254	29621	95.6040	2339	7.5493	1325	4.2765	27104	87.4802	144014	85.9659	231623	64.4668	0.9642
EST1213402101S1K	stools_11041102	na	NZ_CP073981.1	4774884	2045644	42.8418	2043723	99.9061	2042601	99.9451	1921	0.0939	2044516	99.9449	3839	0.1877	2711	70.6173	836	21.7765	1209	31.4926	1691	44.0479	144014	26.0489	46091	73.7498	0.9739
EST1213402101S1K	stools_11048102	na	NZ_CP073981.1	4774884	1900557	39.8032	1896663	99.7951	1893894	99.8540	3894	0.2049	1897770	99.8534	7419	0.3904	4632	62.4343	806	10.8640	958	12.9128	5467	73.6892	144014	73.1922	162793	65.8861	0.9680
EST1213402101S1K	stools_11110101	na	NZ_CP073981.1	4774884	471731	9.8794	471558	99.9633	470465	99.7682	173	0.0367	470638	99.7683	1369	0.2902	276	20.1607	103	7.5237	247	18.0424	1016	74.2148	144014	49.3466	252737	33.4189	0.9545
EST1213402101S1K	stools_12061101	na	NZ_CP073981.1	4774884	2108253	44.1530	2101001	99.6560	2093863	99.6603	7252	0.3440	2101098	99.6606	15113	0.7168	7958	52.6567	752	4.9758	942	6.2330	13307	88.0500	144014	66.6970	163125	71.8676	0.9737
EST1213404101S1K	stools_12096101	na	NZ_LR134240.1	4742976	595231	12.5497	592068	99.4686	586880	99.1237	3163	0.5314	590020	99.1245	9021	1.5155	3810	42.2348	727	8.0590	5480	60.7471	2584	28.6443	116347	86.9434	146273	81.9235	0.9863
EST1213404301S1K	stools_11007150	na	NZ_LR134231.1	4594692	535808	11.6615	533928	99.6491	530498	99.3576	1880	0.3509	532354	99.3554	5508	1.0280	2054	37.2912	215	3.9034	1490	27.0516	3781	68.6456	101391	48.2400	54887	72.6092	0.9810
EST1213404301S1K	stools_11038101	na	NZ_LR134231.1	4594692	946348	20.5965	943385	99.6869	940794	99.7254	2963	0.3131	943735	99.7239	5678	0.6000	3065	53.9803	147	2.5889	3176	55.9352	2207	38.8693	101391	35.3079	28166	70.1023	0.9791
EST1213404301S1K	stools_11038501	na	NZ_LR134231.1	4594692	225160	4.9004	224804	99.8419	224130	99.7002	356	0.1581	224481	99.6984	1137	0.5050	458	40.2814	115	10.1143	616	54.1777	396	34.8285	101391	71.4521	162476	53.4805	0.9724
EST1213404301S1K	stools_11044501	na	NZ_LR134231.1	4594692	937305	20.3997	933296	99.5723	930577	99.7087	4009	0.4277	934575	99.7087	6884	0.7344	4154	60.3428	216	3.1377	2905	42.1993	3602	52.3242	101391	54.9822	49308	76.2635	0.9848
EST1213404301S1K	stools_11107501	na	NZ_LR134231.1	4594692	245180	5.3362	244852	99.8662	243716	99.5360	328	0.1338	244044	99.5367	1698	0.6926	562	33.0978	234	13.7809	953	56.1249	496	29.2108	101391	100.0000	157531	64.6654	0.9845
EST1213404301S1K	stools_12058150	na	NZ_LR134231.1	4594692	186311	4.0549	185984	99.8245	184929	99.4327	327	0.1755	185254	99.4327	1473	0.7906	416	28.2417	93	6.3136	996	67.6171	382	25.9335	101391	76.7356	118020	68.6384	0.9834
EST1213404301S1K	stools_12060501	na	NZ_LR134231.1	4594692	750557	16.3353	748387	99.7109	744474	99.4771	2170	0.2891	746634	99.4773	6310	0.8407	2387	37.8288	264	4.1838	1894	30.0158	4071	64.5166	101391	69.9934	68981	89.7667	0.9872
EST1213404301S1K	stools_12062101	na	NZ_LR134231.1	4594692	759384	16.5274	757571	99.7613	754546	99.6007	1813	0.2387	756351	99.6006	4957	0.6528	1924	38.8138	139	2.8041	2123	42.8283	2644	53.3387	101391	51.6210	60817	84.0966	0.9860
EST1213404301S1K	stools_12072101	na	NZ_LR134231.1	4594692	464825	10.1166	462531	99.5065	460687	99.6013	2294	0.4935	462971	99.6011	4236	0.9113	2382	56.2323	124	2.9273	1945	45.9160	2077	49.0321	101391	36.6098	30305	100.0000	0.9832
EST1213404301S1K	stools_12084101	na	NZ_LR134231.1	4594692	831339	18.0935	827254	99.5086	824847	99.7090	4085	0.4914	828918	99.7088	6740	0.8107	4319	64.0801	312	4.6291	2608	38.6944	3626	53.7982	101391	60.6474	45884	100.0000	0.9866
EST1213404301S1K	stools_12084102	na	NZ_LR134231.1	4594692	1510077	32.8657	1507147	99.8060	1503162	99.7356	2930	0.1940	1506087	99.7358	7398	0.4899	3408	46.0665	506	6.8397	4230	57.1776	2544	34.3877	101391	48.2617	44020	100.0000	0.9873
EST1213404301S1K	stools_12098150	na	NZ_LR134231.1	4594692	219617	4.7798	218934	99.6890	217451	99.3226	683	0.3110	218128	99.3220	2254	1.0263	765	33.9397	92	4.0816	1220	54.1260	917	40.6832	101391	76.7356	97381	70.6462	0.9841
EST1228703101S1K	stools_11009101	na	NZ_CP028732.1	4906030	800543	16.3175	797276	99.5919	793244	99.4943	3267	0.4081	796487	99.4933	7784	0.9723	3728	47.8931	549	7.0529	2188	28.1089	4870	62.5642	248029	49.0173	142454	71.8077	0.9609
EST1228703101S1K	stools_11112101	na	NZ_CP054227.1	4796742	795865	16.5918	794909	99.8799	788965	99.2522	956	0.1201	789920	99.2530	6993	0.8787	1048	14.9864	95	1.3585	404	5.7772	6470	92.5211	36462	70.1580	107072	39.8480	0.9791
EST1228703101S1K	stools_12058101	na	NZ_CP028732.1	4906030	1049646	21.3950	1043728	99.4362	1037241	99.3785	5918	0.5638	1043115	99.3778	12782	1.2177	6251	48.9047	424	3.3172	3102	24.2685	9162	71.6789	248029	46.0414	72988	92.2179	0.9606
EST1228703101S1K	stools_12086502	na	NZ_CP054227.1	4796742	2552124	53.2054	2527745	99.0448	2509027	99.2595	24379	0.9552	2533282	99.2617	43348	1.6985	24506	56.5332	273	0.6298	1303	3.0059	41729	96.2651	36462	100.0000	96898	32.5827	0.9828
EST1228703101S1K	stools_12093101_SM-NAWYG	na	NZ_CP054227.1	4796742	4071042	84.8710	4061613	99.7684	4058783	99.9303	9429	0.2316	4068201	99.9302	12673	0.3113	9832	77.5823	454	3.5824	2591	20.4450	9606	75.7989	36462	100.0000	92911	51.3395	0.9867
EST1232707101S1K	stools_11014101	na	NZ_CP010238.1	4797106	875860	18.2581	869002	99.2170	864254	99.4536	6858	0.7830	871059	99.4519	12160	1.3883	7359	60.5181	762	6.2664	2925	24.0543	7985	65.6661	18666	32.6155	24000	31.7042	0.9936
EST1232707101S1K	stools_11018102	na	NZ_CP010238.1	4797106	835202	17.4105	833157	99.7551	830136	99.6374	2045	0.2449	832161	99.6359	5308	0.6355	2267	42.7091	298	5.6142	3152	59.3821	1728	32.5546	18666	59.9861	73880	28.0780	0.9843
EST1232707101S1K	stools_11047101	na	NZ_CP010238.1	4797106	607242	12.6585	603808	99.4345	601186	99.5658	3434	0.5655	604581	99.5618	6632	1.0922	3971	59.8764	702	10.5850	2464	37.1532	3019	45.5217	18666	59.9861	20962	62.0504	0.9953
EST1232707101S1K	stools_11049101	na	NZ_CP010238.1	4797106	764518	15.9371	762845	99.7812	760054	99.6341	1673	0.2188	761712	99.6330	4702	0.6150	1896	40.3233	256	5.4445	3140	66.7801	1150	24.4577	18666	59.9861	39718	37.4969	0.9924
EST1232707101S1K	stools_11049501	na	NZ_CP010238.1	4797106	609580	12.7072	608262	99.7838	605778	99.5916	1318	0.2162	607080	99.5899	4063	0.6665	1563	38.4691	279	6.8668	2594	63.8444	1094	26.9259	18666	59.9861	39313	36.1560	0.9926
EST1232707101S1K	stools_11106501	na	NZ_CP010238.1	4797106	765506	15.9577	761960	99.5368	758556	99.5533	3546	0.4632	762081	99.5526	7377	0.9637	3952	53.5719	535	7.2523	2796	37.9016	3780	51.2403	18666	32.6155	69007	11.6191	0.9842
EST1232707101S1K	stools_12074501	na	NZ_CP010238.1	4797106	1065188	22.2048	1062127	99.7126	1058974	99.7031	3061	0.2874	1062019	99.7025	6519	0.6120	3350	51.3882	375	5.7524	3582	54.9471	2323	35.6343	18666	40.0139	16381	50.6868	0.9938
EST1232707101S1K	stools_12080101	na	NZ_CP010238.1	4797106	570647	11.8957	568031	99.5416	564683	99.4106	2616	0.4584	567285	99.4108	6349	1.1126	2987	47.0468	442	6.9617	2108	33.2021	3533	55.6466	18666	32.6155	53350	15.6926	0.9886
EST1232710101S1K	stools_11001150	na	NZ_CP035751.1	5249232	1092758	20.8175	1088108	99.5745	1084764	99.6927	4650	0.4255	1089399	99.6926	8434	0.7718	5075	60.1731	510	6.0470	3466	41.0956	4256	50.4624	31028	100.0000	57667	74.0423	0.9949
EST1232710101S1K	stools_11007101	na	NZ_CP035751.1	5249232	3514883	66.9599	3499682	99.5675	3498856	99.9764	15201	0.4325	3514052	99.9764	17978	0.5115	17147	95.3777	2574	14.3175	9882	54.9672	4909	27.3056	31028	70.4493	85102	22.9031	0.9850
EST1232710101S1K	stools_11047101	na	NZ_AP025205.2	4563699	1499203	32.8506	1489566	99.3572	1483739	99.6088	9637	0.6428	1493322	99.6077	15714	1.0482	9833	62.5748	481	3.0610	6369	40.5307	8502	54.1046	44476	22.1850	40574	34.2954	0.9857
EST1232710101S1K	stools_11051150	na	NZ_LR536431.1	5114416	1258432	24.6056	1248217	99.1883	1242913	99.5751	10215	0.8117	1253036	99.5712	15731	1.2500	10335	65.6983	602	3.8268	10835	68.8767	3838	24.3977	67132	69.0863	93698	49.4557	0.9866
EST1232710101S1K	stools_11051501	na	NZ_LR536431.1	5114416	1329564	25.9964	1318834	99.1930	1313151	99.5691	10730	0.8070	1323788	99.5656	16687	1.2551	10911	65.3862	672	4.0271	11510	68.9758	4118	24.6779	67132	69.0863	114775	40.3956	0.9824
EST1232710101S1K	stools_11054102	na	NZ_CP035751.1	5249232	3476866	66.2357	3454651	99.3611	3451434	99.9069	22215	0.6389	3473588	99.9057	25928	0.7457	22650	87.3573	1518	5.8547	12057	46.5019	12018	46.3514	31028	70.4493	29994	74.3149	0.9966
EST1232710101S1K	stools_12093501	na	NZ_CP035751.1	5249232	1459686	27.8076	1454430	99.6399	1448088	99.5640	5256	0.3601	1453313	99.5634	11829	0.8104	5456	46.1239	251	2.1219	4435	37.4926	6810	57.5704	31028	100.0000	327803	12.6963	0.9431
EST1232710101S1K	stools_12100501	na	NZ_LR536431.1	5114416	1055468	20.6371	1046949	99.1929	1041624	99.4914	8519	0.8071	1050062	99.4878	14019	1.3282	8613	61.4380	253	1.8047	9924	70.7896	3689	26.3143	67132	90.5961	268551	20.0908	0.9543
EST1232711101S1K	stools_11009101	na	NZ_CP028732.1	4906030	710525	14.4827	705426	99.2824	701367	99.4246	5099	0.7176	706412	99.4211	9283	1.3065	5170	55.6932	247	2.6608	2630	28.3314	5830	62.8030	74786	92.9118	142454	47.4181	0.9781
EST1232711101S1K	stools_11020101	na	NZ_CP024147.1	4639454	753777	16.2471	750593	99.5776	748661	99.7426	3184	0.4224	751833	99.7421	5205	0.6905	3261	62.6513	109	2.0941	3117	59.8847	1913	36.7531	54581	78.6995	173478	30.5958	0.9690
EST1232711101S1K	stools_11053101	na	NZ_CP024147.1	4639454	2677203	57.7051	2666315	99.5933	2664032	99.9144	10888	0.4067	2674904	99.9141	13480	0.5035	11181	82.9451	408	3.0267	10765	79.8591	2239	16.6098	54581	87.9573	91107	60.5277	0.9889
EST1232711101S1K	stools_12058101	na	NZ_CP028732.1	4906030	823729	16.7901	817159	99.2024	812985	99.4892	6570	0.7976	819508	99.4876	10855	1.3178	6634	61.1147	197	1.8148	3366	31.0088	6987	64.3667	74786	88.0085	72988	62.1239	0.9859
EST1232711101S1K	stools_12081101	na	NZ_CP024147.1	4639454	2657678	57.2843	2647331	99.6107	2645154	99.9178	10347	0.3893	2655493	99.9178	12778	0.4808	10593	82.9003	364	2.8486	10769	84.2777	1614	12.6311	54581	87.9573	89014	69.3947	0.9896
EST1232905101S1K	stools_11018102	na	NZ_CP098223.1	4841244	836539	17.2794	835370	99.8603	834005	99.8366	1169	0.1397	835171	99.8365	2626	0.3139	1258	47.9056	98	3.7319	1050	39.9848	1427	54.3412	55286	10.7803	41600	30.3173	0.9839
EST1232905101S1K	stools_11021501	na	NZ_LR134080.1	5030213	835023	16.6002	830805	99.4949	824732	99.2690	4218	0.5051	828926	99.2698	10882	1.3032	4785	43.9717	707	6.4970	4443	40.8289	5298	48.6859	79591	63.5235	84891	51.3965	0.9834
EST1232905101S1K	stools_11029150	na	NZ_LR134080.1	5030213	923343	18.3559	919085	99.5388	911817	99.2092	4258	0.4612	916042	99.2093	12663	1.3714	5362	42.3438	1223	9.6581	4236	33.4518	6763	53.4076	79591	84.5498	151764	50.0000	0.9798
EST1232905101S1K	stools_12069101	na	NZ_LR134080.1	5030213	953438	18.9542	949116	99.5467	942699	99.3239	4322	0.4533	946993	99.3240	11818	1.2395	5373	45.4645	1207	10.2132	3804	32.1882	6315	53.4354	79591	69.6812	111511	53.3167	0.9835
EST1232905101S1K	stools_12090101	na	NZ_LR134080.1	5030213	1396131	27.7549	1391164	99.6442	1384867	99.5474	4967	0.3558	1389806	99.5470	11674	0.8362	5349	45.8198	507	4.3430	7803	66.8408	3067	26.2721	79591	84.5498	180905	39.4765	0.9709
EST1232905101S1K	stools_12096101	na	NZ_LR134240.1	4742976	549362	11.5826	547396	99.6421	544309	99.4361	1966	0.3579	546262	99.4357	5273	0.9598	2173	41.2099	249	4.7222	1705	32.3345	3179	60.2883	92939	100.0000	146273	87.1589	0.9869
EST1232906101S1K	stools_11001150	na	NZ_CP035751.1	5249232	274895	5.2369	274416	99.8258	273198	99.5561	479	0.1742	273674	99.5558	1728	0.6286	507	29.3403	33	1.9097	505	29.2245	1167	67.5347	95141	18.9287	57667	29.6790	0.9818
EST1232906101S1K	stools_11007101	na	NZ_CP035751.1	5249232	969527	18.4699	967670	99.8085	965463	99.7719	1857	0.1915	967318	99.7722	4157	0.4288	1948	46.8607	103	2.4777	2082	50.0842	1923	46.2593	95141	59.4255	85102	61.8082	0.9852
EST1232906101S1K	stools_11054102	na	NZ_CP035751.1	5249232	902918	17.2010	899185	99.5866	897764	99.8420	3733	0.4134	901479	99.8406	5267	0.5833	3828	72.6789	144	2.7340	1490	28.2893	3535	67.1160	95141	59.4255	29994	72.9579	0.9845
EST1232906101S1K	stools_12093501	na	NZ_CP035751.1	5249232	433075	8.2503	432570	99.8834	430214	99.4553	505	0.1166	430715	99.4551	2905	0.6708	545	18.7608	44	1.5146	955	32.8744	1903	65.5077	95141	59.4255	327803	7.8672	0.9481
EST1233801101S1K	stools_11004101	na	NZ_CP011134.1	5000386	453014	9.0596	451248	99.6102	449578	99.6299	1766	0.3898	451335	99.6294	3551	0.7839	1872	52.7175	150	4.2242	2227	62.7147	1099	30.9490	53736	12.4795	40499	23.7216	0.9861
EST1233801101S1K	stools_11016150	na	NZ_CP088131.1	4785944	443882	9.2747	441996	99.5751	438114	99.1217	1886	0.4249	439983	99.1216	5898	1.3287	1999	33.8928	151	2.5602	1447	24.5337	4261	72.2448	165368	92.7029	316015	61.0231	0.9585
EST1233801101S1K	stools_11023101	na	NZ_CP011134.1	5000386	976895	19.5364	973479	99.6503	970628	99.7071	3416	0.3497	974029	99.7066	6407	0.6559	3541	55.2677	194	3.0279	3667	57.2343	2427	37.8804	53736	48.9262	100884	27.3839	0.9760
EST1233801101S1K	stools_11028150	na	NZ_CP011134.1	5000386	308987	6.1793	307722	99.5906	306008	99.4430	1265	0.4094	307261	99.4414	3105	1.0049	1379	44.4122	145	4.6699	1453	46.7955	1404	45.2174	53736	84.3569	139785	45.2173	0.9736
EST1233801101S1K	stools_11031101	na	NZ_CP088131.1	4785944	119141	2.4894	118825	99.7348	117980	99.2889	316	0.2652	118296	99.2908	1196	1.0039	351	29.3478	35	2.9264	430	35.9532	716	59.8662	165368	36.1745	164374	75.4030	0.9657
EST1233801101S1K	stools_11031501	na	NZ_CP088131.1	4785944	104946	2.1928	104714	99.7789	104064	99.3793	232	0.2211	104292	99.3768	964	0.9186	310	32.1577	83	8.6100	315	32.6763	536	55.6017	165368	43.9988	213343	55.7670	0.9554
EST1233801101S1K	stools_11032150	na	NZ_CP011134.1	5000386	1160447	23.2071	1151473	99.2267	1149068	99.7911	8974	0.7733	1158015	99.7904	11549	0.9952	9117	78.9419	664	5.7494	4651	40.2719	5945	51.4763	53736	49.1421	60089	41.6549	0.9854
EST1233801101S1K	stools_11044150	na	NZ_CP011134.1	5000386	968568	19.3699	957781	98.8863	954496	99.6570	10787	1.1137	965227	99.6551	14377	1.4844	11036	76.7615	654	4.5489	3986	27.7248	9415	65.4865	53736	34.6230	25668	100.0000	0.9915
EST1233801101S1K	stools_11054101	na	NZ_CP024131.1	5084741	853664	16.7887	850780	99.6622	848261	99.7039	2884	0.3378	851136	99.7039	5696	0.6672	3168	55.6180	322	5.6531	2260	39.6770	2956	51.8961	143836	65.2910	203566	59.8769	0.9623
EST1233801101S1K	stools_11107101	na	NZ_CP024131.1	5084741	255297	5.0208	254574	99.7168	253205	99.4622	723	0.2832	253922	99.4614	2305	0.9029	930	40.3471	217	9.4143	676	29.3275	1347	58.4382	143836	46.5780	194428	62.2652	0.9673
EST1233801101S1K	stools_12078150	na	NZ_CP011134.1	5000386	1108941	22.1771	1104527	99.6020	1100933	99.6746	4414	0.3980	1105321	99.6736	8329	0.7511	4709	56.5374	453	5.4388	4708	56.5254	2839	34.0857	53736	100.0000	120648	68.1453	0.9855
EST1233801101S1K	stools_12090101	na	NZ_CP011134.1	5000386	695383	13.9066	692360	99.5653	690015	99.6613	3023	0.4347	693024	99.6608	5480	0.7881	3121	56.9526	163	2.9745	3132	57.1533	2075	37.8650	53736	87.5205	122213	51.2818	0.9829
EST1233804101S1K	stools_11013101	na	NZ_CP068806.1	5089794	1640180	32.2249	1634521	99.6550	1630669	99.7643	5659	0.3450	1636310	99.7641	9787	0.5967	5917	60.4578	401	4.0973	3059	31.2557	6136	62.6954	42663	0.0000	8709	0.0000	0.9899
EST1233804101S1K	stools_11023101	na	NZ_CP087377.1	5230678	662985	12.6749	661326	99.7498	659010	99.6498	1659	0.2502	660665	99.6501	4110	0.6199	1790	43.5523	163	3.9659	2542	61.8491	1323	32.1898	88211	41.9540	24986	100.0000	0.9872
EST1233804101S1K	stools_12092101	na	NZ_CP087377.1	5230678	1204070	23.0194	1186220	98.5175	1176052	99.1428	17850	1.4825	1193817	99.1485	28282	2.3489	18029	63.7473	463	1.6371	4371	15.4551	23120	81.7481	88211	69.9811	95021	53.2430	0.9823
EST1233807101S1K	stools_11010101	na	NZ_CP025747.1	4918774	429984	8.7417	428862	99.7391	423166	98.6718	1122	0.2609	424271	98.6713	6891	1.6026	1178	17.0948	79	1.1464	713	10.3468	5975	86.7073	55558	70.3463	164965	23.4328	0.9662
EST1233807101S1K	stools_11112101	na	NZ_CP054227.1	4796742	795310	16.5802	794265	99.8686	788426	99.2649	1045	0.1314	789470	99.2657	6949	0.8737	1109	15.9591	72	1.0361	343	4.9360	6504	93.5962	42424	74.3636	107072	63.4209	0.9791
EST1233807101S1K	stools_12069150	na	NZ_CP025920.1	5118381	1914044	37.3955	1907128	99.6387	1903897	99.8306	6916	0.3613	1910784	99.8297	10332	0.5398	7072	68.4475	257	2.4874	5592	54.1231	4185	40.5052	31986	100.0000	147808	23.5860	0.9772
EST1233807101S1K	stools_12086502	na	NZ_CP054227.1	4796742	2555649	53.2789	2530874	99.0306	2512879	99.2890	24775	0.9694	2537524	99.2908	42992	1.6822	24867	57.8410	300	0.6978	1159	2.6959	41452	96.4179	42424	87.0239	96898	32.5827	0.9816
EST1233807101S1K	stools_12093101_SM-NAWYG	na	NZ_CP054227.1	4796742	4089376	85.2532	4079111	99.7490	4077465	99.9596	10265	0.2510	4087726	99.9597	12326	0.3014	10676	86.6137	460	3.7319	2224	18.0432	9636	78.1762	42424	100.0000	92911	59.3912	0.9877
EST1233807101S1K	stools_12119501	na	NZ_CP025747.1	4918774	1339495	27.2323	1321224	98.6360	1301400	98.4996	18271	1.3640	1319254	98.4889	38279	2.8577	18038	47.1224	312	0.8151	2462	6.4317	35233	92.0426	55558	72.4558	57070	53.1523	0.9893
EST1233822101S1K	stools_12090501	na	NZ_CP019267.1	4740860	715377	15.0896	708494	99.0378	697844	98.4968	6883	0.9622	704586	98.4916	17968	2.5117	7177	39.9432	539	2.9998	13083	72.8128	3954	22.0058	52878	80.4531	78812	51.0379	0.9878
EST1233822201S1K	stools_11007150	na	NZ_LR134231.1	4594692	475769	10.3548	472209	99.2517	467583	99.0203	3560	0.7483	471074	99.0132	8484	1.7832	3789	44.6605	409	4.8208	4831	56.9425	2991	35.2546	109930	51.5292	54887	100.0000	0.9834
EST1233822201S1K	stools_11038101	na	NZ_LR134231.1	4594692	795657	17.3169	790722	99.3798	785000	99.2764	4935	0.6202	789898	99.2762	10781	1.3550	5022	46.5819	166	1.5397	8650	80.2337	1815	16.8352	109930	37.1427	28166	100.0000	0.9821
EST1233822201S1K	stools_11038501	na	NZ_LR134231.1	4594692	175085	3.8106	174258	99.5277	172877	99.2075	827	0.4723	173698	99.2078	2250	1.2851	863	38.3556	44	1.9556	1876	83.3778	320	14.2222	109930	41.9058	162476	53.4805	0.9646
EST1233822201S1K	stools_11044501	na	NZ_LR134231.1	4594692	772892	16.8214	767010	99.2390	761352	99.2623	5882	0.7610	767192	99.2625	11677	1.5108	5977	51.1861	241	2.0639	8250	70.6517	2995	25.6487	109930	50.2793	49308	87.7525	0.9831
EST1233822201S1K	stools_11107501	na	NZ_LR134231.1	4594692	176542	3.8423	176018	99.7032	174369	99.0632	524	0.2968	174885	99.0614	2280	1.2915	623	27.3246	108	4.7368	1731	75.9211	424	18.5965	109930	69.5734	157531	58.6723	0.9711
EST1233822201S1K	stools_12058150	na	NZ_LR134231.1	4594692	134402	2.9252	133733	99.5022	132363	98.9756	669	0.4978	133028	98.9777	2077	1.5454	703	33.8469	39	1.8777	1707	82.1858	321	15.4550	109930	61.4973	118020	60.3898	0.9759
EST1233822201S1K	stools_12060501	na	NZ_LR134231.1	4594692	606650	13.2033	602971	99.3936	597055	99.0189	3679	0.6064	600701	99.0194	9848	1.6233	3899	39.5918	294	2.9854	6004	60.9667	3436	34.8903	109930	56.1921	68981	86.0802	0.9826
EST1233822201S1K	stools_12062101	na	NZ_LR134231.1	4594692	616451	13.4166	612924	99.4279	607805	99.1648	3527	0.5721	611306	99.1654	8764	1.4217	3619	41.2939	161	1.8371	6369	72.6723	2180	24.8745	109930	34.5793	60817	67.4039	0.9790
EST1233822201S1K	stools_12072101	na	NZ_LR134231.1	4594692	364811	7.9398	361949	99.2155	358773	99.1225	2862	0.7845	361608	99.1220	6112	1.6754	2909	47.5949	120	1.9634	4403	72.0386	1507	24.6564	109930	28.6664	30305	100.0000	0.9814
EST1233822201S1K	stools_12084101	na	NZ_LR134231.1	4594692	660840	14.3827	655631	99.2118	650680	99.2448	5209	0.7882	655852	99.2452	10368	1.5689	5380	51.8904	304	2.9321	6829	65.8661	3014	29.0702	109930	47.9605	45884	100.0000	0.9834
EST1233822201S1K	stools_12084102	na	NZ_LR134231.1	4594692	1238237	26.9493	1232613	99.5458	1224024	99.3032	5624	0.4542	1229616	99.3038	14519	1.1726	5898	40.6226	347	2.3900	11905	81.9960	2146	14.7806	109930	36.7425	44020	100.0000	0.9823
EST1233822201S1K	stools_12098150	na	NZ_LR134231.1	4594692	164445	3.5790	163577	99.4722	161906	98.9785	868	0.5278	162762	98.9766	2620	1.5932	937	35.7634	86	3.2824	1984	75.7252	535	20.4198	109930	61.4973	97381	77.1280	0.9809
EST1234702101S1K	stools_11047150	na	NZ_CP053284.1	5244439	153039	2.9181	152676	99.7628	151466	99.2075	363	0.2372	151828	99.2087	1647	1.0762	436	26.4724	74	4.4930	798	48.4517	749	45.4766	169837	100.0000	212087	43.8660	0.9676
EST1234702101S1K	stools_11049150	na	NZ_CP053284.1	5244439	49575	0.9453	49454	99.7559	49017	99.1164	121	0.2441	49134	99.1104	601	1.2123	160	26.6223	43	7.1547	338	56.2396	206	34.2762	169837	69.7157	141159	42.1447	0.9676
EST1234702101S1K	stools_11104150	na	NZ_CP053284.1	5244439	37262	0.7105	37247	99.9597	36969	99.2536	15	0.0403	36984	99.2539	361	0.9688	83	22.9917	68	18.8366	257	71.1911	38	10.5263	169837	84.4598	368664	36.5867	0.9547
EST1234702101S1K	stools_12075101	na	NZ_CP053284.1	5244439	295581	5.6361	295161	99.8579	293404	99.4047	420	0.1421	293821	99.4046	2273	0.7690	513	22.5693	98	4.3115	1646	72.4153	500	21.9974	169837	84.4598	329441	26.8962	0.9664
EST1234702101S1K	stools_12087150	na	NZ_CP053284.1	5244439	54773	1.0444	54727	99.9160	54255	99.1375	46	0.0840	54300	99.1364	568	1.0370	95	16.7254	51	8.9789	272	47.8873	244	42.9577	169837	54.9333	232762	35.2970	0.9707
EST1234702101S1K	stools_12096150	na	NZ_CP053284.1	5244439	126215	2.4066	126113	99.9192	125380	99.4188	102	0.0808	125482	99.4192	908	0.7194	175	19.2731	74	8.1498	660	72.6872	164	18.0617	169837	84.4598	300171	34.4304	0.9639
EST1234702101S1K	stools_12100501	na	NZ_CP053284.1	5244439	101049	1.9268	100712	99.6665	100016	99.3089	337	0.3335	100352	99.3102	1086	1.0747	389	35.8195	53	4.8803	574	52.8545	436	40.1473	169837	84.4598	144374	46.7023	0.9676
EST1234702101S1K	stools_12111150	na	NZ_CP053284.1	5244439	58620	1.1178	58405	99.6332	56932	97.4780	215	0.3668	57144	97.4821	1750	2.9853	274	15.6571	62	3.5429	247	14.1143	1443	82.4571	169837	84.4598	271879	31.4732	0.9632
EST1234703101S1K	stools_11005101	na	NZ_AP022177.1	4733200	909756	19.2207	907904	99.7964	904367	99.6104	1852	0.2036	906211	99.6103	5630	0.6188	2085	37.0337	251	4.4583	1968	34.9556	3359	59.6625	128448	58.8705	196938	44.2479	0.9612
EST1234703101S1K	stools_11018102	na	NZ_AP022177.1	4733200	1262227	26.6675	1258923	99.7382	1255147	99.7001	3304	0.2618	1258438	99.6998	7505	0.5946	3716	49.5137	487	6.4890	3305	44.0373	3568	47.5416	128448	43.1754	87348	64.5865	0.9817
EST1234703101S1K	stools_11034101	na	NZ_AP022177.1	4733200	1773777	37.4752	1765971	99.5599	1761859	99.7672	7806	0.4401	1769639	99.7667	12482	0.7037	8344	66.8483	716	5.7363	5495	44.0234	5799	46.4589	128448	47.5757	53229	100.0000	0.9838
EST1234704101S1K	stools_12093150	na	NC_011741.1	4700560	1348466	28.6873	1338788	99.2823	1327885	99.1856	9678	0.7177	1337453	99.1833	23269	1.7256	12256	52.6709	2908	12.4973	9349	40.1779	10436	44.8494	84832	46.1170	107004	32.7212	0.9705
EST1234707101S1K	stools_11009501	na	NZ_CP028750.1	4602860	1161858	25.2421	1159511	99.7980	1149643	99.1490	2347	0.2020	1151966	99.1486	14919	1.2841	5027	33.6953	2728	18.2854	4050	27.1466	7953	53.3079	190813	63.2127	170742	71.2133	0.9702
EST1234707101S1K	stools_11017501	na	NZ_LR134216.1	4647667	611159	13.1498	606884	99.3005	604121	99.5447	4275	0.6995	608376	99.5446	7292	1.1931	4509	61.8349	341	4.6764	2992	41.0313	3652	50.0823	74897	12.9231	22132	43.7918	0.9833
EST1234707101S1K	stools_11020501	na	NZ_LR134216.1	4647667	939313	20.2104	936163	99.6646	931781	99.5319	3150	0.3354	934912	99.5315	7946	0.8459	3545	44.6136	476	5.9904	3591	45.1925	3700	46.5643	74897	26.1800	26544	76.6350	0.9862
EST1234707101S1K	stools_11041102	na	NZ_LR134216.1	4647667	393730	8.4716	391848	99.5220	389420	99.3804	1882	0.4780	391280	99.3777	4479	1.1376	2029	45.3003	208	4.6439	2205	49.2297	1973	44.0500	74897	26.1800	20532	69.6766	0.9856
EST1234707101S1K	stools_11042150	na	NZ_LR134216.1	4647667	517239	11.1290	515300	99.6251	512741	99.5034	1939	0.3749	514672	99.5037	4685	0.9058	2118	45.2081	227	4.8453	2200	46.9584	2169	46.2967	74897	43.7734	45123	72.1783	0.9880
EST1234707101S1K	stools_11044150	na	NZ_CP028750.1	4602860	1691404	36.7468	1687145	99.7482	1670792	99.0307	4259	0.2518	1674994	99.0298	25127	1.4856	8717	34.6918	4551	18.1120	5832	23.2101	14286	56.8552	190813	65.8671	166873	68.8691	0.9694
EST1234707101S1K	stools_11113501	na	NZ_LR134216.1	4647667	449874	9.6796	448591	99.7148	445497	99.3103	1283	0.2852	446774	99.3109	4438	0.9865	1338	30.1487	66	1.4872	1870	42.1361	2487	56.0388	74897	62.2134	119770	53.0108	0.9766
EST1234707101S1K	stools_12117150	na	NZ_LR134216.1	4647667	919333	19.7805	916429	99.6841	912650	99.5876	2904	0.3159	915545	99.5880	7030	0.7647	3242	46.1166	426	6.0597	3427	48.7482	3052	43.4139	74897	100.0000	106136	65.7213	0.9897
EST1234709101S1K	stools_11049150	na	NZ_CP085488.1	4672036	2422498	51.8510	2416242	99.7418	2408668	99.6865	6256	0.2582	2414896	99.6862	14123	0.5830	6521	46.1729	316	2.2375	5590	39.5808	7973	56.4540	83551	12.6988	10809	100.0000	0.9843
EST1234709101S1K	stools_11052101	na	NZ_CP072787.1	5030087	2073873	41.2294	2071661	99.8933	2057464	99.3147	2212	0.1067	2059654	99.3144	16452	0.7933	2233	13.5728	54	0.3282	15363	93.3807	944	5.7379	448218	27.3773	116971	94.6508	0.9228
EST1234709101S1K	stools_12111102	na	NZ_CP085488.1	4672036	1727711	36.9798	1723259	99.7423	1715208	99.5328	4452	0.2577	1719627	99.5321	13208	0.7645	5124	38.7947	744	5.6329	3264	24.7123	8961	67.8452	83551	22.5132	74506	26.0919	0.9741
EST1236801101S1K	stools_11011101	na	NZ_CP029492.1	4423666	1074832	24.2973	1068873	99.4456	1062357	99.3904	5959	0.5544	1068262	99.3887	13275	1.2351	6705	50.5085	887	6.6817	7934	59.7665	4270	32.1657	74955	66.5813	45439	100.0000	0.9911
EST1236801101S1K	stools_11033150	na	NZ_CP029492.1	4423666	411576	9.3040	409658	99.5340	406449	99.2167	1918	0.4660	408348	99.2157	5289	1.2851	2061	38.9677	170	3.2142	3847	72.7359	1196	22.6130	74955	66.5813	27094	100.0000	0.9890
EST1236801101S1K	stools_12066101	na	NZ_CP029492.1	4423666	2189377	49.4924	2175954	99.3869	2163991	99.4502	13423	0.6131	2177315	99.4491	27525	1.2572	15463	56.1780	2198	7.9855	13914	50.5504	10816	39.2952	74955	50.0247	41712	100.0000	0.9874
EST1236806101S1K	stools_11109150	na	NZ_CP027457.1	5001754	253668	5.0716	253201	99.8159	250179	98.8065	467	0.1841	250644	98.8079	3988	1.5721	964	24.1725	504	12.6379	1692	42.4273	1735	43.5055	281373	84.8855	251234	51.6511	0.9520
EST1236806101S1K	stools_12091150	na	NZ_CP027457.1	5001754	251332	5.0249	250548	99.6881	247952	98.9639	784	0.3119	248732	98.9655	3790	1.5080	1190	31.3984	414	10.9235	1594	42.0580	1626	42.9024	281373	79.0563	177754	82.8296	0.9623
EST1236807101S1K	stools_11017501	na	NZ_LR134216.1	4647667	487775	10.4951	484737	99.3772	483061	99.6542	3038	0.6228	486083	99.6531	4831	0.9904	3139	64.9762	153	3.1670	973	20.1408	3530	73.0698	121750	17.4899	22132	100.0000	0.9780
EST1236807101S1K	stools_11020501	na	NZ_LR134216.1	4647667	615818	13.2500	614230	99.7421	612015	99.6394	1588	0.2579	613595	99.6390	3934	0.6388	1711	43.4926	145	3.6858	858	21.8099	2894	73.5638	121750	15.2033	26544	76.6350	0.9782
EST1236807101S1K	stools_11041102	na	NZ_LR134216.1	4647667	338353	7.2801	337033	99.6099	335526	99.5529	1320	0.3901	336836	99.5517	2898	0.8565	1381	47.6536	90	3.1056	820	28.2954	1908	65.8385	121750	25.5187	20532	100.0000	0.9779
EST1236807101S1K	stools_11042150	na	NZ_LR134216.1	4647667	386332	8.3124	385151	99.6943	383789	99.6464	1181	0.3057	384965	99.6462	2615	0.6769	1248	47.7247	78	2.9828	620	23.7094	1867	71.3958	121750	35.5326	45123	100.0000	0.9822
EST1236807101S1K	stools_11113501	na	NZ_LR134216.1	4647667	299311	6.4400	298860	99.8493	297386	99.5068	451	0.1507	297829	99.5049	1982	0.6622	500	25.2270	58	2.9263	513	25.8829	1406	70.9384	121750	64.9158	119770	89.4464	0.9821
EST1236807101S1K	stools_12117150	na	NZ_LR134216.1	4647667	637657	13.7199	636108	99.7571	634101	99.6845	1549	0.2429	635645	99.6845	3692	0.5790	1680	45.5038	149	4.0358	898	24.3229	2621	70.9913	121750	61.8957	106136	75.1263	0.9790
EST1236812101S1K	stools_12090501	na	NZ_CP019267.1	4740860	646923	13.6457	643537	99.4766	639469	99.3679	3386	0.5234	642837	99.3684	7722	1.1937	3636	47.0862	342	4.4289	3558	46.0761	3522	45.6099	142465	68.1838	78812	76.0849	0.9777
EST1238001101S1K	stools_11038150	na	NZ_LR882493.1	4841444	185305	3.8275	184582	99.6098	183256	99.2816	723	0.3902	183975	99.2823	2658	1.4344	1328	49.9624	618	23.2506	1092	41.0835	826	31.0760	110065	54.4469	156185	45.8917	0.9705
EST1238001101S1K	stools_11050101	na	NZ_AP025662.1	4906821	1945871	39.6564	1937918	99.5913	1927655	99.4704	7953	0.4087	1935561	99.4702	19283	0.9910	8973	46.5332	1143	5.9275	13361	69.2890	4392	22.7765	67457	100.0000	126326	55.2800	0.9857
EST1238001101S1K	stools_11108150	na	NZ_LR882493.1	4841444	563374	11.6365	559819	99.3690	555361	99.2037	3555	0.6310	558895	99.2050	9418	1.6717	4939	52.4421	1538	16.3304	3410	36.2073	3710	39.3927	110065	78.7453	136713	67.8999	0.9821
EST1238001101S1K	stools_12062501	na	NZ_LR882493.1	4841444	576175	11.9009	572773	99.4096	567746	99.1223	3402	0.5904	571125	99.1235	10157	1.7628	5107	50.2806	1833	18.0467	2328	22.9202	5326	52.4367	110065	83.4207	173853	57.5544	0.9767
EST1238001101S1K	stools_12065150	na	NZ_LR882493.1	4841444	936249	19.3382	931921	99.5377	927058	99.4782	4328	0.4623	931368	99.4787	13615	1.4542	8734	64.1498	4467	32.8094	2643	19.4124	5395	39.6254	110065	91.6068	285777	54.0817	0.9543
EST1238001101S1K	stools_12068102	na	NZ_LR882493.1	4841444	1030365	21.2822	1024371	99.4183	1019290	99.5040	5994	0.5817	1025260	99.5045	15016	1.4573	9911	66.0029	4191	27.9102	3471	23.1153	6018	40.0773	110065	68.4386	144133	48.4435	0.9722
EST1238001101S1K	stools_12068150	na	NZ_LR882493.1	4841444	1041708	21.5165	1034209	99.2801	1029764	99.5702	7499	0.7199	1037235	99.5706	16145	1.5499	11672	72.2948	4474	27.7114	3433	21.2635	6771	41.9387	110065	57.5006	163435	35.8381	0.9662
EST1238001101S1K	stools_12080101	na	NZ_LR882493.1	4841444	466863	9.6431	464656	99.5273	462190	99.4693	2207	0.4727	464387	99.4697	6246	1.3379	3770	60.3586	1617	25.8886	1929	30.8838	2197	35.1745	110065	85.7730	236087	50.7110	0.9598
EST1238001101S1K	stools_12087501	na	NZ_LR882493.1	4841444	133438	2.7562	132505	99.3008	128792	97.1978	933	0.6992	129684	97.1867	4927	3.6924	1173	23.8076	292	5.9265	1183	24.0106	3368	68.3580	110065	73.2985	172664	48.1884	0.9716
EST1238001101S1K	stools_12096150	na	NZ_LR882493.1	4841444	65222	1.3472	64937	99.5630	64370	99.1268	285	0.4370	64653	99.1276	1029	1.5777	460	44.7036	180	17.4927	425	41.3022	379	36.8319	110065	77.3797	464029	26.7990	0.9125
EST1238001101S1K	stools_12111102	na	NZ_LR882493.1	4841444	462689	9.5568	460100	99.4404	456469	99.2108	2589	0.5596	459042	99.2118	7166	1.5488	3519	49.1069	1037	14.4711	3240	45.2135	2436	33.9939	110065	91.8139	183189	57.6563	0.9786
EST1238001101S1K	stools_12119101	na	NZ_AP025662.1	4906821	1603622	32.6815	1591493	99.2436	1583322	99.4866	12129	0.7564	1595377	99.4859	20564	1.2823	12319	59.9057	509	2.4752	11475	55.8014	8254	40.1381	67457	35.0831	54297	43.2197	0.9847
EST1238002101S1K	stools_12092101	na	NZ_CP049343.1	4707626	779693	16.5623	768273	98.5353	759746	98.8901	11420	1.4647	771054	98.8920	20590	2.6408	11951	58.0427	896	4.3516	4872	23.6620	14415	70.0097	33553	100.0000	46325	86.5343	0.9959
EST1238002101S1K	stools_12118101	na	NZ_CP053601.1	4529413	760110	16.7816	757023	99.5939	753710	99.5624	3087	0.4061	756787	99.5628	6606	0.8691	3283	49.6972	233	3.5271	3092	46.8059	3150	47.6839	0	0.0000	92315	0.0000	0.9796
EST1238006101S1K	stools_12085101	na	NZ_CP027105.1	4620018	92677	2.0060	92563	99.8770	91854	99.2340	114	0.1230	91967	99.2339	905	0.9765	195	21.5470	83	9.1713	451	49.8343	364	40.2210	107795	85.0401	121915	66.6317	0.9766
EST1238010101S1K	stools_11008101	na	NZ_CP041359.1	5320024	278421	5.2335	277297	99.5963	275333	99.2917	1124	0.4037	276443	99.2896	3233	1.1612	1255	38.8184	154	4.7634	1772	54.8098	1198	37.0554	206451	44.6367	130799	64.0800	0.9627
EST1238010101S1K	stools_11013101	na	NZ_CP041359.1	5320024	71724	1.3482	71419	99.5748	70889	99.2579	305	0.4252	71194	99.2611	909	1.2674	379	41.6942	75	8.2508	522	57.4257	271	29.8130	206451	42.4788	108045	74.3301	0.9684
EST1238010101S1K	stools_11013150	na	NZ_CP041359.1	5320024	166699	3.1334	165915	99.5297	164123	98.9199	784	0.4703	164893	98.9166	2686	1.6113	880	32.7625	111	4.1325	998	37.1556	1556	57.9300	206451	60.6841	91033	76.0329	0.9612
EST1238010101S1K	stools_11014150	na	NZ_CP041359.1	5320024	48955	0.9202	48868	99.8223	48284	98.8049	87	0.1777	48369	98.8030	729	1.4891	143	19.6159	58	7.9561	379	51.9890	291	39.9177	206451	42.4788	136111	58.4802	0.9605
EST1238010101S1K	stools_11049101	na	NZ_CP041359.1	5320024	117550	2.2096	117463	99.9260	116543	99.2168	87	0.0740	116630	99.2174	1030	0.8762	110	10.6796	23	2.2330	910	88.3495	91	8.8350	206451	58.3490	138786	81.5313	0.9682
EST1238010101S1K	stools_11049501	na	NZ_CP041359.1	5320024	115623	2.1734	115543	99.9308	114658	99.2341	80	0.0692	114738	99.2346	995	0.8606	110	11.0553	31	3.1156	881	88.5427	81	8.1407	206451	58.3490	140508	77.7756	0.9747
EST1238010101S1K	stools_12078101	na	NZ_CP041359.1	5320024	152902	2.8741	152622	99.8169	151333	99.1554	280	0.1831	151612	99.1563	1687	1.1033	397	23.5329	118	6.9947	976	57.8542	566	33.5507	206451	40.1437	110534	68.1691	0.9685
EST1239204101S1K	stools_11015101	na	NZ_CP010121.1	4990476	798699	16.0045	796637	99.7418	785440	98.5945	2062	0.2582	787474	98.5946	13942	1.7456	2717	19.4879	688	4.9347	12055	86.4654	1140	8.1767	143352	59.9008	87851	79.8693	0.9833
EST1239204101S1K	stools_11015501	na	NZ_CP010121.1	4990476	186992	3.7470	186539	99.7577	183759	98.5097	453	0.2423	184204	98.5090	3371	1.8028	583	17.2946	138	4.0937	2785	82.6164	435	12.9042	143352	51.8674	88867	76.8305	0.9787
EST1239204101S1K	stools_11036150	na	NZ_CP098214.1	5063976	2669891	52.7232	2650549	99.2756	2645586	99.8128	19342	0.7244	2664870	99.8119	24833	0.9301	19812	79.7809	981	3.9504	7191	28.9574	16517	66.5123	426762	78.9370	310160	88.6684	0.9519
EST1239204101S1K	stools_11104101	na	NZ_CP010121.1	4990476	363545	7.2848	362604	99.7412	356989	98.4515	941	0.2588	357921	98.4530	7339	2.0187	1715	23.3683	788	10.7372	4823	65.7174	1692	23.0549	143352	100.0000	323112	46.7621	0.9681
EST1239204101S1K	stools_11109101	na	NZ_CP010121.1	4990476	429433	8.6051	428512	99.7855	421818	98.4379	921	0.2145	422726	98.4382	8944	2.0827	2237	25.0112	1336	14.9374	5165	57.7482	2404	26.8784	143352	91.9666	214534	56.2288	0.9841
EST1241101101S1K	stools_11018102	na	NZ_CP098223.1	4841244	311136	6.4268	310535	99.8068	308312	99.2841	601	0.1932	308909	99.2842	2879	0.9253	652	22.6468	63	2.1883	2264	78.6384	529	18.3744	103363	13.1749	41600	49.7332	0.9787
EST1241104101S1K	stools_12067150	na	NZ_LS483297.1	4705041	1562223	33.2032	1553685	99.4535	1550789	99.8136	8538	0.5465	1559305	99.8132	12006	0.7685	9088	75.6955	724	6.0303	6384	53.1734	4665	38.8556	136956	79.0568	134060	76.3621	0.9826
EST1241104101S1K	stools_12099101	na	NZ_LS483297.1	4705041	1200767	25.5209	1192051	99.2741	1189190	99.7600	8716	0.7259	1197884	99.7599	12013	1.0004	9130	76.0010	725	6.0351	4891	40.7142	6168	51.3444	136956	76.2186	92669	90.0787	0.9774
EST1241104101S1K	stools_12099150	na	NZ_LS483297.1	4705041	1311431	27.8729	1306366	99.6138	1303257	99.7620	5065	0.3862	1308301	99.7613	8781	0.6696	5651	64.3549	657	7.4821	5385	61.3256	2521	28.7097	136956	46.5923	46063	75.5031	0.9757
EST1241104101S1K	stools_12099501	na	NZ_LS483297.1	4705041	1184976	25.1852	1169146	98.6641	1160690	99.2767	15830	1.3359	1176427	99.2786	24905	2.1017	16356	65.6736	1088	4.3686	3981	15.9847	19323	77.5868	136956	81.1246	104245	94.0755	0.9847
EST1241104101S1K	stools_12100101	na	NZ_LS483297.1	4705041	170251	3.6185	169674	99.6611	168734	99.4460	577	0.3389	169306	99.4449	1593	0.9357	648	40.6780	77	4.8336	712	44.6955	793	49.7803	136956	55.3236	163174	64.7284	0.9740
EST1241105101S1K	stools_11001150	na	NZ_CP035751.1	5249232	335066	6.3831	334522	99.8376	333074	99.5671	544	0.1624	333616	99.5672	2069	0.6175	619	29.9178	87	4.2049	634	30.6428	1328	64.1856	118165	38.7441	57667	86.6891	0.9828
EST1241105101S1K	stools_11007101	na	NZ_CP035751.1	5249232	975401	18.5818	973362	99.7910	971366	99.7949	2039	0.2090	973399	99.7948	4147	0.4252	2145	51.7241	137	3.3036	1823	43.9595	2097	50.5667	118165	70.8949	85102	75.9512	0.9823
EST1241105101S1K	stools_11047150	na	NZ_CP053284.1	5244439	200976	3.8322	200479	99.7527	199208	99.3660	497	0.2473	199699	99.3646	1887	0.9389	610	32.3264	121	6.4123	665	35.2411	1051	55.6969	144222	91.2496	212087	52.7892	0.9840
EST1241105101S1K	stools_11049150	na	NZ_CP053284.1	5244439	69683	1.3287	69444	99.6570	68852	99.1475	239	0.3430	69087	99.1447	893	1.2815	297	33.2587	63	7.0549	374	41.8813	438	49.0482	144222	56.1565	141159	46.5666	0.9749
EST1241105101S1K	stools_11054102	na	NZ_CP035751.1	5249232	964988	18.3834	960479	99.5327	959018	99.8479	4509	0.4673	963516	99.8475	6072	0.6292	4600	75.7576	131	2.1574	1617	26.6304	4155	68.4289	118165	55.5621	29994	100.0000	0.9830
EST1241105101S1K	stools_11104150	na	NZ_CP053284.1	5244439	45527	0.8681	45482	99.9012	45232	99.4503	45	0.0988	45277	99.4509	330	0.7248	80	24.2424	35	10.6061	169	51.2121	118	35.7576	144222	80.8115	368664	35.2763	0.9435
EST1241105101S1K	stools_12075101	na	NZ_CP053284.1	5244439	367170	7.0011	366625	99.8516	365045	99.5690	545	0.1484	365585	99.5683	2326	0.6335	741	31.8573	202	8.6844	1285	55.2451	808	34.7377	144222	81.3676	329441	31.8998	0.9622
EST1241105101S1K	stools_12087150	na	NZ_CP053284.1	5244439	69630	1.3277	69564	99.9052	69115	99.3546	66	0.0948	69181	99.3552	567	0.8143	118	20.8113	54	9.5238	192	33.8624	321	56.6138	144222	56.1565	232762	42.3982	0.9565
EST1241105101S1K	stools_12093501	na	NZ_CP035751.1	5249232	431835	8.2266	431356	99.8891	429296	99.5224	479	0.1109	429772	99.5223	2688	0.6225	625	23.2515	150	5.5804	591	21.9866	1897	70.5729	118165	79.3585	327803	17.6411	0.9410
EST1241105101S1K	stools_12096150	na	NZ_CP053284.1	5244439	173090	3.3004	172906	99.8937	172159	99.5680	184	0.1063	172341	99.5673	1037	0.5991	288	27.7724	107	10.3182	620	59.7878	305	29.4118	144222	80.8115	300171	33.8281	0.9632
EST1241105101S1K	stools_12100501	na	NZ_CP053284.1	5244439	144363	2.7527	143874	99.6613	143019	99.4057	489	0.3387	143506	99.4064	1466	1.0155	609	41.5416	133	9.0723	556	37.9263	709	48.3629	144222	80.8115	144374	59.1000	0.9811
EST1241105101S1K	stools_12111150	na	NZ_CP053284.1	5244439	73919	1.4095	73647	99.6320	72181	98.0094	272	0.3680	72445	98.0059	1821	2.4635	347	19.0555	83	4.5579	214	11.7518	1527	83.8550	144222	80.8115	271879	38.6058	0.9490
EST1241108101S1K	stools_11005150	na	NZ_CP051738.1	5166012	440732	8.5314	438203	99.4262	434007	99.0425	2529	0.5738	436518	99.0439	7015	1.5917	2801	39.9287	320	4.5617	4761	67.8689	1755	25.0178	0	0.0000	124529	0.0000	0.9759
EST1241108101S1K	stools_11021101	na	NZ_CP051738.1	5166012	166224	3.2176	165389	99.4977	163339	98.7605	835	0.5023	164166	98.7619	3021	1.8174	963	31.8769	144	4.7666	1603	53.0619	1190	39.3909	0	0.0000	148290	0.0000	0.9713
EST1241108101S1K	stools_11030150	na	NZ_CP096837.1	4837912	737606	15.2464	736138	99.8010	728757	98.9973	1468	0.1990	730205	98.9966	11142	1.5106	3741	33.5757	2303	20.6695	4405	39.5351	4296	38.5568	193466	54.4861	144002	76.5010	0.9688
EST1241108101S1K	stools_11051101	na	NZ_CP096837.1	4837912	2256020	46.6321	2246899	99.5957	2227893	99.1541	9121	0.4043	2236929	99.1538	34389	1.5243	15298	44.4852	6396	18.5990	13860	40.3036	13075	38.0209	193466	42.2875	131409	66.0990	0.9623
EST1241108101S1K	stools_12062501	na	NZ_CP051738.1	5166012	928436	17.9720	921096	99.2094	911083	98.9129	7340	0.7906	918358	98.9145	18279	1.9688	8201	44.8657	1165	6.3734	8136	44.5101	8150	44.5867	0	0.0000	38195	0.0000	0.9926
EST1241108101S1K	stools_12079150	na	NZ_CP051738.1	5166012	252255	4.8830	251001	99.5029	248703	99.0845	1254	0.4971	249942	99.0831	3739	1.4822	1426	38.1385	199	5.3223	2548	68.1466	853	22.8136	0	0.0000	269499	0.0000	0.9478
EST1241108201S1K	stools_11005101	na	NZ_AP022177.1	4733200	304891	6.4415	304564	99.8927	303525	99.6589	327	0.1073	303848	99.6579	1540	0.5051	497	32.2727	176	11.4286	221	14.3506	1140	74.0260	198544	88.7828	196938	100.0000	0.9877
EST1241108201S1K	stools_11018102	na	NZ_AP022177.1	4733200	409690	8.6557	409057	99.8455	408059	99.7560	633	0.1545	408691	99.7562	1821	0.4445	822	45.1400	200	10.9830	459	25.2059	1138	62.4931	198544	56.5462	87348	100.0000	0.9741
EST1241108201S1K	stools_11034101	na	NZ_AP022177.1	4733200	563798	11.9116	561785	99.6430	561115	99.8807	2013	0.3570	563126	99.8808	2948	0.5229	2276	77.2049	292	9.9050	541	18.3514	1971	66.8589	198544	39.5756	53229	100.0000	0.9667
EST1241110101S1K	stools_11017501	na	NZ_LR134216.1	4647667	1309758	28.1810	1302993	99.4835	1299186	99.7078	6765	0.5165	1305922	99.7071	10789	0.8237	6953	64.4453	245	2.2708	1772	16.4241	8478	78.5800	88853	25.7144	22132	100.0000	0.9850
EST1241110101S1K	stools_11020501	na	NZ_LR134216.1	4647667	1945547	41.8607	1941508	99.7924	1936398	99.7368	4039	0.2076	1940427	99.7368	9559	0.4913	4439	46.4379	429	4.4879	1026	10.7333	8017	83.8686	88853	18.0298	26544	76.6350	0.9805
EST1241110101S1K	stools_11041102	na	NZ_LR134216.1	4647667	851071	18.3118	848392	99.6852	844819	99.5789	2679	0.3148	847481	99.5782	6426	0.7550	2836	44.1332	186	2.8945	1743	27.1242	4379	68.1450	88853	31.9517	20532	100.0000	0.9832
EST1241110101S1K	stools_11042150	na	NZ_LR134216.1	4647667	1088009	23.4098	1085172	99.7392	1081589	99.6698	2837	0.2608	1084422	99.6703	6549	0.6019	2962	45.2283	135	2.0614	1192	18.2013	5143	78.5311	88853	52.5846	45123	100.0000	0.9896
EST1241110101S1K	stools_11113501	na	NZ_LR134216.1	4647667	925101	19.9046	923905	99.8707	919502	99.5234	1196	0.1293	920686	99.5228	5716	0.6179	1301	22.7607	119	2.0819	857	14.9930	4728	82.7152	88853	79.3625	119770	79.4172	0.9874
EST1241110101S1K	stools_12078150	na	NZ_CP011416.1	4947515	898003	18.1506	895908	99.7667	893954	99.7819	2095	0.2333	896043	99.7817	4118	0.4586	2158	52.4041	113	2.7441	1670	40.5537	2224	54.0068	12084	100.0000	22073	47.3248	0.9973
EST1241110101S1K	stools_12117150	na	NZ_LR134216.1	4647667	1930855	41.5446	1927309	99.8164	1922477	99.7493	3546	0.1836	1926016	99.7494	8557	0.4432	3718	43.4498	184	2.1503	1177	13.7548	7149	83.5456	88853	66.0360	106136	54.4302	0.9792
EST1242103101S1K	stools_11014101	na	NZ_CP068802.1	4983069	315184	6.3251	312371	99.1075	310700	99.4651	2813	0.8925	313498	99.4651	4533	1.4382	2847	62.8061	55	1.2133	1559	34.3922	2787	61.4825	28087	100.0000	97373	14.6088	0.9872
EST1242103101S1K	stools_11024101	na	NZ_CP068802.1	4983069	299564	6.0116	298000	99.4779	296357	99.4487	1564	0.5221	297913	99.4489	3265	1.0899	1614	49.4334	65	1.9908	1397	42.7871	1706	52.2511	28087	100.0000	91678	28.7844	0.9997
EST1242206101S1K	stools_11041101	na	NZ_CP022086.2	5256950	1143701	21.7560	1136526	99.3727	1130330	99.4548	7175	0.6273	1137452	99.4536	13677	1.1959	7428	54.3102	627	4.5843	9049	66.1622	3454	25.2541	159373	37.6375	106142	44.3067	0.9667
EST1242206101S1K	stools_11041102	na	NZ_CP022086.2	5256950	630589	11.9953	624673	99.0618	618732	99.0489	5916	0.9382	624580	99.0471	12748	2.0216	6739	52.8632	1033	8.1032	3998	31.3618	7045	55.2636	159373	85.5753	179995	74.1071	0.9807
EST1242206101S1K	stools_11104101	na	NZ_CP022086.2	5256950	1081699	20.5766	1076053	99.4780	1069908	99.4289	5646	0.5220	1075503	99.4272	12146	1.1229	5950	48.9873	518	4.2648	7707	63.4530	3531	29.0713	159373	47.1090	129597	63.7314	0.9752
EST1242206101S1K	stools_12068150	na	NZ_CP022086.2	5256950	1065768	20.2735	1055870	99.0713	1044534	98.9264	9898	0.9287	1054338	98.9275	22799	2.1392	11369	49.8662	2036	8.9302	6508	28.5451	13271	58.2087	159373	47.1090	118608	60.4209	0.9705
EST1242207101S1K	stools_11001150	na	NZ_CP028761.1	4630346	2696466	58.2347	2695536	99.9655	2695308	99.9915	930	0.0345	2696238	99.9915	18458	0.6845	18230	98.7648	17310	93.7805	328	1.7770	717	3.8845	196695	93.0237	176389	93.8585	0.9879
EST1242207101S1K	stools_11028501	na	NZ_CP028761.1	4630346	2612458	56.4204	2598761	99.4757	2594286	99.8278	13697	0.5243	2607972	99.8283	35278	1.3504	30792	87.2839	17137	48.5770	1284	3.6397	14915	42.2785	196695	85.3504	108170	100.0000	0.9796
EST1242207101S1K	stools_11108501	na	NZ_CP028761.1	4630346	2193021	47.3619	2185596	99.6614	2182111	99.8405	7425	0.3386	2189499	99.8394	23899	1.0898	20377	85.2630	13006	54.4207	934	3.9081	9464	39.6000	196695	91.1340	141433	100.0000	0.9869
EST1242207101S1K	stools_12072101	na	NZ_CP028761.1	4630346	2794060	60.3424	2779557	99.4809	2777262	99.9174	14503	0.5191	2791760	99.9177	33263	1.1905	30963	93.0854	16497	49.5956	1303	3.9173	13421	40.3481	196695	28.9921	34535	100.0000	0.9646
EST1242207101S1K	stools_12100501	na	NZ_CP028761.1	4630346	2707262	58.4678	2702089	99.8089	2699581	99.9072	5173	0.1911	2704751	99.9072	23265	0.8594	20754	89.2070	15616	67.1223	1752	7.5306	4432	19.0501	196695	54.4203	67017	84.8024	0.9628
EST1242208101S1K	stools_11011150	na	NZ_CP022279.1	4907118	235862	4.8065	235702	99.9322	233752	99.1727	160	0.0678	233911	99.1728	2333	0.9891	382	16.3738	223	9.5585	1645	70.5101	459	19.6742	202665	67.3821	233327	47.2157	0.9514
EST1242208101S1K	stools_11016501	na	NZ_CP022279.1	4907118	447218	9.1137	446264	99.7867	442753	99.2132	954	0.2133	443699	99.2131	4955	1.1080	1436	28.9808	503	10.1514	2994	60.4238	1354	27.3259	202665	73.5105	180241	66.6951	0.9727
EST1242208101S1K	stools_11020150	na	NZ_CP022279.1	4907118	209319	4.2656	209104	99.8973	207321	99.1473	215	0.1027	207531	99.1458	2289	1.0935	501	21.8873	291	12.7130	1352	59.0651	644	28.1346	202665	79.4982	393860	48.9501	0.9439
EST1242208101S1K	stools_11021501	na	NZ_CP022279.1	4907118	247294	5.0395	246623	99.7287	244305	99.0601	671	0.2713	244967	99.0590	3240	1.3102	913	28.1790	257	7.9321	1632	50.3704	1316	40.6173	202665	86.7969	242169	66.1067	0.9717
EST1242208101S1K	stools_11038101	na	NZ_CP022279.1	4907118	289051	5.8904	288454	99.7935	285795	99.0782	597	0.2065	286386	99.0780	3546	1.2268	881	24.8449	294	8.2910	2098	59.1653	1097	30.9363	202665	69.2078	209128	49.0747	0.9643
EST1242208101S1K	stools_11046150	na	NZ_CP022279.1	4907118	100241	2.0428	100099	99.8583	98936	98.8382	142	0.1417	99075	98.8368	1474	1.4705	308	20.8955	169	11.4654	559	37.9240	728	49.3894	202665	69.2078	286858	76.0286	0.9535
EST1242208101S1K	stools_11048150	na	NZ_CP022279.1	4907118	165120	3.3649	164961	99.9037	163448	99.0828	159	0.0963	163605	99.0825	1931	1.1695	416	21.5432	259	13.4127	1160	60.0725	495	25.6344	202665	79.5974	290618	49.4054	0.9540
EST1242208101S1K	stools_11052150	na	NZ_CP022279.1	4907118	479573	9.7730	477526	99.5732	473690	99.1967	2047	0.4268	475711	99.1947	6331	1.3201	2469	38.9986	466	7.3606	3123	49.3287	2637	41.6522	202665	87.0081	251808	49.6926	0.9574
EST1242208101S1K	stools_12060501	na	NZ_CP022279.1	4907118	186765	3.8060	186498	99.8570	184712	99.0423	267	0.1430	184978	99.0432	2328	1.2465	541	23.2388	276	11.8557	1211	52.0189	812	34.8797	202665	86.7969	241949	65.4506	0.9605
EST1242208101S1K	stools_12068102	na	NZ_CP022279.1	4907118	390478	7.9574	389041	99.6320	385566	99.1068	1437	0.3680	386991	99.1070	5361	1.3729	1874	34.9562	460	8.5805	2557	47.6963	2179	40.6454	202665	88.3191	263935	50.6098	0.9610
EST1242208101S1K	stools_12085150	na	NZ_CP022279.1	4907118	578008	11.7790	577322	99.8813	572809	99.2183	686	0.1187	573489	99.2182	5721	0.9898	1202	21.0103	526	9.1942	3924	68.5894	1244	21.7445	202665	86.7969	384148	43.7321	0.9436
EST1242208101S1K	stools_12088501	na	NZ_CP022279.1	4907118	596902	12.1640	595655	99.7911	591062	99.2289	1247	0.2089	592293	99.2278	6379	1.0687	1770	27.7473	541	8.4810	4026	63.1133	1757	27.5435	202665	79.1947	301726	43.2425	0.9612
EST1242208101S1K	stools_12116501	na	NZ_CP022279.1	4907118	170525	3.4751	170329	99.8851	168679	99.0313	196	0.1149	168873	99.0312	2044	1.1987	392	19.1781	199	9.7358	1274	62.3288	568	27.7886	202665	88.3191	315377	37.4428	0.9480
EST1242704101S1K	stools_11007150	na	NZ_LR134231.1	4594692	1057029	23.0054	1051877	99.5126	1046626	99.5008	5152	0.4874	1051726	99.4983	10630	1.0056	5327	50.1129	319	3.0009	2891	27.1966	7251	68.2126	55774	44.2518	54887	59.8666	0.9903
EST1242704101S1K	stools_11038101	na	NZ_LR134231.1	4594692	1905977	41.4821	1897832	99.5727	1895084	99.8552	8145	0.4273	1903209	99.8548	11100	0.5824	8332	75.0631	361	3.2523	5976	53.8378	4552	41.0090	55774	25.8400	28166	46.3005	0.9874
EST1242704101S1K	stools_11038501	na	NZ_LR134231.1	4594692	400213	8.7103	399301	99.7721	398359	99.7641	912	0.2279	399267	99.7636	1952	0.4877	1006	51.5369	113	5.7889	1065	54.5594	720	36.8852	55774	74.1600	162476	33.2560	0.9682
EST1242704101S1K	stools_11044501	na	NZ_LR134231.1	4594692	1864513	40.5797	1854246	99.4493	1851054	99.8279	10267	0.5507	1861297	99.8275	13710	0.7353	10494	76.5427	507	3.6980	5306	38.7017	7682	56.0321	55774	56.1911	49308	57.2179	0.9884
EST1242704101S1K	stools_11107501	na	NZ_LR134231.1	4594692	475024	10.3385	473797	99.7417	472237	99.6707	1227	0.2583	473460	99.6708	3086	0.6497	1522	49.3195	303	9.8185	1612	52.2359	1071	34.7051	55774	100.0000	157531	41.4630	0.9764
EST1242704101S1K	stools_12058150	na	NZ_LR134231.1	4594692	353154	7.6861	351921	99.6509	350493	99.5942	1233	0.3491	351719	99.5937	2818	0.7980	1383	49.0774	169	5.9972	1697	60.2200	896	31.7956	55774	79.7253	118020	43.4359	0.9816
EST1242704101S1K	stools_12060501	na	NZ_LR134231.1	4594692	1401175	30.4955	1395573	99.6002	1389334	99.5529	5602	0.3998	1394913	99.5531	12088	0.8627	5826	48.1966	352	2.9120	3603	29.8064	7898	65.3375	55774	67.7861	68981	53.1929	0.9871
EST1242704101S1K	stools_12062101	na	NZ_LR134231.1	4594692	1399111	30.4506	1394125	99.6436	1390191	99.7178	4986	0.3564	1395166	99.7180	9053	0.6471	5108	56.4233	201	2.2203	3673	40.5722	5026	55.5175	55774	67.7861	60817	67.4039	0.9909
EST1242704101S1K	stools_12072101	na	NZ_LR134231.1	4594692	935468	20.3598	929768	99.3907	927844	99.7931	5700	0.6093	933534	99.7933	7803	0.8341	5869	75.2147	301	3.8575	3385	43.3808	3992	51.1598	55774	56.1911	30305	100.0000	0.9944
EST1242704101S1K	stools_12084101	na	NZ_LR134231.1	4594692	1664824	36.2336	1654219	99.3630	1651171	99.8157	10605	0.6370	1661746	99.8151	14017	0.8420	10939	78.0410	645	4.6016	5146	36.7126	7940	56.6455	55774	100.0000	45884	100.0000	0.9954
EST1242704101S1K	stools_12084102	na	NZ_LR134231.1	4594692	3014631	65.6112	3005544	99.6986	3000282	99.8249	9087	0.3014	3009336	99.8244	14917	0.4948	9622	64.5036	640	4.2904	8070	54.0993	5921	39.6930	55774	76.4657	44020	100.0000	0.9957
EST1242704101S1K	stools_12098150	na	NZ_LR134231.1	4594692	413288	8.9949	411615	99.5952	409759	99.5491	1673	0.4048	411428	99.5500	3672	0.8885	1812	49.3464	153	4.1667	1819	49.5370	1627	44.3083	55774	79.7253	97381	45.3107	0.9851
EST1242705101S1K	stools_11112101	na	NZ_CP054227.1	4796742	77752	1.6209	77623	99.8341	76903	99.0724	129	0.1659	77032	99.0740	872	1.1215	152	17.4312	23	2.6376	175	20.0688	672	77.0642	36516	53.7080	107072	18.1560	0.9832
EST1242705101S1K	stools_12064101	na	NZ_CP054353.1	5170495	189158	3.6584	188883	99.8546	188180	99.6278	275	0.1454	188448	99.6247	1104	0.5836	394	35.6884	133	12.0471	432	39.1304	531	48.0978	107144	62.1817	214399	34.8532	0.9766
EST1242705101S1K	stools_12086502	na	NZ_CP054227.1	4796742	253297	5.2806	250518	98.9029	248334	99.1282	2779	1.0971	251080	99.1247	5014	1.9795	2797	55.7838	57	1.1368	613	12.2258	4295	85.6602	36516	53.7080	96898	19.0654	0.9932
EST1242705101S1K	stools_12093101_SM-NAWYG	na	NZ_CP054227.1	4796742	396838	8.2731	395644	99.6991	394588	99.7331	1194	0.3009	395778	99.7329	2325	0.5859	1265	54.4086	83	3.5699	1032	44.3871	1192	51.2688	36516	53.7080	92911	19.6575	0.9916
EST1242802101S1K	stools_12118101	na	NZ_CP053601.1	4529413	559452	12.3515	557888	99.7204	553954	99.2948	1564	0.2796	555508	99.2950	5775	1.0323	1831	31.7056	302	5.2294	3632	62.8918	1734	30.0260	9975	100.0000	92315	8.0799	0.9853
EST1242804101S1K	stools_11038150	na	NZ_LR882493.1	4841444	120758	2.4943	120100	99.4551	118608	98.7577	658	0.5449	119263	98.7620	2388	1.9775	893	37.3953	241	10.0921	999	41.8342	1058	44.3049	86273	92.4681	156185	81.7825	0.9780
EST1242804101S1K	stools_11108150	na	NZ_LR882493.1	4841444	365370	7.5467	362398	99.1866	358552	98.9387	2972	0.8134	361482	98.9359	7497	2.0519	3609	48.1393	758	10.1107	2945	39.2824	3425	45.6849	86273	92.4681	136713	69.0403	0.9846
EST1242804101S1K	stools_12062501	na	NZ_LR882493.1	4841444	320632	6.6227	318219	99.2474	313621	98.5551	2413	0.7526	315994	98.5535	7527	2.3476	2889	38.3818	569	7.5595	2363	31.3936	4336	57.6060	86273	78.6144	173853	45.3205	0.9730
EST1242804101S1K	stools_12065150	na	NZ_LR882493.1	4841444	526478	10.8744	523350	99.4059	514898	98.3850	3128	0.5941	517969	98.3838	12584	2.3902	4075	32.3824	1048	8.3280	3648	28.9892	7422	58.9797	86273	100.0000	285777	45.5310	0.9535
EST1242804101S1K	stools_12068102	na	NZ_LR882493.1	4841444	590303	12.1927	585627	99.2079	577763	98.6572	4676	0.7921	582367	98.6556	13762	2.3313	5826	42.3340	1357	9.8605	4426	32.1610	7460	54.2072	86273	74.2863	144133	49.6153	0.9745
EST1242804101S1K	stools_12068150	na	NZ_LR882493.1	4841444	533810	11.0258	528474	99.0004	521203	98.6242	5336	0.9996	526473	98.6255	13614	2.5503	6277	46.1069	1188	8.7263	4097	30.0940	7746	56.8973	86273	79.1731	163435	49.6577	0.9751
EST1242804101S1K	stools_12080101	na	NZ_LR882493.1	4841444	237236	4.9001	235725	99.3631	232671	98.7044	1511	0.6369	234167	98.7064	5080	2.1413	2011	39.5866	551	10.8465	1909	37.5787	2426	47.7559	86273	92.6257	236087	59.7237	0.9605
EST1242804101S1K	stools_12087501	na	NZ_LR882493.1	4841444	97229	2.0083	96252	98.9952	93735	97.3850	977	1.0048	94677	97.3753	3754	3.8610	1202	32.0192	267	7.1124	884	23.5482	2480	66.0629	86273	88.1724	172664	53.9006	0.9777
EST1242804101S1K	stools_12096150	na	NZ_LR882493.1	4841444	38996	0.8055	38673	99.1717	38137	98.6140	323	0.8283	38453	98.6075	977	2.5054	434	44.4217	118	12.0778	444	45.4452	356	36.4381	86273	77.5364	464029	25.1230	0.9104
EST1242804101S1K	stools_12111102	na	NZ_LR882493.1	4841444	306095	6.3224	303747	99.2329	300670	98.9870	2348	0.7671	303000	98.9889	5943	1.9416	2848	47.9219	602	10.1296	2707	45.5494	2313	38.9197	86273	100.0000	183189	58.6160	0.9794
EST1242805101S1K	stools_11007150	na	NZ_LR134231.1	4594692	727193	15.8268	723995	99.5602	719940	99.4399	3198	0.4398	723106	99.4380	7402	1.0179	3315	44.7852	185	2.4993	2007	27.1143	5119	69.1570	56340	56.0987	54887	72.6092	0.9918
EST1242805101S1K	stools_11020501	na	NZ_CP045206.1	4944436	495890	10.0293	494852	99.7907	490965	99.2145	1038	0.2093	491994	99.2143	5202	1.0490	1306	25.1057	290	5.5748	3288	63.2065	1532	29.4502	142907	49.2068	118896	58.3451	0.9704
EST1242805101S1K	stools_11034101	na	NZ_CP045206.1	4944436	883058	17.8596	879866	99.6385	877805	99.7658	3192	0.3615	880983	99.7650	9436	1.0686	7361	78.0097	4255	45.0933	1615	17.1153	3152	33.4040	142907	61.6114	106430	60.7582	0.9793
EST1242805101S1K	stools_11038101	na	NZ_LR134231.1	4594692	1265416	27.5408	1260639	99.6225	1258319	99.8160	4777	0.3775	1263085	99.8158	7232	0.5715	4901	67.7683	268	3.7058	3932	54.3695	2869	39.6709	56340	37.8559	28166	70.1023	0.9902
EST1242805101S1K	stools_11038501	na	NZ_LR134231.1	4594692	271477	5.9085	271016	99.8302	270292	99.7329	461	0.1698	270752	99.7329	1236	0.4553	511	41.3430	54	4.3689	703	56.8770	468	37.8641	56340	74.4143	162476	55.2057	0.9681
EST1242805101S1K	stools_11044501	na	NZ_LR134231.1	4594692	1208256	26.2968	1201938	99.4771	1199293	99.7799	6318	0.5229	1205600	99.7802	9105	0.7536	6449	70.8292	300	3.2949	3703	40.6700	4886	53.6628	56340	76.8158	49308	88.5110	0.9937
EST1242805101S1K	stools_11107501	na	NZ_LR134231.1	4594692	303854	6.6132	303148	99.7677	301971	99.6117	706	0.2323	302676	99.6123	2022	0.6655	844	41.7409	149	7.3689	1117	55.2423	712	35.2127	56340	90.0302	157531	47.1996	0.9747
EST1242805101S1K	stools_12058150	na	NZ_LR134231.1	4594692	231889	5.0469	231234	99.7175	230300	99.5961	655	0.2825	230954	99.5968	1683	0.7258	748	44.4444	99	5.8824	1019	60.5466	530	31.4914	56340	90.0302	118020	59.3196	0.9835
EST1242805101S1K	stools_12060501	na	NZ_LR134231.1	4594692	939372	20.4447	935927	99.6333	931392	99.5155	3445	0.3667	934828	99.5163	8184	0.8712	3640	44.4770	277	3.3847	2268	27.7126	5428	66.3245	56340	79.2829	68981	89.7667	0.9921
EST1242805101S1K	stools_12062101	na	NZ_LR134231.1	4594692	933031	20.3067	930082	99.6839	926899	99.6578	2949	0.3161	929840	99.6580	6229	0.6676	3038	48.7719	127	2.0389	2612	41.9329	3412	54.7760	56340	67.0128	60817	84.0966	0.9907
EST1242805101S1K	stools_12072101	na	NZ_LR134231.1	4594692	588902	12.8170	585481	99.4191	583823	99.7168	3421	0.5809	587235	99.7169	5165	0.8771	3498	67.7251	175	3.3882	2467	47.7638	2434	47.1249	56340	54.5758	30305	100.0000	0.9940
EST1242805101S1K	stools_12083101	na	NZ_CP045206.1	4944436	388293	7.8531	387517	99.8002	384001	99.0927	776	0.1998	384772	99.0932	4583	1.1803	1062	23.1726	302	6.5896	2702	58.9570	1495	32.6206	142907	33.6051	113879	40.4245	0.9640
EST1242805101S1K	stools_12083150	na	NZ_CP045206.1	4944436	415843	8.4103	415090	99.8189	411186	99.0595	753	0.1811	411933	99.0597	4930	1.1855	1020	20.6897	277	5.6187	3003	60.9128	1594	32.3327	142907	40.5921	124233	40.5247	0.9657
EST1242805101S1K	stools_12084101	na	NZ_LR134231.1	4594692	1062425	23.1229	1055996	99.3949	1053520	99.7655	6429	0.6051	1059933	99.7654	9101	0.8566	6609	72.6184	351	3.8567	3528	38.7650	5000	54.9390	56340	68.1292	45884	82.3555	0.9934
EST1242805101S1K	stools_12084102	na	NZ_LR134231.1	4594692	1986152	43.2271	1981400	99.7607	1976966	99.7762	4752	0.2393	1981705	99.7761	9491	0.4779	5044	53.1451	334	3.5191	5425	57.1594	3601	37.9412	56340	54.5758	44020	72.6465	0.9911
EST1242805101S1K	stools_12098150	na	NZ_LR134231.1	4594692	265115	5.7700	264233	99.6673	262901	99.4959	882	0.3327	263779	99.4961	2299	0.8672	963	41.8878	97	4.2192	1107	48.1514	1067	46.4115	56340	90.0302	97381	59.1727	0.9868
EST1247104101S1K	stools_11033501	na	NZ_CP007265.1	4758629	1940765	40.7841	1926767	99.2787	1921521	99.7277	13998	0.7213	1935478	99.7276	19904	1.0256	14617	73.4375	1339	6.7273	8832	44.3730	8693	43.6746	139311	65.0623	91745	87.2189	0.9776
EST1247104101S1K	stools_11038101	na	NZ_CP007265.1	4758629	1365969	28.7051	1358761	99.4723	1354903	99.7161	7208	0.5277	1362085	99.7157	11592	0.8486	7708	66.4941	671	5.7885	6429	55.4607	4101	35.3778	139311	73.1543	98494	80.1663	0.9827
EST1247104101S1K	stools_11045101	na	NZ_CP007265.1	4758629	2453764	51.5645	2439334	99.4119	2428285	99.5470	14430	0.5881	2442673	99.5480	26750	1.0902	15659	58.5383	1688	6.3103	6992	26.1383	16902	63.1850	139311	76.5704	151968	56.6475	0.9713
EST1247106101S1K	stools_11017501	na	NZ_LR134216.1	4647667	357129	7.6840	354874	99.3686	352487	99.3274	2255	0.6314	354712	99.3232	4763	1.3337	2346	49.2547	163	3.4222	2362	49.5906	2087	43.8169	81377	25.7960	22132	100.0000	0.9867
EST1247106101S1K	stools_11020501	na	NZ_LR134216.1	4647667	571035	12.2865	569352	99.7053	565893	99.3925	1683	0.2947	567559	99.3913	5384	0.9428	1908	35.4383	264	4.9034	2947	54.7363	2034	37.7786	81377	23.1871	26544	76.6350	0.9860
EST1247106101S1K	stools_11041102	na	NZ_LR134216.1	4647667	223339	4.8054	222531	99.6382	220670	99.1637	808	0.3618	221473	99.1645	2743	1.2282	877	31.9723	85	3.0988	1631	59.4604	987	35.9825	81377	38.4458	20532	100.0000	0.9825
EST1247106101S1K	stools_11042150	na	NZ_LR134216.1	4647667	314245	6.7613	312975	99.5959	310934	99.3479	1270	0.4041	312196	99.3480	3482	1.1081	1433	41.1545	187	5.3705	1752	50.3159	1433	41.1545	81377	25.7960	45123	50.0565	0.9817
EST1247106101S1K	stools_11113501	na	NZ_LR134216.1	4647667	275968	5.9378	275315	99.7634	272796	99.0850	653	0.2366	273439	99.0836	3230	1.1704	701	21.7028	58	1.7957	1587	49.1331	1582	48.9783	81377	56.7728	119770	44.2289	0.9746
EST1247106101S1K	stools_12117150	na	NZ_LR134216.1	4647667	562730	12.1078	561135	99.7166	557551	99.3613	1595	0.2834	559139	99.3619	5355	0.9516	1764	32.9412	195	3.6415	3166	59.1223	1901	35.4995	81377	52.1708	106136	36.5644	0.9776
EST1247108101S1K	stools_11030101	na	NZ_CP070930.1	4668053	1711732	36.6691	1708096	99.7876	1702924	99.6972	3636	0.2124	1706544	99.6969	9214	0.5383	4026	43.6944	410	4.4498	2409	26.1450	6351	68.9277	182918	84.9244	175176	83.2728	0.9740
EST1247108101S1K	stools_11053501	na	NZ_CP070930.1	4668053	2523895	54.0674	2521472	99.9040	2520848	99.9753	2423	0.0960	2523269	99.9752	5092	0.2018	4466	87.7062	2114	41.5161	2362	46.3865	483	9.4855	182918	79.1081	167767	93.1113	0.9781
EST1247108101S1K	stools_12117101	na	NZ_CP070930.1	4668053	1240573	26.5758	1238284	99.8155	1231955	99.4889	2289	0.1845	1234229	99.4886	8935	0.7202	2591	28.9983	317	3.5478	1736	19.4292	6802	76.1276	182918	67.4964	235559	76.6976	0.9561
EST1247109101S1K	stools_12090150	na	NZ_CP022959.1	4746918	2568034	54.0990	2561462	99.7441	2556555	99.8084	6572	0.2559	2563074	99.8069	12640	0.4922	7680	60.7595	1174	9.2880	7687	60.8149	3144	24.8734	118445	46.7812	149784	45.6978	0.9664
EST1247206101S1K	stools_11006501	na	NZ_CP010134.1	5060525	80486	1.5905	80324	99.7987	79198	98.5982	162	0.2013	79357	98.5973	1588	1.9730	459	28.9043	301	18.9547	801	50.4408	444	27.9597	163422	45.5955	110844	83.6563	0.9822
EST1247208101S1K	stools_11011101	na	NZ_CP029492.1	4423666	573906	12.9735	570213	99.3565	567398	99.5063	3693	0.6435	571074	99.5065	6623	1.1540	3791	57.2399	289	4.3636	2204	33.2780	3840	57.9798	0	0.0000	45439	0.0000	0.9897
EST1247208101S1K	stools_11018101	na	NZ_CP073981.1	4774884	1519142	31.8153	1508410	99.2935	1506631	99.8821	10732	0.7065	1517341	99.8814	13089	0.8616	11288	86.2404	806	6.1578	3348	25.5787	8668	66.2235	43170	76.4582	91823	51.8944	0.9855
EST1247208101S1K	stools_11021501	na	NZ_CP073981.1	4774884	1456484	30.5030	1450429	99.5843	1448811	99.8884	6055	0.4157	1454856	99.8882	8105	0.5565	6477	79.9136	607	7.4892	2909	35.8914	4396	54.2381	43170	88.1862	98317	41.8097	0.9862
EST1247208101S1K	stools_11027501	na	NZ_CP073981.1	4774884	1804943	37.8008	1790634	99.2072	1787828	99.8433	14309	0.7928	1802115	99.8433	17875	0.9903	15047	84.1790	840	4.6993	3595	20.1119	13156	73.6000	43170	88.2719	231623	22.2694	0.9581
EST1247208101S1K	stools_11033150	na	NZ_CP029492.1	4423666	331351	7.4904	329373	99.4030	328318	99.6797	1978	0.5970	330286	99.6786	3091	0.9328	2026	65.5451	88	2.8470	1555	50.3073	1387	44.8722	0	0.0000	27094	0.0000	0.9939
EST1247208101S1K	stools_11041102	na	NZ_CP073981.1	4774884	1519835	31.8298	1515701	99.7280	1514151	99.8977	4134	0.2720	1518274	99.8973	6267	0.4123	4706	75.0918	683	10.8984	3325	53.0557	2042	32.5834	43170	76.4582	46091	73.7498	0.9949
EST1247208101S1K	stools_11048102	na	NZ_CP073981.1	4774884	922325	19.3162	918489	99.5841	916654	99.8002	3836	0.4159	920473	99.7992	6044	0.6553	4192	69.3580	451	7.4619	2046	33.8518	3311	54.7816	43170	88.2719	162793	42.3335	0.9726
EST1247208101S1K	stools_11110101	na	NZ_CP073981.1	4774884	222178	4.6531	221722	99.7948	220932	99.6437	456	0.2052	221385	99.6431	1316	0.5923	523	39.7416	75	5.6991	446	33.8906	758	57.5988	43170	70.1506	252737	26.4302	0.9505
EST1247208101S1K	stools_12061101	na	NZ_CP073981.1	4774884	1027446	21.5177	1022322	99.5013	1018414	99.6177	5124	0.4987	1023513	99.6172	9368	0.9118	5435	58.0167	429	4.5794	1899	20.2711	6812	72.7156	43170	88.2719	163125	37.5399	0.9726
EST1247208101S1K	stools_12064150	na	NZ_CP010171.1	4807161	371502	7.7281	369085	99.3494	366907	99.4099	2417	0.6506	369305	99.4086	4703	1.2659	2506	53.2851	143	3.0406	1761	37.4442	2643	56.1982	28279	81.7143	81200	33.3695	0.9867
EST1247208101S1K	stools_12066101	na	NZ_CP029492.1	4423666	1074985	24.3008	1068104	99.3599	1061767	99.4067	6881	0.6401	1068612	99.4072	13408	1.2473	7035	52.4687	351	2.6178	2991	22.3076	9617	71.7258	0	0.0000	41712	0.0000	0.9906
EST1247210101S1K	stools_11049150	na	NZ_CP085488.1	4672036	2327636	49.8206	2319705	99.6593	2303068	99.2828	7931	0.3407	2310934	99.2824	25226	1.0838	8524	33.7905	729	2.8899	16672	66.0905	7200	28.5420	109326	9.8229	10809	100.0000	0.9788
EST1247210101S1K	stools_12111102	na	NZ_CP085488.1	4672036	1718079	36.7737	1711677	99.6274	1707418	99.7512	6402	0.3726	1713800	99.7509	14976	0.8717	10697	71.4276	4586	30.6223	4373	29.2001	5080	33.9209	109326	72.9095	74506	100.0000	0.9923
EST1254203101S1K	stools_11005150	na	NZ_CP051738.1	5166012	108972	2.1094	108838	99.8770	107999	99.2291	134	0.1230	108132	99.2292	1074	0.9856	234	21.7877	101	9.4041	519	48.3240	439	40.8752	0	0.0000	124529	0.0000	0.9851
EST1254203101S1K	stools_11021101	na	NZ_CP051738.1	5166012	44827	0.8677	44770	99.8728	44147	98.6084	57	0.1272	44204	98.6102	722	1.6106	99	13.7119	42	5.8172	232	32.1330	449	62.1884	0	0.0000	148290	0.0000	0.9713
EST1254203101S1K	stools_12062501	na	NZ_CP051738.1	5166012	227240	4.3988	226242	99.5608	224015	99.0157	998	0.4392	225003	99.0156	3424	1.5068	1187	34.6671	206	6.0164	922	26.9276	2196	64.1355	0	0.0000	38195	0.0000	1.0000
EST1254203101S1K	stools_12079150	na	NZ_CP051738.1	5166012	69042	1.3365	68970	99.8957	68436	99.2258	72	0.1043	68507	99.2251	632	0.9154	97	15.3481	26	4.1139	354	56.0127	238	37.6582	0	0.0000	269499	0.0000	0.9569
EST1254204101S1K	stools_11006101	na	NZ_CP071441.1	4828326	156350	3.2382	155790	99.6418	154459	99.1456	560	0.3582	155014	99.1455	1951	1.2478	615	31.5223	65	3.3316	668	34.2389	1193	61.1481	57014	53.3185	58364	34.2985	0.9841
EST1254204101S1K	stools_11017501	na	NZ_LR134216.1	4647667	409423	8.8092	406603	99.3112	405129	99.6375	2820	0.6888	407932	99.6358	4391	1.0725	2900	66.0442	150	3.4161	832	18.9478	3314	75.4726	42218	29.3074	22132	56.2082	0.9915
EST1254204101S1K	stools_11020501	na	NZ_LR134216.1	4647667	439651	9.4596	438339	99.7016	436437	99.5661	1312	0.2984	437748	99.5672	3315	0.7540	1412	42.5943	102	3.0769	702	21.1765	2465	74.3590	42218	0.0000	26544	0.0000	0.9852
EST1254204101S1K	stools_11024150	na	NZ_CP071441.1	4828326	100155	2.0743	99769	99.6146	97644	97.8701	386	0.3854	98018	97.8663	2634	2.6299	497	18.8686	125	4.7456	332	12.6044	2162	82.0805	57014	87.5364	208657	30.5616	0.9624
EST1254204101S1K	stools_11041102	na	NZ_LR134216.1	4647667	295279	6.3533	293901	99.5333	292723	99.5992	1378	0.4667	294093	99.5983	2639	0.8937	1453	55.0587	93	3.5241	649	24.5926	1855	70.2918	42218	29.3074	20532	30.3234	0.9892
EST1254204101S1K	stools_11042150	na	NZ_LR134216.1	4647667	306492	6.5945	305387	99.6395	304132	99.5890	1105	0.3605	305235	99.5899	2438	0.7955	1181	48.4413	89	3.6505	529	21.6981	1779	72.9696	42218	84.2697	45123	77.7652	0.9962
EST1254204101S1K	stools_11113501	na	NZ_LR134216.1	4647667	222184	4.7805	221737	99.7988	220681	99.5238	447	0.2012	221127	99.5243	1531	0.6891	474	30.9602	29	1.8942	341	22.2730	1160	75.7675	42218	84.2697	119770	45.7293	0.9816
EST1254204101S1K	stools_12092150	na	NZ_CP071441.1	4828326	278700	5.7722	276851	99.3366	273834	98.9102	1849	0.6634	275663	98.9103	5024	1.8027	1987	39.5502	170	3.3838	1194	23.7659	3598	71.6162	57014	46.0869	38498	83.9680	0.9907
EST1254204101S1K	stools_12117150	na	NZ_LR134216.1	4647667	476528	10.2531	475194	99.7201	473606	99.6658	1334	0.2799	474935	99.6657	3068	0.6438	1475	48.0769	153	4.9870	667	21.7405	2212	72.0991	42218	100.0000	106136	42.9082	0.9831
EST1254206101S1K	stools_11014101	na	NZ_CP010238.1	4797106	1330111	27.7274	1320753	99.2964	1316046	99.6436	9358	0.7036	1325371	99.6436	14475	1.0883	9735	67.2539	604	4.1727	1517	10.4801	12034	83.1364	21843	72.7602	24000	54.0125	0.9936
EST1254206101S1K	stools_11018102	na	NZ_CP010238.1	4797106	1155933	24.0965	1153860	99.8207	1151935	99.8332	2073	0.1793	1153999	99.8327	4260	0.3685	2326	54.6009	303	7.1127	1618	37.9812	2229	52.3239	21843	36.4236	73880	10.3939	0.9832
EST1254206101S1K	stools_11047101	na	NZ_CP010238.1	4797106	862027	17.9697	858371	99.5759	856525	99.7849	3656	0.4241	860137	99.7807	5980	0.6937	4090	68.3946	605	10.1171	1627	27.2074	3451	57.7090	21843	63.6634	20962	76.1282	0.9978
EST1254206101S1K	stools_11049101	na	NZ_CP010238.1	4797106	1069703	22.2989	1067956	99.8367	1066646	99.8773	1747	0.1633	1068383	99.8766	3296	0.3081	1976	59.9515	279	8.4648	1560	47.3301	1338	40.5947	21843	36.4236	39718	21.2246	0.9905
EST1254206101S1K	stools_11049501	na	NZ_CP010238.1	4797106	850703	17.7337	849323	99.8378	847962	99.8398	1380	0.1622	849337	99.8394	2989	0.3514	1623	54.2991	284	9.5015	1354	45.2994	1262	42.2215	21843	36.4236	39313	21.1915	0.9905
EST1254206101S1K	stools_11106501	na	NZ_CP010238.1	4797106	1043642	21.7557	1039480	99.6012	1036622	99.7251	4162	0.3988	1040767	99.7245	7326	0.7020	4451	60.7562	393	5.3645	1564	21.3486	5206	71.0620	21843	63.6634	69007	19.3082	0.9865
EST1254206101S1K	stools_11112101	na	NZ_CP054227.1	4796742	450396	9.3896	449691	99.8435	446208	99.2255	705	0.1565	446909	99.2258	4239	0.9412	752	17.7400	54	1.2739	391	9.2239	3774	89.0304	44580	59.0556	107072	39.8480	0.9791
EST1254206101S1K	stools_12074501	na	NZ_CP010238.1	4797106	1489303	31.0459	1485625	99.7530	1484174	99.9023	3678	0.2470	1487843	99.9020	5530	0.3713	4070	73.5986	505	9.1320	1771	32.0253	3083	55.7505	21843	63.5764	16381	100.0000	0.9958
EST1254206101S1K	stools_12080101	na	NZ_CP010238.1	4797106	806415	16.8104	803331	99.6176	799939	99.5778	3084	0.3824	803012	99.5780	6760	0.8383	3357	49.6598	368	5.4438	1244	18.4024	5002	73.9941	21843	36.4236	53350	15.6926	0.9876
EST1254206101S1K	stools_12086502	na	NZ_CP054227.1	4796742	1423935	29.6855	1409014	98.9521	1398792	99.2745	14921	1.0479	1413627	99.2761	25259	1.7739	14951	59.1908	174	0.6889	1189	4.7072	23848	94.4139	44580	100.0000	96898	45.5644	0.9844
EST1254206101S1K	stools_12093101_SM-NAWYG	na	NZ_CP054227.1	4796742	2217594	46.2313	2211478	99.7242	2209779	99.9232	6116	0.2758	2215893	99.9233	7992	0.3604	6291	78.7162	198	2.4775	2153	26.9394	5618	70.2953	44580	100.0000	92911	61.3684	0.9872
EST1256804101S1K	stools_11030101	na	NZ_CP070930.1	4668053	1438595	30.8179	1435249	99.7674	1430215	99.6493	3346	0.2326	1433549	99.6492	8868	0.6164	3822	43.0988	517	5.8300	3305	37.2688	4908	55.3451	238356	85.8829	175176	89.9273	0.9707
EST1256804101S1K	stools_11053501	na	NZ_CP070930.1	4668053	2147942	46.0137	2145453	99.8841	2143318	99.9005	2489	0.1159	2145805	99.9005	6634	0.3089	4497	67.7872	2061	31.0672	3919	59.0745	510	7.6877	238356	84.5844	167767	100.0000	0.9794
EST1256804101S1K	stools_12117101	na	NZ_CP070930.1	4668053	1073749	23.0021	1071690	99.8082	1066080	99.4765	2059	0.1918	1068128	99.4765	8164	0.7603	2543	31.1489	502	6.1489	2093	25.6369	5410	66.2665	238356	61.1208	235559	73.5777	0.9533
EST1256805101S1K	stools_11001150	na	NZ_CP035751.1	5249232	1238575	23.5954	1231847	99.4568	1228341	99.7154	6728	0.5432	1235054	99.7157	10668	0.8613	7147	66.9948	535	5.0150	5252	49.2313	4461	41.8166	94629	51.7378	57667	86.6891	0.9895
EST1256805101S1K	stools_11007101	na	NZ_CP035751.1	5249232	4317475	82.2497	4293599	99.4470	4292407	99.9722	23876	0.5530	4316273	99.9722	27129	0.6284	25927	95.5693	2982	10.9919	17604	64.8900	5778	21.2982	94629	94.2428	85102	87.4797	0.9915
EST1256805101S1K	stools_11054102	na	NZ_CP035751.1	5249232	4063445	77.4103	4032349	99.2347	4028984	99.9165	31096	0.7653	4060027	99.9159	34990	0.8611	31572	90.2315	1308	3.7382	19063	54.4813	14303	40.8774	94629	57.4338	29994	100.0000	0.9875
EST1256805101S1K	stools_12093501	na	NZ_CP035751.1	5249232	1835725	34.9713	1826752	99.5112	1819735	99.6159	8973	0.4888	1828686	99.6166	16301	0.8880	9262	56.8186	340	2.0858	7759	47.5983	7610	46.6843	94629	86.6891	327803	19.1243	0.9422
EST1256808101S1K	stools_11001150	na	NZ_CP035751.1	5249232	788729	15.0256	785548	99.5967	782749	99.6437	3181	0.4033	785924	99.6444	6346	0.8046	3541	55.7989	439	6.9177	2387	37.6142	3288	51.8122	99938	33.8960	57667	57.0552	0.9833
EST1256808101S1K	stools_11007101	na	NZ_CP035751.1	5249232	2309570	43.9982	2300097	99.5898	2298328	99.9231	9473	0.4102	2307790	99.9229	12433	0.5383	10653	85.6833	1603	12.8931	6223	50.0523	4231	34.0304	99938	50.9606	85102	72.7315	0.9809
EST1256808101S1K	stools_11054102	na	NZ_CP035751.1	5249232	2380116	45.3422	2365107	99.3694	2362291	99.8809	15009	0.6306	2377279	99.8808	18125	0.7615	15288	84.3476	954	5.2634	7456	41.1366	9413	51.9338	99938	33.8960	29994	74.3149	0.9837
EST1256808101S1K	stools_12090150	na	NZ_CP022959.1	4746918	3918717	82.5529	3917991	99.9815	3911172	99.8260	726	0.0185	3911892	99.8258	9737	0.2485	2912	29.9065	2206	22.6558	3509	36.0378	3962	40.6902	170251	45.8417	149784	61.4859	0.9648
EST1256808101S1K	stools_12093501	na	NZ_CP035751.1	5249232	958477	18.2594	955765	99.7171	951177	99.5200	2712	0.2829	953876	99.5200	7548	0.7875	2947	39.0435	268	3.5506	2159	28.6036	4752	62.9571	99938	45.0779	327803	11.7043	0.9352
EST1256810101S1K	stools_12099101	na	CP103704.1	4796534	773039	16.1166	768565	99.4212	766745	99.7632	4474	0.5788	771210	99.7634	6428	0.8315	4599	71.5464	173	2.6914	839	13.0523	5346	83.1674	137766	56.8863	85104	92.7829	0.9835
EST1256810101S1K	stools_12099150	na	CP103704.1	4796534	468396	9.7653	464351	99.1364	462864	99.6798	4045	0.8636	466890	99.6785	5670	1.2105	4164	73.4392	165	2.9101	596	10.5115	4849	85.5203	137766	32.7011	51492	67.3444	0.9740
EST1256810101S1K	stools_12120501	na	NZ_AP021895.1	4557772	201323	4.4171	201076	99.8773	200473	99.7001	247	0.1227	200720	99.7005	896	0.4451	293	32.7009	46	5.1339	392	43.7500	446	49.7768	67451	100.0000	148911	55.6326	0.9821
EST1350502101S1K	stools_11054101	na	NZ_CP024131.1	5084741	738928	14.5323	737343	99.7855	735855	99.7982	1585	0.2145	737438	99.7984	3448	0.4666	1958	56.7865	386	11.1949	752	21.8097	2270	65.8353	108875	86.0372	203566	56.4628	0.9662
EST1350502101S1K	stools_11107101	na	NZ_CP024131.1	5084741	211713	4.1637	211533	99.9150	210165	99.3533	180	0.0850	210345	99.3538	1643	0.7761	275	16.7377	95	5.7821	248	15.0943	1294	78.7584	108875	59.7869	194428	53.4969	0.9699
EST1350507101S1K	stools_11006101	na	NZ_CP071441.1	4828326	661561	13.7017	658282	99.5044	654714	99.4580	3279	0.4956	657953	99.4546	6991	1.0567	3383	48.3908	245	3.5045	1891	27.0491	4595	65.7274	37212	22.0305	58364	11.9886	0.9842
EST1350507101S1K	stools_11007150	na	NZ_LR134231.1	4594692	1169305	25.4490	1165884	99.7074	1159794	99.4776	3421	0.2926	1163178	99.4760	9687	0.8284	3560	36.7503	216	2.2298	945	9.7553	8343	86.1257	39446	57.2834	54887	59.8666	0.9904
EST1350507101S1K	stools_11024150	na	NZ_CP071441.1	4828326	456444	9.4535	453899	99.4424	446094	98.2805	2545	0.5576	448576	98.2762	10499	2.3002	2631	25.0595	194	1.8478	1253	11.9345	8738	83.2270	37212	57.8819	208657	13.8869	0.9594
EST1350507101S1K	stools_11038101	na	NZ_LR134231.1	4594692	2151109	46.8173	2145252	99.7277	2142497	99.8716	5857	0.2723	2148338	99.8712	8822	0.4101	6051	68.5899	293	3.3212	3054	34.6180	5278	59.8277	39446	31.9221	28166	46.3005	0.9907
EST1350507101S1K	stools_11038501	na	NZ_LR134231.1	4594692	465721	10.1361	465423	99.9360	464674	99.8391	298	0.0640	464971	99.8390	1235	0.2652	485	39.2713	188	15.2227	245	19.8381	742	60.0810	39446	68.0779	162476	22.4236	0.9679
EST1350507101S1K	stools_11044501	na	NZ_LR134231.1	4594692	2106838	45.8537	2098542	99.6062	2095112	99.8366	8296	0.3938	2103393	99.8365	11995	0.5693	8550	71.2797	381	3.1763	2764	23.0429	8634	71.9800	39446	70.7169	49308	57.2179	0.9915
EST1350507101S1K	stools_11107501	na	NZ_LR134231.1	4594692	557064	12.1241	556347	99.8713	554493	99.6668	717	0.1287	555202	99.6657	2850	0.5116	988	34.6667	282	9.8947	1144	40.1404	1326	46.5263	39446	100.0000	157531	31.7531	0.9741
EST1350507101S1K	stools_12058101	na	NZ_CP098201.1	5160718	3577360	69.3190	3569099	99.7691	3565943	99.9116	8261	0.2309	3574184	99.9112	12417	0.3471	9241	74.4222	1158	9.3259	7477	60.2158	3586	28.8798	81058	55.5047	36083	81.9499	0.9846
EST1350507101S1K	stools_12058150	na	NZ_LR134231.1	4594692	416165	9.0575	415060	99.7345	413551	99.6364	1105	0.2655	414648	99.6355	2723	0.6543	1206	44.2894	119	4.3702	1471	54.0213	1059	38.8909	39446	100.0000	118020	43.4359	0.9816
EST1350507101S1K	stools_12060501	na	NZ_LR134231.1	4594692	1618244	35.2199	1614384	99.7615	1607497	99.5734	3860	0.2385	1611341	99.5734	11033	0.6818	4130	37.4332	302	2.7372	1371	12.4264	9221	83.5765	39446	86.5664	68981	53.1929	0.9896
EST1350507101S1K	stools_12062101	na	NZ_LR134231.1	4594692	1613903	35.1254	1610610	99.7960	1606263	99.7301	3293	0.2040	1609547	99.7301	7802	0.4834	3446	44.1682	178	2.2815	1550	19.8667	5996	76.8521	39446	86.5664	60817	67.4039	0.9942
EST1350507101S1K	stools_12072101	na	NZ_LR134231.1	4594692	1057123	23.0075	1052024	99.5177	1049696	99.7787	5099	0.4823	1054782	99.7785	7536	0.7129	5195	68.9358	166	2.2028	2549	33.8243	4730	62.7654	39446	70.7169	30305	100.0000	0.9969
EST1350507101S1K	stools_12084101	na	NZ_LR134231.1	4594692	1908222	41.5310	1899151	99.5246	1896055	99.8370	9071	0.4754	1905107	99.8368	12575	0.6590	9460	75.2286	604	4.8032	2364	18.7992	9241	73.4871	39446	100.0000	45884	82.3555	0.9964
EST1350507101S1K	stools_12084102	na	NZ_LR134231.1	4594692	3518953	76.5874	3514127	99.8629	3508938	99.8523	4826	0.1371	3513731	99.8516	10769	0.3060	5547	51.5090	879	8.1623	2687	24.9512	6844	63.5528	39446	70.7169	44020	72.6465	0.9939
EST1350507101S1K	stools_12092150	na	NZ_CP071441.1	4828326	1246714	25.8208	1236966	99.2181	1227482	99.2333	9748	0.7819	1237149	99.2328	19404	1.5564	9839	50.7060	363	1.8707	2967	15.2907	15875	81.8130	37212	82.7583	38498	83.9680	0.9970
EST1350507101S1K	stools_12098150	na	NZ_LR134231.1	4594692	482813	10.5081	481273	99.6810	479203	99.5699	1540	0.3190	480730	99.5686	3772	0.7813	1689	44.7773	170	4.5069	1641	43.5048	1891	50.1326	39446	100.0000	97381	45.3107	0.9873
EST1350507101S1K	stools_12114501	na	NZ_CP098201.1	5160718	2951493	57.1915	2940604	99.6311	2937184	99.8837	10889	0.3689	2948042	99.8831	14975	0.5074	11524	76.9549	905	6.0434	6494	43.3656	7391	49.3556	81058	62.4479	108296	53.4360	0.9806
EST1350510101S1K	stools_11001501	na	NZ_CP039403.1	4702395	1216963	25.8796	1215200	99.8551	1204493	99.1189	1763	0.1449	1206234	99.1184	17678	1.4526	6949	39.3087	5218	29.5169	6469	36.5935	5659	32.0115	105094	60.6657	279218	24.3480	0.9486
EST1350510101S1K	stools_11017501	na	NZ_LR134216.1	4647667	1308584	28.1557	1292261	98.7526	1288978	99.7459	16323	1.2474	1305246	99.7449	19830	1.5154	16492	83.1669	1075	5.4211	10355	52.2189	7657	38.6132	46147	39.7339	22132	100.0000	0.9932
EST1350510101S1K	stools_11020501	na	NZ_LR134216.1	4647667	1904923	40.9866	1888721	99.1495	1884028	99.7515	16202	0.8505	1900179	99.7510	21270	1.1166	16526	77.6963	843	3.9633	12631	59.3841	7048	33.1359	46147	18.2764	26544	37.8353	0.9887
EST1350510101S1K	stools_11041102	na	NZ_LR134216.1	4647667	888705	19.1215	878910	98.8978	875827	99.6492	9795	1.1022	885569	99.6471	13026	1.4657	9890	75.9251	366	2.8098	8095	62.1449	4266	32.7499	46147	39.7339	20532	63.8662	0.9910
EST1350510101S1K	stools_11042150	na	NZ_LR134216.1	4647667	1089832	23.4490	1079129	99.0179	1076274	99.7354	10703	0.9821	1086946	99.7352	13775	1.2640	10889	79.0490	538	3.9056	8227	59.7241	4557	33.0817	46147	89.0805	45123	100.0000	0.9990
EST1350510101S1K	stools_11113501	na	NZ_LR134216.1	4647667	899850	19.3613	893048	99.2441	889598	99.6137	6802	0.7559	896346	99.6106	10391	1.1547	6887	66.2785	158	1.5205	6266	60.3022	3887	37.4074	46147	89.0805	119770	53.5226	0.9809
EST1350510101S1K	stools_12070101	na	NZ_CP039403.1	4702395	2717977	57.7998	2709949	99.7046	2681303	98.9429	8028	0.2954	2689222	98.9420	37166	1.3674	8411	22.6309	627	1.6870	31981	86.0491	3568	9.6002	105094	11.9265	23689	53.3454	0.9778
EST1350510101S1K	stools_12117150	na	NZ_CP039403.1	4702395	2112330	44.9203	2108638	99.8252	2107070	99.9256	3692	0.1748	2110749	99.9252	19128	0.9055	17547	91.7346	13996	73.1702	2085	10.9003	2044	10.6859	105094	90.9662	201591	49.2333	0.9745
EST1350510101S1K	stools_12117150	na	NZ_LR134216.1	4647667	1875307	40.3494	1859614	99.1632	1856623	99.8392	15693	0.8368	1872285	99.8389	19070	1.0169	16048	84.1531	1500	7.8658	11918	62.4961	4296	22.5275	46147	100.0000	106136	48.4143	0.9859
EST1350511101S1K	stools_11030101	na	NZ_CP070930.1	4668053	518307	11.1033	517547	99.8534	515909	99.6835	760	0.1466	516664	99.6830	2551	0.4922	908	35.5939	154	6.0368	573	22.4618	1818	71.2662	264927	87.3531	175176	82.5438	0.9608
EST1350511101S1K	stools_11053501	na	NZ_CP070930.1	4668053	754141	16.1554	753959	99.9759	753624	99.9556	182	0.0241	753805	99.9554	1283	0.1701	947	73.8114	766	59.7038	382	29.7740	105	8.1839	264927	81.3069	167767	92.6469	0.9581
EST1350511101S1K	stools_12117101	na	NZ_CP070930.1	4668053	388061	8.3131	387633	99.8897	385721	99.5067	428	0.1103	386147	99.5068	2483	0.6398	569	22.9158	143	5.7592	325	13.0890	2012	81.0310	264927	68.0184	235559	54.9463	0.9473
EST1350804101S1K	stools_11002150	na	NZ_CP049845.1	5016451	1317374	26.2611	1311968	99.5896	1305849	99.5336	5406	0.4104	1311224	99.5332	11906	0.9038	5756	48.3454	487	4.0904	3673	30.8500	6486	54.4767	18827	72.0402	191014	24.0480	0.9635
EST1350807101S1K	stools_11016501	na	NZ_CP070103.1	4710693	1828713	38.8205	1826107	99.8575	1819802	99.6547	2606	0.1425	1822394	99.6545	9871	0.5398	3552	35.9842	989	10.0192	3379	34.2316	5290	53.5913	107462	85.3009	208569	41.2367	0.9686
EST1350807101S1K	stools_11048102	na	NZ_CP027126.1	4877957	398533	8.1701	397438	99.7252	395037	99.3959	1095	0.2748	396127	99.3963	3687	0.9251	1281	34.7437	203	5.5058	1907	51.7223	1478	40.0868	124959	70.6400	117442	75.1103	0.9798
EST1350807101S1K	stools_12079101	na	NZ_CP027126.1	4877957	636528	13.0491	634433	99.6709	631034	99.4642	2095	0.3291	633120	99.4646	5717	0.8982	2309	40.3883	255	4.4604	3377	59.0694	1915	33.4966	124959	63.3400	78126	78.4886	0.9792
EST1350807101S1K	stools_12116150	na	NZ_CP027126.1	4877957	171990	3.5259	171817	99.8994	170845	99.4343	173	0.1006	171015	99.4331	1214	0.7059	239	19.6870	70	5.7661	910	74.9588	229	18.8633	124959	66.8475	153421	86.5397	0.9789
EST1356602101S1K	stools_11026101	na	NZ_CP075716.1	4870208	838656	17.2201	837236	99.8307	835702	99.8168	1420	0.1693	837120	99.8168	3284	0.3916	1748	53.2278	334	10.1705	1269	38.6419	1643	50.0305	179910	60.2946	202364	69.6883	0.9677
EST1356602101S1K	stools_11039150	na	NZ_CP075716.1	4870208	1826855	37.5108	1821402	99.7015	1816809	99.7478	5453	0.2985	1822251	99.7480	10945	0.5991	6341	57.9351	965	8.8168	2304	21.0507	7486	68.3965	179910	77.9634	162260	84.5951	0.9808
EST1356602101S1K	stools_12071150	na	NZ_CP075716.1	4870208	1509959	31.0040	1506840	99.7934	1504637	99.8538	3119	0.2066	1507752	99.8538	5690	0.3768	3483	61.2127	405	7.1178	2464	43.3040	2718	47.7680	179910	56.2009	167391	62.6748	0.9675
EST1356604101S1K	stools_12090501	na	NZ_CP019267.1	4740860	665054	14.0281	661827	99.5148	659654	99.6717	3227	0.4852	662871	99.6718	5486	0.8249	3303	60.2078	95	1.7317	568	10.3536	4778	87.0944	191583	60.7340	78812	72.2961	0.9662
EST1356611101S1K	stools_11030101	na	NZ_CP070930.1	4668053	2575762	55.1785	2570521	99.7965	2562948	99.7054	5241	0.2035	2568169	99.7052	13768	0.5345	6175	44.8504	984	7.1470	3491	25.3559	9068	65.8629	219284	81.7670	175176	77.2006	0.9648
EST1356611101S1K	stools_11053501	na	NZ_CP070930.1	4668053	3913832	83.8429	3910479	99.9143	3910331	99.9962	3353	0.0857	3913684	99.9962	8743	0.2234	8595	98.3072	5516	63.0905	2218	25.3689	494	5.6502	219284	74.1039	167767	89.2613	0.9748
EST1356611101S1K	stools_12117101	na	NZ_CP070930.1	4668053	1844357	39.5102	1841557	99.8482	1833080	99.5397	2800	0.1518	1835867	99.5397	12060	0.6539	3570	29.6020	795	6.5920	1719	14.2537	9213	76.3930	219284	66.8904	235559	75.3230	0.9595
EST1356618101S1K	stools_11030101	na	NZ_CP070930.1	4668053	2608916	55.8887	2598103	99.5855	2590682	99.7144	10813	0.4145	2601474	99.7147	19183	0.7353	11741	61.2052	1065	5.5518	8917	46.4839	8804	45.8948	163287	89.2772	175176	79.2985	0.9735
EST1356618101S1K	stools_11053501	na	NZ_CP070930.1	4668053	3933191	84.2576	3921527	99.7034	3921337	99.9952	11664	0.2966	3933001	99.9952	16776	0.4265	16586	98.8674	5165	30.7880	10584	63.0901	476	2.8374	163287	82.1988	167767	79.1592	0.9799
EST1356618101S1K	stools_12117101	na	NZ_CP070930.1	4668053	1878595	40.2437	1871514	99.6231	1863263	99.5591	7081	0.3769	1870319	99.5595	16131	0.8587	7855	48.6951	828	5.1330	5631	34.9079	9030	55.9792	163287	67.2093	235559	76.1194	0.9577
EST1356803101S1K	stools_11002150	na	NZ_CP016628.1	4867152	1541912	31.6800	1539572	99.8482	1532993	99.5727	2340	0.1518	1535320	99.5725	9710	0.6297	3118	32.1112	810	8.3419	3891	40.0721	4898	50.4428	247695	61.3936	173140	92.8953	0.9681
EST1356803101S1K	stools_11020101	na	NZ_CP024147.1	4639454	474571	10.2290	473718	99.8203	472077	99.6536	853	0.1797	472929	99.6540	2536	0.5344	894	35.2524	45	1.7744	1189	46.8849	1279	50.4338	112988	84.5594	173478	78.9518	0.9713
EST1356803101S1K	stools_11022150	na	NZ_CP016628.1	4867152	621159	12.7623	620473	99.8896	617514	99.5231	686	0.1104	618197	99.5231	4034	0.6494	1072	26.5741	389	9.6430	1385	34.3332	2233	55.3545	247695	65.6416	238219	78.4778	0.9605
EST1356803101S1K	stools_11028150	na	NZ_CP016628.1	4867152	1167703	23.9915	1166368	99.8857	1161494	99.5821	1335	0.1143	1162823	99.5821	6845	0.5862	1965	28.7071	637	9.3061	2778	40.5844	3357	49.0431	247695	63.9020	235182	76.5050	0.9581
EST1356803101S1K	stools_11047150	na	NZ_CP016628.1	4867152	2144148	44.0534	2138815	99.7513	2129373	99.5585	5333	0.2487	2134686	99.5587	15927	0.7428	6465	40.5914	1201	7.5407	4703	29.5285	9804	61.5558	247695	50.4818	135242	83.2101	0.9621
EST1356803101S1K	stools_11053101	na	NZ_CP024147.1	4639454	1693987	36.5126	1691214	99.8363	1688598	99.8453	2773	0.1637	1691361	99.8450	5756	0.3398	3130	54.3780	397	6.8972	4054	70.4309	1188	20.6393	112988	62.5668	91107	82.8158	0.9829
EST1356803101S1K	stools_12067101	na	NZ_CP016628.1	4867152	473176	9.7218	472412	99.8385	470379	99.5697	764	0.1615	471137	99.5691	3502	0.7401	1463	41.7761	707	20.1885	469	13.3923	2311	65.9909	247695	84.6081	338079	88.3832	0.9473
EST1356803101S1K	stools_12081101	na	NZ_CP024147.1	4639454	1659793	35.7756	1657562	99.8656	1654573	99.8197	2231	0.1344	1656801	99.8197	5371	0.3236	2379	44.2934	164	3.0534	4327	80.5623	844	15.7140	112988	48.1883	89014	69.3947	0.9806
EST1357102101S1K	stools_11020101	na	NZ_CP024147.1	4639454	154871	3.3381	154690	99.8831	153699	99.3594	181	0.1169	153879	99.3595	1205	0.7781	213	17.6763	34	2.8216	785	65.1452	381	31.6183	53210	100.0000	173478	25.0043	0.9817
EST1357102101S1K	stools_11023101	na	NZ_CP087377.1	5230678	143774	2.7487	143555	99.8477	142696	99.4016	219	0.1523	142912	99.4004	1131	0.7867	269	23.7843	54	4.7745	752	66.4898	312	27.5862	20582	0.0000	24986	0.0000	0.9961
EST1357102101S1K	stools_11053101	na	NZ_CP024147.1	4639454	531719	11.4608	531013	99.8672	528539	99.5341	706	0.1328	529242	99.5342	3235	0.6084	758	23.4312	56	1.7311	2652	81.9784	492	15.2087	53210	100.0000	91107	52.3626	0.9886
EST1357102101S1K	stools_12081101	na	NZ_CP024147.1	4639454	522665	11.2657	522136	99.8988	519801	99.5528	529	0.1012	520328	99.5529	2926	0.5598	589	20.1299	64	2.1873	2579	88.1408	242	8.2707	53210	100.0000	89014	58.5447	0.9932
EST1357102101S1K	stools_12092101	na	NZ_CP087377.1	5230678	276683	5.2896	273087	98.7003	270014	98.8747	3596	1.2997	273589	98.8818	6769	2.4465	3675	54.2916	117	1.7285	1337	19.7518	5183	76.5697	20582	100.0000	95021	30.7869	0.9961
EST1357104101S1K	stools_11018101	na	NZ_CP073981.1	4774884	1223972	25.6335	1216177	99.3631	1214900	99.8950	7795	0.6369	1222674	99.8940	9485	0.7749	8187	86.3152	483	5.0923	2001	21.0965	6874	72.4723	165501	73.8823	91823	87.3398	0.9791
EST1357104101S1K	stools_11021501	na	NZ_CP073981.1	4774884	1242958	26.0312	1238534	99.6441	1237182	99.8908	4424	0.3559	1241599	99.8907	6052	0.4869	4693	77.5446	358	5.9154	2015	33.2948	3611	59.6662	165501	79.8817	98317	87.0633	0.9797
EST1357104101S1K	stools_11027501	na	NZ_CP073981.1	4774884	1545806	32.3737	1533816	99.2244	1531906	99.8755	11990	0.7756	1543887	99.8759	14638	0.9469	12719	86.8903	798	5.4516	2431	16.6075	11359	77.5994	165501	93.2158	231623	62.1743	0.9722
EST1357104101S1K	stools_11041102	na	NZ_CP073981.1	4774884	1042783	21.8389	1041084	99.8371	1039900	99.8863	1699	0.1629	1041594	99.8860	3217	0.3085	2028	63.0401	364	11.3149	1748	54.3363	1049	32.6080	165501	65.0830	46091	100.0000	0.9747
EST1357104101S1K	stools_11048102	na	NZ_CP073981.1	4774884	787703	16.4968	785425	99.7108	783982	99.8163	2278	0.2892	786250	99.8155	4030	0.5116	2577	63.9454	329	8.1638	1234	30.6203	2334	57.9156	165501	93.1161	162793	86.2285	0.9828
EST1357104101S1K	stools_11110101	na	NZ_CP073981.1	4774884	194852	4.0808	194577	99.8589	193943	99.6742	275	0.1411	194218	99.6746	974	0.4999	340	34.9076	68	6.9815	346	35.5236	552	56.6735	165501	75.1125	252737	43.1670	0.9448
EST1357104101S1K	stools_12061101	na	NZ_CP073981.1	4774884	902200	18.8947	898259	99.5632	894635	99.5966	3941	0.4368	898565	99.5971	7849	0.8700	4214	53.6884	322	4.1024	1322	16.8429	6124	78.0227	165501	96.9082	163125	100.0000	0.9910
EST1357104101S1K	stools_12120501	na	NZ_AP021895.1	4557772	360811	7.9164	360229	99.8387	359528	99.8054	582	0.1613	360110	99.8057	1387	0.3844	686	49.4593	108	7.7866	485	34.9676	765	55.1550	91654	85.4180	148911	67.1898	0.9798
EST1357108101S1K	stools_12080501	na	NZ_CP062871.1	4987664	226467	4.5405	226030	99.8070	225104	99.5903	437	0.1930	225540	99.5907	1561	0.6893	634	40.6150	202	12.9404	495	31.7104	829	53.1070	202053	65.6580	197207	91.6032	0.9734
EST1358301101S1K	stools_11007150	na	NZ_LR134231.1	4594692	1199197	26.0996	1189747	99.2120	1184182	99.5323	9450	0.7880	1193508	99.5256	15261	1.2726	9572	62.7220	548	3.5909	6452	42.2777	7634	50.0229	55154	26.4568	54887	35.5731	0.9859
EST1358301101S1K	stools_11038101	na	NZ_LR134231.1	4594692	2213151	48.1676	2197632	99.2988	2194028	99.8360	15519	0.7012	2209506	99.8353	19285	0.8714	15640	81.0993	323	1.6749	13164	68.2603	5640	29.2455	55154	37.2575	28166	70.1023	0.9904
EST1358301101S1K	stools_11038501	na	NZ_LR134231.1	4594692	487628	10.6129	484688	99.3971	483713	99.7988	2940	0.6029	486645	99.7984	4033	0.8271	3050	75.6261	122	3.0250	2938	72.8490	871	21.5968	55154	66.6842	162476	41.6443	0.9646
EST1358301101S1K	stools_11044501	na	NZ_LR134231.1	4594692	2179605	47.4375	2161803	99.1832	2157823	99.8159	17802	0.8168	2175589	99.8157	22000	1.0094	17984	81.7455	646	2.9364	12195	55.4318	8932	40.6000	55154	37.2575	49308	45.8120	0.9860
EST1358301101S1K	stools_11107501	na	NZ_LR134231.1	4594692	590564	12.8532	588128	99.5875	585862	99.6147	2436	0.4125	588290	99.6149	5029	0.8516	2755	54.7823	330	6.5619	3007	59.7932	1597	31.7558	55154	100.0000	157531	48.4825	0.9741
EST1358301101S1K	stools_12058150	na	NZ_LR134231.1	4594692	444275	9.6693	442004	99.4888	439592	99.4543	2271	0.5112	441845	99.4530	4755	1.0703	2325	48.8959	84	1.7666	3331	70.0526	1310	27.5499	55154	69.2824	118020	45.3457	0.9798
EST1358301101S1K	stools_12060501	na	NZ_LR134231.1	4594692	1691517	36.8146	1679540	99.2919	1672079	99.5558	11977	0.7081	1684010	99.5562	19670	1.1629	12163	61.8353	365	1.8556	9614	48.8765	9390	47.7377	55154	58.4817	68981	55.0731	0.9865
EST1358301101S1K	stools_12062101	na	NZ_LR134231.1	4594692	1677357	36.5064	1666655	99.3620	1661615	99.6976	10702	0.6380	1672290	99.6979	15866	0.9459	10799	68.0638	213	1.3425	9412	59.3218	6119	38.5667	55154	27.9164	60817	33.4084	0.9838
EST1358301101S1K	stools_12072101	na	NZ_LR134231.1	4594692	1074395	23.3834	1065101	99.1350	1062389	99.7454	9294	0.8650	1071658	99.7453	12114	1.1275	9377	77.4063	236	1.9482	6992	57.7183	4732	39.0622	55154	24.1814	30305	44.1841	0.9870
EST1358301101S1K	stools_12084101	na	NZ_LR134231.1	4594692	1977414	43.0369	1959975	99.1181	1956249	99.8099	17439	0.8819	1973649	99.8096	21496	1.0871	17731	82.4851	681	3.1680	10815	50.3117	9736	45.2921	55154	60.3003	45884	62.0303	0.9885
EST1358301101S1K	stools_12084102	na	NZ_LR134231.1	4594692	3620140	78.7896	3601493	99.4849	3595477	99.8330	18647	0.5151	3614085	99.8327	25410	0.7019	19355	76.1708	975	3.8371	16705	65.7418	7382	29.0516	55154	45.7646	44020	59.2731	0.9890
EST1358301101S1K	stools_12098150	na	NZ_LR134231.1	4594692	522432	11.3703	519215	99.3842	516102	99.4004	3217	0.6158	519299	99.4003	6395	1.2241	3262	51.0086	76	1.1884	3858	60.3284	2367	37.0133	55154	69.2824	97381	47.5575	0.9838
EST1358301201S1K	stools_11015501	na	NZ_CP076276.1	4860798	760963	15.6551	759416	99.7967	756967	99.6775	1547	0.2033	758502	99.6766	4230	0.5559	1769	41.8203	244	5.7683	2069	48.9125	1858	43.9243	141747	31.4709	71299	100.0000	0.9718
EST1358301201S1K	stools_11030101	na	NZ_CP070930.1	4668053	2311047	49.5077	2304698	99.7253	2298219	99.7189	6349	0.2747	2304549	99.7188	13504	0.5843	7006	51.8809	758	5.6132	4283	31.7165	8251	61.1004	88147	100.0000	175176	48.5455	0.9730
EST1358301201S1K	stools_11053501	na	NZ_CP070930.1	4668053	3456846	74.0533	3451321	99.8402	3450550	99.9777	5525	0.1598	3456073	99.9776	9175	0.2654	8402	91.5749	3024	32.9591	4511	49.1662	916	9.9837	88147	77.1802	167767	41.0611	0.9715
EST1358301201S1K	stools_12117101	na	NZ_CP070930.1	4668053	1653888	35.4299	1650379	99.7878	1642506	99.5230	3509	0.2122	1645999	99.5230	11934	0.7216	4045	33.8948	555	4.6506	2601	21.7949	8543	71.5854	88147	82.9092	235559	51.7267	0.9603
EST1358302101S1K	stools_11021150	na	NZ_CP011018.1	4885378	2678028	54.8172	2664843	99.5077	2660705	99.8447	13185	0.4923	2673850	99.8440	20995	0.7840	16817	80.1000	3770	17.9567	13378	63.7199	2746	13.0793	171992	92.9805	174871	91.9032	0.9887
EST1358302101S1K	stools_11048102	na	NZ_CP027126.1	4877957	1405902	28.8215	1396127	99.3047	1393282	99.7962	9775	0.6953	1403037	99.7962	13041	0.9276	10176	78.0308	633	4.8539	7450	57.1275	4557	34.9436	88054	92.1616	117442	77.5779	0.9889
EST1358302101S1K	stools_12079101	na	NZ_CP027126.1	4877957	2492424	51.0957	2474061	99.2632	2472631	99.9422	18363	0.7368	2490971	99.9417	20659	0.8289	19206	92.9667	1321	6.3943	13160	63.7011	5594	27.0778	88054	69.2382	78126	77.1600	0.9883
EST1358302101S1K	stools_12116150	na	NZ_CP027126.1	4877957	591266	12.1212	588139	99.4711	587450	99.8829	3127	0.5289	590564	99.8813	3939	0.6662	3237	82.1782	137	3.4780	3268	82.9652	459	11.6527	88054	100.0000	153421	79.5589	0.9823
EST1358303101S1K	stools_11030101	na	NZ_CP070930.1	4668053	2188601	46.8847	2176268	99.4365	2168985	99.6653	12333	0.5635	2181280	99.6655	20406	0.9324	13085	64.1233	876	4.2929	11882	58.2280	7189	35.2298	168656	84.3379	175176	73.1556	0.9773
EST1358303101S1K	stools_11053501	na	NZ_CP070930.1	4668053	3272331	70.1006	3258352	99.5728	3255505	99.9126	13979	0.4272	3269472	99.9126	20177	0.6166	17318	85.8304	3482	17.2573	15552	77.0779	656	3.2512	168656	76.8523	167767	84.7002	0.9746
EST1358303101S1K	stools_12117101	na	NZ_CP070930.1	4668053	1599499	34.2648	1590667	99.4478	1582846	99.5083	8832	0.5522	1591631	99.5081	17434	1.0900	9566	54.8698	831	4.7665	8530	48.9274	7462	42.8014	168656	68.1007	235559	65.2822	0.9578
EST1358401101S1K	stools_11011101	na	NZ_LR134236.1	4757340	1288941	27.0937	1281329	99.4094	1277368	99.6909	7612	0.5906	1284951	99.6904	11951	0.9272	7961	66.6137	654	5.4723	3604	30.1565	7392	61.8526	68509	53.1288	68024	54.0280	0.9865
EST1358401101S1K	stools_11011150	na	NZ_LR134236.1	4757340	971918	20.4299	969000	99.6998	967182	99.8124	2918	0.3002	970087	99.8116	4968	0.5112	3137	63.1441	290	5.8374	2612	52.5765	1927	38.7882	68509	83.4445	103201	57.7456	0.9864
EST1358401101S1K	stools_11018101	na	NZ_CP073981.1	4774884	2228912	46.6799	2212227	99.2514	2210389	99.9169	16685	0.7486	2227051	99.9165	19221	0.8623	17360	90.3179	1064	5.5356	5617	29.2232	12277	63.8728	115922	85.3255	91823	87.3398	0.9848
EST1358401101S1K	stools_11018101	na	NZ_LR134236.1	4757340	1515824	31.8628	1499790	98.9422	1493091	99.5533	16034	1.0578	1509045	99.5528	23224	1.5321	16445	70.8104	800	3.4447	3983	17.1504	18069	77.8031	68509	61.6853	43894	88.0986	0.9924
EST1358401101S1K	stools_11021501	na	NZ_CP073981.1	4774884	1944428	40.7220	1935833	99.5580	1934164	99.9138	8595	0.4420	1942751	99.9138	10696	0.5501	9019	84.3212	640	5.9835	4851	45.3534	5036	47.0830	115922	77.2390	98317	74.9331	0.9824
EST1358401101S1K	stools_11027501	na	NZ_CP073981.1	4774884	2342709	49.0632	2322741	99.1477	2320254	99.8929	19968	0.8523	2340197	99.8928	23251	0.9925	20739	89.1962	907	3.9009	5602	24.0936	16487	70.9088	115922	100.0000	231623	52.8998	0.9685
EST1358401101S1K	stools_11038150	na	NZ_LR134236.1	4757340	735980	15.4704	733488	99.6614	730570	99.6022	2492	0.3386	733048	99.6016	5647	0.7673	2715	48.0786	294	5.2063	1880	33.2920	3284	58.1548	68509	91.4435	148989	46.5994	0.9775
EST1358401101S1K	stools_11041102	na	NZ_CP073981.1	4774884	1452235	30.4140	1447672	99.6858	1446134	99.8938	4563	0.3142	1450681	99.8930	6533	0.4499	4979	76.2131	511	7.8218	4278	65.4829	1577	24.1390	115922	48.4239	46091	86.5917	0.9816
EST1358401101S1K	stools_11048102	na	NZ_CP073981.1	4774884	1232770	25.8178	1227460	99.5693	1225108	99.8084	5310	0.4307	1230399	99.8077	7971	0.6466	5600	70.2547	433	5.4322	3257	40.8606	4090	51.3110	115922	100.0000	162793	69.2849	0.9812
EST1358401101S1K	stools_11110101	na	NZ_CP073981.1	4774884	293370	6.1440	292712	99.7757	291880	99.7158	658	0.2243	292536	99.7157	1568	0.5345	734	46.8112	82	5.2296	655	41.7730	776	49.4898	115922	64.6530	252737	32.2193	0.9433
EST1358401101S1K	stools_12061101	na	NZ_CP073981.1	4774884	1338797	28.0383	1331437	99.4503	1326563	99.6339	7360	0.5497	1333900	99.6342	12584	0.9399	7687	61.0855	489	3.8859	3044	24.1894	8765	69.6519	115922	100.0000	163125	81.0323	0.9879
EST1358401101S1K	stools_12064150	na	NZ_LR134236.1	4757340	579564	12.1825	577014	99.5600	573482	99.3879	2550	0.4400	576015	99.3876	6278	1.0832	2729	43.4693	217	3.4565	1708	27.2061	4255	67.7764	68509	53.1288	111498	34.6275	0.9785
EST1358401101S1K	stools_12090501	na	NZ_CP019267.1	4740860	1783212	37.6137	1771003	99.3153	1765661	99.6984	12209	0.6847	1777850	99.6993	17788	0.9975	12426	69.8561	599	3.3674	5058	28.4349	11743	66.0164	99059	94.9242	78812	63.1325	0.9825
EST1358401101S1K	stools_12111102	na	NZ_LR134236.1	4757340	1448729	30.4525	1440702	99.4459	1435680	99.6514	8027	0.5541	1443668	99.6507	13415	0.9260	8354	62.2736	606	4.5173	3665	27.3202	8755	65.2628	68509	50.7977	49367	58.6060	0.9869
EST1359004101S1K	stools_11020101	na	NZ_CP024147.1	4639454	173149	3.7321	172928	99.8724	172066	99.5015	221	0.1276	172287	99.5022	1118	0.6457	256	22.8980	36	3.2200	632	56.5295	448	40.0716	110919	46.3149	173478	28.1949	0.9637
EST1359004101S1K	stools_11053101	na	NZ_CP024147.1	4639454	618999	13.3421	618158	99.8641	615949	99.6426	841	0.1359	616787	99.6426	3118	0.5037	906	29.0571	77	2.4695	2491	79.8910	490	15.7152	110919	46.3149	91107	42.6444	0.9828
EST1359004101S1K	stools_12081101	na	NZ_CP024147.1	4639454	609754	13.1428	609028	99.8809	606882	99.6476	726	0.1191	607605	99.6476	2925	0.4797	776	26.5299	53	1.8120	2502	85.5385	359	12.2735	110919	26.8466	89014	28.9224	0.9782
EST1359005101S1K	stools_11030101	na	NZ_CP070930.1	4668053	1088447	23.3169	1086547	99.8254	1082690	99.6450	1900	0.1746	1084585	99.6452	6115	0.5618	2253	36.8438	360	5.8872	1739	28.4383	3975	65.0041	234928	82.2184	175176	86.6431	0.9678
EST1359005101S1K	stools_11053501	na	NZ_CP070930.1	4668053	1625234	34.8161	1624427	99.9503	1623393	99.9363	807	0.0497	1624199	99.9363	3487	0.2146	2452	70.3183	1655	47.4620	1580	45.3112	206	5.9077	234928	80.5915	167767	100.0000	0.9657
EST1359005101S1K	stools_12117101	na	NZ_CP070930.1	4668053	794273	17.0151	793333	99.8817	789173	99.4756	940	0.1183	790104	99.4751	5437	0.6845	1268	23.3217	344	6.3270	985	18.1166	4086	75.1517	234928	72.4528	235559	76.6976	0.9576
EST1359006101S1K	stools_11020101	na	NZ_CP038383.1	5571128	1076005	19.3140	1072050	99.6324	1067932	99.6159	3955	0.3676	1071872	99.6159	8504	0.7903	4371	51.3993	519	6.1030	5935	69.7907	1912	22.4835	76817	92.6748	112992	75.0398	0.9902
EST1359006101S1K	stools_11050101	na	NZ_AP025662.1	4906821	4064583	82.8354	4053177	99.7194	4045157	99.8021	11406	0.2806	4056495	99.8010	20160	0.4960	12072	59.8810	881	4.3700	9757	48.3978	9103	45.1538	48110	100.0000	126326	37.8354	0.9834
EST1359006101S1K	stools_12119101	na	NZ_AP025662.1	4906821	3283672	66.9206	3264185	99.4065	3259489	99.8561	19487	0.5935	3278927	99.8555	24560	0.7479	19815	80.6800	575	2.3412	7919	32.2435	15936	64.8860	48110	79.7527	54297	69.8694	0.9945
EST1361002101S1K	stools_11108501	na	NZ_AP022298.1	5121071	888538	17.3506	884445	99.5394	870395	98.4114	4093	0.4606	874383	98.4069	19237	2.1650	5082	26.4178	1106	5.7493	8669	45.0642	9230	47.9805	225851	12.8943	20115	67.9592	0.9602
EST1361004101S1K	stools_11048150	na	NZ_LS992166.1	4850393	1172065	24.1643	1169753	99.8027	1166793	99.7470	2312	0.1973	1169101	99.7471	6511	0.5555	3547	54.4770	1280	19.6590	3815	58.5932	1275	19.5822	153918	86.5103	227723	61.3921	0.9769
EST1361004101S1K	stools_12075150	na	NZ_LS992166.1	4850393	191104	3.9400	190854	99.8692	190118	99.6144	250	0.1308	190367	99.6143	1208	0.6321	471	38.9901	230	19.0397	586	48.5099	384	31.7881	153918	55.7030	187785	49.3974	0.9731
EST1361010101S1K	stools_11018102	na	NZ_CP098223.1	4841244	611025	12.6212	610363	99.8917	609343	99.8329	662	0.1083	610004	99.8329	1792	0.2933	771	43.0246	113	6.3058	646	36.0491	1004	56.0268	71161	48.6334	41600	100.0000	0.9866
EST2359005102S1K	stools_11030101	na	NZ_CP070930.1	4668053	2591678	55.5195	2587106	99.8236	2579332	99.6995	4572	0.1764	2583887	99.6994	13275	0.5122	5484	41.3107	960	7.2316	3111	23.4350	9166	69.0471	274659	73.8567	175176	89.9273	0.9646
EST2359005102S1K	stools_11053501	na	NZ_CP070930.1	4668053	3916672	83.9038	3914312	99.9397	3914218	99.9976	2360	0.0603	3916578	99.9976	7715	0.1970	7621	98.7816	5468	70.8749	1608	20.8425	477	6.1828	274659	75.1983	167767	100.0000	0.9754
EST2359005102S1K	stools_12117101	na	NZ_CP070930.1	4668053	1868860	40.0351	1866381	99.8674	1857607	99.5299	2479	0.1326	1860075	99.5299	12075	0.6461	3290	27.2464	823	6.8157	1607	13.3085	9532	78.9400	274659	60.0326	235559	79.2595	0.9500
