ESC1212206001S1K	ESO1241101120S2K	na	NZ_CP047876.1	4775730	468843	9.8172	466830	99.5706	463882	99.3685	2013	0.4294	465878	99.3676	5544	1.1825	2579	46.5188	602	10.8586	2108	38.0231	2606	47.0058	77244	73.7326	45921	100.0000	0.9895
ESC1212206001S1K	ESO1247108120S1K	na	NZ_CP047876.1	4775730	694530	14.5429	691445	99.5558	688106	99.5171	3085	0.4442	691174	99.5168	7074	1.0185	3718	52.5587	704	9.9519	3157	44.6282	2980	42.1261	77244	42.6519	31232	79.5242	0.9874
ESC1212206001S1K	ESO1350507120S1K	na	NZ_CP047876.1	4775730	1550460	32.4654	1548562	99.8776	1543602	99.6797	1898	0.1224	1545482	99.6789	8151	0.5257	3173	38.9277	1335	16.3784	4611	56.5697	2064	25.3220	77244	100.0000	135738	51.0255	0.9769
ESC1212206001S1K	EST1212206101S1K	na	NZ_CP062871.1	4987664	2767644	55.4898	2762272	99.8059	2761484	99.9715	5372	0.1941	2766855	99.9715	9280	0.3353	8491	91.4978	3588	38.6638	757	8.1573	4068	43.8362	257810	82.8218	221175	89.5983	0.9736
ESC1212206001S1K	EST1212206101S1K	na	NZ_CP047876.1	4775730	1568647	32.8462	1563575	99.6767	1561363	99.8585	5072	0.3233	1566427	99.8585	9814	0.6256	7594	77.3793	2845	28.9892	2862	29.1624	2358	24.0269	77244	87.3790	52624	100.0000	0.9947
ESC1212206001S1K	EST1212206201S1K	na	NZ_CP062871.1	4987664	3482125	69.8147	3479915	99.9365	3479735	99.9948	2210	0.0635	3481941	99.9947	7643	0.2195	7459	97.5926	5826	76.2266	463	6.0578	923	12.0764	257810	54.8066	141460	100.0000	0.9670
ESC1212206001S1K	EST1357108101S1K	na	NZ_CP062871.1	4987664	1235907	24.7793	1233924	99.8396	1230629	99.7330	1983	0.1604	1232600	99.7324	5817	0.4707	2510	43.1494	552	9.4894	1638	28.1588	3566	61.3031	257810	73.3102	202053	79.0753	0.9671
ESC1212206001S1K	stools_11036150	na	NZ_CP047876.1	4775730	1394518	29.2001	1387869	99.5232	1383498	99.6851	6649	0.4768	1390109	99.6838	11762	0.8434	7353	62.5149	785	6.6740	4569	38.8454	5976	50.8077	77244	42.6519	45132	68.2332	0.9838
ESC1212206001S1K	stools_11051101	na	NZ_CP047876.1	4775730	1158159	24.2509	1152008	99.4689	1147541	99.6122	6151	0.5311	1153661	99.6116	11364	0.9812	6866	60.4189	839	7.3830	3874	34.0901	6260	55.0862	77244	42.6519	28111	100.0000	0.9865
ESC1212206001S1K	stools_11051150	na	NZ_CP047876.1	4775730	1244986	26.0690	1240028	99.6018	1235826	99.6611	4958	0.3982	1240738	99.6588	9705	0.7795	5457	56.2287	633	6.5224	4870	50.1803	3661	37.7228	77244	42.6519	22678	100.0000	0.9858
ESC1212206001S1K	stools_11051501	na	NZ_CP047876.1	4775730	1261910	26.4234	1255932	99.5263	1251786	99.6699	5978	0.4737	1257708	99.6670	10801	0.8559	6599	61.0962	751	6.9531	4694	43.4589	4724	43.7367	77244	42.6519	28469	100.0000	0.9864
ESC1212206001S1K	stools_12080501	na	NZ_CP062871.1	4987664	500860	10.0420	500505	99.9291	498284	99.5562	355	0.0709	498638	99.5564	2808	0.5606	586	20.8689	233	8.2977	474	16.8803	2084	74.2165	257810	53.4110	197207	79.8014	0.9619
ESC1232905001S1K	ESO1256804120S1K	na	NZ_CP098223.1	4841244	117922	2.4358	117787	99.8855	117381	99.6553	135	0.1145	117515	99.6549	587	0.4978	180	30.6644	49	8.3475	273	46.5077	258	43.9523	52842	69.5129	45049	100.0000	0.9983
ESC1232905001S1K	EST1232905101S1K	na	NZ_CP098223.1	4841244	1290709	26.6607	1288599	99.8365	1286954	99.8723	2110	0.1635	1289060	99.8722	4082	0.3163	2433	59.6031	369	9.0397	2398	58.7457	1228	30.0833	52842	100.0000	55286	89.2197	0.9970
ESC1232905001S1K	EST1241101101S1K	na	NZ_CP098223.1	4841244	495124	10.2272	493733	99.7191	490620	99.3695	1391	0.2809	492009	99.3709	4625	0.9341	1510	32.6486	138	2.9838	1054	22.7892	3371	72.8865	52842	86.0187	103363	42.6313	0.9860
ESC1232905001S1K	EST1361010101S1K	na	NZ_CP098223.1	4841244	945698	19.5342	944332	99.8556	942446	99.8003	1366	0.1444	943808	99.8001	3329	0.3520	1439	43.2262	90	2.7035	2165	65.0345	1047	31.4509	52842	69.5129	71161	51.3666	0.9907
ESC1232905001S1K	stools_11018102	na	NZ_CP098223.1	4841244	341381	7.0515	340956	99.8755	340017	99.7246	425	0.1245	340440	99.7244	1454	0.4259	513	35.2820	96	6.6025	719	49.4498	626	43.0536	52842	0.0000	41600	0.0000	0.9820
ESC1234702001S1K	EST1242208101S1K	na	NZ_AP021893.1	4753810	60874	1.2805	60793	99.8669	60351	99.2729	81	0.1331	60430	99.2706	588	0.9659	144	24.4898	65	11.0544	129	21.9388	382	64.9660	121665	80.9765	107707	87.0454	0.9892
ESC1234702001S1K	EST1359006101S1K	na	NZ_AP021893.1	4753810	308643	6.4925	307609	99.6650	306788	99.7331	1034	0.3350	307821	99.7337	2010	0.6512	1188	59.1045	158	7.8607	745	37.0647	975	48.5075	121665	80.9765	80759	90.7998	0.9851
ESC1234707001S1K	EST1232711101S1K	na	NZ_CP024239.1	4906680	97564	1.9884	97218	99.6454	96482	99.2429	346	0.3546	96824	99.2415	1099	1.1264	359	32.6661	17	1.5469	747	67.9709	299	27.2066	132003	56.8449	109319	49.1653	0.9753
ESC1247104001S1K	ESO1236806120S1K	na	NZ_CP007265.1	4758629	459540	9.6570	458754	99.8290	456488	99.5061	786	0.1710	457265	99.5049	3467	0.7545	1192	34.3813	417	12.0277	2204	63.5708	756	21.8056	122065	100.0000	227586	58.2813	0.9852
ESC1247104001S1K	EST1247104101S1K	na	NZ_CP007265.1	4758629	544316	11.4385	542538	99.6734	540541	99.6319	1778	0.3266	542311	99.6316	4567	0.8390	2562	56.0981	824	18.0425	2121	46.4419	1327	29.0563	122065	100.0000	139311	63.3195	0.9888
ESC1247104001S1K	stools_11033501	na	NZ_CP007265.1	4758629	262994	5.5267	261270	99.3445	259502	99.3233	1724	0.6555	261214	99.3232	3709	1.4103	1929	52.0086	242	6.5247	1674	45.1335	1467	39.5524	122065	87.2388	91745	87.3050	0.9879
ESC1247104001S1K	stools_11038101	na	NZ_CP007265.1	4758629	197380	4.1478	196641	99.6256	195117	99.2250	739	0.3744	195845	99.2223	2356	1.1936	821	34.8472	96	4.0747	1404	59.5925	728	30.8998	122065	87.2388	98494	68.1808	0.9860
ESC1247104001S1K	stools_11045101	na	NZ_CP007265.1	4758629	324001	6.8087	322629	99.5765	320389	99.3057	1372	0.4235	321751	99.3056	3961	1.2225	1711	43.1962	359	9.0634	1297	32.7443	2215	55.9202	122065	100.0000	151968	45.3010	0.9802
ESC1358302001S1K	ESO1234704120S1K	na	NZ_AP022177.1	4733200	382389	8.0789	380911	99.6135	377998	99.2353	1478	0.3865	379458	99.2335	4659	1.2184	1728	37.0895	295	6.3318	1987	42.6486	2249	48.2722	60568	78.5283	94224	51.3616	0.9862
ESC1358302001S1K	EST1234703101S1K	na	NZ_AP022177.1	4733200	1731256	36.5769	1725043	99.6411	1717849	99.5830	6213	0.3589	1724031	99.5827	14254	0.8233	7029	49.3125	949	6.6578	8799	61.7300	4139	29.0375	60568	100.0000	128448	47.3297	0.9848
ESC1358302001S1K	EST1241108201S1K	na	NZ_AP022177.1	4733200	550567	11.6320	549094	99.7325	547062	99.6299	1473	0.2675	548530	99.6300	3705	0.6729	1668	45.0202	213	5.7490	2827	76.3023	596	16.0864	60568	91.0514	198544	33.0743	0.9650
ESC1358302001S1K	stools_11005101	na	NZ_AP022177.1	4733200	383359	8.0994	382206	99.6992	379940	99.4071	1153	0.3008	381084	99.4066	3574	0.9323	1299	36.3458	157	4.3928	2098	58.7017	1280	35.8142	60568	68.1201	196938	23.5531	0.9653
ESC1358302001S1K	stools_11018102	na	NZ_AP022177.1	4733200	583656	12.3311	581459	99.6236	578512	99.4932	2197	0.3764	580689	99.4917	5398	0.9249	2431	45.0352	315	5.8355	3206	59.3924	1757	32.5491	60568	91.0514	87348	64.5865	0.9926
ESC1358302001S1K	stools_11034101	na	NZ_AP022177.1	4733200	761921	16.0974	757142	99.3728	753690	99.5441	4779	0.6272	758442	99.5434	8592	1.1277	5113	59.5088	544	6.3315	4694	54.6322	2956	34.4041	60568	91.0514	53229	90.2985	0.9969
ESC1358302001S1K	stools_11037150	na	NZ_CP028117.1	5198840	2695004	51.8386	2684045	99.5934	2678789	99.8042	10959	0.4066	2689715	99.8037	17563	0.6517	12274	69.8856	1650	9.3948	9421	53.6412	6024	34.2994	121735	60.3080	124655	62.0986	0.9778
ESO1212204120S1K	ESO1232711120S1K	na	NZ_LR882493.1	4841444	337524	6.9716	336726	99.7636	332442	98.7277	798	0.2364	333234	98.7290	6216	1.8416	1926	30.9846	1141	18.3559	3374	54.2793	1472	23.6808	361789	56.2706	139404	100.0000	0.9485
ESO1212204120S1K	ESO1238001120S1K	na	NZ_LR882493.1	4841444	141373	2.9201	141028	99.7560	140265	99.4590	345	0.2440	140609	99.4596	1765	1.2485	1001	56.7139	660	37.3938	657	37.2238	333	18.8669	361789	53.7462	96945	100.0000	0.9386
ESO1212204120S1K	ESO1247206120S1K	na	NZ_LR882493.1	4841444	1537493	31.7569	1535996	99.9026	1533185	99.8170	1497	0.0974	1534678	99.8169	18378	1.1953	15563	84.6828	14093	76.6841	1882	10.2405	1965	10.6921	361789	82.1288	380647	82.7911	0.9557
ESO1212204120S1K	EST1238001101S1K	na	NZ_LR882493.1	4841444	697912	14.4154	695770	99.6931	692440	99.5214	2142	0.3069	694574	99.5217	8665	1.2416	5327	61.4772	3220	37.1610	2797	32.2793	1883	21.7311	361789	43.7918	110065	91.8139	0.9415
ESO1212204120S1K	EST1242804101S1K	na	NZ_LR882493.1	4841444	396109	8.1816	394485	99.5900	388199	98.4065	1624	0.4100	389800	98.4073	8600	2.1711	2291	26.6395	697	8.1047	5002	58.1628	2672	31.0698	361789	42.2611	86273	100.0000	0.9374
ESO1212204120S1K	stools_11038150	na	NZ_LR882493.1	4841444	204444	4.2228	204108	99.8357	202720	99.3200	336	0.1643	203054	99.3201	2619	1.2810	1229	46.9263	897	34.2497	1139	43.4899	523	19.9695	361789	47.6916	156185	100.0000	0.9656
ESO1212204120S1K	stools_11108150	na	NZ_LR882493.1	4841444	661565	13.6646	659325	99.6614	653615	99.1340	2240	0.3386	655833	99.1336	9978	1.5082	4246	42.5536	2047	20.5151	4421	44.3075	2864	28.7031	361789	51.5662	136713	100.0000	0.9487
ESO1212204120S1K	stools_12062501	na	NZ_LR882493.1	4841444	691908	14.2914	689387	99.6356	683692	99.1739	2521	0.3644	686201	99.1752	11561	1.6709	5854	50.6358	3369	29.1411	2638	22.8181	5060	43.7678	361789	52.8692	173853	100.0000	0.9556
ESO1212204120S1K	stools_12065150	na	NZ_LR882493.1	4841444	1178260	24.3370	1175184	99.7389	1172221	99.7479	3076	0.2611	1175287	99.7477	16277	1.3814	13304	81.7350	10264	63.0583	1556	9.5595	3872	23.7882	361789	78.8999	285777	86.0475	0.9564
ESO1212204120S1K	stools_12068102	na	NZ_LR882493.1	4841444	1235271	25.5145	1230701	99.6300	1226454	99.6549	4570	0.3700	1231015	99.6555	16632	1.3464	12376	74.4108	7894	47.4627	2714	16.3179	4791	28.8059	361789	57.8826	144133	90.0731	0.9434
ESO1212204120S1K	stools_12068150	na	NZ_LR882493.1	4841444	988518	20.4178	983355	99.4777	979113	99.5686	5163	0.5223	984257	99.5690	15403	1.5582	11142	72.3366	6067	39.3884	2521	16.3669	5608	36.4085	361789	68.3802	163435	95.8999	0.9453
ESO1212204120S1K	stools_12080101	na	NZ_LR882493.1	4841444	448693	9.2678	447715	99.7820	445267	99.4532	978	0.2180	446240	99.4533	5676	1.2650	3223	56.7829	2259	39.7992	1749	30.8140	1413	24.8943	361789	64.9271	236087	92.8132	0.9564
ESO1212204120S1K	stools_12087501	na	NZ_LR882493.1	4841444	136779	2.8252	136116	99.5153	131518	96.6220	663	0.4847	132150	96.6157	5637	4.1212	1008	17.8819	382	6.7767	1565	27.7630	3699	65.6200	361789	63.6205	172664	92.7246	0.9498
ESO1212204120S1K	stools_12096150	na	NZ_LR882493.1	4841444	59781	1.2348	59701	99.8662	59248	99.2412	80	0.1338	59328	99.2422	763	1.2763	310	40.6291	230	30.1442	336	44.0367	192	25.1638	361789	56.8434	464029	51.5229	0.9178
ESO1212204120S1K	stools_12111102	na	NZ_LR882493.1	4841444	453121	9.3592	451866	99.7230	447074	98.9395	1255	0.2770	448312	98.9387	7209	1.5910	2400	33.2917	1177	16.3268	3961	54.9452	1763	24.4555	361789	64.6263	183189	93.9576	0.9527
ESO1212206220S1K	ESO1212703120S1K	na	NZ_LR134231.1	4594692	1714747	37.3202	1702946	99.3118	1699455	99.7950	11801	0.6882	1711224	99.7945	15528	0.9056	12005	77.3120	418	2.6919	9851	63.4402	5060	32.5863	63235	100.0000	75987	71.3412	0.9901
ESO1212206220S1K	ESO1213404320S1K	na	NZ_LR134231.1	4594692	766504	16.6824	761483	99.3449	759171	99.6964	5021	0.6551	764174	99.6960	7522	0.9813	5192	69.0242	268	3.5629	4785	63.6134	2334	31.0290	63235	52.7002	45282	78.7863	0.9901
ESO1212206220S1K	ESO1233807120S1K	na	NZ_LR134231.1	4594692	2617122	56.9597	2593270	99.0886	2585704	99.7082	23852	0.9114	2609493	99.7085	31784	1.2145	24155	75.9974	914	2.8757	13482	42.4176	17027	53.5710	63235	52.7002	35694	100.0000	0.9916
ESO1212206220S1K	ESO1238006120S1K	na	NZ_LR134231.1	4594692	339756	7.3945	337881	99.4481	335181	99.2009	1875	0.5519	337034	99.1988	4647	1.3677	1925	41.4246	96	2.0658	1730	37.2283	2697	58.0374	63235	31.8589	78701	51.2763	0.9829
ESO1212206220S1K	ESO1242209120S1K	na	NZ_LR134231.1	4594692	2073109	45.1197	2060892	99.4107	2059175	99.9167	12217	0.5893	2071382	99.9167	14303	0.6899	12576	87.9256	473	3.3070	11343	79.3050	2351	16.4371	63235	90.6033	65179	100.0000	0.9954
ESO1212206220S1K	ESO1247101120S1K	na	NZ_LR134231.1	4594692	3464297	75.3978	3446359	99.4822	3442966	99.9015	17938	0.5178	3460868	99.9010	21848	0.6307	18419	84.3052	674	3.0850	17319	79.2704	3552	16.2578	63235	72.1230	52184	82.5406	0.9936
ESO1212206220S1K	ESO1254204120S1K	na	NZ_LR134231.1	4594692	1974426	42.9719	1958921	99.2147	1954930	99.7963	15505	0.7853	1970390	99.7956	19737	0.9996	15701	79.5511	1329	6.7335	10392	52.6524	7498	37.9896	63235	39.3216	32039	100.0000	0.9900
ESO1212206220S1K	ESO1356602120S1K	na	NZ_LR134231.1	4594692	912853	19.8676	902600	98.8768	897538	99.4392	10253	1.1232	907714	99.4370	15577	1.7064	10438	67.0091	691	4.4360	4888	31.3796	9716	62.3740	63235	39.3216	37958	66.1679	0.9885
ESO1212206220S1K	EST1213404301S1K	na	NZ_LR134231.1	4594692	1543725	33.5980	1534193	99.3825	1530920	99.7867	9532	0.6175	1540429	99.7865	13149	0.8518	9853	74.9335	421	3.2018	8567	65.1532	4019	30.5651	63235	100.0000	101391	79.0198	0.9889
ESO1212206220S1K	EST1233822201S1K	na	NZ_LR134231.1	4594692	1298906	28.2697	1287128	99.0932	1279819	99.4321	11778	0.9068	1291462	99.4269	19433	1.4961	11989	61.6940	1083	5.5730	6292	32.3779	11127	57.2583	63235	90.6033	109930	57.4356	0.9844
ESO1212206220S1K	EST1242704101S1K	na	NZ_LR134231.1	4594692	3092507	67.3061	3071687	99.3268	3068683	99.9022	20820	0.6732	3089480	99.9021	24403	0.7891	21376	87.5958	1061	4.3478	15544	63.6971	7548	30.9306	63235	77.2246	55774	100.0000	0.9937
ESO1212206220S1K	EST1242805101S1K	na	NZ_LR134231.1	4594692	2057114	44.7715	2043448	99.3357	2040172	99.8397	13666	0.6643	2053806	99.8392	17187	0.8355	13879	80.7529	467	2.7172	11365	66.1256	5165	30.0518	63235	71.2469	56340	80.3994	0.9903
ESO1212206220S1K	EST1350507101S1K	na	NZ_LR134231.1	4594692	3497766	76.1262	3480158	99.4966	3476702	99.9007	17608	0.5034	3494276	99.9002	21562	0.6165	18072	83.8141	687	3.1862	18080	83.8512	2447	11.3487	63235	57.8683	39446	100.0000	0.9932
ESO1212206220S1K	EST1358301101S1K	na	NZ_LR134231.1	4594692	3576091	77.8309	3544868	99.1269	3541207	99.8967	31223	0.8731	3572389	99.8965	35508	0.9929	31806	89.5742	2902	8.1728	16298	45.8995	16113	45.3785	63235	81.5197	55154	90.8656	0.9936
ESO1212206220S1K	stools_11007150	na	NZ_LR134231.1	4594692	1089796	23.7186	1080814	99.1758	1076029	99.5573	8982	0.8242	1084888	99.5496	14010	1.2856	9102	64.9679	709	5.0607	6074	43.3547	6498	46.3812	63235	44.0958	54887	72.6092	0.9876
ESO1212206220S1K	stools_11011150	na	NZ_CP100544.1	4679910	324720	6.9386	322405	99.2871	318122	98.6715	2315	0.7129	320393	98.6675	6822	2.1009	2495	36.5729	250	3.6646	5712	83.7291	749	10.9792	42404	70.6867	69777	45.2226	0.9886
ESO1212206220S1K	stools_11038101	na	NZ_LR134231.1	4594692	1983249	43.1639	1969117	99.2874	1966256	99.8547	14132	0.7126	1980356	99.8541	17192	0.8669	14299	83.1724	379	2.2045	11965	69.5963	4669	27.1580	63235	34.2200	28166	70.1023	0.9880
ESO1212206220S1K	stools_11038501	na	NZ_LR134231.1	4594692	416022	9.0544	413634	99.4260	412622	99.7553	2388	0.5740	415003	99.7551	3472	0.8346	2453	70.6509	75	2.1601	2584	74.4240	771	22.2062	63235	79.1587	162476	53.4805	0.9646
ESO1212206220S1K	stools_11044501	na	NZ_LR134231.1	4594692	1908256	41.5318	1892354	99.1667	1888956	99.8204	15902	0.8333	1904826	99.8203	19564	1.0252	16134	82.4678	607	3.1026	11035	56.4046	7761	39.6698	63235	52.7002	49308	76.2635	0.9897
ESO1212206220S1K	stools_11046101	na	NZ_CP100544.1	4679910	763213	16.3083	758328	99.3599	749736	98.8670	4885	0.6401	754527	98.8619	13732	1.7992	5046	36.7463	308	2.2429	12285	89.4626	920	6.6997	42404	86.8385	38491	79.9745	0.9937
ESO1212206220S1K	stools_11107501	na	NZ_LR134231.1	4594692	500605	10.8953	498324	99.5444	496512	99.6364	2281	0.4556	498778	99.6350	4327	0.8644	2500	57.7768	243	5.6159	2843	65.7037	1166	26.9471	63235	100.0000	157531	51.5733	0.9776
ESO1212206220S1K	stools_12058150	na	NZ_LR134231.1	4594692	369156	8.0344	367219	99.4753	365618	99.5640	1937	0.5247	367545	99.5636	3650	0.9887	2039	55.8630	115	3.1507	2572	70.4658	940	25.7534	63235	80.6436	118020	61.2913	0.9825
ESO1212206220S1K	stools_12060501	na	NZ_LR134231.1	4594692	1451068	31.5814	1441170	99.3179	1434618	99.5454	9898	0.6821	1444469	99.5452	16678	1.1494	10079	60.4329	359	2.1525	7805	46.7982	8246	49.4424	63235	72.0392	68981	75.8470	0.9892
ESO1212206220S1K	stools_12062101	na	NZ_LR134231.1	4594692	1459239	31.7592	1449923	99.3616	1445622	99.7034	9316	0.6384	1454907	99.7031	13761	0.9430	9429	68.5197	215	1.5624	8059	58.5641	5398	39.2268	63235	49.2639	60817	67.4039	0.9877
ESO1212206220S1K	stools_12072101	na	NZ_LR134231.1	4594692	955767	20.8015	947434	99.1281	945351	99.7801	8333	0.8719	953667	99.7803	10553	1.1041	8453	80.1004	251	2.3785	6295	59.6513	3899	36.9468	63235	39.3216	30305	100.0000	0.9904
ESO1212206220S1K	stools_12084101	na	NZ_LR134231.1	4594692	1719078	37.4144	1704611	99.1584	1701725	99.8307	14467	0.8416	1716156	99.8300	17786	1.0346	14864	83.5713	828	4.6553	8908	50.0843	7830	44.0234	63235	77.2246	45884	100.0000	0.9936
ESO1212206220S1K	stools_12084102	na	NZ_LR134231.1	4594692	3149416	68.5447	3133311	99.4886	3128190	99.8366	16105	0.5114	3144253	99.8361	21859	0.6941	16696	76.3804	774	3.5409	14934	68.3197	5894	26.9637	63235	58.6779	44020	100.0000	0.9924
ESO1212206220S1K	stools_12098150	na	NZ_LR134231.1	4594692	431216	9.3851	428433	99.3546	426213	99.4818	2783	0.6454	428976	99.4805	5131	1.1899	2891	56.3438	143	2.7870	3142	61.2356	1804	35.1588	63235	80.6436	97381	65.2345	0.9870
ESO1212703120S1K	ESO1213404320S1K	na	NZ_LR134231.1	4594692	408824	8.8977	407402	99.6522	405748	99.5940	1422	0.3478	407168	99.5949	3201	0.7830	1545	48.2662	160	4.9984	1615	50.4530	1327	41.4558	75987	45.8618	45282	78.7863	0.9871
ESO1212703120S1K	ESO1233807120S1K	na	NZ_LR134231.1	4594692	1429150	31.1044	1420150	99.3703	1415079	99.6429	9000	0.6297	1424056	99.6436	14355	1.0044	9261	64.5141	521	3.6294	3874	26.9871	9548	66.5134	75987	45.8618	35694	100.0000	0.9900
ESO1212703120S1K	ESO1238002120S1K	na	NZ_CP022086.2	5256950	186409	3.5460	185725	99.6331	184000	99.0712	684	0.3669	184680	99.0725	3087	1.6560	1358	43.9909	689	22.3194	1157	37.4798	1138	36.8643	138347	70.6398	103537	90.5985	0.9834
ESO1212703120S1K	ESO1238006120S1K	na	NZ_LR134231.1	4594692	195071	4.2456	194608	99.7627	192782	99.0617	463	0.2373	193241	99.0619	2362	1.2108	532	22.5233	75	3.1753	496	20.9992	1732	73.3277	75987	27.1915	78701	51.2763	0.9829
ESO1212703120S1K	ESO1242209120S1K	na	NZ_LR134231.1	4594692	1134530	24.6922	1131769	99.7566	1129516	99.8009	2761	0.2434	1132273	99.8011	5125	0.4517	2868	55.9610	154	3.0049	3455	67.4146	1453	28.3512	75987	63.9846	65179	100.0000	0.9895
ESO1212703120S1K	ESO1247101120S1K	na	NZ_LR134231.1	4594692	1813981	39.4799	1809572	99.7569	1805870	99.7954	4409	0.2431	1810269	99.7954	8432	0.4648	4720	55.9772	399	4.7320	5716	67.7894	2131	25.2728	75987	45.4433	52184	82.5406	0.9840
ESO1212703120S1K	ESO1254204120S1K	na	NZ_LR134231.1	4594692	1111988	24.2016	1106326	99.4908	1102925	99.6926	5662	0.5092	1108571	99.6927	9245	0.8314	5828	63.0395	324	3.5046	3439	37.1985	5307	57.4040	75987	37.2116	32039	100.0000	0.9883
ESO1212703120S1K	ESO1256801120S1K	na	NZ_CP022086.2	5256950	195746	3.7236	195288	99.7660	193172	98.9165	458	0.2340	193619	98.9134	2950	1.5071	823	27.8983	380	12.8814	1743	59.0847	798	27.0508	138347	93.2149	356134	50.8994	0.9656
ESO1212703120S1K	ESO1356602120S1K	na	NZ_LR134231.1	4594692	507718	11.0501	503250	99.1200	499866	99.3276	4468	0.8800	504300	99.3268	8007	1.5771	4589	57.3124	231	2.8850	1833	22.8925	5794	72.3617	75987	37.2116	37958	66.1679	0.9859
ESO1212703120S1K	EST1213404301S1K	na	NZ_LR134231.1	4594692	848757	18.4726	846534	99.7381	843791	99.6760	2223	0.2619	846009	99.6762	5184	0.6108	2436	46.9907	238	4.5910	2529	48.7847	2318	44.7145	75987	71.3412	101391	79.0198	0.9820
ESO1212703120S1K	EST1233822201S1K	na	NZ_LR134231.1	4594692	725048	15.7801	720657	99.3944	715255	99.2504	4391	0.6056	719619	99.2512	9977	1.3760	4548	45.5848	232	2.3253	2215	22.2011	7409	74.2608	75987	63.9846	109930	57.4356	0.9786
ESO1212703120S1K	EST1242206101S1K	na	NZ_CP022086.2	5256950	344724	6.5575	342983	99.4950	339489	98.9813	1741	0.5050	341214	98.9818	5771	1.6741	2261	39.1787	558	9.6690	2872	49.7661	2034	35.2452	138347	61.1188	159373	69.3442	0.9767
ESO1212703120S1K	EST1242704101S1K	na	NZ_LR134231.1	4594692	1653024	35.9768	1646453	99.6025	1642942	99.7868	6571	0.3975	1649499	99.7868	10343	0.6257	6818	65.9190	369	3.5676	5124	49.5408	4677	45.2190	75987	55.3345	55774	100.0000	0.9890
ESO1212703120S1K	EST1242805101S1K	na	NZ_LR134231.1	4594692	1151481	25.0611	1147561	99.6596	1144659	99.7471	3920	0.3404	1148568	99.7470	7005	0.6083	4092	58.4154	255	3.6403	3574	51.0207	3037	43.3547	75987	65.8165	56340	90.3692	0.9911
ESO1212703120S1K	EST1350507101S1K	na	NZ_LR134231.1	4594692	1850913	40.2837	1846950	99.7859	1843654	99.8215	3963	0.2141	1847614	99.8218	7659	0.4138	4360	56.9265	451	5.8885	5649	73.7564	1379	18.0050	75987	45.3117	39446	100.0000	0.9876
ESO1212703120S1K	EST1358301101S1K	na	NZ_LR134231.1	4594692	1893547	41.2116	1880725	99.3229	1876798	99.7912	12822	0.6771	1889586	99.7908	17091	0.9026	13130	76.8241	508	2.9723	5762	33.7137	10645	62.2842	75987	52.7998	55154	90.8656	0.9875
ESO1212703120S1K	stools_11007150	na	NZ_LR134231.1	4594692	626901	13.6440	624088	99.5513	620166	99.3716	2813	0.4487	622944	99.3688	6868	1.0955	2911	42.3850	177	2.5772	1970	28.6838	4627	67.3704	75987	37.5117	54887	72.6092	0.9850
ESO1212703120S1K	stools_11038101	na	NZ_LR134231.1	4594692	1086720	23.6516	1082447	99.6068	1079944	99.7688	4273	0.3932	1084210	99.7690	6871	0.6323	4361	63.4697	171	2.4887	3843	55.9307	2705	39.3684	75987	27.3205	28166	70.1023	0.9857
ESO1212703120S1K	stools_11038501	na	NZ_LR134231.1	4594692	227396	4.9491	227021	99.8351	226366	99.7115	375	0.1649	226740	99.7115	1100	0.4837	444	40.3636	70	6.3636	628	57.0909	391	35.5455	75987	64.5255	162476	66.0381	0.9646
ESO1212703120S1K	stools_11041101	na	NZ_CP022086.2	5256950	443464	8.4358	441506	99.5585	437406	99.0714	1958	0.4415	439347	99.0716	6150	1.3868	2033	33.0569	114	1.8537	4314	70.1463	1469	23.8862	138347	54.9878	106142	59.7030	0.9724
ESO1212703120S1K	stools_11041102	na	NZ_CP022086.2	5256950	288710	5.4920	286361	99.1864	283439	98.9796	2349	0.8136	285752	98.9754	5953	2.0619	2995	50.3108	732	12.2963	2045	34.3524	2970	49.8908	138347	77.6049	179995	76.3993	0.9775
ESO1212703120S1K	stools_11044501	na	NZ_LR134231.1	4594692	1038193	22.5955	1032815	99.4820	1030050	99.7323	5378	0.5180	1035417	99.7326	8251	0.7947	5475	66.3556	231	2.7997	3471	42.0676	4327	52.4421	75987	57.7165	49308	88.5110	0.9893
ESO1212703120S1K	stools_11104101	na	NZ_CP022086.2	5256950	445843	8.4810	444244	99.6414	440177	99.0845	1599	0.3586	441765	99.0853	5845	1.3110	1767	30.2310	187	3.1993	4017	68.7254	1502	25.6972	138347	52.3293	129597	63.7314	0.9773
ESO1212703120S1K	stools_11107501	na	NZ_LR134231.1	4594692	254802	5.5456	254290	99.7991	253205	99.5733	512	0.2009	253710	99.5714	1720	0.6750	628	36.5116	123	7.1512	874	50.8140	678	39.4186	75987	71.3412	157531	51.5733	0.9700
ESO1212703120S1K	stools_12058150	na	NZ_LR134231.1	4594692	193955	4.2213	193409	99.7185	192407	99.4819	546	0.2815	192949	99.4813	1597	0.8234	591	37.0069	51	3.1935	999	62.5548	529	33.1246	75987	61.3184	118020	61.2913	0.9777
ESO1212703120S1K	stools_12060501	na	NZ_LR134231.1	4594692	795098	17.3047	792193	99.6346	788118	99.4856	2905	0.3654	791016	99.4866	7181	0.9032	3099	43.1555	256	3.5650	2324	32.3632	4454	62.0248	75987	45.6117	68981	75.8470	0.9844
ESO1212703120S1K	stools_12062101	na	NZ_LR134231.1	4594692	806967	17.5630	804515	99.6961	801580	99.6352	2452	0.3039	804025	99.6354	5475	0.6785	2533	46.2648	121	2.2100	2476	45.2237	2813	51.3790	75987	36.9616	60817	67.4039	0.9836
ESO1212703120S1K	stools_12068150	na	NZ_CP022086.2	5256950	428583	8.1527	425286	99.2307	419397	98.6153	3297	0.7693	422658	98.6175	10091	2.3545	4166	41.2843	941	9.3251	3183	31.5430	5605	55.5445	138347	77.4249	118608	83.6621	0.9824
ESO1212703120S1K	stools_12072101	na	NZ_LR134231.1	4594692	530513	11.5462	527356	99.4049	525748	99.6951	3157	0.5951	528894	99.6948	4829	0.9103	3210	66.4734	103	2.1329	2208	45.7238	2438	50.4866	75987	37.2116	30305	100.0000	0.9886
ESO1212703120S1K	stools_12084101	na	NZ_LR134231.1	4594692	908335	19.7692	902810	99.3917	900439	99.7374	5525	0.6083	905953	99.7378	8097	0.8914	5715	70.5817	347	4.2855	3125	38.5945	4402	54.3658	75987	55.3345	45884	100.0000	0.9893
ESO1212703120S1K	stools_12084102	na	NZ_LR134231.1	4594692	1650244	35.9163	1646144	99.7516	1641529	99.7196	4100	0.2484	1645617	99.7196	8995	0.5451	4368	48.5603	302	3.3574	5308	59.0106	3277	36.4314	75987	47.2344	44020	100.0000	0.9890
ESO1212703120S1K	stools_12098150	na	NZ_LR134231.1	4594692	222650	4.8458	221880	99.6542	220603	99.4245	770	0.3458	221368	99.4242	2117	0.9508	835	39.4426	78	3.6845	1046	49.4095	960	45.3472	75987	61.3184	97381	65.2345	0.9829
ESO1212705120S1K	ESO1350511120S1K	na	NZ_CP070930.1	4668053	2966495	63.5489	2965454	99.9649	2965305	99.9950	1041	0.0351	2966346	99.9950	3609	0.1217	3460	95.8714	2471	68.4677	239	6.6223	807	22.3608	303147	85.2741	237401	97.8812	0.9742
ESO1212705120S1K	ESO1356618120S1K	na	NZ_CP070930.1	4668053	2166966	46.4212	2166677	99.9867	2166562	99.9947	289	0.0133	2166851	99.9947	2640	0.1218	2525	95.6439	2236	84.6970	141	5.3409	221	8.3712	303147	100.0000	326696	100.0000	0.9909
ESO1212705120S1K	EST1212705101S1K	na	NZ_CP070930.1	4668053	2069683	44.3372	2068109	99.9239	2067788	99.9845	1574	0.0761	2069361	99.9844	5076	0.2453	4754	93.6564	3465	68.2624	425	8.3727	768	15.1300	303147	50.8618	112684	100.0000	0.9572
ESO1212705120S1K	EST1247108101S1K	na	NZ_CP070930.1	4668053	2641305	56.5826	2638854	99.9072	2638231	99.9764	2451	0.0928	2640681	99.9764	5109	0.1934	4485	87.7863	2085	40.8103	372	7.2813	2532	49.5596	303147	77.4591	182918	100.0000	0.9678
ESO1212705120S1K	EST1256804101S1K	na	NZ_CP070930.1	4668053	2259433	48.4020	2256968	99.8909	2254816	99.9047	2465	0.1091	2257280	99.9047	6632	0.2935	4479	67.5362	2036	30.6996	391	5.8957	4057	61.1731	303147	78.3748	238356	100.0000	0.9762
ESO1212705120S1K	EST1350511101S1K	na	NZ_CP070930.1	4668053	805507	17.2557	805368	99.9827	805008	99.9553	139	0.0173	805146	99.9552	1271	0.1578	910	71.5972	772	60.7396	50	3.9339	424	33.3596	303147	77.3268	264927	91.7502	0.9725
ESO1212705120S1K	EST1356611101S1K	na	NZ_CP070930.1	4668053	4042461	86.5984	4039316	99.9222	4039173	99.9965	3145	0.0778	4042317	99.9964	8554	0.2116	8410	98.3166	5505	64.3559	303	3.5422	2249	26.2918	303147	79.6333	219284	100.0000	0.9805
ESO1212705120S1K	EST1356618101S1K	na	NZ_CP070930.1	4668053	4091272	87.6441	4079437	99.7107	4079303	99.9967	11835	0.2893	4091138	99.9967	16945	0.4142	16811	99.2092	5178	30.5577	236	1.3927	11000	64.9159	303147	67.3498	163287	100.0000	0.9682
ESO1212705120S1K	EST1358301201S1K	na	NZ_CP070930.1	4668053	3587486	76.8519	3582126	99.8506	3581441	99.9809	5360	0.1494	3586797	99.9808	8950	0.2495	8261	92.3017	3049	34.0670	709	7.9218	4514	50.4358	303147	35.5405	88147	100.0000	0.9526
ESO1212705120S1K	EST1358303101S1K	na	NZ_CP070930.1	4668053	3420342	73.2713	3405415	99.5636	3402570	99.9165	14927	0.4364	3417488	99.9166	21158	0.6186	18304	86.5110	3492	16.5044	461	2.1788	16778	79.2986	303147	67.8057	168656	100.0000	0.9632
ESO1212705120S1K	EST1359005101S1K	na	NZ_CP070930.1	4668053	1710895	36.6511	1710107	99.9539	1709090	99.9405	788	0.0461	1709878	99.9406	3465	0.2025	2448	70.6494	1664	48.0231	128	3.6941	1636	47.2150	303147	88.6012	234928	100.0000	0.9782
ESO1212705120S1K	EST2359005102S1K	na	NZ_CP070930.1	4668053	4077832	87.3562	4075766	99.9493	4075723	99.9989	2066	0.0507	4077789	99.9989	7474	0.1833	7431	99.4247	5598	74.8997	223	2.9837	1560	20.8724	303147	96.7356	274659	100.0000	0.9902
ESO1212705120S1K	stools_11030101	na	NZ_CP070930.1	4668053	2570989	55.0763	2567399	99.8604	2559540	99.6939	3590	0.1396	2563116	99.6938	12392	0.4820	4519	36.4671	957	7.7227	2279	18.3909	9132	73.6927	303147	70.7683	175176	89.9273	0.9562
ESO1212705120S1K	stools_11053501	na	NZ_CP070930.1	4668053	3918290	83.9384	3917258	99.9737	3917171	99.9978	1032	0.0263	3918203	99.9978	6781	0.1731	6694	98.7170	5961	87.9074	238	3.5098	405	5.9726	303147	67.0704	167767	100.0000	0.9690
ESO1212705120S1K	stools_12117101	na	NZ_CP070930.1	4668053	1846247	39.5507	1844462	99.9033	1835699	99.5249	1785	0.0967	1837471	99.5247	11365	0.6156	2589	22.7805	817	7.1887	1058	9.3093	9442	83.0796	303147	55.3659	235559	79.2595	0.9457
ESO1213402120S1K	ESO1242101120S1K	na	NZ_CP101274.1	4892441	136836	2.7969	136462	99.7267	135190	99.0679	374	0.2733	135557	99.0653	1792	1.3096	513	28.6272	152	8.4821	1282	71.5402	323	18.0246	35574	44.7574	48115	32.4473	0.9912
ESO1213402120S1K	ESO1242804120S1K	na	NZ_CP101274.1	4892441	69893	1.4286	69727	99.7625	68751	98.6003	166	0.2375	68912	98.5964	1272	1.8199	291	22.8774	133	10.4560	552	43.3962	576	45.2830	35574	23.6409	49459	61.6005	0.9899
ESO1213402120S1K	ESO1242805120S1K	na	NZ_CP101274.1	4892441	172178	3.5193	171615	99.6730	170203	99.1772	563	0.3270	170762	99.1776	2109	1.2249	693	32.8592	143	6.7805	1336	63.3476	543	25.7468	35574	75.9768	140889	21.5176	0.9781
ESO1213402120S1K	ESO1247109120S1K	na	NZ_CP101274.1	4892441	370371	7.5703	369283	99.7062	366295	99.1909	1088	0.2938	367375	99.1911	4234	1.1432	1238	29.2395	177	4.1804	3223	76.1219	744	17.5720	35574	52.3360	45916	30.7736	0.9899
ESO1213402120S1K	ESO1356611120S1K	na	NZ_CP101274.1	4892441	87387	1.7862	86958	99.5091	85558	98.3900	429	0.4909	85980	98.3899	2009	2.2990	602	29.9652	188	9.3579	577	28.7208	1225	60.9756	35574	44.7574	71524	48.4551	0.9854
ESO1213402120S1K	EST1238001101S1K	na	NZ_CP101274.1	4892441	209569	4.2835	208453	99.4675	206103	98.8726	1116	0.5325	207210	98.8744	3846	1.8352	1487	38.6635	385	10.0104	1532	39.8336	1784	46.3859	35574	75.9768	35442	72.0981	0.9949
ESO1213402120S1K	EST1242805101S1K	na	NZ_CP101274.1	4892441	166903	3.4114	166257	99.6129	164737	99.0858	646	0.3871	165378	99.0863	2388	1.4308	863	36.1390	231	9.6734	1240	51.9263	839	35.1340	35574	75.9768	48833	60.5431	0.9964
ESO1213402120S1K	EST1247108101S1K	na	NZ_CP101274.1	4892441	193008	3.9450	192286	99.6259	190416	99.0275	722	0.3741	191129	99.0265	2726	1.4124	847	31.0712	144	5.2825	1903	69.8092	617	22.6339	35574	100.0000	83964	45.3945	0.9910
ESO1213402120S1K	EST1254206101S1K	na	NZ_CP101274.1	4892441	95209	1.9460	94889	99.6639	93954	99.0146	320	0.3361	94271	99.0148	1365	1.4337	427	31.2821	112	8.2051	863	63.2234	368	26.9597	35574	75.9768	45224	65.2795	0.9947
ESO1213404120S1K	stools_11047101	na	NZ_CP042585.1	4733770	351310	7.4214	350269	99.7037	348824	99.5875	1041	0.2963	349861	99.5875	3163	0.9003	1714	54.1891	700	22.1309	1417	44.7992	645	20.3920	64147	36.2823	53118	25.6787	0.9809
ESO1213404320S1K	ESO1233807120S1K	na	NZ_LR134231.1	4594692	650248	14.1522	645950	99.3390	643349	99.5973	4298	0.6610	647633	99.5978	7168	1.1023	4553	63.5184	408	5.6920	1672	23.3259	4791	66.8387	45282	78.7863	35694	100.0000	0.9961
ESO1213404320S1K	ESO1238006120S1K	na	NZ_LR134231.1	4594692	82283	1.7908	82132	99.8165	81329	99.0223	151	0.1835	81479	99.0229	1005	1.2214	201	20.0000	56	5.5721	192	19.1045	738	73.4328	45282	46.8067	78701	51.2763	0.9829
ESO1213404320S1K	ESO1242209120S1K	na	NZ_LR134231.1	4594692	481848	10.4871	480491	99.7184	479109	99.7124	1357	0.2816	480462	99.7124	2857	0.5929	1471	51.4876	159	5.5653	1698	59.4330	889	31.1166	45282	78.7863	65179	57.7993	0.9895
ESO1213404320S1K	ESO1247101120S1K	na	NZ_LR134231.1	4594692	852527	18.5546	849854	99.6865	847185	99.6859	2673	0.3135	849840	99.6848	5481	0.6429	2794	50.9761	221	4.0321	3082	56.2306	2005	36.5809	45282	69.2836	52184	55.2392	0.9912
ESO1213404320S1K	ESO1254204120S1K	na	NZ_LR134231.1	4594692	466399	10.1508	463919	99.4683	461924	99.5700	2480	0.5317	464396	99.5705	4628	0.9923	2625	56.7200	206	4.4512	1608	34.7450	2710	58.5566	45282	62.6960	32039	100.0000	0.9949
ESO1213404320S1K	ESO1356602120S1K	na	NZ_LR134231.1	4594692	308285	6.7096	305621	99.1359	303250	99.2242	2664	0.8641	305895	99.2247	5217	1.6923	2827	54.1882	226	4.3320	1141	21.8708	3742	71.7270	45282	62.6960	37958	66.1679	0.9928
ESO1213404320S1K	EST1213404301S1K	na	NZ_LR134231.1	4594692	398804	8.6797	397643	99.7089	395974	99.5803	1161	0.2911	397130	99.5802	3004	0.7533	1330	44.2743	180	5.9920	1225	40.7790	1485	49.4341	45282	78.7863	101391	54.9822	0.9835
ESO1213404320S1K	EST1233822201S1K	na	NZ_LR134231.1	4594692	320243	6.9698	318254	99.3789	315680	99.1912	1989	0.6211	317652	99.1909	4681	1.4617	2090	44.6486	142	3.0335	974	20.8075	3478	74.3004	45282	100.0000	109930	50.2793	0.9851
ESO1213404320S1K	EST1241104101S1K	na	NZ_LS483297.1	4705041	821413	17.4581	817862	99.5677	816575	99.8426	3551	0.4323	820122	99.8428	5400	0.6574	4109	76.0926	686	12.7037	1417	26.2407	3062	56.7037	165883	75.5689	136956	84.9448	0.9842
ESO1213404320S1K	EST1242704101S1K	na	NZ_LR134231.1	4594692	745425	16.2236	742294	99.5800	740116	99.7066	3131	0.4200	743238	99.7066	5509	0.7390	3322	60.3013	269	4.8829	2395	43.4743	2674	48.5388	45282	62.6960	55774	56.1911	0.9899
ESO1213404320S1K	EST1242805101S1K	na	NZ_LR134231.1	4594692	483813	10.5298	482180	99.6625	480469	99.6452	1633	0.3375	482096	99.6451	3436	0.7102	1719	50.0291	115	3.3469	1595	46.4203	1678	48.8359	45282	78.7863	56340	66.8459	0.9914
ESO1213404320S1K	EST1350507101S1K	na	NZ_LR134231.1	4594692	856480	18.6406	854189	99.7325	851797	99.7200	2291	0.2675	854080	99.7198	4883	0.5701	2483	50.8499	256	5.2427	2916	59.7174	1576	32.2752	45282	62.6960	39446	70.7169	0.9926
ESO1213404320S1K	EST1358301101S1K	na	NZ_LR134231.1	4594692	894397	19.4659	888174	99.3042	885263	99.6722	6223	0.6958	891466	99.6723	9296	1.0394	6365	68.4703	275	2.9583	3104	33.3907	5724	61.5749	45282	48.0699	55154	37.2575	0.9869
ESO1213404320S1K	stools_11007150	na	NZ_LR134231.1	4594692	269979	5.8759	268860	99.5855	266858	99.2554	1119	0.4145	267957	99.2511	3209	1.1886	1187	36.9897	108	3.3655	805	25.0857	2248	70.0530	45282	84.9852	54887	85.7125	0.9925
ESO1213404320S1K	stools_11038101	na	NZ_LR134231.1	4594692	555717	12.0948	553331	99.5706	551819	99.7267	2386	0.4294	554199	99.7268	4047	0.7282	2529	62.4907	198	4.8925	2116	52.2856	1579	39.0166	45282	69.2836	28166	100.0000	0.9937
ESO1213404320S1K	stools_11038501	na	NZ_LR134231.1	4594692	97460	2.1211	97265	99.7999	96864	99.5877	195	0.2001	97058	99.5875	651	0.6680	249	38.2488	56	8.6022	334	51.3057	245	37.6344	45282	46.8067	162476	32.0607	0.9646
ESO1213404320S1K	stools_11044501	na	NZ_LR134231.1	4594692	545467	11.8717	542370	99.4322	540644	99.6818	3097	0.5678	543732	99.6819	5005	0.9176	3270	65.3347	255	5.0949	1871	37.3826	2699	53.9261	45282	100.0000	49308	87.7525	0.9950
ESO1213404320S1K	stools_11107501	na	NZ_LR134231.1	4594692	163841	3.5659	163499	99.7913	162743	99.5376	342	0.2087	163082	99.5367	1273	0.7770	514	40.3771	178	13.9827	641	50.3535	422	33.1500	45282	100.0000	157531	41.4877	0.9752
ESO1213404320S1K	stools_12058150	na	NZ_LR134231.1	4594692	143186	3.1163	142705	99.6641	142203	99.6482	481	0.3359	142682	99.6480	1101	0.7689	597	54.2234	136	12.3524	656	59.5822	285	25.8856	45282	100.0000	118020	50.3720	0.9839
ESO1213404320S1K	stools_12060501	na	NZ_LR134231.1	4594692	372496	8.1071	371135	99.6346	368987	99.4212	1361	0.3654	370345	99.4225	3687	0.9898	1536	41.6599	226	6.1296	1122	30.4312	2259	61.2693	45282	84.9852	68981	74.2204	0.9907
ESO1213404320S1K	stools_12062101	na	NZ_LR134231.1	4594692	368031	8.0099	366942	99.7041	365550	99.6206	1089	0.2959	366630	99.6193	2570	0.6983	1169	45.4864	101	3.9300	1251	48.6770	1168	45.4475	45282	47.6812	60817	47.1595	0.9862
ESO1213404320S1K	stools_12067150	na	NZ_LS483297.1	4705041	992166	21.0873	988463	99.6268	986536	99.8051	3703	0.3732	990233	99.8052	5939	0.5986	4006	67.4524	360	6.0616	2285	38.4745	3172	53.4097	165883	61.8635	134060	72.0953	0.9740
ESO1213404320S1K	stools_12072101	na	NZ_LR134231.1	4594692	349326	7.6028	347156	99.3788	345988	99.6636	2170	0.6212	348141	99.6608	3444	0.9859	2259	65.5923	151	4.3844	1571	45.6156	1638	47.5610	45282	62.6960	30305	100.0000	0.9950
ESO1213404320S1K	stools_12084101	na	NZ_LR134231.1	4594692	511017	11.1219	507617	99.3347	505870	99.6558	3400	0.6653	509262	99.6566	5365	1.0499	3610	67.2880	325	6.0578	1802	33.5881	3028	56.4399	45282	62.6960	45884	66.8381	0.9918
ESO1213404320S1K	stools_12084102	na	NZ_LR134231.1	4594692	760985	16.5623	758875	99.7227	756205	99.6482	2110	0.2773	758301	99.6473	5106	0.6710	2422	47.4344	388	7.5989	2449	47.9632	2167	42.4403	45282	62.6960	44020	72.6465	0.9927
ESO1213404320S1K	stools_12098150	na	NZ_LR134231.1	4594692	167432	3.6440	166787	99.6148	166081	99.5767	645	0.3852	166724	99.5771	1472	0.8792	764	51.9022	139	9.4429	785	53.3288	528	35.8696	45282	100.0000	97381	64.8761	0.9880
ESO1213404320S1K	stools_12099101	na	NZ_LS483297.1	4705041	770062	16.3667	765579	99.4178	763904	99.7812	4483	0.5822	768378	99.7813	6431	0.8351	4747	73.8143	348	5.4113	1765	27.4452	4122	64.0958	165883	72.3239	92669	100.0000	0.9791
ESO1213404320S1K	stools_12099150	na	NZ_LS483297.1	4705041	836243	17.7733	834587	99.8020	832542	99.7550	1656	0.1980	834193	99.7549	4030	0.4819	1980	49.1315	359	8.9082	2049	50.8437	1530	37.9653	165883	48.2762	46063	100.0000	0.9730
ESO1213404320S1K	stools_12099501	na	NZ_LS483297.1	4705041	773594	16.4418	764090	98.7714	758379	99.2526	9504	1.2286	767842	99.2565	15551	2.0102	9799	63.0120	499	3.2088	1404	9.0284	13366	85.9495	165883	70.9193	104245	100.0000	0.9826
ESO1213404320S1K	stools_12100101	na	NZ_LS483297.1	4705041	112312	2.3871	112145	99.8513	111526	99.4480	167	0.1487	111692	99.4480	818	0.7283	198	24.2054	32	3.9120	243	29.7066	540	66.0147	165883	63.5966	163174	82.9936	0.9741
ESO1213405120S1K	ESO1233822220S1K	na	NZ_LR134236.1	4757340	381367	8.0164	377722	99.0442	375697	99.4639	3645	0.9558	379325	99.4646	5953	1.5610	3911	65.6980	335	5.6274	3948	66.3195	1408	23.6519	28477	74.3196	109899	30.0349	0.9786
ESO1213405120S1K	ESO1241104120S1K	na	NZ_LR134236.1	4757340	1462874	30.7498	1444380	98.7358	1438915	99.6216	18494	1.2642	1457344	99.6220	24472	1.6729	18942	77.4027	1199	4.8995	13194	53.9147	9385	38.3500	28477	81.3428	98045	26.6214	0.9818
ESO1213405120S1K	ESO1241110120S1K	na	NZ_LR134236.1	4757340	1086414	22.8366	1076341	99.0728	1071715	99.5702	10073	0.9272	1081741	99.5699	15389	1.4165	10716	69.6342	864	5.6144	10767	69.9656	3174	20.6251	28477	100.0000	212017	23.3533	0.9612
ESO1213405120S1K	ESO1242209120S1K	na	NZ_CP085488.1	4672036	527205	11.2843	523923	99.3775	522663	99.7595	3282	0.6225	525937	99.7595	4660	0.8839	3392	72.7897	166	3.5622	3304	70.9013	1041	22.3391	18416	55.4518	18548	57.2784	0.9965
ESO1213405120S1K	ESO1247109120S1K	na	NZ_LR134236.1	4757340	1303283	27.3952	1290862	99.0469	1286544	99.6655	12421	0.9531	1298920	99.6652	17173	1.3177	12810	74.5938	798	4.6468	13493	78.5710	2569	14.9595	28477	74.3196	159394	17.2491	0.9693
ESO1213405120S1K	ESO1254306120S1K	na	NZ_LR134236.1	4757340	968621	20.3606	958809	98.9870	954820	99.5840	9812	1.0130	964569	99.5817	14411	1.4878	10359	71.8826	887	6.1550	10474	72.6806	2460	17.0703	28477	81.3428	132037	21.5485	0.9759
ESO1213405120S1K	ESO1358401120S1K	na	NZ_LR134236.1	4757340	652523	13.7161	646976	99.1499	643749	99.5012	5547	0.8501	649265	99.5007	8970	1.3747	5712	63.6789	267	2.9766	6214	69.2754	2269	25.2954	28477	74.3196	191495	27.6289	0.9614
ESO1213405120S1K	ESO1361010120S1K	na	NZ_CP085488.1	4672036	1040706	22.2752	1033673	99.3242	1028345	99.4846	7033	0.6758	1035333	99.4837	12789	1.2289	7416	57.9873	620	4.8479	4917	38.4471	6618	51.7476	18416	100.0000	64853	29.1875	0.9900
ESO1213405120S1K	EST1212705101S1K	na	NZ_LR134236.1	4757340	595243	12.5121	588334	98.8393	584301	99.3145	6909	1.1607	591154	99.3131	11582	1.9458	7493	64.6952	831	7.1749	6391	55.1805	3761	32.4728	28477	74.3196	69643	43.2578	0.9882
ESO1213405120S1K	EST1234709101S1K	na	NZ_CP085488.1	4672036	2409350	51.5696	2399034	99.5718	2396213	99.8824	10316	0.4282	2406512	99.8822	14290	0.5931	11452	80.1400	1273	8.9083	9055	63.3660	2921	20.4409	18416	100.0000	83551	22.5132	0.9860
ESO1213405120S1K	EST1247210101S1K	na	NZ_CP085488.1	4672036	2269069	48.5670	2257341	99.4831	2241784	99.3108	11728	0.5169	2253402	99.3095	28072	1.2372	12405	44.1899	898	3.1989	8702	30.9989	16989	60.5194	18416	100.0000	109326	17.5210	0.9805
ESO1213405120S1K	EST1358401101S1K	na	NZ_LR134236.1	4757340	1185294	24.9151	1172894	98.9538	1168593	99.6333	12400	1.0462	1180943	99.6329	17054	1.4388	12703	74.4869	756	4.4330	12538	73.5194	3420	20.0539	28477	74.3196	68509	44.0993	0.9885
ESO1213405120S1K	stools_11011101	na	NZ_LR134236.1	4757340	934184	19.6367	922536	98.7531	918014	99.5098	11648	1.2469	929600	99.5093	16755	1.7935	12171	72.6410	1173	7.0009	9847	58.7705	5137	30.6595	28477	100.0000	68024	56.8299	0.9914
ESO1213405120S1K	stools_11011150	na	NZ_LR134236.1	4757340	690138	14.5068	684114	99.1271	681727	99.6511	6024	0.8729	687717	99.6492	8704	1.2612	6283	72.1852	397	4.5611	6806	78.1939	1281	14.7174	28477	74.3196	103201	33.9144	0.9800
ESO1213405120S1K	stools_11018101	na	NZ_LR134236.1	4757340	909412	19.1160	894224	98.3299	888115	99.3168	15188	1.6701	903157	99.3122	21973	2.4162	15718	71.5332	1358	6.1803	9207	41.9014	10823	49.2559	28477	74.3196	43894	61.6303	0.9937
ESO1213405120S1K	stools_11038150	na	NZ_LR134236.1	4757340	498337	10.4751	493662	99.0619	490847	99.4298	4675	0.9381	495487	99.4281	7756	1.5564	4906	63.2543	351	4.5255	4892	63.0737	2203	28.4038	28477	100.0000	148989	24.7616	0.9734
ESO1213405120S1K	stools_11049150	na	NZ_CP085488.1	4672036	1505665	32.2272	1495622	99.3330	1492592	99.7974	10043	0.6670	1502603	99.7966	13284	0.8823	10222	76.9497	562	4.2307	7453	56.1051	4965	37.3758	18416	55.4518	10809	100.0000	0.9981
ESO1213405120S1K	stools_12064150	na	NZ_LR134236.1	4757340	430723	9.0539	426094	98.9253	422845	99.2375	4629	1.0747	427404	99.2294	8187	1.9008	4868	59.4601	412	5.0324	4476	54.6720	2923	35.7029	28477	100.0000	111498	37.6419	0.9813
ESO1213405120S1K	stools_12098101	na	NZ_CP062908.1	4747440	1858700	39.1516	1845585	99.2944	1841192	99.7620	13115	0.7056	1854257	99.7610	17917	0.9640	13474	75.2023	459	2.5618	14522	81.0515	2534	14.1430	16502	100.0000	88154	23.7709	0.9849
ESO1213405120S1K	stools_12111102	na	NZ_LR134236.1	4757340	1065112	22.3888	1052872	98.8508	1047869	99.5248	12240	1.1492	1060056	99.5253	17835	1.6745	12779	71.6512	1156	6.4816	9993	56.0303	6000	33.6417	28477	55.6625	49367	30.5224	0.9897
ESO1213405120S1K	stools_12111102	na	NZ_CP085488.1	4672036	1069749	22.8968	1062172	99.2917	1057454	99.5558	7577	0.7083	1064991	99.5552	12632	1.1808	7874	62.3338	606	4.7973	5001	39.5899	6417	50.7996	18416	100.0000	74506	26.0919	0.9879
ESO1232702120S1K	EST1242801101S1K	na	NZ_OW967178.1	4863036	34758	0.7147	34688	99.7986	34131	98.3943	70	0.2014	34200	98.3946	744	2.1405	186	25.0000	117	15.7258	290	38.9785	333	44.7581	39117	0.0000	44936	0.0000	0.9873
ESO1232702120S1K	EST1358302101S1K	na	NZ_OW967178.1	4863036	283874	5.8374	283037	99.7052	278542	98.4119	837	0.2948	279367	98.4123	5870	2.0678	1363	23.2198	543	9.2504	2708	46.1329	2558	43.5775	39117	100.0000	96979	26.8254	0.9920
ESO1232702120S1K	EST1358401101S1K	na	NZ_OW967178.1	4863036	164314	3.3788	164012	99.8162	161309	98.3519	302	0.1838	161610	98.3544	3246	1.9755	542	16.6975	243	7.4861	1762	54.2822	1238	38.1392	39117	0.0000	89347	0.0000	0.9859
ESO1232711120S1K	ESO1238001120S1K	na	NZ_LR882493.1	4841444	94775	1.9576	94178	99.3701	92958	98.7046	597	0.6299	93550	98.7075	2154	2.2728	929	43.1291	371	17.2238	932	43.2683	763	35.4225	139404	80.0587	96945	94.1049	0.9844
ESO1232711120S1K	ESO1247206120S1K	na	NZ_LR882493.1	4841444	589515	12.1764	588264	99.7878	579467	98.5046	1251	0.2122	580703	98.5052	12125	2.0568	3313	27.3237	2089	17.2289	2961	24.4206	6839	56.4041	139404	100.0000	380647	54.3706	0.9472
ESO1232711120S1K	ESO1256804120S1K	na	NZ_CP053284.1	5244439	337687	6.4390	337151	99.8413	335852	99.6147	536	0.1587	336383	99.6138	2021	0.5985	717	35.4775	189	9.3518	585	28.9461	1178	58.2880	83306	69.9061	203128	67.8922	0.9613
ESO1232711120S1K	EST1234702101S1K	na	NZ_CP053284.1	5244439	285325	5.4405	284737	99.7939	283524	99.5740	588	0.2061	284111	99.5745	2124	0.7444	910	42.8437	326	15.3484	386	18.1733	1265	59.5574	83306	47.3723	169837	51.9622	0.9676
ESO1232711120S1K	EST1238001101S1K	na	NZ_LR882493.1	4841444	289658	5.9829	287887	99.3886	284197	98.7182	1771	0.6114	285947	98.7188	6119	2.1125	2408	39.3528	694	11.3417	2379	38.8789	2822	46.1186	139404	66.4364	110065	78.7453	0.9760
ESO1232711120S1K	EST1241105101S1K	na	NZ_CP053284.1	5244439	368392	7.0244	367679	99.8065	366219	99.6029	713	0.1935	366924	99.6015	2387	0.6480	919	38.5002	221	9.2585	844	35.3582	1234	51.6967	83306	75.0678	144222	61.6244	0.9725
ESO1232711120S1K	EST1242804101S1K	na	NZ_LR882493.1	4841444	258189	5.3329	256023	99.1611	253054	98.8403	2166	0.8389	255188	98.8377	5880	2.2774	2879	48.9626	836	14.2177	2414	41.0544	2355	40.0510	139404	70.4076	86273	100.0000	0.9799
ESO1232711120S1K	stools_11038150	na	NZ_LR882493.1	4841444	90614	1.8716	90373	99.7340	89170	98.6689	241	0.2660	89407	98.6680	1676	1.8496	469	27.9833	237	14.1408	632	37.7088	787	46.9570	139404	70.1608	156185	81.7825	0.9785
ESO1232711120S1K	stools_11047150	na	NZ_CP053284.1	5244439	1916421	36.5420	1909380	99.6326	1901816	99.6039	7041	0.3674	1908812	99.6030	15487	0.8081	7878	50.8685	1014	6.5474	4680	30.2189	9326	60.2182	83306	93.1193	212087	45.2286	0.9720
ESO1232711120S1K	stools_11049150	na	NZ_CP053284.1	5244439	632792	12.0660	629550	99.4877	626421	99.5030	3242	0.5123	629632	99.5006	6885	1.0880	3725	54.1031	622	9.0341	3486	50.6318	2480	36.0203	83306	74.8494	141159	60.6026	0.9796
ESO1232711120S1K	stools_11104150	na	NZ_CP053284.1	5244439	415605	7.9247	414960	99.8448	414062	99.7836	645	0.1552	414704	99.7832	1846	0.4442	945	51.1918	304	16.4680	709	38.4074	732	39.6533	83306	81.9485	368664	33.6469	0.9297
ESO1232711120S1K	stools_11108150	na	NZ_LR882493.1	4841444	304767	6.2950	303075	99.4448	299912	98.9564	1692	0.5552	301579	98.9540	5580	1.8309	2392	42.8674	797	14.2832	2060	36.9176	2505	44.8925	139404	83.4768	136713	85.6429	0.9809
ESO1232711120S1K	stools_12062501	na	NZ_LR882493.1	4841444	258214	5.3334	256945	99.5085	253390	98.6164	1269	0.4915	254642	98.6167	5463	2.1157	1891	34.6147	650	11.8982	1384	25.3341	3321	60.7908	139404	74.4692	173853	71.3867	0.9766
ESO1232711120S1K	stools_12065150	na	NZ_LR882493.1	4841444	437568	9.0380	435996	99.6407	429622	98.5381	1572	0.3593	431164	98.5365	9388	2.1455	2984	31.7853	1466	15.6157	2064	21.9855	5615	59.8104	139404	100.0000	285777	58.1814	0.9653
ESO1232711120S1K	stools_12068102	na	NZ_LR882493.1	4841444	496070	10.2463	493142	99.4098	487130	98.7809	2928	0.5902	490026	98.7816	10408	2.0981	4364	41.9293	1538	14.7771	2738	26.3067	5702	54.7848	139404	82.7193	144133	70.1075	0.9785
ESO1232711120S1K	stools_12068150	na	NZ_LR882493.1	4841444	414631	8.5642	411630	99.2762	405958	98.6221	3001	0.7238	408917	98.6219	9965	2.4033	4251	42.6593	1376	13.8083	2680	26.8941	5550	55.6949	139404	86.0743	163435	66.6289	0.9778
ESO1232711120S1K	stools_12075101	na	NZ_CP053284.1	5244439	3547729	67.6474	3538701	99.7455	3531386	99.7933	9028	0.2545	3540375	99.7927	17455	0.4920	10101	57.8688	1274	7.2988	8926	51.1372	6856	39.2781	83306	83.2317	329441	30.4504	0.9466
ESO1232711120S1K	stools_12080101	na	NZ_LR882493.1	4841444	187020	3.8629	186228	99.5765	183972	98.7886	792	0.4235	184757	98.7900	3748	2.0041	1485	39.6211	724	19.3170	1294	34.5251	1634	43.5966	139404	95.3430	236087	72.5144	0.9728
ESO1232711120S1K	stools_12087150	na	NZ_CP053284.1	5244439	649983	12.3938	648603	99.7877	645140	99.4661	1380	0.2123	646513	99.4661	5209	0.8014	1739	33.3845	380	7.2951	1302	24.9952	3368	64.6573	83306	67.9687	232762	56.5397	0.9556
ESO1232711120S1K	stools_12087501	na	NZ_LR882493.1	4841444	76494	1.5800	76002	99.3568	73802	97.1053	492	0.6432	74272	97.0952	2907	3.8003	685	23.5638	217	7.4647	681	23.4262	1994	68.5931	139404	80.7430	172664	63.6485	0.9715
ESO1232711120S1K	stools_12096150	na	NZ_CP053284.1	5244439	1696256	32.3439	1692509	99.7791	1689954	99.8490	3747	0.2209	1693678	99.8480	7179	0.4232	4601	64.0897	923	12.8569	3574	49.7841	2384	33.2080	83306	100.0000	300171	38.8958	0.9559
ESO1232711120S1K	stools_12096150	na	NZ_LR882493.1	4841444	58412	1.2065	58218	99.6679	57756	99.2064	194	0.3321	57948	99.2056	978	1.6743	514	52.5562	322	32.9243	336	34.3558	272	27.8119	139404	77.9684	464029	37.0335	0.9167
ESO1232711120S1K	stools_12100501	na	NZ_CP053284.1	5244439	1346267	25.6704	1339764	99.5170	1334338	99.5950	6503	0.4830	1340788	99.5930	12678	0.9417	7199	56.7834	1072	8.4556	4643	36.6225	6427	50.6941	83306	86.1283	144374	51.2946	0.9802
ESO1232711120S1K	stools_12111102	na	NZ_LR882493.1	4841444	240337	4.9642	239168	99.5136	236496	98.8828	1169	0.4864	237654	98.8837	4325	1.7996	1642	37.9653	508	11.7457	2041	47.1908	1640	37.9191	139404	87.8454	183189	71.6200	0.9770
ESO1232711120S1K	stools_12111150	na	NZ_CP053284.1	5244439	671690	12.8077	668789	99.5681	656629	98.1818	2901	0.4319	659475	98.1815	15391	2.2914	3176	20.6354	340	2.2091	1339	8.6999	13620	88.4933	83306	74.4232	271879	44.7250	0.9482
ESO1233801120S1K	EST1233801101S1K	na	NZ_CP088131.1	4785944	212722	4.4447	212150	99.7311	211534	99.7096	572	0.2689	212101	99.7081	1286	0.6045	665	51.7107	107	8.3204	314	24.4168	859	66.7963	256114	73.0874	165368	74.7170	0.9624
ESO1233801120S1K	stools_11016150	na	NZ_CP088131.1	4785944	307389	6.4227	306610	99.7466	304675	99.3689	779	0.2534	305452	99.3699	2814	0.9155	877	31.1656	120	4.2644	399	14.1791	2297	81.6276	256114	90.9587	316015	61.2601	0.9663
ESO1233801120S1K	stools_11031101	na	NZ_CP088131.1	4785944	81064	1.6938	81014	99.9383	80649	99.5495	50	0.0617	80697	99.5473	436	0.5378	69	15.8257	21	4.8165	88	20.1835	327	75.0000	256114	50.2842	164374	86.8976	0.9638
ESO1233801120S1K	stools_11031501	na	NZ_CP088131.1	4785944	67925	1.4193	67894	99.9544	67516	99.4432	31	0.0456	67547	99.4435	436	0.6419	58	13.3028	27	6.1927	91	20.8716	320	73.3945	256114	59.0596	213343	65.9483	0.9615
ESO1233804120S1K	EST1233804101S1K	na	NZ_CP087377.1	5230678	529171	10.1167	528226	99.8214	526687	99.7086	945	0.1786	527630	99.7088	2609	0.4930	1068	40.9352	130	4.9828	286	10.9621	2159	82.7520	98041	90.5223	88211	100.0000	0.9913
ESO1233804120S1K	EST1357102101S1K	na	NZ_CP087377.1	5230678	125354	2.3965	125263	99.9274	124548	99.4292	91	0.0726	124638	99.4288	818	0.6526	102	12.4694	18	2.2005	108	13.2029	689	84.2298	98041	7.4601	20582	100.0000	0.9868
ESO1233804120S1K	stools_11023101	na	NZ_CP087377.1	5230678	503488	9.6257	502927	99.8886	502097	99.8350	561	0.1114	502657	99.8350	1488	0.2955	657	44.1532	100	6.7204	323	21.7070	1051	70.6317	98041	46.7131	24986	100.0000	0.9835
ESO1233804120S1K	stools_12092101	na	NZ_CP087377.1	5230678	966131	18.4705	953929	98.7370	947130	99.2873	12202	1.2630	959303	99.2933	19047	1.9715	12219	64.1518	57	0.2993	503	2.6408	18461	96.9234	98041	54.1733	95021	39.6302	0.9739
ESO1233807120S1K	ESO1238006120S1K	na	NZ_LR134231.1	4594692	299752	6.5239	298208	99.4849	296048	99.2757	1544	0.5151	297579	99.2751	3920	1.3077	1747	44.5663	255	6.5051	1512	38.5714	1870	47.7041	35694	61.3577	78701	51.2763	0.9829
ESO1233807120S1K	ESO1242209120S1K	na	NZ_LR134231.1	4594692	1642212	35.7415	1633211	99.4519	1628215	99.6941	9001	0.5481	1637191	99.6943	14234	0.8668	9213	64.7253	364	2.5573	11689	82.1203	1944	13.6574	35694	100.0000	65179	57.7993	0.9922
ESO1233807120S1K	ESO1247101120S1K	na	NZ_LR134231.1	4594692	2891906	62.9401	2877577	99.5045	2869580	99.7221	14329	0.4955	2883876	99.7223	22733	0.7861	14703	64.6769	715	3.1452	18767	82.5540	2819	12.4005	35694	58.6233	52184	37.7798	0.9884
ESO1233807120S1K	ESO1247204120S1K	na	NZ_AP022261.1	4907327	2762595	56.2953	2750320	99.5557	2745810	99.8360	12275	0.4443	2758058	99.8358	17305	0.6264	12768	73.7821	802	4.6345	9634	55.6718	6458	37.3187	63568	10.7727	21509	56.9529	0.9854
ESO1233807120S1K	ESO1254204120S1K	na	NZ_LR134231.1	4594692	1601846	34.8630	1589678	99.2404	1583970	99.6409	12168	0.7596	1596106	99.6417	18256	1.1397	12516	68.5583	779	4.2671	10605	58.0905	6407	35.0953	35694	80.0191	32039	100.0000	0.9974
ESO1233807120S1K	ESO1356602120S1K	na	NZ_LR134231.1	4594692	737637	16.0541	729109	98.8439	723811	99.2734	8528	1.1561	732276	99.2732	14133	1.9160	8772	62.0675	587	4.1534	5490	38.8453	7742	54.7796	35694	80.0191	37958	66.1679	0.9948
ESO1233807120S1K	EST1213404301S1K	na	NZ_LR134231.1	4594692	1337051	29.0999	1329745	99.4536	1324960	99.6402	7306	0.5464	1332246	99.6406	12476	0.9331	7671	61.4861	513	4.1119	8420	67.4896	3258	26.1141	35694	100.0000	101391	54.9822	0.9842
ESO1233807120S1K	EST1233822201S1K	na	NZ_LR134231.1	4594692	1075905	23.4163	1066627	99.1377	1058402	99.2289	9278	0.8623	1067610	99.2290	17858	1.6598	9563	53.5502	556	3.1135	6660	37.2942	10237	57.3244	35694	100.0000	109930	38.1415	0.9827
ESO1233807120S1K	EST1242704101S1K	na	NZ_LR134231.1	4594692	2521744	54.8839	2505343	99.3496	2498138	99.7124	16401	0.6504	2514512	99.7132	24017	0.9524	16785	69.8880	989	4.1179	16516	68.7680	5999	24.9781	35694	80.0191	55774	56.1911	0.9916
ESO1233807120S1K	EST1242805101S1K	na	NZ_LR134231.1	4594692	1687461	36.7263	1677259	99.3954	1671907	99.6809	10202	0.6046	1682086	99.6815	15866	0.9402	10491	66.1225	641	4.0401	11108	70.0113	3671	23.1375	35694	100.0000	56340	66.8459	0.9944
ESO1233807120S1K	EST1350507101S1K	na	NZ_LR134231.1	4594692	2931755	63.8074	2917663	99.5193	2909754	99.7289	14092	0.4807	2923817	99.7292	22458	0.7660	14520	64.6540	608	2.7073	19167	85.3460	2407	10.7178	35694	80.0191	39446	70.7169	0.9944
ESO1233807120S1K	EST1358301101S1K	na	NZ_LR134231.1	4594692	3046703	66.3092	3019222	99.0980	3010925	99.7252	27481	0.9020	3038333	99.7253	36233	1.1893	27863	76.8995	1159	3.1987	18877	52.0989	15628	43.1320	35694	58.6233	55154	37.2575	0.9889
ESO1233807120S1K	stools_11007150	na	NZ_LR134231.1	4594692	893747	19.4517	887304	99.2791	881373	99.3316	6443	0.7209	887741	99.3280	12654	1.4158	6648	52.5367	396	3.1294	5964	47.1313	6069	47.9611	35694	82.5489	54887	72.6092	0.9930
ESO1233807120S1K	stools_11023101	na	NZ_AP022261.1	4907327	3647227	74.3221	3634427	99.6490	3632288	99.9411	12800	0.3510	3645079	99.9411	15824	0.4339	13676	86.4257	996	6.2942	10883	68.7753	3626	22.9146	63568	72.9376	74952	53.7637	0.9858
ESO1233807120S1K	stools_11038101	na	NZ_LR134231.1	4594692	1607760	34.9917	1596753	99.3154	1591486	99.6701	11007	0.6846	1602463	99.6705	16493	1.0258	11196	67.8833	562	3.4075	12287	74.4983	3326	20.1661	35694	58.6233	28166	70.1023	0.9946
ESO1233807120S1K	stools_11038501	na	NZ_LR134231.1	4594692	364669	7.9367	363027	99.5497	361633	99.6160	1642	0.4503	363271	99.6166	3134	0.8594	1736	55.3925	109	3.4780	2270	72.4314	673	21.4742	35694	61.3577	162476	32.0607	0.9646
ESO1233807120S1K	stools_11044501	na	NZ_LR134231.1	4594692	1585752	34.5127	1573220	99.2097	1567920	99.6631	12532	0.7903	1580423	99.6639	18155	1.1449	12826	70.6472	920	5.0675	11190	61.6359	5559	30.6197	35694	100.0000	49308	76.2635	0.9967
ESO1233807120S1K	stools_11107501	na	NZ_LR134231.1	4594692	417617	9.0891	415505	99.4943	413655	99.5548	2112	0.5057	415758	99.5549	4204	1.0067	2345	55.7802	249	5.9229	3018	71.7888	817	19.4339	35694	100.0000	157531	34.3888	0.9724
ESO1233807120S1K	stools_11109150	na	NZ_AP022261.1	4907327	3723998	75.8865	3708222	99.5764	3705083	99.9154	15776	0.4236	3720827	99.9148	20217	0.5429	17046	84.3152	1716	8.4879	11122	55.0131	6927	34.2632	63568	43.9702	101353	29.8807	0.9759
ESO1233807120S1K	stools_12058150	na	NZ_LR134231.1	4594692	315232	6.8608	313381	99.4128	311715	99.4684	1851	0.5872	313560	99.4696	3673	1.1652	2001	54.4786	168	4.5739	2699	73.4822	722	19.6570	35694	100.0000	118020	41.9548	0.9819
ESO1233807120S1K	stools_12060501	na	NZ_LR134231.1	4594692	1259691	27.4162	1252075	99.3954	1246032	99.5174	7616	0.6046	1253624	99.5184	14235	1.1300	8168	57.3797	831	5.8377	6809	47.8328	5742	40.3372	35694	82.5489	68981	63.9872	0.9895
ESO1233807120S1K	stools_12062101	na	NZ_LR134231.1	4594692	1268040	27.5979	1260754	99.4254	1255616	99.5925	7286	0.5746	1262883	99.5933	12660	0.9984	7503	59.2654	377	2.9779	7940	62.7172	4026	31.8009	35694	62.5679	60817	47.1595	0.9887
ESO1233807120S1K	stools_12072101	na	NZ_LR134231.1	4594692	763913	16.6260	757013	99.0968	753945	99.5947	6900	0.9032	760831	99.5966	10137	1.3270	7055	69.5965	336	3.3146	6706	66.1537	2952	29.1210	35694	80.0191	30305	100.0000	0.9969
ESO1233807120S1K	stools_12084101	na	NZ_LR134231.1	4594692	1423099	30.9727	1410708	99.1293	1406033	99.6686	12391	0.8707	1418397	99.6696	17434	1.2251	12732	73.0297	807	4.6289	9959	57.1240	6169	35.3849	35694	80.0191	45884	66.8381	0.9943
ESO1233807120S1K	stools_12084102	na	NZ_LR134231.1	4594692	2665937	58.0221	2651834	99.4710	2643049	99.6687	14103	0.5290	2657119	99.6692	23533	0.8827	14715	62.5292	783	3.3272	17678	75.1200	4646	19.7425	35694	80.0191	44020	72.6465	0.9946
ESO1233807120S1K	stools_12090501	na	NZ_AP022261.1	4907327	3719414	75.7931	3692452	99.2751	3688187	99.8845	26962	0.7249	3715101	99.8840	31700	0.8523	27387	86.3943	1277	4.0284	12532	39.5331	17431	54.9874	63568	23.1815	11796	48.8301	0.9870
ESO1233807120S1K	stools_12098150	na	NZ_LR134231.1	4594692	362051	7.8798	359794	99.3766	357679	99.4122	2257	0.6234	359927	99.4133	4509	1.2454	2385	52.8942	165	3.6593	2958	65.6021	1316	29.1861	35694	100.0000	97381	41.5091	0.9851
ESO1233822120S1K	ESO1233822220S1K	na	NZ_CP020055.1	4658583	1869817	40.1370	1867398	99.8706	1866499	99.9519	2419	0.1294	1868914	99.9517	4305	0.2302	3402	79.0244	1072	24.9013	1042	24.2044	1895	44.0186	96994	100.0000	142786	70.6393	0.9879
ESO1233822120S1K	ESO1236802120S1K	na	NZ_CP051738.1	5166012	1494004	28.9199	1486411	99.4918	1476718	99.3479	7593	0.5082	1484279	99.3491	17705	1.1851	7980	45.0720	556	3.1404	3825	21.6041	13056	73.7419	142896	39.7940	124798	38.3059	0.9628
ESO1233822120S1K	ESO1236802120S1K	na	NZ_CP020055.1	4658583	1679704	36.0561	1674166	99.6703	1667785	99.6189	5538	0.3297	1673300	99.6187	12517	0.7452	6113	48.8376	674	5.3847	2079	16.6094	9518	76.0406	96994	36.6188	33894	100.0000	0.9861
ESO1233822120S1K	ESO1238002120S1K	na	NZ_LR134216.1	4647667	1436821	30.9149	1433090	99.7403	1430915	99.8482	3731	0.2597	1434636	99.8479	6122	0.4261	3937	64.3090	250	4.0836	1990	32.5057	3779	61.7282	62545	56.1036	39608	76.4189	0.9905
ESO1233822120S1K	ESO1241110120S1K	na	NZ_LR134216.1	4647667	1924174	41.4009	1918048	99.6816	1916096	99.8982	6126	0.3184	1922206	99.8977	8268	0.4297	6300	76.1974	411	4.9710	3404	41.1708	4120	49.8307	62545	69.4108	110564	39.3718	0.9809
ESO1233822120S1K	ESO1242805120S1K	na	NZ_LR134216.1	4647667	1177952	25.3450	1175986	99.8331	1174461	99.8703	1966	0.1669	1176421	99.8700	3641	0.3091	2110	57.9511	171	4.6965	1714	47.0750	1667	45.7841	62545	56.1036	86978	42.4280	0.9828
ESO1233822120S1K	ESO1254203120S1K	na	NZ_CP051738.1	5166012	649857	12.5795	647500	99.6373	644529	99.5412	2357	0.3627	646871	99.5405	5480	0.8433	2494	45.5109	177	3.2299	2058	37.5547	3175	57.9380	142896	62.1158	127241	55.6118	0.9663
ESO1233822120S1K	ESO1350502120S1K	na	NZ_LR134216.1	4647667	864048	18.5910	861777	99.7372	858634	99.6353	2271	0.2628	860900	99.6357	5599	0.6480	2451	43.7757	204	3.6435	1438	25.6832	3875	69.2088	62545	56.1036	58924	52.4896	0.9881
ESO1233822120S1K	ESO1359003120S1K	na	NZ_LR134216.1	4647667	455391	9.7983	453124	99.5022	451651	99.6749	2267	0.4978	453904	99.6735	3899	0.8562	2412	61.8620	237	6.0785	2425	62.1954	1106	28.3662	62545	19.7778	46906	26.4934	0.9817
ESO1233822120S1K	ESO1361004120S1K	na	NZ_LR134216.1	4647667	2279321	49.0423	2275911	99.8504	2273496	99.8939	3410	0.1496	2276892	99.8934	6247	0.2741	3818	61.1173	514	8.2279	3600	57.6277	1965	31.4551	62545	56.1036	130473	34.4247	0.9734
ESO1233822120S1K	EST1212703101S1K	na	NZ_CP051738.1	5166012	2861948	55.3996	2851129	99.6220	2847526	99.8736	10819	0.3780	2858312	99.8730	14837	0.5184	11201	75.4937	615	4.1450	7718	52.0186	6282	42.3401	142896	7.2010	8274	100.0000	0.9739
ESO1233822120S1K	EST1232905101S1K	na	NZ_CP038180.1	4541147	1354081	29.8180	1348331	99.5754	1346261	99.8465	5750	0.4246	1351990	99.8456	8465	0.6251	6374	75.2983	839	9.9114	3690	43.5913	3735	44.1229	56122	54.6862	53678	60.6692	0.9893
ESO1233822120S1K	EST1234707101S1K	na	NZ_LR134216.1	4647667	1095262	23.5658	1092241	99.7242	1088550	99.6621	3021	0.2758	1091554	99.6615	6996	0.6388	3288	46.9983	323	4.6169	1826	26.1006	4748	67.8674	62545	69.4108	74897	62.5472	0.9890
ESO1233822120S1K	EST1236807101S1K	na	NZ_LR134216.1	4647667	894412	19.2443	892792	99.8189	891476	99.8526	1620	0.1811	893083	99.8514	3114	0.3482	1785	57.3218	184	5.9088	1652	53.0507	1216	39.0495	62545	89.1886	121750	41.4579	0.9814
ESO1233822120S1K	EST1241108101S1K	na	NZ_CP051738.1	5166012	1455500	28.1745	1445812	99.3344	1433717	99.1634	9688	0.6656	1443341	99.1646	22040	1.5143	9881	44.8321	408	1.8512	3533	16.0299	17833	80.9120	142896	0.0000	0	0.0000	0.9733
ESO1233822120S1K	EST1241110101S1K	na	NZ_LR134216.1	4647667	2492218	53.6230	2488824	99.8638	2486069	99.8893	3394	0.1362	2489449	99.8889	6423	0.2577	3654	56.8893	317	4.9354	4363	67.9278	1645	25.6111	62545	71.0432	88853	47.0294	0.9844
ESO1233822120S1K	EST1247101101S1K	na	NZ_CP038180.1	4541147	281202	6.1923	280570	99.7753	280239	99.8820	632	0.2247	280870	99.8819	1113	0.3958	781	70.1707	150	13.4771	711	63.8814	212	19.0476	56122	46.0889	89298	79.2369	0.9803
ESO1233822120S1K	EST1247106101S1K	na	NZ_LR134216.1	4647667	664941	14.3070	663310	99.7547	659323	99.3989	1631	0.2453	660942	99.3986	5741	0.8634	1742	30.3431	141	2.4560	1072	18.6727	4435	77.2513	62545	45.5288	81377	41.6334	0.9797
ESO1233822120S1K	EST1247109101S1K	na	NZ_CP038180.1	4541147	1117245	24.6027	1110222	99.3714	1106553	99.6695	7023	0.6286	1113512	99.6659	11324	1.0136	7591	67.0346	899	7.9389	3371	29.7686	6494	57.3472	56122	64.7482	54710	66.9311	0.9894
ESO1233822120S1K	EST1254203101S1K	na	NZ_CP051738.1	5166012	344395	6.6666	343558	99.7570	341138	99.2956	837	0.2430	341970	99.2959	3306	0.9599	881	26.6485	53	1.6031	916	27.7072	2298	69.5100	142896	0.0000	0	0.0000	0.9877
ESO1233822120S1K	EST1254204101S1K	na	NZ_LR134216.1	4647667	669440	14.4038	667878	99.7667	667303	99.9139	1562	0.2333	668861	99.9135	2595	0.3876	2016	77.6879	485	18.6898	1185	45.6647	785	30.2505	62545	66.9150	42218	100.0000	0.9930
ESO1233822120S1K	EST1350510101S1K	na	NZ_LR134216.1	4647667	2484075	53.4478	2462965	99.1502	2460634	99.9054	21110	0.8498	2481710	99.9048	24051	0.9682	21686	90.1667	941	3.9125	4387	18.2404	18264	75.9386	62545	56.1036	46147	70.8042	0.9906
ESO1233822120S1K	stools_11005150	na	NZ_CP051738.1	5166012	556103	10.7646	554575	99.7252	551672	99.4765	1528	0.2748	553192	99.4765	4560	0.8200	1649	36.1623	147	3.2237	1433	31.4254	2881	63.1798	142896	36.6238	124529	45.9909	0.9726
ESO1233822120S1K	stools_11016101	na	NZ_CP020055.1	4658583	2281196	48.9676	2270955	99.5511	2266649	99.8104	10241	0.4489	2276852	99.8096	15269	0.6693	10925	71.5502	927	6.0711	3097	20.2829	10885	71.2882	96994	19.2383	18509	100.0000	0.9830
ESO1233822120S1K	stools_11017501	na	NZ_LR134216.1	4647667	922856	19.8563	916346	99.2946	913834	99.7259	6510	0.7054	920324	99.7256	9248	1.0021	6716	72.6211	391	4.2279	2475	26.7625	6112	66.0900	62545	19.7778	22132	56.2082	0.9871
ESO1233822120S1K	stools_11020501	na	NZ_LR134216.1	4647667	1218270	26.2125	1214129	99.6601	1210296	99.6843	4141	0.3399	1214412	99.6833	8305	0.6817	4447	53.5461	371	4.4672	2241	26.9837	5551	66.8393	62545	14.9396	26544	38.7997	0.9848
ESO1233822120S1K	stools_11021101	na	NZ_CP051738.1	5166012	200585	3.8828	200107	99.7617	198141	99.0175	478	0.2383	198615	99.0179	2481	1.2369	511	20.5965	38	1.5316	453	18.2588	1953	78.7183	142896	44.4757	148290	72.0487	0.9731
ESO1233822120S1K	stools_11041101	na	NZ_CP020055.1	4658583	1736482	37.2749	1732472	99.7691	1728996	99.7994	4010	0.2309	1732984	99.7986	8017	0.4617	4519	56.3677	570	7.1099	2282	28.4645	5035	62.8040	96994	71.8642	53973	100.0000	0.9903
ESO1233822120S1K	stools_11041102	na	NZ_LR134216.1	4647667	662006	14.2438	658530	99.4749	656060	99.6249	3476	0.5251	659520	99.6245	6165	0.9313	3679	59.6756	286	4.6391	2232	36.2044	3543	57.4696	62545	34.7174	20532	66.4572	0.9880
ESO1233822120S1K	stools_11042150	na	NZ_LR134216.1	4647667	760021	16.3527	756781	99.5737	754053	99.6395	3240	0.4263	757285	99.6400	6188	0.8142	3452	55.7854	266	4.2986	1797	29.0401	3958	63.9625	62545	56.1036	45123	77.7652	0.9918
ESO1233822120S1K	stools_11113501	na	NZ_LR134216.1	4647667	581989	12.5222	580826	99.8002	578589	99.6149	1163	0.1998	579746	99.6146	3524	0.6055	1281	36.3507	124	3.5187	983	27.8944	2387	67.7355	62545	74.2489	119770	55.7585	0.9819
ESO1233822120S1K	stools_12057501	na	NZ_CP020055.1	4658583	1649287	35.4032	1642956	99.6161	1638482	99.7277	6331	0.3839	1644773	99.7263	11383	0.6902	6869	60.3444	679	5.9650	2325	20.4252	8043	70.6580	96994	66.5897	71228	92.8034	0.9892
ESO1233822120S1K	stools_12062501	na	NZ_CP051738.1	5166012	1165999	22.5706	1159502	99.4428	1149421	99.1306	6497	0.5572	1155866	99.1310	16817	1.4423	6684	39.7455	309	1.8374	2770	16.4714	13533	80.4721	142896	30.3060	38195	83.5633	0.9765
ESO1233822120S1K	stools_12079150	na	NZ_CP051738.1	5166012	310690	6.0141	309981	99.7718	308128	99.4022	709	0.2282	308833	99.4023	2596	0.8356	739	28.4669	36	1.3867	781	30.0847	1753	67.5270	142896	60.5531	269499	63.1772	0.9493
ESO1233822120S1K	stools_12117150	na	NZ_LR134216.1	4647667	1312922	28.2491	1308660	99.6754	1305306	99.7437	4262	0.3246	1309550	99.7432	7949	0.6054	4577	57.5796	388	4.8811	2131	26.8084	5259	66.1593	62545	100.0000	106136	62.4378	0.9885
ESO1233822220S1K	ESO1236802120S1K	na	NZ_CP020055.1	4658583	1008352	21.6450	1005045	99.6720	1001015	99.5990	3307	0.3280	1004309	99.5990	7644	0.7581	3601	47.1088	318	4.1601	1371	17.9356	5914	77.3679	142786	29.5372	33894	100.0000	0.9762
ESO1233822220S1K	ESO1241104120S1K	na	NZ_LR134236.1	4757340	775543	16.3020	771050	99.4207	768811	99.7096	4493	0.5793	773291	99.7096	7258	0.9359	5006	68.9722	623	8.5836	1804	24.8553	4458	61.4219	109899	32.9439	98045	36.2436	0.9744
ESO1233822220S1K	ESO1241110120S1K	na	NZ_LR134236.1	4757340	449053	9.4392	448095	99.7867	445727	99.4715	958	0.2133	446667	99.4687	3853	0.8580	1467	38.0742	535	13.8853	1706	44.2772	1541	39.9948	109899	86.9926	212017	53.6731	0.9723
ESO1233822220S1K	ESO1247109120S1K	na	NZ_LR134236.1	4757340	533611	11.2166	532116	99.7198	530336	99.6655	1495	0.2802	531817	99.6638	3424	0.6417	1630	47.6051	176	5.1402	1959	57.2138	1136	33.1776	109899	51.4400	159394	30.4472	0.9659
ESO1233822220S1K	ESO1254306120S1K	na	NZ_LR134236.1	4757340	415095	8.7254	414120	99.7651	412379	99.5796	975	0.2349	413343	99.5779	2993	0.7210	1241	41.4634	288	9.6225	1395	46.6088	1178	39.3585	109899	30.9566	132037	23.5002	0.9608
ESO1233822220S1K	ESO1358401120S1K	na	NZ_LR134236.1	4757340	354876	7.4595	354277	99.8312	353047	99.6528	599	0.1688	353646	99.6534	2076	0.5850	846	40.7514	254	12.2351	827	39.8362	963	46.3873	109899	81.1764	191495	67.9976	0.9738
ESO1233822220S1K	EST1212705101S1K	na	NZ_LR134236.1	4757340	331471	6.9676	330352	99.6624	328036	99.2989	1119	0.3376	329150	99.2998	4069	1.2276	1748	42.9590	651	15.9990	1279	31.4328	2021	49.6682	109899	78.2045	69643	100.0000	0.9858
ESO1233822220S1K	EST1358401101S1K	na	NZ_LR134236.1	4757340	564888	11.8740	562968	99.6601	561182	99.6828	1920	0.3399	563092	99.6821	4027	0.7129	2231	55.4010	347	8.6168	1939	48.1500	1539	38.2170	109899	44.9931	68509	61.1277	0.9800
ESO1233822220S1K	stools_11011101	na	NZ_LR134236.1	4757340	408353	8.5836	406275	99.4911	404010	99.4425	2078	0.5089	406063	99.4392	4717	1.1551	2427	51.4522	421	8.9252	1515	32.1179	2623	55.6074	109899	46.6765	68024	61.6385	0.9789
ESO1233822220S1K	stools_11011150	na	NZ_LR134236.1	4757340	340754	7.1627	340200	99.8374	338882	99.6126	554	0.1626	339430	99.6114	2067	0.6066	743	35.9458	204	9.8694	1036	50.1209	778	37.6391	109899	64.4892	103201	64.7969	0.9799
ESO1233822220S1K	stools_11016101	na	NZ_CP020055.1	4658583	1356238	29.1127	1350484	99.5757	1347699	99.7938	5754	0.4243	1353440	99.7937	8899	0.6562	6101	68.5583	401	4.5061	1892	21.2608	6461	72.6037	142786	17.3511	18509	100.0000	0.9732
ESO1233822220S1K	stools_11018101	na	NZ_LR134236.1	4757340	411303	8.6457	407584	99.0958	404608	99.2698	3719	0.9042	408292	99.2679	6981	1.6973	3970	56.8686	323	4.6268	1619	23.1915	4913	70.3767	109899	35.8511	43894	76.3726	0.9838
ESO1233822220S1K	stools_11038150	na	NZ_LR134236.1	4757340	300891	6.3248	300291	99.8006	298956	99.5554	600	0.1994	299553	99.5553	2183	0.7255	845	38.7082	264	12.0934	759	34.7687	1086	49.7481	109899	86.9926	148989	67.9547	0.9750
ESO1233822220S1K	stools_11041101	na	NZ_CP020055.1	4658583	1057091	22.6913	1054622	99.7664	1052319	99.7816	2469	0.2336	1054784	99.7818	5030	0.4758	2723	54.1352	274	5.4473	1533	30.4771	3167	62.9622	142786	53.3169	53973	100.0000	0.9805
ESO1233822220S1K	stools_12057501	na	NZ_CP020055.1	4658583	997655	21.4154	993986	99.6322	991003	99.6999	3669	0.3678	994653	99.6991	7006	0.7022	4004	57.1510	373	5.3240	1401	19.9971	5130	73.2230	142786	53.6852	71228	100.0000	0.9830
ESO1233822220S1K	stools_12064150	na	NZ_LR134236.1	4757340	175721	3.6937	175151	99.6756	173418	99.0106	570	0.3244	173983	99.0109	2474	1.4079	736	29.7494	173	6.9927	659	26.6370	1634	66.0469	109899	58.0005	111498	57.7490	0.9771
ESO1233822220S1K	stools_12111102	na	NZ_LR134236.1	4757340	567485	11.9286	565185	99.5947	562768	99.5724	2300	0.4053	565052	99.5713	5112	0.9008	2679	52.4061	436	8.5290	1451	28.3842	3000	58.6854	109899	32.9439	49367	63.4027	0.9794
ESO1234703120S1K	ESO1254203120S1K	na	NZ_AP022298.1	5121071	126868	2.4774	126637	99.8179	125959	99.4646	231	0.1821	126189	99.4648	1002	0.7898	323	32.2355	104	10.3792	625	62.3752	231	23.0539	0	0.0000	30113	0.0000	1.0000
ESO1234703120S1K	ESO1358301220S1K	na	NZ_AP022298.1	5121071	61279	1.1966	61143	99.7781	60341	98.6883	136	0.2219	60476	98.6896	1019	1.6629	216	21.1973	84	8.2434	252	24.7301	679	66.6340	0	0.0000	11603	0.0000	1.0000
ESO1234703120S1K	EST1361002101S1K	na	NZ_AP022298.1	5121071	145952	2.8500	145818	99.9082	143863	98.6593	134	0.0918	143996	98.6598	2298	1.5745	342	14.8825	209	9.0949	598	26.0226	1486	64.6649	0	0.0000	225851	0.0000	1.0000
ESO1234703120S1K	stools_11108501	na	NZ_AP022298.1	5121071	105246	2.0552	104569	99.3567	103310	98.7960	677	0.6433	103976	98.7933	2058	1.9554	788	38.2896	130	6.3168	452	21.9631	1448	70.3596	0	0.0000	20115	0.0000	1.0000
ESO1234704120S1K	ESO1242705120S1K	na	NZ_CP027126.1	4877957	478269	9.8047	476303	99.5889	473326	99.3750	1966	0.4111	475277	99.3744	5223	1.0921	2231	42.7149	311	5.9544	2109	40.3791	2660	50.9286	81259	65.2162	83436	31.8376	0.9794
ESO1234704120S1K	ESO1358303120S1K	na	NZ_CP027126.1	4877957	416694	8.5424	415784	99.7816	413717	99.5029	910	0.2184	414617	99.5016	3107	0.7456	1030	33.1509	134	4.3128	1924	61.9247	1009	32.4751	81259	76.1885	129044	49.7939	0.9812
ESO1234704120S1K	EST1234703101S1K	na	NZ_AP022177.1	4733200	835132	17.6441	832727	99.7120	827969	99.4286	2405	0.2880	830357	99.4282	7517	0.9001	2742	36.4773	375	4.9887	4991	66.3962	2037	27.0986	94224	76.3616	128448	55.3952	0.9824
ESO1234704120S1K	EST1241108201S1K	na	NZ_AP022177.1	4733200	263845	5.5743	263359	99.8158	261792	99.4050	486	0.1842	262273	99.4042	2151	0.8153	579	26.9177	99	4.6025	1722	80.0558	324	15.0628	94224	70.0289	198544	44.9648	0.9663
ESO1234704120S1K	EST1350807101S1K	na	NZ_CP027126.1	4877957	232313	4.7625	231701	99.7366	230114	99.3151	612	0.2634	230714	99.3117	2327	1.0017	728	31.2849	136	5.8444	1015	43.6184	1129	48.5174	81259	52.5665	124959	28.7198	0.9710
ESO1234704120S1K	EST1358302101S1K	na	NZ_CP027126.1	4877957	770997	15.8057	765747	99.3191	763247	99.6735	5250	0.6809	768470	99.6722	7867	1.0204	5340	67.8785	213	2.7075	3244	41.2355	4159	52.8664	81259	76.1885	88054	56.9083	0.9831
ESO1234704120S1K	stools_11005101	na	NZ_AP022177.1	4733200	191107	4.0376	190742	99.8090	189418	99.3059	365	0.1910	189775	99.3030	1784	0.9335	452	25.3363	96	5.3812	1111	62.2758	534	29.9327	94224	60.6151	196938	45.6875	0.9635
ESO1234704120S1K	stools_11018102	na	NZ_AP022177.1	4733200	276249	5.8364	275503	99.7300	273611	99.3133	746	0.2700	274351	99.3129	2732	0.9890	834	30.5271	100	3.6603	1781	65.1903	828	30.3075	94224	59.8934	87348	76.1357	0.9819
ESO1234704120S1K	stools_11034101	na	NZ_AP022177.1	4733200	355600	7.5129	353882	99.5169	351834	99.4213	1718	0.4831	353535	99.4193	3885	1.0925	1820	46.8468	159	4.0927	2348	60.4376	1234	31.7632	94224	61.4971	53229	84.6681	0.9853
ESO1234704120S1K	stools_11048102	na	NZ_CP027126.1	4877957	565099	11.5847	563131	99.6517	560368	99.5094	1968	0.3483	562325	99.5091	4873	0.8623	2099	43.0741	159	3.2629	2769	56.8233	1856	38.0874	81259	89.5605	117442	60.3464	0.9866
ESO1234704120S1K	stools_12079101	na	NZ_CP027126.1	4877957	857213	17.5732	854076	99.6340	850994	99.6391	3137	0.3660	854118	99.6389	6339	0.7395	3244	51.1753	154	2.4294	4119	64.9787	1959	30.9039	81259	76.1885	78126	39.7653	0.9786
ESO1234704120S1K	stools_12116150	na	NZ_CP027126.1	4877957	238360	4.8865	237949	99.8276	237016	99.6079	411	0.1724	237426	99.6082	1407	0.5903	473	33.6176	68	4.8330	1142	81.1656	192	13.6461	81259	86.6279	153421	66.9915	0.9805
ESO1234708120S1K	ESO1361001120S1K	na	NZ_CP054227.1	4796742	1499419	31.2591	1494145	99.6483	1490036	99.7250	5274	0.3517	1495294	99.7249	9653	0.6438	5528	57.2672	344	3.5637	6564	67.9996	2508	25.9816	131025	29.9187	68142	62.9802	0.9757
ESO1234708120S1K	EST1228703101S1K	na	NZ_CP054227.1	4796742	3191389	66.5324	3182658	99.7264	3175851	99.7861	8731	0.2736	3184567	99.7862	15822	0.4958	9000	56.8828	352	2.2248	13385	84.5974	1975	12.4826	131025	22.4476	36462	79.7981	0.9771
ESO1234708120S1K	EST1233807101S1K	na	NZ_CP054227.1	4796742	3194216	66.5914	3185196	99.7176	3179298	99.8148	9020	0.2824	3188304	99.8149	15198	0.4758	9286	61.1001	340	2.2371	13206	86.8930	1568	10.3171	131025	27.3925	42424	81.5340	0.9777
ESO1234708120S1K	EST1242705101S1K	na	NZ_CP054227.1	4796742	306755	6.3951	305808	99.6913	304550	99.5886	947	0.3087	305492	99.5883	2259	0.7364	996	44.0903	61	2.7003	1439	63.7008	724	32.0496	131025	13.9424	36516	53.7080	0.9925
ESO1234708120S1K	EST1254206101S1K	na	NZ_CP054227.1	4796742	1738567	36.2447	1733196	99.6911	1729206	99.7698	5371	0.3089	1734566	99.7699	9490	0.5459	5489	57.8398	165	1.7387	7792	82.1075	1475	15.5427	131025	22.4476	44580	65.4307	0.9765
ESO1234708120S1K	stools_11112101	na	NZ_CP054227.1	4796742	602598	12.5627	600441	99.6420	595810	99.2287	2157	0.3580	597958	99.2300	7070	1.1733	2430	34.3706	341	4.8232	2224	31.4569	4219	59.6747	131025	35.3558	107072	55.4655	0.9707
ESO1234708120S1K	stools_12086502	na	NZ_CP054227.1	4796742	1904857	39.7115	1882168	98.8089	1868034	99.2491	22689	1.1911	1890576	99.2503	37482	1.9677	23201	61.8990	1196	3.1909	6288	16.7761	29428	78.5124	131025	60.4831	96898	80.7416	0.9838
ESO1234708120S1K	stools_12093101_SM-NA1P5	na	NZ_CP054227.1	4796742	2777804	57.9102	2766346	99.5875	2760769	99.7984	11458	0.4125	2772201	99.7983	17227	0.6202	11624	67.4755	252	1.4628	11682	67.8122	5210	30.2432	131025	37.1883	103682	49.7357	0.9707
ESO1234708120S1K	stools_12093101_SM-NAWYG	na	NZ_CP054227.1	4796742	2952094	61.5437	2938616	99.5434	2933100	99.8123	13478	0.4566	2946551	99.8122	19211	0.6508	13668	71.1467	326	1.6969	11961	62.2612	6664	34.6885	131025	37.1883	92911	49.3903	0.9709
ESO1236801120S1K	ESO1237103220S1K	na	NZ_CP010238.1	4797106	226661	4.7250	225405	99.4459	224477	99.5883	1256	0.5541	225727	99.5879	3040	1.3412	2106	69.2763	979	32.2039	1106	36.3816	768	25.2632	53919	76.0938	73193	54.1664	0.9879
ESO1236801120S1K	EST1232707101S1K	na	NZ_CP010238.1	4797106	1053225	21.9554	1048258	99.5284	1043666	99.5619	4967	0.4716	1048618	99.5626	10047	0.9539	5440	54.1455	542	5.3946	5623	55.9670	3611	35.9411	53919	45.7557	18666	67.3845	0.9895
ESO1236801120S1K	EST1254206101S1K	na	NZ_CP010238.1	4797106	1449308	30.2121	1443634	99.6085	1440099	99.7551	5674	0.3915	1445749	99.7544	9556	0.6593	5997	62.7564	445	4.6568	7113	74.4349	1890	19.7781	53919	52.6883	21843	63.5764	0.9895
ESO1236801120S1K	stools_11014101	na	NZ_CP010238.1	4797106	1646143	34.3153	1632589	99.1766	1624925	99.5306	13554	0.8234	1638392	99.5291	21665	1.3161	13914	64.2234	748	3.4526	7206	33.2610	13206	60.9555	53919	19.4829	24000	22.3083	0.9860
ESO1236801120S1K	stools_11018102	na	NZ_CP010238.1	4797106	1776064	37.0237	1768987	99.6015	1764530	99.7480	7077	0.3985	1771588	99.7480	11914	0.6708	7438	62.4308	452	3.7939	8555	71.8063	2707	22.7212	53919	12.5429	73880	17.6841	0.9761
ESO1236801120S1K	stools_11047101	na	NZ_CP010238.1	4797106	1177607	24.5483	1171072	99.4451	1168299	99.7632	6535	0.5549	1174800	99.7616	10242	0.8697	7435	72.5932	1135	11.0818	5423	52.9486	3146	30.7167	53919	32.0184	20962	61.8214	0.9887
ESO1236801120S1K	stools_11049101	na	NZ_CP010238.1	4797106	1589680	33.1383	1583685	99.6229	1579960	99.7648	5995	0.3771	1585942	99.7649	10063	0.6330	6325	62.8540	415	4.1240	7872	78.2272	1644	16.3371	53919	12.5429	39718	16.2722	0.9830
ESO1236801120S1K	stools_11049501	na	NZ_CP010238.1	4797106	1270362	26.4818	1265546	99.6209	1262240	99.7388	4816	0.3791	1267040	99.7385	8469	0.6667	5147	60.7746	397	4.6877	6553	77.3763	1456	17.1921	53919	12.5429	39313	14.9645	0.9829
ESO1236801120S1K	stools_11106501	na	NZ_CP010238.1	4797106	1632375	34.0283	1623162	99.4356	1617728	99.6652	9213	0.5644	1626911	99.6653	15220	0.9324	9756	64.0999	758	4.9803	7491	49.2181	6668	43.8108	53919	19.4755	69007	7.6891	0.9766
ESO1236801120S1K	stools_12074501	na	NZ_CP010238.1	4797106	2359427	49.1844	2348789	99.5491	2343930	99.7931	10638	0.4509	2354544	99.7930	15893	0.6736	11010	69.2758	636	4.0018	11019	69.3324	3966	24.9544	53919	38.9584	16381	100.0000	0.9921
ESO1236801120S1K	stools_12080101	na	NZ_CP010238.1	4797106	1176932	24.5342	1170351	99.4408	1165182	99.5583	6581	0.5592	1171750	99.5597	12309	1.0459	7127	57.9007	719	5.8413	5289	42.9686	5853	47.5506	53919	0.0000	53350	0.0000	0.9776
ESO1236802120S1K	ESO1254203120S1K	na	NZ_CP051738.1	5166012	550070	10.6479	547423	99.5188	542860	99.1665	2647	0.4812	545491	99.1676	7587	1.3793	3008	39.6468	422	5.5621	4641	61.1704	2324	30.6313	124798	67.1197	127241	89.4099	0.9800
ESO1236802120S1K	EST1212703101S1K	na	NZ_CP051738.1	5166012	2295449	44.4337	2283907	99.4972	2271368	99.4510	11542	0.5028	2282867	99.4519	24713	1.0766	12131	49.0875	972	3.9332	18508	74.8918	4561	18.4559	124798	9.0058	8274	100.0000	0.9774
ESO1236802120S1K	EST1241108101S1K	na	NZ_CP051738.1	5166012	1188309	23.0024	1179782	99.2824	1169954	99.1670	8527	0.7176	1178427	99.1684	20239	1.7032	10357	51.1735	2376	11.7397	6258	30.9205	9807	48.4560	124798	0.0000	0	0.0000	0.9768
ESO1236802120S1K	EST1254203101S1K	na	NZ_CP051738.1	5166012	270334	5.2329	269362	99.6404	266902	99.0867	972	0.3596	267869	99.0882	3658	1.3531	1193	32.6134	233	6.3696	2011	54.9754	1289	35.2378	124798	0.0000	0	0.0000	1.0000
ESO1236802120S1K	stools_11005150	na	NZ_CP051738.1	5166012	458462	8.8746	456495	99.5710	452553	99.1365	1967	0.4290	454501	99.1360	6166	1.3449	2205	35.7606	282	4.5735	3618	58.6766	2102	34.0902	124798	37.8460	124529	45.9548	0.9752
ESO1236802120S1K	stools_11016101	na	NZ_CP020055.1	4658583	1295441	27.8076	1287189	99.3630	1280963	99.5163	8252	0.6370	1289176	99.5164	14986	1.1568	8721	58.1943	731	4.8779	7568	50.5005	6272	41.8524	33894	22.1632	18509	40.7802	0.9919
ESO1236802120S1K	stools_11021101	na	NZ_CP051738.1	5166012	161946	3.1348	161313	99.6091	159299	98.7515	633	0.3909	159924	98.7514	2770	1.7104	748	27.0036	123	4.4404	1202	43.3935	1385	50.0000	124798	13.1156	148290	45.1831	0.9713
ESO1236802120S1K	stools_11041101	na	NZ_CP020055.1	4658583	995741	21.3743	991596	99.5837	986681	99.5043	4145	0.4163	990806	99.5044	9484	0.9525	4549	47.9650	453	4.7765	6082	64.1291	2856	30.1139	33894	76.8071	53973	47.0865	0.9919
ESO1236802120S1K	stools_12057501	na	NZ_CP020055.1	4658583	940875	20.1966	935571	99.4363	930687	99.4780	5304	0.5637	935963	99.4779	10669	1.1339	5757	53.9601	580	5.4363	5372	50.3515	4499	42.1689	33894	76.8071	71228	46.8832	0.9882
ESO1236802120S1K	stools_12062501	na	NZ_CP051738.1	5166012	945503	18.3024	938892	99.3008	929081	98.9550	6611	0.6992	935623	98.9551	17347	1.8347	7467	43.0449	1113	6.4161	6577	37.9143	8990	51.8245	124798	11.6268	38195	17.0101	0.9750
ESO1236802120S1K	stools_12079150	na	NZ_CP051738.1	5166012	259580	5.0248	258691	99.6575	256471	99.1418	889	0.3425	257354	99.1425	3252	1.2528	1026	31.5498	148	4.5510	1983	60.9779	1047	32.1956	124798	30.2729	269499	30.2079	0.9478
ESO1236806120S1K	EST1247104101S1K	na	NZ_CP007265.1	4758629	3362254	70.6559	3351574	99.6824	3346885	99.8601	10680	0.3176	3357535	99.8596	18203	0.5414	13484	74.0757	3116	17.1181	4011	22.0348	10622	58.3530	227586	74.7968	139311	94.0213	0.9760
ESO1236806120S1K	stools_11033501	na	NZ_CP007265.1	4758629	1606317	33.7559	1597951	99.4792	1593929	99.7483	8366	0.5208	1602273	99.7482	12906	0.8035	8862	68.6657	760	5.8887	3615	28.0102	7882	61.0724	227586	44.9382	91745	87.2189	0.9642
ESO1236806120S1K	stools_11038101	na	NZ_CP007265.1	4758629	1140322	23.9632	1136550	99.6692	1133771	99.7555	3772	0.3308	1137522	99.7545	6941	0.6087	4141	59.6600	442	6.3680	2504	36.0755	3768	54.2861	227586	52.3442	98494	86.7220	0.9660
ESO1236806120S1K	stools_11045101	na	NZ_CP007265.1	4758629	2044823	42.9708	2036106	99.5737	2026858	99.5458	8717	0.4263	2035552	99.5466	18898	0.9242	9627	50.9419	1027	5.4344	2418	12.7950	15163	80.2360	227586	62.5298	151968	61.9512	0.9552
ESO1237103220S1K	EST1232707101S1K	na	NZ_CP010238.1	4797106	123328	2.5709	122517	99.3424	121177	98.9063	811	0.6576	121978	98.9054	2487	2.0166	1137	45.7177	354	14.2340	923	37.1130	1087	43.7073	73193	32.5386	18666	100.0000	0.9884
ESO1237103220S1K	EST1247208101S1K	na	NZ_CP025849.1	4818782	167932	3.4849	166518	99.1580	165209	99.2139	1414	0.8420	166611	99.2134	2912	1.7340	1591	54.6360	190	6.5247	643	22.0810	1860	63.8736	150082	24.3907	56990	56.9819	0.9703
ESO1237103220S1K	EST1254206101S1K	na	NZ_CP010238.1	4797106	190455	3.9702	189511	99.5043	188440	99.4349	944	0.4957	189374	99.4324	2482	1.3032	1401	56.4464	548	22.0790	1054	42.4658	756	30.4593	73193	45.8965	21843	100.0000	0.9889
ESO1237103220S1K	stools_11014101	na	NZ_CP010238.1	4797106	196898	4.1045	194235	98.6475	192496	99.1047	2663	1.3525	195126	99.1000	4846	2.4612	3074	63.4338	521	10.7511	1099	22.6785	2848	58.7701	73193	18.4171	24000	54.0125	0.9850
ESO1237103220S1K	stools_11018102	na	NZ_CP010238.1	4797106	159007	3.3146	158243	99.5195	156898	99.1500	764	0.4805	157647	99.1447	2410	1.5157	1050	43.5685	321	13.3195	889	36.8880	1059	43.9419	73193	40.7320	73880	43.5314	0.9810
ESO1237103220S1K	stools_11047101	na	NZ_CP010238.1	4797106	261679	5.4549	258689	98.8574	257422	99.5102	2990	1.1426	260379	99.5032	5212	1.9918	3912	75.0576	1169	22.4290	895	17.1719	2493	47.8319	73193	39.3193	20962	100.0000	0.9889
ESO1237103220S1K	stools_11049101	na	NZ_CP010238.1	4797106	173804	3.6231	172899	99.4793	171785	99.3557	905	0.5207	172676	99.3510	2300	1.3233	1172	50.9565	350	15.2174	1015	44.1304	843	36.6522	73193	22.1893	39718	37.4969	0.9823
ESO1237103220S1K	stools_11049501	na	NZ_CP010238.1	4797106	144218	3.0064	143455	99.4709	142403	99.2667	763	0.5291	143154	99.2622	2133	1.4790	1069	50.1172	355	16.6432	890	41.7253	771	36.1463	73193	22.1893	39313	36.1560	0.9821
ESO1237103220S1K	stools_11106501	na	NZ_CP010238.1	4797106	163973	3.4182	162967	99.3865	162020	99.4189	1006	0.6135	163020	99.4188	2383	1.4533	1430	60.0084	478	20.0587	719	30.1721	1036	43.4746	73193	27.9549	69007	19.3082	0.9757
ESO1237103220S1K	stools_12074501	na	NZ_CP010238.1	4797106	224151	4.6726	222431	99.2327	221163	99.4299	1720	0.7673	222865	99.4263	3450	1.5391	2164	62.7246	587	17.0145	1077	31.2174	1590	46.0870	73193	35.0717	16381	100.0000	0.9880
ESO1237103220S1K	stools_12080101	na	NZ_CP010238.1	4797106	142563	2.9719	141536	99.2796	140374	99.1790	1027	0.7204	141391	99.1779	2636	1.8490	1464	55.5387	483	18.3232	726	27.5417	1294	49.0895	73193	29.3676	53350	31.9925	0.9798
ESO1238001120S1K	ESO1247206120S1K	na	NZ_LR882493.1	4841444	272240	5.6231	271667	99.7895	269888	99.3452	573	0.2105	270456	99.3447	3658	1.3437	1874	51.2302	1311	35.8393	786	21.4872	1416	38.7097	96945	100.0000	380647	48.5053	0.9401
ESO1238001120S1K	ESO1254204120S1K	na	NZ_CP071441.1	4828326	483661	10.0172	480722	99.3923	477616	99.3539	2939	0.6077	480536	99.3539	6261	1.2945	3136	50.0878	312	4.9832	3269	52.2121	2537	40.5207	11976	100.0000	43670	32.9563	0.9933
ESO1238001120S1K	EST1233804101S1K	na	NZ_CP068806.1	5089794	1374043	26.9960	1368740	99.6141	1360872	99.4252	5303	0.3859	1366145	99.4252	13345	0.9712	5447	40.8168	276	2.0682	10587	79.3331	2182	16.3507	104635	28.9655	42663	26.6976	0.9755
ESO1238001120S1K	EST1238001101S1K	na	NZ_LR882493.1	4841444	211077	4.3598	209839	99.4135	208875	99.5406	1238	0.5865	210112	99.5428	3086	1.4620	2121	68.7297	943	30.5574	728	23.5904	1160	37.5891	96945	67.7683	110065	72.9623	0.9841
ESO1238001120S1K	EST1242804101S1K	na	NZ_LR882493.1	4841444	126926	2.6217	125784	99.1003	124191	98.7335	1142	0.8997	125319	98.7339	3030	2.3872	1423	46.9637	317	10.4620	1021	33.6964	1569	51.7822	96945	80.2568	86273	92.4681	0.9925
ESO1238001120S1K	EST1254204101S1K	na	NZ_CP071441.1	4828326	230376	4.7713	229392	99.5729	227660	99.2450	984	0.4271	228640	99.2464	2877	1.2488	1141	39.6594	171	5.9437	1557	54.1189	1090	37.8867	11976	100.0000	57014	27.4108	0.9894
ESO1238001120S1K	EST1350507101S1K	na	NZ_CP071441.1	4828326	1046512	21.6744	1040642	99.4391	1035794	99.5341	5870	0.5609	1041649	99.5353	10928	1.0442	6065	55.4996	317	2.9008	7373	67.4689	3092	28.2943	11976	100.0000	37212	46.9069	0.9946
ESO1238001120S1K	stools_11006101	na	NZ_CP071441.1	4828326	389332	8.0635	387182	99.4478	384021	99.1836	2150	0.5522	386148	99.1822	5441	1.3975	2257	41.4813	152	2.7936	2491	45.7820	2717	49.9357	11976	53.2816	58364	11.9886	0.9879
ESO1238001120S1K	stools_11013101	na	NZ_CP068806.1	5089794	590350	11.5987	587704	99.5518	583065	99.2107	2646	0.4482	585695	99.2115	7565	1.2814	2910	38.4666	345	4.5605	4924	65.0892	2080	27.4950	104635	0.0000	8709	0.0000	0.9777
ESO1238001120S1K	stools_11024150	na	NZ_CP071441.1	4828326	331098	6.8574	329329	99.4657	323621	98.2668	1769	0.5343	325359	98.2667	7780	2.3498	2041	26.2339	331	4.2545	1341	17.2365	5882	75.6041	11976	53.2816	208657	7.4376	0.9568
ESO1238001120S1K	stools_11038150	na	NZ_LR882493.1	4841444	52631	1.0871	52498	99.7473	52082	99.2076	133	0.2527	52214	99.2077	717	1.3623	300	41.8410	169	23.5704	256	35.7043	261	36.4017	96945	80.2568	156185	81.7825	0.9744
ESO1238001120S1K	stools_11108150	na	NZ_LR882493.1	4841444	135318	2.7950	134554	99.4354	133509	99.2234	764	0.5646	134270	99.2255	2252	1.6642	1204	53.4636	477	21.1812	734	32.5933	892	39.6092	96945	86.9080	136713	75.5122	0.9827
ESO1238001120S1K	stools_12062501	na	NZ_LR882493.1	4841444	124195	2.5652	123584	99.5080	122443	99.0767	611	0.4920	123050	99.0781	2111	1.6997	966	45.7603	365	17.2904	465	22.0275	1175	55.6608	96945	79.7669	173853	59.7718	0.9758
ESO1238001120S1K	stools_12065150	na	NZ_LR882493.1	4841444	199491	4.1205	198875	99.6912	197750	99.4343	616	0.3088	198362	99.4341	2647	1.3269	1518	57.3479	908	34.3030	493	18.6249	1100	41.5565	96945	94.1049	285777	51.1007	0.9547
ESO1238001120S1K	stools_12068102	na	NZ_LR882493.1	4841444	239040	4.9374	237664	99.4244	236049	99.3205	1376	0.5756	237413	99.3194	3864	1.6165	2237	57.8934	921	23.8354	875	22.6449	1857	48.0590	96945	78.0690	144133	63.4900	0.9789
ESO1238001120S1K	stools_12068150	na	NZ_LR882493.1	4841444	242943	5.0180	241171	99.2706	239823	99.4411	1772	0.7294	241583	99.4402	4070	1.6753	2710	66.5848	982	24.1278	747	18.3538	2026	49.7789	96945	78.9014	163435	58.6998	0.9767
ESO1238001120S1K	stools_12080101	na	NZ_LR882493.1	4841444	105174	2.1724	104740	99.5874	103964	99.2591	434	0.4126	104396	99.2603	1562	1.4852	784	50.1921	367	23.4955	447	28.6172	666	42.6376	96945	93.4179	236087	65.0802	0.9636
ESO1238001120S1K	stools_12087501	na	NZ_LR882493.1	4841444	33459	0.6911	33282	99.4710	32340	97.1696	177	0.5290	32509	97.1607	1215	3.6313	265	21.8107	98	8.0658	283	23.2922	829	68.2305	96945	76.7569	172664	51.2261	0.9732
ESO1238001120S1K	stools_12092150	na	NZ_CP071441.1	4828326	872462	18.0697	865463	99.1978	859564	99.3184	6999	0.8022	866517	99.3186	13630	1.5622	7685	56.3830	1005	7.3734	3072	22.5385	8782	64.4314	11976	100.0000	38498	49.4493	0.9945
ESO1238001120S1K	stools_12096150	na	NZ_LR882493.1	4841444	29935	0.6183	29781	99.4856	29499	99.0531	154	0.5144	29651	99.0513	540	1.8039	256	47.4074	107	19.8148	202	37.4074	195	36.1111	96945	71.7592	464029	28.6866	0.9104
ESO1238001120S1K	stools_12111102	na	NZ_LR882493.1	4841444	127302	2.6294	126635	99.4760	125562	99.1527	667	0.5240	126225	99.1540	2048	1.6088	971	47.4121	317	15.4785	801	39.1113	807	39.4043	96945	92.8031	183189	61.3901	0.9788
ESO1238002120S1K	ESO1241110120S1K	na	NZ_LR134216.1	4647667	1390417	29.9165	1386089	99.6887	1383674	99.8258	4328	0.3113	1387984	99.8250	6841	0.4920	4408	64.4350	159	2.3242	3690	53.9395	2827	41.3244	39608	83.3493	110564	28.7309	0.9808
ESO1238002120S1K	ESO1242805120S1K	na	NZ_LR134216.1	4647667	1076323	23.1584	1074221	99.8047	1072552	99.8446	2102	0.1953	1074649	99.8445	4026	0.3741	2352	58.4203	276	6.8554	2522	62.6428	1146	28.4650	39608	100.0000	86978	54.2183	0.9896
ESO1238002120S1K	ESO1256801120S1K	na	NZ_CP022086.2	5256950	195092	3.7111	194559	99.7268	192202	98.7885	533	0.2732	192733	98.7908	3231	1.6561	872	26.9885	353	10.9254	1900	58.8053	924	28.5980	103537	100.0000	356134	34.2700	0.9636
ESO1238002120S1K	ESO1350502120S1K	na	NZ_LR134216.1	4647667	802436	17.2654	800056	99.7034	797208	99.6440	2380	0.2966	799582	99.6443	5435	0.6773	2581	47.4885	229	4.2134	2077	38.2153	3052	56.1546	39608	100.0000	58924	69.6694	0.9943
ESO1238002120S1K	ESO1359003120S1K	na	NZ_LR134216.1	4647667	345541	7.4347	344175	99.6047	343103	99.6885	1366	0.3953	344462	99.6877	2585	0.7481	1506	58.2592	184	7.1180	1447	55.9768	845	32.6886	39608	40.2318	46906	37.3747	0.9853
ESO1238002120S1K	ESO1361004120S1K	na	NZ_LR134216.1	4647667	2004108	43.1207	2000702	99.8300	1997865	99.8582	3406	0.1700	2001265	99.8581	6768	0.3377	3925	57.9935	529	7.8162	4928	72.8132	1191	17.5975	39608	100.0000	130473	41.9504	0.9801
ESO1238002120S1K	EST1234707101S1K	na	NZ_LR134216.1	4647667	996240	21.4353	993337	99.7086	989740	99.6379	2903	0.2914	992636	99.6382	6677	0.6702	3073	46.0237	205	3.0702	2516	37.6816	3873	58.0051	39608	83.3493	74897	43.7734	0.9890
ESO1238002120S1K	EST1236807101S1K	na	NZ_LR134216.1	4647667	692891	14.9084	691390	99.7834	689696	99.7550	1501	0.2166	691190	99.7545	3286	0.4742	1585	48.2349	102	3.1041	2112	64.2727	1053	32.0450	39608	100.0000	121750	35.5326	0.9831
ESO1238002120S1K	EST1241110101S1K	na	NZ_LR134216.1	4647667	2124138	45.7033	2120720	99.8391	2116918	99.8207	3418	0.1609	2120324	99.8204	7373	0.3471	3559	48.2707	156	2.1158	5550	75.2747	1594	21.6194	39608	100.0000	88853	52.5846	0.9884
ESO1238002120S1K	EST1242206101S1K	na	NZ_CP022086.2	5256950	332614	6.3271	330657	99.4116	327248	98.9690	1957	0.5884	329187	98.9697	5891	1.7711	2464	41.8265	554	9.4042	2845	48.2940	2246	38.1260	103537	66.7694	159373	47.1090	0.9761
ESO1238002120S1K	EST1247106101S1K	na	NZ_LR134216.1	4647667	616831	13.2718	615240	99.7421	611595	99.4075	1591	0.2579	613179	99.4079	5329	0.8639	1677	31.4693	107	2.0079	1492	27.9977	3632	68.1554	39608	40.2318	81377	25.7960	0.9787
ESO1238002120S1K	EST1254204101S1K	na	NZ_LR134216.1	4647667	533013	11.4684	531712	99.7559	530564	99.7841	1301	0.2441	531861	99.7839	2541	0.4767	1389	54.6635	109	4.2896	1711	67.3357	671	26.4069	39608	76.4189	42218	84.2697	0.9950
ESO1238002120S1K	EST1350510101S1K	na	NZ_LR134216.1	4647667	2070789	44.5555	2054022	99.1903	2051315	99.8682	16767	0.8097	2068049	99.8677	19675	0.9501	16935	86.0737	551	2.8005	4590	23.3291	14118	71.7560	39608	100.0000	46147	89.0805	0.9985
ESO1238002120S1K	stools_11017501	na	NZ_LR134216.1	4647667	733682	15.7860	728826	99.3381	726616	99.6968	4856	0.6619	731451	99.6959	7242	0.9871	5011	69.1936	271	3.7421	2103	29.0389	4719	65.1616	39608	40.2318	22132	100.0000	0.9934
ESO1238002120S1K	stools_11020501	na	NZ_LR134216.1	4647667	1086084	23.3684	1082285	99.6502	1078584	99.6580	3799	0.3498	1082371	99.6581	7681	0.7072	3968	51.6599	218	2.8382	2671	34.7741	4675	60.8645	39608	23.5811	26544	37.8353	0.9893
ESO1238002120S1K	stools_11041101	na	NZ_CP022086.2	5256950	449173	8.5444	446824	99.4770	443036	99.1522	2349	0.5230	445361	99.1513	6269	1.3957	2457	39.1929	211	3.3658	4376	69.8038	1386	22.1088	103537	59.2870	106142	50.8357	0.9759
ESO1238002120S1K	stools_11041102	na	NZ_CP022086.2	5256950	276066	5.2514	273730	99.1538	271233	99.0878	2336	0.8462	273538	99.0843	5624	2.0372	3096	55.0498	857	15.2383	1891	33.6238	2651	47.1373	103537	79.4103	179995	48.7241	0.9755
ESO1238002120S1K	stools_11041102	na	NZ_LR134216.1	4647667	513503	11.0486	510934	99.4997	509125	99.6459	2569	0.5003	511678	99.6446	4552	0.8865	2727	59.9077	225	4.9429	1701	37.3682	2528	55.5360	39608	40.2318	20532	63.8662	0.9927
ESO1238002120S1K	stools_11042150	na	NZ_LR134216.1	4647667	622136	13.3860	619497	99.5758	617296	99.6447	2639	0.4242	619923	99.6443	4954	0.7963	2741	55.3290	150	3.0279	1828	36.8995	2910	58.7404	39608	100.0000	45123	100.0000	0.9982
ESO1238002120S1K	stools_11104101	na	NZ_CP022086.2	5256950	430388	8.1870	428779	99.6262	425049	99.1301	1609	0.3738	426646	99.1306	5471	1.2712	1729	31.6030	142	2.5955	3890	71.1022	1346	24.6024	103537	66.7694	129597	63.7314	0.9809
ESO1238002120S1K	stools_11113501	na	NZ_LR134216.1	4647667	519839	11.1849	518446	99.7320	515621	99.4551	1393	0.2680	517002	99.4543	4320	0.8310	1483	34.3287	120	2.7778	1501	34.7454	2667	61.7361	39608	100.0000	119770	53.5226	0.9804
ESO1238002120S1K	stools_12068150	na	NZ_CP022086.2	5256950	440081	8.3714	436432	99.1708	430473	98.6346	3649	0.8292	434070	98.6341	10451	2.3748	4440	42.4840	931	8.9082	3274	31.3271	5930	56.7410	103537	90.5985	118608	73.6148	0.9886
ESO1238002120S1K	stools_12117150	na	NZ_LR134216.1	4647667	1155217	24.8558	1151335	99.6640	1148161	99.7243	3882	0.3360	1152032	99.7243	7269	0.6292	4084	56.1838	258	3.5493	2699	37.1303	4205	57.8484	39608	100.0000	106136	41.6795	0.9851
ESO1238004220S1K	ESO1238010120S1K	na	NZ_CP015240.1	4863599	1254873	25.8013	1250091	99.6189	1246077	99.6789	4782	0.3811	1250847	99.6792	9009	0.7179	4983	55.3114	294	3.2634	6447	71.5618	2097	23.2767	112452	79.6589	190514	63.1429	0.9724
ESO1238004220S1K	EST1234708101S1K	na	NZ_CP101922.1	4613188	346868	7.5191	345545	99.6186	342617	99.1526	1323	0.3814	343927	99.1521	4451	1.2832	1510	33.9250	230	5.1674	1948	43.7654	2175	48.8654	66208	78.8591	98512	68.1491	0.9853
ESO1238004220S1K	stools_11007150	na	NZ_CP015240.1	4863599	654245	13.4519	650370	99.4077	645662	99.2761	3875	0.5923	649488	99.2729	8999	1.3755	4242	47.1386	548	6.0896	3220	35.7818	4982	55.3617	112452	55.9003	96863	66.3494	0.9755
ESO1238006120S1K	ESO1242209120S1K	na	NZ_LR134231.1	4594692	218748	4.7609	218392	99.8373	216524	99.1447	356	0.1627	216878	99.1451	2264	1.0350	394	17.4028	42	1.8551	1935	85.4682	263	11.6166	78701	51.2763	65179	36.5517	0.9867
ESO1238006120S1K	ESO1247101120S1K	na	NZ_LR134231.1	4594692	372450	8.1061	371905	99.8537	369014	99.2227	545	0.1463	369555	99.2227	3491	0.9373	596	17.0725	59	1.6901	3003	86.0212	347	9.9398	78701	26.3720	52184	13.4045	0.9829
ESO1238006120S1K	ESO1254204120S1K	na	NZ_LR134231.1	4594692	206150	4.4867	205347	99.6105	203515	99.1079	803	0.3895	204307	99.1060	2731	1.3248	888	32.5156	102	3.7349	1682	61.5892	887	32.4789	78701	24.9044	32039	58.7690	0.9869
ESO1238006120S1K	ESO1356602120S1K	na	NZ_LR134231.1	4594692	93891	2.0435	93164	99.2257	91887	98.6293	727	0.7743	92603	98.6282	2098	2.2345	810	38.6082	94	4.4805	864	41.1821	1084	51.6683	78701	24.9044	37958	31.6534	0.9829
ESO1238006120S1K	EST1213404301S1K	na	NZ_LR134231.1	4594692	187181	4.0739	186908	99.8542	185353	99.1680	273	0.1458	185624	99.1682	1901	1.0156	344	18.0957	80	4.2083	1400	73.6454	388	20.4103	78701	51.2763	101391	47.4145	0.9871
ESO1238006120S1K	EST1233822201S1K	na	NZ_LR134231.1	4594692	144957	3.1549	144303	99.5488	142531	98.7720	654	0.4512	143177	98.7720	2536	1.7495	756	29.8107	115	4.5347	1081	42.6262	1326	52.2871	78701	76.7678	109930	38.6737	0.9829
ESO1238006120S1K	EST1242704101S1K	na	NZ_LR134231.1	4594692	328314	7.1455	327409	99.7243	324865	99.2230	905	0.2757	325764	99.2233	3520	1.0721	970	27.5568	78	2.2159	2627	74.6307	690	19.6023	78701	24.9044	55774	30.3511	0.9829
ESO1238006120S1K	EST1242805101S1K	na	NZ_LR134231.1	4594692	224418	4.8843	223899	99.7687	222027	99.1639	519	0.2313	222540	99.1632	2468	1.0997	590	23.9060	79	3.2010	1837	74.4327	462	18.7196	78701	51.2763	56340	50.8910	0.9829
ESO1238006120S1K	EST1350507101S1K	na	NZ_LR134231.1	4594692	376983	8.2048	376568	99.8899	373521	99.1908	415	0.1101	373930	99.1901	3537	0.9382	484	13.6839	76	2.1487	3079	87.0512	352	9.9519	78701	24.9044	39446	38.7948	0.9829
ESO1238006120S1K	EST1358301101S1K	na	NZ_LR134231.1	4594692	398928	8.6824	396746	99.4530	393861	99.2728	2182	0.5470	396020	99.2710	5139	1.2882	2231	43.4131	110	2.1405	2933	57.0734	1848	35.9603	78701	26.3720	55154	13.0761	0.9829
ESO1238006120S1K	stools_11007150	na	NZ_LR134231.1	4594692	117994	2.5681	117659	99.7161	116379	98.9121	335	0.2839	116709	98.9110	1705	1.4450	420	24.6334	90	5.2786	950	55.7185	643	37.7126	78701	51.2763	54887	49.7786	0.9869
ESO1238006120S1K	stools_11038101	na	NZ_LR134231.1	4594692	214153	4.6609	213625	99.7534	211837	99.1630	528	0.2466	212364	99.1646	2365	1.1044	576	24.3552	53	2.2410	1814	76.7019	431	18.2241	78701	26.3720	28166	23.8017	0.9829
ESO1238006120S1K	stools_11038501	na	NZ_LR134231.1	4594692	49205	1.0709	49172	99.9329	48750	99.1418	33	0.0671	48783	99.1424	476	0.9674	54	11.3445	24	5.0420	349	73.3193	99	20.7983	78701	74.5086	162476	42.4013	0.9797
ESO1238006120S1K	stools_11044501	na	NZ_LR134231.1	4594692	200862	4.3716	200065	99.6032	198428	99.1818	797	0.3968	199218	99.1815	2492	1.2407	848	34.0289	62	2.4880	1628	65.3291	708	28.4109	78701	51.2763	49308	49.4970	0.9829
ESO1238006120S1K	stools_11107501	na	NZ_LR134231.1	4594692	52414	1.1408	52381	99.9370	51767	98.8278	33	0.0630	51800	98.8286	717	1.3680	103	14.3654	70	9.7629	550	76.7085	96	13.3891	78701	51.2763	157531	26.2932	0.9829
ESO1238006120S1K	stools_12058150	na	NZ_LR134231.1	4594692	37918	0.8253	37873	99.8813	37411	98.7801	45	0.1187	37455	98.7789	534	1.4083	71	13.2959	29	5.4307	418	78.2772	83	15.5431	78701	51.2763	118020	31.8294	0.9869
ESO1238006120S1K	stools_12060501	na	NZ_LR134231.1	4594692	175257	3.8143	174794	99.7358	173095	99.0280	463	0.2642	173554	99.0283	2332	1.3306	629	26.9726	176	7.5472	1297	55.6175	795	34.0909	78701	51.2763	68981	57.3477	0.9829
ESO1238006120S1K	stools_12062101	na	NZ_LR134231.1	4594692	163976	3.5688	163559	99.7457	162120	99.1202	417	0.2543	162534	99.1206	1911	1.1654	469	24.5421	57	2.9827	1269	66.4050	547	28.6238	78701	51.2763	60817	50.6881	0.9868
ESO1238006120S1K	stools_12072101	na	NZ_LR134231.1	4594692	102655	2.2342	102192	99.5490	101153	98.9833	463	0.4510	101613	98.9849	1530	1.4904	488	31.8954	30	1.9608	1026	67.0588	446	29.1503	78701	24.9044	30305	55.8159	0.9829
ESO1238006120S1K	stools_12084101	na	NZ_LR134231.1	4594692	186055	4.0493	185169	99.5238	183489	99.0927	886	0.4762	184373	99.0960	2635	1.4162	953	36.1670	77	2.9222	1640	62.2391	808	30.6641	78701	24.9044	45884	37.9697	0.9829
ESO1238006120S1K	stools_12084102	na	NZ_LR134231.1	4594692	339674	7.3927	339203	99.8613	336371	99.1651	471	0.1387	336838	99.1651	3438	1.0121	602	17.5102	138	4.0140	2772	80.6283	496	14.4270	78701	24.9044	44020	40.7269	0.9867
ESO1238006120S1K	stools_12098150	na	NZ_LR134231.1	4594692	45806	0.9969	45731	99.8363	45176	98.7864	75	0.1637	45250	98.7862	658	1.4365	102	15.5015	28	4.2553	452	68.6930	168	25.5319	78701	51.2763	97381	31.5390	0.9829
ESO1238010120S1K	ESO1242208120S1K	na	NZ_CP047277.1	4774769	468089	9.8034	466151	99.5860	463602	99.4532	1938	0.4140	465529	99.4531	4759	1.0167	2199	46.2072	300	6.3038	1960	41.1851	2344	49.2540	107999	35.4087	50703	75.2480	0.9817
ESO1238010120S1K	ESO1358301220S1K	na	NZ_CP047277.1	4774769	230598	4.8295	229876	99.6869	227898	99.1395	722	0.3131	228617	99.1409	2815	1.2207	834	29.6270	118	4.1918	932	33.1083	1719	61.0657	107999	80.9128	134001	78.4673	0.9840
ESO1238010120S1K	EST1212204101S1K	na	NZ_CP047277.1	4774769	169717	3.5545	169347	99.7820	168177	99.3091	370	0.2180	168545	99.3094	1633	0.9622	461	28.2303	95	5.8175	724	44.3356	786	48.1323	107999	55.1838	108159	63.9817	0.9808
ESO1238010120S1K	stools_11007150	na	NZ_CP015240.1	4863599	770462	15.8414	767239	99.5817	762378	99.3664	3223	0.4183	765566	99.3645	8198	1.0640	3302	40.2781	130	1.5858	1441	17.5775	6574	80.1903	190514	39.6375	96863	75.6894	0.9707
ESO1238010120S1K	stools_11049101	na	NZ_CP047277.1	4774769	122675	2.5692	122496	99.8541	121712	99.3600	179	0.1459	121889	99.3593	1044	0.8510	258	24.7126	83	7.9502	702	67.2414	257	24.6169	107999	60.8506	203920	32.3774	0.9666
ESO1238010120S1K	stools_11049501	na	NZ_CP047277.1	4774769	126458	2.6485	126296	99.8719	125507	99.3753	162	0.1281	125668	99.3753	1052	0.8319	262	24.9049	101	9.6008	692	65.7795	260	24.7148	107999	72.7229	229308	31.9330	0.9569
ESO1238010120S1K	stools_11107150	na	NZ_CP047277.1	4774769	217430	4.5537	217202	99.8951	215990	99.4420	228	0.1049	216216	99.4417	1537	0.7069	323	21.0150	97	6.3110	913	59.4014	525	34.1574	107999	66.2988	138256	53.4508	0.9847
ESO1238010120S1K	stools_12078101	na	NZ_CP047277.1	4774769	461440	9.6641	460441	99.7835	457969	99.4631	999	0.2165	458964	99.4634	3662	0.7936	1186	32.3867	197	5.3796	1997	54.5330	1421	38.8039	107999	72.7229	137285	55.0526	0.9777
ESO1238010120S1K	stools_12116150	na	NZ_CP047277.1	4774769	233113	4.8822	232873	99.8970	231818	99.5470	240	0.1030	232057	99.5470	1379	0.5916	323	23.4228	84	6.0914	1093	79.2603	207	15.0109	107999	72.7229	157545	56.8599	0.9746
ESO1238010120S1K	stools_12120501	na	NZ_CP047277.1	4774769	43088	0.9024	42999	99.7934	42698	99.3000	89	0.2066	42786	99.2991	408	0.9469	106	25.9804	18	4.4118	307	75.2451	82	20.0980	107999	86.6045	166919	62.8053	0.9765
ESO1239204120S1K	stools_11029101	na	NZ_CP032073.1	4631653	248205	5.3589	247498	99.7152	244139	98.6428	707	0.2848	244838	98.6435	4420	1.7808	1053	23.8235	355	8.0317	3629	82.1041	405	9.1629	120978	85.3172	220179	44.6628	0.9880
ESO1239204120S1K	stools_11029150	na	NZ_CP032073.1	4631653	848439	18.3183	845236	99.6225	834977	98.7863	3203	0.3775	838160	98.7885	14780	1.7420	4501	30.4533	1352	9.1475	11534	78.0379	1584	10.7172	120978	100.0000	134739	75.3360	0.9871
ESO1239204120S1K	stools_11029501	na	NZ_CP032073.1	4631653	795807	17.1819	792548	99.5905	782901	98.7828	3259	0.4095	786129	98.7839	14078	1.7690	4400	31.2544	1222	8.6802	10762	76.4455	1749	12.4236	120978	100.0000	116697	86.6158	0.9892
ESO1241101120S2K	ESO1247108120S1K	na	NZ_CP047876.1	4775730	506533	10.6064	503220	99.3459	500915	99.5419	3313	0.6541	504212	99.5418	5813	1.1476	3492	60.0723	278	4.7824	2947	50.6967	2409	41.4416	45921	79.0357	31232	79.5242	0.9926
ESO1241101120S2K	ESO1350507120S1K	na	NZ_CP047876.1	4775730	1044709	21.8754	1042084	99.7487	1038425	99.6489	2625	0.2513	1041039	99.6487	6579	0.6297	2909	44.2164	303	4.6056	4853	73.7650	1358	20.6414	45921	100.0000	135738	22.7431	0.9726
ESO1241101120S2K	EST1212206101S1K	na	NZ_CP047876.1	4775730	936007	19.5992	931509	99.5194	928019	99.6253	4498	0.4806	932492	99.6245	8513	0.9095	4998	58.7102	614	7.2125	5000	58.7337	2585	30.3653	45921	100.0000	52624	80.2524	0.9924
ESO1241101120S2K	EST1236801101S1K	na	NC_013361.1	5697240	490803	8.6148	487430	99.3128	482069	98.9001	3373	0.6872	485393	98.8977	9238	1.8822	3828	41.4375	593	6.4191	2448	26.4992	5863	63.4661	164309	11.8308	66772	28.8534	0.9648
ESO1241101120S2K	EST1236801101S1K	na	NZ_CP029492.1	4423666	628136	14.1994	624363	99.3993	620010	99.3028	3773	0.6007	623741	99.3003	8466	1.3478	4071	48.0865	431	5.0910	1944	22.9624	5889	69.5606	14382	100.0000	74955	28.4504	0.9862
ESO1241101120S2K	EST1247208101S1K	na	NZ_CP029492.1	4423666	434159	9.8145	431201	99.3187	429817	99.6790	2958	0.6813	432757	99.6771	4397	1.0128	2995	68.1146	156	3.5479	2317	52.6950	1752	39.8453	14382	0.0000	0	0.0000	0.9967
ESO1241101120S2K	stools_11011101	na	NZ_CP029492.1	4423666	449071	10.1516	446808	99.4961	444587	99.5029	2263	0.5039	446846	99.5045	4655	1.0366	2430	52.2019	229	4.9194	1705	36.6273	2568	55.1665	14382	100.0000	45439	30.4628	0.9925
ESO1241101120S2K	stools_11033150	na	NZ_CP029492.1	4423666	204059	4.6129	203181	99.5697	202291	99.5620	878	0.4303	203165	99.5619	1839	0.9012	945	51.3866	84	4.5677	967	52.5829	732	39.8042	14382	100.0000	27094	61.0504	0.9968
ESO1241101120S2K	stools_11036150	na	NZ_CP047876.1	4775730	985111	20.6274	978059	99.2841	974833	99.6702	7052	0.7159	981854	99.6694	10646	1.0807	7389	69.4063	506	4.7530	4872	45.7637	4953	46.5245	45921	79.0357	45132	68.2332	0.9928
ESO1241101120S2K	stools_11051101	na	NZ_CP047876.1	4775730	849062	17.7787	843184	99.3077	839944	99.6157	5878	0.6923	845804	99.6163	9418	1.1092	6160	65.4067	468	4.9692	4129	43.8416	4522	48.0144	45921	79.0357	28111	100.0000	0.9962
ESO1241101120S2K	stools_11051150	na	NZ_CP047876.1	4775730	922366	19.3136	917131	99.4324	914342	99.6959	5235	0.5676	919553	99.6950	8259	0.8954	5446	65.9402	448	5.4244	4828	58.4574	2671	32.3405	45921	79.0357	22678	100.0000	0.9934
ESO1241101120S2K	stools_11051501	na	NZ_CP028748.1	4805076	429810	8.9449	426737	99.2850	424721	99.5276	3073	0.7150	427779	99.5275	5353	1.2454	3322	62.0587	350	6.5384	2125	39.6974	2672	49.9159	17553	53.5863	20409	40.8839	0.9966
ESO1241101120S2K	stools_11051501	na	NZ_CP047876.1	4775730	948651	19.8640	942470	99.3484	939658	99.7016	6181	0.6516	945818	99.7014	9320	0.9824	6487	69.6030	681	7.3069	4683	50.2468	3556	38.1545	45921	79.0357	28469	100.0000	0.9963
ESO1241101120S2K	stools_12066101	na	NZ_CP029492.1	4423666	828849	18.7367	823999	99.4149	819218	99.4198	4850	0.5851	824042	99.4200	9924	1.1973	5117	51.5619	408	4.1112	2579	25.9875	6713	67.6441	14382	100.0000	41712	53.7543	0.9936
ESO1241104120S1K	ESO1241110120S1K	na	NZ_LR134236.1	4757340	1869907	39.3057	1857954	99.3608	1852980	99.7323	11953	0.6392	1864896	99.7320	17700	0.9466	12689	71.6893	906	5.1186	12168	68.7458	4183	23.6328	98045	74.7901	212017	44.7752	0.9649
ESO1241104120S1K	ESO1247109120S1K	na	NZ_LR134236.1	4757340	2267082	47.6544	2252117	99.3399	2248218	99.8269	14965	0.6601	2263139	99.8261	19378	0.8548	15435	79.6522	779	4.0200	14801	76.3804	3237	16.7045	98045	69.0234	159394	49.8551	0.9733
ESO1241104120S1K	ESO1254306120S1K	na	NZ_LR134236.1	4757340	1648423	34.6501	1637860	99.3592	1633780	99.7509	10563	0.6408	1644312	99.7506	15357	0.9316	11246	73.2304	879	5.7238	11078	72.1365	2911	18.9555	98045	64.9569	132037	58.9214	0.9773
ESO1241104120S1K	ESO1358401120S1K	na	NZ_LR134236.1	4757340	1535156	32.2692	1526863	99.4598	1523957	99.8097	8293	0.5402	1532239	99.8100	12009	0.7823	9092	75.7099	1025	8.5353	7377	61.4289	3137	26.1221	98045	81.1015	191495	50.0833	0.9625
ESO1241104120S1K	EST1212705101S1K	na	NZ_LR134236.1	4757340	1192397	25.0644	1184479	99.3360	1180166	99.6359	7918	0.6640	1188052	99.6356	13289	1.1145	8944	67.3038	1372	10.3243	6496	48.8825	4698	35.3525	98045	26.4103	69643	36.5004	0.9753
ESO1241104120S1K	EST1241104101S1K	na	NZ_CP077242.1	4543156	939066	20.6699	936604	99.7378	934616	99.7877	2462	0.2622	937070	99.7874	4722	0.5028	2726	57.7298	312	6.6074	2063	43.6891	2208	46.7598	0	0.0000	38690	0.0000	0.9965
ESO1241104120S1K	EST1358401101S1K	na	NZ_LR134236.1	4757340	2234106	46.9612	2218362	99.2953	2215153	99.8553	15744	0.7047	2230870	99.8552	19701	0.8818	16465	83.5744	1224	6.2129	13320	67.6108	4794	24.3338	98045	45.8534	68509	76.1783	0.9836
ESO1241104120S1K	stools_11011101	na	NZ_LR134236.1	4757340	1620671	34.0667	1606865	99.1481	1601756	99.6821	13806	0.8519	1615503	99.6811	19500	1.2032	14332	73.4974	1082	5.5487	10067	51.6256	7720	39.5897	98045	38.6149	68024	66.5794	0.9794
ESO1241104120S1K	stools_11011150	na	NZ_LR134236.1	4757340	1379634	29.0001	1371564	99.4151	1368637	99.7866	8070	0.5849	1376689	99.7865	11348	0.8225	8403	74.0483	465	4.0976	8653	76.2513	2079	18.3204	98045	55.1226	103201	66.1999	0.9789
ESO1241104120S1K	stools_11018101	na	NZ_LR134236.1	4757340	1624839	34.1544	1603638	98.6952	1595724	99.5065	21201	1.3048	1616821	99.5065	29860	1.8377	21842	73.1480	1130	3.7843	9875	33.0710	18324	61.3664	98045	38.0407	43894	82.5671	0.9852
ESO1241104120S1K	stools_11038150	na	NZ_LR134236.1	4757340	1106294	23.2545	1099875	99.4198	1096523	99.6952	6419	0.5802	1102914	99.6945	10183	0.9205	6803	66.8074	539	5.2931	5824	57.1934	3220	31.6213	98045	62.0276	148989	55.0188	0.9736
ESO1241104120S1K	stools_12064150	na	NZ_LR134236.1	4757340	716866	15.0686	711690	99.2780	707155	99.3628	5176	0.7220	712304	99.3636	10039	1.4004	5477	54.5572	367	3.6557	4686	46.6780	4773	47.5446	98045	54.2149	111498	60.9616	0.9770
ESO1241104120S1K	stools_12111102	na	NZ_LR134236.1	4757340	2130681	44.7872	2114469	99.2391	2108296	99.7081	16212	0.7609	2124459	99.7080	23102	1.0843	16880	73.0673	1414	6.1207	11185	48.4157	9552	41.3471	98045	47.9810	49367	100.0000	0.9859
ESO1241105120S1K	ESO1254206120S1K	na	NZ_CP076276.1	4860798	802524	16.5101	799091	99.5722	790788	98.9609	3433	0.4278	794165	98.9584	12444	1.5506	4085	32.8271	726	5.8341	10447	83.9521	1041	8.3655	186686	86.9390	145509	68.6281	0.9628
ESO1241105120S1K	EST1358301201S1K	na	NZ_CP076276.1	4860798	780329	16.0535	776785	99.5458	768057	98.8764	3544	0.4542	771541	98.8738	12709	1.6287	3921	30.8522	458	3.6037	10601	83.4133	1419	11.1653	186686	62.9876	141747	63.9061	0.9634
ESO1241105120S1K	stools_11015501	na	NZ_CP076276.1	4860798	209394	4.3078	208591	99.6165	205897	98.7085	803	0.3835	206687	98.7072	3592	1.7154	885	24.6381	95	2.6448	3013	83.8808	463	12.8898	186686	20.1408	71299	86.3687	0.9589
ESO1241108120S1K	EST1356602101S1K	na	NZ_CP075716.1	4870208	3150451	64.6882	3143773	99.7880	3142715	99.9663	6678	0.2120	3149392	99.9664	8214	0.2607	7155	87.1074	531	6.4646	2861	34.8308	4789	58.3029	110379	65.6746	179910	69.3608	0.9677
ESO1241108120S1K	stools_11026101	na	NZ_CP075716.1	4870208	610699	12.5395	609877	99.8654	608841	99.8301	822	0.1346	609662	99.8302	1936	0.3170	899	46.4360	85	4.3905	682	35.2273	1156	59.7107	110379	63.6208	202364	75.2174	0.9603
ESO1241108120S1K	stools_11039150	na	NZ_CP075716.1	4870208	1338849	27.4906	1335408	99.7430	1331955	99.7414	3441	0.2570	1335389	99.7416	7132	0.5327	3672	51.4863	273	3.8278	1216	17.0499	5601	78.5334	110379	75.7264	162260	75.7020	0.9756
ESO1241108120S1K	stools_12071150	na	NZ_CP075716.1	4870208	1199147	24.6221	1197181	99.8361	1195438	99.8544	1966	0.1639	1197402	99.8545	3937	0.3283	2192	55.6769	244	6.1976	1355	34.4171	2287	58.0899	110379	69.5132	167391	71.2249	0.9642
ESO1241108220S1K	EST1233801101S1K	na	NZ_CP011134.1	5000386	360443	7.2083	358813	99.5478	352723	98.3027	1630	0.4522	354325	98.3026	7818	2.1690	1700	21.7447	102	1.3047	6213	79.4705	1436	18.3679	131654	63.6897	53736	61.4058	0.9701
ESO1241108220S1K	stools_11004101	na	NZ_CP011134.1	5000386	546443	10.9280	545146	99.7626	537332	98.5666	1297	0.2374	538619	98.5682	9362	1.7133	1538	16.4281	271	2.8947	8166	87.2250	803	8.5772	131654	47.5937	40499	42.5146	0.9721
ESO1241108220S1K	stools_11023101	na	NZ_CP011134.1	5000386	1254051	25.0791	1250806	99.7412	1232980	98.5748	3245	0.2588	1236209	98.5773	21484	1.7132	3642	16.9522	424	1.9736	19696	91.6775	1156	5.3807	131654	65.7678	100884	58.2540	0.9799
ESO1241108220S1K	stools_11028150	na	NZ_CP011134.1	5000386	373053	7.4605	372128	99.7520	366467	98.4787	925	0.2480	367386	98.4809	6954	1.8641	1287	18.5073	371	5.3351	5776	83.0601	750	10.7852	131654	90.6566	139785	81.7577	0.9904
ESO1241108220S1K	stools_11032150	na	NZ_CP011134.1	5000386	1423829	28.4744	1416506	99.4857	1398249	98.7111	7323	0.5143	1405508	98.7133	25723	1.8066	7402	28.7758	285	1.1080	20409	79.3414	3421	13.2994	131654	64.5556	60089	87.8980	0.9791
ESO1241108220S1K	stools_11044150	na	NZ_CP011134.1	5000386	911910	18.2368	903822	99.1131	891528	98.6398	8088	0.8869	899518	98.6411	20869	2.2885	8477	40.6201	652	3.1243	12965	62.1256	5674	27.1887	131654	57.5706	25668	100.0000	0.9760
ESO1241108220S1K	stools_12078150	na	NZ_CP011134.1	5000386	1334199	26.6819	1331232	99.7776	1312499	98.5928	2967	0.2224	1315454	98.5950	22131	1.6587	3386	15.2998	442	1.9972	20665	93.3758	894	4.0396	131654	90.6566	120648	90.7674	0.9797
ESO1241108220S1K	stools_12090101	na	NZ_CP011134.1	5000386	806927	16.1373	804623	99.7145	792922	98.5458	2304	0.2855	795214	98.5484	14273	1.7688	2560	17.9360	292	2.0458	12643	88.5798	1113	7.7979	131654	90.6566	122213	92.8125	0.9788
ESO1241110120S1K	ESO1242805120S1K	na	NZ_LR134216.1	4647667	1155926	24.8711	1153161	99.7608	1151196	99.8296	2765	0.2392	1153942	99.8284	4834	0.4182	2850	58.9574	163	3.3719	2665	55.1303	1898	39.2635	110564	56.2235	86978	74.8040	0.9840
ESO1241110120S1K	ESO1247109120S1K	na	NZ_LR134236.1	4757340	1622891	34.1134	1618640	99.7381	1615803	99.8247	4251	0.2619	1620017	99.8229	7531	0.4640	4657	61.8377	602	7.9936	4195	55.7031	2410	32.0011	212017	37.6522	159394	46.3863	0.9521
ESO1241110120S1K	ESO1254306120S1K	na	NZ_LR134236.1	4757340	1279998	26.9057	1276783	99.7488	1275778	99.9213	3215	0.2512	1278985	99.9209	5500	0.4297	4487	81.5818	1359	24.7091	2040	37.0909	1461	26.5636	212017	52.1600	132037	77.8350	0.9697
ESO1241110120S1K	ESO1350502120S1K	na	NZ_LR134216.1	4647667	916251	19.7142	913415	99.6905	910340	99.6634	2836	0.3095	913169	99.6636	6017	0.6567	2935	48.7785	145	2.4098	1934	32.1423	3804	63.2209	110564	28.7309	58924	57.3977	0.9796
ESO1241110120S1K	ESO1358401120S1K	na	NZ_LR134236.1	4757340	811636	17.0607	809842	99.7790	806656	99.6066	1794	0.2210	808439	99.6061	5263	0.6484	2066	39.2552	314	5.9662	1863	35.3981	2977	56.5647	212017	65.5197	191495	75.6871	0.9662
ESO1241110120S1K	ESO1359003120S1K	na	NZ_LR134216.1	4647667	494921	10.6488	491762	99.3617	490368	99.7165	3159	0.6383	493516	99.7161	4601	0.9296	3196	69.4632	215	4.6729	2443	53.0972	1774	38.5568	110564	35.4718	46906	54.6753	0.9770
ESO1241110120S1K	ESO1361004120S1K	na	NZ_LR134216.1	4647667	2349325	50.5485	2344243	99.7837	2340720	99.8497	5082	0.2163	2345779	99.8491	8794	0.3743	5248	59.6771	257	2.9224	5115	58.1647	3035	34.5122	110564	56.2235	130473	55.7740	0.9745
ESO1241110120S1K	EST1212705101S1K	na	NZ_LR134236.1	4757340	723179	15.2013	720270	99.5977	715676	99.3622	2909	0.4023	718560	99.3613	8534	1.1801	3915	45.8753	1088	12.7490	2915	34.1575	4249	49.7891	212017	49.1928	69643	100.0000	0.9696
ESO1241110120S1K	EST1234707101S1K	na	NZ_LR134216.1	4647667	1134991	24.4207	1131382	99.6820	1127910	99.6931	3609	0.3180	1131505	99.6929	7200	0.6344	3714	51.5833	173	2.4028	2285	31.7361	4599	63.8750	110564	54.2862	74897	88.1317	0.9842
ESO1241110120S1K	EST1236807101S1K	na	NZ_LR134216.1	4647667	942820	20.2859	940305	99.7332	939164	99.8787	2515	0.2668	941676	99.8787	3872	0.4107	2728	70.4545	223	5.7593	2227	57.5155	1275	32.9287	110564	87.1875	121750	75.0719	0.9848
ESO1241110120S1K	EST1241110101S1K	na	NZ_LR134216.1	4647667	2590226	55.7317	2584661	99.7852	2584112	99.9788	5565	0.2148	2589676	99.9788	7088	0.2736	6538	92.2404	1044	14.7291	4978	70.2314	762	10.7506	110564	71.9737	88853	78.8921	0.9835
ESO1241110120S1K	EST1247106101S1K	na	NZ_LR134216.1	4647667	692019	14.8896	690081	99.7199	686212	99.4393	1938	0.2801	688142	99.4398	5939	0.8582	2062	34.7196	166	2.7951	1236	20.8116	4350	73.2447	110564	44.2866	81377	54.1640	0.9798
ESO1241110120S1K	EST1254204101S1K	na	NZ_LR134216.1	4647667	643096	13.8370	641208	99.7064	640112	99.8291	1888	0.2936	641995	99.8288	3047	0.4738	1946	63.8661	97	3.1835	1927	63.2425	921	30.2265	110564	20.7518	42218	54.9623	0.9768
ESO1241110120S1K	EST1350510101S1K	na	NZ_LR134216.1	4647667	2487163	53.5142	2465420	99.1258	2463432	99.9194	21743	0.8742	2485142	99.9187	23996	0.9648	21975	91.5778	888	3.7006	5215	21.7328	17584	73.2789	110564	35.6662	46147	78.5425	0.9794
ESO1241110120S1K	EST1358401101S1K	na	NZ_LR134236.1	4757340	1459589	30.6808	1454580	99.6568	1451097	99.7605	5009	0.3432	1456078	99.7595	8997	0.6164	5486	60.9759	613	6.8134	4130	45.9042	3952	43.9258	212017	28.2109	68509	61.1277	0.9583
ESO1241110120S1K	stools_11011101	na	NZ_LR134236.1	4757340	1087223	22.8536	1081811	99.5022	1077064	99.5612	5412	0.4978	1082434	99.5595	10904	1.0029	6115	56.0803	823	7.5477	3366	30.8694	6479	59.4186	212017	40.8477	68024	90.4416	0.9665
ESO1241110120S1K	stools_11011150	na	NZ_LR134236.1	4757340	771845	16.2243	770333	99.8041	768143	99.7157	1512	0.1959	769642	99.7146	4101	0.5313	1898	46.2814	408	9.9488	2073	50.5486	1559	38.0151	212017	42.8126	103201	75.8239	0.9640
ESO1241110120S1K	stools_11017501	na	NZ_LR134216.1	4647667	971550	20.9040	964014	99.2243	961703	99.7603	7536	0.7757	969203	99.7584	10011	1.0304	7664	76.5558	440	4.3952	2642	26.3910	6311	63.0407	110564	7.9791	22132	43.7918	0.9752
ESO1241110120S1K	stools_11018101	na	NZ_LR134236.1	4757340	1088191	22.8739	1078165	99.0787	1071720	99.4022	10026	0.9213	1081682	99.4019	17136	1.5747	10627	62.0156	775	4.5226	3370	19.6662	12676	73.9729	212017	18.4047	43894	76.3726	0.9599
ESO1241110120S1K	stools_11020501	na	NZ_LR134216.1	4647667	1250418	26.9042	1245851	99.6348	1242437	99.7260	4567	0.3652	1246989	99.7258	8158	0.6524	4729	57.9676	236	2.8929	2376	29.1248	5350	65.5798	110564	23.8296	26544	100.0000	0.9801
ESO1241110120S1K	stools_11038150	na	NZ_LR134236.1	4757340	565045	11.8773	563693	99.7607	560377	99.4117	1352	0.2393	561720	99.4116	4977	0.8808	1652	33.1927	335	6.7310	1701	34.1772	2833	56.9218	212017	75.4076	148989	93.4633	0.9741
ESO1241110120S1K	stools_11041102	na	NZ_LR134216.1	4647667	656774	14.1313	653108	99.4418	650800	99.6466	3666	0.5582	654440	99.6446	6058	0.9224	3724	61.4724	180	2.9713	2270	37.4711	3312	54.6715	110564	16.7939	20532	69.6766	0.9778
ESO1241110120S1K	stools_11042150	na	NZ_LR134216.1	4647667	780706	16.7978	777149	99.5444	774593	99.6711	3557	0.4556	778142	99.6716	6224	0.7972	3660	58.8046	184	2.9563	2026	32.5514	3855	61.9377	110564	28.7309	45123	72.1783	0.9797
ESO1241110120S1K	stools_11113501	na	NZ_LR134216.1	4647667	608421	13.0909	606621	99.7042	603856	99.5442	1800	0.2958	605645	99.5437	4620	0.7593	1844	39.9134	62	1.3420	1505	32.5758	2985	64.6104	110564	66.0287	119770	78.9054	0.9875
ESO1241110120S1K	stools_12064150	na	NZ_LR134236.1	4757340	547926	11.5175	546222	99.6890	542091	99.2437	1704	0.3110	543783	99.2439	6243	1.1394	2100	33.6377	422	6.7596	1807	28.9444	3985	63.8315	212017	51.9520	111498	77.3503	0.9668
ESO1241110120S1K	stools_12111102	na	NZ_LR134236.1	4757340	1138715	23.9360	1133134	99.5099	1127181	99.4746	5581	0.4901	1132737	99.4750	12113	1.0637	6135	50.6481	678	5.5973	3308	27.3095	7846	64.7734	212017	22.1388	49367	85.3931	0.9619
ESO1241110120S1K	stools_12117150	na	NZ_LR134216.1	4647667	1273749	27.4062	1269236	99.6457	1266106	99.7534	4513	0.3543	1270597	99.7525	7780	0.6108	4628	59.4859	195	2.5064	2409	30.9640	4916	63.1877	110564	54.2862	106136	57.3434	0.9743
ESO1242101120S1K	ESO1242804120S1K	na	NZ_CP101274.1	4892441	126923	2.5943	126717	99.8377	125559	99.0862	206	0.1623	125759	99.0829	1454	1.1456	290	19.9450	94	6.4649	216	14.8556	1119	76.9601	48115	38.9816	49459	100.0000	0.9899
ESO1242101120S1K	ESO1242805120S1K	na	NZ_CP101274.1	4892441	299329	6.1182	298804	99.8246	297637	99.6094	525	0.1754	298156	99.6081	1845	0.6164	672	36.4228	157	8.5095	608	32.9539	1045	56.6396	48115	58.0713	140889	25.1169	0.9721
ESO1242101120S1K	ESO1247101120S1K	na	NZ_CP101921.1	4790226	1156978	24.1529	1155058	99.8341	1150464	99.6023	1920	0.1659	1152372	99.6019	7113	0.6148	2507	35.2453	626	8.8008	1415	19.8932	4951	69.6049	117739	67.6394	110583	66.8466	0.9828
ESO1242101120S1K	ESO1247109120S1K	na	NZ_CP101274.1	4892441	734393	15.0108	732513	99.7440	730469	99.7210	1880	0.2560	732334	99.7196	4294	0.5847	2235	52.0494	396	9.2222	1755	40.8710	1965	45.7615	48115	31.0755	45916	39.5004	0.9863
ESO1242101120S1K	ESO1356611120S1K	na	NZ_CP101274.1	4892441	168713	3.4484	168287	99.7475	165693	98.4586	426	0.2525	166115	98.4601	3191	1.8914	593	18.5835	177	5.5469	268	8.3986	2711	84.9577	48115	57.1007	71524	83.0938	0.9854
ESO1242101120S1K	EST1238001101S1K	na	NZ_CP101274.1	4892441	429084	8.7703	427150	99.5493	423876	99.2335	1934	0.4507	425794	99.2333	5617	1.3091	2327	41.4278	451	8.0292	1086	19.3342	3913	69.6635	48115	45.4037	35442	70.4052	0.9911
ESO1242101120S1K	EST1242101101S1K	na	NZ_CP101921.1	4790226	714168	14.9089	713074	99.8468	711890	99.8340	1094	0.1532	712983	99.8341	2919	0.4087	1734	59.4039	652	22.3364	402	13.7718	1797	61.5622	117739	100.0000	156962	81.4063	0.9893
ESO1242101120S1K	EST1242805101S1K	na	NZ_CP101274.1	4892441	295753	6.0451	294911	99.7153	293016	99.3574	842	0.2847	293852	99.3572	3000	1.0144	1099	36.6333	276	9.2000	666	22.2000	1976	65.8667	48115	32.4473	48833	39.3812	0.9872
ESO1242101120S1K	EST1247108101S1K	na	NZ_CP101274.1	4892441	357312	7.3033	356683	99.8240	355268	99.6033	629	0.1760	355893	99.6029	2275	0.6367	856	37.6264	240	10.5495	835	36.7033	1154	50.7253	48115	87.3324	83964	70.0896	0.9892
ESO1242101120S1K	EST1254206101S1K	na	NZ_CP101274.1	4892441	194378	3.9730	193996	99.8035	192930	99.4505	382	0.1965	193312	99.4516	1668	0.8581	602	36.0911	227	13.6091	650	38.9688	737	44.1847	48115	45.4037	45224	60.5320	0.9890
ESO1242103120S1K	EST1238010101S1K	na	NZ_CP041359.1	5320024	25422	0.4779	25387	99.8623	25004	98.4914	35	0.1377	25039	98.4934	443	1.7426	60	13.5440	25	5.6433	273	61.6253	144	32.5056	90099	100.0000	206451	37.5992	0.9819
ESO1242103120S1K	stools_11008101	na	NZ_CP041359.1	5320024	154467	2.9035	153842	99.5954	152172	98.9145	625	0.4046	152790	98.9143	2406	1.5576	729	30.2993	115	4.7797	1461	60.7232	729	30.2993	90099	54.7464	130799	5.8877	0.9831
ESO1242103120S1K	stools_11013101	na	NZ_CP041359.1	5320024	37573	0.7063	37382	99.4917	36977	98.9166	191	0.5083	37166	98.9168	631	1.6794	224	35.4992	37	5.8637	388	61.4897	183	29.0016	90099	45.2536	108045	15.9961	0.9831
ESO1242103120S1K	stools_11013150	na	NZ_CP041359.1	5320024	89447	1.6813	89160	99.6791	87847	98.5274	287	0.3209	88131	98.5287	1713	1.9151	397	23.1757	113	6.5966	809	47.2271	759	44.3082	90099	100.0000	91033	26.5168	0.9831
ESO1242103120S1K	stools_11014150	na	NZ_CP041359.1	5320024	26979	0.5071	26957	99.9185	26573	98.5755	22	0.0815	26595	98.5767	473	1.7532	89	18.8161	67	14.1649	236	49.8943	170	35.9408	90099	45.2536	136111	13.8512	0.9747
ESO1242103120S1K	stools_11049101	na	NZ_CP041359.1	5320024	63630	1.1960	63546	99.8680	62928	99.0275	84	0.1320	63011	99.0272	721	1.1331	102	14.1470	20	2.7739	617	85.5756	56	7.7670	90099	100.0000	138786	49.4409	0.9747
ESO1242103120S1K	stools_11049501	na	NZ_CP041359.1	5320024	62940	1.1831	62890	99.9206	62287	99.0412	50	0.0794	62337	99.0419	672	1.0677	69	10.2679	19	2.8274	595	88.5417	55	8.1845	90099	100.0000	140508	47.5546	0.9751
ESO1242103120S1K	stools_12078101	na	NZ_CP041359.1	5320024	81479	1.5316	81337	99.8257	80396	98.8431	142	0.1743	80536	98.8426	1188	1.4580	245	20.6229	105	8.8384	774	65.1515	294	24.7475	90099	100.0000	110534	28.8744	0.9749
ESO1242206120S1K	ESO1247204120S1K	na	NZ_CP022279.1	4907118	2343539	47.7580	2339402	99.8235	2335232	99.8217	4137	0.1765	2339362	99.8218	12619	0.5385	8442	66.8991	4354	34.5035	5010	39.7020	3061	24.2571	374019	53.3815	184909	85.9455	0.9400
ESO1242206120S1K	ESO1247210120S1K	na	NZ_CP022279.1	4907118	248225	5.0585	247915	99.8751	246813	99.5555	310	0.1249	247115	99.5528	1992	0.8025	882	44.2771	580	29.1165	401	20.1305	985	49.4478	374019	56.7985	312789	92.9003	0.9527
ESO1242206120S1K	EST1242208101S1K	na	NZ_CP022279.1	4907118	446729	9.1037	446133	99.8666	442392	99.1615	596	0.1334	442983	99.1615	4860	1.0879	1114	22.9218	525	10.8025	1271	26.1523	3037	62.4897	374019	41.9730	202665	94.3069	0.9388
ESO1242206120S1K	stools_11011150	na	NZ_CP022279.1	4907118	1039316	21.1798	1037893	99.8631	1036623	99.8776	1423	0.1369	1038045	99.8777	4740	0.4561	3469	73.1857	2055	43.3544	1657	34.9578	938	19.7890	374019	57.1153	233327	85.3305	0.9480
ESO1242206120S1K	stools_11016501	na	NZ_CP022279.1	4907118	1974030	40.2279	1969514	99.7712	1965531	99.7978	4516	0.2288	1970039	99.7978	12381	0.6272	8390	67.7651	3931	31.7503	4130	33.3576	3906	31.5483	374019	51.8506	180241	96.9280	0.9411
ESO1242206120S1K	stools_11020150	na	NZ_CP022279.1	4907118	939580	19.1473	938126	99.8453	936475	99.8240	1454	0.1547	937927	99.8241	5904	0.6284	4251	72.0020	2832	47.9675	1295	21.9343	1655	28.0318	374019	88.4316	393860	98.0026	0.9611
ESO1242206120S1K	stools_11021501	na	NZ_CP022279.1	4907118	1081862	22.0468	1078767	99.7139	1074950	99.6462	3095	0.2861	1078037	99.6464	8875	0.8203	5050	56.9014	2005	22.5915	1919	21.6225	4831	54.4338	374019	53.4414	242169	89.8856	0.9401
ESO1242206120S1K	stools_11038101	na	NZ_CP022279.1	4907118	1240704	25.2838	1237344	99.7292	1233910	99.7225	3360	0.2708	1237259	99.7223	8998	0.7252	5553	61.7137	2242	24.9166	2551	28.3507	3989	44.3321	374019	53.9513	209128	90.1257	0.9427
ESO1242206120S1K	stools_11046150	na	NZ_CP022279.1	4907118	433949	8.8433	433072	99.7979	430050	99.3022	877	0.2021	430923	99.3027	5034	1.1600	2008	39.8888	1144	22.7255	712	14.1438	3102	61.6210	374019	60.2437	286858	100.0000	0.9521
ESO1242206120S1K	stools_11048150	na	NZ_CP022279.1	4907118	709266	14.4538	708203	99.8501	705878	99.6717	1063	0.1499	706935	99.6714	4922	0.6940	2591	52.6412	1543	31.3490	1596	32.4258	1711	34.7623	374019	65.2309	290618	91.0467	0.9460
ESO1242206120S1K	stools_11052150	na	NZ_CP022279.1	4907118	2170161	44.2248	2161306	99.5920	2158164	99.8546	8855	0.4080	2167007	99.8547	16357	0.7537	13203	80.7177	4427	27.0649	3186	19.4779	8369	51.1646	374019	73.3781	251808	87.9531	0.9547
ESO1242206120S1K	stools_12060501	na	NZ_CP022279.1	4907118	809738	16.5013	808214	99.8118	805504	99.6647	1524	0.1882	807020	99.6643	5770	0.7126	3052	52.8943	1545	26.7764	1440	24.9567	2679	46.4298	374019	57.1762	241949	96.5774	0.9467
ESO1242206120S1K	stools_12068102	na	NZ_CP022279.1	4907118	1734575	35.3481	1728024	99.6223	1723488	99.7375	6551	0.3777	1730021	99.7375	14385	0.8293	9831	68.3420	3414	23.7331	3073	21.3625	7443	51.7414	374019	59.8510	263935	86.7949	0.9469
ESO1242206120S1K	stools_12085150	na	NZ_CP022279.1	4907118	2648429	53.9712	2643899	99.8290	2641723	99.9177	4530	0.1710	2646250	99.9177	12681	0.4788	10502	82.8168	6001	47.3228	3827	30.1790	2595	20.4637	374019	84.3211	384148	90.7877	0.9421
ESO1242206120S1K	stools_12088501	na	NZ_CP022279.1	4907118	2759816	56.2411	2753586	99.7743	2751564	99.9266	6230	0.2257	2757789	99.9266	14888	0.5395	12861	86.3850	6695	44.9691	3924	26.3568	3948	26.5180	374019	75.5520	301726	91.6646	0.9591
ESO1242206120S1K	stools_12116501	na	NZ_CP022279.1	4907118	733421	14.9461	732419	99.8634	730520	99.7407	1002	0.1366	731519	99.7407	4276	0.5830	2374	55.5192	1389	32.4836	1305	30.5192	1544	36.1085	374019	69.2259	315377	82.3706	0.9534
ESO1242208120S1K	ESO1358301220S1K	na	NZ_CP047277.1	4774769	793213	16.6126	789051	99.4753	783421	99.2865	4162	0.5247	787562	99.2876	10085	1.2714	4434	43.9663	368	3.6490	3536	35.0620	5914	58.6415	50703	78.6995	134001	28.3625	0.9770
ESO1242208120S1K	EST1212204101S1K	na	NZ_CP047277.1	4774769	544100	11.3953	541796	99.5765	538527	99.3966	2304	0.4235	540822	99.3975	5805	1.0669	2527	43.5314	268	4.6167	2885	49.6985	2505	43.1525	50703	100.0000	108159	51.8727	0.9878
ESO1242208120S1K	stools_11049101	na	NZ_CP047277.1	4774769	433267	9.0741	431606	99.6166	429733	99.5660	1661	0.3834	431384	99.5654	3757	0.8671	1874	49.8802	231	6.1485	2776	73.8887	687	18.2859	50703	100.0000	203920	27.0268	0.9684
ESO1242208120S1K	stools_11049501	na	NZ_CP047277.1	4774769	439669	9.2082	438079	99.6384	436181	99.5667	1590	0.3616	437760	99.5658	3733	0.8490	1824	48.8615	250	6.6970	2787	74.6585	626	16.7694	50703	100.0000	229308	24.5417	0.9619
ESO1242208120S1K	stools_11107150	na	NZ_CP047277.1	4774769	748018	15.6661	745712	99.6917	742425	99.5592	2306	0.3083	744724	99.5596	5912	0.7904	2618	44.2828	329	5.5650	3559	60.1996	1840	31.1231	50703	100.0000	138256	39.8080	0.9813
ESO1242208120S1K	stools_12078101	na	NZ_CP047277.1	4774769	1546379	32.3865	1540220	99.6017	1534063	99.6003	6159	0.3983	1540186	99.5995	12850	0.8310	6657	51.8054	646	5.0272	7458	58.0389	4433	34.4981	50703	100.0000	137285	40.2855	0.9816
ESO1242208120S1K	stools_12116150	na	NZ_CP047277.1	4774769	787502	16.4930	784852	99.6635	782288	99.6733	2650	0.3365	784926	99.6729	5442	0.6910	2866	52.6645	235	4.3183	4494	82.5799	656	12.0544	50703	100.0000	157545	34.0995	0.9757
ESO1242208120S1K	stools_12120501	na	NZ_CP047277.1	4774769	168134	3.5213	167433	99.5831	166423	99.3968	701	0.4169	167120	99.3969	1786	1.0622	772	43.2251	76	4.2553	1292	72.3404	391	21.8925	50703	100.0000	166919	34.8540	0.9731
ESO1242209120S1K	ESO1247101120S1K	na	NZ_LR134231.1	4594692	2140755	46.5919	2137255	99.8365	2135406	99.9135	3500	0.1635	2138894	99.9131	5648	0.2638	3787	67.0503	360	6.3739	2922	51.7351	2191	38.7925	65179	72.1106	52184	82.5406	0.9918
ESO1242209120S1K	ESO1254204120S1K	na	NZ_LR134231.1	4594692	1330176	28.9503	1324936	99.6061	1322001	99.7785	5240	0.3939	1327227	99.7783	8309	0.6247	5360	64.5084	220	2.6477	1686	20.2913	6283	75.6168	65179	49.1370	32039	100.0000	0.9923
ESO1242209120S1K	ESO1356602120S1K	na	NZ_LR134231.1	4594692	591060	12.8640	586418	99.2146	582888	99.3980	4642	0.7854	587508	99.3990	8313	1.4065	4761	57.2717	204	2.4540	902	10.8505	7136	85.8415	65179	49.1370	37958	66.1679	0.9884
ESO1242209120S1K	ESO1357104120S1K	na	NZ_AP022295.1	4665448	474371	10.1677	472172	99.5364	468062	99.1296	2199	0.4636	470226	99.1262	6407	1.3506	2262	35.3051	112	1.7481	677	10.5666	5572	86.9674	10329	0.0000	24162	0.0000	0.9926
ESO1242209120S1K	ESO1361010120S1K	na	NZ_CP085488.1	4672036	329117	7.0444	328057	99.6779	325661	99.2696	1060	0.3221	326715	99.2702	3640	1.1060	1238	34.0110	190	5.2198	676	18.5714	2717	74.6429	18548	57.2784	64853	16.3400	0.9866
ESO1242209120S1K	EST1213404301S1K	na	NZ_LR134231.1	4594692	976488	21.2525	974543	99.8008	972498	99.7902	1945	0.1992	974440	99.7903	4202	0.4303	2154	51.2613	228	5.4260	1179	28.0581	2698	64.2075	65179	100.0000	101391	79.0198	0.9877
ESO1242209120S1K	EST1233822201S1K	na	NZ_LR134231.1	4594692	854144	18.5898	849736	99.4839	844161	99.3439	4408	0.5161	848539	99.3438	10122	1.1850	4517	44.6256	182	1.7981	1192	11.7763	8692	85.8724	65179	100.0000	109930	57.4356	0.9851
ESO1242209120S1K	EST1234709101S1K	na	NZ_CP085488.1	4672036	742246	15.8870	741356	99.8801	738300	99.5878	890	0.1199	739181	99.5871	4117	0.5547	1052	25.5526	179	4.3478	1348	32.7423	2543	61.7683	18548	100.0000	83551	37.9086	0.9860
ESO1242209120S1K	EST1242704101S1K	na	NZ_LR134231.1	4594692	1981314	43.1218	1975136	99.6882	1973155	99.8997	6178	0.3118	1979328	99.8998	8534	0.4307	6548	76.7284	471	5.5191	2410	28.2400	5500	64.4481	65179	91.3377	55774	100.0000	0.9965
ESO1242209120S1K	EST1242805101S1K	na	NZ_LR134231.1	4594692	1345571	29.2853	1342393	99.7638	1340237	99.8394	3178	0.2362	1343408	99.8393	5497	0.4085	3334	60.6513	233	4.2387	1561	28.3973	3592	65.3447	65179	75.4768	56340	80.3994	0.9921
ESO1242209120S1K	EST1247210101S1K	na	NZ_CP085488.1	4672036	711374	15.2262	709754	99.7723	702860	99.0287	1620	0.2277	704465	99.0288	8845	1.2434	1936	21.8881	345	3.9005	1317	14.8898	7069	79.9209	18548	57.2784	109326	9.8229	0.9771
ESO1242209120S1K	EST1350507101S1K	na	NZ_LR134231.1	4594692	2175405	47.3460	2172745	99.8777	2170701	99.9059	2660	0.1223	2173355	99.9058	4928	0.2265	2878	58.4010	246	4.9919	2963	60.1258	1578	32.0211	65179	66.8145	39446	100.0000	0.9943
ESO1242209120S1K	EST1358301101S1K	na	NZ_LR134231.1	4594692	2210085	48.1008	2196797	99.3988	2194617	99.9008	13288	0.6012	2207897	99.9010	15769	0.7135	13581	86.1247	404	2.5620	2993	18.9803	12208	77.4177	65179	72.1106	55154	73.3764	0.9917
ESO1242209120S1K	stools_11007150	na	NZ_LR134231.1	4594692	730331	15.8951	727842	99.6592	723853	99.4519	2489	0.3408	726314	99.4500	6577	0.9006	2560	38.9235	123	1.8702	1005	15.2805	5407	82.2107	65179	48.7335	54887	72.6092	0.9876
ESO1242209120S1K	stools_11038101	na	NZ_LR134231.1	4594692	1275376	27.7576	1271581	99.7024	1270130	99.8859	3795	0.2976	1273914	99.8854	5394	0.4229	3932	72.8958	223	4.1342	2062	38.2277	2986	55.3578	65179	29.9099	28166	70.1023	0.9878
ESO1242209120S1K	stools_11038501	na	NZ_LR134231.1	4594692	253883	5.5256	253646	99.9066	253014	99.7508	237	0.0934	253251	99.7511	913	0.3596	281	30.7777	45	4.9288	361	39.5400	496	54.3264	65179	78.7524	162476	53.4805	0.9718
ESO1242209120S1K	stools_11044501	na	NZ_LR134231.1	4594692	1211623	26.3701	1206312	99.5617	1204378	99.8397	5311	0.4383	1209681	99.8397	7412	0.6117	5470	73.7992	254	3.4269	1880	25.3643	5156	69.5629	65179	57.7993	49308	76.2635	0.9893
ESO1242209120S1K	stools_11049150	na	NZ_CP085488.1	4672036	512072	10.9604	510177	99.6299	508837	99.7373	1895	0.3701	510724	99.7368	3357	0.6556	2009	59.8451	144	4.2895	1124	33.4823	1999	59.5472	18548	57.2784	10809	100.0000	0.9983
ESO1242209120S1K	stools_11107501	na	NZ_LR134231.1	4594692	289788	6.3070	289459	99.8865	288606	99.7053	329	0.1135	288934	99.7053	1307	0.4510	453	34.6595	126	9.6404	551	42.1576	600	45.9067	65179	100.0000	157531	51.5733	0.9787
ESO1242209120S1K	stools_12058150	na	NZ_LR134231.1	4594692	215871	4.6983	215460	99.8096	214768	99.6788	411	0.1904	215177	99.6785	1194	0.5531	500	41.8760	92	7.7052	590	49.4137	491	41.1223	65179	75.4768	118020	51.9725	0.9812
ESO1242209120S1K	stools_12060501	na	NZ_LR134231.1	4594692	915641	19.9282	912934	99.7044	908701	99.5363	2707	0.2956	911401	99.5369	7092	0.7745	2852	40.2143	205	2.8906	1202	16.9487	5605	79.0327	65179	66.4110	68981	75.8470	0.9863
ESO1242209120S1K	stools_12062101	na	NZ_LR134231.1	4594692	910919	19.8255	908775	99.7646	906305	99.7282	2144	0.2354	908443	99.7282	4692	0.5151	2216	47.2293	93	1.9821	1156	24.6377	3397	72.3998	65179	57.7487	60817	67.4039	0.9901
ESO1242209120S1K	stools_12072101	na	NZ_LR134231.1	4594692	619474	13.4824	616479	99.5165	615381	99.8219	2995	0.4835	618367	99.8213	4187	0.6759	3080	73.5610	160	3.8214	1291	30.8335	2645	63.1717	65179	49.1370	30305	100.0000	0.9923
ESO1242209120S1K	stools_12084101	na	NZ_LR134231.1	4594692	1070217	23.2925	1064819	99.4956	1063176	99.8457	5398	0.5044	1068558	99.8450	7220	0.6746	5561	77.0222	279	3.8643	1691	23.4211	5114	70.8310	65179	91.3377	45884	100.0000	0.9953
ESO1242209120S1K	stools_12084102	na	NZ_LR134231.1	4594692	1957907	42.6124	1954789	99.8407	1951960	99.8553	3118	0.1593	1955069	99.8550	6279	0.3207	3441	54.8017	355	5.6538	2467	39.2897	3371	53.6869	65179	73.6602	44020	100.0000	0.9949
ESO1242209120S1K	stools_12086501	na	NZ_AP022295.1	4665448	713670	15.2969	708519	99.2782	707237	99.8191	5151	0.7218	712378	99.8190	6522	0.9139	5230	80.1901	120	1.8399	1254	19.2272	5099	78.1815	10329	100.0000	10184	100.0000	0.9999
ESO1242209120S1K	stools_12098150	na	NZ_LR134231.1	4594692	250937	5.4615	250217	99.7131	249123	99.5628	720	0.2869	249841	99.5632	1883	0.7504	787	41.7950	72	3.8237	763	40.5204	1017	54.0096	65179	75.4768	97381	53.7610	0.9852
ESO1242209120S1K	stools_12111102	na	NZ_CP085488.1	4672036	354459	7.5868	352994	99.5867	350824	99.3853	1465	0.4133	352281	99.3855	3804	1.0732	1626	42.7445	217	5.7045	698	18.3491	2778	73.0284	18548	57.2784	74506	14.2874	0.9846
ESO1242705120S1K	ESO1358303120S1K	na	NZ_CP027126.1	4877957	599330	12.2865	597392	99.6766	594181	99.4625	1938	0.3234	596103	99.4616	5352	0.8930	2125	39.7048	213	3.9798	3630	67.8251	1439	26.8871	83436	74.0448	129044	67.9846	0.9798
ESO1242705120S1K	ESO1359003120S1K	na	NZ_CP025747.1	4918774	408327	8.3014	405094	99.2082	402484	99.3557	3233	0.7918	405678	99.3513	6059	1.4839	3410	56.2799	415	6.8493	1265	20.8780	3960	65.3573	116282	46.1224	126547	33.3212	0.9660
ESO1242705120S1K	EST1233807101S1K	na	NZ_CP025747.1	4918774	2314218	47.0487	2304920	99.5982	2302354	99.8887	9298	0.4018	2311641	99.8886	12208	0.5275	9631	78.8909	672	5.5046	6403	52.4492	4836	39.6134	116282	48.5071	55558	89.0277	0.9843
ESO1242705120S1K	EST1350807101S1K	na	NZ_CP027126.1	4877957	350743	7.1904	349511	99.6487	347162	99.3279	1232	0.3513	348388	99.3286	3981	1.1350	1626	40.8440	423	10.6255	1978	49.6860	1402	35.2173	83436	63.6620	124959	55.2653	0.9783
ESO1242705120S1K	EST1358302101S1K	na	NZ_CP027126.1	4877957	1137331	23.3157	1128775	99.2477	1123922	99.5701	8556	0.7523	1132435	99.5695	13715	1.2059	8819	64.3019	621	4.5279	6793	49.5297	5623	40.9989	83436	68.3027	88054	64.9181	0.9853
ESO1242705120S1K	stools_11010101	na	NZ_CP025747.1	4918774	404375	8.2211	403061	99.6751	398025	98.7506	1314	0.3249	399329	98.7521	6518	1.6119	1472	22.5836	191	2.9303	865	13.2709	5226	80.1780	116282	48.9250	164965	56.8927	0.9604
ESO1242705120S1K	stools_11048102	na	NZ_CP027126.1	4877957	818248	16.7744	814812	99.5801	810467	99.4667	3436	0.4199	813896	99.4681	8109	0.9910	3757	46.3312	424	5.2288	4949	61.0310	2533	31.2369	83436	74.0448	117442	63.3649	0.9826
ESO1242705120S1K	stools_12079101	na	NZ_CP027126.1	4877957	1267483	25.9839	1261481	99.5265	1255927	99.5597	6002	0.4735	1261906	99.5600	11947	0.9426	6370	53.3188	526	4.4028	8145	68.1761	2998	25.0942	83436	74.0448	78126	80.7452	0.9907
ESO1242705120S1K	stools_12116150	na	NZ_CP027126.1	4877957	336945	6.9075	336119	99.7549	334596	99.5469	826	0.2451	335416	99.5462	2415	0.7167	886	36.6874	69	2.8571	2120	87.7847	200	8.2816	83436	83.8271	153421	86.5397	0.9792
ESO1242705120S1K	stools_12119501	na	NZ_CP025747.1	4918774	1249324	25.3991	1230888	98.5243	1211918	98.4588	18436	1.4757	1229917	98.4466	37696	3.0173	18289	48.5171	546	1.4484	3105	8.2369	33576	89.0705	116282	40.4499	57070	70.7009	0.9790
ESO1242801120S1K	EST1212703101S1K	na	NZ_CP053601.1	4529413	492411	10.8714	490315	99.5743	481748	98.2528	2096	0.4257	483801	98.2515	10735	2.1801	2125	19.7951	102	0.9502	9846	91.7187	632	5.8873	0	0.0000	0	0.0000	1.0000
ESO1242801120S1K	EST1238002101S1K	na	NZ_CP053601.1	4529413	231390	5.1086	230260	99.5116	225851	98.0852	1130	0.4884	226951	98.0816	5689	2.4586	1250	21.9722	170	2.9882	4700	82.6156	737	12.9548	0	0.0000	0	0.0000	1.0000
ESO1242801120S1K	EST1242802101S1K	na	NZ_CP053601.1	4529413	178885	3.9494	178083	99.5517	174522	98.0004	802	0.4483	175313	98.0032	4721	2.6391	1149	24.3381	363	7.6890	3463	73.3531	815	17.2633	0	0.0000	9975	0.0000	1.0000
ESO1242801120S1K	stools_12118101	na	NZ_CP053601.1	4529413	437997	9.6701	436204	99.5906	428506	98.2352	1793	0.4094	430271	98.2361	9945	2.2706	2219	22.3127	468	4.7059	8312	83.5797	961	9.6631	0	0.0000	92315	0.0000	0.9875
ESO1242802120S1K	ESO1242804120S1K	na	NZ_CP023386.1	4900891	228210	4.6565	227833	99.8348	226686	99.4966	377	0.1652	227062	99.4970	1625	0.7121	477	29.3538	101	6.2154	623	38.3385	884	54.4000	116106	68.2669	63700	78.5604	0.9831
ESO1242802120S1K	EST1247203101S1K	na	NZ_CP073624.1	4950124	1023513	20.6765	1022521	99.9031	1020861	99.8377	992	0.0969	1021853	99.8378	4061	0.3968	2401	59.1234	1412	34.7698	343	8.4462	2254	55.5036	577467	85.5758	481617	100.0000	0.9690
ESO1242802120S1K	stools_11018101	na	NZ_CP023386.1	4900891	973988	19.8737	962520	98.8226	959500	99.6862	11468	1.1774	970920	99.6850	14691	1.5083	11623	79.1165	245	1.6677	2320	15.7920	11927	81.1858	116106	65.3704	108131	30.0820	0.9737
ESO1242802120S1K	stools_11042101	na	NZ_CP023386.1	4900891	861812	17.5848	852516	98.9213	849993	99.7041	9296	1.0787	859243	99.7019	11982	1.3903	9413	78.5595	186	1.5523	1890	15.7737	9799	81.7810	116106	68.2669	57167	57.4527	0.9763
ESO1242802120S1K	stools_11054102	na	NZ_CP023386.1	4900891	700899	14.3015	697547	99.5218	694462	99.5577	3352	0.4782	697787	99.5560	6617	0.9441	3505	52.9696	204	3.0830	1628	24.6033	4725	71.4070	116106	33.6374	106169	13.5369	0.9640
ESO1242802120S1K	stools_12060150	na	NZ_CP023386.1	4900891	885920	18.0767	884011	99.7845	881437	99.7088	1909	0.2155	883339	99.7087	4727	0.5336	2146	45.3988	250	5.2888	1911	40.4273	2522	53.3531	116106	100.0000	186175	23.9533	0.9572
ESO1242802120S1K	stools_12069101	na	NZ_CP023386.1	4900891	1033979	21.0978	1031974	99.8061	1029082	99.7198	2005	0.1939	1031074	99.7190	5199	0.5028	2294	44.1239	331	6.3666	2320	44.6240	2418	46.5089	116106	100.0000	197655	35.8534	0.9615
ESO1242802120S1K	stools_12070101	na	NZ_CP023386.1	4900891	992460	20.2506	991386	99.8918	988571	99.7161	1074	0.1082	989636	99.7155	4174	0.4206	1350	32.3431	289	6.9238	2206	52.8510	1647	39.4586	116106	80.6134	165445	38.7567	0.9729
ESO1242802120S1K	stools_12101101	na	NZ_CP023386.1	4900891	1050788	21.4408	1040352	99.0068	1036617	99.6410	10436	0.9932	1047011	99.6406	14477	1.3777	10700	73.9103	322	2.2242	2463	17.0132	11643	80.4241	116106	65.3704	208557	38.1061	0.9617
ESO1242804120S1K	ESO1242805120S1K	na	NZ_CP101274.1	4892441	144685	2.9573	144485	99.8618	143198	99.1093	200	0.1382	143394	99.1077	1548	1.0699	257	16.6021	63	4.0698	1218	78.6822	247	15.9561	49459	61.6005	140889	14.0188	0.9838
ESO1242804120S1K	ESO1247109120S1K	na	NZ_CP101274.1	4892441	320984	6.5608	320377	99.8109	317434	99.0814	607	0.1891	318033	99.0806	3665	1.1418	714	19.4816	116	3.1651	2970	81.0368	540	14.7340	49459	61.6005	45916	23.4189	0.9899
ESO1242804120S1K	ESO1356611120S1K	na	NZ_CP101274.1	4892441	87875	1.7961	87617	99.7064	86220	98.4056	258	0.2936	86472	98.4034	1863	2.1201	460	24.6914	211	11.3258	513	27.5362	1109	59.5276	49459	100.0000	71524	58.8376	0.9898
ESO1242804120S1K	EST1238001101S1K	na	NZ_CP101274.1	4892441	197302	4.0328	196557	99.6224	194720	99.0654	745	0.3776	195456	99.0644	2902	1.4708	1056	36.3887	329	11.3370	1240	42.7292	1225	42.2123	49459	61.6005	35442	49.2128	0.9899
ESO1242804120S1K	EST1242805101S1K	na	NZ_CP101274.1	4892441	147724	3.0194	147320	99.7265	145901	99.0368	404	0.2735	146302	99.0374	1979	1.3397	557	28.1455	158	7.9838	1142	57.7059	619	31.2784	49459	61.6005	48833	23.0213	0.9899
ESO1242804120S1K	EST1247108101S1K	na	NZ_CP101274.1	4892441	167563	3.4249	167244	99.8096	165768	99.1175	319	0.1904	166086	99.1185	1846	1.1017	369	19.9892	52	2.8169	1391	75.3521	391	21.1809	49459	100.0000	83964	43.4281	0.9932
ESO1242804120S1K	EST1254206101S1K	na	NZ_CP101274.1	4892441	87522	1.7889	87361	99.8160	86541	99.0614	161	0.1840	86696	99.0562	1054	1.2043	228	21.6319	73	6.9260	691	65.5598	285	27.0398	49459	61.6005	45224	59.9040	0.9899
ESO1242804120S1K	stools_11018101	na	NZ_CP023386.1	4900891	769803	15.7074	760945	98.8493	758106	99.6269	8858	1.1507	766919	99.6254	11833	1.5371	8949	75.6275	189	1.5972	2785	23.5359	8676	73.3204	63700	40.3799	108131	16.6835	0.9828
ESO1242804120S1K	stools_11042101	na	NZ_CP023386.1	4900891	687094	14.0198	679801	98.9386	677112	99.6044	7293	1.0614	684371	99.6037	10053	1.4631	7330	72.9136	118	1.1738	2584	25.7038	7264	72.2570	63700	100.0000	57167	66.6573	0.9870
ESO1242804120S1K	stools_11054102	na	NZ_CP023386.1	4900891	552369	11.2708	549715	99.5195	546860	99.4806	2654	0.4805	549496	99.4799	5607	1.0151	2734	48.7605	114	2.0332	2152	38.3806	3293	58.7302	63700	40.3799	106169	13.5369	0.9818
ESO1242804120S1K	stools_12060150	na	NZ_CP023386.1	4900891	699385	14.2706	697739	99.7647	694759	99.5729	1646	0.2353	696401	99.5733	4734	0.6769	1750	36.9666	111	2.3447	2702	57.0765	1901	40.1563	63700	100.0000	186175	16.9663	0.9708
ESO1242804120S1K	stools_12069101	na	NZ_CP023386.1	4900891	812254	16.5736	810553	99.7906	807321	99.6013	1701	0.2094	809017	99.6015	5077	0.6251	1840	36.2419	166	3.2696	3070	60.4688	1743	34.3313	63700	78.5604	197655	21.3544	0.9687
ESO1242804120S1K	stools_12070101	na	NZ_CP023386.1	4900891	785632	16.0304	784510	99.8572	781417	99.6057	1122	0.1428	782534	99.6057	4330	0.5511	1232	28.4527	119	2.7483	2963	68.4296	1220	28.1755	63700	100.0000	165445	37.5279	0.9741
ESO1242804120S1K	stools_12101101	na	NZ_CP023386.1	4900891	826235	16.8589	817989	99.0020	814451	99.5675	8246	0.9980	822660	99.5673	12004	1.4529	8429	70.2183	241	2.0077	3033	25.2666	8674	72.2592	63700	83.9874	208557	26.4685	0.9716
ESO1242805120S1K	ESO1247109120S1K	na	NZ_CP101274.1	4892441	851248	17.3992	849489	99.7934	847806	99.8019	1759	0.2066	849554	99.8010	3808	0.4473	2114	55.5147	395	10.3729	1838	48.2668	1417	37.2111	140889	29.8583	45916	88.7316	0.9733
ESO1242805120S1K	ESO1350502120S1K	na	NZ_LR134216.1	4647667	674119	14.5045	672850	99.8118	670696	99.6799	1269	0.1882	671962	99.6800	3664	0.5435	1507	41.1299	253	6.9050	734	20.0328	2628	71.7249	86978	64.7658	58924	85.5492	0.9900
ESO1242805120S1K	ESO1356611120S1K	na	NZ_CP101274.1	4892441	196757	4.0217	196106	99.6691	193083	98.4585	651	0.3309	193726	98.4595	3816	1.9394	785	20.5713	149	3.9046	380	9.9581	3231	84.6698	140889	20.7504	71524	65.5067	0.9742
ESO1242805120S1K	ESO1359003120S1K	na	NZ_LR134216.1	4647667	294913	6.3454	294029	99.7003	293154	99.7024	884	0.2997	294032	99.7013	1900	0.6443	1019	53.6316	149	7.8421	889	46.7895	769	40.4737	86978	72.2206	46906	100.0000	0.9902
ESO1242805120S1K	ESO1361004120S1K	na	NZ_LR134216.1	4647667	1676432	36.0704	1675251	99.9296	1673673	99.9058	1181	0.0704	1674850	99.9056	3372	0.2011	1790	53.0842	619	18.3571	1855	55.0119	877	26.0083	86978	100.0000	130473	72.2011	0.9899
ESO1242805120S1K	EST1234707101S1K	na	NZ_LR134216.1	4647667	838055	18.0317	836421	99.8050	833571	99.6593	1634	0.1950	835199	99.6592	4678	0.5582	1822	38.9483	206	4.4036	937	20.0299	3477	74.3266	86978	50.1173	74897	55.6417	0.9830
ESO1242805120S1K	EST1236807101S1K	na	NZ_LR134216.1	4647667	587683	12.6447	587101	99.9010	585738	99.7678	582	0.0990	586319	99.7679	2026	0.3447	662	32.6752	82	4.0474	1047	51.6782	877	43.2873	86978	89.4525	121750	59.8448	0.9884
ESO1242805120S1K	EST1238001101S1K	na	NZ_CP101274.1	4892441	431123	8.8120	429125	99.5366	425494	99.1539	1998	0.4634	427473	99.1534	5920	1.3732	2270	38.3446	323	5.4561	1197	20.2196	4284	72.3649	140889	27.9234	35442	100.0000	0.9775
ESO1242805120S1K	EST1241110101S1K	na	NZ_LR134216.1	4647667	1763782	37.9498	1762608	99.9334	1759728	99.8366	1174	0.0666	1760901	99.8367	4179	0.2369	1298	31.0601	135	3.2304	2491	59.6076	1526	36.5159	86978	89.4525	88853	79.3625	0.9912
ESO1242805120S1K	EST1242805101S1K	na	NZ_CP101274.1	4892441	388011	7.9308	386879	99.7083	384832	99.4709	1132	0.2917	385957	99.4706	3392	0.8742	1338	39.4458	244	7.1934	962	28.3608	2064	60.8491	140889	31.0656	48833	87.4020	0.9751
ESO1242805120S1K	EST1247106101S1K	na	NZ_LR134216.1	4647667	507358	10.9164	506584	99.8474	503695	99.4297	774	0.1526	504466	99.4300	3752	0.7395	860	22.9211	90	2.3987	533	14.2058	3096	82.5160	86978	61.6731	81377	56.7728	0.9835
ESO1242805120S1K	EST1247108101S1K	na	NZ_CP101274.1	4892441	419281	8.5700	418357	99.7796	416552	99.5686	924	0.2204	417470	99.5681	2915	0.6952	1104	37.8731	198	6.7925	1423	48.8165	1250	42.8816	140889	27.9234	83964	55.3428	0.9691
ESO1242805120S1K	EST1254204101S1K	na	NZ_LR134216.1	4647667	448135	9.6421	447576	99.8753	446823	99.8318	559	0.1247	447377	99.8309	1390	0.3102	632	45.4676	83	5.9712	662	47.6259	599	43.0935	86978	42.4280	42218	84.2697	0.9874
ESO1242805120S1K	EST1254206101S1K	na	NZ_CP101274.1	4892441	197532	4.0375	197002	99.7317	195925	99.4533	530	0.2683	196446	99.4502	1781	0.9016	695	39.0230	175	9.8259	826	46.3784	753	42.2796	140889	27.9234	45224	100.0000	0.9753
ESO1242805120S1K	EST1350510101S1K	na	NZ_LR134216.1	4647667	1714147	36.8819	1701601	99.2681	1699599	99.8823	12546	0.7319	1712123	99.8819	14707	0.8580	12683	86.2378	276	1.8767	1946	13.2318	12114	82.3689	86978	54.2183	46147	89.0805	0.9900
ESO1242805120S1K	stools_11017501	na	NZ_LR134216.1	4647667	613303	13.1959	609725	99.4166	608092	99.7322	3578	0.5834	611653	99.7310	5423	0.8842	3773	69.5740	262	4.8313	1006	18.5506	3924	72.3585	86978	26.4389	22132	100.0000	0.9860
ESO1242805120S1K	stools_11020501	na	NZ_LR134216.1	4647667	901399	19.3947	899203	99.7564	896363	99.6842	2196	0.2436	898555	99.6845	5189	0.5757	2345	45.1918	179	3.4496	1123	21.6419	3809	73.4053	86978	11.7903	26544	37.8353	0.9795
ESO1242805120S1K	stools_11041102	na	NZ_LR134216.1	4647667	407645	8.7710	406145	99.6320	404702	99.6447	1500	0.3680	406199	99.6453	3025	0.7421	1579	52.1983	94	3.1074	867	28.6612	2002	66.1818	86978	26.4389	20532	63.8662	0.9825
ESO1242805120S1K	stools_11042150	na	NZ_LR134216.1	4647667	509110	10.9541	507541	99.6918	505770	99.6511	1569	0.3082	507337	99.6517	3445	0.6767	1672	48.5341	112	3.2511	801	23.2511	2489	72.2496	86978	54.2183	45123	100.0000	0.9909
ESO1242805120S1K	stools_11113501	na	NZ_LR134216.1	4647667	441631	9.5022	440979	99.8524	438683	99.4793	652	0.1476	439332	99.4794	3002	0.6798	703	23.4177	56	1.8654	676	22.5183	2262	75.3498	86978	89.4525	119770	79.4172	0.9880
ESO1242805120S1K	stools_12117150	na	NZ_LR134216.1	4647667	958577	20.6249	956280	99.7604	953663	99.7263	2297	0.2396	955952	99.7262	5092	0.5312	2467	48.4485	212	4.1634	1123	22.0542	3716	72.9772	86978	64.7658	106136	50.0575	0.9811
ESO1247101120S1K	ESO1254204120S1K	na	NZ_LR134231.1	4594692	2067502	44.9976	2060022	99.6382	2055476	99.7793	7480	0.3618	2062937	99.7792	12203	0.5902	7638	62.5912	286	2.3437	2395	19.6263	9312	76.3091	52184	24.3753	32039	41.2310	0.9872
ESO1247101120S1K	ESO1356602120S1K	na	NZ_LR134231.1	4594692	983104	21.3965	975965	99.2738	970057	99.3947	7139	0.7262	977157	99.3951	13251	1.3479	7304	55.1204	309	2.3319	1687	12.7311	11060	83.4654	52184	24.3753	37958	34.5145	0.9859
ESO1247101120S1K	EST1213404301S1K	na	NZ_LR134231.1	4594692	1673156	36.4150	1670151	99.8204	1666982	99.8103	3005	0.1796	1669982	99.8103	6757	0.4038	3583	53.0265	619	9.1609	1478	21.8736	4349	64.3629	52184	82.5406	101391	59.3455	0.9839
ESO1247101120S1K	EST1233822201S1K	na	NZ_LR134231.1	4594692	1369446	29.8050	1363166	99.5414	1354190	99.3415	6280	0.4586	1360430	99.3416	15418	1.1259	6402	41.5229	208	1.3491	1518	9.8456	13524	87.7157	52184	100.0000	109930	56.4368	0.9848
ESO1247101120S1K	EST1242101101S1K	na	NZ_CP101921.1	4790226	1186756	24.7745	1184268	99.7904	1178642	99.5249	2488	0.2096	1181116	99.5248	9181	0.7736	3541	38.5688	1098	11.9595	3611	39.3312	4206	45.8120	110583	82.1718	156962	58.4759	0.9759
ESO1247101120S1K	EST1242704101S1K	na	NZ_LR134231.1	4594692	3326892	72.4073	3317533	99.7187	3314959	99.9224	9359	0.2813	3324301	99.9221	12709	0.3820	10118	79.6129	1012	7.9629	2774	21.8271	8471	66.6536	52184	69.1361	55774	69.6489	0.9906
ESO1247101120S1K	EST1242805101S1K	na	NZ_LR134231.1	4594692	2159745	47.0052	2154755	99.7690	2151475	99.8478	4990	0.2310	2156448	99.8473	8544	0.3956	5247	61.4115	367	4.2954	2259	26.4396	5688	66.5730	52184	59.8785	56340	51.4093	0.9869
ESO1247101120S1K	EST1350507101S1K	na	NZ_LR134231.1	4594692	3893268	84.7340	3887505	99.8520	3884534	99.9236	5763	0.1480	3890271	99.9230	9459	0.2430	6462	68.3159	908	9.5993	4357	46.0620	3656	38.6510	52184	46.4740	39446	61.2052	0.9905
ESO1247101120S1K	EST1358301101S1K	na	NZ_LR134231.1	4594692	4048845	88.1201	4026646	99.4517	4025999	99.9839	22199	0.5483	4048193	99.9839	24838	0.6135	24186	97.3750	2422	9.7512	2752	11.0798	18786	75.6341	52184	82.5406	55154	73.3764	0.9927
ESO1247101120S1K	stools_11007150	na	NZ_LR134231.1	4594692	1148204	24.9898	1144501	99.6775	1138750	99.4975	3703	0.3225	1142413	99.4956	9643	0.8398	3852	39.9461	224	2.3229	1297	13.4502	7991	82.8684	52184	44.9870	54887	48.6764	0.9858
ESO1247101120S1K	stools_11038101	na	NZ_LR134231.1	4594692	2155944	46.9225	2149116	99.6833	2146244	99.8664	6828	0.3167	2153048	99.8657	9852	0.4570	6956	70.6050	305	3.0958	3856	39.1393	5477	55.5928	52184	55.2392	28166	100.0000	0.9922
ESO1247101120S1K	stools_11038501	na	NZ_LR134231.1	4594692	453221	9.8640	452841	99.9162	451909	99.7942	380	0.0838	452288	99.7941	1411	0.3113	478	33.8767	99	7.0163	356	25.2303	907	64.2807	52184	58.1653	162476	41.6443	0.9646
ESO1247101120S1K	stools_11044501	na	NZ_LR134231.1	4594692	2092332	45.5380	2083397	99.5730	2079915	99.8329	8935	0.4270	2088831	99.8327	12616	0.6030	9115	72.2495	410	3.2498	3247	25.7372	8724	69.1503	52184	55.2392	49308	57.3010	0.9875
ESO1247101120S1K	stools_11107501	na	NZ_LR134231.1	4594692	573340	12.4783	572294	99.8176	570375	99.6647	1046	0.1824	571418	99.6648	3229	0.5632	1307	40.4769	266	8.2378	1225	37.9374	1537	47.5999	52184	100.0000	157531	47.8255	0.9768
ESO1247101120S1K	stools_12058150	na	NZ_LR134231.1	4594692	434193	9.4499	433007	99.7268	431037	99.5450	1186	0.2732	432216	99.5447	3217	0.7409	1240	38.5452	66	2.0516	1853	57.6002	1237	38.4520	52184	77.3379	118020	44.4442	0.9792
ESO1247101120S1K	stools_12060501	na	NZ_LR134231.1	4594692	1595061	34.7153	1590814	99.7337	1583702	99.5529	4247	0.2663	1587935	99.5532	11565	0.7251	4439	38.3831	268	2.3173	1857	16.0571	9215	79.6801	52184	67.0857	68981	65.3064	0.9872
ESO1247101120S1K	stools_12062101	na	NZ_LR134231.1	4594692	1583137	34.4558	1579585	99.7756	1575018	99.7109	3552	0.2244	1578558	99.7108	8243	0.5207	3664	44.4498	158	1.9168	2132	25.8644	5841	70.8601	52184	36.2218	60817	33.4084	0.9847
ESO1247101120S1K	stools_12072101	na	NZ_LR134231.1	4594692	1048797	22.8263	1043379	99.4834	1041027	99.7746	5418	0.5166	1046426	99.7739	7881	0.7514	5510	69.9150	195	2.4743	2930	37.1780	4590	58.2413	52184	24.3753	30305	44.1841	0.9875
ESO1247101120S1K	stools_12084101	na	NZ_LR134231.1	4594692	1911149	41.5947	1901336	99.4865	1897963	99.8226	9813	0.5135	1907744	99.8218	13507	0.7067	10102	74.7908	589	4.3607	2962	21.9294	9632	71.3112	52184	69.1361	45884	62.0303	0.9907
ESO1247101120S1K	stools_12084102	na	NZ_LR134231.1	4594692	3518297	76.5731	3511975	99.8203	3506139	99.8338	6322	0.1797	3512430	99.8332	12768	0.3629	6901	54.0492	770	6.0307	3890	30.4668	7723	60.4872	52184	47.0374	44020	59.2731	0.9896
ESO1247101120S1K	stools_12098150	na	NZ_LR134231.1	4594692	511961	11.1424	510191	99.6543	507601	99.4923	1770	0.3457	509358	99.4916	4431	0.8655	1828	41.2548	88	1.9860	2039	46.0167	2198	49.6051	52184	77.3379	97381	47.9775	0.9849
ESO1247108120S1K	ESO1254201120S1K	na	NZ_CP054282.1	4702170	299888	6.3777	299025	99.7122	297343	99.4375	863	0.2878	298199	99.4368	2716	0.9057	1027	37.8130	176	6.4801	1123	41.3476	1338	49.2636	82264	93.2194	95464	81.2767	0.9959
ESO1247108120S1K	ESO1350507120S1K	na	NZ_CP047876.1	4775730	1540528	32.2574	1535287	99.6598	1532095	99.7921	5241	0.3402	1537313	99.7913	9047	0.5873	5832	64.4634	695	7.6821	5592	61.8105	2419	26.7381	31232	79.5242	135738	17.4321	0.9729
ESO1247108120S1K	EST1212206101S1K	na	NZ_CP047876.1	4775730	1402558	29.3685	1395562	99.5012	1393137	99.8262	6996	0.4988	1400117	99.8260	9996	0.7127	7555	75.5802	789	7.8932	5297	52.9912	3612	36.1345	31232	79.5242	52624	52.1302	0.9926
ESO1247108120S1K	stools_11029501	na	NZ_CP054282.1	4702170	773358	16.4468	769016	99.4386	764905	99.4654	4342	0.5614	769228	99.4660	8824	1.1410	4694	53.1958	456	5.1677	3022	34.2475	5141	58.2616	82264	100.0000	152811	54.1793	0.9847
ESO1247108120S1K	stools_11036150	na	NZ_CP047876.1	4775730	1433489	30.0161	1423867	99.3288	1421542	99.8367	9622	0.6712	1431147	99.8366	12374	0.8632	10032	81.0732	727	5.8752	5179	41.8539	6237	50.4041	31232	79.5242	45132	68.2332	0.9924
ESO1247108120S1K	stools_11051101	na	NZ_CP047876.1	4775730	1186887	24.8525	1178385	99.2837	1175544	99.7589	8502	0.7163	1184017	99.7582	11730	0.9883	8860	75.5328	652	5.5584	4371	37.2634	6419	54.7229	31232	79.5242	28111	100.0000	0.9962
ESO1247108120S1K	stools_11051150	na	NZ_CP047876.1	4775730	1325330	27.7514	1317721	99.4259	1315495	99.8311	7609	0.5741	1323074	99.8298	10258	0.7740	8002	78.0074	730	7.1164	5408	52.7198	3837	37.4050	31232	79.5242	22678	100.0000	0.9951
ESO1247108120S1K	stools_11051501	na	NZ_CP047876.1	4775730	1344894	28.1610	1336313	99.3620	1334214	99.8429	8581	0.6380	1342772	99.8422	11072	0.8233	8950	80.8345	670	6.0513	5095	46.0170	4999	45.1499	31232	79.5242	28469	100.0000	0.9961
ESO1247108120S1K	stools_11109501	na	NZ_CP036202.1	4834354	598749	12.3853	595623	99.4779	592943	99.5501	3126	0.5221	596060	99.5509	6094	1.0178	3405	55.8746	329	5.3988	2165	35.5267	3452	56.6459	80001	72.3278	70197	86.0991	0.9938
ESO1247108120S1K	stools_12057501	na	NZ_CP054282.1	4702170	985398	20.9562	979554	99.4069	976110	99.6484	5844	0.5931	981937	99.6488	9697	0.9841	6236	64.3085	550	5.6719	3758	38.7543	5168	53.2948	82264	100.0000	92622	88.4401	0.9975
ESO1247108120S1K	stools_12064501	na	NZ_CP054282.1	4702170	181006	3.8494	180456	99.6961	178613	98.9787	550	0.3039	179156	98.9779	2492	1.3767	642	25.7624	104	4.1734	623	25.0000	1707	68.4992	82264	100.0000	191960	52.2562	0.9751
ESO1247108120S1K	stools_12089102	na	NZ_CP054282.1	4702170	368788	7.8429	367737	99.7150	365429	99.3724	1051	0.2850	366474	99.3725	3531	0.9575	1217	34.4662	173	4.8995	1374	38.9125	1928	54.6021	82264	93.2194	155681	52.0532	0.9829
ESO1247108120S1K	stools_12089150	na	NZ_CP054282.1	4702170	1118838	23.7941	1113525	99.5251	1107776	99.4837	5313	0.4749	1113060	99.4836	11581	1.0351	5803	50.1079	534	4.6110	4308	37.1989	6475	55.9105	82264	100.0000	178686	47.6098	0.9791
ESO1247108120S1K	stools_12116501	na	NZ_CP054282.1	4702170	241779	5.1419	240968	99.6646	239404	99.3510	811	0.3354	240210	99.3511	2474	1.0232	905	36.5804	99	4.0016	868	35.0849	1422	57.4778	82264	93.2194	143295	54.6544	0.9856
ESO1247109120S1K	ESO1254306120S1K	na	NZ_LR134236.1	4757340	1400488	29.4385	1396356	99.7050	1393779	99.8154	4132	0.2950	1397878	99.8136	7235	0.5166	4625	63.9254	715	9.8825	2712	37.4845	3352	46.3303	159394	59.6647	132037	66.2322	0.9741
ESO1247109120S1K	ESO1356611120S1K	na	NZ_CP101274.1	4892441	430531	8.7999	429218	99.6950	422596	98.4572	1313	0.3050	423879	98.4549	8159	1.8951	1507	18.4704	231	2.8312	543	6.6552	7287	89.3124	45916	39.5004	71524	41.3078	0.9854
ESO1247109120S1K	ESO1358401120S1K	na	NZ_LR134236.1	4757340	998913	20.9973	996623	99.7708	993891	99.7259	2290	0.2292	996164	99.7248	5210	0.5216	2461	47.2361	225	4.3186	1295	24.8560	3491	67.0058	159394	68.7316	191495	47.2843	0.9594
ESO1247109120S1K	EST1212705101S1K	na	NZ_LR134236.1	4757340	905503	19.0338	900882	99.4897	897082	99.5782	4621	0.5103	901671	99.5768	8916	0.9846	5084	57.0211	706	7.9183	2401	26.9291	5328	59.7577	159394	21.1288	69643	52.0024	0.9654
ESO1247109120S1K	EST1238001101S1K	na	NZ_CP101274.1	4892441	1006635	20.5753	1001800	99.5197	993645	99.1860	4835	0.4803	998453	99.1872	13407	1.3319	5225	38.9722	534	3.9830	1930	14.3955	10618	79.1974	45916	54.1924	35442	78.6891	0.9930
ESO1247109120S1K	EST1242805101S1K	na	NZ_CP101274.1	4892441	857151	17.5199	854577	99.6997	850400	99.5112	2574	0.3003	852961	99.5112	7041	0.8214	2851	40.4914	328	4.6584	1483	21.0623	5023	71.3393	45916	50.2134	48833	50.7403	0.9881
ESO1247109120S1K	EST1247108101S1K	na	NZ_CP101274.1	4892441	1000799	20.4560	998556	99.7759	995934	99.7374	2243	0.2241	998163	99.7366	5143	0.5139	2507	48.7459	304	5.9109	2225	43.2627	2497	48.5514	45916	54.1924	83964	41.5154	0.9846
ESO1247109120S1K	EST1254206101S1K	na	NZ_CP101274.1	4892441	465815	9.5211	464498	99.7173	462810	99.6366	1317	0.2827	464125	99.6372	3219	0.6910	1529	47.4992	233	7.2383	1320	41.0065	1569	48.7418	45916	54.1924	45224	74.8165	0.9920
ESO1247109120S1K	EST1358401101S1K	na	NZ_LR134236.1	4757340	1887226	39.6698	1880171	99.6262	1878320	99.9016	7055	0.3738	1885348	99.9005	9288	0.4922	7410	79.7804	561	6.0401	3274	35.2498	5261	56.6430	159394	29.7125	68509	83.4445	0.9706
ESO1247109120S1K	stools_11011101	na	NZ_LR134236.1	4757340	1316044	27.6634	1309355	99.4917	1305453	99.7020	6689	0.5083	1312103	99.7005	10904	0.8285	6963	63.8573	498	4.5671	2622	24.0462	7486	68.6537	159394	21.1288	68024	54.0280	0.9657
ESO1247109120S1K	stools_11011150	na	NZ_LR134236.1	4757340	966233	20.3104	964206	99.7902	962654	99.8390	2027	0.2098	964660	99.8372	3790	0.3922	2217	58.4960	248	6.5435	1487	39.2348	1932	50.9763	159394	35.7190	103201	57.1991	0.9680
ESO1247109120S1K	stools_11018101	na	NZ_LR134236.1	4757340	1332382	28.0069	1319053	98.9996	1312125	99.4748	13329	1.0004	1325374	99.4740	20692	1.5530	13684	66.1318	582	2.8127	2973	14.3679	16824	81.3068	159394	21.1288	43894	76.3726	0.9707
ESO1247109120S1K	stools_11019101	na	NZ_AP021896.1	4574715	2793878	61.0722	2790929	99.8944	2789744	99.9575	2949	0.1056	2792676	99.9570	6370	0.2280	5168	81.1303	2432	38.1790	1936	30.3925	1324	20.7849	95035	93.8496	155072	58.4503	0.9835
ESO1247109120S1K	stools_11019501	na	NZ_AP021896.1	4574715	2784177	60.8601	2780477	99.8671	2779377	99.9604	3700	0.1329	2783059	99.9598	6996	0.2513	5878	84.0194	2420	34.5912	1873	26.7724	1997	28.5449	95035	93.8496	148410	58.6167	0.9837
ESO1247109120S1K	stools_11038150	na	NZ_LR134236.1	4757340	695328	14.6159	693471	99.7329	690422	99.5603	1857	0.2671	692264	99.5593	5056	0.7271	1992	39.3987	183	3.6195	1220	24.1297	3477	68.7698	159394	35.7190	148989	46.8451	0.9613
ESO1247109120S1K	stools_12064150	na	NZ_LR134236.1	4757340	659755	13.8681	657650	99.6809	653976	99.4413	2105	0.3191	656063	99.4404	5948	0.9015	2256	37.9287	176	2.9590	1119	18.8130	4555	76.5804	159394	27.1353	111498	43.9829	0.9653
ESO1247109120S1K	stools_12111102	na	NZ_LR134236.1	4757340	1437390	30.2142	1430191	99.4992	1424831	99.6252	7199	0.5008	1432001	99.6251	12899	0.8974	7510	58.2216	535	4.1476	2448	18.9782	9564	74.1453	159394	26.6309	49367	78.0096	0.9716
ESO1247203120S1K	ESO1256811120S1K	na	NZ_CP035751.1	5249232	315133	6.0034	314475	99.7912	313052	99.5475	658	0.2088	313707	99.5475	2131	0.6762	705	33.0831	51	2.3932	1001	46.9733	1042	48.8972	137028	66.0142	62981	69.5289	0.9771
ESO1247203120S1K	ESO1357102120S1K	na	NZ_CP035751.1	5249232	702633	13.3854	700514	99.6984	698449	99.7052	2119	0.3016	700561	99.7051	4248	0.6046	2176	51.2241	65	1.5301	2351	55.3437	1753	41.2665	137028	46.9765	79397	68.9434	0.9827
ESO1247203120S1K	EST1232710101S1K	na	NZ_CP035751.1	5249232	626740	11.9397	624346	99.6180	622234	99.6617	2394	0.3820	624622	99.6621	4558	0.7273	2440	53.5323	58	1.2725	1978	43.3962	2464	54.0588	137028	28.4657	31028	74.1040	0.9765
ESO1247203120S1K	EST1232906101S1K	na	NZ_CP035751.1	5249232	185688	3.5374	185475	99.8853	184706	99.5854	213	0.1147	184918	99.5853	1019	0.5488	249	24.4357	37	3.6310	616	60.4514	365	35.8194	137028	56.6738	95141	69.5168	0.9806
ESO1247203120S1K	EST1241105101S1K	na	NZ_CP035751.1	5249232	180703	3.4425	180470	99.8711	179810	99.6343	233	0.1289	180042	99.6342	945	0.5230	284	30.0529	54	5.7143	619	65.5026	261	27.6190	137028	90.6764	118165	92.0129	0.9877
ESO1247203120S1K	EST1256805101S1K	na	NZ_CP035751.1	5249232	779645	14.8526	775808	99.5079	773528	99.7061	3837	0.4921	777356	99.7064	6191	0.7941	3902	63.0270	101	1.6314	2311	37.3284	3611	58.3266	137028	56.3170	94629	73.9213	0.9841
ESO1247203120S1K	EST1256808101S1K	na	NZ_CP035751.1	5249232	410502	7.8202	409182	99.6784	407656	99.6271	1320	0.3216	408970	99.6268	2898	0.7060	1366	47.1360	58	2.0014	1465	50.5521	1306	45.0656	137028	46.9765	99938	31.4245	0.9715
ESO1247203120S1K	stools_11001150	na	NZ_CP035751.1	5249232	214539	4.0871	214109	99.7996	212961	99.4638	430	0.2004	213391	99.4649	1632	0.7607	484	29.6569	56	3.4314	666	40.8088	903	55.3309	137028	28.4657	57667	71.9597	0.9785
ESO1247203120S1K	stools_11007101	na	NZ_CP035751.1	5249232	740595	14.1086	739067	99.7937	736756	99.6873	1528	0.2063	738278	99.6871	3959	0.5346	1642	41.4751	128	3.2331	2341	59.1311	1423	35.9434	137028	56.3170	85102	69.5119	0.9810
ESO1247203120S1K	stools_11054102	na	NZ_CP035751.1	5249232	692693	13.1961	689583	99.5510	687634	99.7174	3110	0.4490	690733	99.7170	5154	0.7441	3194	61.9713	103	1.9984	2131	41.3465	2831	54.9282	137028	46.9765	29994	72.9579	0.9765
ESO1247203120S1K	stools_12093501	na	NZ_CP035751.1	5249232	326461	6.2192	325962	99.8471	323972	99.3895	499	0.1529	324470	99.3901	2560	0.7842	569	22.2266	77	3.0078	1109	43.3203	1357	53.0078	137028	69.1880	327803	15.0069	0.9524
ESO1247204120S1K	ESO1247210120S1K	na	NZ_CP022279.1	4907118	285237	5.8127	284905	99.8836	283501	99.5072	332	0.1164	283832	99.5074	2226	0.7804	821	36.8823	494	22.1923	503	22.5966	1215	54.5822	184909	65.6745	312789	82.2513	0.9401
ESO1247204120S1K	EST1242208101S1K	na	NZ_CP022279.1	4907118	525787	10.7148	525049	99.8596	521010	99.2307	738	0.1404	521739	99.2301	5310	1.0099	1262	23.7665	542	10.2072	1119	21.0734	3593	67.6648	184909	57.3569	202665	67.1932	0.9630
ESO1247204120S1K	stools_11011150	na	NZ_CP022279.1	4907118	1218441	24.8301	1216997	99.8815	1215093	99.8435	1444	0.1185	1216534	99.8435	5713	0.4689	3806	66.6200	2365	41.3968	1703	29.8092	1550	27.1311	184909	58.9912	233327	62.9726	0.9536
ESO1247204120S1K	stools_11016501	na	NZ_CP022279.1	4907118	2368070	48.2579	2363077	99.7892	2361188	99.9201	4993	0.2108	2366174	99.9199	12008	0.5071	10112	84.2105	5225	43.5127	2263	18.8458	4191	34.9017	184909	73.5519	180241	75.3031	0.9738
ESO1247204120S1K	stools_11020150	na	NZ_CP022279.1	4907118	1071408	21.8338	1069953	99.8642	1067119	99.7351	1455	0.1358	1068569	99.7350	6422	0.5994	3583	55.7926	2146	33.4164	1482	23.0769	2717	42.3077	184909	84.5248	393860	59.7398	0.9314
ESO1247204120S1K	stools_11021501	na	NZ_CP022279.1	4907118	1263292	25.7441	1259860	99.7283	1255118	99.6236	3432	0.2717	1258527	99.6228	10101	0.7996	5336	52.8265	1941	19.2159	1976	19.5624	6054	59.9347	184909	77.4770	242169	66.1575	0.9569
ESO1247204120S1K	stools_11023101	na	NZ_AP022261.1	4907327	2707300	55.1685	2701195	99.7745	2697825	99.8752	6105	0.2255	2703922	99.8752	10212	0.3772	6834	66.9213	779	7.6283	6222	60.9283	3101	30.3662	21509	56.9529	74952	16.6133	0.9853
ESO1247204120S1K	stools_11038101	na	NZ_CP022279.1	4907118	1461966	29.7928	1458262	99.7466	1453941	99.7037	3704	0.2534	1457631	99.7035	10027	0.6859	5692	56.7667	2035	20.2952	2326	23.1974	5500	54.8519	184909	59.8273	209128	61.0416	0.9579
ESO1247204120S1K	stools_11046150	na	NZ_CP022279.1	4907118	492231	10.0310	491332	99.8174	487617	99.2439	899	0.1826	488510	99.2441	5462	1.1096	1741	31.8748	849	15.5438	736	13.4749	3810	69.7547	184909	54.4998	286858	73.8498	0.9411
ESO1247204120S1K	stools_11048150	na	NZ_CP022279.1	4907118	838755	17.0926	837615	99.8641	834708	99.6529	1140	0.1359	835844	99.6529	5586	0.6660	2675	47.8876	1542	27.6047	1445	25.8682	2525	45.2023	184909	68.7668	290618	54.1360	0.9518
ESO1247204120S1K	stools_11052150	na	NZ_CP022279.1	4907118	2499241	50.9309	2489332	99.6035	2484353	99.8000	9909	0.3965	2494243	99.8000	18850	0.7542	13852	73.4854	4082	21.6552	3489	18.5093	11028	58.5040	184909	78.1584	251808	61.9877	0.9559
ESO1247204120S1K	stools_11109150	na	NZ_AP022261.1	4907327	2797305	57.0026	2788748	99.6941	2784457	99.8461	8557	0.3059	2793004	99.8462	13443	0.4806	9142	68.0057	727	5.4080	6087	45.2801	6336	47.1323	21509	56.9529	101353	11.5310	0.9797
ESO1247204120S1K	stools_12060501	na	NZ_CP022279.1	4907118	940124	19.1584	938532	99.8307	935130	99.6375	1592	0.1693	936717	99.6376	6413	0.6821	3006	46.8735	1431	22.3140	1368	21.3317	3539	55.1848	184909	80.3606	241949	79.3316	0.9611
ESO1247204120S1K	stools_12068102	na	NZ_CP022279.1	4907118	2023107	41.2280	2015781	99.6379	2009912	99.7088	7326	0.3621	2017216	99.7088	16469	0.8140	10578	64.2298	3396	20.6206	3034	18.4225	9674	58.7407	184909	63.9055	263935	45.9674	0.9457
ESO1247204120S1K	stools_12085150	na	NZ_CP022279.1	4907118	3056019	62.2773	3050966	99.8347	3047387	99.8827	5053	0.1653	3052431	99.8826	13804	0.4517	10216	74.0075	5193	37.6195	4047	29.3176	4371	31.6647	184909	87.5155	384148	47.0170	0.9353
ESO1247204120S1K	stools_12088501	na	NZ_CP022279.1	4907118	3171851	64.6378	3165126	99.7880	3161360	99.8810	6725	0.2120	3168069	99.8808	16136	0.5087	12354	76.5617	5679	35.1946	4134	25.6197	6014	37.2707	184909	79.7187	301726	43.0427	0.9433
ESO1247204120S1K	stools_12090501	na	NZ_AP022261.1	4907327	2818092	57.4262	2801122	99.3978	2797168	99.8588	16970	0.6022	2814108	99.8586	21289	0.7554	17305	81.2861	616	2.8935	6841	32.1340	13499	63.4083	21509	0.0000	11796	0.0000	0.9932
ESO1247204120S1K	stools_12116501	na	NZ_CP022279.1	4907118	854159	17.4065	852923	99.8553	850651	99.7336	1236	0.1447	851882	99.7334	4983	0.5834	2706	54.3046	1477	29.6408	1338	26.8513	2099	42.1232	184909	60.1453	315377	49.6216	0.9415
ESO1247206120S1K	EST1238001101S1K	na	NZ_LR882493.1	4841444	1242784	25.6697	1238805	99.6798	1232796	99.5149	3979	0.3202	1236751	99.5146	15970	1.2850	9937	62.2229	6007	37.6143	5110	31.9975	3504	21.9411	380647	44.6908	110065	91.8139	0.9371
ESO1247206120S1K	EST1242804101S1K	na	NZ_LR882493.1	4841444	696360	14.3833	693458	99.5833	682154	98.3699	2902	0.4167	685005	98.3694	15613	2.2421	4258	27.2721	1415	9.0630	8828	56.5426	4837	30.9806	380647	41.4752	86273	100.0000	0.9360
ESO1247206120S1K	stools_11038150	na	NZ_LR882493.1	4841444	358801	7.4110	358442	99.8999	355650	99.2211	359	0.1001	356007	99.2213	4839	1.3487	2045	42.2608	1692	34.9659	2085	43.0874	1012	20.9134	380647	39.5159	156185	87.9022	0.9556
ESO1247206120S1K	stools_11108150	na	NZ_LR882493.1	4841444	1137960	23.5046	1134462	99.6926	1124451	99.1176	3498	0.3074	1127924	99.1181	17575	1.5444	7539	42.8962	4083	23.2319	7798	44.3698	4701	26.7482	380647	50.1969	136713	100.0000	0.9444
ESO1247206120S1K	stools_12062501	na	NZ_LR882493.1	4841444	1184164	24.4589	1179934	99.6428	1169664	99.1296	4230	0.3572	1173870	99.1307	20770	1.7540	10476	50.4381	6277	30.2215	4735	22.7973	9025	43.4521	380647	53.7840	173853	94.6058	0.9521
ESO1247206120S1K	stools_12065150	na	NZ_LR882493.1	4841444	2010209	41.5209	2005585	99.7700	2001104	99.7766	4624	0.2300	2005706	99.7760	28243	1.4050	23740	84.0562	19174	67.8894	2391	8.4658	5979	21.1698	380647	78.8494	285777	88.1789	0.9534
ESO1247206120S1K	stools_12068102	na	NZ_LR882493.1	4841444	2145397	44.3132	2138166	99.6630	2130974	99.6636	7231	0.3370	2138187	99.6639	29533	1.3766	22323	75.5866	15170	51.3663	4686	15.8670	7666	25.9574	380647	59.4178	144133	95.7789	0.9460
ESO1247206120S1K	stools_12068150	na	NZ_LR882493.1	4841444	1756311	36.2766	1747764	99.5134	1740881	99.6062	8547	0.4866	1749397	99.6063	27186	1.5479	20272	74.5678	11805	43.4231	4285	15.7618	9232	33.9587	380647	64.3864	163435	91.1310	0.9464
ESO1247206120S1K	stools_12080101	na	NZ_LR882493.1	4841444	786932	16.2541	785299	99.7925	780869	99.4359	1633	0.2075	782496	99.4363	10438	1.3264	6002	57.5014	4396	42.1153	3122	29.9099	2483	23.7881	380647	67.4344	236087	100.0000	0.9644
ESO1247206120S1K	stools_12087501	na	NZ_LR882493.1	4841444	234913	4.8521	234074	99.6428	226684	96.8429	839	0.3572	227481	96.8363	9028	3.8431	1596	17.6783	805	8.9167	2598	28.7771	5680	62.9154	380647	67.4643	172664	92.0922	0.9513
ESO1247206120S1K	stools_12096150	na	NZ_LR882493.1	4841444	104211	2.1525	104118	99.9108	103264	99.1798	93	0.0892	103357	99.1805	1411	1.3540	557	39.4755	464	32.8845	607	43.0191	333	23.6003	380647	53.3008	464029	48.3129	0.9042
ESO1247206120S1K	stools_12111102	na	NZ_LR882493.1	4841444	804427	16.6154	802292	99.7346	793180	98.8643	2135	0.2654	795297	98.8650	13507	1.6791	4377	32.4054	2271	16.8135	7395	54.7494	3295	24.3948	380647	65.0897	183189	92.5187	0.9499
ESO1247208120S1K	EST1256810101S1K	na	NZ_AP021895.1	4557772	319421	7.0083	318997	99.8673	317487	99.5266	424	0.1327	317909	99.5266	2036	0.6374	524	25.7367	104	5.1081	1546	75.9332	362	17.7800	114555	64.1692	67451	91.2040	0.9852
ESO1247208120S1K	EST1357104101S1K	na	NZ_AP021895.1	4557772	477758	10.4823	476943	99.8294	474824	99.5557	815	0.1706	475634	99.5554	3044	0.6371	920	30.2234	115	3.7779	2284	75.0329	610	20.0394	114555	77.0730	91654	69.8049	0.9812
ESO1247208120S1K	stools_12120501	na	NZ_AP021895.1	4557772	186245	4.0863	185939	99.8357	184804	99.3896	306	0.1643	185110	99.3906	1499	0.8049	364	24.2829	64	4.2695	1062	70.8472	360	24.0160	114555	100.0000	148911	70.1365	0.9856
ESO1247210120S1K	EST1242208101S1K	na	NZ_CP022279.1	4907118	58929	1.2009	58888	99.9304	58222	98.8690	41	0.0696	58263	98.8698	776	1.3168	110	14.1753	69	8.8918	284	36.5979	420	54.1237	312789	82.2513	202665	53.9067	0.9353
ESO1247210120S1K	stools_11011150	na	NZ_CP022279.1	4907118	133580	2.7222	133494	99.9356	132882	99.5416	86	0.0644	132968	99.5418	935	0.7000	323	34.5455	237	25.3476	532	56.8984	158	16.8984	312789	90.8846	233327	63.9463	0.9456
ESO1247210120S1K	stools_11016501	na	NZ_CP022279.1	4907118	238715	4.8647	238369	99.8551	237230	99.5222	346	0.1449	237574	99.5220	1861	0.7796	720	38.6889	376	20.2042	990	53.1972	457	24.5567	312789	82.2513	180241	54.3544	0.9321
ESO1247210120S1K	stools_11020150	na	NZ_CP022279.1	4907118	115080	2.3452	114939	99.8775	114322	99.4632	141	0.1225	114459	99.4604	1066	0.9263	445	41.7448	308	28.8931	449	42.1201	279	26.1726	312789	92.9003	393860	55.8361	0.9430
ESO1247210120S1K	stools_11021501	na	NZ_CP022279.1	4907118	134405	2.7390	134073	99.7530	133205	99.3526	332	0.2470	133533	99.3512	1398	1.0401	526	37.6252	198	14.1631	508	36.3376	690	49.3562	312789	82.2513	242169	60.5684	0.9331
ESO1247210120S1K	stools_11038101	na	NZ_CP022279.1	4907118	154095	3.1402	153812	99.8163	153032	99.4929	283	0.1837	153313	99.4925	1315	0.8534	533	40.5323	255	19.3916	602	45.7795	435	33.0798	312789	85.8905	209128	46.0235	0.9373
ESO1247210120S1K	stools_11046150	na	NZ_CP022279.1	4907118	54288	1.1063	54224	99.8821	53697	99.0281	64	0.1179	53760	99.0274	728	1.3410	200	27.4725	140	19.2308	247	33.9286	342	46.9780	312789	75.2415	286858	67.8750	0.9660
ESO1247210120S1K	stools_11048150	na	NZ_CP022279.1	4907118	89274	1.8193	89191	99.9070	88671	99.4170	83	0.0930	88754	99.4175	778	0.8715	258	33.1620	176	22.6221	378	48.5861	219	28.1491	312789	71.4536	290618	49.4536	0.9367
ESO1247210120S1K	stools_11052150	na	NZ_CP022279.1	4907118	263749	5.3748	262830	99.6516	261583	99.5255	919	0.3484	262500	99.5264	2561	0.9710	1312	51.2300	395	15.4237	1041	40.6482	1082	42.2491	312789	92.9003	251808	65.3744	0.9465
ESO1247210120S1K	stools_12060501	na	NZ_CP022279.1	4907118	97699	1.9910	97593	99.8915	96980	99.3719	106	0.1085	97086	99.3726	929	0.9509	316	34.0151	210	22.6050	407	43.8105	296	31.8622	312789	82.2513	241949	52.3577	0.9397
ESO1247210120S1K	stools_12068102	na	NZ_CP022279.1	4907118	215582	4.3933	214834	99.6530	213542	99.3986	748	0.3470	214287	99.3993	2392	1.1096	1097	45.8612	357	14.9247	913	38.1689	1064	44.4816	312789	92.9902	263935	44.8785	0.9391
ESO1247210120S1K	stools_12085150	na	NZ_CP022279.1	4907118	319497	6.5109	319183	99.9017	317753	99.5520	314	0.0983	318066	99.5521	2307	0.7221	876	37.9714	563	24.4040	1340	58.0841	388	16.8184	312789	92.9003	384148	61.9009	0.9317
ESO1247210120S1K	stools_12088501	na	NZ_CP022279.1	4907118	332436	6.7746	331947	99.8529	330538	99.5755	489	0.1471	331023	99.5750	2541	0.7644	1128	44.3920	644	25.3444	1343	52.8532	541	21.2908	312789	90.8846	301726	41.4147	0.9347
ESO1247210120S1K	stools_12116501	na	NZ_CP022279.1	4907118	95061	1.9372	94999	99.9348	94402	99.3716	62	0.0652	94464	99.3720	838	0.8815	241	28.7589	179	21.3604	391	46.6587	267	31.8616	312789	100.0000	315377	56.2486	0.9499
ESO1247211120S1K	stools_12071150	na	NZ_CP032986.1	4677021	383075	8.1906	382440	99.8342	378809	99.0506	635	0.1658	379435	99.0498	4339	1.1327	699	16.1097	73	1.6824	3826	88.1770	412	9.4953	73440	69.1122	81299	41.0571	0.9901
ESO1254201120S1K	stools_11029501	na	NZ_CP054282.1	4702170	535837	11.3955	534222	99.6986	532475	99.6730	1615	0.3014	534089	99.6738	4012	0.7487	2264	56.4307	658	16.4008	844	21.0369	2373	59.1476	95464	100.0000	152811	62.2946	0.9931
ESO1254201120S1K	stools_12057501	na	NZ_CP054282.1	4702170	624391	13.2788	622393	99.6800	620506	99.6968	1998	0.3200	622499	99.6970	4479	0.7173	2587	57.7584	603	13.4628	1552	34.6506	2119	47.3097	95464	81.2767	92622	82.3724	0.9958
ESO1254201120S1K	stools_12064501	na	NZ_CP054282.1	4702170	145501	3.0943	145344	99.8921	144133	99.1668	157	0.1079	144288	99.1663	1552	1.0667	339	21.8428	185	11.9201	320	20.6186	1030	66.3660	95464	100.0000	191960	55.6715	0.9789
ESO1254201120S1K	stools_12089102	na	NZ_CP054282.1	4702170	279167	5.9370	278871	99.8940	278125	99.7325	296	0.1060	278420	99.7324	1704	0.6104	957	56.1620	663	38.9085	345	20.2465	671	39.3779	95464	81.2767	155681	52.0532	0.9810
ESO1254201120S1K	stools_12089150	na	NZ_CP054282.1	4702170	831387	17.6809	829197	99.7366	827910	99.8448	2190	0.2634	830100	99.8452	5334	0.6416	4047	75.8718	1860	34.8706	995	18.6539	2416	45.2943	95464	81.2767	178686	44.4036	0.9831
ESO1254201120S1K	stools_12116501	na	NZ_CP054282.1	4702170	178653	3.7994	178447	99.8847	177472	99.4536	206	0.1153	177677	99.4537	1394	0.7803	418	29.9857	214	15.3515	349	25.0359	814	58.3931	95464	81.2767	143295	54.6544	0.9841
ESO1254203120S1K	ESO1358301220S1K	na	NZ_AP022298.1	5121071	435841	8.5107	434411	99.6719	429974	98.9786	1430	0.3281	431391	98.9790	5999	1.3764	1549	25.8210	150	2.5004	778	12.9688	4984	83.0805	30113	0.0000	11603	0.0000	0.9977
ESO1254203120S1K	EST1212703101S1K	na	NZ_CP051738.1	5166012	1025659	19.8540	1022044	99.6475	1018306	99.6343	3615	0.3525	1021902	99.6337	7520	0.7332	3763	50.0399	222	2.9521	4605	61.2367	2548	33.8830	127241	15.5602	8274	100.0000	0.9769
ESO1254203120S1K	EST1241108101S1K	na	NZ_CP051738.1	5166012	534193	10.3405	531056	99.4128	525941	99.0368	3137	0.5872	529054	99.0380	8545	1.5996	3406	39.8596	333	3.8970	2115	24.7513	5926	69.3505	127241	0.0000	0	0.0000	0.9754
ESO1254203120S1K	EST1254203101S1K	na	NZ_CP051738.1	5166012	124813	2.4160	124583	99.8157	123668	99.2655	230	0.1843	123898	99.2669	1207	0.9670	292	24.1922	64	5.3024	451	37.3654	665	55.0953	127241	0.0000	0	0.0000	0.9929
ESO1254203120S1K	EST1361002101S1K	na	NZ_AP022298.1	5121071	1077552	21.0415	1075544	99.8137	1062924	98.8266	2008	0.1863	1064905	98.8263	14911	1.3838	2264	15.1834	312	2.0924	2131	14.2915	12213	81.9060	30113	78.7700	225851	15.5576	0.9600
ESO1254203120S1K	stools_11005150	na	NZ_CP051738.1	5166012	212973	4.1226	212388	99.7253	210782	99.2438	585	0.2747	211362	99.2436	2292	1.0762	681	29.7120	104	4.5375	1048	45.7243	1101	48.0366	127241	51.0276	124529	65.0909	0.9751
ESO1254203120S1K	stools_11021101	na	NZ_CP051738.1	5166012	75922	1.4696	75754	99.7787	74897	98.8687	168	0.2213	75063	98.8686	1065	1.4028	206	19.3427	42	3.9437	322	30.2347	693	65.0704	127241	21.6275	148290	43.8351	0.9713
ESO1254203120S1K	stools_11108501	na	NZ_AP022298.1	5121071	764965	14.9376	760887	99.4669	755071	99.2356	4078	0.5331	759094	99.2325	10192	1.3323	4321	42.3960	379	3.7186	1411	13.8442	8242	80.8673	30113	60.6416	20115	100.0000	0.9972
ESO1254203120S1K	stools_12062501	na	NZ_CP051738.1	5166012	438708	8.4922	436262	99.4425	431841	98.9866	2446	0.5575	434258	98.9857	7201	1.6414	2751	38.2030	380	5.2770	1734	24.0800	4929	68.4488	127241	16.1418	38195	17.0101	0.9698
ESO1254203120S1K	stools_12079150	na	NZ_CP051738.1	5166012	120805	2.3385	120549	99.7881	119685	99.2833	256	0.2119	119939	99.2831	1176	0.9735	310	26.3605	56	4.7619	543	46.1735	554	47.1088	127241	51.1738	269499	37.1089	0.9526
ESO1254204120S1K	ESO1356602120S1K	na	NZ_LR134231.1	4594692	584702	12.7256	578545	98.9470	575067	99.3988	6157	1.0530	581193	99.3999	9902	1.6935	6393	64.5627	499	5.0394	2773	28.0044	6369	64.3203	32039	100.0000	37958	66.1679	0.9956
ESO1254204120S1K	EST1213404301S1K	na	NZ_LR134231.1	4594692	949837	20.6725	945896	99.5851	942604	99.6520	3941	0.4149	946529	99.6517	7378	0.7768	4070	55.1640	188	2.5481	4329	58.6744	2764	37.4627	32039	100.0000	101391	36.6098	0.9836
ESO1254204120S1K	EST1233822201S1K	na	NZ_LR134231.1	4594692	852449	18.5529	845995	99.2429	840024	99.2942	6454	0.7571	846416	99.2923	12687	1.4883	6654	52.4474	491	3.8701	3619	28.5253	8303	65.4449	32039	100.0000	109930	28.6664	0.9810
ESO1254204120S1K	EST1242704101S1K	na	NZ_LR134231.1	4594692	1886860	41.0661	1876973	99.4760	1872628	99.7685	9887	0.5240	1882495	99.7687	14476	0.7672	10111	69.8466	476	3.2882	8463	58.4623	5304	36.6400	32039	100.0000	55774	56.1911	0.9939
ESO1254204120S1K	EST1242805101S1K	na	NZ_LR134231.1	4594692	1337309	29.1055	1331064	99.5330	1327818	99.7561	6245	0.4670	1334043	99.7558	9763	0.7300	6497	66.5472	421	4.3122	5757	58.9675	3339	34.2006	32039	100.0000	56340	54.5758	0.9936
ESO1254204120S1K	EST1254204101S1K	na	NZ_CP071441.1	4828326	164079	3.3983	163301	99.5258	162103	99.2664	778	0.4742	162875	99.2662	2173	1.3244	969	44.5927	220	10.1243	878	40.4050	967	44.5007	43670	100.0000	57014	84.4582	0.9957
ESO1254204120S1K	EST1350502101S1K	na	NZ_AP022215.1	4814091	363069	7.5418	361858	99.6665	359971	99.4785	1211	0.3335	361176	99.4786	3277	0.9026	1384	42.2338	192	5.8590	2379	72.5969	658	20.0793	45537	42.0361	68538	30.2314	0.9842
ESO1254204120S1K	EST1350507101S1K	na	NZ_CP071441.1	4828326	728356	15.0851	724480	99.4678	721970	99.6535	3876	0.5322	725821	99.6520	6672	0.9160	4137	62.0054	498	7.4640	3637	54.5114	2244	33.6331	43670	63.1211	37212	82.7583	0.9944
ESO1254204120S1K	EST1350507101S1K	na	NZ_LR134231.1	4594692	2132262	46.4071	2124922	99.6558	2120338	99.7843	7340	0.3442	2127656	99.7840	12225	0.5733	7619	62.3231	466	3.8119	9719	79.5010	1812	14.8221	32039	100.0000	39446	70.7169	0.9966
ESO1254204120S1K	EST1358301101S1K	na	NZ_LR134231.1	4594692	2136565	46.5007	2120142	99.2313	2115419	99.7772	16423	0.7687	2131794	99.7767	21350	0.9993	16579	77.6534	950	4.4496	8944	41.8923	11139	52.1733	32039	41.2310	55154	24.1814	0.9877
ESO1254204120S1K	stools_11006101	na	NZ_CP071441.1	4828326	266837	5.5265	265273	99.4139	263281	99.2491	1564	0.5861	264826	99.2464	3718	1.3934	1707	45.9118	196	5.2717	1424	38.3002	1952	52.5013	43670	56.5331	58364	34.2985	0.9874
ESO1254204120S1K	stools_11007150	na	NZ_LR134231.1	4594692	707117	15.3899	702582	99.3587	698505	99.4197	4535	0.6413	702982	99.4152	8879	1.2557	4744	53.4294	468	5.2709	3232	36.4005	4780	53.8349	32039	82.6992	54887	59.8666	0.9938
ESO1254204120S1K	stools_11024150	na	NZ_CP071441.1	4828326	195251	4.0439	194102	99.4115	190627	98.2097	1149	0.5885	191746	98.2049	4830	2.4737	1325	27.4327	219	4.5342	910	18.8406	3589	74.3064	43670	86.6980	208657	23.6747	0.9626
ESO1254204120S1K	stools_11038101	na	NZ_LR134231.1	4594692	1191083	25.9230	1184695	99.4637	1181582	99.7372	6388	0.5363	1187960	99.7378	9664	0.8114	6541	67.6842	305	3.1560	6438	66.6184	2715	28.0940	32039	41.2310	28166	46.3005	0.9925
ESO1254204120S1K	stools_11038501	na	NZ_LR134231.1	4594692	254022	5.5286	252976	99.5882	252050	99.6340	1046	0.4118	253093	99.6343	2024	0.7968	1095	54.1008	54	2.6680	1449	71.5909	464	22.9249	32039	58.7690	162476	11.8362	0.9686
ESO1254204120S1K	stools_11044501	na	NZ_LR134231.1	4594692	1153824	25.1121	1146061	99.3272	1142812	99.7165	7763	0.6728	1150556	99.7168	11217	0.9722	7949	70.8657	490	4.3684	5861	52.2510	4670	41.6332	32039	100.0000	49308	57.2179	0.9944
ESO1254204120S1K	stools_11107501	na	NZ_LR134231.1	4594692	292322	6.3622	291361	99.6713	290130	99.5775	961	0.3287	291085	99.5768	2347	0.8029	1110	47.2944	159	6.7746	1497	63.7836	632	26.9280	32039	100.0000	157531	24.2784	0.9717
ESO1254204120S1K	stools_12058150	na	NZ_LR134231.1	4594692	226200	4.9231	225184	99.5508	224244	99.5826	1016	0.4492	225252	99.5809	2007	0.8873	1059	52.7653	58	2.8899	1331	66.3179	576	28.6996	32039	100.0000	118020	33.4181	0.9811
ESO1254204120S1K	stools_12060501	na	NZ_LR134231.1	4594692	885746	19.2776	881142	99.4802	876522	99.4757	4604	0.5198	881104	99.4759	9430	1.0646	4788	50.7741	274	2.9056	3886	41.2089	5106	54.1463	32039	82.6992	68981	41.3331	0.9887
ESO1254204120S1K	stools_12062101	na	NZ_LR134231.1	4594692	893094	19.4375	888957	99.5368	885535	99.6151	4137	0.4632	889659	99.6154	7664	0.8581	4229	55.1801	145	1.8920	4241	55.3366	3189	41.6101	32039	82.6992	60817	47.1595	0.9925
ESO1254204120S1K	stools_12072101	na	NZ_LR134231.1	4594692	562180	12.2354	557798	99.2205	555581	99.6025	4382	0.7795	559950	99.6033	6703	1.1923	4473	66.7313	201	2.9987	4015	59.8986	2368	35.3275	32039	100.0000	30305	100.0000	0.9994
ESO1254204120S1K	stools_12084101	na	NZ_LR134231.1	4594692	997062	21.7003	989814	99.2731	986764	99.6919	7248	0.7269	993981	99.6910	10584	1.0615	7503	70.8900	570	5.3855	5148	48.6395	4611	43.5658	32039	100.0000	45884	66.8381	0.9962
ESO1254204120S1K	stools_12084102	na	NZ_LR134231.1	4594692	1879675	40.9097	1872817	99.6351	1867726	99.7282	6858	0.3649	1874553	99.7275	12312	0.6550	7190	58.3983	451	3.6631	8363	67.9256	3331	27.0549	32039	100.0000	44020	72.6465	0.9969
ESO1254204120S1K	stools_12092150	na	NZ_CP071441.1	4828326	514625	10.6585	510227	99.1454	505187	99.0122	4398	0.8546	509539	99.0117	9631	1.8715	4545	47.1914	253	2.6269	2557	26.5497	6706	69.6293	43670	63.1211	38498	83.9680	0.9944
ESO1254204120S1K	stools_12098150	na	NZ_LR134231.1	4594692	255728	5.5657	254469	99.5077	253302	99.5414	1259	0.4923	254556	99.5417	2508	0.9807	1336	53.2695	90	3.5885	1464	58.3732	913	36.4035	32039	100.0000	97381	33.0588	0.9849
ESO1254206120S1K	EST1358301201S1K	na	NZ_CP076276.1	4860798	3313225	68.1622	3303654	99.7111	3297665	99.8187	9571	0.2889	3307178	99.8175	17893	0.5400	11846	66.2047	2792	15.6039	6571	36.7239	7664	42.8324	145509	66.9883	141747	64.7386	0.9757
ESO1254206120S1K	stools_11015501	na	NZ_CP076276.1	4860798	774446	15.9325	773158	99.8337	770702	99.6823	1288	0.1663	771985	99.6822	3970	0.5126	1509	38.0101	240	6.0453	1845	46.4736	1825	45.9698	145509	19.5225	71299	83.0320	0.9703
ESO1254306120S1K	ESO1356602120S1K	na	NZ_CP041422.1	4665377	798154	17.1080	792471	99.2880	789815	99.6648	5683	0.7120	795476	99.6645	8528	1.0685	5850	68.5976	266	3.1191	1732	20.3096	6449	75.6215	141057	57.6419	89193	83.8597	0.9704
ESO1254306120S1K	ESO1358401120S1K	na	NZ_LR134236.1	4757340	720351	15.1419	718843	99.7907	716257	99.6403	1508	0.2093	717756	99.6398	4325	0.6004	1730	40.0000	256	5.9191	1406	32.5087	2543	58.7977	132037	57.3794	191495	26.7088	0.9549
ESO1254306120S1K	EST1212705101S1K	na	NZ_LR134236.1	4757340	641437	13.4831	638821	99.5922	635174	99.4291	2616	0.4078	637761	99.4269	6966	1.0860	3290	47.2294	740	10.6230	1946	27.9357	3971	57.0055	132037	19.3628	69643	36.5004	0.9681
ESO1254306120S1K	EST1242206101S1K	na	NZ_CP010167.1	4630919	2071220	44.7259	2063391	99.6220	2061243	99.8959	7829	0.3780	2069050	99.8952	10222	0.4935	8052	78.7713	421	4.1186	3161	30.9235	6314	61.7687	62262	76.1492	45205	100.0000	0.9937
ESO1254306120S1K	EST1247211101S1K	na	NZ_CP010167.1	4630919	2136830	46.1427	2132923	99.8172	2131112	99.9151	3907	0.1828	2135015	99.9151	6092	0.2851	4277	70.2068	410	6.7301	3547	58.2239	2074	34.0446	62262	76.1492	88770	58.2753	0.9875
ESO1254306120S1K	EST1356601101S1K	na	NZ_CP010167.1	4630919	2776931	59.9650	2772943	99.8564	2770958	99.9284	3988	0.1436	2774933	99.9281	6422	0.2313	4424	68.8882	475	7.3964	4336	67.5179	1467	22.8434	62262	100.0000	99362	47.2082	0.9821
ESO1254306120S1K	EST1358401101S1K	na	NZ_LR134236.1	4757340	1300408	27.3348	1295924	99.6552	1293346	99.8011	4484	0.3448	1297815	99.8006	7469	0.5744	4876	65.2832	519	6.9487	2971	39.7777	3717	49.7657	132037	19.3628	68509	37.3060	0.9684
ESO1254306120S1K	stools_11011101	na	NZ_LR134236.1	4757340	1003879	21.1017	998403	99.4545	994707	99.6298	5476	0.5455	1000137	99.6272	9680	0.9643	5938	61.3430	641	6.6219	2590	26.7562	6104	63.0579	132037	34.2169	68024	66.5794	0.9760
ESO1254306120S1K	stools_11011150	na	NZ_LR134236.1	4757340	740504	15.5655	739004	99.7974	737119	99.7449	1500	0.2026	738598	99.7426	3686	0.4978	1780	48.2908	345	9.3597	1720	46.6630	1562	42.3766	132037	27.3158	103201	42.4337	0.9666
ESO1254306120S1K	stools_11018101	na	NZ_LR134236.1	4757340	966720	20.3206	957544	99.0508	951711	99.3908	9176	0.9492	960826	99.3903	15584	1.6120	9690	62.1792	660	4.2351	2660	17.0688	11850	76.0395	132037	19.3628	43894	58.9397	0.9736
ESO1254306120S1K	stools_11038150	na	NZ_LR134236.1	4757340	529420	11.1285	528279	99.7845	525857	99.5415	1141	0.2155	526988	99.5406	3858	0.7287	1426	36.9622	322	8.3463	1068	27.6827	2377	61.6122	132037	47.4147	148989	45.2711	0.9659
ESO1254306120S1K	stools_12064150	na	NZ_LR134236.1	4757340	445304	9.3604	443747	99.6504	440485	99.2649	1557	0.3496	442027	99.2641	5012	1.1255	1735	34.6169	198	3.9505	1296	25.8579	3417	68.1764	132037	34.2169	111498	43.5524	0.9687
ESO1254306120S1K	stools_12111102	na	NZ_LR134236.1	4757340	1098319	23.0868	1093061	99.5213	1088677	99.5989	5258	0.4787	1093904	99.5980	10192	0.9280	5777	56.6817	684	6.7111	2520	24.7253	6723	65.9635	132037	27.3158	49367	65.9894	0.9748
ESO1254306120S1K	stools_12114501	na	NZ_CP041422.1	4665377	1259666	27.0003	1254938	99.6247	1251262	99.7071	4728	0.3753	1255971	99.7067	8714	0.6918	5019	57.5970	381	4.3723	2100	24.0992	6097	69.9679	141057	70.5800	193648	69.0831	0.9665
ESO1256801120S1K	EST1234704101S1K	na	NC_011741.1	4700560	525984	11.1898	524010	99.6247	519646	99.1672	1974	0.3753	521600	99.1665	7340	1.3955	2956	40.2725	1012	13.7875	1538	20.9537	4721	64.3188	210134	27.1355	84832	76.8637	0.9590
ESO1256801120S1K	EST1242206101S1K	na	NZ_CP022086.2	5256950	492597	9.3704	489843	99.4409	486195	99.2553	2754	0.5591	488912	99.2519	7245	1.4708	3560	49.1373	949	13.0987	2447	33.7750	3371	46.5286	356134	42.9229	159373	83.1377	0.9463
ESO1256801120S1K	stools_11041101	na	NZ_CP022086.2	5256950	586041	11.1479	583809	99.6191	580031	99.3529	2232	0.3809	582241	99.3516	6256	1.0675	2456	39.2583	294	4.6995	3639	58.1682	1945	31.0902	356134	29.6577	106142	80.7258	0.9409
ESO1256801120S1K	stools_11041102	na	NZ_CP022086.2	5256950	300390	5.7141	298498	99.3702	294577	98.6864	1892	0.6298	296441	98.6854	6327	2.1063	2378	37.5850	555	8.7719	1654	26.1419	3956	62.5257	356134	51.8420	179995	90.1392	0.9530
ESO1256801120S1K	stools_11104101	na	NZ_CP022086.2	5256950	559869	10.6501	558249	99.7106	554430	99.3159	1620	0.2894	556034	99.3150	5664	1.0117	1829	32.2917	246	4.3432	3309	58.4216	1989	35.1165	356134	33.3377	129597	82.9417	0.9464
ESO1256801120S1K	stools_12068150	na	NZ_CP022086.2	5256950	569054	10.8248	565230	99.3280	559122	98.9194	3824	0.6720	562904	98.9193	10884	1.9126	4734	43.4950	1062	9.7574	2378	21.8486	7095	65.1874	356134	34.2972	118608	82.4531	0.9447
ESO1256801120S1K	stools_12093150	na	NC_011741.1	4700560	494677	10.5238	492585	99.5771	490460	99.5686	2092	0.4229	492543	99.5686	5509	1.1137	3375	61.2634	1306	23.7067	760	13.7956	3298	59.8657	210134	52.5817	107004	68.3657	0.9629
ESO1256804120S1K	EST1232905101S1K	na	NZ_CP098223.1	4841244	280545	5.7949	280188	99.8727	279586	99.7851	357	0.1273	279938	99.7836	1047	0.3732	440	42.0248	88	8.4050	601	57.4021	343	32.7603	45049	100.0000	55286	65.4904	0.9982
ESO1256804120S1K	EST1234702101S1K	na	NZ_CP053284.1	5244439	30777	0.5869	30767	99.9675	30521	99.2004	10	0.0325	30531	99.2007	278	0.9033	32	11.5108	22	7.9137	115	41.3669	142	51.0791	203128	46.8311	169837	66.7446	0.9600
ESO1256804120S1K	EST1241101101S1K	na	NZ_CP098223.1	4841244	111899	2.3114	111627	99.7569	110810	99.2681	272	0.2431	111082	99.2699	1126	1.0063	309	27.4423	43	3.8188	253	22.4689	823	73.0906	45049	100.0000	103363	35.3502	0.9939
ESO1256804120S1K	EST1241105101S1K	na	NZ_CP053284.1	5244439	36595	0.6978	36582	99.9645	36342	99.3439	13	0.0355	36355	99.3442	273	0.7460	33	12.0879	20	7.3260	120	43.9560	134	49.0842	203128	46.9733	144222	51.2578	0.9639
ESO1256804120S1K	EST1361010101S1K	na	NZ_CP098223.1	4841244	204944	4.2333	204723	99.8922	204161	99.7255	221	0.1078	204377	99.7233	818	0.3991	251	30.6846	35	4.2787	489	59.7800	281	34.3521	45049	100.0000	71161	51.3666	0.9982
ESO1256804120S1K	stools_11018102	na	NZ_CP098223.1	4841244	73793	1.5243	73753	99.9458	73453	99.5932	40	0.0542	73493	99.5935	351	0.4757	51	14.5299	11	3.1339	200	56.9801	134	38.1766	45049	0.0000	41600	0.0000	0.9864
ESO1256804120S1K	stools_11047150	na	NZ_CP053284.1	5244439	179945	3.4312	179530	99.7694	178364	99.3505	415	0.2306	178778	99.3515	1660	0.9225	493	29.6988	81	4.8795	753	45.3614	813	48.9759	203128	67.8922	212087	42.1256	0.9613
ESO1256804120S1K	stools_11049150	na	NZ_CP053284.1	5244439	57759	1.1013	57643	99.7992	57229	99.2818	116	0.2008	57345	99.2832	571	0.9886	157	27.4956	41	7.1804	284	49.7373	242	42.3818	203128	57.3417	141159	54.0299	0.9613
ESO1256804120S1K	stools_11104150	na	NZ_CP053284.1	5244439	42408	0.8086	42396	99.9717	42152	99.4245	12	0.0283	42164	99.4246	283	0.6673	39	13.7809	27	9.5406	164	57.9505	92	32.5088	203128	100.0000	368664	50.2395	0.9511
ESO1256804120S1K	stools_12075101	na	NZ_CP053284.1	5244439	339411	6.4718	338908	99.8518	337446	99.5686	503	0.1482	337946	99.5684	2044	0.6022	579	28.3268	81	3.9628	1315	64.3346	597	29.2074	203128	88.1927	329441	37.4486	0.9638
ESO1256804120S1K	stools_12087150	na	NZ_CP053284.1	5244439	66332	1.2648	66267	99.9020	65781	99.2666	65	0.0980	65845	99.2658	608	0.9166	121	19.9013	57	9.3750	237	38.9803	314	51.6447	203128	62.3661	232762	51.0564	0.9610
ESO1256804120S1K	stools_12096150	na	NZ_CP053284.1	5244439	153204	2.9213	153024	99.8825	152307	99.5314	180	0.1175	152487	99.5320	950	0.6201	233	24.5263	53	5.5789	610	64.2105	271	28.5263	203128	100.0000	300171	64.9183	0.9646
ESO1256804120S1K	stools_12100501	na	NZ_CP053284.1	5244439	116245	2.2165	115974	99.7669	115300	99.4188	271	0.2331	115570	99.4193	1006	0.8654	331	32.9026	61	6.0636	447	44.4334	473	47.0179	203128	56.0848	144374	44.3362	0.9613
ESO1256804120S1K	stools_12111150	na	NZ_CP053284.1	5244439	67379	1.2848	67132	99.6334	65475	97.5317	247	0.3666	65714	97.5289	1954	2.9000	289	14.7902	50	2.5589	274	14.0225	1634	83.6233	203128	67.8922	271879	43.1401	0.9523
ESO1256805120S1K	EST1350807101S1K	na	NZ_CP070103.1	4710693	1643481	34.8883	1640272	99.8047	1636266	99.7558	3209	0.1953	1639470	99.7559	7801	0.4747	3790	48.5835	602	7.7170	4005	51.3396	3093	39.6488	230913	43.1825	107462	92.5267	0.9640
ESO1256805120S1K	stools_11016501	na	NZ_CP070103.1	4710693	3668028	77.8660	3662134	99.8393	3650241	99.6752	5894	0.1607	3656111	99.6751	20006	0.5454	8089	40.4329	2265	11.3216	7623	38.1036	9740	48.6854	230913	81.7931	208569	86.5522	0.9732
ESO1256810120S1K	stools_11008150	na	CP103974.1	5008670	231167	4.6153	229357	99.2170	226933	98.9431	1810	0.7830	228705	98.9350	4315	1.8666	1853	42.9432	90	2.0857	1432	33.1866	2755	63.8470	106168	55.9736	52642	46.7877	0.9788
ESO1256810120S1K	stools_12058501	na	CP103974.1	5008670	120441	2.4047	120179	99.7825	119119	99.1180	262	0.2175	119379	99.1182	1459	1.2114	397	27.2104	139	9.5271	729	49.9657	569	38.9993	106168	80.2012	151032	28.8177	0.9786
ESO1256811120S1K	ESO1357102120S1K	na	NZ_CP035751.1	5249232	1669853	31.8114	1663406	99.6139	1659789	99.7826	6447	0.3861	1666222	99.7826	10217	0.6119	6586	64.4612	217	2.1239	5894	57.6882	4015	39.2972	62981	61.9901	79397	79.4539	0.9884
ESO1256811120S1K	EST1232710101S1K	na	NZ_CP035751.1	5249232	1548855	29.5063	1541242	99.5085	1538409	99.8162	7613	0.4915	1545998	99.8155	11062	0.7142	8205	74.1728	816	7.3766	4688	42.3793	5195	46.9626	62981	53.1843	31028	100.0000	0.9910
ESO1256811120S1K	EST1232906101S1K	na	NZ_CP035751.1	5249232	418515	7.9729	417617	99.7854	416259	99.6748	898	0.2146	417153	99.6746	2281	0.5450	919	40.2893	27	1.1837	1559	68.3472	689	30.2060	62981	45.1724	95141	69.5168	0.9831
ESO1256811120S1K	EST1241105101S1K	na	NZ_CP035751.1	5249232	453942	8.6478	452909	99.7724	451430	99.6734	1033	0.2276	452452	99.6718	2579	0.5681	1089	42.2257	78	3.0244	1547	59.9845	889	34.4707	62981	83.1219	118165	78.9075	0.9830
ESO1256811120S1K	EST1256805101S1K	na	NZ_CP035751.1	5249232	1810318	34.4873	1799728	99.4150	1796889	99.8423	10590	0.5850	1807462	99.8422	14160	0.7822	11304	79.8305	980	6.9209	5096	35.9887	7657	54.0749	62981	91.2212	94629	94.2428	0.9914
ESO1256811120S1K	EST1256808101S1K	na	NZ_CP035751.1	5249232	1126152	21.4537	1121339	99.5726	1118891	99.7817	4813	0.4274	1123695	99.7818	7781	0.6909	5324	68.4231	713	9.1633	3603	46.3051	3159	40.5989	62981	69.7131	99938	45.0779	0.9863
ESO1256811120S1K	stools_11001150	na	NZ_CP035751.1	5249232	547470	10.4295	545833	99.7010	543162	99.5107	1637	0.2990	544791	99.5107	4568	0.8344	1889	41.3529	286	6.2609	1836	40.1926	2344	51.3135	62981	65.1879	57667	86.6891	0.9925
ESO1256811120S1K	stools_11007101	na	NZ_CP035751.1	5249232	1700278	32.3910	1694901	99.6838	1691743	99.8137	5377	0.3162	1697113	99.8139	9184	0.5401	6019	65.5379	758	8.2535	5108	55.6185	3086	33.6019	62981	91.2212	85102	87.4797	0.9885
ESO1256811120S1K	stools_11054102	na	NZ_CP035751.1	5249232	1660193	31.6274	1651298	99.4642	1647780	99.7870	8895	0.5358	1656649	99.7865	12604	0.7592	9060	71.8819	380	3.0149	5553	44.0574	6369	50.5316	62981	49.9865	29994	100.0000	0.9929
ESO1256811120S1K	stools_11055150	na	NZ_CP062811.1	5007575	492064	9.8264	490033	99.5872	486368	99.2521	2031	0.4128	488384	99.2521	5993	1.2179	2313	38.5950	318	5.3062	2133	35.5915	3422	57.0999	165337	95.6785	225313	62.5170	0.9745
ESO1256811120S1K	stools_12074501	na	NZ_CP062811.1	5007575	827556	16.5261	825633	99.7676	822135	99.5763	1923	0.2324	824046	99.5759	5644	0.6820	2134	37.8101	239	4.2346	4040	71.5804	1282	22.7144	165337	95.6785	244265	65.4048	0.9795
ESO1256811120S1K	stools_12093501	na	NZ_CP035751.1	5249232	739536	14.0885	737901	99.7789	733876	99.4545	1635	0.2211	735502	99.4545	5920	0.8005	1886	31.8581	261	4.4088	2107	35.5912	3407	57.5507	62981	79.2175	327803	19.1243	0.9439
ESO1350502120S1K	ESO1359003120S1K	na	NZ_LR134216.1	4647667	229043	4.9281	228215	99.6385	227012	99.4729	828	0.3615	227834	99.4722	2250	0.9823	1041	46.2667	238	10.5778	1297	57.6444	581	25.8222	58924	45.3313	46906	56.2060	0.9877
ESO1350502120S1K	ESO1361004120S1K	na	NZ_LR134216.1	4647667	1379071	29.6723	1376940	99.8455	1372948	99.7101	2131	0.1545	1375074	99.7102	6828	0.4951	2831	41.4616	714	10.4569	5142	75.3076	896	13.1224	58924	100.0000	130473	55.0581	0.9839
ESO1350502120S1K	EST1234707101S1K	na	NZ_LR134216.1	4647667	687653	14.7957	685630	99.7058	682417	99.5314	2023	0.2942	684438	99.5325	5513	0.8017	2298	41.6833	316	5.7319	2574	46.6896	2515	45.6194	58924	73.2774	74897	55.6417	0.9889
ESO1350502120S1K	EST1236807101S1K	na	NZ_LR134216.1	4647667	461919	9.9387	461025	99.8065	459019	99.5649	894	0.1935	459906	99.5642	2995	0.6484	982	32.7880	103	3.4391	2122	70.8514	748	24.9750	58924	69.6694	121750	35.5326	0.9848
ESO1350502120S1K	EST1241110101S1K	na	NZ_LR134216.1	4647667	1417546	30.5002	1415464	99.8531	1410471	99.6473	2082	0.1469	1412549	99.6475	7258	0.5120	2261	31.1518	186	2.5627	5814	80.1047	1218	16.7815	58924	69.6694	88853	52.5846	0.9901
ESO1350502120S1K	EST1247106101S1K	na	NZ_LR134216.1	4647667	422774	9.0965	421763	99.7609	418770	99.2904	1011	0.2391	419775	99.2906	4162	0.9845	1163	27.9433	169	4.0605	1671	40.1490	2274	54.6372	58924	29.4515	81377	25.7960	0.9750
ESO1350502120S1K	EST1254204101S1K	na	NZ_LR134216.1	4647667	331049	7.1229	330443	99.8169	329226	99.6317	606	0.1831	329830	99.6318	1899	0.5736	680	35.8083	80	4.2127	1372	72.2486	437	23.0121	58924	52.4896	42218	84.2697	0.9925
ESO1350502120S1K	EST1350510101S1K	na	NZ_LR134216.1	4647667	1373544	29.5534	1362904	99.2254	1359080	99.7194	10640	0.7746	1369685	99.7190	14719	1.0716	10860	73.7822	524	3.5600	4784	32.5022	8703	59.1277	58924	69.6694	46147	89.0805	0.9946
ESO1350502120S1K	stools_11017501	na	NZ_LR134216.1	4647667	493517	10.6186	490438	99.3761	488385	99.5814	3079	0.6239	491458	99.5828	5337	1.0814	3278	61.4203	245	4.5906	1881	35.2445	2974	55.7242	58924	29.4515	22132	100.0000	0.9898
ESO1350502120S1K	stools_11020501	na	NZ_LR134216.1	4647667	756809	16.2836	754370	99.6777	750905	99.5407	2439	0.3223	753337	99.5412	6146	0.8121	2674	43.5080	275	4.4745	2855	46.4530	2936	47.7709	58924	17.1798	26544	37.8353	0.9868
ESO1350502120S1K	stools_11041102	na	NZ_LR134216.1	4647667	311998	6.7130	310689	99.5804	308843	99.4058	1309	0.4196	310138	99.4038	3220	1.0321	1360	42.2360	71	2.2050	1550	48.1366	1541	47.8571	58924	29.4515	20532	63.8662	0.9872
ESO1350502120S1K	stools_11042150	na	NZ_LR134216.1	4647667	408809	8.7960	407360	99.6456	405282	99.4899	1449	0.3544	406728	99.4910	3643	0.8911	1562	42.8767	137	3.7606	1675	45.9786	1785	48.9981	58924	69.6694	45123	100.0000	0.9947
ESO1350502120S1K	stools_11113501	na	NZ_LR134216.1	4647667	375138	8.0715	374167	99.7412	371369	99.2522	971	0.2588	372329	99.2512	3876	1.0332	1067	27.5284	111	2.8638	1477	38.1063	2275	58.6945	58924	69.6694	119770	53.5226	0.9786
ESO1350502120S1K	stools_12117150	na	NZ_LR134216.1	4647667	732791	15.7669	730538	99.6925	727306	99.5576	2253	0.3075	729549	99.5576	5673	0.7742	2431	42.8521	205	3.6136	2988	52.6705	2379	41.9355	58924	85.5492	106136	50.0575	0.9881
ESO1350507120S1K	EST1212206101S1K	na	NZ_CP047876.1	4775730	3337770	69.8903	3331321	99.8068	3327776	99.8936	6449	0.1932	3334189	99.8927	11070	0.3317	7489	67.6513	1161	10.4878	3373	30.4697	6028	54.4535	135738	37.0906	52624	100.0000	0.9780
ESO1350507120S1K	stools_11036150	na	NZ_CP047876.1	4775730	3624504	75.8942	3610340	99.6092	3606424	99.8915	14164	0.3908	3620563	99.8913	18871	0.5207	14930	79.1161	835	4.4248	3315	17.5666	14448	76.5619	135738	21.8443	45132	100.0000	0.9728
ESO1350507120S1K	stools_11051101	na	NZ_CP047876.1	4775730	3005240	62.9273	2993414	99.6065	2988526	99.8367	11826	0.3935	3000331	99.8367	17546	0.5838	12637	72.0221	911	5.1921	2674	15.2399	13691	78.0292	135738	11.8530	28111	100.0000	0.9721
ESO1350507120S1K	stools_11051150	na	NZ_CP047876.1	4775730	3052692	63.9210	3045675	99.7701	3042512	99.8961	7017	0.2299	3049510	99.8958	10785	0.3533	7603	70.4961	706	6.5461	3504	32.4896	6228	57.7469	135738	12.7952	22678	65.3982	0.9722
ESO1350507120S1K	stools_11051501	na	NZ_CP047876.1	4775730	3115681	65.2399	3106495	99.7052	3103200	99.8939	9186	0.2948	3112358	99.8933	13086	0.4200	9763	74.6064	654	4.9977	3232	24.6982	8850	67.6295	135738	11.8530	28469	100.0000	0.9720
ESO1350510120S1K	EST1212703101S1K	na	NZ_CP049343.1	4707626	590094	12.5349	587123	99.4965	585677	99.7537	2971	0.5035	588642	99.7539	4483	0.7597	3031	67.6110	122	2.7214	1103	24.6041	3116	69.5070	106264	32.8823	15894	100.0000	0.9807
ESO1350510120S1K	EST1238002101S1K	na	NZ_CP049343.1	4707626	462794	9.8307	460932	99.5977	458346	99.4390	1862	0.4023	460200	99.4395	4594	0.9927	2000	43.5350	172	3.7440	637	13.8659	3698	80.4963	106264	66.5089	33553	78.1569	0.9808
ESO1350510120S1K	stools_12092101	na	NZ_CP049343.1	4707626	730874	15.5253	722002	98.7861	714915	99.0184	8872	1.2139	723734	99.0231	16118	2.2053	8978	55.7017	212	1.3153	769	4.7711	15033	93.2684	106264	74.2961	46325	82.6508	0.9824
ESO1350511120S1K	ESO1356618120S1K	na	NZ_CP070930.1	4668053	1632385	34.9693	1631805	99.9645	1631654	99.9907	580	0.0355	1632234	99.9907	1880	0.1152	1729	91.9681	1164	61.9149	485	25.7979	190	10.1064	237401	97.8812	326696	84.7614	0.9728
ESO1350511120S1K	EST1212705101S1K	na	NZ_CP070930.1	4668053	1532391	32.8272	1531077	99.9143	1530849	99.9851	1314	0.0857	1532163	99.9851	3025	0.1974	2797	92.4628	1533	50.6777	540	17.8512	709	23.4380	237401	62.2306	112684	100.0000	0.9709
ESO1350511120S1K	EST1247108101S1K	na	NZ_CP070930.1	4668053	2169829	46.4825	2167244	99.8809	2166740	99.9767	2585	0.1191	2169324	99.9767	4442	0.2047	3937	88.6312	1404	31.6074	689	15.5110	2284	51.4183	237401	93.0645	182918	100.0000	0.9843
ESO1350511120S1K	EST1256804101S1K	na	NZ_CP070930.1	4668053	1701140	36.4422	1698661	99.8543	1696836	99.8926	2479	0.1457	1699314	99.8927	5365	0.3154	3539	65.9646	1087	20.2610	578	10.7735	3598	67.0643	237401	90.1824	238356	96.3529	0.9835
ESO1350511120S1K	EST1350511101S1K	na	NZ_CP070930.1	4668053	617267	13.2232	617029	99.9614	616745	99.9540	238	0.0386	616983	99.9540	933	0.1512	649	69.5606	411	44.0514	173	18.5423	343	36.7631	237401	85.1210	264927	100.0000	0.9678
ESO1350511120S1K	EST1356611101S1K	na	NZ_CP070930.1	4668053	2940683	62.9959	2937911	99.9057	2937762	99.9949	2772	0.0943	2940534	99.9949	5182	0.1762	5033	97.1247	2308	44.5388	805	15.5345	1814	35.0058	237401	86.0359	219284	91.2141	0.9757
ESO1350511120S1K	EST1356618101S1K	na	NZ_CP070930.1	4668053	3000618	64.2799	2990711	99.6698	2990532	99.9940	9907	0.3302	3000439	99.9940	12349	0.4115	12170	98.5505	2382	19.2890	813	6.5835	8873	71.8520	237401	78.4175	163287	96.6219	0.9783
ESO1350511120S1K	EST1358301201S1K	na	NZ_CP070930.1	4668053	2852490	61.1066	2847604	99.8287	2847218	99.9864	4886	0.1713	2852103	99.9864	6912	0.2423	6525	94.4010	1703	24.6383	979	14.1638	3785	54.7598	237401	41.9143	88147	94.2709	0.9636
ESO1350511120S1K	EST1358303101S1K	na	NZ_CP070930.1	4668053	2547064	54.5637	2534862	99.5209	2532664	99.9133	12202	0.4791	2544861	99.9135	16023	0.6291	13820	86.2510	1701	10.6160	775	4.8368	13297	82.9870	237401	78.4795	168656	91.4589	0.9767
ESO1350511120S1K	EST1359005101S1K	na	NZ_CP070930.1	4668053	1288339	27.5991	1287430	99.9294	1286513	99.9288	909	0.0706	1287420	99.9287	2686	0.2085	1767	65.7856	866	32.2413	413	15.3760	1382	51.4520	237401	95.4179	234928	92.8676	0.9752
ESO1350511120S1K	EST2359005102S1K	na	NZ_CP070930.1	4668053	2995155	64.1628	2992967	99.9269	2992799	99.9944	2188	0.0731	2994987	99.9944	4702	0.1570	4534	96.4271	2421	51.4887	855	18.1838	1307	27.7967	237401	97.8812	274659	88.8585	0.9809
ESO1350511120S1K	stools_11009150	na	NZ_CP076282.1	4831855	1063749	22.0153	1062558	99.8880	1057083	99.4847	1191	0.1120	1058250	99.4831	7111	0.6685	1612	22.6691	445	6.2579	1984	27.9004	4568	64.2385	134534	88.6675	137208	69.9055	0.9779
ESO1350511120S1K	stools_11016101	na	NZ_CP076282.1	4831855	731936	15.1481	727450	99.3871	725616	99.7479	4486	0.6129	730088	99.7475	6548	0.8946	4700	71.7776	287	4.3830	1474	22.5107	4609	70.3879	134534	43.8551	45373	88.2463	0.9799
ESO1350511120S1K	stools_11030101	na	NZ_CP070930.1	4668053	1908575	40.8859	1905553	99.8417	1899934	99.7051	3022	0.1583	1902948	99.7052	9075	0.4755	3448	37.9945	442	4.8705	1497	16.4959	7084	78.0606	237401	78.9950	175176	89.9273	0.9689
ESO1350511120S1K	stools_11053501	na	NZ_CP070930.1	4668053	2842947	60.9022	2841710	99.9565	2841552	99.9944	1237	0.0435	2842789	99.9944	3815	0.1342	3657	95.8585	2507	65.7143	786	20.6029	393	10.3014	237401	82.2558	167767	100.0000	0.9781
ESO1350511120S1K	stools_12117101	na	NZ_CP070930.1	4668053	1377641	29.5121	1376091	99.8875	1369233	99.5016	1550	0.1125	1370774	99.5015	8795	0.6384	1928	21.9215	387	4.4002	832	9.4599	7507	85.3553	237401	60.0650	235559	76.6976	0.9565
ESO1350511120S1K	stools_12119101	na	NZ_CP076282.1	4831855	614142	12.7103	610582	99.4203	607803	99.5449	3560	0.5797	611344	99.5444	6474	1.0542	3676	56.7810	170	2.6259	955	14.7513	5266	81.3407	134534	69.7913	125019	54.9093	0.9711
ESO1350804120S1K	EST1350804101S1K	na	NZ_CP049845.1	5016451	1699828	33.8851	1694390	99.6801	1693068	99.9220	5438	0.3199	1698500	99.9219	7338	0.4317	6010	81.9024	636	8.6672	2375	32.3658	4048	55.1649	252544	32.5432	18827	100.0000	0.9513
ESO1350804120S1K	stools_11002150	na	NZ_CP049845.1	5016451	509897	10.1645	509113	99.8462	506068	99.4019	784	0.1538	506845	99.4014	3967	0.7780	915	23.0653	143	3.6047	903	22.7628	2882	72.6494	252544	50.2756	191014	44.2167	0.9422
ESO1356601120S1K	EST1232707101S1K	na	NZ_LR778148.1	4729401	512369	10.8337	510693	99.6729	506461	99.1713	1676	0.3271	508126	99.1719	6090	1.1886	1847	30.3284	208	3.4154	4675	76.7652	980	16.0920	68314	15.0379	14266	62.5894	0.9874
ESO1356602120S1K	EST1213404301S1K	na	NZ_LR134231.1	4594692	436667	9.5037	433280	99.2244	430178	99.2841	3387	0.7756	433540	99.2839	6667	1.5268	3540	53.0973	204	3.0598	4901	73.5113	1455	21.8239	37958	66.1679	101391	36.6098	0.9806
ESO1356602120S1K	EST1233822201S1K	na	NZ_LR134231.1	4594692	380899	8.2900	376557	98.8601	372270	98.8615	4342	1.1399	376557	98.8601	8915	2.3405	4573	51.2956	421	4.7224	4007	44.9467	4356	48.8615	37958	84.9781	109930	35.2215	0.9799
ESO1356602120S1K	EST1242704101S1K	na	NZ_LR134231.1	4594692	882021	19.1965	874115	99.1036	868908	99.4043	7906	0.8964	876773	99.4050	13388	1.5179	8140	60.8007	464	3.4658	9858	73.6331	2846	21.2578	37958	66.1679	55774	56.1911	0.9904
ESO1356602120S1K	EST1242805101S1K	na	NZ_LR134231.1	4594692	598445	13.0247	593364	99.1510	589590	99.3640	5081	0.8490	594640	99.3642	9044	1.5112	5239	57.9279	301	3.3282	6717	74.2702	1889	20.8868	37958	66.1679	56340	54.5758	0.9903
ESO1356602120S1K	EST1350507101S1K	na	NZ_LR134231.1	4594692	995249	21.6608	988107	99.2824	982278	99.4101	7142	0.7176	989372	99.4095	13219	1.3282	7342	55.5413	341	2.5796	11241	85.0367	1447	10.9464	37958	66.1679	39446	70.7169	0.9938
ESO1356602120S1K	EST1358301101S1K	na	NZ_LR134231.1	4594692	1007916	21.9365	996750	98.8922	990661	99.3891	11166	1.1078	1001749	99.3881	17471	1.7334	11304	64.7015	605	3.4629	11069	63.3564	5498	31.4693	37958	34.5145	55154	24.1814	0.9853
ESO1356602120S1K	stools_11007150	na	NZ_LR134231.1	4594692	307368	6.6896	304223	98.9768	301305	99.0408	3145	1.0232	304404	99.0357	6259	2.0363	3295	52.6442	274	4.3777	3384	54.0661	2414	38.5685	37958	70.4621	54887	74.1542	0.9932
ESO1356602120S1K	stools_11038101	na	NZ_LR134231.1	4594692	642288	13.9789	636152	99.0447	631985	99.3450	6136	0.9553	638084	99.3455	10493	1.6337	6289	59.9352	296	2.8209	8197	78.1187	1826	17.4021	37958	34.5145	28166	46.3005	0.9912
ESO1356602120S1K	stools_11038501	na	NZ_LR134231.1	4594692	116950	2.5453	116044	99.2253	115158	99.2365	906	0.7747	116051	99.2313	1857	1.5879	958	51.5886	66	3.5541	1452	78.1906	325	17.5013	37958	31.6534	162476	11.8362	0.9646
ESO1356602120S1K	stools_11044501	na	NZ_LR134231.1	4594692	630920	13.7315	624359	98.9601	620243	99.3408	6561	1.0399	626760	99.3406	10902	1.7280	6742	61.8419	410	3.7608	7352	67.4372	2874	26.3621	37958	66.1679	49308	57.2179	0.9918
ESO1356602120S1K	stools_11107501	na	NZ_LR134231.1	4594692	166675	3.6276	165436	99.2566	163966	99.1114	1239	0.7434	165196	99.1126	2873	1.7237	1394	48.5207	168	5.8475	2102	73.1639	545	18.9697	37958	81.1897	157531	28.9213	0.9696
ESO1356602120S1K	stools_12058150	na	NZ_LR134231.1	4594692	134356	2.9242	133390	99.2810	132269	99.1596	966	0.7190	133230	99.1619	2159	1.6069	1033	47.8462	81	3.7517	1697	78.6012	350	16.2112	37958	81.1897	118020	42.2928	0.9793
ESO1356602120S1K	stools_12060501	na	NZ_LR134231.1	4594692	404488	8.8034	401116	99.1664	397647	99.1352	3372	0.8336	400993	99.1359	7031	1.7382	3536	50.2916	222	3.1574	4344	61.7835	2322	33.0252	37958	51.6518	68981	41.3331	0.9876
ESO1356602120S1K	stools_12062101	na	NZ_LR134231.1	4594692	419114	9.1217	415845	99.2200	412847	99.2791	3269	0.7800	416094	99.2794	6370	1.5199	3350	52.5903	129	2.0251	4684	73.5322	1477	23.1868	37958	51.6518	60817	47.1595	0.9894
ESO1356602120S1K	stools_12072101	na	NZ_LR134231.1	4594692	363936	7.9208	359738	98.8465	357004	99.2400	4198	1.1535	361176	99.2416	7042	1.9350	4282	60.8066	256	3.6353	4956	70.3777	1679	23.8427	37958	66.1679	30305	100.0000	0.9960
ESO1356602120S1K	stools_12084101	na	NZ_LR134231.1	4594692	554007	12.0575	547655	98.8534	543784	99.2932	6352	1.1466	550096	99.2941	10469	1.8897	6558	62.6421	429	4.0978	6561	62.6707	3233	30.8817	37958	66.1679	45884	66.8381	0.9925
ESO1356602120S1K	stools_12084102	na	NZ_LR134231.1	4594692	883671	19.2324	877291	99.2780	871542	99.3447	6380	0.7220	877875	99.3441	12431	1.4067	6635	53.3746	342	2.7512	9962	80.1384	2007	16.1451	37958	66.1679	44020	72.6465	0.9929
ESO1356602120S1K	stools_12098150	na	NZ_LR134231.1	4594692	160920	3.5023	159704	99.2443	158370	99.1647	1216	0.7557	159573	99.1629	2647	1.6449	1300	49.1122	125	4.7223	1866	70.4949	590	22.2894	37958	66.1679	97381	33.0588	0.9814
ESO1356602120S1K	stools_12114501	na	NZ_CP041422.1	4665377	762955	16.3536	756676	99.1770	753218	99.5430	6279	0.8230	759473	99.5436	9914	1.2994	6432	64.8780	275	2.7739	5579	56.2740	3946	39.8023	89193	75.8512	193648	34.7202	0.9642
ESO1356604120S1K	EST1237103201S1K	na	NZ_CP069710.1	4761946	2935522	61.6454	2934521	99.9659	2933934	99.9800	1001	0.0341	2934935	99.9800	15861	0.5403	15274	96.2991	14326	90.3222	1000	6.3048	412	2.5976	394180	61.0011	188515	97.1329	0.9439
ESO1356611120S1K	EST1238001101S1K	na	NZ_CP101274.1	4892441	252768	5.1665	251484	99.4920	247891	98.5713	1284	0.5080	249149	98.5683	5462	2.1609	1843	33.7422	600	10.9850	3304	60.4907	1364	24.9725	71524	65.5067	35442	70.4052	0.9854
ESO1356611120S1K	EST1242805101S1K	na	NZ_CP101274.1	4892441	192675	3.9382	191877	99.5858	188921	98.4594	798	0.4142	189704	98.4580	4007	2.0797	1036	25.8548	264	6.5885	2930	73.1220	727	18.1432	71524	48.4551	48833	39.3812	0.9854
ESO1356611120S1K	EST1247108101S1K	na	NZ_CP101274.1	4892441	226083	4.6211	225251	99.6320	221640	98.3969	832	0.3680	222455	98.3953	4563	2.0183	935	20.4909	125	2.7394	3883	85.0975	518	11.3522	71524	83.0938	83964	52.3046	0.9883
ESO1356611120S1K	EST1254206101S1K	na	NZ_CP101274.1	4892441	111769	2.2845	111425	99.6922	109735	98.4833	344	0.3078	110071	98.4808	2124	1.9003	426	20.0565	94	4.4256	1764	83.0508	243	11.4407	71524	65.5067	45224	74.7877	0.9854
ESO1356618120S1K	EST1212705101S1K	na	NZ_CP070930.1	4668053	1094993	23.4572	1094342	99.9405	1094151	99.9825	651	0.0595	1094802	99.9826	2074	0.1894	1883	90.7907	1242	59.8843	208	10.0289	438	21.1186	326696	53.4861	112684	100.0000	0.9501
ESO1356618120S1K	EST1247108101S1K	na	NZ_CP070930.1	4668053	1474265	31.5820	1472903	99.9076	1472510	99.9733	1362	0.0924	1473872	99.9733	2742	0.1860	2349	85.6674	995	36.2874	199	7.2575	1504	54.8505	326696	79.0827	182918	100.0000	0.9658
ESO1356618120S1K	EST1256804101S1K	na	NZ_CP070930.1	4668053	1273534	27.2819	1272112	99.8883	1270889	99.9039	1422	0.1117	1272311	99.9040	3625	0.2846	2402	66.2621	991	27.3379	253	6.9793	2333	64.3586	326696	78.1996	238356	100.0000	0.9780
ESO1356618120S1K	EST1350511101S1K	na	NZ_CP070930.1	4668053	466674	9.9972	466587	99.9814	466378	99.9552	87	0.0186	466464	99.9550	646	0.1384	436	67.4923	350	54.1796	54	8.3591	240	37.1517	326696	78.4555	264927	91.7502	0.9815
ESO1356618120S1K	EST1356611101S1K	na	NZ_CP070930.1	4668053	2146985	45.9932	2145582	99.9347	2145463	99.9945	1403	0.0653	2146866	99.9945	3636	0.1694	3517	96.7272	2124	58.4158	227	6.2431	1117	30.7206	326696	80.5305	219284	100.0000	0.9710
ESO1356618120S1K	EST1356618101S1K	na	NZ_CP070930.1	4668053	2198576	47.0984	2192257	99.7126	2192168	99.9959	6319	0.2874	2198487	99.9960	8511	0.3871	8422	98.9543	2127	24.9912	207	2.4321	5971	70.1563	326696	67.4541	163287	100.0000	0.9613
ESO1356618120S1K	EST1358301201S1K	na	NZ_CP070930.1	4668053	1938759	41.5325	1935915	99.8533	1935541	99.9807	2844	0.1467	1938385	99.9807	4532	0.2338	4158	91.7476	1323	29.1924	355	7.8332	2501	55.1853	326696	39.1110	88147	100.0000	0.9467
ESO1356618120S1K	EST1358303101S1K	na	NZ_CP070930.1	4668053	1874662	40.1594	1865815	99.5281	1864216	99.9143	8847	0.4719	1873058	99.9144	11891	0.6343	10287	86.5108	1463	12.3034	280	2.3547	9969	83.8365	326696	69.1753	168656	100.0000	0.9610
ESO1356618120S1K	EST1359005101S1K	na	NZ_CP070930.1	4668053	947742	20.3027	947324	99.9559	946645	99.9283	418	0.0441	947062	99.9283	1894	0.1998	1214	64.0971	798	42.1331	138	7.2862	946	49.9472	326696	87.9839	234928	100.0000	0.9770
ESO1356618120S1K	EST2359005102S1K	na	NZ_CP070930.1	4668053	2194792	47.0173	2193646	99.9478	2193531	99.9948	1146	0.0522	2194676	99.9947	3477	0.1584	3361	96.6638	2235	64.2796	228	6.5574	951	27.3512	326696	96.8399	274659	100.0000	0.9831
ESO1356618120S1K	stools_11030101	na	NZ_CP070930.1	4668053	1393213	29.8457	1391414	99.8709	1387479	99.7172	1799	0.1291	1389273	99.7172	6123	0.4395	2183	35.6525	393	6.4184	953	15.5643	4765	77.8213	326696	73.9807	175176	89.9273	0.9559
ESO1356618120S1K	stools_11053501	na	NZ_CP070930.1	4668053	2055559	44.0346	2055139	99.9796	2055025	99.9945	420	0.0204	2055445	99.9945	2776	0.1350	2662	95.8934	2263	81.5202	215	7.7450	249	8.9697	326696	70.7734	167767	100.0000	0.9647
ESO1356618120S1K	stools_12117101	na	NZ_CP070930.1	4668053	1027072	22.0021	1026036	99.8991	1021143	99.5231	1036	0.1009	1022175	99.5232	6326	0.6159	1429	22.5893	397	6.2757	508	8.0304	5418	85.6465	326696	59.1198	235559	79.2595	0.9427
ESO1356803120S1K	ESO1357103120S1K	na	NZ_CP039403.1	4702395	1537691	32.7002	1535454	99.8545	1533441	99.8689	2237	0.1455	1535674	99.8688	17694	1.1507	15677	88.6007	13505	76.3253	1510	8.5340	2278	12.8744	240709	85.6241	235238	97.3673	0.9886
ESO1356803120S1K	EST1350510101S1K	na	NZ_CP039403.1	4702395	3186812	67.7700	3180699	99.8082	3179445	99.9606	6113	0.1918	3185546	99.9603	34329	1.0772	33063	96.3122	27150	79.0877	2614	7.6146	2484	7.2359	240709	44.6074	105094	100.0000	0.9703
ESO1356803120S1K	stools_11001501	na	NZ_CP039403.1	4702395	1043070	22.1817	1041889	99.8868	1032384	99.0877	1181	0.1132	1033555	99.0878	15302	1.4670	5787	37.8186	4631	30.2640	5812	37.9820	4780	31.2377	240709	57.3190	279218	59.1416	0.9502
ESO1356803120S1K	stools_12070101	na	NZ_CP039403.1	4702395	2212916	47.0593	2208347	99.7935	2183480	98.8740	4569	0.2065	2188003	98.8742	29833	1.3481	4920	16.4918	414	1.3877	25911	86.8535	2792	9.3588	240709	11.7453	23689	100.0000	0.9533
ESO1356803120S1K	stools_12117150	na	NZ_CP039403.1	4702395	1771313	37.6683	1768644	99.8493	1767152	99.9156	2669	0.1507	1769817	99.9155	15666	0.8844	14170	90.4507	11572	73.8670	1892	12.0771	1735	11.0749	240709	87.9518	201591	100.0000	0.9872
ESO1357102120S1K	EST1232710101S1K	na	NZ_CP035751.1	5249232	3538489	67.4097	3520028	99.4783	3516898	99.9111	18461	0.5217	3535330	99.9107	21942	0.6201	18783	85.6030	584	2.6616	8039	36.6375	13174	60.0401	79397	33.0466	31028	70.4493	0.9872
ESO1357102120S1K	EST1232906101S1K	na	NZ_CP035751.1	5249232	925788	17.6366	923324	99.7338	922010	99.8577	2464	0.2662	924466	99.8572	3947	0.4263	2625	66.5062	182	4.6111	2117	53.6357	1598	40.4864	79397	83.1215	95141	89.9087	0.9907
ESO1357102120S1K	EST1241105101S1K	na	NZ_CP035751.1	5249232	1010118	19.2432	1006939	99.6853	1005278	99.8350	3179	0.3147	1008445	99.8344	4915	0.4866	3242	65.9613	92	1.8718	2894	58.8810	1868	38.0061	79397	79.4539	118165	61.9058	0.9892
ESO1357102120S1K	EST1256805101S1K	na	NZ_CP035751.1	5249232	4124167	78.5671	4097643	99.3569	4094567	99.9249	26524	0.6431	4121069	99.9249	30066	0.7290	26968	89.6960	1082	3.5987	9034	30.0472	19767	65.7454	79397	79.4539	94629	64.9875	0.9902
ESO1357102120S1K	EST1256808101S1K	na	NZ_CP035751.1	5249232	2370569	45.1603	2358859	99.5060	2355932	99.8759	11710	0.4940	2367625	99.8758	14891	0.6282	11947	80.2297	455	3.0555	6008	40.3465	8278	55.5906	79397	79.4539	99938	39.7787	0.9808
ESO1357102120S1K	stools_11001150	na	NZ_CP035751.1	5249232	1195585	22.7764	1191175	99.6311	1187206	99.6668	4410	0.3689	1191599	99.6666	8502	0.7111	4516	53.1169	159	1.8701	3220	37.8734	4987	58.6568	79397	42.7661	57667	57.0552	0.9872
ESO1357102120S1K	stools_11007101	na	NZ_CP035751.1	5249232	3824967	72.8672	3811119	99.6380	3807749	99.9116	13848	0.3620	3821581	99.9115	17661	0.4617	14275	80.8278	678	3.8390	8926	50.5407	7895	44.7030	79397	79.4539	85102	68.2475	0.9891
ESO1357102120S1K	stools_11054102	na	NZ_CP035751.1	5249232	3774368	71.9032	3752809	99.4288	3750990	99.9515	21559	0.5712	3772530	99.9513	23861	0.6322	22023	92.2971	859	3.6000	8522	35.7152	14353	60.1526	79397	69.7344	29994	100.0000	0.9905
ESO1357102120S1K	stools_12093501	na	NZ_CP035751.1	5249232	1626074	30.9774	1621267	99.7044	1614553	99.5859	4807	0.2956	1619343	99.5861	11651	0.7165	4920	42.2281	149	1.2789	3922	33.6623	7453	63.9688	79397	69.7344	327803	10.5014	0.9374
ESO1357103120S1K	EST1350510101S1K	na	NZ_CP039403.1	4702395	1799659	38.2711	1795896	99.7909	1793910	99.8894	3763	0.2091	1797667	99.8893	20673	1.1487	18681	90.3642	14994	72.5294	2660	12.8670	1740	8.4168	235238	47.0251	105094	100.0000	0.9692
ESO1357103120S1K	stools_11001501	na	NZ_CP039403.1	4702395	605928	12.8855	605261	99.8899	599571	99.0599	667	0.1101	600231	99.0598	9063	1.4957	3366	37.1400	2714	29.9459	3390	37.4048	2906	32.0644	235238	63.1594	279218	51.7603	0.9467
ESO1357103120S1K	stools_12070101	na	NZ_CP039403.1	4702395	1266183	26.9263	1263241	99.7676	1248685	98.8477	2942	0.2324	1251591	98.8476	17708	1.3985	3116	17.5966	220	1.2424	15348	86.6727	1693	9.5607	235238	14.3918	23689	100.0000	0.9547
ESO1357103120S1K	stools_12117150	na	NZ_CP039403.1	4702395	1013802	21.5593	1012080	99.8301	1010404	99.8344	1722	0.1699	1012125	99.8346	9850	0.9716	8173	82.9746	6466	65.6447	1827	18.5482	1226	12.4467	235238	92.8404	201591	91.1668	0.9834
ESO1357104120S1K	stools_12086501	na	NZ_AP022295.1	4665448	2388530	51.1962	2366765	99.0888	2354178	99.4682	21765	0.9112	2375703	99.4630	34637	1.4501	21810	62.9673	1304	3.7648	18852	54.4273	13614	39.3048	24162	0.0000	10184	0.0000	0.9926
ESO1357107120S1K	stools_11036501	na	NZ_AP022811.1	5283470	81267	1.5381	81222	99.9446	80267	98.8242	45	0.0554	80310	98.8224	1072	1.3191	115	10.7276	72	6.7164	81	7.5560	917	85.5410	285570	87.0088	468260	52.2511	0.9444
ESO1357107120S1K	stools_12082101	na	NZ_AP022811.1	5283470	463659	8.7757	462754	99.8048	461817	99.7975	905	0.1952	462718	99.7970	1915	0.4130	974	50.8616	73	3.8120	766	40.0000	1035	54.0470	285570	28.5734	116116	46.8798	0.9513
ESO1357107120S1K	stools_12117150	na	NZ_AP022811.1	5283470	201835	3.8201	201557	99.8623	200412	99.4319	278	0.1377	200687	99.4312	1490	0.7382	342	22.9530	67	4.4966	259	17.3826	1145	76.8456	285570	22.8179	178795	18.3255	0.9408
ESO1358301220S1K	EST1212204101S1K	na	NZ_CP047277.1	4774769	275638	5.7728	274687	99.6550	272466	99.1914	951	0.3450	273406	99.1902	3327	1.2070	1095	32.9125	164	4.9294	2023	60.8055	1117	33.5738	134001	58.9660	108159	70.0903	0.9756
ESO1358301220S1K	EST1361002101S1K	na	NZ_AP022298.1	5121071	534411	10.4355	532902	99.7176	524307	98.3871	1509	0.2824	525785	98.3859	11182	2.0924	2556	22.8582	1085	9.7031	5062	45.2692	4923	44.0261	11603	100.0000	225851	2.2842	0.9661
ESO1358301220S1K	stools_11049101	na	NZ_CP047277.1	4774769	212638	4.4534	212147	99.7691	210803	99.3665	491	0.2309	211292	99.3670	1941	0.9128	595	30.6543	107	5.5126	1612	83.0500	212	10.9222	134001	77.4584	203920	39.0398	0.9687
ESO1358301220S1K	stools_11049501	na	NZ_CP047277.1	4774769	218429	4.5747	217919	99.7665	216514	99.3553	510	0.2335	217022	99.3559	2032	0.9303	625	30.7579	117	5.7579	1747	85.9744	155	7.6280	134001	71.9957	229308	35.1252	0.9599
ESO1358301220S1K	stools_11107150	na	NZ_CP047277.1	4774769	405951	8.5020	404848	99.7283	401826	99.2535	1103	0.2717	402923	99.2541	4262	1.0499	1234	28.9535	139	3.2614	3291	77.2173	813	19.0756	134001	63.3898	138256	58.4712	0.9767
ESO1358301220S1K	stools_11108501	na	NZ_AP022298.1	5121071	363628	7.1006	361125	99.3117	355552	98.4568	2503	0.6883	357975	98.4454	8578	2.3590	2925	34.0989	541	6.3068	3696	43.0870	4218	49.1723	11603	0.0000	20115	0.0000	0.9977
ESO1358301220S1K	stools_12078101	na	NZ_CP047277.1	4774769	850575	17.8140	847563	99.6459	842236	99.3715	3012	0.3541	845235	99.3722	8674	1.0198	3334	38.4367	378	4.3579	6102	70.3482	2001	23.0689	134001	77.4584	137285	68.5064	0.9804
ESO1358301220S1K	stools_12116150	na	NZ_CP047277.1	4774769	412964	8.6489	411856	99.7317	409427	99.4102	1108	0.2683	410530	99.4106	3642	0.8819	1208	33.1686	105	2.8830	3258	89.4563	270	7.4135	134001	71.9957	157545	57.3423	0.9754
ESO1358301220S1K	stools_12120501	na	NZ_CP047277.1	4774769	83992	1.7591	83755	99.7178	83024	99.1272	237	0.2822	83261	99.1297	1010	1.2025	279	27.6238	42	4.1584	813	80.4950	145	14.3564	134001	85.9314	166919	78.5495	0.9821
ESO1358303120S1K	EST1350807101S1K	na	NZ_CP027126.1	4877957	302287	6.1970	301847	99.8544	300052	99.4053	440	0.1456	300491	99.4059	2349	0.7771	553	23.5419	115	4.8957	872	37.1222	1351	57.5138	129044	70.7642	124959	70.6400	0.9821
ESO1358303120S1K	EST1358302101S1K	na	NZ_CP027126.1	4877957	1075609	22.0504	1069482	99.4304	1067623	99.8262	6127	0.5696	1073736	99.8259	8393	0.7803	6520	77.6838	466	5.5522	2184	26.0217	5483	65.3282	129044	71.3912	88054	92.1616	0.9844
ESO1358303120S1K	stools_11048102	na	NZ_CP027126.1	4877957	732295	15.0123	730544	99.7609	728324	99.6961	1751	0.2391	730066	99.6956	4329	0.5912	2100	48.5100	370	8.5470	1663	38.4153	2227	51.4438	129044	84.6293	117442	92.5376	0.9861
ESO1358303120S1K	stools_12079101	na	NZ_CP027126.1	4877957	1188336	24.3613	1184969	99.7167	1183051	99.8381	3367	0.2833	1186413	99.8382	5826	0.4903	3903	66.9928	556	9.5434	2601	44.6447	2471	42.4133	129044	84.6293	78126	100.0000	0.9846
ESO1358303120S1K	stools_12116150	na	NZ_CP027126.1	4877957	312318	6.4026	312024	99.9059	311351	99.7843	294	0.0941	311644	99.7842	1064	0.3407	390	36.6541	101	9.4925	713	67.0113	236	22.1805	129044	87.9398	153421	86.4406	0.9871
ESO1358401120S1K	EST1212705101S1K	na	NZ_LR134236.1	4757340	530152	11.1439	528535	99.6950	526012	99.5226	1617	0.3050	527623	99.5230	4552	0.8586	2023	44.4420	445	9.7759	1638	35.9842	2334	51.2742	191495	64.4732	69643	91.2554	0.9659
ESO1358401120S1K	EST1358401101S1K	na	NZ_LR134236.1	4757340	1020345	21.4478	1017174	99.6892	1014925	99.7789	3171	0.3108	1018083	99.7783	5754	0.5639	3492	60.6882	402	6.9864	2987	51.9117	2138	37.1568	191495	51.0572	68509	90.9705	0.9689
ESO1358401120S1K	stools_11011101	na	NZ_LR134236.1	4757340	729239	15.3287	726171	99.5793	723082	99.5746	3068	0.4207	726130	99.5737	6409	0.8789	3300	51.4901	310	4.8369	2211	34.4984	3740	58.3554	191495	46.6790	68024	52.5961	0.9618
ESO1358401120S1K	stools_11011150	na	NZ_LR134236.1	4757340	628837	13.2182	627867	99.8457	626033	99.7079	970	0.1543	627002	99.7082	2950	0.4691	1115	37.7966	149	5.0508	1841	62.4068	909	30.8136	191495	67.9976	103201	75.5700	0.9654
ESO1358401120S1K	stools_11018101	na	NZ_LR134236.1	4757340	725680	15.2539	718668	99.0337	714275	99.3887	7012	0.9663	721240	99.3882	11705	1.6130	7265	62.0675	342	2.9218	2341	20.0000	8905	76.0786	191495	38.8694	43894	85.2577	0.9652
ESO1358401120S1K	stools_11038150	na	NZ_LR134236.1	4757340	517503	10.8780	516544	99.8147	514543	99.6126	959	0.1853	515499	99.6128	3182	0.6149	1178	37.0207	242	7.6053	1267	39.8177	1578	49.5915	191495	67.9976	148989	68.7017	0.9677
ESO1358401120S1K	stools_12064150	na	NZ_LR134236.1	4757340	322894	6.7873	321811	99.6646	319221	99.1952	1083	0.3354	320301	99.1970	3801	1.1772	1208	31.7811	139	3.6569	1178	30.9918	2457	64.6409	191495	55.8098	111498	59.4719	0.9632
ESO1358401120S1K	stools_12111102	na	NZ_LR134236.1	4757340	960552	20.1909	956701	99.5991	953134	99.6272	3851	0.4009	956975	99.6276	7799	0.8119	4222	54.1351	457	5.8597	2433	31.1963	4725	60.5847	191495	31.1533	49367	64.5330	0.9615
ESO1359003120S1K	ESO1361004120S1K	na	NZ_LR134216.1	4647667	650678	14.0001	648819	99.7143	647014	99.7218	1859	0.2857	648865	99.7214	4301	0.6610	2488	57.8470	719	16.7170	1408	32.7366	1770	41.1532	46906	100.0000	130473	47.2519	0.9818
ESO1359003120S1K	EST1233807101S1K	na	NZ_CP025747.1	4918774	430221	8.7465	427116	99.2783	424415	99.3676	3105	0.7217	427493	99.3659	6023	1.4000	3295	54.7070	376	6.2427	3697	61.3814	1582	26.2660	126547	4.5153	55558	16.5719	0.9653
ESO1359003120S1K	EST1234707101S1K	na	NZ_LR134216.1	4647667	284730	6.1263	283572	99.5933	281809	99.3783	1158	0.4067	282954	99.3763	3132	1.1000	1356	43.2950	242	7.7267	733	23.4036	1993	63.6335	46906	29.7126	74897	24.7914	0.9799
ESO1359003120S1K	EST1236807101S1K	na	NZ_LR134216.1	4647667	245092	5.2734	244318	99.6842	243210	99.5465	774	0.3158	243979	99.5459	1960	0.7997	847	43.2143	101	5.1531	906	46.2245	852	43.4694	46906	81.1687	121750	41.8021	0.9795
ESO1359003120S1K	EST1241110101S1K	na	NZ_LR134216.1	4647667	684623	14.7305	682879	99.7453	680531	99.6562	1744	0.2547	682264	99.6554	4188	0.6117	1829	43.6724	136	3.2474	2481	59.2407	1484	35.4346	46906	81.1687	88853	52.4923	0.9867
ESO1359003120S1K	EST1247106101S1K	na	NZ_LR134216.1	4647667	173056	3.7235	172498	99.6776	171244	99.2730	558	0.3224	171797	99.2725	1872	1.0817	613	32.7457	80	4.2735	533	28.4722	1186	63.3547	46906	81.1687	81377	56.7728	0.9850
ESO1359003120S1K	EST1254204101S1K	na	NZ_LR134216.1	4647667	201010	4.3250	200301	99.6473	199594	99.6470	709	0.3527	200298	99.6458	1499	0.7457	787	52.5017	131	8.7392	665	44.3629	633	42.2282	46906	26.4934	42218	29.3074	0.9861
ESO1359003120S1K	EST1350510101S1K	na	NZ_LR134216.1	4647667	695992	14.9751	687850	98.8302	685846	99.7087	8142	1.1698	693971	99.7096	10297	1.4795	8276	80.3729	439	4.2634	1646	15.9852	7627	74.0701	46906	37.3747	46147	39.7339	0.9864
ESO1359003120S1K	stools_11010101	na	NZ_CP025747.1	4918774	75469	1.5343	75105	99.5177	73873	98.3596	364	0.4823	74228	98.3556	1720	2.2791	479	27.8488	129	7.5000	453	26.3372	1067	62.0349	126547	10.1938	164965	8.2442	0.9508
ESO1359003120S1K	stools_11017501	na	NZ_LR134216.1	4647667	398821	8.5811	394998	99.0414	393401	99.5957	3823	0.9586	397207	99.5953	5686	1.4257	4072	71.6145	517	9.0925	1217	21.4034	3738	65.7404	46906	37.3747	22132	100.0000	0.9927
ESO1359003120S1K	stools_11020501	na	NZ_LR134216.1	4647667	342207	7.3630	340575	99.5231	339037	99.5484	1632	0.4769	340656	99.5468	3348	0.9784	1797	53.6738	242	7.2282	943	28.1661	2026	60.5137	46906	10.8813	26544	37.8353	0.9853
ESO1359003120S1K	stools_11041102	na	NZ_LR134216.1	4647667	300673	6.4693	298836	99.3890	297435	99.5312	1837	0.6110	299263	99.5311	3354	1.1155	1944	57.9606	158	4.7108	1099	32.7668	2000	59.6303	46906	37.3747	20532	63.8662	0.9903
ESO1359003120S1K	stools_11042150	na	NZ_LR134216.1	4647667	251803	5.4178	250660	99.5461	249518	99.5444	1143	0.4539	250659	99.5457	2334	0.9269	1190	50.9854	91	3.8989	835	35.7755	1359	58.2262	46906	37.3747	45123	50.0565	0.9877
ESO1359003120S1K	stools_11113501	na	NZ_LR134216.1	4647667	168433	3.6240	167871	99.6663	166789	99.3555	562	0.3337	167344	99.3535	1681	0.9980	592	35.2171	42	2.4985	732	43.5455	875	52.0523	46906	81.1687	119770	44.2289	0.9749
ESO1359003120S1K	stools_12117150	na	NZ_LR134216.1	4647667	291282	6.2673	290111	99.5980	288368	99.3992	1171	0.4020	289530	99.3985	3014	1.0347	1262	41.8713	112	3.7160	668	22.1632	2114	70.1393	46906	56.2060	106136	28.3382	0.9767
ESO1359003120S1K	stools_12119501	na	NZ_CP025747.1	4918774	232831	4.7335	229524	98.5797	225875	98.4102	3307	1.4203	229098	98.3967	7250	3.1138	3517	48.5103	353	4.8690	1685	23.2414	4974	68.6069	126547	10.1938	57070	18.0042	0.9703
ESO1359006120S1K	stools_12082101	na	CP103972.1	4938303	3532228	71.5272	3516627	99.5583	3515335	99.9633	15601	0.4417	3530922	99.9630	17517	0.4959	16211	92.5444	1193	6.8105	7443	42.4902	8650	49.3806	108552	72.7909	76870	81.7861	0.9874
ESO1361001120S1K	EST1228703101S1K	na	NZ_CP028732.1	4906030	2325409	47.3990	2321363	99.8260	2315761	99.7587	4046	0.1740	2319793	99.7585	10057	0.4325	4441	44.1583	446	4.4347	2101	20.8909	7134	70.9357	101720	92.9797	248029	41.7955	0.9664
ESO1361001120S1K	EST1228703101S1K	na	NZ_CP054227.1	4796742	2051480	42.7682	2049063	99.8822	2045814	99.8414	2417	0.1178	2048223	99.8412	5958	0.2904	2701	45.3340	340	5.7066	4257	71.4502	1224	20.5438	68142	26.9936	36462	50.0439	0.9857
ESO1361001120S1K	EST1232711101S1K	na	NZ_CP028732.1	4906030	1960362	39.9582	1949696	99.4559	1947426	99.8836	10666	0.5441	1958061	99.8826	13151	0.6708	10850	82.5032	728	5.5357	3393	25.8003	8432	64.1168	101720	68.7721	74786	80.9202	0.9861
ESO1361001120S1K	EST1233807101S1K	na	NZ_CP054227.1	4796742	2063145	43.0114	2060271	99.8607	2057953	99.8875	2874	0.1393	2060823	99.8875	5661	0.2744	3339	58.9825	542	9.5743	3981	70.3233	1023	18.0710	68142	38.7250	42424	57.0785	0.9857
ESO1361001120S1K	EST1242705101S1K	na	NZ_CP054227.1	4796742	215004	4.4823	214719	99.8674	213879	99.6088	285	0.1326	214162	99.6084	1190	0.5535	348	29.2437	71	5.9664	459	38.5714	612	51.4286	68142	0.0000	36516	0.0000	0.9894
ESO1361001120S1K	EST1254206101S1K	na	NZ_CP054227.1	4796742	1153527	24.0481	1151978	99.8657	1150080	99.8352	1549	0.1343	1151627	99.8353	3555	0.3082	1655	46.5541	115	3.2349	2238	62.9536	1174	33.0239	68142	44.7962	44580	58.9502	0.9869
ESO1361001120S1K	stools_11009101	na	NZ_CP028732.1	4906030	1365860	27.8404	1361193	99.6583	1354892	99.5371	4667	0.3417	1359534	99.5368	11300	0.8273	4974	44.0177	407	3.6018	1493	13.2124	9151	80.9823	101720	92.2955	142454	56.1016	0.9796
ESO1361001120S1K	stools_11112101	na	NZ_CP054227.1	4796742	387236	8.0729	386472	99.8027	383397	99.2043	764	0.1973	384158	99.2051	3966	1.0242	888	22.3903	138	3.4796	673	16.9692	3105	78.2905	68142	57.7089	107072	59.0014	0.9758
ESO1361001120S1K	stools_12058101	na	NZ_CP028732.1	4906030	1740872	35.4843	1732245	99.5044	1724644	99.5612	8627	0.4956	1733223	99.5606	16740	0.9616	9091	54.3070	592	3.5364	1726	10.3106	14215	84.9164	101720	78.4457	72988	81.9285	0.9845
ESO1361001120S1K	stools_12086502	na	NZ_CP054227.1	4796742	1215628	25.3428	1202680	98.9349	1193206	99.2123	12948	1.0651	1206061	99.2130	22633	1.8618	13066	57.7299	272	1.2018	1984	8.7660	20214	89.3121	68142	58.5557	96898	35.4775	0.9772
ESO1361001120S1K	stools_12093101_SM-NA1P5	na	NZ_CP054227.1	4796742	1824298	38.0320	1819492	99.7366	1816851	99.8548	4806	0.2634	1821655	99.8551	7628	0.4181	4985	65.3513	188	2.4646	3664	48.0336	3759	49.2790	68142	86.2405	103682	82.3335	0.9879
ESO1361001120S1K	stools_12093101_SM-NAWYG	na	NZ_CP054227.1	4796742	1919564	40.0181	1913515	99.6849	1910727	99.8543	6049	0.3151	1916776	99.8548	9031	0.4705	6243	69.1286	218	2.4139	3910	43.2953	4872	53.9475	68142	86.2405	92911	73.2777	0.9869
ESO1361004120S1K	EST1234707101S1K	na	NZ_LR134216.1	4647667	1686378	36.2844	1683514	99.8302	1678261	99.6880	2864	0.1698	1681119	99.6881	8535	0.5061	3276	38.3831	443	5.1904	1521	17.8207	6451	75.5829	130473	39.4265	74897	55.6417	0.9735
ESO1361004120S1K	EST1236807101S1K	na	NZ_LR134216.1	4647667	1149436	24.7315	1148631	99.9300	1145960	99.7675	805	0.0700	1146759	99.7671	3667	0.3190	990	26.9975	202	5.5086	1704	46.4685	1730	47.1775	130473	65.2495	121750	59.8448	0.9764
ESO1361004120S1K	EST1241110101S1K	na	NZ_LR134216.1	4647667	3626211	78.0222	3624467	99.9519	3619051	99.8506	1744	0.0481	3620790	99.8505	7520	0.2074	2099	27.9122	421	5.5984	4112	54.6809	2890	38.4309	130473	65.2495	88853	79.3625	0.9820
ESO1361004120S1K	EST1247106101S1K	na	NZ_LR134216.1	4647667	1040035	22.3776	1038647	99.8665	1033085	99.4645	1388	0.1335	1034468	99.4647	7146	0.6871	1579	22.0963	217	3.0367	907	12.6924	5985	83.7531	130473	40.3003	81377	56.7728	0.9740
ESO1361004120S1K	EST1254204101S1K	na	NZ_LR134216.1	4647667	819366	17.6296	818534	99.8985	817161	99.8323	832	0.1015	817991	99.8322	2369	0.2891	994	41.9586	200	8.4424	1026	43.3094	1101	46.4753	130473	34.4247	42218	84.2697	0.9780
ESO1361004120S1K	EST1350510101S1K	na	NZ_LR134216.1	4647667	3540229	76.1722	3515801	99.3100	3512522	99.9067	24428	0.6900	3536903	99.9061	28199	0.7965	24873	88.2053	595	2.1100	2774	9.8372	23730	84.1519	130473	41.9504	46147	89.0805	0.9795
ESO1361004120S1K	stools_11017501	na	NZ_LR134216.1	4647667	1248628	26.8657	1241784	99.4519	1238431	99.7300	6844	0.5481	1245246	99.7291	10755	0.8613	7373	68.5542	623	5.7927	1918	17.8336	7754	72.0967	130473	17.0012	22132	100.0000	0.9765
ESO1361004120S1K	stools_11020501	na	NZ_LR134216.1	4647667	1852574	39.8603	1848591	99.7850	1843267	99.7120	3983	0.2150	1847240	99.7121	9752	0.5264	4418	45.3035	470	4.8195	1590	16.3043	7552	77.4405	130473	7.5257	26544	37.8353	0.9700
ESO1361004120S1K	stools_11041102	na	NZ_LR134216.1	4647667	810185	17.4321	807417	99.6583	804409	99.6275	2768	0.3417	807162	99.6269	6034	0.7448	3011	49.9006	267	4.4249	1603	26.5661	4074	67.5174	130473	17.0012	20532	63.8662	0.9731
ESO1361004120S1K	stools_11042150	na	NZ_LR134216.1	4647667	1042527	22.4312	1039711	99.7299	1036193	99.6616	2816	0.2701	1039003	99.6620	6541	0.6274	3017	46.1244	213	3.2564	1456	22.2596	4814	73.5973	130473	41.9504	45123	100.0000	0.9813
ESO1361004120S1K	stools_11113501	na	NZ_LR134216.1	4647667	900915	19.3842	899639	99.8584	895381	99.5267	1276	0.1416	896646	99.5261	5803	0.6441	1534	26.4346	270	4.6528	941	16.2158	4575	78.8385	130473	72.2701	119770	79.4172	0.9876
ESO1361004120S1K	stools_12117150	na	NZ_LR134216.1	4647667	1821306	39.1875	1817680	99.8009	1813152	99.7509	3626	0.1991	1816771	99.7510	8484	0.4658	3949	46.5464	339	3.9958	1429	16.8435	6668	78.5950	130473	48.9021	106136	50.0575	0.9715
ESO1361010120S1K	EST1234709101S1K	na	NZ_CP085488.1	4672036	1639801	35.0982	1636101	99.7744	1627325	99.4636	3700	0.2256	1631006	99.4637	13358	0.8146	4563	34.1593	902	6.7525	9006	67.4203	3311	24.7866	64853	56.0760	83551	36.6602	0.9811
ESO1361010120S1K	EST1247210101S1K	na	NZ_CP085488.1	4672036	1582695	33.8759	1577435	99.6677	1565308	99.2312	5260	0.3323	1570526	99.2311	19737	1.2471	7568	38.3442	2399	12.1548	6941	35.1675	9896	50.1393	64853	100.0000	109326	59.5952	0.9903
ESO1361010120S1K	EST1256805101S1K	na	NZ_CP043414.1	5133009	2492284	48.5541	2471097	99.1499	2447536	99.0465	21187	0.8501	2468533	99.0470	46002	1.8458	22251	48.3696	1458	3.1694	22306	48.4892	19579	42.5612	327917	49.6921	149281	82.8552	0.9484
ESO1361010120S1K	EST1256810101S1K	na	NZ_CP043414.1	5133009	1193767	23.2567	1192173	99.8665	1179941	98.9740	1594	0.1335	1181514	98.9736	14248	1.1935	1995	14.0020	425	2.9829	12496	87.7035	1277	8.9627	327917	46.2053	124085	94.8842	0.9580
ESO1361010120S1K	EST1359003101S1K	na	NZ_CP010242.1	4740150	363311	7.6645	362107	99.6686	359338	99.2353	1204	0.3314	360526	99.2334	4422	1.2171	1637	37.0194	460	10.4025	2307	52.1710	1587	35.8887	41638	60.8387	99846	26.3726	0.9783
ESO1361010120S1K	stools_11049150	na	NZ_CP085488.1	4672036	989245	21.1737	984558	99.5262	978966	99.4320	4687	0.4738	983607	99.4301	10604	1.0719	4966	46.8314	408	3.8476	6440	60.7318	3547	33.4496	64853	16.3400	10809	100.0000	0.9883
ESO1361010120S1K	stools_12111102	na	NZ_CP085488.1	4672036	763416	16.3401	759663	99.5084	754383	99.3050	3753	0.4916	758109	99.3048	9756	1.2779	4449	45.6027	803	8.2308	4083	41.8512	4554	46.6790	64853	73.1115	74506	64.0405	0.9903
EST1212204101S1K	stools_11030150	na	NZ_CP040269.1	4736377	431247	9.1050	430135	99.7421	427471	99.3807	1112	0.2579	428575	99.3804	3920	0.9090	1248	31.8367	160	4.0816	957	24.4133	2699	68.8520	20263	100.0000	32601	74.3259	0.9967
EST1212204101S1K	stools_11049101	na	NZ_CP047277.1	4774769	138410	2.8988	138167	99.8244	137221	99.3153	243	0.1756	137462	99.3151	1292	0.9335	344	26.6254	105	8.1269	884	68.4211	296	22.9102	108159	72.9667	203920	41.7826	0.9724
EST1212204101S1K	stools_11049501	na	NZ_CP047277.1	4774769	142599	2.9865	142362	99.8338	141433	99.3474	237	0.1662	141669	99.3478	1269	0.8899	339	26.7139	104	8.1954	898	70.7644	254	20.0158	108159	72.9667	229308	38.0187	0.9644
EST1212204101S1K	stools_11107150	na	NZ_CP047277.1	4774769	259403	5.4328	259060	99.8678	257614	99.4418	343	0.1322	257955	99.4418	1898	0.7317	450	23.7092	109	5.7429	1114	58.6934	672	35.4057	108159	65.3325	138256	52.2683	0.9752
EST1212204101S1K	stools_12078101	na	NZ_CP047277.1	4774769	541679	11.3446	540424	99.7683	537631	99.4832	1255	0.2317	538879	99.4831	4244	0.7835	1444	34.0245	208	4.9010	2341	55.1602	1647	38.8077	108159	72.9667	137285	57.2947	0.9775
EST1212204101S1K	stools_12116150	na	NZ_CP047277.1	4774769	278602	5.8349	278287	99.8869	277058	99.5584	315	0.1131	277373	99.5589	1621	0.5818	392	24.1826	78	4.8118	1349	83.2202	180	11.1043	108159	72.9667	157545	53.3619	0.9738
EST1212204101S1K	stools_12120501	na	NZ_CP047277.1	4774769	57489	1.2040	57388	99.8243	56943	99.2246	101	0.1757	57043	99.2242	574	0.9985	128	22.2997	28	4.8780	396	68.9895	146	25.4355	108159	90.5380	166919	62.0888	0.9768
EST1212206101S1K	EST1212206201S1K	na	NZ_CP062871.1	4987664	2820660	56.5527	2814728	99.7897	2813561	99.9585	5932	0.2103	2819492	99.9586	10165	0.3604	8997	88.5096	3514	34.5696	4290	42.2036	1425	14.0187	221175	57.1276	141460	87.4466	0.9706
EST1212206101S1K	EST1357108101S1K	na	NZ_CP062871.1	4987664	1090550	21.8649	1087130	99.6864	1084356	99.7448	3420	0.3136	1087762	99.7443	6674	0.6120	3886	58.2260	547	8.1960	2840	42.5532	3145	47.1232	221175	79.1572	202053	84.1151	0.9735
EST1212206101S1K	stools_11036150	na	NZ_CP047876.1	4775730	3001988	62.8592	2985939	99.4654	2983292	99.9114	16049	0.5346	2999312	99.9109	19466	0.6484	16790	86.2530	1087	5.5841	5711	29.3383	12404	63.7214	52624	52.1302	45132	68.2332	0.9890
EST1212206101S1K	stools_11051101	na	NZ_CP047876.1	4775730	2476334	51.8525	2462512	99.4418	2458515	99.8377	13822	0.5582	2472306	99.8373	18505	0.7473	14477	78.2329	1074	5.8038	4855	26.2362	12252	66.2091	52624	52.1302	28111	100.0000	0.9917
EST1212206101S1K	stools_11051150	na	NZ_CP047876.1	4775730	2595285	54.3432	2584455	99.5827	2582454	99.9226	10830	0.4173	2593247	99.9215	13439	0.5178	11401	84.8352	933	6.9425	5714	42.5180	6294	46.8338	52624	52.1302	22678	100.0000	0.9910
EST1212206101S1K	stools_11051501	na	NZ_CP047876.1	4775730	2647697	55.4407	2634519	99.5023	2632410	99.9199	13178	0.4977	2645542	99.9186	15986	0.6038	13831	86.5195	1027	6.4244	5520	34.5302	8815	55.1420	52624	52.1302	28469	100.0000	0.9915
EST1212206101S1K	stools_12080501	na	NZ_CP062871.1	4987664	413985	8.3002	413024	99.7679	411219	99.5630	961	0.2321	412170	99.5616	2947	0.7119	1132	38.4119	188	6.3794	948	32.1683	1759	59.6878	221175	56.1090	197207	100.0000	0.9589
EST1212206201S1K	EST1357108101S1K	na	NZ_CP062871.1	4987664	1423337	28.5371	1420869	99.8266	1416970	99.7256	2468	0.1734	1419421	99.7249	7161	0.5031	3245	45.3149	813	11.3532	2196	30.6661	4034	56.3329	141460	57.6248	202053	44.1359	0.9597
EST1212206201S1K	stools_12080501	na	NZ_CP062871.1	4987664	614517	12.3207	614024	99.9198	611339	99.5627	493	0.0802	611832	99.5631	3576	0.5819	891	24.9161	398	11.1298	639	17.8691	2498	69.8546	141460	48.2921	197207	66.8952	0.9569
EST1212703101S1K	EST1232711101S1K	na	NZ_CP024147.1	4639454	2559229	55.1623	2542051	99.3288	2540526	99.9400	17178	0.6712	2557688	99.9398	19268	0.7529	17727	92.0023	1214	6.3006	8501	44.1198	9257	48.0434	36295	100.0000	54581	68.2875	0.9960
EST1212703101S1K	EST1233801101S1K	na	NZ_CP024131.1	5084741	1073509	21.1124	1066069	99.3069	1064021	99.8079	7440	0.6931	1071434	99.8067	9963	0.9281	7888	79.1729	812	8.1502	5505	55.2544	3111	31.2255	65448	100.0000	143836	47.5827	0.9829
EST1212703101S1K	EST1238002101S1K	na	NZ_CP049343.1	4707626	642970	13.6581	637662	99.1745	634286	99.4706	5308	0.8255	639571	99.4714	8886	1.3820	5487	61.7488	529	5.9532	2753	30.9813	4987	56.1220	15894	100.0000	33553	22.1590	0.9926
EST1212703101S1K	EST1238002101S1K	na	NZ_CP053601.1	4529413	1018098	22.4775	1013584	99.5566	1011036	99.7486	4514	0.4434	1015533	99.7481	7220	0.7092	4655	64.4737	294	4.0720	2202	30.4986	4419	61.2050	0	0.0000	0	0.0000	1.0000
EST1212703101S1K	EST1241108101S1K	na	NZ_CP051738.1	5166012	2247954	43.5143	2233370	99.3512	2217546	99.2915	14584	0.6488	2232043	99.2922	30584	1.3605	14673	47.9761	476	1.5564	4925	16.1032	24576	80.3557	8274	0.0000	0	0.0000	0.9984
EST1212703101S1K	EST1242802101S1K	na	NZ_CP053601.1	4529413	653058	14.4182	651298	99.7305	647353	99.3943	1760	0.2695	649101	99.3941	5773	0.8840	1816	31.4568	83	1.4377	978	16.9409	4591	79.5254	0	0.0000	9975	0.0000	0.9978
EST1212703101S1K	EST1254203101S1K	na	NZ_CP051738.1	5166012	531503	10.2885	530276	99.7691	527323	99.4431	1227	0.2309	528543	99.4431	4213	0.7927	1253	29.7413	35	0.8308	1130	26.8217	2974	70.5910	8274	0.0000	0	0.0000	1.0000
EST1212703101S1K	EST1350502101S1K	na	NZ_CP024131.1	5084741	844793	16.6143	840322	99.4708	838627	99.7983	4471	0.5292	843070	99.7960	6507	0.7702	4784	73.5208	396	6.0858	3962	60.8883	1705	26.2026	65448	88.6184	108875	56.4280	0.9882
EST1212703101S1K	EST1356803101S1K	na	NZ_CP024147.1	4639454	1477103	31.8379	1470916	99.5811	1468338	99.8247	6187	0.4189	1474513	99.8247	8994	0.6089	6404	71.2030	314	3.4912	4848	53.9026	3573	39.7265	36295	100.0000	112988	43.0125	0.9833
EST1212703101S1K	EST1357102101S1K	na	NZ_CP024147.1	4639454	446818	9.6308	445032	99.6003	442844	99.5083	1786	0.3997	444621	99.5083	4032	0.9024	1835	45.5109	65	1.6121	1504	37.3016	2319	57.5149	36295	100.0000	53210	100.0000	0.9885
EST1212703101S1K	EST1359004101S1K	na	NZ_CP024147.1	4639454	534414	11.5189	532186	99.5831	530521	99.6871	2228	0.4169	532734	99.6856	3941	0.7374	2261	57.3712	77	1.9538	1864	47.2976	1950	49.4798	36295	49.7562	110919	26.8466	0.9761
EST1212703101S1K	stools_11005150	na	NZ_CP051738.1	5166012	867345	16.7894	864702	99.6953	861009	99.5729	2643	0.3047	863636	99.5724	6428	0.7411	2719	42.2993	124	1.9291	1837	28.5781	4270	66.4281	8274	100.0000	124529	15.8148	0.9759
EST1212703101S1K	stools_11020101	na	NZ_CP024147.1	4639454	968289	20.8708	964560	99.6149	962534	99.7900	3729	0.3851	966255	99.7899	5832	0.6023	3798	65.1235	91	1.5604	3309	56.7387	2348	40.2606	36295	100.0000	173478	25.0043	0.9702
EST1212703101S1K	stools_11021101	na	NZ_CP051738.1	5166012	320951	6.2127	320075	99.7271	317301	99.1333	876	0.2729	318165	99.1320	3694	1.1510	908	24.5804	48	1.2994	717	19.4099	2863	77.5041	8274	100.0000	148290	17.2318	0.9713
EST1212703101S1K	stools_11046101	na	NZ_CP069559.1	5008199	1452813	29.0087	1443320	99.3466	1439120	99.7090	9493	0.6534	1448581	99.7087	13873	0.9549	9641	69.4947	510	3.6762	8038	57.9399	5003	36.0629	17382	100.0000	74673	35.7599	0.9895
EST1212703101S1K	stools_11053101	na	NZ_CP024147.1	4639454	3497076	75.3769	3484291	99.6344	3482828	99.9580	12785	0.3656	3495598	99.9577	14628	0.4183	13150	89.8961	544	3.7189	11208	76.6202	2763	18.8884	36295	100.0000	91107	46.8241	0.9879
EST1212703101S1K	stools_11053150	na	NZ_CP060919.1	4956833	1802525	36.3644	1794142	99.5349	1792274	99.8959	8383	0.4651	1800644	99.8956	10528	0.5841	8647	82.1334	598	5.6801	6114	58.0737	3654	34.7074	32447	100.0000	208295	20.1402	0.9640
EST1212703101S1K	stools_11054101	na	NZ_CP024131.1	5084741	1616552	31.7922	1608623	99.5095	1605572	99.8103	7929	0.4905	1613480	99.8100	11262	0.6967	8190	72.7224	415	3.6850	5058	44.9121	5345	47.4605	65448	75.4416	203566	32.0216	0.9582
EST1212703101S1K	stools_11107101	na	NZ_CP024131.1	5084741	465190	9.1487	463150	99.5615	460861	99.5058	2040	0.4385	462895	99.5067	4429	0.9521	2134	48.1824	113	2.5514	1670	37.7060	2421	54.6625	65448	61.7192	194428	43.4012	0.9668
EST1212703101S1K	stools_12062501	na	NZ_CP051738.1	5166012	1810477	35.0459	1800393	99.4430	1787018	99.2571	10084	0.5570	1797031	99.2573	23621	1.3047	10175	43.0761	384	1.6257	3824	16.1890	18885	79.9500	8274	0.0000	38195	0.0000	0.9910
EST1212703101S1K	stools_12079150	na	NZ_CP051738.1	5166012	504416	9.7641	503238	99.7665	501027	99.5606	1178	0.2335	502199	99.5605	3411	0.6762	1194	35.0044	25	0.7329	996	29.1996	2329	68.2791	8274	100.0000	269499	9.6000	0.9478
EST1212703101S1K	stools_12081101	na	NZ_CP024147.1	4639454	3465672	74.7000	3453608	99.6519	3451980	99.9529	12064	0.3481	3464036	99.9528	13991	0.4037	12355	88.3068	411	2.9376	11636	83.1678	1922	13.7374	36295	100.0000	89014	52.6131	0.9885
EST1212703101S1K	stools_12092101	na	NZ_CP049343.1	4707626	942829	20.0277	929196	98.5540	919394	98.9451	13633	1.4460	932927	98.9498	23701	2.5138	13799	58.2212	626	2.6412	3685	15.5479	18850	79.5325	15894	100.0000	46325	21.7356	0.9906
EST1212703101S1K	stools_12118101	na	NZ_CP053601.1	4529413	1605138	35.4381	1600266	99.6965	1596936	99.7919	4872	0.3035	1601794	99.7917	8513	0.5304	5169	60.7189	359	4.2171	2371	27.8515	5489	64.4779	0	0.0000	92315	0.0000	0.9796
EST1212705101S1K	EST1247108101S1K	na	NZ_CP070930.1	4668053	1371706	29.3850	1369842	99.8641	1369372	99.9657	1864	0.1359	1371233	99.9655	3624	0.2642	3151	86.9481	1335	36.8377	677	18.6810	1392	38.4106	112684	100.0000	182918	68.3044	0.9825
EST1212705101S1K	EST1256804101S1K	na	NZ_CP070930.1	4668053	1147082	24.5730	1145181	99.8343	1143919	99.8898	1901	0.1657	1145819	99.8899	4330	0.3775	3067	70.8314	1212	27.9908	581	13.4180	2333	53.8799	112684	100.0000	238356	66.4493	0.9712
EST1212705101S1K	EST1350511101S1K	na	NZ_CP070930.1	4668053	412656	8.8400	412484	99.9583	412258	99.9452	172	0.0417	412428	99.9447	849	0.2057	621	73.1449	455	53.5925	131	15.4299	224	26.3840	112684	86.3991	264927	62.9475	0.9543
EST1212705101S1K	EST1356611101S1K	na	NZ_CP070930.1	4668053	2065265	44.2425	2061653	99.8251	2061237	99.9798	3612	0.1749	2064848	99.9798	6936	0.3358	6519	93.9879	3151	45.4296	921	13.2785	2286	32.9585	112684	89.9915	219284	60.5461	0.9706
EST1212705101S1K	EST1356618101S1K	na	NZ_CP070930.1	4668053	2087433	44.7174	2080033	99.6455	2079613	99.9798	7400	0.3545	2087011	99.9798	10582	0.5069	10160	96.0121	2981	28.1705	880	8.3160	6089	57.5411	112684	100.0000	163287	80.5759	0.9876
EST1212705101S1K	EST1358301201S1K	na	NZ_CP070930.1	4668053	1875906	40.1860	1871761	99.7790	1871086	99.9639	4145	0.2210	1875226	99.9638	6473	0.3451	5793	89.4948	1925	29.7389	1172	18.1060	2736	42.2679	112684	49.5217	88147	72.5220	0.9803
EST1212705101S1K	EST1358303101S1K	na	NZ_CP070930.1	4668053	1740621	37.2879	1732176	99.5148	1730415	99.8983	8445	0.4852	1738850	99.8983	12048	0.6922	10277	85.3005	1999	16.5920	841	6.9804	8718	72.3606	112684	93.4418	168656	65.3158	0.9784
EST1212705101S1K	EST1358401101S1K	na	NZ_LR134236.1	4757340	876438	18.4229	871669	99.4559	867681	99.5425	4769	0.5441	872414	99.5409	9359	1.0678	5335	57.0040	731	7.8107	5217	55.7431	3052	32.6103	69643	59.4518	68509	61.1277	0.9876
EST1212705101S1K	EST1359005101S1K	na	NZ_CP070930.1	4668053	870350	18.6448	869518	99.9044	868922	99.9315	832	0.0956	869754	99.9315	2368	0.2721	1772	74.8311	947	39.9916	351	14.8226	908	38.3446	112684	85.7291	234928	62.9023	0.9636
EST1212705101S1K	EST2359005102S1K	na	NZ_CP070930.1	4668053	2075619	44.4643	2073311	99.8888	2072971	99.9836	2308	0.1112	2075278	99.9836	5563	0.2680	5222	93.8702	3114	55.9770	842	15.1357	1178	21.1756	112684	100.0000	274659	57.2728	0.9638
EST1212705101S1K	stools_11011101	na	NZ_LR134236.1	4757340	642464	13.5047	638203	99.3368	634015	99.3438	4261	0.6632	638237	99.3421	9285	1.4452	5058	54.4750	988	10.6408	3905	42.0571	4002	43.1018	69643	67.4942	68024	61.6385	0.9883
EST1212705101S1K	stools_11011150	na	NZ_LR134236.1	4757340	494857	10.4020	493232	99.6716	490713	99.4893	1625	0.3284	492324	99.4881	4569	0.9233	2036	44.5612	447	9.7833	2812	61.5452	1222	26.7455	69643	75.2653	103201	58.3328	0.9837
EST1212705101S1K	stools_11018101	na	NZ_LR134236.1	4757340	650285	13.6691	643540	98.9628	637829	99.1126	6745	1.0372	644491	99.1090	13181	2.0270	7387	56.0428	844	6.4032	4023	30.5212	7984	60.5720	69643	52.0024	43894	76.3726	0.9900
EST1212705101S1K	stools_11030101	na	NZ_CP070930.1	4668053	1386224	29.6960	1383294	99.7886	1377907	99.6106	2930	0.2114	1380813	99.6097	9008	0.6498	3597	39.9312	730	8.1039	2131	23.6567	6023	66.8628	112684	93.4418	175176	62.0410	0.9741
EST1212705101S1K	stools_11038150	na	NZ_LR134236.1	4757340	386711	8.1287	385254	99.6232	382918	99.3936	1457	0.3768	384369	99.3944	4186	1.0825	1844	44.0516	412	9.8423	1984	47.3961	1628	38.8915	69643	100.0000	148989	52.5777	0.9721
EST1212705101S1K	stools_11053501	na	NZ_CP070930.1	4668053	2021506	43.3051	2019799	99.9156	2019402	99.9803	1707	0.0844	2021109	99.9804	5236	0.2590	4839	92.4179	3376	64.4767	861	16.4439	546	10.4278	112684	90.4157	167767	67.1157	0.9785
EST1212705101S1K	stools_12064150	na	NZ_LR134236.1	4757340	286528	6.0229	285277	99.5634	282649	99.0788	1251	0.4366	283896	99.0814	4249	1.4829	1617	38.0560	386	9.0845	1712	40.2918	2057	48.4114	69643	69.2877	111498	48.3937	0.9835
EST1212705101S1K	stools_12111102	na	NZ_LR134236.1	4757340	795111	16.7134	790499	99.4200	785973	99.4275	4612	0.5800	790562	99.4279	9938	1.2499	5389	54.2262	959	9.6498	3794	38.1767	4749	47.7863	69643	36.5004	49367	43.9990	0.9836
EST1212705101S1K	stools_12117101	na	NZ_CP070930.1	4668053	919400	19.6956	918109	99.8596	912802	99.4220	1291	0.1404	914086	99.4220	7018	0.7633	1704	24.2804	420	5.9846	959	13.6649	5542	78.9684	112684	71.2603	235559	58.8154	0.9582
EST1213402101S1K	EST1247208101S1K	na	NZ_CP073981.1	4774884	1708931	35.7900	1705318	99.7886	1703889	99.9162	3613	0.2114	1707491	99.9157	5746	0.3362	4306	74.9391	781	13.5921	1445	25.1479	3268	56.8743	144014	40.6433	43170	88.2719	0.9766
EST1213402101S1K	EST1357104101S1K	na	NZ_CP073981.1	4774884	1437692	30.1095	1435742	99.8644	1434466	99.9111	1950	0.1356	1436414	99.9111	3736	0.2599	2458	65.7923	522	13.9722	895	23.9561	2258	60.4390	144014	62.2808	165501	88.6587	0.9704
EST1213402101S1K	EST1358401101S1K	na	NZ_CP073981.1	4774884	2254318	47.2120	2248650	99.7486	2246812	99.9183	5668	0.2514	2252468	99.9179	8168	0.3623	6318	77.3506	742	9.0842	1510	18.4868	5717	69.9927	144014	57.5951	115922	85.8595	0.9771
EST1213402101S1K	stools_11018101	na	NZ_CP073981.1	4774884	2743080	57.4481	2729180	99.4933	2727443	99.9364	13900	0.5067	2741326	99.9361	16699	0.6088	14945	89.4964	1113	6.6651	1466	8.7790	13919	83.3523	144014	53.7281	91823	79.4627	0.9770
EST1213402101S1K	stools_11021501	na	NZ_CP073981.1	4774884	2991543	62.6516	2984597	99.7678	2982623	99.9339	6946	0.2322	2989564	99.9338	9671	0.3233	7692	79.5368	825	8.5307	1479	15.2931	7217	74.6252	144014	47.6620	98317	76.7405	0.9741
EST1213402101S1K	stools_11027501	na	NZ_CP073981.1	4774884	3753688	78.6132	3726318	99.2709	3724963	99.9636	27370	0.7291	3752326	99.9637	30983	0.8254	29621	95.6040	2339	7.5493	1325	4.2765	27104	87.4802	144014	85.9659	231623	64.4668	0.9642
EST1213402101S1K	stools_11041102	na	NZ_CP073981.1	4774884	2045644	42.8418	2043723	99.9061	2042601	99.9451	1921	0.0939	2044516	99.9449	3839	0.1877	2711	70.6173	836	21.7765	1209	31.4926	1691	44.0479	144014	26.0489	46091	73.7498	0.9739
EST1213402101S1K	stools_11048102	na	NZ_CP073981.1	4774884	1900557	39.8032	1896663	99.7951	1893894	99.8540	3894	0.2049	1897770	99.8534	7419	0.3904	4632	62.4343	806	10.8640	958	12.9128	5467	73.6892	144014	73.1922	162793	65.8861	0.9680
EST1213402101S1K	stools_11110101	na	NZ_CP073981.1	4774884	471731	9.8794	471558	99.9633	470465	99.7682	173	0.0367	470638	99.7683	1369	0.2902	276	20.1607	103	7.5237	247	18.0424	1016	74.2148	144014	49.3466	252737	33.4189	0.9545
EST1213402101S1K	stools_12061101	na	NZ_CP073981.1	4774884	2108253	44.1530	2101001	99.6560	2093863	99.6603	7252	0.3440	2101098	99.6606	15113	0.7168	7958	52.6567	752	4.9758	942	6.2330	13307	88.0500	144014	66.6970	163125	71.8676	0.9737
EST1213404101S1K	EST1232905101S1K	na	NZ_LR134240.1	4742976	590313	12.4460	587228	99.4774	582585	99.2093	3085	0.5226	585653	99.2106	7958	1.3481	3298	41.4426	280	3.5185	5741	72.1412	1741	21.8774	116347	70.2657	92939	93.0062	0.9905
EST1213404101S1K	stools_12096101	na	NZ_LR134240.1	4742976	595231	12.5497	592068	99.4686	586880	99.1237	3163	0.5314	590020	99.1245	9021	1.5155	3810	42.2348	727	8.0590	5480	60.7471	2584	28.6443	116347	86.9434	146273	81.9235	0.9863
EST1213404301S1K	EST1233822201S1K	na	NZ_LR134231.1	4594692	649152	14.1283	645723	99.4718	640816	99.2401	3429	0.5282	644218	99.2399	8548	1.3168	3614	42.2789	229	2.6790	1810	21.1745	6446	75.4095	101391	79.0198	109930	57.4356	0.9792
EST1213404301S1K	EST1242704101S1K	na	NZ_LR134231.1	4594692	1486267	32.3475	1481511	99.6800	1478993	99.8300	4756	0.3200	1483746	99.8304	7826	0.5266	5305	67.7869	649	8.2929	3371	43.0744	3551	45.3744	101391	60.6474	55774	100.0000	0.9862
EST1213404301S1K	EST1242805101S1K	na	NZ_LR134231.1	4594692	1000761	21.7808	998061	99.7302	995556	99.7490	2700	0.2698	998249	99.7490	5421	0.5417	2909	53.6617	266	4.9068	2545	46.9471	2454	45.2684	101391	76.7356	56340	90.0302	0.9864
EST1213404301S1K	EST1350507101S1K	na	NZ_LR134231.1	4594692	1707072	37.1531	1704509	99.8499	1700952	99.7913	2563	0.1501	1703509	99.7913	6510	0.3814	2947	45.2688	407	6.2519	4696	72.1352	1234	18.9555	101391	48.9955	39446	100.0000	0.9853
EST1213404301S1K	EST1358301101S1K	na	NZ_LR134231.1	4594692	1796598	39.1016	1784595	99.3319	1781287	99.8146	12003	0.6681	1793266	99.8145	16095	0.8959	12763	79.2979	847	5.2625	4550	28.2696	10453	64.9456	101391	70.9580	55154	100.0000	0.9837
EST1213404301S1K	stools_11007150	na	NZ_LR134231.1	4594692	535808	11.6615	533928	99.6491	530498	99.3576	1880	0.3509	532354	99.3554	5508	1.0280	2054	37.2912	215	3.9034	1490	27.0516	3781	68.6456	101391	48.2400	54887	72.6092	0.9810
EST1213404301S1K	stools_11038101	na	NZ_LR134231.1	4594692	946348	20.5965	943385	99.6869	940794	99.7254	2963	0.3131	943735	99.7239	5678	0.6000	3065	53.9803	147	2.5889	3176	55.9352	2207	38.8693	101391	35.3079	28166	70.1023	0.9791
EST1213404301S1K	stools_11038501	na	NZ_LR134231.1	4594692	225160	4.9004	224804	99.8419	224130	99.7002	356	0.1581	224481	99.6984	1137	0.5050	458	40.2814	115	10.1143	616	54.1777	396	34.8285	101391	71.4521	162476	53.4805	0.9724
EST1213404301S1K	stools_11044501	na	NZ_LR134231.1	4594692	937305	20.3997	933296	99.5723	930577	99.7087	4009	0.4277	934575	99.7087	6884	0.7344	4154	60.3428	216	3.1377	2905	42.1993	3602	52.3242	101391	54.9822	49308	76.2635	0.9848
EST1213404301S1K	stools_11107501	na	NZ_LR134231.1	4594692	245180	5.3362	244852	99.8662	243716	99.5360	328	0.1338	244044	99.5367	1698	0.6926	562	33.0978	234	13.7809	953	56.1249	496	29.2108	101391	100.0000	157531	64.6654	0.9845
EST1213404301S1K	stools_12058150	na	NZ_LR134231.1	4594692	186311	4.0549	185984	99.8245	184929	99.4327	327	0.1755	185254	99.4327	1473	0.7906	416	28.2417	93	6.3136	996	67.6171	382	25.9335	101391	76.7356	118020	68.6384	0.9834
EST1213404301S1K	stools_12060501	na	NZ_LR134231.1	4594692	750557	16.3353	748387	99.7109	744474	99.4771	2170	0.2891	746634	99.4773	6310	0.8407	2387	37.8288	264	4.1838	1894	30.0158	4071	64.5166	101391	69.9934	68981	89.7667	0.9872
EST1213404301S1K	stools_12062101	na	NZ_LR134231.1	4594692	759384	16.5274	757571	99.7613	754546	99.6007	1813	0.2387	756351	99.6006	4957	0.6528	1924	38.8138	139	2.8041	2123	42.8283	2644	53.3387	101391	51.6210	60817	84.0966	0.9860
EST1213404301S1K	stools_12072101	na	NZ_LR134231.1	4594692	464825	10.1166	462531	99.5065	460687	99.6013	2294	0.4935	462971	99.6011	4236	0.9113	2382	56.2323	124	2.9273	1945	45.9160	2077	49.0321	101391	36.6098	30305	100.0000	0.9832
EST1213404301S1K	stools_12084101	na	NZ_LR134231.1	4594692	831339	18.0935	827254	99.5086	824847	99.7090	4085	0.4914	828918	99.7088	6740	0.8107	4319	64.0801	312	4.6291	2608	38.6944	3626	53.7982	101391	60.6474	45884	100.0000	0.9866
EST1213404301S1K	stools_12084102	na	NZ_LR134231.1	4594692	1510077	32.8657	1507147	99.8060	1503162	99.7356	2930	0.1940	1506087	99.7358	7398	0.4899	3408	46.0665	506	6.8397	4230	57.1776	2544	34.3877	101391	48.2617	44020	100.0000	0.9873
EST1213404301S1K	stools_12098150	na	NZ_LR134231.1	4594692	219617	4.7798	218934	99.6890	217451	99.3226	683	0.3110	218128	99.3220	2254	1.0263	765	33.9397	92	4.0816	1220	54.1260	917	40.6832	101391	76.7356	97381	70.6462	0.9841
EST1213405101S1K	EST1241104101S1K	na	NZ_CP026028.1	4639673	1095661	23.6150	1090242	99.5054	1085987	99.6097	5419	0.4946	1091394	99.6106	10549	0.9628	6282	59.5507	1000	9.4796	3169	30.0408	6038	57.2377	95331	71.0671	60989	100.0000	0.9916
EST1228703101S1K	EST1232711101S1K	na	NZ_CP028732.1	4906030	1042494	21.2492	1036891	99.4625	1033418	99.6651	5603	0.5375	1038986	99.6635	9288	0.8909	5780	62.2308	323	3.4776	4735	50.9798	3194	34.3885	248029	35.3027	74786	88.0085	0.9598
EST1228703101S1K	EST1233807101S1K	na	NZ_CP054227.1	4796742	4454519	92.8655	4451242	99.9264	4448363	99.9353	3277	0.0736	4451634	99.9352	6716	0.1508	3831	57.0429	632	9.4104	3202	47.6772	2817	41.9446	36462	100.0000	42424	87.0239	0.9987
EST1228703101S1K	EST1242705101S1K	na	NZ_CP054227.1	4796742	428802	8.9394	428525	99.9354	427563	99.7755	277	0.0646	427839	99.7754	1454	0.3391	491	33.7689	215	14.7868	163	11.2105	1060	72.9023	36462	49.9561	36516	53.7080	0.9962
EST1228703101S1K	EST1254206101S1K	na	NZ_CP054227.1	4796742	2374724	49.5070	2373056	99.9298	2372124	99.9607	1668	0.0702	2373792	99.9608	3259	0.1372	2327	71.4023	678	20.8039	600	18.4106	1941	59.5581	36462	100.0000	44580	83.4365	0.9983
EST1228703101S1K	stools_11009101	na	NZ_CP028732.1	4906030	800543	16.3175	797276	99.5919	793244	99.4943	3267	0.4081	796487	99.4933	7784	0.9723	3728	47.8931	549	7.0529	2188	28.1089	4870	62.5642	248029	49.0173	142454	71.8077	0.9609
EST1228703101S1K	stools_11112101	na	NZ_CP054227.1	4796742	795865	16.5918	794909	99.8799	788965	99.2522	956	0.1201	789920	99.2530	6993	0.8787	1048	14.9864	95	1.3585	404	5.7772	6470	92.5211	36462	70.1580	107072	39.8480	0.9791
EST1228703101S1K	stools_12058101	na	NZ_CP028732.1	4906030	1049646	21.3950	1043728	99.4362	1037241	99.3785	5918	0.5638	1043115	99.3778	12782	1.2177	6251	48.9047	424	3.3172	3102	24.2685	9162	71.6789	248029	46.0414	72988	92.2179	0.9606
EST1228703101S1K	stools_12086502	na	NZ_CP054227.1	4796742	2552124	53.2054	2527745	99.0448	2509027	99.2595	24379	0.9552	2533282	99.2617	43348	1.6985	24506	56.5332	273	0.6298	1303	3.0059	41729	96.2651	36462	100.0000	96898	32.5827	0.9828
EST1228703101S1K	stools_12093101_SM-NA1P5	na	NZ_CP054227.1	4796742	3828815	79.8212	3821930	99.8202	3819151	99.9273	6885	0.1798	3826031	99.9273	10014	0.2615	7230	72.1989	384	3.8346	2303	22.9978	7312	73.0178	36462	100.0000	103682	49.8679	0.9859
EST1228703101S1K	stools_12093101_SM-NAWYG	na	NZ_CP054227.1	4796742	4071042	84.8710	4061613	99.7684	4058783	99.9303	9429	0.2316	4068201	99.9302	12673	0.3113	9832	77.5823	454	3.5824	2591	20.4450	9606	75.7989	36462	100.0000	92911	51.3395	0.9867
EST1232707101S1K	EST1254206101S1K	na	NZ_CP010238.1	4797106	775577	16.1676	773350	99.7129	770594	99.6436	2227	0.2871	772816	99.6440	5293	0.6825	2532	47.8368	410	7.7461	3296	62.2709	1430	27.0168	18666	72.6294	21843	72.7602	0.9972
EST1232707101S1K	stools_11014101	na	NZ_CP010238.1	4797106	875860	18.2581	869002	99.2170	864254	99.4536	6858	0.7830	871059	99.4519	12160	1.3883	7359	60.5181	762	6.2664	2925	24.0543	7985	65.6661	18666	32.6155	24000	31.7042	0.9936
EST1232707101S1K	stools_11018102	na	NZ_CP010238.1	4797106	835202	17.4105	833157	99.7551	830136	99.6374	2045	0.2449	832161	99.6359	5308	0.6355	2267	42.7091	298	5.6142	3152	59.3821	1728	32.5546	18666	59.9861	73880	28.0780	0.9843
EST1232707101S1K	stools_11047101	na	NZ_CP010238.1	4797106	607242	12.6585	603808	99.4345	601186	99.5658	3434	0.5655	604581	99.5618	6632	1.0922	3971	59.8764	702	10.5850	2464	37.1532	3019	45.5217	18666	59.9861	20962	62.0504	0.9953
EST1232707101S1K	stools_11049101	na	NZ_CP010238.1	4797106	764518	15.9371	762845	99.7812	760054	99.6341	1673	0.2188	761712	99.6330	4702	0.6150	1896	40.3233	256	5.4445	3140	66.7801	1150	24.4577	18666	59.9861	39718	37.4969	0.9924
EST1232707101S1K	stools_11049501	na	NZ_CP010238.1	4797106	609580	12.7072	608262	99.7838	605778	99.5916	1318	0.2162	607080	99.5899	4063	0.6665	1563	38.4691	279	6.8668	2594	63.8444	1094	26.9259	18666	59.9861	39313	36.1560	0.9926
EST1232707101S1K	stools_11106501	na	NZ_CP010238.1	4797106	765506	15.9577	761960	99.5368	758556	99.5533	3546	0.4632	762081	99.5526	7377	0.9637	3952	53.5719	535	7.2523	2796	37.9016	3780	51.2403	18666	32.6155	69007	11.6191	0.9842
EST1232707101S1K	stools_12074501	na	NZ_CP010238.1	4797106	1065188	22.2048	1062127	99.7126	1058974	99.7031	3061	0.2874	1062019	99.7025	6519	0.6120	3350	51.3882	375	5.7524	3582	54.9471	2323	35.6343	18666	40.0139	16381	50.6868	0.9938
EST1232707101S1K	stools_12080101	na	NZ_CP010238.1	4797106	570647	11.8957	568031	99.5416	564683	99.4106	2616	0.4584	567285	99.4108	6349	1.1126	2987	47.0468	442	6.9617	2108	33.2021	3533	55.6466	18666	32.6155	53350	15.6926	0.9886
EST1232710101S1K	EST1232906101S1K	na	NZ_CP035751.1	5249232	802274	15.2836	799390	99.6405	798116	99.8406	2884	0.3595	800984	99.8392	4219	0.5259	2929	69.4240	86	2.0384	2954	70.0166	1084	25.6933	31028	44.5533	95141	18.9287	0.9827
EST1232710101S1K	EST1241105101S1K	na	NZ_CP035751.1	5249232	900568	17.1562	897059	99.6104	895292	99.8030	3509	0.3896	898788	99.8023	5359	0.5951	3579	66.7848	104	1.9407	3530	65.8705	1646	30.7147	31028	100.0000	118165	32.4005	0.9815
EST1232710101S1K	EST1256805101S1K	na	NZ_CP035751.1	5249232	3835216	73.0624	3807605	99.2801	3806556	99.9724	27611	0.7199	3834157	99.9724	30630	0.7987	29571	96.5426	3238	10.5713	10556	34.4629	16043	52.3768	31028	100.0000	94629	44.1841	0.9878
EST1232710101S1K	EST1256808101S1K	na	NZ_CP035751.1	5249232	2236238	42.6012	2223191	99.4166	2221669	99.9315	13047	0.5834	2234701	99.9313	15682	0.7013	14145	90.1990	1716	10.9425	7377	47.0412	6075	38.7387	31028	70.4493	99938	33.8960	0.9833
EST1232710101S1K	stools_11001150	na	NZ_CP035751.1	5249232	1092758	20.8175	1088108	99.5745	1084764	99.6927	4650	0.4255	1089399	99.6926	8434	0.7718	5075	60.1731	510	6.0470	3466	41.0956	4256	50.4624	31028	100.0000	57667	74.0423	0.9949
EST1232710101S1K	stools_11007101	na	NZ_CP035751.1	5249232	3514883	66.9599	3499682	99.5675	3498856	99.9764	15201	0.4325	3514052	99.9764	17978	0.5115	17147	95.3777	2574	14.3175	9882	54.9672	4909	27.3056	31028	70.4493	85102	22.9031	0.9850
EST1232710101S1K	stools_11047101	na	NZ_AP025205.2	4563699	1499203	32.8506	1489566	99.3572	1483739	99.6088	9637	0.6428	1493322	99.6077	15714	1.0482	9833	62.5748	481	3.0610	6369	40.5307	8502	54.1046	44476	22.1850	40574	34.2954	0.9857
EST1232710101S1K	stools_11051150	na	NZ_LR536431.1	5114416	1258432	24.6056	1248217	99.1883	1242913	99.5751	10215	0.8117	1253036	99.5712	15731	1.2500	10335	65.6983	602	3.8268	10835	68.8767	3838	24.3977	67132	69.0863	93698	49.4557	0.9866
EST1232710101S1K	stools_11051501	na	NZ_LR536431.1	5114416	1329564	25.9964	1318834	99.1930	1313151	99.5691	10730	0.8070	1323788	99.5656	16687	1.2551	10911	65.3862	672	4.0271	11510	68.9758	4118	24.6779	67132	69.0863	114775	40.3956	0.9824
EST1232710101S1K	stools_11054102	na	NZ_CP035751.1	5249232	3476866	66.2357	3454651	99.3611	3451434	99.9069	22215	0.6389	3473588	99.9057	25928	0.7457	22650	87.3573	1518	5.8547	12057	46.5019	12018	46.3514	31028	70.4493	29994	74.3149	0.9966
EST1232710101S1K	stools_12093501	na	NZ_CP035751.1	5249232	1459686	27.8076	1454430	99.6399	1448088	99.5640	5256	0.3601	1453313	99.5634	11829	0.8104	5456	46.1239	251	2.1219	4435	37.4926	6810	57.5704	31028	100.0000	327803	12.6963	0.9431
EST1232710101S1K	stools_12100501	na	NZ_LR536431.1	5114416	1055468	20.6371	1046949	99.1929	1041624	99.4914	8519	0.8071	1050062	99.4878	14019	1.3282	8613	61.4380	253	1.8047	9924	70.7896	3689	26.3143	67132	90.5961	268551	20.0908	0.9543
EST1232711101S1K	EST1356803101S1K	na	NZ_CP024147.1	4639454	1151171	24.8126	1145772	99.5310	1143361	99.7896	5399	0.4690	1148749	99.7896	8013	0.6961	5591	69.7741	364	4.5426	4424	55.2103	2860	35.6920	54581	100.0000	112988	57.7557	0.9849
EST1232711101S1K	EST1357102101S1K	na	NZ_CP024147.1	4639454	336624	7.2557	335230	99.5859	333351	99.4395	1394	0.4141	334729	99.4371	3338	0.9916	1443	43.2295	84	2.5165	1159	34.7214	1924	57.6393	54581	77.5453	53210	100.0000	0.9926
EST1232711101S1K	EST1359004101S1K	na	NZ_CP024147.1	4639454	404996	8.7294	403387	99.6027	402002	99.6567	1609	0.3973	403608	99.6573	3038	0.7501	1650	54.3120	50	1.6458	1505	49.5392	1431	47.1034	54581	46.5950	110919	39.4739	0.9801
EST1232711101S1K	stools_11009101	na	NZ_CP028732.1	4906030	710525	14.4827	705426	99.2824	701367	99.4246	5099	0.7176	706412	99.4211	9283	1.3065	5170	55.6932	247	2.6608	2630	28.3314	5830	62.8030	74786	92.9118	142454	47.4181	0.9781
EST1232711101S1K	stools_11020101	na	NZ_CP024147.1	4639454	753777	16.2471	750593	99.5776	748661	99.7426	3184	0.4224	751833	99.7421	5205	0.6905	3261	62.6513	109	2.0941	3117	59.8847	1913	36.7531	54581	78.6995	173478	30.5958	0.9690
EST1232711101S1K	stools_11053101	na	NZ_CP024147.1	4639454	2677203	57.7051	2666315	99.5933	2664032	99.9144	10888	0.4067	2674904	99.9141	13480	0.5035	11181	82.9451	408	3.0267	10765	79.8591	2239	16.6098	54581	87.9573	91107	60.5277	0.9889
EST1232711101S1K	stools_12058101	na	NZ_CP028732.1	4906030	823729	16.7901	817159	99.2024	812985	99.4892	6570	0.7976	819508	99.4876	10855	1.3178	6634	61.1147	197	1.8148	3366	31.0088	6987	64.3667	74786	88.0085	72988	62.1239	0.9859
EST1232711101S1K	stools_12081101	na	NZ_CP024147.1	4639454	2657678	57.2843	2647331	99.6107	2645154	99.9178	10347	0.3893	2655493	99.9178	12778	0.4808	10593	82.9003	364	2.8486	10769	84.2777	1614	12.6311	54581	87.9573	89014	69.3947	0.9896
EST1232905101S1K	EST1241101101S1K	na	NZ_CP098223.1	4841244	1187354	24.5258	1184043	99.7211	1177385	99.4377	3311	0.2789	1180688	99.4386	10051	0.8465	3385	33.6782	111	1.1044	1281	12.7450	8580	85.3646	55286	88.4039	103363	55.8062	0.9860
EST1232905101S1K	EST1247101101S1K	na	NZ_CP038180.1	4541147	247114	5.4417	246581	99.7843	246174	99.8349	533	0.2157	246706	99.8349	1010	0.4087	602	59.6040	70	6.9307	715	70.7921	206	20.3960	53678	23.3261	89298	17.6644	0.9803
EST1232905101S1K	EST1247109101S1K	na	NZ_CP038180.1	4541147	907516	19.9843	901989	99.3910	898685	99.6337	5527	0.6090	904169	99.6312	9243	1.0185	5896	63.7888	540	5.8423	2766	29.9253	5680	61.4519	53678	60.6692	54710	48.0844	0.9876
EST1232905101S1K	EST1361010101S1K	na	NZ_CP098223.1	4841244	2272795	46.9465	2269352	99.8485	2267536	99.9200	3443	0.1515	2270975	99.9199	5401	0.2376	3581	66.3025	188	3.4808	2812	52.0644	2330	43.1402	55286	76.2707	71161	70.7733	0.9911
EST1232905101S1K	stools_11018102	na	NZ_CP098223.1	4841244	836539	17.2794	835370	99.8603	834005	99.8366	1169	0.1397	835171	99.8365	2626	0.3139	1258	47.9056	98	3.7319	1050	39.9848	1427	54.3412	55286	10.7803	41600	30.3173	0.9839
EST1232905101S1K	stools_11021501	na	NZ_LR134080.1	5030213	835023	16.6002	830805	99.4949	824732	99.2690	4218	0.5051	828926	99.2698	10882	1.3032	4785	43.9717	707	6.4970	4443	40.8289	5298	48.6859	79591	63.5235	84891	51.3965	0.9834
EST1232905101S1K	stools_11029150	na	NZ_LR134080.1	5030213	923343	18.3559	919085	99.5388	911817	99.2092	4258	0.4612	916042	99.2093	12663	1.3714	5362	42.3438	1223	9.6581	4236	33.4518	6763	53.4076	79591	84.5498	151764	50.0000	0.9798
EST1232905101S1K	stools_12069101	na	NZ_LR134080.1	5030213	953438	18.9542	949116	99.5467	942699	99.3239	4322	0.4533	946993	99.3240	11818	1.2395	5373	45.4645	1207	10.2132	3804	32.1882	6315	53.4354	79591	69.6812	111511	53.3167	0.9835
EST1232905101S1K	stools_12090101	na	NZ_LR134080.1	5030213	1396131	27.7549	1391164	99.6442	1384867	99.5474	4967	0.3558	1389806	99.5470	11674	0.8362	5349	45.8198	507	4.3430	7803	66.8408	3067	26.2721	79591	84.5498	180905	39.4765	0.9709
EST1232905101S1K	stools_12096101	na	NZ_LR134240.1	4742976	549362	11.5826	547396	99.6421	544309	99.4361	1966	0.3579	546262	99.4357	5273	0.9598	2173	41.2099	249	4.7222	1705	32.3345	3179	60.2883	92939	100.0000	146273	87.1589	0.9869
EST1232906101S1K	EST1241105101S1K	na	NZ_CP035751.1	5249232	246985	4.7052	246740	99.9008	246072	99.7293	245	0.0992	246316	99.7291	942	0.3814	273	28.9809	30	3.1847	388	41.1890	513	54.4586	95141	69.5168	118165	55.5875	0.9866
EST1232906101S1K	EST1256805101S1K	na	NZ_CP035751.1	5249232	1013851	19.3143	1008983	99.5199	1006961	99.7996	4868	0.4801	1011816	99.7993	6996	0.6900	4961	70.9119	118	1.6867	1986	28.3877	4845	69.2539	95141	59.4255	94629	48.8096	0.9853
EST1232906101S1K	EST1256808101S1K	na	NZ_CP035751.1	5249232	555907	10.5903	554285	99.7082	553073	99.7813	1622	0.2918	554692	99.7814	2893	0.5204	1678	58.0021	70	2.4196	978	33.8057	1795	62.0463	95141	59.4255	99938	31.4245	0.9745
EST1232906101S1K	stools_11001150	na	NZ_CP035751.1	5249232	274895	5.2369	274416	99.8258	273198	99.5561	479	0.1742	273674	99.5558	1728	0.6286	507	29.3403	33	1.9097	505	29.2245	1167	67.5347	95141	18.9287	57667	29.6790	0.9818
EST1232906101S1K	stools_11007101	na	NZ_CP035751.1	5249232	969527	18.4699	967670	99.8085	965463	99.7719	1857	0.1915	967318	99.7722	4157	0.4288	1948	46.8607	103	2.4777	2082	50.0842	1923	46.2593	95141	59.4255	85102	61.8082	0.9852
EST1232906101S1K	stools_11054102	na	NZ_CP035751.1	5249232	902918	17.2010	899185	99.5866	897764	99.8420	3733	0.4134	901479	99.8406	5267	0.5833	3828	72.6789	144	2.7340	1490	28.2893	3535	67.1160	95141	59.4255	29994	72.9579	0.9845
EST1232906101S1K	stools_12093501	na	NZ_CP035751.1	5249232	433075	8.2503	432570	99.8834	430214	99.4553	505	0.1166	430715	99.4551	2905	0.6708	545	18.7608	44	1.5146	955	32.8744	1903	65.5077	95141	59.4255	327803	7.8672	0.9481
EST1233801101S1K	EST1350502101S1K	na	NZ_CP024131.1	5084741	443003	8.7124	441912	99.7537	440421	99.6626	1091	0.2463	441504	99.6616	2907	0.6562	1408	48.4348	329	11.3175	1531	52.6660	993	34.1589	143836	66.1455	108875	93.7433	0.9866
EST1233801101S1K	stools_11004101	na	NZ_CP011134.1	5000386	453014	9.0596	451248	99.6102	449578	99.6299	1766	0.3898	451335	99.6294	3551	0.7839	1872	52.7175	150	4.2242	2227	62.7147	1099	30.9490	53736	12.4795	40499	23.7216	0.9861
EST1233801101S1K	stools_11016150	na	NZ_CP088131.1	4785944	443882	9.2747	441996	99.5751	438114	99.1217	1886	0.4249	439983	99.1216	5898	1.3287	1999	33.8928	151	2.5602	1447	24.5337	4261	72.2448	165368	92.7029	316015	61.0231	0.9585
EST1233801101S1K	stools_11023101	na	NZ_CP011134.1	5000386	976895	19.5364	973479	99.6503	970628	99.7071	3416	0.3497	974029	99.7066	6407	0.6559	3541	55.2677	194	3.0279	3667	57.2343	2427	37.8804	53736	48.9262	100884	27.3839	0.9760
EST1233801101S1K	stools_11028150	na	NZ_CP011134.1	5000386	308987	6.1793	307722	99.5906	306008	99.4430	1265	0.4094	307261	99.4414	3105	1.0049	1379	44.4122	145	4.6699	1453	46.7955	1404	45.2174	53736	84.3569	139785	45.2173	0.9736
EST1233801101S1K	stools_11031101	na	NZ_CP088131.1	4785944	119141	2.4894	118825	99.7348	117980	99.2889	316	0.2652	118296	99.2908	1196	1.0039	351	29.3478	35	2.9264	430	35.9532	716	59.8662	165368	36.1745	164374	75.4030	0.9657
EST1233801101S1K	stools_11031501	na	NZ_CP088131.1	4785944	104946	2.1928	104714	99.7789	104064	99.3793	232	0.2211	104292	99.3768	964	0.9186	310	32.1577	83	8.6100	315	32.6763	536	55.6017	165368	43.9988	213343	55.7670	0.9554
EST1233801101S1K	stools_11032150	na	NZ_CP011134.1	5000386	1160447	23.2071	1151473	99.2267	1149068	99.7911	8974	0.7733	1158015	99.7904	11549	0.9952	9117	78.9419	664	5.7494	4651	40.2719	5945	51.4763	53736	49.1421	60089	41.6549	0.9854
EST1233801101S1K	stools_11044150	na	NZ_CP011134.1	5000386	968568	19.3699	957781	98.8863	954496	99.6570	10787	1.1137	965227	99.6551	14377	1.4844	11036	76.7615	654	4.5489	3986	27.7248	9415	65.4865	53736	34.6230	25668	100.0000	0.9915
EST1233801101S1K	stools_11054101	na	NZ_CP024131.1	5084741	853664	16.7887	850780	99.6622	848261	99.7039	2884	0.3378	851136	99.7039	5696	0.6672	3168	55.6180	322	5.6531	2260	39.6770	2956	51.8961	143836	65.2910	203566	59.8769	0.9623
EST1233801101S1K	stools_11107101	na	NZ_CP024131.1	5084741	255297	5.0208	254574	99.7168	253205	99.4622	723	0.2832	253922	99.4614	2305	0.9029	930	40.3471	217	9.4143	676	29.3275	1347	58.4382	143836	46.5780	194428	62.2652	0.9673
EST1233801101S1K	stools_12078150	na	NZ_CP011134.1	5000386	1108941	22.1771	1104527	99.6020	1100933	99.6746	4414	0.3980	1105321	99.6736	8329	0.7511	4709	56.5374	453	5.4388	4708	56.5254	2839	34.0857	53736	100.0000	120648	68.1453	0.9855
EST1233801101S1K	stools_12090101	na	NZ_CP011134.1	5000386	695383	13.9066	692360	99.5653	690015	99.6613	3023	0.4347	693024	99.6608	5480	0.7881	3121	56.9526	163	2.9745	3132	57.1533	2075	37.8650	53736	87.5205	122213	51.2818	0.9829
EST1233804101S1K	EST1242103101S1K	na	NZ_CP050865.1	4899869	198610	4.0534	198340	99.8641	197631	99.6425	270	0.1359	197899	99.6420	1792	0.9023	1081	60.3237	815	45.4799	432	24.1071	478	26.6741	165178	18.1580	41142	100.0000	0.9916
EST1233804101S1K	EST1357102101S1K	na	NZ_CP087377.1	5230678	154141	2.9469	153807	99.7833	152738	99.3050	334	0.2167	153071	99.3058	1498	0.9718	428	28.5714	96	6.4085	560	37.3832	810	54.0721	88211	28.0271	20582	100.0000	0.9953
EST1233804101S1K	stools_11013101	na	NZ_CP068806.1	5089794	1640180	32.2249	1634521	99.6550	1630669	99.7643	5659	0.3450	1636310	99.7641	9787	0.5967	5917	60.4578	401	4.0973	3059	31.2557	6136	62.6954	42663	0.0000	8709	0.0000	0.9899
EST1233804101S1K	stools_11023101	na	NZ_CP087377.1	5230678	662985	12.6749	661326	99.7498	659010	99.6498	1659	0.2502	660665	99.6501	4110	0.6199	1790	43.5523	163	3.9659	2542	61.8491	1323	32.1898	88211	41.9540	24986	100.0000	0.9872
EST1233804101S1K	stools_12092101	na	NZ_CP087377.1	5230678	1204070	23.0194	1186220	98.5175	1176052	99.1428	17850	1.4825	1193817	99.1485	28282	2.3489	18029	63.7473	463	1.6371	4371	15.4551	23120	81.7481	88211	69.9811	95021	53.2430	0.9823
EST1233807101S1K	EST1242705101S1K	na	NZ_CP054227.1	4796742	426586	8.8932	426245	99.9201	425138	99.7403	341	0.0799	425478	99.7403	1534	0.3596	426	27.7705	88	5.7366	290	18.9048	1132	73.7940	42424	42.9215	36516	53.7080	0.9962
EST1233807101S1K	EST1254206101S1K	na	NZ_CP054227.1	4796742	2364181	49.2872	2361991	99.9074	2360408	99.9330	2190	0.0926	2362597	99.9330	3987	0.1686	2403	60.2709	243	6.0948	1410	35.3649	2296	57.5872	42424	87.0239	44580	83.4365	0.9971
EST1233807101S1K	stools_11010101	na	NZ_CP025747.1	4918774	429984	8.7417	428862	99.7391	423166	98.6718	1122	0.2609	424271	98.6713	6891	1.6026	1178	17.0948	79	1.1464	713	10.3468	5975	86.7073	55558	70.3463	164965	23.4328	0.9662
EST1233807101S1K	stools_11112101	na	NZ_CP054227.1	4796742	795310	16.5802	794265	99.8686	788426	99.2649	1045	0.1314	789470	99.2657	6949	0.8737	1109	15.9591	72	1.0361	343	4.9360	6504	93.5962	42424	74.3636	107072	63.4209	0.9791
EST1233807101S1K	stools_12069150	na	NZ_CP025920.1	5118381	1914044	37.3955	1907128	99.6387	1903897	99.8306	6916	0.3613	1910784	99.8297	10332	0.5398	7072	68.4475	257	2.4874	5592	54.1231	4185	40.5052	31986	100.0000	147808	23.5860	0.9772
EST1233807101S1K	stools_12086502	na	NZ_CP054227.1	4796742	2555649	53.2789	2530874	99.0306	2512879	99.2890	24775	0.9694	2537524	99.2908	42992	1.6822	24867	57.8410	300	0.6978	1159	2.6959	41452	96.4179	42424	87.0239	96898	32.5827	0.9816
EST1233807101S1K	stools_12093101_SM-NA1P5	na	NZ_CP054227.1	4796742	3847753	80.2160	3840024	99.7991	3838343	99.9562	7729	0.2009	3846068	99.9562	9762	0.2537	8077	82.7392	386	3.9541	2098	21.4915	7264	74.4110	42424	100.0000	103682	71.3865	0.9870
EST1233807101S1K	stools_12093101_SM-NAWYG	na	NZ_CP054227.1	4796742	4089376	85.2532	4079111	99.7490	4077465	99.9596	10265	0.2510	4087726	99.9597	12326	0.3014	10676	86.6137	460	3.7319	2224	18.0432	9636	78.1762	42424	100.0000	92911	59.3912	0.9877
EST1233807101S1K	stools_12119501	na	NZ_CP025747.1	4918774	1339495	27.2323	1321224	98.6360	1301400	98.4996	18271	1.3640	1319254	98.4889	38279	2.8577	18038	47.1224	312	0.8151	2462	6.4317	35233	92.0426	55558	72.4558	57070	53.1523	0.9893
EST1233822101S1K	EST1236812101S1K	na	NZ_CP019267.1	4740860	368723	7.7776	365917	99.2390	359653	98.2881	2806	0.7610	362403	98.2860	9532	2.5851	3212	33.6970	479	5.0252	7211	75.6504	1735	18.2018	52878	85.6254	142465	47.6468	0.9744
EST1233822101S1K	EST1356604101S1K	na	NZ_CP019267.1	4740860	342879	7.2324	340909	99.4255	335467	98.4037	1970	0.5745	337390	98.3991	7479	2.1812	1990	26.6078	69	0.9226	7173	95.9085	231	3.0886	52878	85.4779	191583	56.8662	0.9680
EST1233822101S1K	EST1358401101S1K	na	NZ_CP019267.1	4740860	902136	19.0290	895086	99.2185	881330	98.4632	7050	0.7815	888232	98.4588	20989	2.3266	7085	33.7558	250	1.1911	18274	87.0647	2191	10.4388	52878	71.1033	99059	80.9205	0.9788
EST1233822101S1K	stools_12090501	na	NZ_CP019267.1	4740860	715377	15.0896	708494	99.0378	697844	98.4968	6883	0.9622	704586	98.4916	17968	2.5117	7177	39.9432	539	2.9998	13083	72.8128	3954	22.0058	52878	80.4531	78812	51.0379	0.9878
EST1233822201S1K	EST1242704101S1K	na	NZ_LR134231.1	4594692	1246263	27.1240	1238449	99.3730	1230260	99.3388	7814	0.6270	1238024	99.3389	16213	1.3009	7974	49.1828	330	2.0354	12357	76.2166	3333	20.5576	109930	47.9605	55774	100.0000	0.9827
EST1233822201S1K	EST1242805101S1K	na	NZ_LR134231.1	4594692	862557	18.7729	857504	99.4142	851484	99.2980	5053	0.5858	856503	99.2981	11286	1.3084	5232	46.3583	279	2.4721	8700	77.0867	2151	19.0590	109930	49.3596	56340	80.3994	0.9836
EST1233822201S1K	EST1350507101S1K	na	NZ_LR134231.1	4594692	1394172	30.3431	1388012	99.5582	1378798	99.3362	6160	0.4418	1384923	99.3366	15560	1.1161	6311	40.5591	242	1.5553	14033	90.1864	1167	7.5000	109930	39.8845	39446	100.0000	0.9827
EST1233822201S1K	EST1358301101S1K	na	NZ_LR134231.1	4594692	1433000	31.1882	1420028	99.0948	1411244	99.3814	12972	0.9052	1424080	99.3775	21968	1.5330	13048	59.3955	682	3.1045	13291	60.5016	7367	33.5351	109930	44.2991	55154	73.3764	0.9811
EST1233822201S1K	stools_11007150	na	NZ_LR134231.1	4594692	475769	10.3548	472209	99.2517	467583	99.0203	3560	0.7483	471074	99.0132	8484	1.7832	3789	44.6605	409	4.8208	4831	56.9425	2991	35.2546	109930	51.5292	54887	100.0000	0.9834
EST1233822201S1K	stools_11038101	na	NZ_LR134231.1	4594692	795657	17.3169	790722	99.3798	785000	99.2764	4935	0.6202	789898	99.2762	10781	1.3550	5022	46.5819	166	1.5397	8650	80.2337	1815	16.8352	109930	37.1427	28166	100.0000	0.9821
EST1233822201S1K	stools_11038501	na	NZ_LR134231.1	4594692	175085	3.8106	174258	99.5277	172877	99.2075	827	0.4723	173698	99.2078	2250	1.2851	863	38.3556	44	1.9556	1876	83.3778	320	14.2222	109930	41.9058	162476	53.4805	0.9646
EST1233822201S1K	stools_11044501	na	NZ_LR134231.1	4594692	772892	16.8214	767010	99.2390	761352	99.2623	5882	0.7610	767192	99.2625	11677	1.5108	5977	51.1861	241	2.0639	8250	70.6517	2995	25.6487	109930	50.2793	49308	87.7525	0.9831
EST1233822201S1K	stools_11107501	na	NZ_LR134231.1	4594692	176542	3.8423	176018	99.7032	174369	99.0632	524	0.2968	174885	99.0614	2280	1.2915	623	27.3246	108	4.7368	1731	75.9211	424	18.5965	109930	69.5734	157531	58.6723	0.9711
EST1233822201S1K	stools_12058150	na	NZ_LR134231.1	4594692	134402	2.9252	133733	99.5022	132363	98.9756	669	0.4978	133028	98.9777	2077	1.5454	703	33.8469	39	1.8777	1707	82.1858	321	15.4550	109930	61.4973	118020	60.3898	0.9759
EST1233822201S1K	stools_12060501	na	NZ_LR134231.1	4594692	606650	13.2033	602971	99.3936	597055	99.0189	3679	0.6064	600701	99.0194	9848	1.6233	3899	39.5918	294	2.9854	6004	60.9667	3436	34.8903	109930	56.1921	68981	86.0802	0.9826
EST1233822201S1K	stools_12062101	na	NZ_LR134231.1	4594692	616451	13.4166	612924	99.4279	607805	99.1648	3527	0.5721	611306	99.1654	8764	1.4217	3619	41.2939	161	1.8371	6369	72.6723	2180	24.8745	109930	34.5793	60817	67.4039	0.9790
EST1233822201S1K	stools_12072101	na	NZ_LR134231.1	4594692	364811	7.9398	361949	99.2155	358773	99.1225	2862	0.7845	361608	99.1220	6112	1.6754	2909	47.5949	120	1.9634	4403	72.0386	1507	24.6564	109930	28.6664	30305	100.0000	0.9814
EST1233822201S1K	stools_12084101	na	NZ_LR134231.1	4594692	660840	14.3827	655631	99.2118	650680	99.2448	5209	0.7882	655852	99.2452	10368	1.5689	5380	51.8904	304	2.9321	6829	65.8661	3014	29.0702	109930	47.9605	45884	100.0000	0.9834
EST1233822201S1K	stools_12084102	na	NZ_LR134231.1	4594692	1238237	26.9493	1232613	99.5458	1224024	99.3032	5624	0.4542	1229616	99.3038	14519	1.1726	5898	40.6226	347	2.3900	11905	81.9960	2146	14.7806	109930	36.7425	44020	100.0000	0.9823
EST1233822201S1K	stools_12098150	na	NZ_LR134231.1	4594692	164445	3.5790	163577	99.4722	161906	98.9785	868	0.5278	162762	98.9766	2620	1.5932	937	35.7634	86	3.2824	1984	75.7252	535	20.4198	109930	61.4973	97381	77.1280	0.9809
EST1234702101S1K	EST1241105101S1K	na	NZ_CP053284.1	5244439	29944	0.5710	29913	99.8965	29753	99.4651	31	0.1035	29784	99.4657	214	0.7147	54	25.2336	24	11.2150	116	54.2056	73	34.1121	169837	69.6774	144222	69.1552	0.9761
EST1234702101S1K	stools_11047150	na	NZ_CP053284.1	5244439	153039	2.9181	152676	99.7628	151466	99.2075	363	0.2372	151828	99.2087	1647	1.0762	436	26.4724	74	4.4930	798	48.4517	749	45.4766	169837	100.0000	212087	43.8660	0.9676
EST1234702101S1K	stools_11049150	na	NZ_CP053284.1	5244439	49575	0.9453	49454	99.7559	49017	99.1164	121	0.2441	49134	99.1104	601	1.2123	160	26.6223	43	7.1547	338	56.2396	206	34.2762	169837	69.7157	141159	42.1447	0.9676
EST1234702101S1K	stools_11104150	na	NZ_CP053284.1	5244439	37262	0.7105	37247	99.9597	36969	99.2536	15	0.0403	36984	99.2539	361	0.9688	83	22.9917	68	18.8366	257	71.1911	38	10.5263	169837	84.4598	368664	36.5867	0.9547
EST1234702101S1K	stools_12075101	na	NZ_CP053284.1	5244439	295581	5.6361	295161	99.8579	293404	99.4047	420	0.1421	293821	99.4046	2273	0.7690	513	22.5693	98	4.3115	1646	72.4153	500	21.9974	169837	84.4598	329441	26.8962	0.9664
EST1234702101S1K	stools_12087150	na	NZ_CP053284.1	5244439	54773	1.0444	54727	99.9160	54255	99.1375	46	0.0840	54300	99.1364	568	1.0370	95	16.7254	51	8.9789	272	47.8873	244	42.9577	169837	54.9333	232762	35.2970	0.9707
EST1234702101S1K	stools_12096150	na	NZ_CP053284.1	5244439	126215	2.4066	126113	99.9192	125380	99.4188	102	0.0808	125482	99.4192	908	0.7194	175	19.2731	74	8.1498	660	72.6872	164	18.0617	169837	84.4598	300171	34.4304	0.9639
EST1234702101S1K	stools_12100501	na	NZ_CP053284.1	5244439	101049	1.9268	100712	99.6665	100016	99.3089	337	0.3335	100352	99.3102	1086	1.0747	389	35.8195	53	4.8803	574	52.8545	436	40.1473	169837	84.4598	144374	46.7023	0.9676
EST1234702101S1K	stools_12111150	na	NZ_CP053284.1	5244439	58620	1.1178	58405	99.6332	56932	97.4780	215	0.3668	57144	97.4821	1750	2.9853	274	15.6571	62	3.5429	247	14.1143	1443	82.4571	169837	84.4598	271879	31.4732	0.9632
EST1234703101S1K	EST1241108201S1K	na	NZ_AP022177.1	4733200	1280962	27.0633	1279002	99.8470	1276694	99.8195	1960	0.1530	1278651	99.8196	4670	0.3646	2359	50.5139	422	9.0364	2988	63.9829	1215	26.0171	128448	62.0508	198544	47.6590	0.9601
EST1234703101S1K	stools_11005101	na	NZ_AP022177.1	4733200	909756	19.2207	907904	99.7964	904367	99.6104	1852	0.2036	906211	99.6103	5630	0.6188	2085	37.0337	251	4.4583	1968	34.9556	3359	59.6625	128448	58.8705	196938	44.2479	0.9612
EST1234703101S1K	stools_11018102	na	NZ_AP022177.1	4733200	1262227	26.6675	1258923	99.7382	1255147	99.7001	3304	0.2618	1258438	99.6998	7505	0.5946	3716	49.5137	487	6.4890	3305	44.0373	3568	47.5416	128448	43.1754	87348	64.5865	0.9817
EST1234703101S1K	stools_11034101	na	NZ_AP022177.1	4733200	1773777	37.4752	1765971	99.5599	1761859	99.7672	7806	0.4401	1769639	99.7667	12482	0.7037	8344	66.8483	716	5.7363	5495	44.0234	5799	46.4589	128448	47.5757	53229	100.0000	0.9838
EST1234704101S1K	stools_12093150	na	NC_011741.1	4700560	1348466	28.6873	1338788	99.2823	1327885	99.1856	9678	0.7177	1337453	99.1833	23269	1.7256	12256	52.6709	2908	12.4973	9349	40.1779	10436	44.8494	84832	46.1170	107004	32.7212	0.9705
EST1234707101S1K	EST1236807101S1K	na	NZ_LR134216.1	4647667	576935	12.4134	575640	99.7755	573327	99.5982	1295	0.2245	574615	99.5979	3737	0.6477	1417	37.9181	137	3.6660	2730	73.0533	824	22.0498	74897	88.1317	121750	46.4764	0.9847
EST1234707101S1K	EST1241110101S1K	na	NZ_LR134216.1	4647667	1757957	37.8245	1755149	99.8403	1749618	99.6849	2808	0.1597	1752418	99.6849	8555	0.4866	3016	35.2542	226	2.6417	6944	81.1689	1311	15.3244	74897	69.6917	88853	52.1142	0.9831
EST1234707101S1K	EST1247106101S1K	na	NZ_LR134216.1	4647667	526201	11.3218	524822	99.7379	521600	99.3861	1379	0.2621	522973	99.3865	4856	0.9228	1628	33.5255	276	5.6837	1844	37.9736	2637	54.3040	74897	26.1800	81377	23.1871	0.9742
EST1234707101S1K	EST1254204101S1K	na	NZ_LR134216.1	4647667	420296	9.0432	419192	99.7373	417427	99.5790	1104	0.2627	418527	99.5791	2994	0.7124	1225	40.9152	138	4.6092	2205	73.6473	629	21.0087	74897	30.8504	42218	54.9623	0.9846
EST1234707101S1K	EST1350510101S1K	na	NZ_LR134216.1	4647667	1734783	37.3259	1721282	99.2217	1716869	99.7436	13501	0.7783	1730325	99.7430	18275	1.0534	13817	75.6060	753	4.1204	6008	32.8755	10627	58.1505	74897	56.4348	46147	78.5425	0.9884
EST1234707101S1K	stools_11009501	na	NZ_CP028750.1	4602860	1161858	25.2421	1159511	99.7980	1149643	99.1490	2347	0.2020	1151966	99.1486	14919	1.2841	5027	33.6953	2728	18.2854	4050	27.1466	7953	53.3079	190813	63.2127	170742	71.2133	0.9702
EST1234707101S1K	stools_11017501	na	NZ_LR134216.1	4647667	611159	13.1498	606884	99.3005	604121	99.5447	4275	0.6995	608376	99.5446	7292	1.1931	4509	61.8349	341	4.6764	2992	41.0313	3652	50.0823	74897	12.9231	22132	43.7918	0.9833
EST1234707101S1K	stools_11020501	na	NZ_LR134216.1	4647667	939313	20.2104	936163	99.6646	931781	99.5319	3150	0.3354	934912	99.5315	7946	0.8459	3545	44.6136	476	5.9904	3591	45.1925	3700	46.5643	74897	26.1800	26544	76.6350	0.9862
EST1234707101S1K	stools_11041102	na	NZ_LR134216.1	4647667	393730	8.4716	391848	99.5220	389420	99.3804	1882	0.4780	391280	99.3777	4479	1.1376	2029	45.3003	208	4.6439	2205	49.2297	1973	44.0500	74897	26.1800	20532	69.6766	0.9856
EST1234707101S1K	stools_11042150	na	NZ_LR134216.1	4647667	517239	11.1290	515300	99.6251	512741	99.5034	1939	0.3749	514672	99.5037	4685	0.9058	2118	45.2081	227	4.8453	2200	46.9584	2169	46.2967	74897	43.7734	45123	72.1783	0.9880
EST1234707101S1K	stools_11044150	na	NZ_CP028750.1	4602860	1691404	36.7468	1687145	99.7482	1670792	99.0307	4259	0.2518	1674994	99.0298	25127	1.4856	8717	34.6918	4551	18.1120	5832	23.2101	14286	56.8552	190813	65.8671	166873	68.8691	0.9694
EST1234707101S1K	stools_11113501	na	NZ_LR134216.1	4647667	449874	9.6796	448591	99.7148	445497	99.3103	1283	0.2852	446774	99.3109	4438	0.9865	1338	30.1487	66	1.4872	1870	42.1361	2487	56.0388	74897	62.2134	119770	53.0108	0.9766
EST1234707101S1K	stools_12117150	na	NZ_LR134216.1	4647667	919333	19.7805	916429	99.6841	912650	99.5876	2904	0.3159	915545	99.5880	7030	0.7647	3242	46.1166	426	6.0597	3427	48.7482	3052	43.4139	74897	100.0000	106136	65.7213	0.9897
EST1234709101S1K	EST1247210101S1K	na	NZ_CP085488.1	4672036	4071148	87.1386	4065405	99.8589	4041101	99.4022	5743	0.1411	4046787	99.4016	33219	0.8160	8858	26.6655	3253	9.7926	5860	17.6405	23857	71.8173	83551	36.6602	109326	33.6288	0.9716
EST1234709101S1K	stools_11049150	na	NZ_CP085488.1	4672036	2422498	51.8510	2416242	99.7418	2408668	99.6865	6256	0.2582	2414896	99.6862	14123	0.5830	6521	46.1729	316	2.2375	5590	39.5808	7973	56.4540	83551	12.6988	10809	100.0000	0.9843
EST1234709101S1K	stools_11052101	na	NZ_CP072787.1	5030087	2073873	41.2294	2071661	99.8933	2057464	99.3147	2212	0.1067	2059654	99.3144	16452	0.7933	2233	13.5728	54	0.3282	15363	93.3807	944	5.7379	448218	27.3773	116971	94.6508	0.9228
EST1234709101S1K	stools_12111102	na	NZ_CP085488.1	4672036	1727711	36.9798	1723259	99.7423	1715208	99.5328	4452	0.2577	1719627	99.5321	13208	0.7645	5124	38.7947	744	5.6329	3264	24.7123	8961	67.8452	83551	22.5132	74506	26.0919	0.9741
EST1236801101S1K	EST1247208101S1K	na	NZ_CP029492.1	4423666	700325	15.8313	696035	99.3874	690577	99.2158	4290	0.6126	694824	99.2145	9905	1.4143	4404	44.4624	178	1.7971	7061	71.2872	2258	22.7966	74955	0.0000	0	0.0000	0.9831
EST1236801101S1K	stools_11011101	na	NZ_CP029492.1	4423666	1074832	24.2973	1068873	99.4456	1062357	99.3904	5959	0.5544	1068262	99.3887	13275	1.2351	6705	50.5085	887	6.6817	7934	59.7665	4270	32.1657	74955	66.5813	45439	100.0000	0.9911
EST1236801101S1K	stools_11033150	na	NZ_CP029492.1	4423666	411576	9.3040	409658	99.5340	406449	99.2167	1918	0.4660	408348	99.2157	5289	1.2851	2061	38.9677	170	3.2142	3847	72.7359	1196	22.6130	74955	66.5813	27094	100.0000	0.9890
EST1236801101S1K	stools_12066101	na	NZ_CP029492.1	4423666	2189377	49.4924	2175954	99.3869	2163991	99.4502	13423	0.6131	2177315	99.4491	27525	1.2572	15463	56.1780	2198	7.9855	13914	50.5504	10816	39.2952	74955	50.0247	41712	100.0000	0.9874
EST1236806101S1K	stools_11109150	na	NZ_CP027457.1	5001754	253668	5.0716	253201	99.8159	250179	98.8065	467	0.1841	250644	98.8079	3988	1.5721	964	24.1725	504	12.6379	1692	42.4273	1735	43.5055	281373	84.8855	251234	51.6511	0.9520
EST1236806101S1K	stools_12091150	na	NZ_CP027457.1	5001754	251332	5.0249	250548	99.6881	247952	98.9639	784	0.3119	248732	98.9655	3790	1.5080	1190	31.3984	414	10.9235	1594	42.0580	1626	42.9024	281373	79.0563	177754	82.8296	0.9623
EST1236807101S1K	EST1241110101S1K	na	NZ_LR134216.1	4647667	1235824	26.5902	1234989	99.9324	1233514	99.8806	835	0.0676	1234347	99.8805	2660	0.2152	1183	44.4737	356	13.3835	1668	62.7068	609	22.8947	121750	76.0329	88853	92.8140	0.9876
EST1236807101S1K	EST1247106101S1K	na	NZ_LR134216.1	4647667	349035	7.5099	348467	99.8373	346234	99.3592	568	0.1627	346802	99.3602	2902	0.8314	669	23.0531	105	3.6182	479	16.5059	2277	78.4631	121750	49.8308	81377	69.4226	0.9848
EST1236807101S1K	EST1254204101S1K	na	NZ_LR134216.1	4647667	330207	7.1048	329803	99.8777	329066	99.7765	404	0.1223	329466	99.7756	1215	0.3680	474	39.0123	75	6.1728	607	49.9588	522	42.9630	121750	28.3581	42218	84.2697	0.9791
EST1236807101S1K	EST1350510101S1K	na	NZ_LR134216.1	4647667	1200748	25.8355	1191622	99.2400	1190193	99.8801	9126	0.7600	1199296	99.8791	10794	0.8989	9342	86.5481	295	2.7330	1548	14.3413	8793	81.4619	121750	43.6920	46147	100.0000	0.9815
EST1236807101S1K	stools_11017501	na	NZ_LR134216.1	4647667	487775	10.4951	484737	99.3772	483061	99.6542	3038	0.6228	486083	99.6531	4831	0.9904	3139	64.9762	153	3.1670	973	20.1408	3530	73.0698	121750	17.4899	22132	100.0000	0.9780
EST1236807101S1K	stools_11020501	na	NZ_LR134216.1	4647667	615818	13.2500	614230	99.7421	612015	99.6394	1588	0.2579	613595	99.6390	3934	0.6388	1711	43.4926	145	3.6858	858	21.8099	2894	73.5638	121750	15.2033	26544	76.6350	0.9782
EST1236807101S1K	stools_11041102	na	NZ_LR134216.1	4647667	338353	7.2801	337033	99.6099	335526	99.5529	1320	0.3901	336836	99.5517	2898	0.8565	1381	47.6536	90	3.1056	820	28.2954	1908	65.8385	121750	25.5187	20532	100.0000	0.9779
EST1236807101S1K	stools_11042150	na	NZ_LR134216.1	4647667	386332	8.3124	385151	99.6943	383789	99.6464	1181	0.3057	384965	99.6462	2615	0.6769	1248	47.7247	78	2.9828	620	23.7094	1867	71.3958	121750	35.5326	45123	100.0000	0.9822
EST1236807101S1K	stools_11113501	na	NZ_LR134216.1	4647667	299311	6.4400	298860	99.8493	297386	99.5068	451	0.1507	297829	99.5049	1982	0.6622	500	25.2270	58	2.9263	513	25.8829	1406	70.9384	121750	64.9158	119770	89.4464	0.9821
EST1236807101S1K	stools_12117150	na	NZ_LR134216.1	4647667	637657	13.7199	636108	99.7571	634101	99.6845	1549	0.2429	635645	99.6845	3692	0.5790	1680	45.5038	149	4.0358	898	24.3229	2621	70.9913	121750	61.8957	106136	75.1263	0.9790
EST1236812101S1K	EST1356604101S1K	na	NZ_CP019267.1	4740860	318519	6.7186	318048	99.8521	316201	99.4193	471	0.1479	316668	99.4189	2374	0.7453	523	22.0303	58	2.4431	2049	86.3100	256	10.7835	142465	91.6723	191583	72.3874	0.9777
EST1236812101S1K	EST1358401101S1K	na	NZ_CP019267.1	4740860	832295	17.5558	829177	99.6254	824619	99.4503	3118	0.3746	827720	99.4503	7831	0.9409	3256	41.5783	201	2.5667	5192	66.3006	2211	28.2339	142465	83.3194	99059	100.0000	0.9817
EST1236812101S1K	stools_12090501	na	NZ_CP019267.1	4740860	646923	13.6457	643537	99.4766	639469	99.3679	3386	0.5234	642837	99.3684	7722	1.1937	3636	47.0862	342	4.4289	3558	46.0761	3522	45.6099	142465	68.1838	78812	76.0849	0.9777
EST1238001101S1K	EST1242804101S1K	na	NZ_LR882493.1	4841444	384022	7.9320	380496	99.0818	376001	98.8186	3526	0.9182	379489	98.8196	8749	2.2783	4216	48.1884	855	9.7725	3762	42.9992	3716	42.4734	110065	54.4469	86273	66.7868	0.9828
EST1238001101S1K	EST1242805101S1K	na	NZ_CP101274.1	4892441	446329	9.1228	443897	99.4551	439621	99.0367	2432	0.5449	442033	99.0375	7170	1.6064	2874	40.0837	526	7.3361	4209	58.7029	2192	30.5718	35442	72.0981	48833	60.5431	0.9931
EST1238001101S1K	EST1247108101S1K	na	NZ_CP101274.1	4892441	500248	10.2249	498019	99.5544	493787	99.1502	2229	0.4456	495994	99.1496	6727	1.3447	2473	36.7623	279	4.1475	4868	72.3651	1463	21.7482	35442	100.0000	83964	55.3428	0.9899
EST1238001101S1K	EST1254206101S1K	na	NZ_CP101274.1	4892441	286519	5.8564	285259	99.5602	282902	99.1737	1260	0.4398	284148	99.1725	3899	1.3608	1528	39.1895	311	7.9764	2434	62.4263	1026	26.3144	35442	100.0000	45224	100.0000	0.9975
EST1238001101S1K	EST1359006101S1K	na	NZ_AP025662.1	4906821	2017167	41.1094	2006184	99.4555	1997557	99.5700	10983	0.5445	2008501	99.5704	19865	0.9848	11199	56.3755	525	2.6428	14209	71.5278	4734	23.8309	67457	43.3150	48110	69.2164	0.9882
EST1238001101S1K	stools_11038150	na	NZ_LR882493.1	4841444	185305	3.8275	184582	99.6098	183256	99.2816	723	0.3902	183975	99.2823	2658	1.4344	1328	49.9624	618	23.2506	1092	41.0835	826	31.0760	110065	54.4469	156185	45.8917	0.9705
EST1238001101S1K	stools_11050101	na	NZ_AP025662.1	4906821	1945871	39.6564	1937918	99.5913	1927655	99.4704	7953	0.4087	1935561	99.4702	19283	0.9910	8973	46.5332	1143	5.9275	13361	69.2890	4392	22.7765	67457	100.0000	126326	55.2800	0.9857
EST1238001101S1K	stools_11108150	na	NZ_LR882493.1	4841444	563374	11.6365	559819	99.3690	555361	99.2037	3555	0.6310	558895	99.2050	9418	1.6717	4939	52.4421	1538	16.3304	3410	36.2073	3710	39.3927	110065	78.7453	136713	67.8999	0.9821
EST1238001101S1K	stools_12062501	na	NZ_LR882493.1	4841444	576175	11.9009	572773	99.4096	567746	99.1223	3402	0.5904	571125	99.1235	10157	1.7628	5107	50.2806	1833	18.0467	2328	22.9202	5326	52.4367	110065	83.4207	173853	57.5544	0.9767
EST1238001101S1K	stools_12065150	na	NZ_LR882493.1	4841444	936249	19.3382	931921	99.5377	927058	99.4782	4328	0.4623	931368	99.4787	13615	1.4542	8734	64.1498	4467	32.8094	2643	19.4124	5395	39.6254	110065	91.6068	285777	54.0817	0.9543
EST1238001101S1K	stools_12068102	na	NZ_LR882493.1	4841444	1030365	21.2822	1024371	99.4183	1019290	99.5040	5994	0.5817	1025260	99.5045	15016	1.4573	9911	66.0029	4191	27.9102	3471	23.1153	6018	40.0773	110065	68.4386	144133	48.4435	0.9722
EST1238001101S1K	stools_12068150	na	NZ_LR882493.1	4841444	1041708	21.5165	1034209	99.2801	1029764	99.5702	7499	0.7199	1037235	99.5706	16145	1.5499	11672	72.2948	4474	27.7114	3433	21.2635	6771	41.9387	110065	57.5006	163435	35.8381	0.9662
EST1238001101S1K	stools_12080101	na	NZ_LR882493.1	4841444	466863	9.6431	464656	99.5273	462190	99.4693	2207	0.4727	464387	99.4697	6246	1.3379	3770	60.3586	1617	25.8886	1929	30.8838	2197	35.1745	110065	85.7730	236087	50.7110	0.9598
EST1238001101S1K	stools_12087501	na	NZ_LR882493.1	4841444	133438	2.7562	132505	99.3008	128792	97.1978	933	0.6992	129684	97.1867	4927	3.6924	1173	23.8076	292	5.9265	1183	24.0106	3368	68.3580	110065	73.2985	172664	48.1884	0.9716
EST1238001101S1K	stools_12096150	na	NZ_LR882493.1	4841444	65222	1.3472	64937	99.5630	64370	99.1268	285	0.4370	64653	99.1276	1029	1.5777	460	44.7036	180	17.4927	425	41.3022	379	36.8319	110065	77.3797	464029	26.7990	0.9125
EST1238001101S1K	stools_12111102	na	NZ_LR882493.1	4841444	462689	9.5568	460100	99.4404	456469	99.2108	2589	0.5596	459042	99.2118	7166	1.5488	3519	49.1069	1037	14.4711	3240	45.2135	2436	33.9939	110065	91.8139	183189	57.6563	0.9786
EST1238001101S1K	stools_12119101	na	NZ_AP025662.1	4906821	1603622	32.6815	1591493	99.2436	1583322	99.4866	12129	0.7564	1595377	99.4859	20564	1.2823	12319	59.9057	509	2.4752	11475	55.8014	8254	40.1381	67457	35.0831	54297	43.2197	0.9847
EST1238002101S1K	EST1242802101S1K	na	NZ_CP053601.1	4529413	321499	7.0980	320248	99.6109	317864	99.2556	1251	0.3891	319106	99.2557	3752	1.1670	1359	36.2207	125	3.3316	1272	33.9019	2274	60.6077	0	0.0000	9975	0.0000	0.9978
EST1238002101S1K	stools_12092101	na	NZ_CP049343.1	4707626	779693	16.5623	768273	98.5353	759746	98.8901	11420	1.4647	771054	98.8920	20590	2.6408	11951	58.0427	896	4.3516	4872	23.6620	14415	70.0097	33553	100.0000	46325	86.5343	0.9959
EST1238002101S1K	stools_12118101	na	NZ_CP053601.1	4529413	760110	16.7816	757023	99.5939	753710	99.5624	3087	0.4061	756787	99.5628	6606	0.8691	3283	49.6972	233	3.5271	3092	46.8059	3150	47.6839	0	0.0000	92315	0.0000	0.9796
EST1238006101S1K	stools_12085101	na	NZ_CP027105.1	4620018	92677	2.0060	92563	99.8770	91854	99.2340	114	0.1230	91967	99.2339	905	0.9765	195	21.5470	83	9.1713	451	49.8343	364	40.2210	107795	85.0401	121915	66.6317	0.9766
EST1238010101S1K	EST1359006101S1K	na	NZ_CP007025.1	4701875	1888669	40.1684	1888176	99.9739	1887870	99.9838	493	0.0261	1888363	99.9838	1670	0.0884	1364	81.6766	872	52.2156	464	27.7844	289	17.3054	101591	27.7593	27614	100.0000	0.9816
EST1238010101S1K	stools_11008101	na	NZ_CP041359.1	5320024	278421	5.2335	277297	99.5963	275333	99.2917	1124	0.4037	276443	99.2896	3233	1.1612	1255	38.8184	154	4.7634	1772	54.8098	1198	37.0554	206451	44.6367	130799	64.0800	0.9627
EST1238010101S1K	stools_11013101	na	NZ_CP041359.1	5320024	71724	1.3482	71419	99.5748	70889	99.2579	305	0.4252	71194	99.2611	909	1.2674	379	41.6942	75	8.2508	522	57.4257	271	29.8130	206451	42.4788	108045	74.3301	0.9684
EST1238010101S1K	stools_11013150	na	NZ_CP041359.1	5320024	166699	3.1334	165915	99.5297	164123	98.9199	784	0.4703	164893	98.9166	2686	1.6113	880	32.7625	111	4.1325	998	37.1556	1556	57.9300	206451	60.6841	91033	76.0329	0.9612
EST1238010101S1K	stools_11014150	na	NZ_CP041359.1	5320024	48955	0.9202	48868	99.8223	48284	98.8049	87	0.1777	48369	98.8030	729	1.4891	143	19.6159	58	7.9561	379	51.9890	291	39.9177	206451	42.4788	136111	58.4802	0.9605
EST1238010101S1K	stools_11049101	na	NZ_CP041359.1	5320024	117550	2.2096	117463	99.9260	116543	99.2168	87	0.0740	116630	99.2174	1030	0.8762	110	10.6796	23	2.2330	910	88.3495	91	8.8350	206451	58.3490	138786	81.5313	0.9682
EST1238010101S1K	stools_11049501	na	NZ_CP041359.1	5320024	115623	2.1734	115543	99.9308	114658	99.2341	80	0.0692	114738	99.2346	995	0.8606	110	11.0553	31	3.1156	881	88.5427	81	8.1407	206451	58.3490	140508	77.7756	0.9747
EST1238010101S1K	stools_12078101	na	NZ_CP041359.1	5320024	152902	2.8741	152622	99.8169	151333	99.1554	280	0.1831	151612	99.1563	1687	1.1033	397	23.5329	118	6.9947	976	57.8542	566	33.5507	206451	40.1437	110534	68.1691	0.9685
EST1238105101S1K	EST1242206101S1K	na	NZ_CP102244.1	5059634	926579	18.3132	920985	99.3963	918164	99.6937	5594	0.6037	923747	99.6944	11605	1.2525	8773	75.5967	3240	27.9190	2957	25.4804	4324	37.2598	334470	56.4604	135387	83.8352	0.9416
EST1238105101S1K	EST1247204101S1K	na	NZ_CP102244.1	5059634	293782	5.8064	293238	99.8148	290177	98.9561	544	0.1852	290715	98.9560	4530	1.5420	1463	32.2958	925	20.4194	1387	30.6181	2195	48.4547	334470	51.4850	148749	93.1005	0.9533
EST1239204101S1K	stools_11015101	na	NZ_CP010121.1	4990476	798699	16.0045	796637	99.7418	785440	98.5945	2062	0.2582	787474	98.5946	13942	1.7456	2717	19.4879	688	4.9347	12055	86.4654	1140	8.1767	143352	59.9008	87851	79.8693	0.9833
EST1239204101S1K	stools_11015501	na	NZ_CP010121.1	4990476	186992	3.7470	186539	99.7577	183759	98.5097	453	0.2423	184204	98.5090	3371	1.8028	583	17.2946	138	4.0937	2785	82.6164	435	12.9042	143352	51.8674	88867	76.8305	0.9787
EST1239204101S1K	stools_11036150	na	NZ_CP098214.1	5063976	2669891	52.7232	2650549	99.2756	2645586	99.8128	19342	0.7244	2664870	99.8119	24833	0.9301	19812	79.7809	981	3.9504	7191	28.9574	16517	66.5123	426762	78.9370	310160	88.6684	0.9519
EST1239204101S1K	stools_11104101	na	NZ_CP010121.1	4990476	363545	7.2848	362604	99.7412	356989	98.4515	941	0.2588	357921	98.4530	7339	2.0187	1715	23.3683	788	10.7372	4823	65.7174	1692	23.0549	143352	100.0000	323112	46.7621	0.9681
EST1239204101S1K	stools_11109101	na	NZ_CP010121.1	4990476	429433	8.6051	428512	99.7855	421818	98.4379	921	0.2145	422726	98.4382	8944	2.0827	2237	25.0112	1336	14.9374	5165	57.7482	2404	26.8784	143352	91.9666	214534	56.2288	0.9841
EST1241101101S1K	EST1361010101S1K	na	NZ_CP098223.1	4841244	859242	17.7484	857156	99.7572	852285	99.4317	2086	0.2428	854368	99.4328	7053	0.8208	2179	30.8947	109	1.5454	6104	86.5447	790	11.2009	103363	48.5251	71161	81.3493	0.9826
EST1241101101S1K	stools_11018102	na	NZ_CP098223.1	4841244	311136	6.4268	310535	99.8068	308312	99.2841	601	0.1932	308909	99.2842	2879	0.9253	652	22.6468	63	2.1883	2264	78.6384	529	18.3744	103363	13.1749	41600	49.7332	0.9787
EST1241104101S1K	stools_12067150	na	NZ_LS483297.1	4705041	1562223	33.2032	1553685	99.4535	1550789	99.8136	8538	0.5465	1559305	99.8132	12006	0.7685	9088	75.6955	724	6.0303	6384	53.1734	4665	38.8556	136956	79.0568	134060	76.3621	0.9826
EST1241104101S1K	stools_12099101	na	NZ_LS483297.1	4705041	1200767	25.5209	1192051	99.2741	1189190	99.7600	8716	0.7259	1197884	99.7599	12013	1.0004	9130	76.0010	725	6.0351	4891	40.7142	6168	51.3444	136956	76.2186	92669	90.0787	0.9774
EST1241104101S1K	stools_12099150	na	NZ_LS483297.1	4705041	1311431	27.8729	1306366	99.6138	1303257	99.7620	5065	0.3862	1308301	99.7613	8781	0.6696	5651	64.3549	657	7.4821	5385	61.3256	2521	28.7097	136956	46.5923	46063	75.5031	0.9757
EST1241104101S1K	stools_12099501	na	NZ_LS483297.1	4705041	1184976	25.1852	1169146	98.6641	1160690	99.2767	15830	1.3359	1176427	99.2786	24905	2.1017	16356	65.6736	1088	4.3686	3981	15.9847	19323	77.5868	136956	81.1246	104245	94.0755	0.9847
EST1241104101S1K	stools_12100101	na	NZ_LS483297.1	4705041	170251	3.6185	169674	99.6611	168734	99.4460	577	0.3389	169306	99.4449	1593	0.9357	648	40.6780	77	4.8336	712	44.6955	793	49.7803	136956	55.3236	163174	64.7284	0.9740
EST1241105101S1K	EST1256805101S1K	na	NZ_CP035751.1	5249232	1039944	19.8114	1034801	99.5055	1032829	99.8094	5143	0.4945	1037963	99.8095	7207	0.6930	5226	72.5128	125	1.7344	1798	24.9480	5153	71.4999	118165	70.8949	94629	82.5455	0.9864
EST1241105101S1K	EST1256808101S1K	na	NZ_CP035751.1	5249232	658281	12.5405	656222	99.6872	654823	99.7868	2059	0.3128	656873	99.7861	3548	0.5390	2140	60.3157	146	4.1150	1217	34.3010	2031	57.2435	118165	61.9058	99938	39.7787	0.9743
EST1241105101S1K	stools_11001150	na	NZ_CP035751.1	5249232	335066	6.3831	334522	99.8376	333074	99.5671	544	0.1624	333616	99.5672	2069	0.6175	619	29.9178	87	4.2049	634	30.6428	1328	64.1856	118165	38.7441	57667	86.6891	0.9828
EST1241105101S1K	stools_11007101	na	NZ_CP035751.1	5249232	975401	18.5818	973362	99.7910	971366	99.7949	2039	0.2090	973399	99.7948	4147	0.4252	2145	51.7241	137	3.3036	1823	43.9595	2097	50.5667	118165	70.8949	85102	75.9512	0.9823
EST1241105101S1K	stools_11047150	na	NZ_CP053284.1	5244439	200976	3.8322	200479	99.7527	199208	99.3660	497	0.2473	199699	99.3646	1887	0.9389	610	32.3264	121	6.4123	665	35.2411	1051	55.6969	144222	91.2496	212087	52.7892	0.9840
EST1241105101S1K	stools_11049150	na	NZ_CP053284.1	5244439	69683	1.3287	69444	99.6570	68852	99.1475	239	0.3430	69087	99.1447	893	1.2815	297	33.2587	63	7.0549	374	41.8813	438	49.0482	144222	56.1565	141159	46.5666	0.9749
EST1241105101S1K	stools_11054102	na	NZ_CP035751.1	5249232	964988	18.3834	960479	99.5327	959018	99.8479	4509	0.4673	963516	99.8475	6072	0.6292	4600	75.7576	131	2.1574	1617	26.6304	4155	68.4289	118165	55.5621	29994	100.0000	0.9830
EST1241105101S1K	stools_11104150	na	NZ_CP053284.1	5244439	45527	0.8681	45482	99.9012	45232	99.4503	45	0.0988	45277	99.4509	330	0.7248	80	24.2424	35	10.6061	169	51.2121	118	35.7576	144222	80.8115	368664	35.2763	0.9435
EST1241105101S1K	stools_12075101	na	NZ_CP053284.1	5244439	367170	7.0011	366625	99.8516	365045	99.5690	545	0.1484	365585	99.5683	2326	0.6335	741	31.8573	202	8.6844	1285	55.2451	808	34.7377	144222	81.3676	329441	31.8998	0.9622
EST1241105101S1K	stools_12087150	na	NZ_CP053284.1	5244439	69630	1.3277	69564	99.9052	69115	99.3546	66	0.0948	69181	99.3552	567	0.8143	118	20.8113	54	9.5238	192	33.8624	321	56.6138	144222	56.1565	232762	42.3982	0.9565
EST1241105101S1K	stools_12093501	na	NZ_CP035751.1	5249232	431835	8.2266	431356	99.8891	429296	99.5224	479	0.1109	429772	99.5223	2688	0.6225	625	23.2515	150	5.5804	591	21.9866	1897	70.5729	118165	79.3585	327803	17.6411	0.9410
EST1241105101S1K	stools_12096150	na	NZ_CP053284.1	5244439	173090	3.3004	172906	99.8937	172159	99.5680	184	0.1063	172341	99.5673	1037	0.5991	288	27.7724	107	10.3182	620	59.7878	305	29.4118	144222	80.8115	300171	33.8281	0.9632
EST1241105101S1K	stools_12100501	na	NZ_CP053284.1	5244439	144363	2.7527	143874	99.6613	143019	99.4057	489	0.3387	143506	99.4064	1466	1.0155	609	41.5416	133	9.0723	556	37.9263	709	48.3629	144222	80.8115	144374	59.1000	0.9811
EST1241105101S1K	stools_12111150	na	NZ_CP053284.1	5244439	73919	1.4095	73647	99.6320	72181	98.0094	272	0.3680	72445	98.0059	1821	2.4635	347	19.0555	83	4.5579	214	11.7518	1527	83.8550	144222	80.8115	271879	38.6058	0.9490
EST1241108101S1K	EST1254203101S1K	na	NZ_CP051738.1	5166012	267786	5.1836	266369	99.4708	263729	99.0089	1417	0.5292	265138	99.0112	4263	1.5919	1615	37.8841	231	5.4187	2656	62.3035	1213	28.4541	0	0.0000	0	0.0000	1.0000
EST1241108101S1K	stools_11005150	na	NZ_CP051738.1	5166012	440732	8.5314	438203	99.4262	434007	99.0425	2529	0.5738	436518	99.0439	7015	1.5917	2801	39.9287	320	4.5617	4761	67.8689	1755	25.0178	0	0.0000	124529	0.0000	0.9759
EST1241108101S1K	stools_11021101	na	NZ_CP051738.1	5166012	166224	3.2176	165389	99.4977	163339	98.7605	835	0.5023	164166	98.7619	3021	1.8174	963	31.8769	144	4.7666	1603	53.0619	1190	39.3909	0	0.0000	148290	0.0000	0.9713
EST1241108101S1K	stools_11030150	na	NZ_CP096837.1	4837912	737606	15.2464	736138	99.8010	728757	98.9973	1468	0.1990	730205	98.9966	11142	1.5106	3741	33.5757	2303	20.6695	4405	39.5351	4296	38.5568	193466	54.4861	144002	76.5010	0.9688
EST1241108101S1K	stools_11051101	na	NZ_CP096837.1	4837912	2256020	46.6321	2246899	99.5957	2227893	99.1541	9121	0.4043	2236929	99.1538	34389	1.5243	15298	44.4852	6396	18.5990	13860	40.3036	13075	38.0209	193466	42.2875	131409	66.0990	0.9623
EST1241108101S1K	stools_12062501	na	NZ_CP051738.1	5166012	928436	17.9720	921096	99.2094	911083	98.9129	7340	0.7906	918358	98.9145	18279	1.9688	8201	44.8657	1165	6.3734	8136	44.5101	8150	44.5867	0	0.0000	38195	0.0000	0.9926
EST1241108101S1K	stools_12079150	na	NZ_CP051738.1	5166012	252255	4.8830	251001	99.5029	248703	99.0845	1254	0.4971	249942	99.0831	3739	1.4822	1426	38.1385	199	5.3223	2548	68.1466	853	22.8136	0	0.0000	269499	0.0000	0.9478
EST1241108201S1K	stools_11005101	na	NZ_AP022177.1	4733200	304891	6.4415	304564	99.8927	303525	99.6589	327	0.1073	303848	99.6579	1540	0.5051	497	32.2727	176	11.4286	221	14.3506	1140	74.0260	198544	88.7828	196938	100.0000	0.9877
EST1241108201S1K	stools_11018102	na	NZ_AP022177.1	4733200	409690	8.6557	409057	99.8455	408059	99.7560	633	0.1545	408691	99.7562	1821	0.4445	822	45.1400	200	10.9830	459	25.2059	1138	62.4931	198544	56.5462	87348	100.0000	0.9741
EST1241108201S1K	stools_11034101	na	NZ_AP022177.1	4733200	563798	11.9116	561785	99.6430	561115	99.8807	2013	0.3570	563126	99.8808	2948	0.5229	2276	77.2049	292	9.9050	541	18.3514	1971	66.8589	198544	39.5756	53229	100.0000	0.9667
EST1241110101S1K	EST1247106101S1K	na	NZ_LR134216.1	4647667	1083645	23.3159	1082219	99.8684	1076547	99.4759	1426	0.1316	1077968	99.4761	7382	0.6812	1705	23.0967	287	3.8878	816	11.0539	6235	84.4622	88853	58.7296	81377	69.4226	0.9852
EST1241110101S1K	EST1254204101S1K	na	NZ_LR134216.1	4647667	865684	18.6262	864972	99.9178	863228	99.7984	712	0.0822	863936	99.7981	2538	0.2932	790	31.1269	112	4.4129	1182	46.5721	1214	47.8329	88853	40.7921	42218	84.2697	0.9866
EST1241110101S1K	EST1350510101S1K	na	NZ_LR134216.1	4647667	3799349	81.7474	3773232	99.3126	3770175	99.9190	26117	0.6874	3796262	99.9187	29584	0.7787	26497	89.5653	514	1.7374	2466	8.3356	26177	88.4836	88853	59.7988	46147	100.0000	0.9900
EST1241110101S1K	stools_11017501	na	NZ_LR134216.1	4647667	1309758	28.1810	1302993	99.4835	1299186	99.7078	6765	0.5165	1305922	99.7071	10789	0.8237	6953	64.4453	245	2.2708	1772	16.4241	8478	78.5800	88853	25.7144	22132	100.0000	0.9850
EST1241110101S1K	stools_11020501	na	NZ_LR134216.1	4647667	1945547	41.8607	1941508	99.7924	1936398	99.7368	4039	0.2076	1940427	99.7368	9559	0.4913	4439	46.4379	429	4.4879	1026	10.7333	8017	83.8686	88853	18.0298	26544	76.6350	0.9805
EST1241110101S1K	stools_11041102	na	NZ_LR134216.1	4647667	851071	18.3118	848392	99.6852	844819	99.5789	2679	0.3148	847481	99.5782	6426	0.7550	2836	44.1332	186	2.8945	1743	27.1242	4379	68.1450	88853	31.9517	20532	100.0000	0.9832
EST1241110101S1K	stools_11042150	na	NZ_LR134216.1	4647667	1088009	23.4098	1085172	99.7392	1081589	99.6698	2837	0.2608	1084422	99.6703	6549	0.6019	2962	45.2283	135	2.0614	1192	18.2013	5143	78.5311	88853	52.5846	45123	100.0000	0.9896
EST1241110101S1K	stools_11113501	na	NZ_LR134216.1	4647667	925101	19.9046	923905	99.8707	919502	99.5234	1196	0.1293	920686	99.5228	5716	0.6179	1301	22.7607	119	2.0819	857	14.9930	4728	82.7152	88853	79.3625	119770	79.4172	0.9874
EST1241110101S1K	stools_12078150	na	NZ_CP011416.1	4947515	898003	18.1506	895908	99.7667	893954	99.7819	2095	0.2333	896043	99.7817	4118	0.4586	2158	52.4041	113	2.7441	1670	40.5537	2224	54.0068	12084	100.0000	22073	47.3248	0.9973
EST1241110101S1K	stools_12117150	na	NZ_LR134216.1	4647667	1930855	41.5446	1927309	99.8164	1922477	99.7493	3546	0.1836	1926016	99.7494	8557	0.4432	3718	43.4498	184	2.1503	1177	13.7548	7149	83.5456	88853	66.0360	106136	54.4302	0.9792
EST1242103101S1K	stools_11014101	na	NZ_CP068802.1	4983069	315184	6.3251	312371	99.1075	310700	99.4651	2813	0.8925	313498	99.4651	4533	1.4382	2847	62.8061	55	1.2133	1559	34.3922	2787	61.4825	28087	100.0000	97373	14.6088	0.9872
EST1242103101S1K	stools_11024101	na	NZ_CP068802.1	4983069	299564	6.0116	298000	99.4779	296357	99.4487	1564	0.5221	297913	99.4489	3265	1.0899	1614	49.4334	65	1.9908	1397	42.7871	1706	52.2511	28087	100.0000	91678	28.7844	0.9997
EST1242206101S1K	EST1247204101S1K	na	NZ_CP102244.1	5059634	666597	13.1748	662539	99.3912	655791	98.9815	4058	0.6088	659809	98.9817	12260	1.8392	5472	44.6330	1495	12.1941	4020	32.7896	6084	49.6248	135387	68.7754	148749	93.1005	0.9750
EST1242206101S1K	EST1247211101S1K	na	NZ_CP010167.1	4630919	2355828	50.8717	2348584	99.6925	2346108	99.8946	7244	0.3075	2353335	99.8942	10012	0.4250	7519	75.0999	369	3.6856	7116	71.0747	2306	23.0324	45205	100.0000	88770	58.2753	0.9899
EST1242206101S1K	EST1356601101S1K	na	NZ_CP010167.1	4630919	2999557	64.7724	2991639	99.7360	2989067	99.9140	7918	0.2640	2996967	99.9137	11007	0.3670	8417	76.4695	535	4.8605	8346	75.8245	1800	16.3532	45205	88.8995	99362	29.8877	0.9793
EST1242206101S1K	stools_11041101	na	NZ_CP022086.2	5256950	1143701	21.7560	1136526	99.3727	1130330	99.4548	7175	0.6273	1137452	99.4536	13677	1.1959	7428	54.3102	627	4.5843	9049	66.1622	3454	25.2541	159373	37.6375	106142	44.3067	0.9667
EST1242206101S1K	stools_11041102	na	NZ_CP022086.2	5256950	630589	11.9953	624673	99.0618	618732	99.0489	5916	0.9382	624580	99.0471	12748	2.0216	6739	52.8632	1033	8.1032	3998	31.3618	7045	55.2636	159373	85.5753	179995	74.1071	0.9807
EST1242206101S1K	stools_11104101	na	NZ_CP022086.2	5256950	1081699	20.5766	1076053	99.4780	1069908	99.4289	5646	0.5220	1075503	99.4272	12146	1.1229	5950	48.9873	518	4.2648	7707	63.4530	3531	29.0713	159373	47.1090	129597	63.7314	0.9752
EST1242206101S1K	stools_12068150	na	NZ_CP022086.2	5256950	1065768	20.2735	1055870	99.0713	1044534	98.9264	9898	0.9287	1054338	98.9275	22799	2.1392	11369	49.8662	2036	8.9302	6508	28.5451	13271	58.2087	159373	47.1090	118608	60.4209	0.9705
EST1242207101S1K	stools_11001150	na	NZ_CP028761.1	4630346	2696466	58.2347	2695536	99.9655	2695308	99.9915	930	0.0345	2696238	99.9915	18458	0.6845	18230	98.7648	17310	93.7805	328	1.7770	717	3.8845	196695	93.0237	176389	93.8585	0.9879
EST1242207101S1K	stools_11028501	na	NZ_CP028761.1	4630346	2612458	56.4204	2598761	99.4757	2594286	99.8278	13697	0.5243	2607972	99.8283	35278	1.3504	30792	87.2839	17137	48.5770	1284	3.6397	14915	42.2785	196695	85.3504	108170	100.0000	0.9796
EST1242207101S1K	stools_11108501	na	NZ_CP028761.1	4630346	2193021	47.3619	2185596	99.6614	2182111	99.8405	7425	0.3386	2189499	99.8394	23899	1.0898	20377	85.2630	13006	54.4207	934	3.9081	9464	39.6000	196695	91.1340	141433	100.0000	0.9869
EST1242207101S1K	stools_12072101	na	NZ_CP028761.1	4630346	2794060	60.3424	2779557	99.4809	2777262	99.9174	14503	0.5191	2791760	99.9177	33263	1.1905	30963	93.0854	16497	49.5956	1303	3.9173	13421	40.3481	196695	28.9921	34535	100.0000	0.9646
EST1242207101S1K	stools_12100501	na	NZ_CP028761.1	4630346	2707262	58.4678	2702089	99.8089	2699581	99.9072	5173	0.1911	2704751	99.9072	23265	0.8594	20754	89.2070	15616	67.1223	1752	7.5306	4432	19.0501	196695	54.4203	67017	84.8024	0.9628
EST1242208101S1K	EST1359006101S1K	na	NZ_AP021893.1	4753810	569135	11.9722	566776	99.5855	563083	99.3484	2359	0.4145	565431	99.3492	6388	1.1224	2684	42.0163	374	5.8547	3868	60.5510	1871	29.2893	107707	68.4292	80759	82.7103	0.9913
EST1242208101S1K	stools_11011150	na	NZ_CP022279.1	4907118	235862	4.8065	235702	99.9322	233752	99.1727	160	0.0678	233911	99.1728	2333	0.9891	382	16.3738	223	9.5585	1645	70.5101	459	19.6742	202665	67.3821	233327	47.2157	0.9514
EST1242208101S1K	stools_11016501	na	NZ_CP022279.1	4907118	447218	9.1137	446264	99.7867	442753	99.2132	954	0.2133	443699	99.2131	4955	1.1080	1436	28.9808	503	10.1514	2994	60.4238	1354	27.3259	202665	73.5105	180241	66.6951	0.9727
EST1242208101S1K	stools_11020150	na	NZ_CP022279.1	4907118	209319	4.2656	209104	99.8973	207321	99.1473	215	0.1027	207531	99.1458	2289	1.0935	501	21.8873	291	12.7130	1352	59.0651	644	28.1346	202665	79.4982	393860	48.9501	0.9439
EST1242208101S1K	stools_11021501	na	NZ_CP022279.1	4907118	247294	5.0395	246623	99.7287	244305	99.0601	671	0.2713	244967	99.0590	3240	1.3102	913	28.1790	257	7.9321	1632	50.3704	1316	40.6173	202665	86.7969	242169	66.1067	0.9717
EST1242208101S1K	stools_11038101	na	NZ_CP022279.1	4907118	289051	5.8904	288454	99.7935	285795	99.0782	597	0.2065	286386	99.0780	3546	1.2268	881	24.8449	294	8.2910	2098	59.1653	1097	30.9363	202665	69.2078	209128	49.0747	0.9643
EST1242208101S1K	stools_11046150	na	NZ_CP022279.1	4907118	100241	2.0428	100099	99.8583	98936	98.8382	142	0.1417	99075	98.8368	1474	1.4705	308	20.8955	169	11.4654	559	37.9240	728	49.3894	202665	69.2078	286858	76.0286	0.9535
EST1242208101S1K	stools_11048150	na	NZ_CP022279.1	4907118	165120	3.3649	164961	99.9037	163448	99.0828	159	0.0963	163605	99.0825	1931	1.1695	416	21.5432	259	13.4127	1160	60.0725	495	25.6344	202665	79.5974	290618	49.4054	0.9540
EST1242208101S1K	stools_11052150	na	NZ_CP022279.1	4907118	479573	9.7730	477526	99.5732	473690	99.1967	2047	0.4268	475711	99.1947	6331	1.3201	2469	38.9986	466	7.3606	3123	49.3287	2637	41.6522	202665	87.0081	251808	49.6926	0.9574
EST1242208101S1K	stools_12060501	na	NZ_CP022279.1	4907118	186765	3.8060	186498	99.8570	184712	99.0423	267	0.1430	184978	99.0432	2328	1.2465	541	23.2388	276	11.8557	1211	52.0189	812	34.8797	202665	86.7969	241949	65.4506	0.9605
EST1242208101S1K	stools_12068102	na	NZ_CP022279.1	4907118	390478	7.9574	389041	99.6320	385566	99.1068	1437	0.3680	386991	99.1070	5361	1.3729	1874	34.9562	460	8.5805	2557	47.6963	2179	40.6454	202665	88.3191	263935	50.6098	0.9610
EST1242208101S1K	stools_12085150	na	NZ_CP022279.1	4907118	578008	11.7790	577322	99.8813	572809	99.2183	686	0.1187	573489	99.2182	5721	0.9898	1202	21.0103	526	9.1942	3924	68.5894	1244	21.7445	202665	86.7969	384148	43.7321	0.9436
EST1242208101S1K	stools_12088501	na	NZ_CP022279.1	4907118	596902	12.1640	595655	99.7911	591062	99.2289	1247	0.2089	592293	99.2278	6379	1.0687	1770	27.7473	541	8.4810	4026	63.1133	1757	27.5435	202665	79.1947	301726	43.2425	0.9612
EST1242208101S1K	stools_12116501	na	NZ_CP022279.1	4907118	170525	3.4751	170329	99.8851	168679	99.0313	196	0.1149	168873	99.0312	2044	1.1987	392	19.1781	199	9.7358	1274	62.3288	568	27.7886	202665	88.3191	315377	37.4428	0.9480
EST1242704101S1K	EST1242805101S1K	na	NZ_LR134231.1	4594692	1972274	42.9251	1964766	99.6193	1961952	99.8568	7508	0.3807	1969438	99.8562	10741	0.5446	7905	73.5965	622	5.7909	4960	46.1782	4891	45.5358	55774	79.7253	56340	68.1292	0.9916
EST1242704101S1K	EST1254306101S1K	na	NZ_CP062901.1	4817187	294718	6.1181	294041	99.7703	292165	99.3620	677	0.2297	292840	99.3628	3006	1.0200	1128	37.5250	455	15.1364	847	28.1770	1612	53.6261	93673	52.0662	179375	64.5541	0.9628
EST1242704101S1K	EST1350507101S1K	na	NZ_LR134231.1	4594692	3345427	72.8107	3336799	99.7421	3333339	99.8963	8628	0.2579	3341946	99.8959	12575	0.3759	9094	72.3181	575	4.5726	9128	72.5885	2636	20.9622	55774	79.7253	39446	100.0000	0.9962
EST1242704101S1K	EST1358301101S1K	na	NZ_LR134231.1	4594692	3438368	74.8335	3414863	99.3164	3411872	99.9124	23505	0.6836	3435352	99.9123	27388	0.7965	24372	88.9879	1407	5.1373	8636	31.5321	17010	62.1075	55774	69.6489	55154	60.3003	0.9887
EST1242704101S1K	stools_11007150	na	NZ_LR134231.1	4594692	1057029	23.0054	1051877	99.5126	1046626	99.5008	5152	0.4874	1051726	99.4983	10630	1.0056	5327	50.1129	319	3.0009	2891	27.1966	7251	68.2126	55774	44.2518	54887	59.8666	0.9903
EST1242704101S1K	stools_11038101	na	NZ_LR134231.1	4594692	1905977	41.4821	1897832	99.5727	1895084	99.8552	8145	0.4273	1903209	99.8548	11100	0.5824	8332	75.0631	361	3.2523	5976	53.8378	4552	41.0090	55774	25.8400	28166	46.3005	0.9874
EST1242704101S1K	stools_11038501	na	NZ_LR134231.1	4594692	400213	8.7103	399301	99.7721	398359	99.7641	912	0.2279	399267	99.7636	1952	0.4877	1006	51.5369	113	5.7889	1065	54.5594	720	36.8852	55774	74.1600	162476	33.2560	0.9682
EST1242704101S1K	stools_11044501	na	NZ_LR134231.1	4594692	1864513	40.5797	1854246	99.4493	1851054	99.8279	10267	0.5507	1861297	99.8275	13710	0.7353	10494	76.5427	507	3.6980	5306	38.7017	7682	56.0321	55774	56.1911	49308	57.2179	0.9884
EST1242704101S1K	stools_11107501	na	NZ_LR134231.1	4594692	475024	10.3385	473797	99.7417	472237	99.6707	1227	0.2583	473460	99.6708	3086	0.6497	1522	49.3195	303	9.8185	1612	52.2359	1071	34.7051	55774	100.0000	157531	41.4630	0.9764
EST1242704101S1K	stools_12058150	na	NZ_LR134231.1	4594692	353154	7.6861	351921	99.6509	350493	99.5942	1233	0.3491	351719	99.5937	2818	0.7980	1383	49.0774	169	5.9972	1697	60.2200	896	31.7956	55774	79.7253	118020	43.4359	0.9816
EST1242704101S1K	stools_12060501	na	NZ_LR134231.1	4594692	1401175	30.4955	1395573	99.6002	1389334	99.5529	5602	0.3998	1394913	99.5531	12088	0.8627	5826	48.1966	352	2.9120	3603	29.8064	7898	65.3375	55774	67.7861	68981	53.1929	0.9871
EST1242704101S1K	stools_12062101	na	NZ_LR134231.1	4594692	1399111	30.4506	1394125	99.6436	1390191	99.7178	4986	0.3564	1395166	99.7180	9053	0.6471	5108	56.4233	201	2.2203	3673	40.5722	5026	55.5175	55774	67.7861	60817	67.4039	0.9909
EST1242704101S1K	stools_12072101	na	NZ_LR134231.1	4594692	935468	20.3598	929768	99.3907	927844	99.7931	5700	0.6093	933534	99.7933	7803	0.8341	5869	75.2147	301	3.8575	3385	43.3808	3992	51.1598	55774	56.1911	30305	100.0000	0.9944
EST1242704101S1K	stools_12084101	na	NZ_LR134231.1	4594692	1664824	36.2336	1654219	99.3630	1651171	99.8157	10605	0.6370	1661746	99.8151	14017	0.8420	10939	78.0410	645	4.6016	5146	36.7126	7940	56.6455	55774	100.0000	45884	100.0000	0.9954
EST1242704101S1K	stools_12084102	na	NZ_LR134231.1	4594692	3014631	65.6112	3005544	99.6986	3000282	99.8249	9087	0.3014	3009336	99.8244	14917	0.4948	9622	64.5036	640	4.2904	8070	54.0993	5921	39.6930	55774	76.4657	44020	100.0000	0.9957
EST1242704101S1K	stools_12098150	na	NZ_LR134231.1	4594692	413288	8.9949	411615	99.5952	409759	99.5491	1673	0.4048	411428	99.5500	3672	0.8885	1812	49.3464	153	4.1667	1819	49.5370	1627	44.3083	55774	79.7253	97381	45.3107	0.9851
EST1242705101S1K	EST1254206101S1K	na	NZ_CP054227.1	4796742	244951	5.1066	244742	99.9147	244095	99.7356	209	0.0853	244303	99.7355	950	0.3878	302	31.7895	94	9.8947	623	65.5789	225	23.6842	36516	53.7080	44580	41.0498	0.9962
EST1242705101S1K	stools_11112101	na	NZ_CP054227.1	4796742	77752	1.6209	77623	99.8341	76903	99.0724	129	0.1659	77032	99.0740	872	1.1215	152	17.4312	23	2.6376	175	20.0688	672	77.0642	36516	53.7080	107072	18.1560	0.9832
EST1242705101S1K	stools_12064101	na	NZ_CP054353.1	5170495	189158	3.6584	188883	99.8546	188180	99.6278	275	0.1454	188448	99.6247	1104	0.5836	394	35.6884	133	12.0471	432	39.1304	531	48.0978	107144	62.1817	214399	34.8532	0.9766
EST1242705101S1K	stools_12086502	na	NZ_CP054227.1	4796742	253297	5.2806	250518	98.9029	248334	99.1282	2779	1.0971	251080	99.1247	5014	1.9795	2797	55.7838	57	1.1368	613	12.2258	4295	85.6602	36516	53.7080	96898	19.0654	0.9932
EST1242705101S1K	stools_12093101_SM-NA1P5	na	NZ_CP054227.1	4796742	378562	7.8921	377735	99.7815	376711	99.7289	827	0.2185	377536	99.7290	1918	0.5067	892	46.5068	67	3.4932	972	50.6778	853	44.4734	36516	53.7080	103682	17.6665	0.9881
EST1242705101S1K	stools_12093101_SM-NAWYG	na	NZ_CP054227.1	4796742	396838	8.2731	395644	99.6991	394588	99.7331	1194	0.3009	395778	99.7329	2325	0.5859	1265	54.4086	83	3.5699	1032	44.3871	1192	51.2688	36516	53.7080	92911	19.6575	0.9916
EST1242801101S1K	EST1358302101S1K	na	NZ_OW967178.1	4863036	337811	6.9465	336835	99.7111	331094	98.2956	976	0.2889	332055	98.2961	7402	2.1912	1646	22.2372	692	9.3488	3787	51.1618	2836	38.3140	44936	0.0000	96979	0.0000	0.9908
EST1242801101S1K	EST1358401101S1K	na	NZ_OW967178.1	4863036	187463	3.8549	187067	99.7888	183799	98.2530	396	0.2112	184186	98.2519	3941	2.1023	664	16.8485	278	7.0540	2449	62.1416	1194	30.2969	44936	0.0000	89347	0.0000	0.9847
EST1242802101S1K	stools_12118101	na	NZ_CP053601.1	4529413	559452	12.3515	557888	99.7204	553954	99.2948	1564	0.2796	555508	99.2950	5775	1.0323	1831	31.7056	302	5.2294	3632	62.8918	1734	30.0260	9975	100.0000	92315	8.0799	0.9853
EST1242804101S1K	EST1350502101S1K	na	NZ_CP024245.1	4708118	2025347	43.0182	2017278	99.6016	2014435	99.8591	8069	0.3984	2022479	99.8584	10940	0.5402	8072	73.7843	92	0.8410	9519	87.0110	1247	11.3985	42057	0.0000	9619	0.0000	0.9890
EST1242804101S1K	stools_11038150	na	NZ_LR882493.1	4841444	120758	2.4943	120100	99.4551	118608	98.7577	658	0.5449	119263	98.7620	2388	1.9775	893	37.3953	241	10.0921	999	41.8342	1058	44.3049	86273	92.4681	156185	81.7825	0.9780
EST1242804101S1K	stools_11108150	na	NZ_LR882493.1	4841444	365370	7.5467	362398	99.1866	358552	98.9387	2972	0.8134	361482	98.9359	7497	2.0519	3609	48.1393	758	10.1107	2945	39.2824	3425	45.6849	86273	92.4681	136713	69.0403	0.9846
EST1242804101S1K	stools_12062501	na	NZ_LR882493.1	4841444	320632	6.6227	318219	99.2474	313621	98.5551	2413	0.7526	315994	98.5535	7527	2.3476	2889	38.3818	569	7.5595	2363	31.3936	4336	57.6060	86273	78.6144	173853	45.3205	0.9730
EST1242804101S1K	stools_12065150	na	NZ_LR882493.1	4841444	526478	10.8744	523350	99.4059	514898	98.3850	3128	0.5941	517969	98.3838	12584	2.3902	4075	32.3824	1048	8.3280	3648	28.9892	7422	58.9797	86273	100.0000	285777	45.5310	0.9535
EST1242804101S1K	stools_12068102	na	NZ_LR882493.1	4841444	590303	12.1927	585627	99.2079	577763	98.6572	4676	0.7921	582367	98.6556	13762	2.3313	5826	42.3340	1357	9.8605	4426	32.1610	7460	54.2072	86273	74.2863	144133	49.6153	0.9745
EST1242804101S1K	stools_12068150	na	NZ_LR882493.1	4841444	533810	11.0258	528474	99.0004	521203	98.6242	5336	0.9996	526473	98.6255	13614	2.5503	6277	46.1069	1188	8.7263	4097	30.0940	7746	56.8973	86273	79.1731	163435	49.6577	0.9751
EST1242804101S1K	stools_12080101	na	NZ_LR882493.1	4841444	237236	4.9001	235725	99.3631	232671	98.7044	1511	0.6369	234167	98.7064	5080	2.1413	2011	39.5866	551	10.8465	1909	37.5787	2426	47.7559	86273	92.6257	236087	59.7237	0.9605
EST1242804101S1K	stools_12087501	na	NZ_LR882493.1	4841444	97229	2.0083	96252	98.9952	93735	97.3850	977	1.0048	94677	97.3753	3754	3.8610	1202	32.0192	267	7.1124	884	23.5482	2480	66.0629	86273	88.1724	172664	53.9006	0.9777
EST1242804101S1K	stools_12096150	na	NZ_LR882493.1	4841444	38996	0.8055	38673	99.1717	38137	98.6140	323	0.8283	38453	98.6075	977	2.5054	434	44.4217	118	12.0778	444	45.4452	356	36.4381	86273	77.5364	464029	25.1230	0.9104
EST1242804101S1K	stools_12111102	na	NZ_LR882493.1	4841444	306095	6.3224	303747	99.2329	300670	98.9870	2348	0.7671	303000	98.9889	5943	1.9416	2848	47.9219	602	10.1296	2707	45.5494	2313	38.9197	86273	100.0000	183189	58.6160	0.9794
EST1242805101S1K	EST1247108101S1K	na	NZ_CP101274.1	4892441	412336	8.4280	411066	99.6920	408590	99.3977	1270	0.3080	409849	99.3969	3967	0.9621	1480	37.3078	238	5.9995	2530	63.7762	1137	28.6615	48833	60.5431	83964	35.9380	0.9846
EST1242805101S1K	EST1254206101S1K	na	NZ_CP101274.1	4892441	201817	4.1251	201167	99.6779	199838	99.3394	650	0.3221	200484	99.3395	2167	1.0737	834	38.4864	203	9.3678	1268	58.5141	636	29.3493	48833	60.5431	45224	65.2795	0.9922
EST1242805101S1K	EST1350507101S1K	na	NZ_LR134231.1	4594692	2220133	48.3195	2215789	99.8043	2212384	99.8463	4344	0.1957	2216719	99.8462	8007	0.3607	4593	57.3623	288	3.5969	6009	75.0468	1576	19.6828	56340	68.1292	39446	100.0000	0.9945
EST1242805101S1K	EST1358301101S1K	na	NZ_LR134231.1	4594692	2247243	48.9095	2232695	99.3526	2229099	99.8389	14548	0.6474	2243617	99.8386	18451	0.8211	14825	80.3479	476	2.5798	5861	31.7652	11884	64.4084	56340	51.4093	55154	51.7932	0.9871
EST1242805101S1K	stools_11007150	na	NZ_LR134231.1	4594692	727193	15.8268	723995	99.5602	719940	99.4399	3198	0.4398	723106	99.4380	7402	1.0179	3315	44.7852	185	2.4993	2007	27.1143	5119	69.1570	56340	56.0987	54887	72.6092	0.9918
EST1242805101S1K	stools_11020501	na	NZ_CP045206.1	4944436	495890	10.0293	494852	99.7907	490965	99.2145	1038	0.2093	491994	99.2143	5202	1.0490	1306	25.1057	290	5.5748	3288	63.2065	1532	29.4502	142907	49.2068	118896	58.3451	0.9704
EST1242805101S1K	stools_11034101	na	NZ_CP045206.1	4944436	883058	17.8596	879866	99.6385	877805	99.7658	3192	0.3615	880983	99.7650	9436	1.0686	7361	78.0097	4255	45.0933	1615	17.1153	3152	33.4040	142907	61.6114	106430	60.7582	0.9793
EST1242805101S1K	stools_11038101	na	NZ_LR134231.1	4594692	1265416	27.5408	1260639	99.6225	1258319	99.8160	4777	0.3775	1263085	99.8158	7232	0.5715	4901	67.7683	268	3.7058	3932	54.3695	2869	39.6709	56340	37.8559	28166	70.1023	0.9902
EST1242805101S1K	stools_11038501	na	NZ_LR134231.1	4594692	271477	5.9085	271016	99.8302	270292	99.7329	461	0.1698	270752	99.7329	1236	0.4553	511	41.3430	54	4.3689	703	56.8770	468	37.8641	56340	74.4143	162476	55.2057	0.9681
EST1242805101S1K	stools_11044501	na	NZ_LR134231.1	4594692	1208256	26.2968	1201938	99.4771	1199293	99.7799	6318	0.5229	1205600	99.7802	9105	0.7536	6449	70.8292	300	3.2949	3703	40.6700	4886	53.6628	56340	76.8158	49308	88.5110	0.9937
EST1242805101S1K	stools_11107501	na	NZ_LR134231.1	4594692	303854	6.6132	303148	99.7677	301971	99.6117	706	0.2323	302676	99.6123	2022	0.6655	844	41.7409	149	7.3689	1117	55.2423	712	35.2127	56340	90.0302	157531	47.1996	0.9747
EST1242805101S1K	stools_12058150	na	NZ_LR134231.1	4594692	231889	5.0469	231234	99.7175	230300	99.5961	655	0.2825	230954	99.5968	1683	0.7258	748	44.4444	99	5.8824	1019	60.5466	530	31.4914	56340	90.0302	118020	59.3196	0.9835
EST1242805101S1K	stools_12060501	na	NZ_LR134231.1	4594692	939372	20.4447	935927	99.6333	931392	99.5155	3445	0.3667	934828	99.5163	8184	0.8712	3640	44.4770	277	3.3847	2268	27.7126	5428	66.3245	56340	79.2829	68981	89.7667	0.9921
EST1242805101S1K	stools_12062101	na	NZ_LR134231.1	4594692	933031	20.3067	930082	99.6839	926899	99.6578	2949	0.3161	929840	99.6580	6229	0.6676	3038	48.7719	127	2.0389	2612	41.9329	3412	54.7760	56340	67.0128	60817	84.0966	0.9907
EST1242805101S1K	stools_12072101	na	NZ_LR134231.1	4594692	588902	12.8170	585481	99.4191	583823	99.7168	3421	0.5809	587235	99.7169	5165	0.8771	3498	67.7251	175	3.3882	2467	47.7638	2434	47.1249	56340	54.5758	30305	100.0000	0.9940
EST1242805101S1K	stools_12083101	na	NZ_CP045206.1	4944436	388293	7.8531	387517	99.8002	384001	99.0927	776	0.1998	384772	99.0932	4583	1.1803	1062	23.1726	302	6.5896	2702	58.9570	1495	32.6206	142907	33.6051	113879	40.4245	0.9640
EST1242805101S1K	stools_12083150	na	NZ_CP045206.1	4944436	415843	8.4103	415090	99.8189	411186	99.0595	753	0.1811	411933	99.0597	4930	1.1855	1020	20.6897	277	5.6187	3003	60.9128	1594	32.3327	142907	40.5921	124233	40.5247	0.9657
EST1242805101S1K	stools_12084101	na	NZ_LR134231.1	4594692	1062425	23.1229	1055996	99.3949	1053520	99.7655	6429	0.6051	1059933	99.7654	9101	0.8566	6609	72.6184	351	3.8567	3528	38.7650	5000	54.9390	56340	68.1292	45884	82.3555	0.9934
EST1242805101S1K	stools_12084102	na	NZ_LR134231.1	4594692	1986152	43.2271	1981400	99.7607	1976966	99.7762	4752	0.2393	1981705	99.7761	9491	0.4779	5044	53.1451	334	3.5191	5425	57.1594	3601	37.9412	56340	54.5758	44020	72.6465	0.9911
EST1242805101S1K	stools_12098150	na	NZ_LR134231.1	4594692	265115	5.7700	264233	99.6673	262901	99.4959	882	0.3327	263779	99.4961	2299	0.8672	963	41.8878	97	4.2192	1107	48.1514	1067	46.4115	56340	90.0302	97381	59.1727	0.9868
EST1247101101S1K	EST1247109101S1K	na	NZ_CP038180.1	4541147	232221	5.1137	231076	99.5069	230290	99.6599	1145	0.4931	231423	99.6564	2007	0.8643	1209	60.2392	76	3.7867	255	12.7055	1622	80.8171	89298	17.6644	54710	19.9232	0.9803
EST1247104101S1K	stools_11033501	na	NZ_CP007265.1	4758629	1940765	40.7841	1926767	99.2787	1921521	99.7277	13998	0.7213	1935478	99.7276	19904	1.0256	14617	73.4375	1339	6.7273	8832	44.3730	8693	43.6746	139311	65.0623	91745	87.2189	0.9776
EST1247104101S1K	stools_11038101	na	NZ_CP007265.1	4758629	1365969	28.7051	1358761	99.4723	1354903	99.7161	7208	0.5277	1362085	99.7157	11592	0.8486	7708	66.4941	671	5.7885	6429	55.4607	4101	35.3778	139311	73.1543	98494	80.1663	0.9827
EST1247104101S1K	stools_11045101	na	NZ_CP007265.1	4758629	2453764	51.5645	2439334	99.4119	2428285	99.5470	14430	0.5881	2442673	99.5480	26750	1.0902	15659	58.5383	1688	6.3103	6992	26.1383	16902	63.1850	139311	76.5704	151968	56.6475	0.9713
EST1247106101S1K	EST1254204101S1K	na	NZ_LR134216.1	4647667	246436	5.3024	245956	99.8052	244234	99.2999	480	0.1948	244712	99.3004	2250	0.9130	526	23.3778	56	2.4889	1848	82.1333	326	14.4889	81377	28.9836	42218	45.0377	0.9801
EST1247106101S1K	EST1350510101S1K	na	NZ_LR134216.1	4647667	1059263	22.7913	1051071	99.2266	1046365	99.5523	8192	0.7734	1054514	99.5517	13071	1.2340	8322	63.6677	301	2.3028	5370	41.0833	6605	50.5317	81377	25.7960	46147	39.7339	0.9810
EST1247106101S1K	stools_11017501	na	NZ_LR134216.1	4647667	357129	7.6840	354874	99.3686	352487	99.3274	2255	0.6314	354712	99.3232	4763	1.3337	2346	49.2547	163	3.4222	2362	49.5906	2087	43.8169	81377	25.7960	22132	100.0000	0.9867
EST1247106101S1K	stools_11020501	na	NZ_LR134216.1	4647667	571035	12.2865	569352	99.7053	565893	99.3925	1683	0.2947	567559	99.3913	5384	0.9428	1908	35.4383	264	4.9034	2947	54.7363	2034	37.7786	81377	23.1871	26544	76.6350	0.9860
EST1247106101S1K	stools_11041102	na	NZ_LR134216.1	4647667	223339	4.8054	222531	99.6382	220670	99.1637	808	0.3618	221473	99.1645	2743	1.2282	877	31.9723	85	3.0988	1631	59.4604	987	35.9825	81377	38.4458	20532	100.0000	0.9825
EST1247106101S1K	stools_11042150	na	NZ_LR134216.1	4647667	314245	6.7613	312975	99.5959	310934	99.3479	1270	0.4041	312196	99.3480	3482	1.1081	1433	41.1545	187	5.3705	1752	50.3159	1433	41.1545	81377	25.7960	45123	50.0565	0.9817
EST1247106101S1K	stools_11113501	na	NZ_LR134216.1	4647667	275968	5.9378	275315	99.7634	272796	99.0850	653	0.2366	273439	99.0836	3230	1.1704	701	21.7028	58	1.7957	1587	49.1331	1582	48.9783	81377	56.7728	119770	44.2289	0.9746
EST1247106101S1K	stools_12117150	na	NZ_LR134216.1	4647667	562730	12.1078	561135	99.7166	557551	99.3613	1595	0.2834	559139	99.3619	5355	0.9516	1764	32.9412	195	3.6415	3166	59.1223	1901	35.4995	81377	52.1708	106136	36.5644	0.9776
EST1247108101S1K	EST1254206101S1K	na	NZ_CP101274.1	4892441	239253	4.8903	238702	99.7697	237356	99.4361	551	0.2303	237901	99.4349	2084	0.8710	732	35.1248	188	9.0211	922	44.2418	934	44.8177	83964	55.3428	45224	100.0000	0.9915
EST1247108101S1K	EST1256804101S1K	na	NZ_CP070930.1	4668053	1533487	32.8507	1530335	99.7945	1528554	99.8836	3152	0.2055	1531704	99.8837	5833	0.3804	4050	69.4325	925	15.8580	1648	28.2530	3173	54.3974	182918	93.1795	238356	90.2314	0.9807
EST1247108101S1K	EST1350511101S1K	na	NZ_CP070930.1	4668053	564788	12.0990	564212	99.8980	563880	99.9412	576	0.1020	564454	99.9409	1241	0.2197	907	73.0862	333	26.8332	565	45.5278	319	25.7051	182918	88.6058	264927	85.9569	0.9570
EST1247108101S1K	EST1356611101S1K	na	NZ_CP070930.1	4668053	2617062	56.0632	2613265	99.8549	2612669	99.9772	3797	0.1451	2616465	99.9772	6322	0.2416	5725	90.5568	1986	31.4141	2440	38.5954	1669	26.3999	182918	90.2142	219284	85.7655	0.9751
EST1247108101S1K	EST1356618101S1K	na	NZ_CP070930.1	4668053	2678426	57.3778	2668053	99.6127	2667426	99.9765	10373	0.3873	2677799	99.9766	12934	0.4829	12307	95.1523	2023	15.6409	2598	20.0866	8024	62.0380	182918	84.1492	163287	96.6219	0.9837
EST1247108101S1K	EST1358301201S1K	na	NZ_CP070930.1	4668053	2515817	53.8944	2510026	99.7698	2509260	99.9695	5791	0.2302	2515047	99.9694	7986	0.3174	7216	90.3581	1504	18.8330	2644	33.1079	3482	43.6013	182918	47.7361	88147	100.0000	0.9744
EST1247108101S1K	EST1358303101S1K	na	NZ_CP070930.1	4668053	2285954	48.9702	2273265	99.4449	2270963	99.8987	12689	0.5551	2283639	99.8987	16412	0.7179	14097	85.8945	1567	9.5479	2218	13.5145	12336	75.1645	182918	84.0360	168656	91.4589	0.9778
EST1247108101S1K	EST1359005101S1K	na	NZ_CP070930.1	4668053	1147625	24.5847	1146078	99.8652	1145058	99.9110	1547	0.1348	1146602	99.9109	3311	0.2885	2288	69.1030	746	22.5310	1253	37.8436	1279	38.6288	182918	96.0939	234928	89.7054	0.9719
EST1247108101S1K	EST2359005102S1K	na	NZ_CP070930.1	4668053	2674258	57.2885	2670761	99.8692	2670149	99.9771	3497	0.1308	2673646	99.9771	6139	0.2296	5527	90.0309	2088	34.0121	2638	42.9712	1269	20.6711	182918	100.0000	274659	80.5384	0.9733
EST1247108101S1K	stools_11030101	na	NZ_CP070930.1	4668053	1711732	36.6691	1708096	99.7876	1702924	99.6972	3636	0.2124	1706544	99.6969	9214	0.5383	4026	43.6944	410	4.4498	2409	26.1450	6351	68.9277	182918	84.9244	175176	83.2728	0.9740
EST1247108101S1K	stools_11053501	na	NZ_CP070930.1	4668053	2523895	54.0674	2521472	99.9040	2520848	99.9753	2423	0.0960	2523269	99.9752	5092	0.2018	4466	87.7062	2114	41.5161	2362	46.3865	483	9.4855	182918	79.1081	167767	93.1113	0.9781
EST1247108101S1K	stools_12117101	na	NZ_CP070930.1	4668053	1240573	26.5758	1238284	99.8155	1231955	99.4889	2289	0.1845	1234229	99.4886	8935	0.7202	2591	28.9983	317	3.5478	1736	19.4292	6802	76.1276	182918	67.4964	235559	76.6976	0.9561
EST1247109101S1K	EST1256808101S1K	na	NZ_CP022959.1	4746918	2492659	52.5111	2485939	99.7304	2484118	99.9267	6720	0.2696	2490823	99.9263	11698	0.4693	9862	84.3050	3297	28.1843	5807	49.6410	1276	10.9078	118445	100.0000	170251	71.3470	0.9847
EST1247109101S1K	stools_12090150	na	NZ_CP022959.1	4746918	2568034	54.0990	2561462	99.7441	2556555	99.8084	6572	0.2559	2563074	99.8069	12640	0.4922	7680	60.7595	1174	9.2880	7687	60.8149	3144	24.8734	118445	46.7812	149784	45.6978	0.9664
EST1247206101S1K	stools_11006501	na	NZ_CP010134.1	5060525	80486	1.5905	80324	99.7987	79198	98.5982	162	0.2013	79357	98.5973	1588	1.9730	459	28.9043	301	18.9547	801	50.4408	444	27.9597	163422	45.5955	110844	83.6563	0.9822
EST1247208101S1K	EST1357104101S1K	na	NZ_CP073981.1	4774884	1027077	21.5100	1024068	99.7070	1022940	99.8899	3009	0.2930	1025941	99.8894	4457	0.4339	3321	74.5120	389	8.7278	2093	46.9598	1792	40.2064	43170	100.0000	165501	54.5338	0.9741
EST1247208101S1K	EST1358401101S1K	na	NZ_CP073981.1	4774884	1284471	26.9006	1278497	99.5349	1277096	99.8904	5974	0.4651	1283051	99.8894	7799	0.6072	6379	81.7925	630	8.0780	2818	36.1328	4064	52.1092	43170	88.2719	115922	48.5827	0.9823
EST1247208101S1K	stools_11011101	na	NZ_CP029492.1	4423666	573906	12.9735	570213	99.3565	567398	99.5063	3693	0.6435	571074	99.5065	6623	1.1540	3791	57.2399	289	4.3636	2204	33.2780	3840	57.9798	0	0.0000	45439	0.0000	0.9897
EST1247208101S1K	stools_11018101	na	NZ_CP073981.1	4774884	1519142	31.8153	1508410	99.2935	1506631	99.8821	10732	0.7065	1517341	99.8814	13089	0.8616	11288	86.2404	806	6.1578	3348	25.5787	8668	66.2235	43170	76.4582	91823	51.8944	0.9855
EST1247208101S1K	stools_11021501	na	NZ_CP073981.1	4774884	1456484	30.5030	1450429	99.5843	1448811	99.8884	6055	0.4157	1454856	99.8882	8105	0.5565	6477	79.9136	607	7.4892	2909	35.8914	4396	54.2381	43170	88.1862	98317	41.8097	0.9862
EST1247208101S1K	stools_11027501	na	NZ_CP073981.1	4774884	1804943	37.8008	1790634	99.2072	1787828	99.8433	14309	0.7928	1802115	99.8433	17875	0.9903	15047	84.1790	840	4.6993	3595	20.1119	13156	73.6000	43170	88.2719	231623	22.2694	0.9581
EST1247208101S1K	stools_11033150	na	NZ_CP029492.1	4423666	331351	7.4904	329373	99.4030	328318	99.6797	1978	0.5970	330286	99.6786	3091	0.9328	2026	65.5451	88	2.8470	1555	50.3073	1387	44.8722	0	0.0000	27094	0.0000	0.9939
EST1247208101S1K	stools_11041102	na	NZ_CP073981.1	4774884	1519835	31.8298	1515701	99.7280	1514151	99.8977	4134	0.2720	1518274	99.8973	6267	0.4123	4706	75.0918	683	10.8984	3325	53.0557	2042	32.5834	43170	76.4582	46091	73.7498	0.9949
EST1247208101S1K	stools_11048102	na	NZ_CP073981.1	4774884	922325	19.3162	918489	99.5841	916654	99.8002	3836	0.4159	920473	99.7992	6044	0.6553	4192	69.3580	451	7.4619	2046	33.8518	3311	54.7816	43170	88.2719	162793	42.3335	0.9726
EST1247208101S1K	stools_11110101	na	NZ_CP073981.1	4774884	222178	4.6531	221722	99.7948	220932	99.6437	456	0.2052	221385	99.6431	1316	0.5923	523	39.7416	75	5.6991	446	33.8906	758	57.5988	43170	70.1506	252737	26.4302	0.9505
EST1247208101S1K	stools_12061101	na	NZ_CP073981.1	4774884	1027446	21.5177	1022322	99.5013	1018414	99.6177	5124	0.4987	1023513	99.6172	9368	0.9118	5435	58.0167	429	4.5794	1899	20.2711	6812	72.7156	43170	88.2719	163125	37.5399	0.9726
EST1247208101S1K	stools_12064150	na	NZ_CP010171.1	4807161	371502	7.7281	369085	99.3494	366907	99.4099	2417	0.6506	369305	99.4086	4703	1.2659	2506	53.2851	143	3.0406	1761	37.4442	2643	56.1982	28279	81.7143	81200	33.3695	0.9867
EST1247208101S1K	stools_12066101	na	NZ_CP029492.1	4423666	1074985	24.3008	1068104	99.3599	1061767	99.4067	6881	0.6401	1068612	99.4072	13408	1.2473	7035	52.4687	351	2.6178	2991	22.3076	9617	71.7258	0	0.0000	41712	0.0000	0.9906
EST1247210101S1K	stools_11049150	na	NZ_CP085488.1	4672036	2327636	49.8206	2319705	99.6593	2303068	99.2828	7931	0.3407	2310934	99.2824	25226	1.0838	8524	33.7905	729	2.8899	16672	66.0905	7200	28.5420	109326	9.8229	10809	100.0000	0.9788
EST1247210101S1K	stools_12111102	na	NZ_CP085488.1	4672036	1718079	36.7737	1711677	99.6274	1707418	99.7512	6402	0.3726	1713800	99.7509	14976	0.8717	10697	71.4276	4586	30.6223	4373	29.2001	5080	33.9209	109326	72.9095	74506	100.0000	0.9923
EST1247211101S1K	EST1356601101S1K	na	NZ_CP010167.1	4630919	3166772	68.3832	3164189	99.9184	3161874	99.9268	2583	0.0816	3164451	99.9267	5461	0.1724	3140	57.4986	592	10.8405	3074	56.2901	1593	29.1705	88770	100.0000	99362	66.0132	0.9875
EST1254203101S1K	stools_11005150	na	NZ_CP051738.1	5166012	108972	2.1094	108838	99.8770	107999	99.2291	134	0.1230	108132	99.2292	1074	0.9856	234	21.7877	101	9.4041	519	48.3240	439	40.8752	0	0.0000	124529	0.0000	0.9851
EST1254203101S1K	stools_11021101	na	NZ_CP051738.1	5166012	44827	0.8677	44770	99.8728	44147	98.6084	57	0.1272	44204	98.6102	722	1.6106	99	13.7119	42	5.8172	232	32.1330	449	62.1884	0	0.0000	148290	0.0000	0.9713
EST1254203101S1K	stools_12062501	na	NZ_CP051738.1	5166012	227240	4.3988	226242	99.5608	224015	99.0157	998	0.4392	225003	99.0156	3424	1.5068	1187	34.6671	206	6.0164	922	26.9276	2196	64.1355	0	0.0000	38195	0.0000	1.0000
EST1254203101S1K	stools_12079150	na	NZ_CP051738.1	5166012	69042	1.3365	68970	99.8957	68436	99.2258	72	0.1043	68507	99.2251	632	0.9154	97	15.3481	26	4.1139	354	56.0127	238	37.6582	0	0.0000	269499	0.0000	0.9569
EST1254204101S1K	EST1350507101S1K	na	NZ_CP071441.1	4828326	393980	8.1598	392712	99.6782	390816	99.5172	1268	0.3218	392072	99.5157	3290	0.8351	1382	42.0061	141	4.2857	1773	53.8906	1295	39.3617	57014	46.0869	37212	82.7583	0.9908
EST1254204101S1K	EST1350510101S1K	na	NZ_LR134216.1	4647667	870236	18.7241	862928	99.1602	861788	99.8679	7308	0.8398	869074	99.8665	8659	0.9950	7497	86.5804	303	3.4992	1104	12.7497	7059	81.5221	42218	84.2697	46147	70.8042	0.9961
EST1254204101S1K	EST1361010101S1K	na	NZ_CP024260.1	4733683	728117	15.3816	726761	99.8138	725388	99.8111	1356	0.1862	726741	99.8110	2755	0.3784	1379	50.0544	43	1.5608	874	31.7241	1804	65.4809	20095	0.0000	114846	0.0000	0.9726
EST1254204101S1K	stools_11006101	na	NZ_CP071441.1	4828326	156350	3.2382	155790	99.6418	154459	99.1456	560	0.3582	155014	99.1455	1951	1.2478	615	31.5223	65	3.3316	668	34.2389	1193	61.1481	57014	53.3185	58364	34.2985	0.9841
EST1254204101S1K	stools_11017501	na	NZ_LR134216.1	4647667	409423	8.8092	406603	99.3112	405129	99.6375	2820	0.6888	407932	99.6358	4391	1.0725	2900	66.0442	150	3.4161	832	18.9478	3314	75.4726	42218	29.3074	22132	56.2082	0.9915
EST1254204101S1K	stools_11020501	na	NZ_LR134216.1	4647667	439651	9.4596	438339	99.7016	436437	99.5661	1312	0.2984	437748	99.5672	3315	0.7540	1412	42.5943	102	3.0769	702	21.1765	2465	74.3590	42218	0.0000	26544	0.0000	0.9852
EST1254204101S1K	stools_11024150	na	NZ_CP071441.1	4828326	100155	2.0743	99769	99.6146	97644	97.8701	386	0.3854	98018	97.8663	2634	2.6299	497	18.8686	125	4.7456	332	12.6044	2162	82.0805	57014	87.5364	208657	30.5616	0.9624
EST1254204101S1K	stools_11041102	na	NZ_LR134216.1	4647667	295279	6.3533	293901	99.5333	292723	99.5992	1378	0.4667	294093	99.5983	2639	0.8937	1453	55.0587	93	3.5241	649	24.5926	1855	70.2918	42218	29.3074	20532	30.3234	0.9892
EST1254204101S1K	stools_11042150	na	NZ_LR134216.1	4647667	306492	6.5945	305387	99.6395	304132	99.5890	1105	0.3605	305235	99.5899	2438	0.7955	1181	48.4413	89	3.6505	529	21.6981	1779	72.9696	42218	84.2697	45123	77.7652	0.9962
EST1254204101S1K	stools_11113501	na	NZ_LR134216.1	4647667	222184	4.7805	221737	99.7988	220681	99.5238	447	0.2012	221127	99.5243	1531	0.6891	474	30.9602	29	1.8942	341	22.2730	1160	75.7675	42218	84.2697	119770	45.7293	0.9816
EST1254204101S1K	stools_12092150	na	NZ_CP071441.1	4828326	278700	5.7722	276851	99.3366	273834	98.9102	1849	0.6634	275663	98.9103	5024	1.8027	1987	39.5502	170	3.3838	1194	23.7659	3598	71.6162	57014	46.0869	38498	83.9680	0.9907
EST1254204101S1K	stools_12117150	na	NZ_LR134216.1	4647667	476528	10.2531	475194	99.7201	473606	99.6658	1334	0.2799	474935	99.6657	3068	0.6438	1475	48.0769	153	4.9870	667	21.7405	2212	72.0991	42218	100.0000	106136	42.9082	0.9831
EST1254206101S1K	stools_11014101	na	NZ_CP010238.1	4797106	1330111	27.7274	1320753	99.2964	1316046	99.6436	9358	0.7036	1325371	99.6436	14475	1.0883	9735	67.2539	604	4.1727	1517	10.4801	12034	83.1364	21843	72.7602	24000	54.0125	0.9936
EST1254206101S1K	stools_11018102	na	NZ_CP010238.1	4797106	1155933	24.0965	1153860	99.8207	1151935	99.8332	2073	0.1793	1153999	99.8327	4260	0.3685	2326	54.6009	303	7.1127	1618	37.9812	2229	52.3239	21843	36.4236	73880	10.3939	0.9832
EST1254206101S1K	stools_11047101	na	NZ_CP010238.1	4797106	862027	17.9697	858371	99.5759	856525	99.7849	3656	0.4241	860137	99.7807	5980	0.6937	4090	68.3946	605	10.1171	1627	27.2074	3451	57.7090	21843	63.6634	20962	76.1282	0.9978
EST1254206101S1K	stools_11049101	na	NZ_CP010238.1	4797106	1069703	22.2989	1067956	99.8367	1066646	99.8773	1747	0.1633	1068383	99.8766	3296	0.3081	1976	59.9515	279	8.4648	1560	47.3301	1338	40.5947	21843	36.4236	39718	21.2246	0.9905
EST1254206101S1K	stools_11049501	na	NZ_CP010238.1	4797106	850703	17.7337	849323	99.8378	847962	99.8398	1380	0.1622	849337	99.8394	2989	0.3514	1623	54.2991	284	9.5015	1354	45.2994	1262	42.2215	21843	36.4236	39313	21.1915	0.9905
EST1254206101S1K	stools_11106501	na	NZ_CP010238.1	4797106	1043642	21.7557	1039480	99.6012	1036622	99.7251	4162	0.3988	1040767	99.7245	7326	0.7020	4451	60.7562	393	5.3645	1564	21.3486	5206	71.0620	21843	63.6634	69007	19.3082	0.9865
EST1254206101S1K	stools_11112101	na	NZ_CP054227.1	4796742	450396	9.3896	449691	99.8435	446208	99.2255	705	0.1565	446909	99.2258	4239	0.9412	752	17.7400	54	1.2739	391	9.2239	3774	89.0304	44580	59.0556	107072	39.8480	0.9791
EST1254206101S1K	stools_12074501	na	NZ_CP010238.1	4797106	1489303	31.0459	1485625	99.7530	1484174	99.9023	3678	0.2470	1487843	99.9020	5530	0.3713	4070	73.5986	505	9.1320	1771	32.0253	3083	55.7505	21843	63.5764	16381	100.0000	0.9958
EST1254206101S1K	stools_12080101	na	NZ_CP010238.1	4797106	806415	16.8104	803331	99.6176	799939	99.5778	3084	0.3824	803012	99.5780	6760	0.8383	3357	49.6598	368	5.4438	1244	18.4024	5002	73.9941	21843	36.4236	53350	15.6926	0.9876
EST1254206101S1K	stools_12086502	na	NZ_CP054227.1	4796742	1423935	29.6855	1409014	98.9521	1398792	99.2745	14921	1.0479	1413627	99.2761	25259	1.7739	14951	59.1908	174	0.6889	1189	4.7072	23848	94.4139	44580	100.0000	96898	45.5644	0.9844
EST1254206101S1K	stools_12093101_SM-NA1P5	na	NZ_CP054227.1	4796742	2101552	43.8121	2096757	99.7718	2095146	99.9232	4795	0.2282	2099935	99.9231	6558	0.3121	4941	75.3431	191	2.9125	1973	30.0854	4361	66.4989	44580	100.0000	103682	69.6601	0.9874
EST1254206101S1K	stools_12093101_SM-NAWYG	na	NZ_CP054227.1	4796742	2217594	46.2313	2211478	99.7242	2209779	99.9232	6116	0.2758	2215893	99.9233	7992	0.3604	6291	78.7162	198	2.4775	2153	26.9394	5618	70.2953	44580	100.0000	92911	61.3684	0.9872
EST1256804101S1K	EST1350511101S1K	na	NZ_CP070930.1	4668053	477395	10.2269	476714	99.8574	476022	99.8548	681	0.1426	476703	99.8550	1719	0.3601	1027	59.7440	347	20.1862	1030	59.9186	312	18.1501	238356	87.0744	264927	87.3531	0.9687
EST1256804101S1K	EST1356611101S1K	na	NZ_CP070930.1	4668053	2240915	48.0053	2237306	99.8389	2235155	99.9039	3609	0.1611	2238758	99.9037	7677	0.3426	5520	71.9031	1990	25.9216	4024	52.4163	1409	18.3535	238356	86.5307	219284	88.6084	0.9817
EST1256804101S1K	EST1356618101S1K	na	NZ_CP070930.1	4668053	2293330	49.1282	2284559	99.6175	2282468	99.9085	8771	0.3825	2291229	99.9084	12707	0.5541	10606	83.4658	2074	16.3217	3880	30.5344	6327	49.7915	238356	78.0253	163287	93.5512	0.9807
EST1256804101S1K	EST1358301201S1K	na	NZ_CP070930.1	4668053	2019735	43.2672	2014720	99.7517	2012517	99.8907	5015	0.2483	2017529	99.8908	8405	0.4161	6199	73.7537	1323	15.7406	4015	47.7692	2651	31.5407	238356	44.9877	88147	100.0000	0.9652
EST1256804101S1K	EST1358303101S1K	na	NZ_CP070930.1	4668053	1962312	42.0371	1951514	99.4497	1948669	99.8542	10798	0.5503	1959454	99.8544	15112	0.7701	12254	81.0879	1746	11.5537	3094	20.4738	9847	65.1601	238356	76.1374	168656	91.4589	0.9747
EST1256804101S1K	EST1359005101S1K	na	NZ_CP070930.1	4668053	988296	21.1715	986861	99.8548	985448	99.8568	1435	0.1452	986883	99.8570	3636	0.3679	2223	61.1386	800	22.0022	1741	47.8823	1031	28.3553	238356	100.0000	234928	89.1558	0.9768
EST1256804101S1K	EST2359005102S1K	na	NZ_CP070930.1	4668053	2287658	49.0067	2284316	99.8539	2282190	99.9069	3342	0.1461	2285530	99.9070	7462	0.3262	5334	71.4822	2033	27.2447	4130	55.3471	1156	15.4918	238356	100.0000	274659	84.3180	0.9842
EST1256804101S1K	stools_11030101	na	NZ_CP070930.1	4668053	1438595	30.8179	1435249	99.7674	1430215	99.6493	3346	0.2326	1433549	99.6492	8868	0.6164	3822	43.0988	517	5.8300	3305	37.2688	4908	55.3451	238356	85.8829	175176	89.9273	0.9707
EST1256804101S1K	stools_11053501	na	NZ_CP070930.1	4668053	2147942	46.0137	2145453	99.8841	2143318	99.9005	2489	0.1159	2145805	99.9005	6634	0.3089	4497	67.7872	2061	31.0672	3919	59.0745	510	7.6877	238356	84.5844	167767	100.0000	0.9794
EST1256804101S1K	stools_12117101	na	NZ_CP070930.1	4668053	1073749	23.0021	1071690	99.8082	1066080	99.4765	2059	0.1918	1068128	99.4765	8164	0.7603	2543	31.1489	502	6.1489	2093	25.6369	5410	66.2665	238356	61.1208	235559	73.5777	0.9533
EST1256805101S1K	EST1256808101S1K	na	NZ_CP035751.1	5249232	2492285	47.4790	2475234	99.3158	2473686	99.9375	17051	0.6842	2490719	99.9372	19777	0.7935	18211	92.0817	1918	9.6981	10964	55.4381	6370	32.2091	94629	76.6847	99938	50.9606	0.9815
EST1256805101S1K	EST1256810101S1K	na	NZ_CP043414.1	5133009	1623310	31.6249	1611147	99.2507	1608744	99.8509	12163	0.7493	1620893	99.8511	15467	0.9528	13050	84.3732	926	5.9869	13166	85.1232	1106	7.1507	149281	78.8761	124085	90.4034	0.9867
EST1256805101S1K	stools_11001150	na	NZ_CP035751.1	5249232	1238575	23.5954	1231847	99.4568	1228341	99.7154	6728	0.5432	1235054	99.7157	10668	0.8613	7147	66.9948	535	5.0150	5252	49.2313	4461	41.8166	94629	51.7378	57667	86.6891	0.9895
EST1256805101S1K	stools_11007101	na	NZ_CP035751.1	5249232	4317475	82.2497	4293599	99.4470	4292407	99.9722	23876	0.5530	4316273	99.9722	27129	0.6284	25927	95.5693	2982	10.9919	17604	64.8900	5778	21.2982	94629	94.2428	85102	87.4797	0.9915
EST1256805101S1K	stools_11054102	na	NZ_CP035751.1	5249232	4063445	77.4103	4032349	99.2347	4028984	99.9165	31096	0.7653	4060027	99.9159	34990	0.8611	31572	90.2315	1308	3.7382	19063	54.4813	14303	40.8774	94629	57.4338	29994	100.0000	0.9875
EST1256805101S1K	stools_12093501	na	NZ_CP035751.1	5249232	1835725	34.9713	1826752	99.5112	1819735	99.6159	8973	0.4888	1828686	99.6166	16301	0.8880	9262	56.8186	340	2.0858	7759	47.5983	7610	46.6843	94629	86.6891	327803	19.1243	0.9422
EST1256808101S1K	stools_11001150	na	NZ_CP035751.1	5249232	788729	15.0256	785548	99.5967	782749	99.6437	3181	0.4033	785924	99.6444	6346	0.8046	3541	55.7989	439	6.9177	2387	37.6142	3288	51.8122	99938	33.8960	57667	57.0552	0.9833
EST1256808101S1K	stools_11007101	na	NZ_CP035751.1	5249232	2309570	43.9982	2300097	99.5898	2298328	99.9231	9473	0.4102	2307790	99.9229	12433	0.5383	10653	85.6833	1603	12.8931	6223	50.0523	4231	34.0304	99938	50.9606	85102	72.7315	0.9809
EST1256808101S1K	stools_11054102	na	NZ_CP035751.1	5249232	2380116	45.3422	2365107	99.3694	2362291	99.8809	15009	0.6306	2377279	99.8808	18125	0.7615	15288	84.3476	954	5.2634	7456	41.1366	9413	51.9338	99938	33.8960	29994	74.3149	0.9837
EST1256808101S1K	stools_12090150	na	NZ_CP022959.1	4746918	3918717	82.5529	3917991	99.9815	3911172	99.8260	726	0.0185	3911892	99.8258	9737	0.2485	2912	29.9065	2206	22.6558	3509	36.0378	3962	40.6902	170251	45.8417	149784	61.4859	0.9648
EST1256808101S1K	stools_12093501	na	NZ_CP035751.1	5249232	958477	18.2594	955765	99.7171	951177	99.5200	2712	0.2829	953876	99.5200	7548	0.7875	2947	39.0435	268	3.5506	2159	28.6036	4752	62.9571	99938	45.0779	327803	11.7043	0.9352
EST1256810101S1K	EST1357104101S1K	na	NZ_AP021895.1	4557772	489005	10.7290	488229	99.8413	487223	99.7939	776	0.1587	487996	99.7937	1899	0.3883	890	46.8668	126	6.6351	812	42.7593	931	49.0258	67451	60.8620	91654	46.1464	0.9832
EST1256810101S1K	stools_12099101	na	CP103704.1	4796534	773039	16.1166	768565	99.4212	766745	99.7632	4474	0.5788	771210	99.7634	6428	0.8315	4599	71.5464	173	2.6914	839	13.0523	5346	83.1674	137766	56.8863	85104	92.7829	0.9835
EST1256810101S1K	stools_12099150	na	CP103704.1	4796534	468396	9.7653	464351	99.1364	462864	99.6798	4045	0.8636	466890	99.6785	5670	1.2105	4164	73.4392	165	2.9101	596	10.5115	4849	85.5203	137766	32.7011	51492	67.3444	0.9740
EST1256810101S1K	stools_12120501	na	NZ_AP021895.1	4557772	201323	4.4171	201076	99.8773	200473	99.7001	247	0.1227	200720	99.7005	896	0.4451	293	32.7009	46	5.1339	392	43.7500	446	49.7768	67451	100.0000	148911	55.6326	0.9821
EST1350502101S1K	stools_11054101	na	NZ_CP024131.1	5084741	738928	14.5323	737343	99.7855	735855	99.7982	1585	0.2145	737438	99.7984	3448	0.4666	1958	56.7865	386	11.1949	752	21.8097	2270	65.8353	108875	86.0372	203566	56.4628	0.9662
EST1350502101S1K	stools_11107101	na	NZ_CP024131.1	5084741	211713	4.1637	211533	99.9150	210165	99.3533	180	0.0850	210345	99.3538	1643	0.7761	275	16.7377	95	5.7821	248	15.0943	1294	78.7584	108875	59.7869	194428	53.4969	0.9699
EST1350507101S1K	EST1358301101S1K	na	NZ_LR134231.1	4594692	4007101	87.2115	3985746	99.4671	3982161	99.9101	21355	0.5329	4003490	99.9099	25743	0.6424	22132	85.9729	1083	4.2070	3447	13.3900	20807	80.8259	39446	61.2052	55154	38.7170	0.9883
EST1350507101S1K	stools_11006101	na	NZ_CP071441.1	4828326	661561	13.7017	658282	99.5044	654714	99.4580	3279	0.4956	657953	99.4546	6991	1.0567	3383	48.3908	245	3.5045	1891	27.0491	4595	65.7274	37212	22.0305	58364	11.9886	0.9842
EST1350507101S1K	stools_11007150	na	NZ_LR134231.1	4594692	1169305	25.4490	1165884	99.7074	1159794	99.4776	3421	0.2926	1163178	99.4760	9687	0.8284	3560	36.7503	216	2.2298	945	9.7553	8343	86.1257	39446	57.2834	54887	59.8666	0.9904
EST1350507101S1K	stools_11024150	na	NZ_CP071441.1	4828326	456444	9.4535	453899	99.4424	446094	98.2805	2545	0.5576	448576	98.2762	10499	2.3002	2631	25.0595	194	1.8478	1253	11.9345	8738	83.2270	37212	57.8819	208657	13.8869	0.9594
EST1350507101S1K	stools_11038101	na	NZ_LR134231.1	4594692	2151109	46.8173	2145252	99.7277	2142497	99.8716	5857	0.2723	2148338	99.8712	8822	0.4101	6051	68.5899	293	3.3212	3054	34.6180	5278	59.8277	39446	31.9221	28166	46.3005	0.9907
EST1350507101S1K	stools_11038501	na	NZ_LR134231.1	4594692	465721	10.1361	465423	99.9360	464674	99.8391	298	0.0640	464971	99.8390	1235	0.2652	485	39.2713	188	15.2227	245	19.8381	742	60.0810	39446	68.0779	162476	22.4236	0.9679
EST1350507101S1K	stools_11044501	na	NZ_LR134231.1	4594692	2106838	45.8537	2098542	99.6062	2095112	99.8366	8296	0.3938	2103393	99.8365	11995	0.5693	8550	71.2797	381	3.1763	2764	23.0429	8634	71.9800	39446	70.7169	49308	57.2179	0.9915
EST1350507101S1K	stools_11107501	na	NZ_LR134231.1	4594692	557064	12.1241	556347	99.8713	554493	99.6668	717	0.1287	555202	99.6657	2850	0.5116	988	34.6667	282	9.8947	1144	40.1404	1326	46.5263	39446	100.0000	157531	31.7531	0.9741
EST1350507101S1K	stools_12058101	na	NZ_CP098201.1	5160718	3577360	69.3190	3569099	99.7691	3565943	99.9116	8261	0.2309	3574184	99.9112	12417	0.3471	9241	74.4222	1158	9.3259	7477	60.2158	3586	28.8798	81058	55.5047	36083	81.9499	0.9846
EST1350507101S1K	stools_12058150	na	NZ_LR134231.1	4594692	416165	9.0575	415060	99.7345	413551	99.6364	1105	0.2655	414648	99.6355	2723	0.6543	1206	44.2894	119	4.3702	1471	54.0213	1059	38.8909	39446	100.0000	118020	43.4359	0.9816
EST1350507101S1K	stools_12060501	na	NZ_LR134231.1	4594692	1618244	35.2199	1614384	99.7615	1607497	99.5734	3860	0.2385	1611341	99.5734	11033	0.6818	4130	37.4332	302	2.7372	1371	12.4264	9221	83.5765	39446	86.5664	68981	53.1929	0.9896
EST1350507101S1K	stools_12062101	na	NZ_LR134231.1	4594692	1613903	35.1254	1610610	99.7960	1606263	99.7301	3293	0.2040	1609547	99.7301	7802	0.4834	3446	44.1682	178	2.2815	1550	19.8667	5996	76.8521	39446	86.5664	60817	67.4039	0.9942
EST1350507101S1K	stools_12072101	na	NZ_LR134231.1	4594692	1057123	23.0075	1052024	99.5177	1049696	99.7787	5099	0.4823	1054782	99.7785	7536	0.7129	5195	68.9358	166	2.2028	2549	33.8243	4730	62.7654	39446	70.7169	30305	100.0000	0.9969
EST1350507101S1K	stools_12084101	na	NZ_LR134231.1	4594692	1908222	41.5310	1899151	99.5246	1896055	99.8370	9071	0.4754	1905107	99.8368	12575	0.6590	9460	75.2286	604	4.8032	2364	18.7992	9241	73.4871	39446	100.0000	45884	82.3555	0.9964
EST1350507101S1K	stools_12084102	na	NZ_LR134231.1	4594692	3518953	76.5874	3514127	99.8629	3508938	99.8523	4826	0.1371	3513731	99.8516	10769	0.3060	5547	51.5090	879	8.1623	2687	24.9512	6844	63.5528	39446	70.7169	44020	72.6465	0.9939
EST1350507101S1K	stools_12092150	na	NZ_CP071441.1	4828326	1246714	25.8208	1236966	99.2181	1227482	99.2333	9748	0.7819	1237149	99.2328	19404	1.5564	9839	50.7060	363	1.8707	2967	15.2907	15875	81.8130	37212	82.7583	38498	83.9680	0.9970
EST1350507101S1K	stools_12098150	na	NZ_LR134231.1	4594692	482813	10.5081	481273	99.6810	479203	99.5699	1540	0.3190	480730	99.5686	3772	0.7813	1689	44.7773	170	4.5069	1641	43.5048	1891	50.1326	39446	100.0000	97381	45.3107	0.9873
EST1350507101S1K	stools_12114501	na	NZ_CP098201.1	5160718	2951493	57.1915	2940604	99.6311	2937184	99.8837	10889	0.3689	2948042	99.8831	14975	0.5074	11524	76.9549	905	6.0434	6494	43.3656	7391	49.3556	81058	62.4479	108296	53.4360	0.9806
EST1350510101S1K	stools_11001501	na	NZ_CP039403.1	4702395	1216963	25.8796	1215200	99.8551	1204493	99.1189	1763	0.1449	1206234	99.1184	17678	1.4526	6949	39.3087	5218	29.5169	6469	36.5935	5659	32.0115	105094	60.6657	279218	24.3480	0.9486
EST1350510101S1K	stools_11017501	na	NZ_LR134216.1	4647667	1308584	28.1557	1292261	98.7526	1288978	99.7459	16323	1.2474	1305246	99.7449	19830	1.5154	16492	83.1669	1075	5.4211	10355	52.2189	7657	38.6132	46147	39.7339	22132	100.0000	0.9932
EST1350510101S1K	stools_11020501	na	NZ_LR134216.1	4647667	1904923	40.9866	1888721	99.1495	1884028	99.7515	16202	0.8505	1900179	99.7510	21270	1.1166	16526	77.6963	843	3.9633	12631	59.3841	7048	33.1359	46147	18.2764	26544	37.8353	0.9887
EST1350510101S1K	stools_11041102	na	NZ_LR134216.1	4647667	888705	19.1215	878910	98.8978	875827	99.6492	9795	1.1022	885569	99.6471	13026	1.4657	9890	75.9251	366	2.8098	8095	62.1449	4266	32.7499	46147	39.7339	20532	63.8662	0.9910
EST1350510101S1K	stools_11042150	na	NZ_LR134216.1	4647667	1089832	23.4490	1079129	99.0179	1076274	99.7354	10703	0.9821	1086946	99.7352	13775	1.2640	10889	79.0490	538	3.9056	8227	59.7241	4557	33.0817	46147	89.0805	45123	100.0000	0.9990
EST1350510101S1K	stools_11113501	na	NZ_LR134216.1	4647667	899850	19.3613	893048	99.2441	889598	99.6137	6802	0.7559	896346	99.6106	10391	1.1547	6887	66.2785	158	1.5205	6266	60.3022	3887	37.4074	46147	89.0805	119770	53.5226	0.9809
EST1350510101S1K	stools_12070101	na	NZ_CP039403.1	4702395	2717977	57.7998	2709949	99.7046	2681303	98.9429	8028	0.2954	2689222	98.9420	37166	1.3674	8411	22.6309	627	1.6870	31981	86.0491	3568	9.6002	105094	11.9265	23689	53.3454	0.9778
EST1350510101S1K	stools_12117150	na	NZ_CP039403.1	4702395	2112330	44.9203	2108638	99.8252	2107070	99.9256	3692	0.1748	2110749	99.9252	19128	0.9055	17547	91.7346	13996	73.1702	2085	10.9003	2044	10.6859	105094	90.9662	201591	49.2333	0.9745
EST1350510101S1K	stools_12117150	na	NZ_LR134216.1	4647667	1875307	40.3494	1859614	99.1632	1856623	99.8392	15693	0.8368	1872285	99.8389	19070	1.0169	16048	84.1531	1500	7.8658	11918	62.4961	4296	22.5275	46147	100.0000	106136	48.4143	0.9859
EST1350511101S1K	EST1356611101S1K	na	NZ_CP070930.1	4668053	795323	17.0376	794680	99.9192	794316	99.9542	643	0.0808	794958	99.9541	1715	0.2156	1350	78.7172	709	41.3411	437	25.4810	480	27.9883	264927	77.0805	219284	80.3488	0.9633
EST1350511101S1K	EST1356618101S1K	na	NZ_CP070930.1	4668053	820114	17.5687	817499	99.6811	817151	99.9574	2615	0.3189	819761	99.9570	3684	0.4492	3331	90.4180	731	19.8426	398	10.8035	2440	66.2324	264927	74.8070	163287	84.6020	0.9577
EST1350511101S1K	EST1358301201S1K	na	NZ_CP070930.1	4668053	727318	15.5808	726201	99.8464	725825	99.9482	1117	0.1536	726941	99.9482	1945	0.2674	1568	80.6170	452	23.2391	421	21.6452	947	48.6889	264927	50.2403	88147	82.8321	0.9523
EST1350511101S1K	EST1358303101S1K	na	NZ_CP070930.1	4668053	716055	15.3395	712483	99.5012	711762	99.8988	3572	0.4988	715328	99.8985	4872	0.6804	4145	85.0780	589	12.0895	345	7.0813	3843	78.8793	264927	71.2713	168656	84.6973	0.9564
EST1350511101S1K	EST1359005101S1K	na	NZ_CP070930.1	4668053	365313	7.8258	365138	99.9521	364785	99.9033	175	0.0479	364960	99.9034	809	0.2215	456	56.3659	285	35.2287	181	22.3733	338	41.7800	264927	91.7502	234928	81.8855	0.9728
EST1350511101S1K	EST2359005102S1K	na	NZ_CP070930.1	4668053	819516	17.5558	818980	99.9346	818614	99.9553	536	0.0654	819149	99.9552	1662	0.2028	1295	77.9182	761	45.7882	434	26.1131	436	26.2335	264927	91.7502	274659	81.0714	0.9657
EST1350511101S1K	stools_11030101	na	NZ_CP070930.1	4668053	518307	11.1033	517547	99.8534	515909	99.6835	760	0.1466	516664	99.6830	2551	0.4922	908	35.5939	154	6.0368	573	22.4618	1818	71.2662	264927	87.3531	175176	82.5438	0.9608
EST1350511101S1K	stools_11053501	na	NZ_CP070930.1	4668053	754141	16.1554	753959	99.9759	753624	99.9556	182	0.0241	753805	99.9554	1283	0.1701	947	73.8114	766	59.7038	382	29.7740	105	8.1839	264927	81.3069	167767	92.6469	0.9581
EST1350511101S1K	stools_12117101	na	NZ_CP070930.1	4668053	388061	8.3131	387633	99.8897	385721	99.5067	428	0.1103	386147	99.5068	2483	0.6398	569	22.9158	143	5.7592	325	13.0890	2012	81.0310	264927	68.0184	235559	54.9463	0.9473
EST1350804101S1K	stools_11002150	na	NZ_CP049845.1	5016451	1317374	26.2611	1311968	99.5896	1305849	99.5336	5406	0.4104	1311224	99.5332	11906	0.9038	5756	48.3454	487	4.0904	3673	30.8500	6486	54.4767	18827	72.0402	191014	24.0480	0.9635
EST1350807101S1K	EST1358302101S1K	na	NZ_CP027126.1	4877957	571507	11.7161	567613	99.3186	564719	99.4901	3894	0.6814	568584	99.4885	6983	1.2219	4060	58.1412	250	3.5801	2915	41.7442	3428	49.0906	124959	60.8432	88054	82.2938	0.9807
EST1350807101S1K	stools_11016501	na	NZ_CP070103.1	4710693	1828713	38.8205	1826107	99.8575	1819802	99.6547	2606	0.1425	1822394	99.6545	9871	0.5398	3552	35.9842	989	10.0192	3379	34.2316	5290	53.5913	107462	85.3009	208569	41.2367	0.9686
EST1350807101S1K	stools_11048102	na	NZ_CP027126.1	4877957	398533	8.1701	397438	99.7252	395037	99.3959	1095	0.2748	396127	99.3963	3687	0.9251	1281	34.7437	203	5.5058	1907	51.7223	1478	40.0868	124959	70.6400	117442	75.1103	0.9798
EST1350807101S1K	stools_12079101	na	NZ_CP027126.1	4877957	636528	13.0491	634433	99.6709	631034	99.4642	2095	0.3291	633120	99.4646	5717	0.8982	2309	40.3883	255	4.4604	3377	59.0694	1915	33.4966	124959	63.3400	78126	78.4886	0.9792
EST1350807101S1K	stools_12116150	na	NZ_CP027126.1	4877957	171990	3.5259	171817	99.8994	170845	99.4343	173	0.1006	171015	99.4331	1214	0.7059	239	19.6870	70	5.7661	910	74.9588	229	18.8633	124959	66.8475	153421	86.5397	0.9789
EST1356602101S1K	stools_11026101	na	NZ_CP075716.1	4870208	838656	17.2201	837236	99.8307	835702	99.8168	1420	0.1693	837120	99.8168	3284	0.3916	1748	53.2278	334	10.1705	1269	38.6419	1643	50.0305	179910	60.2946	202364	69.6883	0.9677
EST1356602101S1K	stools_11039150	na	NZ_CP075716.1	4870208	1826855	37.5108	1821402	99.7015	1816809	99.7478	5453	0.2985	1822251	99.7480	10945	0.5991	6341	57.9351	965	8.8168	2304	21.0507	7486	68.3965	179910	77.9634	162260	84.5951	0.9808
EST1356602101S1K	stools_12071150	na	NZ_CP075716.1	4870208	1509959	31.0040	1506840	99.7934	1504637	99.8538	3119	0.2066	1507752	99.8538	5690	0.3768	3483	61.2127	405	7.1178	2464	43.3040	2718	47.7680	179910	56.2009	167391	62.6748	0.9675
EST1356604101S1K	EST1358401101S1K	na	NZ_CP019267.1	4740860	867862	18.3060	865316	99.7066	864221	99.8735	2546	0.2934	866760	99.8730	3729	0.4297	2627	70.4478	94	2.5208	681	18.2623	2912	78.0906	191583	62.2388	99059	100.0000	0.9758
EST1356604101S1K	stools_12090501	na	NZ_CP019267.1	4740860	665054	14.0281	661827	99.5148	659654	99.6717	3227	0.4852	662871	99.6718	5486	0.8249	3303	60.2078	95	1.7317	568	10.3536	4778	87.0944	191583	60.7340	78812	72.2961	0.9662
EST1356611101S1K	EST1356618101S1K	na	NZ_CP070930.1	4668053	4068382	87.1537	4054414	99.6567	4054168	99.9939	13968	0.3433	4068136	99.9940	18820	0.4626	18574	98.6929	4941	26.2540	2159	11.4718	10910	57.9702	219284	82.3840	163287	93.4716	0.9815
EST1356611101S1K	EST1358301201S1K	na	NZ_CP070930.1	4668053	3565133	76.3730	3557762	99.7932	3556938	99.9768	7371	0.2068	3564304	99.9767	10874	0.3050	10045	92.3763	2901	26.6783	2582	23.7447	4533	41.6866	219284	44.2486	88147	100.0000	0.9694
EST1356611101S1K	EST1358303101S1K	na	NZ_CP070930.1	4668053	3399084	72.8159	3382730	99.5189	3379863	99.9152	16354	0.4811	3396204	99.9153	22366	0.6580	19486	87.1233	3398	15.1927	1983	8.8661	16318	72.9590	219284	79.2871	168656	90.6538	0.9726
EST1356611101S1K	EST1359005101S1K	na	NZ_CP070930.1	4668053	1695142	36.3137	1693484	99.9022	1692414	99.9368	1658	0.0978	1694072	99.9369	4304	0.2539	3234	75.1394	1583	36.7797	933	21.6775	1649	38.3132	219284	92.3629	234928	85.2342	0.9754
EST1356611101S1K	EST2359005102S1K	na	NZ_CP070930.1	4668053	4048367	86.7250	4043941	99.8907	4043808	99.9967	4426	0.1093	4048234	99.9967	9428	0.2329	9295	98.5893	5085	53.9351	2219	23.5363	1625	17.2359	219284	100.0000	274659	85.3983	0.9828
EST1356611101S1K	stools_11030101	na	NZ_CP070930.1	4668053	2575762	55.1785	2570521	99.7965	2562948	99.7054	5241	0.2035	2568169	99.7052	13768	0.5345	6175	44.8504	984	7.1470	3491	25.3559	9068	65.8629	219284	81.7670	175176	77.2006	0.9648
EST1356611101S1K	stools_11053501	na	NZ_CP070930.1	4668053	3913832	83.8429	3910479	99.9143	3910331	99.9962	3353	0.0857	3913684	99.9962	8743	0.2234	8595	98.3072	5516	63.0905	2218	25.3689	494	5.6502	219284	74.1039	167767	89.2613	0.9748
EST1356611101S1K	stools_12117101	na	NZ_CP070930.1	4668053	1844357	39.5102	1841557	99.8482	1833080	99.5397	2800	0.1518	1835867	99.5397	12060	0.6539	3570	29.6020	795	6.5920	1719	14.2537	9213	76.3930	219284	66.8904	235559	75.3230	0.9595
EST1356618101S1K	EST1358301201S1K	na	NZ_CP070930.1	4668053	3624267	77.6398	3608894	99.5758	3608182	99.9803	15373	0.4242	3623551	99.9802	18768	0.5178	18052	96.1850	3136	16.7093	10401	55.4188	4426	23.5827	163287	44.7696	88147	94.2709	0.9766
EST1356618101S1K	EST1358303101S1K	na	NZ_CP070930.1	4668053	3464798	74.2236	3440807	99.3076	3438041	99.9196	23991	0.6924	3462007	99.9194	29888	0.8626	27097	90.6618	4018	13.4435	8826	29.5302	16310	54.5704	163287	85.4275	168656	79.8863	0.9813
EST1356618101S1K	EST1359005101S1K	na	NZ_CP070930.1	4668053	1734633	37.1597	1729003	99.6754	1727964	99.9399	5630	0.3246	1733590	99.9399	8186	0.4719	7143	87.2587	1553	18.9714	4745	57.9648	1609	19.6555	163287	96.6219	234928	77.0304	0.9683
EST1356618101S1K	EST2359005102S1K	na	NZ_CP070930.1	4668053	4116233	88.1788	4102797	99.6736	4102657	99.9966	13436	0.3264	4116093	99.9966	18363	0.4461	18223	99.2376	5009	27.2777	11173	60.8452	1662	9.0508	163287	100.0000	274659	69.8364	0.9751
EST1356618101S1K	stools_11030101	na	NZ_CP070930.1	4668053	2608916	55.8887	2598103	99.5855	2590682	99.7144	10813	0.4145	2601474	99.7147	19183	0.7353	11741	61.2052	1065	5.5518	8917	46.4839	8804	45.8948	163287	89.2772	175176	79.2985	0.9735
EST1356618101S1K	stools_11053501	na	NZ_CP070930.1	4668053	3933191	84.2576	3921527	99.7034	3921337	99.9952	11664	0.2966	3933001	99.9952	16776	0.4265	16586	98.8674	5165	30.7880	10584	63.0901	476	2.8374	163287	82.1988	167767	79.1592	0.9799
EST1356618101S1K	stools_12117101	na	NZ_CP070930.1	4668053	1878595	40.2437	1871514	99.6231	1863263	99.5591	7081	0.3769	1870319	99.5595	16131	0.8587	7855	48.6951	828	5.1330	5631	34.9079	9030	55.9792	163287	67.2093	235559	76.1194	0.9577
EST1356803101S1K	EST1357102101S1K	na	NZ_CP024147.1	4639454	236045	5.0878	235628	99.8233	234226	99.4050	417	0.1767	234640	99.4048	1895	0.8028	490	25.8575	78	4.1161	609	32.1372	1181	62.3219	112988	43.0125	53210	100.0000	0.9892
EST1356803101S1K	EST1359004101S1K	na	NZ_CP024147.1	4639454	269868	5.8168	269452	99.8459	268112	99.5027	416	0.1541	268528	99.5035	1802	0.6677	462	25.6382	47	2.6082	559	31.0211	1180	65.4828	112988	32.6690	110919	58.9421	0.9742
EST1356803101S1K	stools_11002150	na	NZ_CP016628.1	4867152	1541912	31.6800	1539572	99.8482	1532993	99.5727	2340	0.1518	1535320	99.5725	9710	0.6297	3118	32.1112	810	8.3419	3891	40.0721	4898	50.4428	247695	61.3936	173140	92.8953	0.9681
EST1356803101S1K	stools_11020101	na	NZ_CP024147.1	4639454	474571	10.2290	473718	99.8203	472077	99.6536	853	0.1797	472929	99.6540	2536	0.5344	894	35.2524	45	1.7744	1189	46.8849	1279	50.4338	112988	84.5594	173478	78.9518	0.9713
EST1356803101S1K	stools_11022150	na	NZ_CP016628.1	4867152	621159	12.7623	620473	99.8896	617514	99.5231	686	0.1104	618197	99.5231	4034	0.6494	1072	26.5741	389	9.6430	1385	34.3332	2233	55.3545	247695	65.6416	238219	78.4778	0.9605
EST1356803101S1K	stools_11028150	na	NZ_CP016628.1	4867152	1167703	23.9915	1166368	99.8857	1161494	99.5821	1335	0.1143	1162823	99.5821	6845	0.5862	1965	28.7071	637	9.3061	2778	40.5844	3357	49.0431	247695	63.9020	235182	76.5050	0.9581
EST1356803101S1K	stools_11047150	na	NZ_CP016628.1	4867152	2144148	44.0534	2138815	99.7513	2129373	99.5585	5333	0.2487	2134686	99.5587	15927	0.7428	6465	40.5914	1201	7.5407	4703	29.5285	9804	61.5558	247695	50.4818	135242	83.2101	0.9621
EST1356803101S1K	stools_11053101	na	NZ_CP024147.1	4639454	1693987	36.5126	1691214	99.8363	1688598	99.8453	2773	0.1637	1691361	99.8450	5756	0.3398	3130	54.3780	397	6.8972	4054	70.4309	1188	20.6393	112988	62.5668	91107	82.8158	0.9829
EST1356803101S1K	stools_12067101	na	NZ_CP016628.1	4867152	473176	9.7218	472412	99.8385	470379	99.5697	764	0.1615	471137	99.5691	3502	0.7401	1463	41.7761	707	20.1885	469	13.3923	2311	65.9909	247695	84.6081	338079	88.3832	0.9473
EST1356803101S1K	stools_12081101	na	NZ_CP024147.1	4639454	1659793	35.7756	1657562	99.8656	1654573	99.8197	2231	0.1344	1656801	99.8197	5371	0.3236	2379	44.2934	164	3.0534	4327	80.5623	844	15.7140	112988	48.1883	89014	69.3947	0.9806
EST1357102101S1K	EST1359004101S1K	na	NZ_CP024147.1	4639454	85334	1.8393	85198	99.8406	84524	99.2089	136	0.1594	84658	99.2078	843	0.9879	167	19.8102	33	3.9146	453	53.7367	358	42.4674	53210	73.5670	110919	26.8466	0.9757
EST1357102101S1K	stools_11020101	na	NZ_CP024147.1	4639454	154871	3.3381	154690	99.8831	153699	99.3594	181	0.1169	153879	99.3595	1205	0.7781	213	17.6763	34	2.8216	785	65.1452	381	31.6183	53210	100.0000	173478	25.0043	0.9817
EST1357102101S1K	stools_11023101	na	NZ_CP087377.1	5230678	143774	2.7487	143555	99.8477	142696	99.4016	219	0.1523	142912	99.4004	1131	0.7867	269	23.7843	54	4.7745	752	66.4898	312	27.5862	20582	0.0000	24986	0.0000	0.9961
EST1357102101S1K	stools_11053101	na	NZ_CP024147.1	4639454	531719	11.4608	531013	99.8672	528539	99.5341	706	0.1328	529242	99.5342	3235	0.6084	758	23.4312	56	1.7311	2652	81.9784	492	15.2087	53210	100.0000	91107	52.3626	0.9886
EST1357102101S1K	stools_12081101	na	NZ_CP024147.1	4639454	522665	11.2657	522136	99.8988	519801	99.5528	529	0.1012	520328	99.5529	2926	0.5598	589	20.1299	64	2.1873	2579	88.1408	242	8.2707	53210	100.0000	89014	58.5447	0.9932
EST1357102101S1K	stools_12092101	na	NZ_CP087377.1	5230678	276683	5.2896	273087	98.7003	270014	98.8747	3596	1.2997	273589	98.8818	6769	2.4465	3675	54.2916	117	1.7285	1337	19.7518	5183	76.5697	20582	100.0000	95021	30.7869	0.9961
EST1357104101S1K	EST1358401101S1K	na	NZ_CP073981.1	4774884	1021925	21.4021	1018294	99.6447	1017202	99.8928	3631	0.3553	1020823	99.8922	5018	0.4910	3916	78.0391	352	7.0147	1691	33.6987	2866	57.1144	165501	84.8666	115922	100.0000	0.9882
EST1357104101S1K	stools_11018101	na	NZ_CP073981.1	4774884	1223972	25.6335	1216177	99.3631	1214900	99.8950	7795	0.6369	1222674	99.8940	9485	0.7749	8187	86.3152	483	5.0923	2001	21.0965	6874	72.4723	165501	73.8823	91823	87.3398	0.9791
EST1357104101S1K	stools_11021501	na	NZ_CP073981.1	4774884	1242958	26.0312	1238534	99.6441	1237182	99.8908	4424	0.3559	1241599	99.8907	6052	0.4869	4693	77.5446	358	5.9154	2015	33.2948	3611	59.6662	165501	79.8817	98317	87.0633	0.9797
EST1357104101S1K	stools_11027501	na	NZ_CP073981.1	4774884	1545806	32.3737	1533816	99.2244	1531906	99.8755	11990	0.7756	1543887	99.8759	14638	0.9469	12719	86.8903	798	5.4516	2431	16.6075	11359	77.5994	165501	93.2158	231623	62.1743	0.9722
EST1357104101S1K	stools_11041102	na	NZ_CP073981.1	4774884	1042783	21.8389	1041084	99.8371	1039900	99.8863	1699	0.1629	1041594	99.8860	3217	0.3085	2028	63.0401	364	11.3149	1748	54.3363	1049	32.6080	165501	65.0830	46091	100.0000	0.9747
EST1357104101S1K	stools_11048102	na	NZ_CP073981.1	4774884	787703	16.4968	785425	99.7108	783982	99.8163	2278	0.2892	786250	99.8155	4030	0.5116	2577	63.9454	329	8.1638	1234	30.6203	2334	57.9156	165501	93.1161	162793	86.2285	0.9828
EST1357104101S1K	stools_11110101	na	NZ_CP073981.1	4774884	194852	4.0808	194577	99.8589	193943	99.6742	275	0.1411	194218	99.6746	974	0.4999	340	34.9076	68	6.9815	346	35.5236	552	56.6735	165501	75.1125	252737	43.1670	0.9448
EST1357104101S1K	stools_12061101	na	NZ_CP073981.1	4774884	902200	18.8947	898259	99.5632	894635	99.5966	3941	0.4368	898565	99.5971	7849	0.8700	4214	53.6884	322	4.1024	1322	16.8429	6124	78.0227	165501	96.9082	163125	100.0000	0.9910
EST1357104101S1K	stools_12120501	na	NZ_AP021895.1	4557772	360811	7.9164	360229	99.8387	359528	99.8054	582	0.1613	360110	99.8057	1387	0.3844	686	49.4593	108	7.7866	485	34.9676	765	55.1550	91654	85.4180	148911	67.1898	0.9798
EST1357108101S1K	stools_12080501	na	NZ_CP062871.1	4987664	226467	4.5405	226030	99.8070	225104	99.5903	437	0.1930	225540	99.5907	1561	0.6893	634	40.6150	202	12.9404	495	31.7104	829	53.1070	202053	65.6580	197207	91.6032	0.9734
EST1358301101S1K	stools_11007150	na	NZ_LR134231.1	4594692	1199197	26.0996	1189747	99.2120	1184182	99.5323	9450	0.7880	1193508	99.5256	15261	1.2726	9572	62.7220	548	3.5909	6452	42.2777	7634	50.0229	55154	26.4568	54887	35.5731	0.9859
EST1358301101S1K	stools_11038101	na	NZ_LR134231.1	4594692	2213151	48.1676	2197632	99.2988	2194028	99.8360	15519	0.7012	2209506	99.8353	19285	0.8714	15640	81.0993	323	1.6749	13164	68.2603	5640	29.2455	55154	37.2575	28166	70.1023	0.9904
EST1358301101S1K	stools_11038501	na	NZ_LR134231.1	4594692	487628	10.6129	484688	99.3971	483713	99.7988	2940	0.6029	486645	99.7984	4033	0.8271	3050	75.6261	122	3.0250	2938	72.8490	871	21.5968	55154	66.6842	162476	41.6443	0.9646
EST1358301101S1K	stools_11044501	na	NZ_LR134231.1	4594692	2179605	47.4375	2161803	99.1832	2157823	99.8159	17802	0.8168	2175589	99.8157	22000	1.0094	17984	81.7455	646	2.9364	12195	55.4318	8932	40.6000	55154	37.2575	49308	45.8120	0.9860
EST1358301101S1K	stools_11107501	na	NZ_LR134231.1	4594692	590564	12.8532	588128	99.5875	585862	99.6147	2436	0.4125	588290	99.6149	5029	0.8516	2755	54.7823	330	6.5619	3007	59.7932	1597	31.7558	55154	100.0000	157531	48.4825	0.9741
EST1358301101S1K	stools_12058150	na	NZ_LR134231.1	4594692	444275	9.6693	442004	99.4888	439592	99.4543	2271	0.5112	441845	99.4530	4755	1.0703	2325	48.8959	84	1.7666	3331	70.0526	1310	27.5499	55154	69.2824	118020	45.3457	0.9798
EST1358301101S1K	stools_12060501	na	NZ_LR134231.1	4594692	1691517	36.8146	1679540	99.2919	1672079	99.5558	11977	0.7081	1684010	99.5562	19670	1.1629	12163	61.8353	365	1.8556	9614	48.8765	9390	47.7377	55154	58.4817	68981	55.0731	0.9865
EST1358301101S1K	stools_12062101	na	NZ_LR134231.1	4594692	1677357	36.5064	1666655	99.3620	1661615	99.6976	10702	0.6380	1672290	99.6979	15866	0.9459	10799	68.0638	213	1.3425	9412	59.3218	6119	38.5667	55154	27.9164	60817	33.4084	0.9838
EST1358301101S1K	stools_12072101	na	NZ_LR134231.1	4594692	1074395	23.3834	1065101	99.1350	1062389	99.7454	9294	0.8650	1071658	99.7453	12114	1.1275	9377	77.4063	236	1.9482	6992	57.7183	4732	39.0622	55154	24.1814	30305	44.1841	0.9870
EST1358301101S1K	stools_12084101	na	NZ_LR134231.1	4594692	1977414	43.0369	1959975	99.1181	1956249	99.8099	17439	0.8819	1973649	99.8096	21496	1.0871	17731	82.4851	681	3.1680	10815	50.3117	9736	45.2921	55154	60.3003	45884	62.0303	0.9885
EST1358301101S1K	stools_12084102	na	NZ_LR134231.1	4594692	3620140	78.7896	3601493	99.4849	3595477	99.8330	18647	0.5151	3614085	99.8327	25410	0.7019	19355	76.1708	975	3.8371	16705	65.7418	7382	29.0516	55154	45.7646	44020	59.2731	0.9890
EST1358301101S1K	stools_12098150	na	NZ_LR134231.1	4594692	522432	11.3703	519215	99.3842	516102	99.4004	3217	0.6158	519299	99.4003	6395	1.2241	3262	51.0086	76	1.1884	3858	60.3284	2367	37.0133	55154	69.2824	97381	47.5575	0.9838
EST1358301201S1K	EST1358303101S1K	na	NZ_CP070930.1	4668053	3045213	65.2352	3027960	99.4334	3025104	99.9057	17253	0.5666	3042345	99.9058	22022	0.7232	19154	86.9767	2280	10.3533	3743	16.9966	15345	69.6803	88147	90.9016	168656	45.6141	0.9742
EST1358301201S1K	EST1359005101S1K	na	NZ_CP070930.1	4668053	1524073	32.6490	1521357	99.8218	1520165	99.9216	2716	0.1782	1522880	99.9217	4843	0.3178	3650	75.3665	948	19.5746	1980	40.8837	1675	34.5860	88147	100.0000	234928	49.6250	0.9639
EST1358301201S1K	EST2359005102S1K	na	NZ_CP070930.1	4668053	3610365	77.3420	3603729	99.8162	3603140	99.9837	6636	0.1838	3609774	99.9836	10047	0.2783	9456	94.1176	2965	29.5113	4564	45.4265	1833	18.2443	88147	100.0000	274659	35.1075	0.9576
EST1358301201S1K	stools_11015501	na	NZ_CP076276.1	4860798	760963	15.6551	759416	99.7967	756967	99.6775	1547	0.2033	758502	99.6766	4230	0.5559	1769	41.8203	244	5.7683	2069	48.9125	1858	43.9243	141747	31.4709	71299	100.0000	0.9718
EST1358301201S1K	stools_11030101	na	NZ_CP070930.1	4668053	2311047	49.5077	2304698	99.7253	2298219	99.7189	6349	0.2747	2304549	99.7188	13504	0.5843	7006	51.8809	758	5.6132	4283	31.7165	8251	61.1004	88147	100.0000	175176	48.5455	0.9730
EST1358301201S1K	stools_11053501	na	NZ_CP070930.1	4668053	3456846	74.0533	3451321	99.8402	3450550	99.9777	5525	0.1598	3456073	99.9776	9175	0.2654	8402	91.5749	3024	32.9591	4511	49.1662	916	9.9837	88147	77.1802	167767	41.0611	0.9715
EST1358301201S1K	stools_12117101	na	NZ_CP070930.1	4668053	1653888	35.4299	1650379	99.7878	1642506	99.5230	3509	0.2122	1645999	99.5230	11934	0.7216	4045	33.8948	555	4.6506	2601	21.7949	8543	71.5854	88147	82.9092	235559	51.7267	0.9603
EST1358302101S1K	EST1358401101S1K	na	NZ_OW967178.1	4863036	2099146	43.1653	2091040	99.6138	2088578	99.8823	8106	0.3862	2096666	99.8819	23736	1.1307	21256	89.5517	13457	56.6945	4628	19.4978	4278	18.0233	96979	45.0046	89347	86.7024	0.9775
EST1358302101S1K	stools_11021150	na	NZ_CP011018.1	4885378	2678028	54.8172	2664843	99.5077	2660705	99.8447	13185	0.4923	2673850	99.8440	20995	0.7840	16817	80.1000	3770	17.9567	13378	63.7199	2746	13.0793	171992	92.9805	174871	91.9032	0.9887
EST1358302101S1K	stools_11048102	na	NZ_CP027126.1	4877957	1405902	28.8215	1396127	99.3047	1393282	99.7962	9775	0.6953	1403037	99.7962	13041	0.9276	10176	78.0308	633	4.8539	7450	57.1275	4557	34.9436	88054	92.1616	117442	77.5779	0.9889
EST1358302101S1K	stools_12079101	na	NZ_CP027126.1	4877957	2492424	51.0957	2474061	99.2632	2472631	99.9422	18363	0.7368	2490971	99.9417	20659	0.8289	19206	92.9667	1321	6.3943	13160	63.7011	5594	27.0778	88054	69.2382	78126	77.1600	0.9883
EST1358302101S1K	stools_12116150	na	NZ_CP027126.1	4877957	591266	12.1212	588139	99.4711	587450	99.8829	3127	0.5289	590564	99.8813	3939	0.6662	3237	82.1782	137	3.4780	3268	82.9652	459	11.6527	88054	100.0000	153421	79.5589	0.9823
EST1358303101S1K	EST1359005101S1K	na	NZ_CP070930.1	4668053	1477341	31.6479	1470106	99.5103	1468154	99.8672	7235	0.4897	1475372	99.8667	10326	0.6990	8357	80.9316	1183	11.4565	7510	72.7290	1401	13.5677	168656	84.9581	234928	72.0055	0.9693
EST1358303101S1K	EST2359005102S1K	na	NZ_CP070930.1	4668053	3454323	73.9992	3437881	99.5240	3435078	99.9185	16442	0.4760	3451508	99.9185	22571	0.6534	19756	87.5282	3510	15.5509	17027	75.4375	1600	7.0887	168656	100.0000	274659	71.8018	0.9718
EST1358303101S1K	stools_11030101	na	NZ_CP070930.1	4668053	2188601	46.8847	2176268	99.4365	2168985	99.6653	12333	0.5635	2181280	99.6655	20406	0.9324	13085	64.1233	876	4.2929	11882	58.2280	7189	35.2298	168656	84.3379	175176	73.1556	0.9773
EST1358303101S1K	stools_11053501	na	NZ_CP070930.1	4668053	3272331	70.1006	3258352	99.5728	3255505	99.9126	13979	0.4272	3269472	99.9126	20177	0.6166	17318	85.8304	3482	17.2573	15552	77.0779	656	3.2512	168656	76.8523	167767	84.7002	0.9746
EST1358303101S1K	stools_12117101	na	NZ_CP070930.1	4668053	1599499	34.2648	1590667	99.4478	1582846	99.5083	8832	0.5522	1591631	99.5081	17434	1.0900	9566	54.8698	831	4.7665	8530	48.9274	7462	42.8014	168656	68.1007	235559	65.2822	0.9578
EST1358401101S1K	stools_11011101	na	NZ_LR134236.1	4757340	1288941	27.0937	1281329	99.4094	1277368	99.6909	7612	0.5906	1284951	99.6904	11951	0.9272	7961	66.6137	654	5.4723	3604	30.1565	7392	61.8526	68509	53.1288	68024	54.0280	0.9865
EST1358401101S1K	stools_11011150	na	NZ_LR134236.1	4757340	971918	20.4299	969000	99.6998	967182	99.8124	2918	0.3002	970087	99.8116	4968	0.5112	3137	63.1441	290	5.8374	2612	52.5765	1927	38.7882	68509	83.4445	103201	57.7456	0.9864
EST1358401101S1K	stools_11018101	na	NZ_CP073981.1	4774884	2228912	46.6799	2212227	99.2514	2210389	99.9169	16685	0.7486	2227051	99.9165	19221	0.8623	17360	90.3179	1064	5.5356	5617	29.2232	12277	63.8728	115922	85.3255	91823	87.3398	0.9848
EST1358401101S1K	stools_11018101	na	NZ_LR134236.1	4757340	1515824	31.8628	1499790	98.9422	1493091	99.5533	16034	1.0578	1509045	99.5528	23224	1.5321	16445	70.8104	800	3.4447	3983	17.1504	18069	77.8031	68509	61.6853	43894	88.0986	0.9924
EST1358401101S1K	stools_11021501	na	NZ_CP073981.1	4774884	1944428	40.7220	1935833	99.5580	1934164	99.9138	8595	0.4420	1942751	99.9138	10696	0.5501	9019	84.3212	640	5.9835	4851	45.3534	5036	47.0830	115922	77.2390	98317	74.9331	0.9824
EST1358401101S1K	stools_11027501	na	NZ_CP073981.1	4774884	2342709	49.0632	2322741	99.1477	2320254	99.8929	19968	0.8523	2340197	99.8928	23251	0.9925	20739	89.1962	907	3.9009	5602	24.0936	16487	70.9088	115922	100.0000	231623	52.8998	0.9685
EST1358401101S1K	stools_11038150	na	NZ_LR134236.1	4757340	735980	15.4704	733488	99.6614	730570	99.6022	2492	0.3386	733048	99.6016	5647	0.7673	2715	48.0786	294	5.2063	1880	33.2920	3284	58.1548	68509	91.4435	148989	46.5994	0.9775
EST1358401101S1K	stools_11041102	na	NZ_CP073981.1	4774884	1452235	30.4140	1447672	99.6858	1446134	99.8938	4563	0.3142	1450681	99.8930	6533	0.4499	4979	76.2131	511	7.8218	4278	65.4829	1577	24.1390	115922	48.4239	46091	86.5917	0.9816
EST1358401101S1K	stools_11048102	na	NZ_CP073981.1	4774884	1232770	25.8178	1227460	99.5693	1225108	99.8084	5310	0.4307	1230399	99.8077	7971	0.6466	5600	70.2547	433	5.4322	3257	40.8606	4090	51.3110	115922	100.0000	162793	69.2849	0.9812
EST1358401101S1K	stools_11110101	na	NZ_CP073981.1	4774884	293370	6.1440	292712	99.7757	291880	99.7158	658	0.2243	292536	99.7157	1568	0.5345	734	46.8112	82	5.2296	655	41.7730	776	49.4898	115922	64.6530	252737	32.2193	0.9433
EST1358401101S1K	stools_12061101	na	NZ_CP073981.1	4774884	1338797	28.0383	1331437	99.4503	1326563	99.6339	7360	0.5497	1333900	99.6342	12584	0.9399	7687	61.0855	489	3.8859	3044	24.1894	8765	69.6519	115922	100.0000	163125	81.0323	0.9879
EST1358401101S1K	stools_12064150	na	NZ_LR134236.1	4757340	579564	12.1825	577014	99.5600	573482	99.3879	2550	0.4400	576015	99.3876	6278	1.0832	2729	43.4693	217	3.4565	1708	27.2061	4255	67.7764	68509	53.1288	111498	34.6275	0.9785
EST1358401101S1K	stools_12090501	na	NZ_CP019267.1	4740860	1783212	37.6137	1771003	99.3153	1765661	99.6984	12209	0.6847	1777850	99.6993	17788	0.9975	12426	69.8561	599	3.3674	5058	28.4349	11743	66.0164	99059	94.9242	78812	63.1325	0.9825
EST1358401101S1K	stools_12111102	na	NZ_LR134236.1	4757340	1448729	30.4525	1440702	99.4459	1435680	99.6514	8027	0.5541	1443668	99.6507	13415	0.9260	8354	62.2736	606	4.5173	3665	27.3202	8755	65.2628	68509	50.7977	49367	58.6060	0.9869
EST1359004101S1K	stools_11020101	na	NZ_CP024147.1	4639454	173149	3.7321	172928	99.8724	172066	99.5015	221	0.1276	172287	99.5022	1118	0.6457	256	22.8980	36	3.2200	632	56.5295	448	40.0716	110919	46.3149	173478	28.1949	0.9637
EST1359004101S1K	stools_11053101	na	NZ_CP024147.1	4639454	618999	13.3421	618158	99.8641	615949	99.6426	841	0.1359	616787	99.6426	3118	0.5037	906	29.0571	77	2.4695	2491	79.8910	490	15.7152	110919	46.3149	91107	42.6444	0.9828
EST1359004101S1K	stools_12081101	na	NZ_CP024147.1	4639454	609754	13.1428	609028	99.8809	606882	99.6476	726	0.1191	607605	99.6476	2925	0.4797	776	26.5299	53	1.8120	2502	85.5385	359	12.2735	110919	26.8466	89014	28.9224	0.9782
EST1359005101S1K	EST2359005102S1K	na	NZ_CP070930.1	4668053	1730964	37.0811	1729499	99.9154	1728465	99.9402	1465	0.0846	1729929	99.9402	4165	0.2406	3130	75.1501	1675	40.2161	1668	40.0480	756	18.1513	234928	100.0000	274659	91.6303	0.9821
EST1359005101S1K	stools_11030101	na	NZ_CP070930.1	4668053	1088447	23.3169	1086547	99.8254	1082690	99.6450	1900	0.1746	1084585	99.6452	6115	0.5618	2253	36.8438	360	5.8872	1739	28.4383	3975	65.0041	234928	82.2184	175176	86.6431	0.9678
EST1359005101S1K	stools_11053501	na	NZ_CP070930.1	4668053	1625234	34.8161	1624427	99.9503	1623393	99.9363	807	0.0497	1624199	99.9363	3487	0.2146	2452	70.3183	1655	47.4620	1580	45.3112	206	5.9077	234928	80.5915	167767	100.0000	0.9657
EST1359005101S1K	stools_12117101	na	NZ_CP070930.1	4668053	794273	17.0151	793333	99.8817	789173	99.4756	940	0.1183	790104	99.4751	5437	0.6845	1268	23.3217	344	6.3270	985	18.1166	4086	75.1517	234928	72.4528	235559	76.6976	0.9576
EST1359006101S1K	stools_11020101	na	NZ_CP038383.1	5571128	1076005	19.3140	1072050	99.6324	1067932	99.6159	3955	0.3676	1071872	99.6159	8504	0.7903	4371	51.3993	519	6.1030	5935	69.7907	1912	22.4835	76817	92.6748	112992	75.0398	0.9902
EST1359006101S1K	stools_11050101	na	NZ_AP025662.1	4906821	4064583	82.8354	4053177	99.7194	4045157	99.8021	11406	0.2806	4056495	99.8010	20160	0.4960	12072	59.8810	881	4.3700	9757	48.3978	9103	45.1538	48110	100.0000	126326	37.8354	0.9834
EST1359006101S1K	stools_12119101	na	NZ_AP025662.1	4906821	3283672	66.9206	3264185	99.4065	3259489	99.8561	19487	0.5935	3278927	99.8555	24560	0.7479	19815	80.6800	575	2.3412	7919	32.2435	15936	64.8860	48110	79.7527	54297	69.8694	0.9945
EST1361002101S1K	EST2356804102S1K	na	NZ_CP062824.1	4861285	2215656	45.5776	2213563	99.9055	2212958	99.9727	2093	0.0945	2215046	99.9725	21610	0.9753	21000	97.1772	18971	87.7881	1208	5.5900	1073	4.9653	342872	83.8721	270655	94.6884	0.9774
EST1361002101S1K	stools_11108501	na	NZ_AP022298.1	5121071	888538	17.3506	884445	99.5394	870395	98.4114	4093	0.4606	874383	98.4069	19237	2.1650	5082	26.4178	1106	5.7493	8669	45.0642	9230	47.9805	225851	12.8943	20115	67.9592	0.9602
EST1361004101S1K	stools_11048150	na	NZ_LS992166.1	4850393	1172065	24.1643	1169753	99.8027	1166793	99.7470	2312	0.1973	1169101	99.7471	6511	0.5555	3547	54.4770	1280	19.6590	3815	58.5932	1275	19.5822	153918	86.5103	227723	61.3921	0.9769
EST1361004101S1K	stools_12075150	na	NZ_LS992166.1	4850393	191104	3.9400	190854	99.8692	190118	99.6144	250	0.1308	190367	99.6143	1208	0.6321	471	38.9901	230	19.0397	586	48.5099	384	31.7881	153918	55.7030	187785	49.3974	0.9731
EST1361010101S1K	stools_11018102	na	NZ_CP098223.1	4841244	611025	12.6212	610363	99.8917	609343	99.8329	662	0.1083	610004	99.8329	1792	0.2933	771	43.0246	113	6.3058	646	36.0491	1004	56.0268	71161	48.6334	41600	100.0000	0.9866
EST2359005102S1K	stools_11030101	na	NZ_CP070930.1	4668053	2591678	55.5195	2587106	99.8236	2579332	99.6995	4572	0.1764	2583887	99.6994	13275	0.5122	5484	41.3107	960	7.2316	3111	23.4350	9166	69.0471	274659	73.8567	175176	89.9273	0.9646
EST2359005102S1K	stools_11053501	na	NZ_CP070930.1	4668053	3916672	83.9038	3914312	99.9397	3914218	99.9976	2360	0.0603	3916578	99.9976	7715	0.1970	7621	98.7816	5468	70.8749	1608	20.8425	477	6.1828	274659	75.1983	167767	100.0000	0.9754
EST2359005102S1K	stools_12117101	na	NZ_CP070930.1	4668053	1868860	40.0351	1866381	99.8674	1857607	99.5299	2479	0.1326	1860075	99.5299	12075	0.6461	3290	27.2464	823	6.8157	1607	13.3085	9532	78.9400	274659	60.0326	235559	79.2595	0.9500
stools_11001150	stools_11007101	na	NZ_CP035751.1	5249232	1163851	22.1718	1160894	99.7459	1157649	99.7205	2957	0.2541	1160601	99.7208	6711	0.5766	3461	51.5720	560	8.3445	4132	61.5706	1855	27.6412	57667	86.6891	85102	40.4315	0.9853
stools_11001150	stools_11028501	na	NZ_CP028761.1	4630346	2809580	60.6775	2794373	99.4587	2789544	99.8272	15207	0.5413	2804738	99.8277	35122	1.2501	30280	86.2138	15098	42.9873	1683	4.7919	16479	46.9193	176389	67.2882	108170	95.1696	0.9816
stools_11001150	stools_11045150	na	NZ_CP058571.1	5146040	590149	11.4680	588873	99.7838	586457	99.5897	1276	0.2162	587730	99.5901	3719	0.6302	1300	34.9556	37	0.9949	866	23.2858	2708	72.8153	50162	0.0000	12486	0.0000	0.9910
stools_11001150	stools_11054102	na	NZ_CP035751.1	5249232	1144409	21.8015	1138421	99.4768	1134581	99.6627	5988	0.5232	1140545	99.6624	10013	0.8749	6149	61.4102	254	2.5367	4638	46.3198	4890	48.8365	57667	44.4084	29994	74.3149	0.9918
stools_11001150	stools_11108501	na	NZ_CP028761.1	4630346	2445363	52.8117	2437339	99.6719	2434192	99.8709	8024	0.3281	2442183	99.8700	24215	0.9902	21035	86.8676	13053	53.9046	1205	4.9763	9420	38.9015	176389	83.5647	141433	90.9908	0.9846
stools_11001150	stools_12072101	na	NZ_CP028761.1	4630346	3170343	68.4688	3153685	99.4746	3151876	99.9426	16658	0.5254	3168526	99.9427	35734	1.1271	33917	94.9152	17310	48.4413	1444	4.0410	14847	41.5487	176389	25.1127	34535	100.0000	0.9690
stools_11001150	stools_12087501	na	NZ_CP058571.1	5146040	2460307	47.8097	2445063	99.3804	2439326	99.7654	15244	0.6196	2454516	99.7646	21043	0.8553	15252	72.4802	308	1.4637	3697	17.5688	16688	79.3043	50162	67.8841	117732	26.3752	0.9790
stools_11001150	stools_12093501	na	NZ_CP035751.1	5249232	483438	9.2097	482631	99.8331	479444	99.3397	807	0.1669	480246	99.3397	4207	0.8702	1015	24.1265	224	5.3245	1635	38.8638	2327	55.3126	57667	87.3533	327803	15.0874	0.9436
stools_11001150	stools_12100501	na	NZ_CP028761.1	4630346	3058592	66.0554	3052444	99.7990	3050011	99.9203	6148	0.2010	3056156	99.9204	24627	0.8052	22191	90.1084	16064	65.2292	2017	8.1902	5036	20.4491	176389	38.0216	67017	84.8024	0.9672
stools_11001150	stools_12120501	na	NZ_CP058571.1	5146040	303586	5.8994	301704	99.3801	300066	99.4571	1882	0.6199	301931	99.4548	3555	1.1710	1900	53.4459	116	3.2630	971	27.3136	2223	62.5316	50162	67.8841	264588	12.5667	0.9513
stools_11001501	stools_12070101	na	NZ_CP039403.1	4702395	873088	18.5669	871775	99.8496	862609	98.9486	1313	0.1504	863911	98.9489	10604	1.2145	1427	13.4572	128	1.2071	9167	86.4485	1003	9.4587	279218	4.6566	23689	53.3454	0.9408
stools_11001501	stools_12117150	na	NZ_CP039403.1	4702395	696520	14.8120	695776	99.8932	690020	99.1727	744	0.1068	690759	99.1729	8768	1.2588	3007	34.2952	2280	26.0036	3419	38.9941	2990	34.1013	279218	52.4887	201591	57.7436	0.9527
stools_11002150	stools_11022150	na	NZ_CP016628.1	4867152	368319	7.5674	368043	99.9251	367641	99.8908	276	0.0749	367917	99.8909	1556	0.4225	1154	74.1645	878	56.4267	275	17.6735	360	23.1362	173140	86.4624	238219	75.1930	0.9750
stools_11002150	stools_11028150	na	NZ_CP016628.1	4867152	747319	15.3543	746659	99.9117	746001	99.9119	660	0.0883	746661	99.9120	3113	0.4166	2455	78.8628	1806	58.0148	606	19.4668	577	18.5352	173140	96.5427	235182	77.4834	0.9767
stools_11002150	stools_11047150	na	NZ_CP016628.1	4867152	1371293	28.1744	1368141	99.7701	1366916	99.9105	3152	0.2299	1370065	99.9104	7693	0.5610	6465	84.0374	3348	43.5201	1031	13.4018	3032	39.4125	173140	82.5217	135242	81.0532	0.9802
stools_11002150	stools_12067101	na	NZ_CP016628.1	4867152	270526	5.5582	270155	99.8629	268082	99.2327	371	0.1371	268451	99.2330	2643	0.9770	568	21.4907	199	7.5293	707	26.7499	1737	65.7208	173140	96.5427	338079	68.8842	0.9494
stools_11004101	stools_11023101	na	NZ_CP011134.1	5000386	1399586	27.9896	1397300	99.8367	1394363	99.7898	2286	0.1633	1396644	99.7898	5412	0.3867	2470	45.6393	206	3.8064	2993	55.3030	2136	39.4678	40499	18.7931	100884	9.3920	0.9802
stools_11004101	stools_11028150	na	NZ_CP011134.1	5000386	411543	8.2302	410766	99.8112	409078	99.5891	777	0.1888	409854	99.5896	2565	0.6233	876	34.1520	116	4.5224	936	36.4912	1465	57.1150	40499	42.5146	139785	22.6226	0.9708
stools_11004101	stools_11032150	na	NZ_CP011134.1	5000386	1613408	32.2657	1605933	99.5367	1603574	99.8531	7475	0.4633	1611037	99.8530	10071	0.6242	7700	76.4572	349	3.4654	3138	31.1588	6292	62.4764	40499	42.5146	60089	20.7109	0.9845
stools_11004101	stools_11044150	na	NZ_CP011134.1	5000386	1050596	21.0103	1041926	99.1748	1038822	99.7021	8670	0.8252	1047464	99.7019	11997	1.1419	8865	73.8935	374	3.1174	2039	16.9959	9241	77.0276	40499	23.7216	25668	26.5817	0.9895
stools_11004101	stools_12078150	na	NZ_CP011134.1	5000386	1519593	30.3895	1517283	99.8480	1513849	99.7737	2310	0.1520	1516153	99.7736	5926	0.3900	2486	41.9507	215	3.6281	3211	54.1849	2383	40.2126	40499	42.5146	120648	21.4492	0.9745
stools_11004101	stools_12090101	na	NZ_CP011134.1	5000386	911884	18.2363	910132	99.8079	907902	99.7550	1752	0.1921	909649	99.7549	4058	0.4450	1823	44.9236	86	2.1193	1942	47.8561	1944	47.9054	40499	42.5146	122213	11.1846	0.9700
stools_11004501	stools_11045101	na	NZ_CP023366.1	4986712	363486	7.2891	361921	99.5694	357071	98.6599	1565	0.4306	358623	98.6621	6547	1.8012	1684	25.7217	142	2.1689	4931	75.3169	1224	18.6956	48467	51.7899	84246	20.5280	0.9865
stools_11005101	stools_11018102	na	NZ_AP022177.1	4733200	291827	6.1655	291266	99.8078	290029	99.5753	561	0.1922	290588	99.5754	1942	0.6655	703	36.1998	149	7.6725	1005	51.7508	752	38.7230	196938	47.1209	87348	83.6539	0.9734
stools_11005101	stools_11034101	na	NZ_AP022177.1	4733200	379011	8.0075	377522	99.6071	376318	99.6811	1489	0.3929	377803	99.6813	2844	0.7504	1636	57.5246	156	5.4852	1266	44.5148	1315	46.2377	196938	36.1332	53229	73.6798	0.9653
stools_11005150	stools_11021101	na	NZ_CP051738.1	5166012	70388	1.3625	70213	99.7514	69257	98.6384	175	0.2486	69428	98.6361	1201	1.7063	241	20.0666	72	5.9950	336	27.9767	772	64.2798	124529	45.9909	148290	43.8351	0.9782
stools_11005150	stools_12062501	na	NZ_CP051738.1	5166012	375343	7.2656	373550	99.5223	369695	98.9680	1793	0.4777	371463	98.9663	5862	1.5618	1982	33.8110	236	4.0259	1596	27.2262	3943	67.2637	124529	0.0000	38195	0.0000	0.9740
stools_11005150	stools_12079150	na	NZ_CP051738.1	5166012	101024	1.9556	100897	99.8743	100042	99.1526	127	0.1257	100169	99.1537	1041	1.0304	186	17.8674	59	5.6676	517	49.6638	455	43.7080	124529	57.0309	269499	30.6224	0.9544
stools_11006101	stools_11024150	na	NZ_CP071441.1	4828326	197628	4.0931	196300	99.3280	192137	97.8793	1328	0.6720	193420	97.8707	5897	2.9839	1689	28.6417	430	7.2918	1597	27.0816	3774	63.9986	58364	59.3345	208657	32.1715	0.9616
stools_11006101	stools_12092150	na	NZ_CP071441.1	4828326	492772	10.2059	488301	99.0927	482768	98.8669	4471	0.9073	487144	98.8579	10233	2.0766	4605	45.0015	322	3.1467	3490	34.1053	6279	61.3603	58364	11.9886	38498	24.6143	0.9841
stools_11007101	stools_11054102	na	NZ_CP035751.1	5249232	3762492	71.6770	3743782	99.5027	3740213	99.9047	18710	0.4973	3758897	99.9045	22774	0.6053	19179	84.2145	823	3.6138	7623	33.4724	14004	61.4912	85102	58.4228	29994	100.0000	0.9872
stools_11007101	stools_12093501	na	NZ_CP035751.1	5249232	1733443	33.0228	1729925	99.7971	1722997	99.5995	3518	0.2029	1726501	99.5995	10759	0.6207	3817	35.4773	333	3.0951	2812	26.1363	7401	68.7889	85102	77.6550	327803	19.1243	0.9355
stools_11007150	stools_11038101	na	NZ_LR134231.1	4594692	684090	14.8887	681121	99.5660	677248	99.4314	2969	0.4340	680185	99.4292	6933	1.0135	3028	43.6752	128	1.8462	5116	73.7920	1587	22.8905	54887	48.6764	28166	80.0824	0.9904
stools_11007150	stools_11038501	na	NZ_LR134231.1	4594692	143257	3.1179	142818	99.6936	141769	99.2655	439	0.3064	142198	99.2608	1557	1.0869	498	31.9846	69	4.4316	1240	79.6403	241	15.4785	54887	49.7786	162476	32.0607	0.9685
stools_11007150	stools_11044501	na	NZ_LR134231.1	4594692	651524	14.1799	647413	99.3690	643530	99.4002	4111	0.6310	647591	99.3963	8121	1.2465	4188	51.5700	213	2.6228	5107	62.8863	2643	32.5453	54887	72.6092	49308	64.8049	0.9926
stools_11007150	stools_11107501	na	NZ_LR134231.1	4594692	158024	3.4393	157611	99.7386	156526	99.3116	413	0.2614	156934	99.3102	1590	1.0062	500	31.4465	94	5.9119	1104	69.4340	389	24.4654	54887	85.7125	157531	33.2684	0.9720
stools_11007150	stools_12058150	na	NZ_LR134231.1	4594692	127561	2.7763	127126	99.6590	126094	99.1882	435	0.3410	126523	99.1863	1552	1.2167	514	33.1186	87	5.6057	1183	76.2242	265	17.0747	54887	85.7125	118020	44.3942	0.9818
stools_11007150	stools_12060501	na	NZ_LR134231.1	4594692	503365	10.9554	500997	99.5296	496927	99.1876	2368	0.4704	499263	99.1851	6611	1.3134	2509	37.9519	202	3.0555	3506	53.0328	2830	42.8074	54887	85.7125	68981	74.2204	0.9907
stools_11007150	stools_12062101	na	NZ_LR134231.1	4594692	505867	11.0098	503837	99.5987	500378	99.3135	2030	0.4013	502386	99.3119	5557	1.0985	2076	37.3583	75	1.3496	3694	66.4747	1751	31.5098	54887	59.8666	60817	47.1595	0.9870
stools_11007150	stools_12072101	na	NZ_LR134231.1	4594692	331273	7.2099	329178	99.3676	326902	99.3086	2095	0.6324	328970	99.3048	4431	1.3376	2128	48.0253	84	1.8957	2962	66.8472	1337	30.1738	54887	59.8666	30305	81.4552	0.9934
stools_11007150	stools_12084101	na	NZ_LR134231.1	4594692	572524	12.4606	568743	99.3396	565312	99.3967	3781	0.6604	569042	99.3918	7386	1.2901	3904	52.8568	269	3.6420	4321	58.5026	2612	35.3642	54887	59.8666	45884	54.9233	0.9902
stools_11007150	stools_12084102	na	NZ_LR134231.1	4594692	1040088	22.6367	1036846	99.6883	1031280	99.4632	3242	0.3117	1034489	99.4617	9110	0.8759	3511	38.5401	333	3.6553	6860	75.3019	1812	19.8902	54887	59.8666	44020	57.6988	0.9895
stools_11007150	stools_12098150	na	NZ_LR134231.1	4594692	145569	3.1682	145025	99.6263	143758	99.1264	544	0.3737	144297	99.1262	1888	1.2970	616	32.6271	80	4.2373	1220	64.6186	583	30.8792	54887	85.7125	97381	46.5481	0.9846
stools_11008101	stools_11013101	na	NZ_CP041359.1	5320024	397625	7.4741	394007	99.0901	391580	99.3840	3618	0.9099	395185	99.3864	6469	1.6269	4029	62.2817	583	9.0122	3860	59.6692	1517	23.4503	130799	63.1090	108045	77.7000	0.9841
stools_11008101	stools_11013150	na	NZ_CP041359.1	5320024	1035779	19.4694	1028818	99.3279	1021397	99.2787	6961	0.6721	1028304	99.2783	14903	1.4388	7428	49.8423	734	4.9252	4607	30.9132	9145	61.3635	130799	46.8994	91033	63.5912	0.9785
stools_11008101	stools_11014150	na	NZ_CP041359.1	5320024	313724	5.8970	312235	99.5254	309958	99.2707	1489	0.4746	311435	99.2704	3965	1.2638	1676	42.2699	208	5.2459	1569	39.5712	2086	52.6103	130799	43.1364	136111	59.8798	0.9723
stools_11008101	stools_11049101	na	NZ_CP041359.1	5320024	792794	14.9021	789592	99.5961	787630	99.7515	3202	0.4039	790823	99.7514	5274	0.6652	3303	62.6280	118	2.2374	4470	84.7554	622	11.7937	130799	35.5568	138786	39.6892	0.9685
stools_11008101	stools_11049501	na	NZ_CP041359.1	5320024	743991	13.9847	740550	99.5375	738475	99.7198	3441	0.4625	741907	99.7199	5631	0.7569	3547	62.9906	130	2.3086	4854	86.2014	590	10.4777	130799	35.5568	140508	37.8840	0.9681
stools_11008101	stools_11108150	na	NZ_CP069882.1	5176465	1764315	34.0834	1757641	99.6217	1748691	99.4908	6674	0.3783	1755334	99.4910	16199	0.9181	7218	44.5583	734	4.5311	3439	21.2297	11729	72.4057	32148	63.1143	147151	17.7987	0.9728
stools_11008101	stools_12070150	na	NZ_CP069882.1	5176465	3354353	64.8001	3346816	99.7753	3342750	99.8785	7537	0.2247	3350278	99.8785	12071	0.3599	7996	66.2414	506	4.1919	5787	47.9413	5637	46.6987	32148	100.0000	126262	23.9454	0.9795
stools_11008101	stools_12070501	na	NZ_CP069882.1	5176465	3557330	68.7212	3549683	99.7850	3545261	99.8754	7647	0.2150	3552891	99.8752	12683	0.3565	8244	65.0004	673	5.3063	6290	49.5939	5561	43.8461	32148	100.0000	119916	28.9803	0.9828
stools_11008101	stools_12078101	na	NZ_CP041359.1	5320024	974731	18.3219	969407	99.4538	965326	99.5790	5324	0.5462	970641	99.5804	9891	1.0147	5801	58.6493	624	6.3088	5354	54.1300	3508	35.4666	130799	35.5568	110534	46.8987	0.9738
stools_11008150	stools_12058501	na	CP103974.1	5008670	487512	9.7334	484123	99.3048	479654	99.0769	3389	0.6952	483004	99.0753	8040	1.6492	3532	43.9303	199	2.4751	4999	62.1766	2726	33.9055	52642	50.2166	151032	23.4354	0.9694
stools_11009101	stools_12058101	na	NZ_CP028732.1	4906030	596798	12.1646	592664	99.3073	587567	99.1400	4134	0.6927	591649	99.1372	9498	1.5915	4349	45.7886	300	3.1586	3947	41.5561	5135	54.0640	142454	56.1016	72988	74.1259	0.9768
stools_11009150	stools_11016101	na	NZ_CP076282.1	4831855	2740067	56.7084	2725764	99.4780	2713887	99.5643	14303	0.5220	2728124	99.5641	26732	0.9756	14789	55.3232	670	2.5064	11253	42.0956	13751	51.4402	137208	30.0791	45373	74.1190	0.9758
stools_11009150	stools_12119101	na	NZ_CP076282.1	4831855	2454027	50.7885	2440911	99.4655	2426818	99.4226	13116	0.5345	2439808	99.4206	28024	1.1420	13805	49.2613	905	3.2294	8134	29.0251	18273	65.2048	137208	71.1285	125019	66.5723	0.9763
stools_11009501	stools_11042150	na	NZ_LR134295.1	4722738	596081	12.6215	591918	99.3016	587140	99.1928	4163	0.6984	591277	99.1941	9273	1.5557	4469	48.1937	430	4.6371	5643	60.8541	2826	30.4756	102997	72.9817	94735	82.5418	0.9881
stools_11009501	stools_11044150	na	NZ_CP028750.1	4602860	2279628	49.5263	2271781	99.6558	2269724	99.9095	7847	0.3442	2277564	99.9095	26547	1.1645	24483	92.2251	17037	64.1767	3419	12.8790	4100	15.4443	170742	93.2711	166873	95.7914	0.9922
stools_11009501	stools_12061150	na	NZ_LR134295.1	4722738	1158159	24.5230	1151539	99.4284	1144148	99.3582	6620	0.5716	1150738	99.3592	14833	1.2807	7412	49.9697	956	6.4451	9534	64.2756	3957	26.6770	102997	100.0000	145160	92.3657	0.9893
stools_11010101	stools_12119501	na	NZ_CP025747.1	4918774	261410	5.3145	257405	98.4679	251191	97.5859	4005	1.5321	255056	97.5693	10722	4.1016	4368	40.7387	510	4.7566	2633	24.5570	7436	69.3527	164965	54.0248	57070	87.2630	0.9640
stools_11011101	stools_11011150	na	NZ_LR134236.1	4757340	746448	15.6904	743183	99.5626	741081	99.7172	3265	0.4374	744330	99.7163	5851	0.7838	3733	63.8011	546	9.3317	3877	66.2622	1248	21.3297	68024	88.1557	103201	63.1583	0.9864
stools_11011101	stools_11018101	na	NZ_LR134236.1	4757340	954005	20.0533	942579	98.8023	936586	99.3642	11426	1.1977	947931	99.3633	18111	1.8984	12037	66.4624	878	4.8479	5384	29.7278	11469	63.3262	68024	54.0280	43894	76.3726	0.9904
stools_11011101	stools_11033150	na	NZ_CP029492.1	4423666	343251	7.7594	341627	99.5269	339845	99.4784	1624	0.4731	341463	99.4791	3549	1.0339	1761	49.6196	149	4.1984	2281	64.2716	1015	28.5996	45439	85.6027	27094	100.0000	0.9924
stools_11011101	stools_11036101	na	NZ_LR778151.1	4747946	2129844	44.8582	2116178	99.3584	2109393	99.6794	13666	0.6416	2123007	99.6790	20872	0.9800	14035	67.2432	637	3.0519	12452	59.6589	7373	35.3248	72899	82.3550	173672	37.2754	0.9728
stools_11011101	stools_11038150	na	NZ_LR134236.1	4757340	541633	11.3852	539211	99.5528	536335	99.4666	2422	0.4472	538739	99.4657	5581	1.0304	2687	48.1455	336	6.0204	2787	49.9373	2256	40.4229	68024	90.4416	148989	47.2639	0.9755
stools_11011101	stools_11053101	na	NZ_CP047600.1	4768611	2855444	59.8800	2843460	99.5803	2838435	99.8233	11984	0.4197	2850384	99.8228	19056	0.6674	13996	73.4467	2363	12.4003	13353	70.0724	2708	14.2107	26708	74.6368	46448	43.4572	0.9924
stools_11011101	stools_12059101	na	NZ_LR778151.1	4747946	2050912	43.1958	2041277	99.5302	2033133	99.6010	9635	0.4698	2042689	99.5991	18249	0.8898	10026	54.9400	525	2.8769	12122	66.4256	5214	28.5714	72899	82.3550	174833	54.7156	0.9720
stools_11011101	stools_12064150	na	NZ_LR134236.1	4757340	436072	9.1663	433449	99.3985	430304	99.2744	2623	0.6015	432903	99.2733	6167	1.4142	2998	48.6136	449	7.2807	2492	40.4086	2992	48.5163	68024	92.3895	111498	60.0692	0.9892
stools_11011101	stools_12066101	na	NZ_CP029492.1	4423666	1464799	33.1128	1457323	99.4896	1450090	99.5037	7476	0.5104	1457528	99.5036	15880	1.0841	8609	54.2128	1301	8.1927	5343	33.6461	8758	55.1511	45439	72.2969	41712	100.0000	0.9932
stools_11011101	stools_12111102	na	NZ_LR134236.1	4757340	1109354	23.3188	1101616	99.3025	1096311	99.5184	7738	0.6975	1104004	99.5177	13553	1.2217	8203	60.5253	788	5.8142	5869	43.3041	6435	47.4803	68024	54.7351	49367	65.9894	0.9884
stools_11011150	stools_11016501	na	NZ_CP022279.1	4907118	1037360	21.1399	1035611	99.8314	1033680	99.8135	1749	0.1686	1035426	99.8136	5519	0.5320	3585	64.9574	1851	33.5387	1322	23.9536	2246	40.6958	233327	61.1922	180241	67.6616	0.9530
stools_11011150	stools_11018101	na	NZ_LR134236.1	4757340	707271	14.8669	700940	99.1049	697104	99.4527	6331	0.8951	703402	99.4530	10487	1.4827	6618	63.1067	365	3.4805	1497	14.2748	8535	81.3865	103201	40.4434	43894	76.3726	0.9846
stools_11011150	stools_11020150	na	NZ_CP022279.1	4907118	483235	9.8476	482784	99.9067	481741	99.7840	451	0.0933	482191	99.7840	2615	0.5411	1571	60.0765	1128	43.1358	473	18.0880	954	36.4818	233327	82.3158	393860	62.2896	0.9437
stools_11011150	stools_11021501	na	NZ_CP022279.1	4907118	580425	11.8282	579054	99.7638	576916	99.6308	1371	0.2362	578275	99.6296	4527	0.7799	2377	52.5072	1033	22.8186	732	16.1696	2675	59.0899	233327	75.8888	242169	75.5216	0.9624
stools_11011150	stools_11038101	na	NZ_CP022279.1	4907118	660655	13.4632	659334	99.8000	657568	99.7322	1321	0.2000	658888	99.7325	4051	0.6132	2284	56.3811	972	23.9941	767	18.9336	2234	55.1469	233327	71.6942	209128	74.6653	0.9649
stools_11011150	stools_11038150	na	NZ_LR134236.1	4757340	487908	10.2559	487082	99.8307	485182	99.6099	826	0.1693	486005	99.6100	2935	0.6015	1032	35.1618	221	7.5298	827	28.1772	1835	62.5213	103201	93.1260	148989	69.2138	0.9826
stools_11011150	stools_11046101	na	NZ_CP100544.1	4679910	861300	18.4042	859689	99.8130	857531	99.7490	1611	0.1870	859127	99.7477	3887	0.4513	1714	44.0957	149	3.8333	2349	60.4322	1298	33.3934	69777	70.2137	38491	82.9441	0.9893
stools_11011150	stools_11046150	na	NZ_CP022279.1	4907118	226366	4.6130	226025	99.8494	224357	99.2620	341	0.1506	224696	99.2623	2465	1.0889	795	32.2515	456	18.4990	301	12.2110	1679	68.1136	233327	62.2907	286858	85.4991	0.9558
stools_11011150	stools_11048150	na	NZ_CP022279.1	4907118	376674	7.6761	376345	99.9127	375220	99.7011	329	0.0873	375547	99.7008	2243	0.5955	1116	49.7548	793	35.3544	542	24.1641	871	38.8319	233327	72.6573	290618	67.0612	0.9523
stools_11011150	stools_11052150	na	NZ_CP022279.1	4907118	1129348	23.0145	1125258	99.6378	1123425	99.8371	4090	0.3622	1127510	99.8373	7879	0.6977	6041	76.6722	1980	25.1301	1118	14.1896	4597	58.3450	233327	68.2544	251808	55.7639	0.9644
stools_11011150	stools_12060501	na	NZ_CP022279.1	4907118	423998	8.6405	423481	99.8781	421868	99.6191	517	0.1219	422382	99.6189	2845	0.6710	1229	43.1986	717	25.2021	536	18.8401	1562	54.9033	233327	68.8703	241949	69.3617	0.9546
stools_11011150	stools_12064150	na	NZ_LR134236.1	4757340	308651	6.4879	307784	99.7191	306154	99.4704	867	0.2809	307016	99.4703	2693	0.8725	1058	39.2870	210	7.7980	497	18.4553	1936	71.8901	103201	64.8085	111498	68.8344	0.9821
stools_11011150	stools_12068102	na	NZ_CP022279.1	4907118	914123	18.6285	911134	99.6730	908792	99.7430	2989	0.3270	911769	99.7425	7016	0.7675	4662	66.4481	1712	24.4014	1035	14.7520	4055	57.7965	233327	85.1629	263935	72.3345	0.9667
stools_11011150	stools_12085150	na	NZ_CP022279.1	4907118	1359993	27.7147	1358483	99.8890	1357258	99.9098	1510	0.1110	1358768	99.9099	5213	0.3833	3988	76.5011	2482	47.6117	1206	23.1345	1413	27.1053	233327	88.8110	384148	62.2893	0.9474
stools_11011150	stools_12088501	na	NZ_CP022279.1	4907118	1416832	28.8730	1414414	99.8293	1413278	99.9197	2418	0.1707	1415691	99.9195	6292	0.4441	5151	81.8659	2758	43.8334	1223	19.4374	2121	33.7095	233327	96.5195	301726	73.0819	0.9653
stools_11011150	stools_12111102	na	NZ_LR134236.1	4757340	970190	20.3935	966200	99.5887	963044	99.6734	3990	0.4113	967024	99.6737	7477	0.7707	4311	57.6568	417	5.5771	1647	22.0276	5255	70.2822	103201	59.1893	49367	100.0000	0.9872
stools_11011150	stools_12116501	na	NZ_CP022279.1	4907118	387346	7.8936	387003	99.9114	385920	99.7202	343	0.0886	386262	99.7201	2143	0.5533	1059	49.4167	721	33.6444	453	21.1386	948	44.2371	233327	80.5873	315377	57.0492	0.9467
stools_11011501	stools_11049101	na	NZ_CP060061.1	5326222	28916	0.5429	28859	99.8029	28675	99.3624	57	0.1971	28731	99.3602	289	0.9994	104	35.9862	48	16.6090	116	40.1384	114	39.4464	97766	100.0000	346469	19.0337	0.9913
stools_11011501	stools_11049501	na	NZ_CP060061.1	5326222	29347	0.5510	29266	99.7240	29070	99.3303	81	0.2760	29151	99.3321	317	1.0802	121	38.1703	40	12.6183	136	42.9022	131	41.3249	97766	100.0000	356073	20.0243	0.9913
stools_11011501	stools_11052150	na	NZ_CP060061.1	5326222	185282	3.4787	184170	99.3998	182681	99.1915	1112	0.6002	183783	99.1910	2796	1.5091	1297	46.3877	198	7.0815	518	18.5265	2000	71.5308	97766	100.0000	137851	38.6541	0.9816
stools_11011501	stools_11107501	na	NZ_CP060061.1	5326222	25466	0.4781	25420	99.8194	25112	98.7884	46	0.1806	25158	98.7905	424	1.6650	116	27.3585	70	16.5094	113	26.6509	234	55.1887	97766	56.4920	348123	14.2455	0.9815
stools_11011501	stools_12058150	na	NZ_CP060061.1	5326222	15900	0.2985	15885	99.9057	15730	99.0242	15	0.0943	15745	99.0252	208	1.3082	53	25.4808	38	18.2692	59	28.3654	110	52.8846	97766	56.4920	367682	15.3807	0.9907
stools_11011501	stools_12085150	na	NZ_CP060061.1	5326222	126846	2.3815	126690	99.8770	125944	99.4112	156	0.1230	126099	99.4111	989	0.7797	242	24.4692	88	8.8979	396	40.0404	502	50.7583	97766	73.0458	171767	26.3269	0.9749
stools_11011501	stools_12091501	na	NZ_CP060061.1	5326222	53485	1.0042	53464	99.9607	53240	99.5810	21	0.0393	53261	99.5812	262	0.4899	38	14.5038	17	6.4885	211	80.5344	35	13.3588	97766	43.5080	178561	20.0665	0.9742
stools_11011501	stools_12092501	na	NZ_CP060061.1	5326222	328831	6.1738	327170	99.4949	326036	99.6534	1661	0.5051	327693	99.6539	2874	0.8740	1736	60.4036	88	3.0619	1112	38.6917	1470	51.1482	97766	43.5080	121038	49.9380	0.9846
stools_11011501	stools_12093101_SM-NA1P5	na	NZ_CP060061.1	5326222	143799	2.6998	143573	99.8428	142640	99.3502	226	0.1572	142864	99.3498	1225	0.8519	290	23.6735	67	5.4694	597	48.7347	553	45.1429	97766	70.4621	219682	38.2726	0.9890
stools_11011501	stools_12093101_SM-NAWYG	na	NZ_CP060061.1	5326222	311208	5.8429	310249	99.6918	308987	99.5932	959	0.3082	309943	99.5935	2297	0.7381	1032	44.9282	77	3.3522	1198	52.1550	985	42.8820	97766	70.4621	211724	39.4825	0.9796
stools_11011501	stools_12095150	na	NZ_CP060061.1	5326222	95217	1.7877	95099	99.8761	94565	99.4385	118	0.1239	94683	99.4392	731	0.7677	197	26.9494	79	10.8071	327	44.7332	320	43.7756	97766	100.0000	332444	30.8717	0.9707
stools_11011501	stools_12098150	na	NZ_CP060061.1	5326222	19486	0.3659	19399	99.5535	19104	98.4793	87	0.4465	19191	98.4861	412	2.1143	117	28.3981	30	7.2816	98	23.7864	281	68.2039	97766	100.0000	380685	24.3645	0.9846
stools_11013101	stools_11013150	na	NZ_CP041359.1	5320024	245794	4.6202	243765	99.1745	241590	99.1077	2029	0.8255	243593	99.1045	4459	1.8141	2258	50.6392	305	6.8401	1119	25.0953	2712	60.8208	108045	66.6037	91033	76.7260	0.9842
stools_11013101	stools_11014150	na	NZ_CP041359.1	5320024	75513	1.4194	75093	99.4438	74553	99.2809	420	0.5562	74969	99.2796	1009	1.3362	465	46.0852	49	4.8563	396	39.2468	526	52.1308	108045	68.7639	136111	73.7310	0.9780
stools_11013101	stools_11022150	na	NZ_LS992168.1	5031440	614405	12.2113	613699	99.8851	612573	99.8165	706	0.1149	613273	99.8158	2001	0.3257	869	43.4283	178	8.8956	625	31.2344	1132	56.5717	11006	0.0000	125251	0.0000	0.9751
stools_11013101	stools_11037101	na	NZ_LS992168.1	5031440	1044783	20.7651	1043682	99.8946	1042599	99.8962	1101	0.1054	1043690	99.8954	2231	0.2135	1138	51.0085	50	2.2411	1705	76.4231	458	20.5289	11006	0.0000	31585	0.0000	0.9915
stools_11013101	stools_11044101	na	NZ_CP048934.1	5151952	205584	3.9904	203770	99.1176	202109	99.1849	1814	0.8824	203908	99.1848	3784	1.8406	2108	55.7082	345	9.1173	1990	52.5899	1409	37.2357	22493	100.0000	68418	26.6874	0.9894
stools_11013101	stools_11046101	na	NZ_LS992168.1	5031440	2676282	53.1912	2668859	99.7226	2665137	99.8605	7423	0.2774	2672535	99.8600	11495	0.4295	7748	67.4032	460	4.0017	1720	14.9630	8958	77.9295	11006	100.0000	133656	8.2690	0.9756
stools_11013101	stools_11049101	na	NZ_CP041359.1	5320024	223953	4.2096	222449	99.3284	221567	99.6035	1504	0.6716	223061	99.6017	2516	1.1235	1624	64.5469	158	6.2798	1577	62.6789	679	26.9873	108045	51.3323	138786	51.3287	0.9742
stools_11013101	stools_11049501	na	NZ_CP041359.1	5320024	212815	4.0003	211433	99.3506	210671	99.6396	1382	0.6494	212042	99.6368	2280	1.0714	1507	66.0965	173	7.5877	1443	63.2895	566	24.8246	108045	51.3323	140508	50.1566	0.9739
stools_11013101	stools_11050101	na	NZ_LS992168.1	5031440	3757159	74.6736	3752287	99.8703	3751280	99.9732	4872	0.1297	3756141	99.9729	7049	0.1876	6031	85.5582	1398	19.8326	2666	37.8210	2748	38.9843	11006	0.0000	56265	0.0000	0.9866
stools_11013101	stools_12073101	na	NZ_LS992168.1	5031440	2726409	54.1874	2722880	99.8706	2720814	99.9241	3529	0.1294	2724336	99.9240	5624	0.2063	3551	63.1401	97	1.7248	2955	52.5427	2532	45.0213	11006	0.0000	85375	0.0000	0.9808
stools_11013101	stools_12078101	na	NZ_CP041359.1	5320024	300292	5.6446	298133	99.2810	296301	99.3855	2159	0.7190	298446	99.3853	4244	1.4133	2398	56.5033	349	8.2234	1750	41.2347	1863	43.8973	108045	51.3323	110534	60.5651	0.9796
stools_11013101	stools_12111101	na	NZ_CP048934.1	5151952	500743	9.7195	495474	98.9478	492984	99.4975	5269	1.0522	498217	99.4955	8216	1.6408	5690	69.2551	714	8.6904	3475	42.2955	3591	43.7074	22493	69.8795	62084	18.8809	0.9881
stools_11013150	stools_11014150	na	NZ_CP041359.1	5320024	185056	3.4785	184162	99.5169	181883	98.7625	894	0.4831	182763	98.7609	3439	1.8584	1146	33.3236	272	7.9093	1976	57.4586	1116	32.4513	91033	54.8274	136111	73.7310	0.9744
stools_11013150	stools_11049101	na	NZ_CP041359.1	5320024	441660	8.3018	440016	99.6278	436735	99.2543	1644	0.3722	438366	99.2542	4995	1.1310	1701	34.0541	73	1.4615	4493	89.9499	397	7.9479	91033	52.9138	138786	61.8629	0.9736
stools_11013150	stools_11049501	na	NZ_CP041359.1	5320024	425632	8.0006	424002	99.6170	420520	99.1788	1630	0.3830	422135	99.1784	5217	1.2257	1720	32.9691	109	2.0893	4648	89.0933	417	7.9931	91033	52.9138	140508	69.0317	0.9725
stools_11013150	stools_12078101	na	NZ_CP041359.1	5320024	574094	10.7912	571278	99.5095	566243	99.1186	2816	0.4905	569026	99.1172	8302	1.4461	3234	38.9545	523	6.2997	5596	67.4054	2006	24.1629	91033	39.5318	110534	67.9465	0.9729
stools_11014101	stools_11018102	na	NZ_CP010238.1	4797106	1284622	26.7791	1276112	99.3375	1270861	99.5885	8510	0.6625	1279325	99.5877	14057	1.0943	8760	62.3177	388	2.7602	11233	79.9104	2194	15.6079	24000	31.7042	73880	10.3939	0.9827
stools_11014101	stools_11024101	na	NZ_CP068802.1	4983069	3454693	69.3286	3414925	98.8489	3411289	99.8935	39768	1.1511	3450982	99.8926	44545	1.2894	40834	91.6691	2881	6.4676	25337	56.8796	15963	35.8357	97373	63.2557	91678	83.7006	0.9866
stools_11014101	stools_11047101	na	NZ_CP010238.1	4797106	967110	20.1603	957617	99.0184	953425	99.5622	9493	0.9816	962822	99.5566	14358	1.4846	10070	70.1351	1292	8.9985	8371	58.3020	3847	26.7934	24000	31.7042	20962	38.1786	0.9938
stools_11014101	stools_11049101	na	NZ_CP010238.1	4797106	1201918	25.0551	1193804	99.3249	1189257	99.6191	8114	0.6751	1197328	99.6181	12963	1.0785	8373	64.5915	420	3.2400	10992	84.7952	1249	9.6351	24000	31.7042	39718	21.2246	0.9899
stools_11014101	stools_11049501	na	NZ_CP010238.1	4797106	963331	20.0815	956557	99.2968	952603	99.5866	6774	0.7032	959330	99.5847	11001	1.1420	7000	63.6306	382	3.4724	9095	82.6743	1225	11.1354	24000	31.7042	39313	21.1915	0.9900
stools_11014101	stools_11106501	na	NZ_CP010238.1	4797106	1195207	24.9152	1185253	99.1672	1179589	99.5221	9954	0.8328	1189473	99.5203	16066	1.3442	10332	64.3097	740	4.6060	10068	62.6665	4837	30.1071	24000	77.6917	69007	23.5512	0.9872
stools_11014101	stools_12067150	na	NZ_CP049936.1	4731796	1243794	26.2859	1234200	99.2287	1228391	99.5293	9594	0.7713	1237932	99.5287	15982	1.2849	10120	63.3212	933	5.8378	7185	44.9568	7174	44.8880	48742	69.6545	54712	56.2783	0.9908
stools_11014101	stools_12074501	na	NZ_CP010238.1	4797106	1705742	35.5577	1693824	99.3013	1687806	99.6447	11918	0.6987	1699669	99.6440	18499	1.0845	12426	67.1712	949	5.1300	13638	73.7229	3378	18.2604	24000	22.3083	16381	50.6868	0.9938
stools_11014101	stools_12080101	na	NZ_CP010238.1	4797106	893853	18.6332	885969	99.1180	880433	99.3751	7884	0.8820	888255	99.3737	13943	1.5599	8345	59.8508	774	5.5512	7883	56.5373	4762	34.1533	24000	31.7042	53350	15.6926	0.9870
stools_11014101	stools_12114101	na	NZ_CP049936.1	4731796	713056	15.0695	708169	99.3146	705265	99.5899	4887	0.6854	710125	99.5890	7991	1.1207	5060	63.3212	256	3.2036	4456	55.7627	3085	38.6059	48742	100.0000	99863	51.2793	0.9889
stools_11014150	stools_11049101	na	NZ_CP041359.1	5320024	132461	2.4899	132278	99.8618	131280	99.2455	183	0.1382	131459	99.2436	1207	0.9112	205	16.9843	26	2.1541	1011	83.7614	164	13.5874	136111	46.5319	138786	51.3287	0.9795
stools_11014150	stools_11049501	na	NZ_CP041359.1	5320024	132124	2.4835	131942	99.8623	130932	99.2345	182	0.1377	131114	99.2356	1221	0.9241	211	17.2809	29	2.3751	1075	88.0426	117	9.5823	136111	46.5319	140508	50.1566	0.9803
stools_11014150	stools_12078101	na	NZ_CP041359.1	5320024	180426	3.3915	179987	99.7567	178579	99.2177	439	0.2433	179016	99.2185	2003	1.1102	593	29.6056	157	7.8382	1164	58.1128	659	32.9006	136111	46.5319	110534	60.5651	0.9823
stools_11015101	stools_11015501	na	NZ_CP010121.1	4990476	1020348	20.4459	1019294	99.8967	1017410	99.8152	1054	0.1033	1018463	99.8153	3750	0.3675	1865	49.7333	818	21.8133	676	18.0267	2163	57.6800	87851	86.3986	88867	100.0000	0.9949
stools_11015101	stools_11104101	na	NZ_CP010121.1	4990476	1932457	38.7229	1930402	99.8937	1917997	99.3574	2055	0.1063	1920040	99.3575	15278	0.7906	2861	18.7263	826	5.4065	2476	16.2063	11913	77.9749	87851	100.0000	323112	35.1897	0.9456
stools_11015101	stools_11109101	na	NZ_CP010121.1	4990476	2569233	51.4827	2566545	99.8954	2542933	99.0800	2688	0.1046	2545573	99.0791	28097	1.0936	4437	15.7917	1855	6.6021	4074	14.4998	21880	77.8731	87851	87.0895	214534	39.0763	0.9678
stools_11015501	stools_11104101	na	NZ_CP010121.1	4990476	452796	9.0732	452362	99.9042	448997	99.2561	434	0.0958	449428	99.2562	4080	0.9011	712	17.4510	281	6.8873	991	24.2892	2776	68.0392	88867	100.0000	323112	31.1220	0.9609
stools_11015501	stools_11109101	na	NZ_CP010121.1	4990476	530578	10.6318	530141	99.9176	524510	98.9378	437	0.0824	524935	98.9364	6525	1.2298	882	13.5172	458	7.0192	1186	18.1762	4826	73.9617	88867	100.0000	214534	36.4455	0.9770
stools_11016101	stools_11041101	na	NZ_CP020055.1	4658583	1535160	32.9534	1526823	99.4569	1524364	99.8389	8337	0.5431	1532670	99.8378	11730	0.7641	9240	78.7724	1170	9.9744	6526	55.6351	3403	29.0111	18509	100.0000	53973	35.5752	0.9923
stools_11016101	stools_12057501	na	NZ_CP020055.1	4658583	1381306	29.6508	1371325	99.2774	1366279	99.6320	9981	0.7226	1376206	99.6308	15521	1.1236	10421	67.1413	770	4.9610	7055	45.4545	7265	46.8076	18509	100.0000	71228	28.8426	0.9869
stools_11016101	stools_12119101	na	NZ_CP076282.1	4831855	1622139	33.5718	1606608	99.0426	1600185	99.6002	15531	0.9574	1615614	99.5978	22199	1.3685	15674	70.6068	901	4.0587	8411	37.8891	12377	55.7548	45373	85.8727	125019	38.9709	0.9781
stools_11016150	stools_11031101	na	NZ_CP088131.1	4785944	171158	3.5763	170735	99.7529	169280	99.1478	423	0.2471	169701	99.1487	2000	1.1685	543	27.1500	123	6.1500	1204	60.2000	653	32.6500	316015	28.4012	164374	86.8976	0.9513
stools_11016150	stools_11031501	na	NZ_CP088131.1	4785944	152524	3.1869	152153	99.7568	150855	99.1469	371	0.2432	151224	99.1477	1782	1.1683	482	27.0483	113	6.3412	1076	60.3816	578	32.4355	316015	44.7558	213343	81.5508	0.9582
stools_11016501	stools_11020150	na	NZ_CP022279.1	4907118	908456	18.5130	906765	99.8139	904130	99.7094	1691	0.1861	905816	99.7094	6257	0.6888	3617	57.8073	1948	31.1331	1897	30.3180	2242	35.8319	180241	92.6953	393860	58.6363	0.9435
stools_11016501	stools_11021501	na	NZ_CP022279.1	4907118	1084577	22.1021	1081327	99.7003	1076979	99.5979	3250	0.2997	1080210	99.5974	9377	0.8646	5010	53.4286	1799	19.1852	2374	25.3173	5025	53.5886	180241	79.0419	242169	69.8772	0.9623
stools_11016501	stools_11038101	na	NZ_CP022279.1	4907118	1262158	25.7210	1258392	99.7016	1254379	99.6811	3766	0.2984	1258127	99.6806	9583	0.7593	5552	57.9359	1867	19.4824	2968	30.9715	4511	47.0729	180241	74.1435	209128	75.7737	0.9702
stools_11016501	stools_11046150	na	NZ_CP022279.1	4907118	413849	8.4336	412821	99.7516	409616	99.2236	1028	0.2484	410637	99.2239	5068	1.2246	1856	36.6219	842	16.6140	928	18.3110	3195	63.0426	180241	62.2888	286858	82.5952	0.9482
stools_11016501	stools_11048150	na	NZ_CP022279.1	4907118	717058	14.6126	715693	99.8096	713070	99.6335	1365	0.1904	714425	99.6328	5344	0.7453	2711	50.7298	1370	25.6362	1749	32.7283	2076	38.8473	180241	81.4559	290618	57.5887	0.9653
stools_11016501	stools_11052150	na	NZ_CP022279.1	4907118	2121733	43.2379	2112409	99.5605	2108041	99.7932	9324	0.4395	2117341	99.7930	17229	0.8120	12837	74.5081	3665	21.2723	4132	23.9828	9071	52.6496	180241	90.6403	251808	58.9679	0.9506
stools_11016501	stools_12060501	na	NZ_CP022279.1	4907118	796848	16.2386	795015	99.7700	791869	99.6043	1833	0.2300	793688	99.6034	6305	0.7912	3145	49.8810	1337	21.2054	1774	28.1364	3095	49.0880	180241	90.8156	241949	77.3762	0.9663
stools_11016501	stools_12068102	na	NZ_CP022279.1	4907118	1716549	34.9808	1709625	99.5966	1704406	99.6947	6924	0.4034	1711305	99.6945	15082	0.8786	9838	65.2301	3118	20.6737	3527	23.3855	7846	52.0223	180241	83.3262	263935	61.0719	0.9579
stools_11016501	stools_12085150	na	NZ_CP022279.1	4907118	2586098	52.7010	2580903	99.7991	2577091	99.8523	5195	0.2009	2582277	99.8522	13685	0.5292	9864	72.0789	4735	34.5999	4989	36.4560	3643	26.6204	180241	93.8782	384148	48.6943	0.9433
stools_11016501	stools_12088501	na	NZ_CP022279.1	4907118	2681116	54.6373	2674346	99.7475	2670344	99.8504	6770	0.2525	2677096	99.8501	15844	0.5909	11824	74.6276	5122	32.3277	5312	33.5269	4965	31.3368	180241	92.6166	301726	57.1296	0.9578
stools_11016501	stools_12116501	na	NZ_CP022279.1	4907118	710715	14.4833	709246	99.7933	707043	99.6894	1469	0.2067	708507	99.6893	4851	0.6826	2643	54.4836	1180	24.3249	1771	36.5079	1796	37.0233	180241	80.6920	315377	49.8293	0.9419
stools_11017501	stools_11020501	na	NZ_LR134216.1	4647667	672976	14.4799	668034	99.2656	665209	99.5771	4942	0.7344	670126	99.5765	7948	1.1810	5098	64.1419	319	4.0136	3917	49.2828	3447	43.3694	22132	43.7918	26544	37.8353	0.9934
stools_11017501	stools_11034101	na	NZ_CP042892.1	5165075	516174	9.9935	509658	98.7376	506371	99.3551	6516	1.2624	512841	99.3543	10648	2.0629	7315	68.6983	1293	12.1431	4660	43.7641	3931	36.9177	116942	52.0181	72342	92.2466	0.9866
stools_11017501	stools_11041102	na	NZ_LR134216.1	4647667	495419	10.6595	490916	99.0911	488886	99.5865	4503	0.9089	493357	99.5838	6799	1.3724	4737	69.6720	450	6.6186	3727	54.8169	2410	35.4464	22132	100.0000	20532	63.8662	0.9965
stools_11017501	stools_11042150	na	NZ_LR134216.1	4647667	462179	9.9443	458251	99.1501	456158	99.5433	3928	0.8499	460071	99.5439	6170	1.3350	4062	65.8347	274	4.4408	3408	55.2350	2281	36.9692	22132	100.0000	45123	50.0565	0.9950
stools_11017501	stools_11113501	na	NZ_LR134216.1	4647667	345500	7.4338	343334	99.3731	341475	99.4585	2166	0.6269	343612	99.4535	4077	1.1800	2189	53.6914	63	1.5453	2422	59.4064	1535	37.6502	22132	100.0000	119770	18.3343	0.9785
stools_11017501	stools_12074150	na	NZ_CP042892.1	5165075	360290	6.9755	357099	99.1143	354402	99.2447	3191	0.8857	357576	99.2467	6030	1.6737	3316	54.9917	199	3.3002	4812	79.8010	888	14.7264	116942	4.6442	5525	100.0000	0.9784
stools_11017501	stools_12117150	na	NZ_LR134216.1	4647667	661239	14.2273	656474	99.2794	654011	99.6248	4765	0.7206	658749	99.6234	7459	1.1280	4969	66.6175	368	4.9336	4000	53.6265	2711	36.3454	22132	100.0000	106136	19.9602	0.9813
stools_11018101	stools_11021501	na	NZ_CP073981.1	4774884	2316166	48.5073	2300194	99.3104	2298071	99.9077	15972	0.6896	2314024	99.9075	18702	0.8075	16560	88.5467	983	5.2561	12391	66.2549	5192	27.7617	91823	70.6533	98317	59.6072	0.9821
stools_11018101	stools_11027501	na	NZ_CP073981.1	4774884	2918233	61.1163	2888173	98.9699	2885663	99.9131	30060	1.0301	2915676	99.9124	33945	1.1632	31388	92.4672	2480	7.3059	13570	39.9764	17919	52.7883	91823	92.9353	231623	52.8998	0.9628
stools_11018101	stools_11038150	na	NZ_LR134236.1	4757340	538281	11.3147	533417	99.0964	530413	99.4368	4864	0.9036	535240	99.4351	8271	1.5366	5230	63.2330	449	5.4286	5769	69.7497	1879	22.7179	43894	76.3726	148989	24.9314	0.9750
stools_11018101	stools_11041102	na	NZ_CP073981.1	4774884	1780716	37.2934	1770673	99.4360	1769228	99.9184	10043	0.5640	1779246	99.9174	12125	0.6809	10655	87.8763	800	6.5979	9615	79.2990	1514	12.4866	91823	65.0578	46091	86.5917	0.9874
stools_11018101	stools_11042101	na	NZ_CP023386.1	4900891	3368885	68.7403	3317112	98.4632	3312333	99.8559	51773	1.5368	3363980	99.8544	57073	1.6941	52168	91.4057	3728	6.5320	25261	44.2609	28450	49.8484	108131	28.0900	57167	43.8067	0.9760
stools_11018101	stools_11048102	na	NZ_CP073981.1	4774884	1451955	30.4082	1441519	99.2812	1439005	99.8256	10436	0.7188	1449413	99.8249	13487	0.9289	10945	81.1522	665	4.9307	8045	59.6500	4561	33.8178	91823	87.3398	162793	57.6739	0.9799
stools_11018101	stools_11054102	na	NZ_CP023386.1	4900891	2510208	51.2194	2477014	98.6776	2470789	99.7487	33194	1.3224	2503818	99.7454	39836	1.5870	33446	83.9592	1449	3.6374	27128	68.0992	11040	27.7136	108131	53.3196	106169	53.5034	0.9772
stools_11018101	stools_11110101	na	NZ_CP073981.1	4774884	362708	7.5962	360575	99.4119	359501	99.7021	2133	0.5881	361630	99.7028	3303	0.9106	2225	67.3630	97	2.9367	2258	68.3621	902	27.3085	91823	66.4583	252737	32.2193	0.9538
stools_11018101	stools_12060150	na	NZ_CP023386.1	4900891	3191200	65.1147	3154056	98.8360	3148621	99.8277	37144	1.1640	3185695	99.8275	42987	1.3470	37482	87.1938	589	1.3702	34589	80.4639	7600	17.6798	108131	83.9426	186175	62.1603	0.9739
stools_11018101	stools_12061101	na	NZ_CP073981.1	4774884	1649659	34.5487	1636239	99.1865	1630278	99.6357	13420	0.8135	1643631	99.6346	19976	1.2109	13948	69.8238	756	3.7845	8513	42.6161	10444	52.2827	91823	92.9353	163125	72.7001	0.9798
stools_11018101	stools_12064150	na	NZ_LR134236.1	4757340	437436	9.1950	432640	98.9036	428867	99.1279	4796	1.0964	433551	99.1119	8963	2.0490	5078	56.6551	479	5.3442	5393	60.1696	2910	32.4668	43894	88.2740	111498	42.6815	0.9834
stools_11018101	stools_12069101	na	NZ_CP023386.1	4900891	3826108	78.0696	3784634	98.9160	3778596	99.8405	41474	1.0840	3819961	99.8393	48310	1.2626	42163	87.2759	1239	2.5647	39885	82.5605	6802	14.0799	108131	88.5981	197655	56.7509	0.9724
stools_11018101	stools_12070101	na	NZ_CP023386.1	4900891	3730721	76.1233	3692452	98.9742	3686509	99.8391	38269	1.0258	3724680	99.8381	44806	1.2010	38765	86.5174	705	1.5734	38769	86.5264	5051	11.2730	108131	61.5272	165445	40.4775	0.9682
stools_11018101	stools_12101101	na	NZ_CP023386.1	4900891	3873028	79.0270	3814234	98.4820	3812228	99.9474	58794	1.5180	3870972	99.9469	63817	1.6477	61761	96.7783	8636	13.5324	32190	50.4411	22616	35.4388	108131	88.5981	208557	65.8885	0.9737
stools_11018101	stools_12111102	na	NZ_LR134236.1	4757340	1080169	22.7053	1068371	98.9078	1062151	99.4178	11798	1.0922	1073886	99.4183	18736	1.7345	12453	66.4656	905	4.8303	11527	61.5233	5924	31.6183	43894	58.9397	49367	43.9990	0.9890
stools_11018102	stools_11034101	na	NZ_AP022177.1	4733200	558660	11.8030	555828	99.4931	554331	99.7307	2832	0.5069	557149	99.7295	4518	0.8087	3007	66.5560	237	5.2457	1749	38.7118	2344	51.8814	87348	64.5865	53229	90.2985	0.9913
stools_11018102	stools_11047101	na	NZ_CP010238.1	4797106	918211	19.1409	914975	99.6476	912843	99.7670	3236	0.3524	916049	99.7645	5754	0.6267	3592	62.4261	503	8.7417	1893	32.8989	3087	53.6496	73880	28.0780	20962	62.0504	0.9844
stools_11018102	stools_11049101	na	NZ_CP010238.1	4797106	1346807	28.0754	1344841	99.8540	1342864	99.8530	1966	0.1460	1344815	99.8521	4161	0.3090	2169	52.1269	259	6.2245	2459	59.0964	1337	32.1317	73880	68.8468	39718	100.0000	0.9925
stools_11018102	stools_11049501	na	NZ_CP010238.1	4797106	1070134	22.3079	1068651	99.8614	1066845	99.8310	1483	0.1386	1068320	99.8305	3543	0.3311	1729	48.8005	273	7.7053	1933	54.5583	1250	35.2808	73880	68.8468	39313	100.0000	0.9923
stools_11018102	stools_11106501	na	NZ_CP010238.1	4797106	1312600	27.3623	1308003	99.6498	1304602	99.7400	4597	0.3502	1309189	99.7401	8341	0.6355	4930	59.1056	429	5.1433	2073	24.8531	5626	67.4499	73880	43.6356	69007	48.4139	0.9835
stools_11018102	stools_12074501	na	NZ_CP010238.1	4797106	1807867	37.6866	1803795	99.7748	1801312	99.8623	4072	0.2252	1805374	99.8621	6837	0.3782	4344	63.5366	336	4.9144	2838	41.5094	3506	51.2798	73880	0.0000	16381	0.0000	0.9812
stools_11018102	stools_12080101	na	NZ_CP010238.1	4797106	923802	19.2575	920458	99.6380	916686	99.5902	3344	0.3620	920013	99.5898	7472	0.8088	3683	49.2907	437	5.8485	1507	20.1686	5368	71.8415	73880	84.3002	53350	88.1706	0.9935
stools_11019101	stools_11019501	na	NZ_AP021896.1	4574715	3940251	86.1311	3937296	99.9250	3937135	99.9959	2955	0.0750	3940088	99.9959	8532	0.2165	8369	98.0895	5870	68.7998	719	8.4271	1498	17.5574	155072	96.3649	148410	91.0417	0.9913
stools_11020101	stools_11053101	na	NZ_CP024147.1	4639454	1087485	23.4399	1086317	99.8926	1083887	99.7763	1168	0.1074	1085053	99.7764	3678	0.3382	1246	33.8771	86	2.3382	2850	77.4878	702	19.0865	173478	42.1270	91107	85.0780	0.9720
stools_11020101	stools_12081101	na	NZ_CP024147.1	4639454	1081651	23.3142	1080611	99.9039	1078301	99.7862	1040	0.0961	1079337	99.7861	3422	0.3164	1108	32.3787	73	2.1333	2767	80.8591	573	16.7446	173478	30.5958	89014	63.4631	0.9689
stools_11020150	stools_11021501	na	NZ_CP022279.1	4907118	507732	10.3468	506463	99.7501	504105	99.5344	1269	0.2499	505368	99.5344	4566	0.8993	2202	48.2260	950	20.8060	1181	25.8651	2336	51.1608	393860	59.0789	242169	82.2170	0.9459
stools_11020150	stools_11038101	na	NZ_CP022279.1	4907118	574223	11.7018	572982	99.7839	571042	99.6614	1241	0.2161	572280	99.6616	4218	0.7346	2275	53.9355	1041	24.6799	1300	30.8203	1784	42.2949	393860	60.3486	209128	87.0366	0.9452
stools_11020150	stools_11046150	na	NZ_CP022279.1	4907118	203891	4.1550	203556	99.8357	201994	99.2326	335	0.1643	202324	99.2315	2516	1.2340	949	37.7186	620	24.6423	384	15.2623	1483	58.9428	393860	62.1741	286858	100.0000	0.9707
stools_11020150	stools_11048150	na	NZ_CP022279.1	4907118	328657	6.6976	328272	99.8829	326914	99.5863	385	0.1171	327295	99.5856	2530	0.7698	1168	46.1660	790	31.2253	835	33.0040	879	34.7431	393860	70.3615	290618	87.3783	0.9577
stools_11020150	stools_11052150	na	NZ_CP022279.1	4907118	987104	20.1158	983405	99.6253	981149	99.7706	3699	0.3747	984836	99.7702	7879	0.7982	5611	71.2146	1937	24.5843	1767	22.4267	4016	50.9709	393860	78.0737	251808	83.1538	0.9415
stools_11020150	stools_12060501	na	NZ_CP022279.1	4907118	368457	7.5086	367977	99.8697	366516	99.6030	480	0.1303	366995	99.6032	2713	0.7363	1251	46.1113	779	28.7136	749	27.6078	1150	42.3885	393860	68.4251	241949	92.0066	0.9523
stools_11020150	stools_12068102	na	NZ_CP022279.1	4907118	795811	16.2175	793093	99.6585	790459	99.6679	2718	0.3415	793164	99.6674	7006	0.8804	4359	62.2181	1688	24.0936	1604	22.8947	3507	50.0571	393860	63.5741	263935	80.9661	0.9441
stools_11020150	stools_12085150	na	NZ_CP022279.1	4907118	1203489	24.5254	1201920	99.8696	1200013	99.8413	1569	0.1304	1201579	99.8413	6185	0.5139	4275	69.1188	2711	43.8319	2170	35.0849	1172	18.9491	393860	92.5821	384148	87.6170	0.9533
stools_11020150	stools_12088501	na	NZ_CP022279.1	4907118	1253022	25.5348	1250569	99.8042	1248637	99.8455	2453	0.1958	1251087	99.8456	7470	0.5962	5535	74.0964	3098	41.4726	2248	30.0937	1926	25.7831	393860	75.5068	301726	82.2514	0.9503
stools_11020150	stools_12116501	na	NZ_CP022279.1	4907118	338716	6.9025	338345	99.8905	337051	99.6176	371	0.1095	337419	99.6171	2330	0.6879	1033	44.3348	667	28.6266	782	33.5622	862	36.9957	393860	74.6555	315377	74.2622	0.9414
stools_11020501	stools_11034101	na	NZ_CP045206.1	4944436	1082289	21.8890	1077923	99.5966	1069153	99.1864	4366	0.4034	1073481	99.1862	13727	1.2683	4919	35.8345	662	4.8226	3241	23.6104	9538	69.4835	118896	71.1496	106430	54.4245	0.9799
stools_11020501	stools_11041102	na	NZ_LR134216.1	4647667	420758	9.0531	418536	99.4719	416191	99.4397	2222	0.5281	418399	99.4393	4699	1.1168	2340	49.7978	165	3.5114	2673	56.8844	1789	38.0719	26544	76.6350	20532	69.6766	0.9960
stools_11020501	stools_11042150	na	NZ_LR134216.1	4647667	558873	12.0248	556404	99.5582	553704	99.5147	2469	0.4418	556165	99.5155	5362	0.9594	2654	49.4965	249	4.6438	2644	49.3100	2323	43.3234	26544	37.8353	45123	22.2348	0.9885
stools_11020501	stools_11113501	na	NZ_LR134216.1	4647667	489320	10.5283	487766	99.6824	484657	99.3626	1554	0.3176	486201	99.3626	4734	0.9675	1615	34.1149	79	1.6688	1938	40.9379	2710	57.2455	26544	37.8353	119770	7.7933	0.9738
stools_11020501	stools_12083101	na	NZ_CP045206.1	4944436	531075	10.7409	529797	99.7594	527128	99.4962	1278	0.2406	528401	99.4965	4289	0.8076	1615	37.6545	355	8.2770	1653	38.5405	2209	51.5038	118896	79.8816	113879	83.8618	0.9904
stools_11020501	stools_12083150	na	NZ_CP045206.1	4944436	553986	11.2042	552670	99.7624	550348	99.5799	1316	0.2376	551657	99.5796	4096	0.7394	1767	43.1396	470	11.4746	1680	41.0156	1884	45.9961	118896	79.8816	124233	74.4400	0.9873
stools_11020501	stools_12117150	na	NZ_LR134216.1	4647667	1007388	21.6751	1003611	99.6251	999441	99.5845	3777	0.3749	1003203	99.5846	8182	0.8122	3997	48.8511	306	3.7399	4282	52.3344	3461	42.3002	26544	76.6350	106136	15.3756	0.9780
stools_11021101	stools_12062501	na	NZ_CP051738.1	5166012	134727	2.6079	134130	99.5569	132345	98.6692	597	0.4431	132935	98.6699	2507	1.8608	715	28.5201	130	5.1855	1070	42.6805	1267	50.5385	148290	28.2136	38195	23.8749	0.9713
stools_11021101	stools_12079150	na	NZ_CP051738.1	5166012	41322	0.7999	41301	99.9492	40865	98.9443	21	0.0508	40886	98.9449	490	1.1858	54	11.0204	33	6.7347	315	64.2857	133	27.1429	148290	72.0487	269499	42.4332	0.9859
stools_11021501	stools_11027501	na	NZ_CP073981.1	4774884	3136838	65.6945	3108565	99.0987	3105866	99.9132	28273	0.9013	3134114	99.9132	31850	1.0154	29126	91.4474	1408	4.4207	6986	21.9341	23341	73.2841	98317	88.5910	231623	50.4186	0.9642
stools_11021501	stools_11029150	na	NZ_LR134080.1	5030213	572810	11.3874	570053	99.5187	564621	99.0471	2757	0.4813	567362	99.0489	8784	1.5335	3336	37.9781	642	7.3087	3427	39.0141	4458	50.7514	84891	60.5612	151764	40.8858	0.9719
stools_11021501	stools_11038101	na	NZ_CP022279.1	4907118	693215	14.1267	690932	99.6707	687509	99.5046	2283	0.3293	689782	99.5048	6717	0.9690	3284	48.8909	1029	15.3193	3057	45.5114	2516	37.4572	242169	69.5820	209128	74.0523	0.9710
stools_11021501	stools_11041102	na	NZ_CP073981.1	4774884	1726293	36.1536	1721269	99.7090	1719721	99.9101	5024	0.2910	1724740	99.9100	7035	0.4075	5482	77.9247	596	8.4719	4575	65.0320	1726	24.5345	98317	52.7152	46091	86.5917	0.9858
stools_11021501	stools_11046150	na	NZ_CP022279.1	4907118	229339	4.6736	228630	99.6909	226571	99.0994	709	0.3091	227267	99.0965	3172	1.3831	1100	34.6784	411	12.9571	1174	37.0113	1559	49.1488	242169	71.1379	286858	88.5700	0.9549
stools_11021501	stools_11048102	na	NZ_CP073981.1	4774884	1613670	33.7950	1607223	99.6005	1604443	99.8270	6447	0.3995	1610877	99.8269	9621	0.5962	6828	70.9698	510	5.3009	4071	42.3137	4878	50.7016	98317	74.9331	162793	53.2793	0.9704
stools_11021501	stools_11048150	na	NZ_CP022279.1	4907118	393005	8.0089	392013	99.7476	389956	99.4753	992	0.2524	390943	99.4753	3780	0.9618	1718	45.4497	739	19.5503	1966	52.0106	1037	27.4339	242169	70.1663	290618	62.9792	0.9531
stools_11021501	stools_11052150	na	NZ_CP022279.1	4907118	1172493	23.8937	1166294	99.4713	1162146	99.6443	6199	0.5287	1168307	99.6430	12276	1.0470	8090	65.9009	2197	17.8967	4664	37.9928	5050	41.1372	242169	78.5162	251808	60.4921	0.9544
stools_11021501	stools_11110101	na	NZ_CP073981.1	4774884	407281	8.5297	406219	99.7392	405225	99.7553	1062	0.2608	406285	99.7555	2147	0.5272	1151	53.6097	97	4.5179	1131	52.6782	880	40.9874	98317	48.9742	252737	32.2193	0.9480
stools_11021501	stools_12060501	na	NZ_CP022279.1	4907118	447516	9.1197	446392	99.7488	443965	99.4563	1124	0.2512	445076	99.4548	4230	0.9452	1790	42.3168	684	16.1702	1892	44.7281	1555	36.7612	242169	78.8408	241949	76.2628	0.9615
stools_11021501	stools_12061101	na	NZ_CP073981.1	4774884	1792859	37.5477	1783244	99.4637	1776698	99.6329	9615	0.5363	1786284	99.6333	16570	0.9242	9995	60.3199	562	3.3917	4151	25.0513	11614	70.0905	98317	88.5910	163125	77.1586	0.9795
stools_11021501	stools_12068102	na	NZ_CP022279.1	4907118	954484	19.4510	949785	99.5077	945523	99.5513	4699	0.4923	950192	99.5503	10617	1.1123	6325	59.5743	1739	16.3794	4199	39.5498	4405	41.4901	242169	64.7853	263935	58.7603	0.9550
stools_11021501	stools_12069101	na	NZ_LR134080.1	5030213	611245	12.1515	608207	99.5030	602712	99.0965	3038	0.4970	605717	99.0956	9099	1.4886	3571	39.2461	653	7.1766	3613	39.7077	4573	50.2583	84891	50.2209	111511	35.2046	0.9761
stools_11021501	stools_12085150	na	NZ_CP022279.1	4907118	1415586	28.8476	1412005	99.7470	1407672	99.6931	3581	0.2530	1411241	99.6931	10335	0.7301	5990	57.9584	2438	23.5897	5979	57.8520	1798	17.3972	242169	93.1891	384148	65.3795	0.9513
stools_11021501	stools_12088501	na	NZ_CP022279.1	4907118	1469780	29.9520	1464956	99.6718	1460775	99.7146	4824	0.3282	1465561	99.7130	11733	0.7983	7514	64.0416	2852	24.3075	5961	50.8054	2650	22.5859	242169	72.2182	301726	56.2835	0.9536
stools_11021501	stools_12090101	na	NZ_LR134080.1	5030213	870240	17.3003	867143	99.6441	862145	99.4236	3097	0.3559	865218	99.4229	8427	0.9684	3405	40.4058	371	4.4025	5659	67.1532	2233	26.4982	84891	93.1335	180905	43.1337	0.9751
stools_11021501	stools_12116501	na	NZ_CP022279.1	4907118	404780	8.2488	403766	99.7495	401903	99.5386	1014	0.2505	402909	99.5378	3566	0.8810	1695	47.5322	712	19.9663	1878	52.6640	945	26.5003	242169	63.5461	315377	48.1516	0.9309
stools_11022150	stools_11028150	na	NZ_CP016628.1	4867152	287221	5.9012	287076	99.9495	286740	99.8830	145	0.0505	286885	99.8830	1212	0.4220	876	72.2772	731	60.3135	235	19.3894	238	19.6370	238219	75.1930	235182	70.5165	0.9732
stools_11022150	stools_11037101	na	NZ_LS992168.1	5031440	193425	3.8443	193359	99.9659	192835	99.7290	66	0.0341	192900	99.7286	614	0.3174	89	14.4951	24	3.9088	516	84.0391	74	12.0521	125251	0.0000	31585	0.0000	0.9722
stools_11022150	stools_11046101	na	NZ_LS992168.1	5031440	410084	8.1504	409069	99.7525	407924	99.7201	1015	0.2475	408936	99.7201	2224	0.5423	1076	48.3813	68	3.0576	735	33.0486	1385	62.2752	125251	10.7999	133656	5.5733	0.9559
stools_11022150	stools_11047150	na	NZ_CP016628.1	4867152	515290	10.5871	514214	99.7912	513566	99.8740	1076	0.2088	514640	99.8739	3005	0.5832	2355	78.3694	1286	42.7953	446	14.8419	1198	39.8669	238219	61.3645	135242	77.1890	0.9672
stools_11022150	stools_11050101	na	NZ_LS992168.1	5031440	606321	12.0506	605889	99.9288	604901	99.8369	432	0.0712	605326	99.8359	1586	0.2616	591	37.2636	168	10.5927	1017	64.1236	362	22.8247	125251	0.0000	56265	0.0000	0.9722
stools_11022150	stools_12067101	na	NZ_CP016628.1	4867152	112231	2.3059	112143	99.9216	111175	99.1368	88	0.0784	111263	99.1375	1128	1.0051	160	14.1844	72	6.3830	325	28.8121	733	64.9823	238219	79.5864	338079	59.7766	0.9541
stools_11022150	stools_12073101	na	NZ_LS992168.1	5031440	460052	9.1435	459575	99.8963	458717	99.8133	477	0.1037	459193	99.8133	1339	0.2911	480	35.8476	4	0.2987	829	61.9119	493	36.8185	125251	0.0000	85375	0.0000	0.9685
stools_11023101	stools_11028150	na	NZ_CP011134.1	5000386	978243	19.5633	976308	99.8022	973913	99.7547	1935	0.1978	975843	99.7547	4739	0.4844	2339	49.3564	486	10.2553	1288	27.1787	2817	59.4429	100884	58.2540	139785	57.6271	0.9765
stools_11023101	stools_11032150	na	NZ_CP011134.1	5000386	3823223	76.4586	3806298	99.5573	3804057	99.9411	16925	0.4427	3820960	99.9408	19852	0.5192	17589	88.6006	1168	5.8835	4950	24.9345	13017	65.5702	100884	31.6730	60089	52.2641	0.9790
stools_11023101	stools_11044150	na	NZ_CP011134.1	5000386	2512290	50.2419	2491450	99.1705	2486694	99.8091	20840	0.8295	2507488	99.8089	26381	1.0501	21579	81.7975	1138	4.3137	3530	13.3808	21329	80.8499	100884	21.2630	25668	73.4183	0.9821
stools_11023101	stools_11109150	na	NZ_AP022261.1	4907327	3737000	76.1514	3728529	99.7733	3727772	99.9797	8471	0.2267	3736238	99.9796	10317	0.2761	9555	92.6141	1189	11.5247	2700	26.1704	6185	59.9496	74952	66.1997	101353	52.3181	0.9820
stools_11023101	stools_12078150	na	NZ_CP011134.1	5000386	3607997	72.1544	3602150	99.8379	3600464	99.9532	5847	0.1621	3606302	99.9530	8787	0.2435	7092	80.7101	1439	16.3765	4302	48.9587	2819	32.0815	100884	58.2540	120648	58.4966	0.9757
stools_11023101	stools_12090101	na	NZ_CP011134.1	5000386	2168138	43.3594	2163332	99.7783	2161254	99.9039	4806	0.2217	2166050	99.9037	7415	0.3420	5327	71.8409	640	8.6312	2838	38.2738	3803	51.2879	100884	58.2540	122213	61.0549	0.9777
stools_11023101	stools_12090501	na	NZ_AP022261.1	4907327	3681403	75.0185	3662755	99.4935	3659254	99.9044	18648	0.5065	3677881	99.9043	22515	0.6116	18993	84.3571	465	2.0653	4438	19.7113	17325	76.9487	74952	8.2439	11796	48.8301	0.9844
stools_11023101	stools_12092101	na	NZ_CP087377.1	5230678	1161646	22.2083	1145881	98.6429	1137181	99.2408	15765	1.3571	1152895	99.2467	24642	2.1213	15891	64.4875	268	1.0876	1875	7.6090	22383	90.8327	24986	100.0000	95021	22.4561	0.9836
stools_11024150	stools_12092150	na	NZ_CP071441.1	4828326	433207	8.9722	428995	99.0277	420559	98.0335	4212	0.9723	424651	98.0250	13250	3.0586	4694	35.4264	694	5.2377	7677	57.9396	4521	34.1208	208657	13.8869	38498	59.1329	0.9594
stools_11026101	stools_11039150	na	NZ_CP075716.1	4870208	377674	7.7548	376667	99.7334	375224	99.6169	1007	0.2666	376221	99.6153	2687	0.7115	1234	45.9248	246	9.1552	703	26.1630	1682	62.5977	202364	82.2617	162260	75.3273	0.9775
stools_11026101	stools_12071150	na	NZ_CP075716.1	4870208	298895	6.1372	298551	99.8849	297648	99.6975	344	0.1151	297992	99.6979	1298	0.4343	395	30.4314	51	3.9291	601	46.3020	633	48.7673	202364	87.1178	167391	64.0160	0.9716
stools_11026150	stools_12072101	na	NZ_CP010169.1	4833228	801974	16.5929	794776	99.1025	788123	99.1629	7198	0.8975	795226	99.1586	14012	1.7472	7264	51.8413	247	1.7628	10493	74.8858	3055	21.8027	114128	81.3578	90187	77.6520	0.9835
stools_11027501	stools_11041102	na	NZ_CP073981.1	4774884	2164452	45.3299	2149403	99.3047	2147297	99.9020	15049	0.6953	2162331	99.9020	18079	0.8353	15958	88.2682	1030	5.6972	15129	83.6827	1795	9.9286	231623	38.2842	46091	100.0000	0.9605
stools_11027501	stools_11048102	na	NZ_CP073981.1	4774884	1933019	40.4831	1915276	99.0821	1912063	99.8322	17743	0.9179	1929779	99.8324	21833	1.1295	18593	85.1601	1023	4.6856	15013	68.7629	5486	25.1271	231623	65.5604	162793	85.8145	0.9609
stools_11027501	stools_11110101	na	NZ_CP073981.1	4774884	506097	10.5991	502153	99.2207	501001	99.7706	3944	0.7793	504939	99.7712	5249	1.0372	4091	77.9387	160	3.0482	4065	77.4433	1007	19.1846	231623	43.3597	252737	43.1670	0.9338
stools_11027501	stools_12061101	na	NZ_CP073981.1	4774884	2303043	48.2324	2278779	98.9464	2270783	99.6491	24264	1.0536	2294976	99.6497	33389	1.4498	25322	75.8393	1407	4.2140	18027	53.9908	13760	41.2112	231623	58.8663	163125	96.3353	0.9701
stools_11028150	stools_11032150	na	NZ_CP011134.1	5000386	1088305	21.7644	1083016	99.5140	1080406	99.7590	5289	0.4860	1085683	99.7591	8069	0.7414	5447	67.5053	302	3.7427	3315	41.0832	3957	49.0395	139785	57.5741	60089	87.8980	0.9773
stools_11028150	stools_11044150	na	NZ_CP011134.1	5000386	737417	14.7472	731032	99.1341	728306	99.6271	6385	0.8659	734665	99.6268	9396	1.2742	6644	70.7109	404	4.2997	2157	22.9566	6463	68.7846	139785	33.2224	25668	100.0000	0.9770
stools_11028150	stools_11047150	na	NZ_CP016628.1	4867152	1114687	22.9022	1112540	99.8074	1111480	99.9047	2147	0.1926	1113626	99.9048	6061	0.5437	5000	82.4946	2863	47.2364	633	10.4438	2385	39.3499	235182	73.0485	135242	91.9685	0.9707
stools_11028150	stools_12067101	na	NZ_CP016628.1	4867152	202564	4.1619	202345	99.8919	200715	99.1944	219	0.1081	200933	99.1948	1973	0.9740	342	17.3340	124	6.2848	534	27.0654	1314	66.5991	235182	80.6652	338079	68.8842	0.9549
stools_11028150	stools_12078150	na	NZ_CP011134.1	5000386	1048415	20.9667	1046600	99.8269	1043889	99.7410	1815	0.1731	1045702	99.7412	4938	0.4710	2225	45.0587	430	8.7080	3249	65.7959	1096	22.1952	139785	86.6559	120648	100.0000	0.9829
stools_11028150	stools_12090101	na	NZ_CP011134.1	5000386	671647	13.4319	670124	99.7732	668126	99.7018	1523	0.2268	669647	99.7022	3754	0.5589	1754	46.7235	246	6.5530	2176	57.9648	1232	32.8183	139785	79.7603	122213	92.8125	0.9801
stools_11028501	stools_11108501	na	NZ_CP028761.1	4630346	2278739	49.2131	2259926	99.1744	2253624	99.7211	18813	0.8256	2272356	99.7199	36636	1.6077	30253	82.5772	11934	32.5745	13118	35.8063	9761	26.6432	108170	94.3487	141433	71.5392	0.9836
stools_11028501	stools_12072101	na	NZ_CP028761.1	4630346	2935140	63.3892	2906052	99.0090	2900636	99.8136	29088	0.9910	2929677	99.8139	49854	1.6985	44391	89.0420	16060	32.2141	16860	33.8188	13560	27.1994	108170	36.6848	34535	100.0000	0.9825
stools_11028501	stools_12100501	na	NZ_CP028761.1	4630346	2842156	61.3811	2822687	99.3150	2816187	99.7697	19469	0.6850	2835634	99.7705	39964	1.4061	33442	83.6803	14398	36.0274	17601	44.0421	5258	13.1568	108170	34.5706	67017	67.7007	0.9772
stools_11029101	stools_11029150	na	NZ_CP032073.1	4631653	865022	18.6763	863225	99.7923	862710	99.9403	1797	0.2077	864506	99.9403	4237	0.4898	3721	87.8216	1978	46.6840	606	14.3026	1410	33.2783	220179	58.4506	134739	89.4092	0.9740
stools_11029101	stools_11029501	na	NZ_CP032073.1	4631653	838088	18.0948	835796	99.7265	835218	99.9308	2292	0.2735	837508	99.9308	4635	0.5530	4055	87.4865	1867	40.2805	572	12.3409	1850	39.9137	220179	54.4834	116697	94.8688	0.9744
stools_11029101	stools_11053150	na	NZ_CP028752.1	4523962	643904	14.2332	641965	99.6989	640203	99.7255	1939	0.3011	642137	99.7256	3773	0.5860	2006	53.1672	90	2.3854	2116	56.0827	1474	39.0671	164452	37.8609	60604	70.2940	0.9685
stools_11029150	stools_11029501	na	NZ_CP032073.1	4631653	2848347	61.4974	2839497	99.6893	2838630	99.9695	8850	0.3107	2847477	99.9695	16592	0.5825	15722	94.7565	7464	44.9855	3398	20.4797	4671	28.1521	134739	88.6358	116697	100.0000	0.9952
stools_11029150	stools_12069101	na	NZ_LR134080.1	5030213	669295	13.3055	666161	99.5317	660467	99.1453	3134	0.4683	663582	99.1464	10183	1.5215	4470	43.8967	1475	14.4849	4345	42.6692	3960	38.8883	151764	66.1830	111511	85.6454	0.9845
stools_11029150	stools_12090101	na	NZ_LR134080.1	5030213	965851	19.2010	962564	99.6597	955759	99.2930	3287	0.3403	959032	99.2940	10718	1.1097	3899	36.3781	680	6.3445	7824	72.9987	1948	18.1750	151764	73.7118	180905	60.9364	0.9725
stools_11029501	stools_12057501	na	NZ_CP054282.1	4702170	1549113	32.9446	1540490	99.4434	1534908	99.6376	8623	0.5566	1543502	99.6378	15368	0.9921	9757	63.4891	1402	9.1229	8232	53.5659	5332	34.6955	152811	66.4717	92622	94.3610	0.9846
stools_11029501	stools_12064501	na	NZ_CP054282.1	4702170	329709	7.0118	328616	99.6685	325965	99.1933	1093	0.3315	327047	99.1926	4075	1.2359	1413	34.6748	345	8.4663	1304	32.0000	2287	56.1227	152811	78.3517	191960	76.2299	0.9829
stools_11029501	stools_12089102	na	NZ_CP054282.1	4702170	635387	13.5126	633298	99.6712	630830	99.6103	2089	0.3288	632914	99.6108	5366	0.8445	2893	53.9135	820	15.2814	2825	52.6463	1616	30.1155	152811	68.6417	155681	76.1911	0.9794
stools_11029501	stools_12089150	na	NZ_CP054282.1	4702170	1941860	41.2971	1932403	99.5130	1926942	99.7174	9457	0.4870	1936385	99.7181	17606	0.9067	12131	68.9026	2729	15.5004	8389	47.6485	6007	34.1191	152811	75.8277	178686	70.5052	0.9775
stools_11029501	stools_12116501	na	NZ_CP054282.1	4702170	430818	9.1621	429393	99.6692	426941	99.4290	1425	0.3308	428360	99.4295	4285	0.9946	1827	42.6371	417	9.7316	2064	48.1680	1700	39.6733	152811	62.7069	143295	67.8056	0.9831
stools_11030101	stools_11036101	na	NZ_CP093068.1	5054078	891207	17.6334	886330	99.4528	879790	99.2621	4877	0.5472	884621	99.2610	12141	1.3623	5555	45.7541	834	6.8693	6790	55.9262	4030	33.1933	158015	45.2033	237062	34.9997	0.9460
stools_11030101	stools_11046101	na	NZ_CP093068.1	5054078	688823	13.6291	683306	99.1991	678166	99.2478	5517	0.8009	683646	99.2484	11026	1.6007	5849	53.0473	466	4.2264	5748	52.1313	4396	39.8694	158015	53.2684	194315	44.7449	0.9538
stools_11030101	stools_11053501	na	NZ_CP070930.1	4668053	2487285	53.2831	2483582	99.8511	2475822	99.6875	3703	0.1489	2479507	99.6873	12440	0.5001	4662	37.4759	1000	8.0386	8896	71.5113	2505	20.1367	175176	83.4561	167767	91.7320	0.9772
stools_11030101	stools_12117101	na	NZ_CP070930.1	4668053	1215808	26.0453	1213339	99.7969	1206404	99.4284	2469	0.2031	1208856	99.4282	10320	0.8488	3368	32.6357	926	8.9729	3669	35.5523	5638	54.6318	175176	70.2830	235559	79.0702	0.9658
stools_11030150	stools_11051101	na	NZ_CP096837.1	4837912	478694	9.8946	476674	99.5780	471986	99.0165	2020	0.4220	473990	99.0173	7792	1.6278	3088	39.6304	1101	14.1299	3229	41.4399	3227	41.4143	144002	82.7190	131409	80.4861	0.9887
stools_11031101	stools_11031501	na	NZ_CP088131.1	4785944	43379	0.9064	43353	99.9401	43089	99.3910	26	0.0599	43115	99.3914	385	0.8875	121	31.4286	95	24.6753	133	34.5455	149	38.7013	164374	86.8976	213343	61.8708	0.9650
stools_11032150	stools_11044150	na	NZ_CP011134.1	5000386	2847701	56.9496	2816348	98.8990	2811618	99.8321	31353	1.1010	2842900	99.8314	36638	1.2866	31837	86.8961	2274	6.2067	10003	27.3023	23552	64.2830	60089	26.7453	25668	53.3427	0.9882
stools_11032150	stools_12078150	na	NZ_CP011134.1	5000386	4122856	82.4508	4104338	99.5508	4101553	99.9321	18518	0.4492	4120043	99.9318	21732	0.5271	18919	87.0560	1049	4.8270	14779	68.0057	4778	21.9860	60089	87.8980	120648	66.2058	0.9801
stools_11032150	stools_12090101	na	NZ_CP011134.1	5000386	2440693	48.8101	2428365	99.4949	2425968	99.9013	12328	0.5051	2438286	99.9014	14903	0.6106	12496	83.8489	545	3.6570	9126	61.2360	4644	31.1615	60089	76.7961	122213	65.7532	0.9749
stools_11033150	stools_12066101	na	NZ_CP029492.1	4423666	593506	13.4166	590609	99.5119	586734	99.3439	2897	0.4881	589617	99.3447	6993	1.1783	3104	44.3872	279	3.9897	1441	20.6063	5093	72.8300	27094	79.9845	41712	84.2731	0.9925
stools_11033150	stools_12092101	na	NZ_CP020058.1	4595238	581121	12.6462	572670	98.5457	566087	98.8505	8451	1.4543	574492	98.8593	15386	2.6476	8757	56.9154	536	3.4837	2701	17.5549	11780	76.5631	46204	88.9144	43725	87.2704	0.9969
stools_11033501	stools_11038101	na	NZ_CP007265.1	4758629	825541	17.3483	818919	99.1979	816007	99.6444	6622	0.8021	822595	99.6431	9853	1.1935	6907	70.1005	681	6.9116	5325	54.0445	3368	34.1825	91745	85.4826	98494	78.2230	0.9848
stools_11033501	stools_11045101	na	NZ_CP007265.1	4758629	1235081	25.9546	1226042	99.2681	1219734	99.4855	9039	0.7319	1228750	99.4874	15947	1.2912	9616	60.2997	1050	6.5843	4047	25.3778	9655	60.5443	91745	87.3050	151968	41.9779	0.9680
stools_11034101	stools_12074150	na	NZ_CP042892.1	5165075	320486	6.2049	318313	99.3220	315992	99.2708	2173	0.6780	318150	99.2711	4597	1.4344	2261	49.1843	153	3.3283	3528	76.7457	792	17.2286	72342	0.0000	5525	0.0000	0.9849
stools_11034101	stools_12083101	na	NZ_CP045206.1	4944436	874486	17.6863	871187	99.6227	863023	99.0629	3299	0.3773	866293	99.0631	12081	1.3815	3888	32.1828	678	5.6121	7528	62.3127	3608	29.8651	106430	39.5462	113879	53.4190	0.9768
stools_11034101	stools_12083150	na	NZ_CP045206.1	4944436	908358	18.3713	905252	99.6581	896808	99.0672	3106	0.3419	899890	99.0678	12098	1.3319	3630	30.0050	571	4.7198	8114	67.0689	3261	26.9549	106430	44.7139	124233	57.1652	0.9748
stools_11034501	stools_11037150	na	NZ_CP060073.1	4672168	1011134	21.6416	1008417	99.7313	1005611	99.7217	2717	0.2687	1008315	99.7212	5875	0.5810	3056	52.0170	389	6.6213	2629	44.7489	2663	45.3277	12068	54.3338	119193	5.2721	0.9746
stools_11034501	stools_11044150	na	NZ_CP010226.1	4702107	788159	16.7618	781158	99.1117	778330	99.6380	7001	0.8883	785309	99.6384	10095	1.2808	7245	71.7682	440	4.3586	2062	20.4260	7275	72.0654	120871	53.5157	83054	82.2874	0.9761
stools_11034501	stools_11044501	na	NZ_CP010226.1	4702107	760060	16.1642	756058	99.4735	754025	99.7311	4002	0.5265	758006	99.7298	6135	0.8072	4081	66.5200	221	3.6023	2541	41.4181	3149	51.3284	120871	56.9574	74649	100.0000	0.9809
stools_11034501	stools_11049150	na	NZ_CP060073.1	4672168	254226	5.4413	253309	99.6393	252067	99.5097	917	0.3607	252978	99.5091	2310	0.9086	1062	45.9740	171	7.4026	1060	45.8874	999	43.2468	12068	100.0000	84943	15.2714	0.9840
stools_11034501	stools_11051150	na	NZ_CP028746.1	4682586	763183	16.2983	759591	99.5293	757800	99.7642	3592	0.4707	761369	99.7623	5612	0.7353	3798	67.6764	360	6.4148	2906	51.7819	2056	36.6358	83370	43.0826	27422	100.0000	0.9874
stools_11034501	stools_11054102	na	NZ_CP010226.1	4702107	934342	19.8707	930143	99.5506	928124	99.7829	4199	0.4494	932316	99.7832	6303	0.6746	4277	67.8566	159	2.5226	2959	46.9459	3044	48.2945	120871	44.8354	64475	78.6475	0.9756
stools_11034501	stools_11106501	na	NZ_CP028746.1	4682586	838048	17.8971	835016	99.6382	832367	99.6828	3032	0.3618	835387	99.6825	5964	0.7117	3303	55.3823	321	5.3823	2248	37.6928	3283	55.0469	83370	83.9990	126572	50.0624	0.9805
stools_11034501	stools_12079101	na	NZ_CP028746.1	4682586	717589	15.3246	714364	99.5506	711809	99.6423	3225	0.4494	715018	99.6417	6169	0.8597	3598	58.3239	486	7.8781	2336	37.8668	3084	49.9919	83370	70.2135	90705	59.9967	0.9853
stools_11034501	stools_12100501	na	NZ_CP010226.1	4702107	730230	15.5298	727448	99.6190	725700	99.7597	2782	0.3810	728476	99.7598	4679	0.6408	2925	62.5134	188	4.0180	2397	51.2289	1972	42.1458	120871	81.2337	120925	71.0267	0.9819
stools_11034501	stools_12103101	na	NZ_CP060073.1	4672168	790745	16.9246	788716	99.7434	786682	99.7421	2029	0.2566	788708	99.7424	4191	0.5300	2154	51.3958	161	3.8416	2218	52.9229	1763	42.0663	12068	100.0000	65165	35.0541	0.9885
stools_11034501	stools_12103150	na	NZ_CP060073.1	4672168	1273063	27.2478	1265699	99.4216	1263378	99.8166	7364	0.5784	1270735	99.8171	9858	0.7744	7530	76.3847	230	2.3331	3763	38.1720	5759	58.4196	12068	0.0000	25566	0.0000	0.9919
stools_11036101	stools_11046101	na	NZ_CP093068.1	5054078	1594689	31.5525	1583185	99.2786	1579112	99.7427	11504	0.7214	1590583	99.7425	15984	1.0023	11878	74.3118	602	3.7663	5291	33.1019	9689	60.6169	237062	61.3312	194315	63.7465	0.9615
stools_11036101	stools_12059101	na	NZ_LR778151.1	4747946	3021267	63.6331	3012610	99.7135	3011368	99.9588	8657	0.2865	3020011	99.9584	12915	0.4275	11659	90.2749	3130	24.2354	6729	52.1022	2318	17.9481	173672	93.2240	174833	96.1523	0.9879
stools_11036150	stools_11051101	na	NZ_CP047876.1	4775730	2681448	56.1474	2661333	99.2498	2657719	99.8642	20115	0.7502	2677810	99.8643	24382	0.9093	20744	85.0792	1277	5.2375	10662	43.7290	12003	49.2289	45132	68.2332	28111	100.0000	0.9961
stools_11036150	stools_11051150	na	NZ_CP047876.1	4775730	2787430	58.3666	2770328	99.3865	2768971	99.9510	17102	0.6135	2786055	99.9507	19258	0.6909	17883	92.8601	1408	7.3112	11506	59.7466	5693	29.5617	45132	68.2332	22678	100.0000	0.9937
stools_11036150	stools_11051501	na	NZ_CP047876.1	4775730	2849879	59.6742	2830583	99.3229	2829089	99.9472	19296	0.6771	2848370	99.9471	21695	0.7613	20186	93.0445	1633	7.5271	11418	52.6296	8006	36.9025	45132	68.2332	28469	100.0000	0.9961
stools_11036150	stools_12059150	na	NZ_CP062855.1	4991615	858879	17.2064	849381	98.8941	838992	98.7769	9498	1.1059	848306	98.7690	20253	2.3581	9680	47.7954	741	3.6587	5281	26.0751	13330	65.8174	55558	64.1294	140595	36.2388	0.9772
stools_11036501	stools_12082101	na	NZ_AP022811.1	5283470	593047	11.2246	591811	99.7916	584461	98.7580	1236	0.2084	585684	98.7584	8774	1.4795	1411	16.0816	194	2.2111	7393	84.2603	997	11.3631	468260	24.4420	116116	63.3255	0.9165
stools_11036501	stools_12117150	na	NZ_AP022811.1	5283470	274416	5.1939	273924	99.8207	270405	98.7153	492	0.1793	270893	98.7162	4495	1.6380	972	21.6240	489	10.8788	2949	65.6062	977	21.7353	468260	31.3399	178795	58.2550	0.9230
stools_11037101	stools_11046101	na	NZ_LS992168.1	5031440	722336	14.3564	720425	99.7354	719144	99.8222	1911	0.2646	721052	99.8222	3215	0.4451	1931	60.0622	24	0.7465	191	5.9409	2995	93.1571	31585	27.3769	133656	6.2451	0.9719
stools_11037101	stools_11050101	na	NZ_LS992168.1	5031440	1031889	20.5088	1031255	99.9386	1030259	99.9034	634	0.0614	1030892	99.9034	1651	0.1600	654	39.6124	23	1.3931	215	13.0224	1404	85.0394	31585	27.3769	56265	14.4139	0.9858
stools_11037101	stools_12073101	na	NZ_LS992168.1	5031440	807364	16.0464	806671	99.9142	806065	99.9249	693	0.0858	806757	99.9248	1318	0.1632	711	53.9454	19	1.4416	461	34.9772	824	62.5190	31585	45.9680	85375	10.2688	0.9866
stools_11037150	stools_11049150	na	NZ_CP060073.1	4672168	647316	13.8547	645576	99.7312	643584	99.6914	1740	0.2688	645308	99.6898	4111	0.6351	2103	51.1554	411	9.9976	1742	42.3741	1878	45.6823	119193	72.7190	84943	73.2197	0.9802
stools_11037150	stools_12103101	na	NZ_CP060073.1	4672168	2032288	43.4978	2027929	99.7855	2023656	99.7893	4359	0.2145	2028003	99.7892	8917	0.4388	4632	51.9457	336	3.7681	4068	45.6207	4433	49.7140	119193	47.6991	65165	90.2908	0.9847
stools_11037150	stools_12103150	na	NZ_CP060073.1	4672168	3284174	70.2923	3266496	99.4617	3262268	99.8706	17678	0.5383	3279905	99.8700	22332	0.6800	18063	80.8839	523	2.3419	6761	30.2749	14857	66.5279	119193	34.2747	25566	100.0000	0.9794
stools_11038101	stools_11038501	na	NZ_LR134231.1	4594692	255617	5.5633	255039	99.7739	254356	99.7322	578	0.2261	254931	99.7316	1295	0.5066	609	47.0270	34	2.6255	621	47.9537	596	46.0232	28166	23.8017	162476	20.2245	0.9646
stools_11038101	stools_11044501	na	NZ_LR134231.1	4594692	1373580	29.8949	1365727	99.4283	1364015	99.8746	7853	0.5717	1371852	99.8742	9989	0.7272	8261	82.7010	717	7.1779	3102	31.0542	5887	58.9348	28166	100.0000	49308	57.3010	0.9942
stools_11038101	stools_11045101	na	NZ_CP007265.1	4758629	862562	18.1263	857511	99.4144	852189	99.3794	5051	0.5856	857218	99.3805	10842	1.2570	5498	50.7102	605	5.5802	2248	20.7342	7673	70.7711	98494	75.9275	151968	47.6916	0.9692
stools_11038101	stools_11046150	na	NZ_CP022279.1	4907118	271576	5.5343	270865	99.7382	268554	99.1468	711	0.2618	269262	99.1479	3478	1.2807	1164	33.4675	459	13.1972	926	26.6245	2017	57.9931	209128	71.3807	286858	100.0000	0.9590
stools_11038101	stools_11048150	na	NZ_CP022279.1	4907118	453787	9.2475	452782	99.7785	450764	99.5543	1005	0.2215	451765	99.5544	3784	0.8339	1762	46.5645	781	20.6395	1704	45.0317	1212	32.0296	209128	67.0647	290618	55.7653	0.9600
stools_11038101	stools_11052150	na	NZ_CP022279.1	4907118	1354007	27.5927	1347205	99.4976	1343040	99.6908	6802	0.5024	1349819	99.6907	13102	0.9676	8914	68.0354	2250	17.1730	4536	34.6207	5999	45.7869	209128	79.4676	251808	60.1041	0.9545
stools_11038101	stools_11107501	na	NZ_LR134231.1	4594692	376554	8.1954	375489	99.7172	374177	99.6506	1065	0.2828	375238	99.6505	2548	0.6767	1232	48.3516	176	6.9074	1104	43.3281	1150	45.1334	28166	100.0000	157531	30.6410	0.9705
stools_11038101	stools_12058150	na	NZ_LR134231.1	4594692	302375	6.5810	301143	99.5926	300280	99.7134	1232	0.4074	301505	99.7123	2205	0.7292	1335	60.5442	116	5.2608	1148	52.0635	856	38.8209	28166	100.0000	118020	34.4264	0.9790
stools_11038101	stools_12060501	na	NZ_CP022279.1	4907118	518295	10.5621	516924	99.7355	514463	99.5239	1371	0.2645	515827	99.5238	4668	0.9006	2200	47.1294	856	18.3376	1735	37.1680	1950	41.7738	209128	78.0206	241949	72.0664	0.9667
stools_11038101	stools_12060501	na	NZ_LR134231.1	4594692	886261	19.2888	882719	99.6003	878525	99.5249	3542	0.3997	882052	99.5251	7907	0.8922	3698	46.7687	241	3.0479	1882	23.8017	5569	70.4313	28166	80.0824	68981	53.4466	0.9874
stools_11038101	stools_12062101	na	NZ_LR134231.1	4594692	903851	19.6716	900822	99.6649	898259	99.7155	3029	0.3351	901281	99.7157	5686	0.6291	3116	54.8013	117	2.0577	2006	35.2796	3460	60.8512	28166	26.3829	60817	13.1641	0.9851
stools_11038101	stools_12068102	na	NZ_CP022279.1	4907118	1090115	22.2150	1085060	99.5363	1080546	99.5840	5055	0.4637	1085582	99.5842	11138	1.0217	6605	59.3015	1680	15.0835	3816	34.2611	5237	47.0192	209128	77.2847	263935	69.9843	0.9639
stools_11038101	stools_12072101	na	NZ_LR134231.1	4594692	788579	17.1628	783825	99.3971	782655	99.8507	4754	0.6029	787397	99.8501	6072	0.7700	4890	80.5336	245	4.0349	2206	36.3307	3514	57.8722	28166	46.3005	30305	44.1841	0.9929
stools_11038101	stools_12084101	na	NZ_LR134231.1	4594692	1172648	25.5218	1164698	99.3220	1162395	99.8023	7950	0.6780	1170325	99.8019	10506	0.8959	8183	77.8888	470	4.4736	2988	28.4409	6790	64.6297	28166	46.3005	45884	28.8685	0.9895
stools_11038101	stools_12084102	na	NZ_LR134231.1	4594692	1953280	42.5117	1947345	99.6962	1942872	99.7703	5935	0.3038	1948788	99.7700	10746	0.5502	6254	58.1984	420	3.9084	4523	42.0901	5519	51.3586	28166	46.3005	44020	31.9196	0.9899
stools_11038101	stools_12085150	na	NZ_CP022279.1	4907118	1628658	33.1897	1624610	99.7515	1620579	99.7519	4048	0.2485	1624616	99.7518	10767	0.6611	6725	62.4594	2729	25.3460	5479	50.8870	2342	21.7516	209128	90.6617	384148	64.8375	0.9508
stools_11038101	stools_12088501	na	NZ_CP022279.1	4907118	1690334	34.4466	1685360	99.7057	1681100	99.7472	4974	0.2943	1686061	99.7472	12023	0.7113	7750	64.4598	2834	23.5715	5767	47.9664	3155	26.2414	209128	79.8167	301726	64.5954	0.9563
stools_11038101	stools_12098150	na	NZ_LR134231.1	4594692	352289	7.6673	350831	99.5861	349523	99.6272	1458	0.4139	350973	99.6264	2862	0.8124	1546	54.0182	116	4.0531	1156	40.3913	1520	53.1097	28166	100.0000	97381	35.7257	0.9830
stools_11038101	stools_12116501	na	NZ_CP022279.1	4907118	463116	9.4376	462021	99.7636	459962	99.5543	1095	0.2364	461053	99.5545	3792	0.8188	1729	45.5960	646	17.0359	1770	46.6772	1320	34.8101	209128	69.0582	315377	47.4150	0.9395
stools_11038150	stools_11108150	na	NZ_LR882493.1	4841444	201181	4.1554	200336	99.5800	198948	99.3072	845	0.4200	199785	99.3061	2802	1.3928	1406	50.1784	586	20.9136	881	31.4418	1194	42.6124	156185	81.7825	136713	73.7245	0.9801
stools_11038150	stools_12062501	na	NZ_LR882493.1	4841444	168689	3.4843	168069	99.6325	166282	98.9367	620	0.3675	166900	98.9395	2947	1.7470	1158	39.2942	543	18.4255	630	21.3777	1709	57.9912	156185	63.5195	173853	50.5208	0.9655
stools_11038150	stools_12064150	na	NZ_LR134236.1	4757340	223623	4.7006	222991	99.7174	220696	98.9708	632	0.2826	221325	98.9724	3112	1.3916	814	26.1568	190	6.1054	1207	38.7853	1661	53.3740	148989	51.5199	111498	77.3503	0.9738
stools_11038150	stools_12065150	na	NZ_LR882493.1	4841444	276136	5.7036	275446	99.7501	273234	99.1969	690	0.2499	273917	99.1964	4119	1.4917	1900	46.1277	1221	29.6431	828	20.1020	2002	48.6040	156185	94.1051	285777	54.9925	0.9694
stools_11038150	stools_12068102	na	NZ_LR882493.1	4841444	303577	6.2704	302275	99.5711	299955	99.2325	1302	0.4289	301247	99.2325	4748	1.5640	2418	50.9267	1139	23.9890	986	20.7666	2415	50.8635	156185	78.0401	144133	59.8857	0.9715
stools_11038150	stools_12068150	na	NZ_LR882493.1	4841444	260267	5.3758	258759	99.4206	256667	99.1915	1508	0.5794	258165	99.1924	4572	1.7567	2470	54.0245	986	21.5661	1026	22.4409	2379	52.0341	156185	77.7168	163435	63.0079	0.9782
stools_11038150	stools_12080101	na	NZ_LR882493.1	4841444	123593	2.5528	123273	99.7411	122212	99.1393	320	0.2589	122531	99.1407	1802	1.4580	740	41.0655	422	23.4184	572	31.7425	752	41.7314	156185	80.5436	236087	56.8570	0.9785
stools_11038150	stools_12087501	na	NZ_LR882493.1	4841444	38556	0.7964	38381	99.5461	37342	97.2929	175	0.4539	37514	97.2974	1300	3.3717	258	19.8462	87	6.6923	320	24.6154	892	68.6154	156185	76.3940	172664	52.2674	0.9728
stools_11038150	stools_12096150	na	NZ_LR882493.1	4841444	21412	0.4423	21392	99.9066	21127	98.7612	20	0.0934	21147	98.7624	346	1.6159	81	23.4104	61	17.6301	126	36.4162	157	45.3757	156185	78.5786	464029	30.2845	0.9110
stools_11038150	stools_12111102	na	NZ_LR882493.1	4841444	163478	3.3766	162861	99.6226	161866	99.3890	617	0.3774	162478	99.3883	2080	1.2723	1080	51.9231	476	22.8846	736	35.3846	731	35.1442	156185	94.1051	183189	59.9605	0.9773
stools_11038150	stools_12111102	na	NZ_LR134236.1	4757340	832666	17.5028	829247	99.5894	826874	99.7138	3419	0.4106	830277	99.7131	6508	0.7816	4119	63.2913	857	13.1684	1906	29.2870	3279	50.3841	148989	40.8305	49367	100.0000	0.9788
stools_11038501	stools_11044501	na	NZ_LR134231.1	4594692	250772	5.4579	249841	99.6287	249018	99.6706	931	0.3713	249941	99.6686	1812	0.7226	981	54.1391	61	3.3664	666	36.7550	1038	57.2848	162476	44.6183	49308	61.7445	0.9646
stools_11038501	stools_11107501	na	NZ_LR134231.1	4594692	65919	1.4347	65892	99.9590	65499	99.4036	27	0.0410	65526	99.4038	475	0.7206	82	17.2632	55	11.5789	232	48.8421	188	39.5789	162476	66.5908	157531	49.6734	0.9749
stools_11038501	stools_12058150	na	NZ_LR134231.1	4594692	46727	1.0170	46676	99.8909	46409	99.4280	51	0.1091	46459	99.4265	356	0.7619	88	24.7191	38	10.6742	198	55.6180	123	34.5506	162476	55.7584	118020	59.6246	0.9686
stools_11038501	stools_12060501	na	NZ_LR134231.1	4594692	202150	4.3996	201690	99.7724	200681	99.4997	460	0.2276	201139	99.4999	1551	0.7673	540	34.8162	83	5.3514	341	21.9858	1117	72.0181	162476	42.6481	68981	69.2075	0.9679
stools_11038501	stools_12062101	na	NZ_LR134231.1	4594692	203692	4.4332	203302	99.8085	202548	99.6291	390	0.1915	202937	99.6293	1177	0.5778	422	35.8539	35	2.9737	368	31.2659	762	64.7409	162476	55.7584	60817	86.8359	0.9684
stools_11038501	stools_12072101	na	NZ_LR134231.1	4594692	121160	2.6370	120613	99.5485	120115	99.5871	547	0.4515	120660	99.5873	1067	0.8807	567	53.1396	25	2.3430	406	38.0506	626	58.6692	162476	11.8362	30305	55.8159	0.9682
stools_11038501	stools_12084101	na	NZ_LR134231.1	4594692	220504	4.7991	219422	99.5093	218790	99.7120	1082	0.4907	219865	99.7102	1774	0.8045	1135	63.9797	60	3.3822	423	23.8444	1220	68.7711	162476	33.2560	45884	71.1315	0.9683
stools_11038501	stools_12084102	na	NZ_LR134231.1	4594692	410452	8.9332	410011	99.8926	408902	99.7295	441	0.1074	409338	99.7286	1704	0.4152	590	34.6244	154	9.0376	782	45.8920	759	44.5423	162476	22.6686	44020	68.0804	0.9684
stools_11038501	stools_12098150	na	NZ_LR134231.1	4594692	57691	1.2556	57535	99.7296	57178	99.3795	156	0.2704	57334	99.3812	553	0.9586	196	35.4430	43	7.7758	208	37.6130	302	54.6112	162476	55.7584	97381	65.3218	0.9682
stools_11039150	stools_12071150	na	NZ_CP075716.1	4870208	653241	13.4130	651461	99.7275	649199	99.6528	1780	0.2725	650973	99.6528	4231	0.6477	1963	46.3957	201	4.7506	2792	65.9891	1190	28.1257	162260	74.7486	167391	66.6368	0.9782
stools_11039501	stools_11044101	na	NZ_CP068812.1	5251089	159627	3.0399	159021	99.6204	158251	99.5158	606	0.3796	158853	99.5151	1395	0.8739	621	44.5161	21	1.5054	928	66.5233	397	28.4588	213408	17.7407	52390	62.8135	0.9654
stools_11039501	stools_12062101	na	NZ_CP068812.1	5251089	1221539	23.2626	1217869	99.6996	1212833	99.5865	3670	0.3004	1216494	99.5870	9005	0.7372	3960	43.9756	319	3.5425	6303	69.9944	2259	25.0861	213408	17.7407	63353	58.8922	0.9637
stools_11039501	stools_12065101	na	NZ_CP068812.1	5251089	77984	1.4851	77639	99.5576	77102	99.3083	345	0.4424	77445	99.3088	981	1.2580	442	45.0561	109	11.1111	435	44.3425	337	34.3527	213408	46.3024	86205	94.1059	0.9732
stools_11041101	stools_11041102	na	NZ_CP022086.2	5256950	763714	14.5277	757723	99.2155	751149	99.1324	5991	0.7845	757091	99.1328	12828	1.6797	6205	48.3708	473	3.6872	2188	17.0564	9745	75.9666	106142	44.3067	179995	29.2614	0.9609
stools_11041101	stools_11045101	na	NC_011601.1	4965553	4339175	87.3855	4334437	99.8908	4334236	99.9954	4738	0.1092	4338969	99.9953	9065	0.2089	8859	97.7275	4820	53.1715	3373	37.2090	544	6.0011	110417	100.0000	69629	100.0000	0.9902
stools_11041101	stools_11104101	na	NZ_CP022086.2	5256950	1470822	27.9786	1464400	99.5634	1460832	99.7564	6422	0.4366	1467239	99.7564	10145	0.6898	6562	64.6821	304	2.9966	4510	44.4554	5114	50.4091	106142	65.9739	129597	61.4914	0.9790
stools_11041101	stools_12057501	na	NZ_CP020055.1	4658583	1055985	22.6675	1050976	99.5257	1047088	99.6301	5009	0.4743	1052077	99.6299	9223	0.8734	5315	57.6277	388	4.2069	3098	33.5899	5574	60.4359	53973	79.7491	71228	79.2890	0.9894
stools_11041101	stools_12068150	na	NZ_CP022086.2	5256950	1578743	30.0315	1565923	99.1880	1551714	99.0926	12820	0.8120	1564409	99.0921	27417	1.7366	13083	47.7186	769	2.8048	4212	15.3627	21546	78.5863	106142	50.8357	118608	48.0853	0.9717
stools_11041102	stools_11042150	na	NZ_LR134216.1	4647667	344720	7.4171	342547	99.3696	340654	99.4474	2173	0.6304	342816	99.4477	4163	1.2076	2259	54.2638	127	3.0507	2072	49.7718	1849	44.4151	20532	63.8662	45123	50.0565	0.9915
stools_11041102	stools_11048102	na	NZ_CP073981.1	4774884	1082907	22.6792	1080029	99.7342	1078307	99.8406	2878	0.2658	1081177	99.8402	5055	0.4668	3325	65.7765	502	9.9308	896	17.7250	3453	68.3086	46091	86.5917	162793	41.6683	0.9725
stools_11041102	stools_11104101	na	NZ_CP022086.2	5256950	757759	14.4144	751981	99.2375	745583	99.1492	5778	0.7625	751315	99.1496	12421	1.6392	5977	48.1201	292	2.3509	9454	76.1130	2453	19.7488	179995	41.4700	129597	63.7314	0.9691
stools_11041102	stools_11110101	na	NZ_CP073981.1	4774884	262871	5.5053	262653	99.9171	261873	99.7030	218	0.0829	262091	99.7033	1063	0.4044	283	26.6228	66	6.2088	250	23.5183	726	68.2973	46091	69.2565	252737	21.5426	0.9505
stools_11041102	stools_11113501	na	NZ_LR134216.1	4647667	216013	4.6478	215104	99.5792	213867	99.4249	909	0.4208	214768	99.4236	2232	1.0333	987	44.2204	94	4.2115	1148	51.4337	938	42.0251	20532	63.8662	119770	18.3343	0.9742
stools_11041102	stools_12061101	na	NZ_CP073981.1	4774884	1221718	25.5863	1217123	99.6239	1212676	99.6346	4595	0.3761	1217258	99.6349	9403	0.7697	4943	52.5683	392	4.1689	937	9.9649	7981	84.8772	46091	86.5917	163125	43.5084	0.9724
stools_11041102	stools_12068150	na	NZ_CP022086.2	5256950	686264	13.0544	678020	98.7987	666909	98.3613	8244	1.2013	675011	98.3603	20549	2.9943	9296	45.2382	1464	7.1244	7328	35.6611	10945	53.2629	179995	48.7241	118608	70.8030	0.9707
stools_11041102	stools_12117150	na	NZ_LR134216.1	4647667	445323	9.5816	443107	99.5024	440811	99.4818	2216	0.4976	443017	99.4822	4717	1.0592	2411	51.1130	245	5.1940	2050	43.4598	2253	47.7634	20532	100.0000	106136	25.9761	0.9809
stools_11041150	stools_12083101	na	NZ_CP048326.1	4770210	770133	16.1446	767178	99.6163	762126	99.3415	2955	0.3837	765065	99.3419	8736	1.1343	3668	41.9872	790	9.0430	3420	39.1484	4159	47.6076	45886	44.8285	99085	27.0354	0.9832
stools_11042101	stools_11054102	na	NZ_CP023386.1	4900891	2313367	47.2030	2287488	98.8813	2284390	99.8646	25879	1.1187	2310187	99.8625	29831	1.2895	26651	89.3399	1742	5.8396	20957	70.2524	6707	22.4833	57167	48.9863	106169	26.7668	0.9787
stools_11042101	stools_12060150	na	NZ_CP023386.1	4900891	2928188	59.7481	2897671	98.9578	2895646	99.9301	30517	1.0422	2926131	99.9298	33673	1.1500	31616	93.8912	1248	3.7062	26623	79.0633	5643	16.7582	57167	68.3734	186175	24.4383	0.9644
stools_11042101	stools_12069101	na	NZ_CP023386.1	4900891	3513599	71.6931	3479145	99.0194	3478177	99.9722	34454	0.9806	3512610	99.9719	37359	1.0633	36370	97.3527	2264	6.0601	30577	81.8464	4041	10.8167	57167	82.0281	197655	40.5201	0.9666
stools_11042101	stools_12070101	na	NZ_CP049852.1	4993321	2894906	57.9756	2866265	99.0106	2865311	99.9667	28641	0.9894	2893943	99.9667	29647	1.0241	28684	96.7518	792	2.6714	24877	83.9107	3868	13.0469	47677	62.7137	8920	100.0000	0.9922
stools_11042101	stools_12070101	na	NZ_CP023386.1	4900891	3471312	70.8302	3438748	99.0619	3436921	99.9469	32564	0.9381	3469437	99.9460	36179	1.0422	34304	94.8174	1863	5.1494	30941	85.5220	3088	8.5353	57167	90.7954	165445	45.0482	0.9753
stools_11042101	stools_12070150	na	NZ_CP049852.1	4993321	2277617	45.6133	2255045	99.0090	2253357	99.9251	22572	0.9910	2275900	99.9246	24301	1.0669	22584	92.9344	336	1.3827	20327	83.6468	3490	14.3615	47677	0.0000	0	0.0000	0.9905
stools_11042101	stools_12070501	na	NZ_CP049852.1	4993321	2623351	52.5372	2597295	99.0068	2595807	99.9427	26056	0.9932	2621845	99.9426	27597	1.0520	26091	94.5429	377	1.3661	23687	85.8318	3398	12.3129	47677	0.0000	0	0.0000	0.9905
stools_11042101	stools_12079101	na	NZ_CP087578.1	4853432	2222795	45.7984	2213912	99.6004	2209552	99.8031	8883	0.3996	2218379	99.8013	13690	0.6159	9274	67.7429	493	3.6012	5058	36.9467	8038	58.7144	53633	50.7039	102316	37.4917	0.9790
stools_11042101	stools_12092150	na	NZ_CP049852.1	4993321	2449709	49.0597	2418230	98.7150	2412785	99.7748	31479	1.2850	2444170	99.7739	36972	1.5092	31433	85.0184	774	2.0935	21533	58.2414	14522	39.2784	47677	81.5089	40052	100.0000	0.9978
stools_11042101	stools_12101101	na	NZ_CP023386.1	4900891	3438150	70.1536	3390503	98.6142	3384004	99.8083	47647	1.3858	3431549	99.8080	54730	1.5918	48129	87.9390	2395	4.3760	30803	56.2817	21779	39.7935	57167	56.2317	208557	40.1794	0.9585
stools_11042150	stools_11113501	na	NZ_LR134216.1	4647667	273858	5.8924	272875	99.6411	271208	99.3891	983	0.3589	272186	99.3895	2688	0.9815	1016	37.7976	39	1.4509	1337	49.7396	1303	48.4747	45123	100.0000	119770	53.5226	0.9831
stools_11042150	stools_12061150	na	NZ_LR134295.1	4722738	551578	11.6792	549063	99.5440	545680	99.3839	2515	0.4560	548181	99.3841	6225	1.1286	2828	45.4297	364	5.8474	2859	45.9277	2821	45.3173	94735	100.0000	145160	79.3641	0.9882
stools_11042150	stools_12117150	na	NZ_LR134216.1	4647667	557090	11.9864	554660	99.5638	552031	99.5260	2430	0.4362	554450	99.5261	5254	0.9431	2614	49.7526	230	4.3776	2655	50.5329	2244	42.7103	45123	100.0000	106136	41.6795	0.9861
stools_11044101	stools_12062101	na	NZ_CP068812.1	5251089	588754	11.2120	585688	99.4792	585418	99.9539	3066	0.5208	588481	99.9536	3585	0.6089	3312	92.3849	412	11.4923	1955	54.5328	1093	30.4881	52390	100.0000	63353	90.0257	0.9918
stools_11044101	stools_12065101	na	NZ_CP068812.1	5251089	224668	4.2785	223055	99.2821	222674	99.8292	1613	0.7179	224278	99.8264	2164	0.9632	1774	81.9778	277	12.8004	929	42.9298	869	40.1571	52390	62.8135	86205	43.3119	0.9860
stools_11044101	stools_12111101	na	NZ_CP048934.1	5151952	310595	6.0287	307367	98.9607	306015	99.5601	3228	1.0393	309230	99.5605	4996	1.6085	3631	72.6781	485	9.7078	1464	29.3034	2780	55.6445	68418	25.4611	62084	27.6078	0.9812
stools_11044150	stools_11044501	na	NZ_CP010226.1	4702107	1814487	38.5888	1796499	99.0086	1792645	99.7855	17988	0.9914	1810602	99.7859	22166	1.2216	18281	82.4732	2184	9.8529	14356	64.7659	4393	19.8186	83054	62.4618	74649	73.7518	0.9876
stools_11044150	stools_11054102	na	NZ_CP010226.1	4702107	2309939	49.1256	2287005	99.0072	2281740	99.7698	22934	0.9928	2304628	99.7701	28446	1.2315	23135	81.3295	891	3.1323	20319	71.4301	7022	24.6854	83054	69.5054	64475	82.4754	0.9875
stools_11044150	stools_12078150	na	NZ_CP011134.1	5000386	2714917	54.2941	2692522	99.1751	2686808	99.7878	22395	0.8249	2709126	99.7867	28848	1.0626	23057	79.9258	1213	4.2048	23449	81.2847	3505	12.1499	25668	100.0000	120648	36.0396	0.9809
stools_11044150	stools_12090101	na	NZ_CP011134.1	5000386	1654137	33.0802	1639229	99.0987	1635327	99.7620	14908	0.9013	1650193	99.7616	19167	1.1587	15223	79.4230	693	3.6156	14798	77.2056	3232	16.8623	25668	73.4183	122213	18.6674	0.9778
stools_11044150	stools_12100501	na	NZ_CP010226.1	4702107	1700324	36.1609	1683765	99.0261	1679452	99.7438	16559	0.9739	1695978	99.7444	21068	1.2391	16722	79.3716	838	3.9776	15890	75.4224	4003	19.0004	83054	82.0430	120925	45.7242	0.9776
stools_11044501	stools_11054102	na	NZ_CP010226.1	4702107	2044495	43.4804	2031436	99.3613	2029396	99.8996	13059	0.6387	2042443	99.8996	15202	0.7436	13150	86.5018	462	3.0391	7884	51.8616	6700	44.0731	74649	45.8024	64475	64.5413	0.9839
stools_11044501	stools_11107501	na	NZ_LR134231.1	4594692	343549	7.4771	342230	99.6161	340975	99.6333	1319	0.3839	342287	99.6327	2753	0.8013	1491	54.1591	188	6.8289	1589	57.7189	900	32.6916	49308	87.7525	157531	41.4877	0.9716
stools_11044501	stools_12058150	na	NZ_LR134231.1	4594692	279296	6.0787	278004	99.5374	277123	99.6831	1292	0.4626	278409	99.6824	2265	0.8110	1378	60.8389	102	4.5033	1434	63.3113	693	30.5960	49308	87.7525	118020	50.3720	0.9809
stools_11044501	stools_12060501	na	NZ_LR134231.1	4594692	887220	19.3097	882600	99.4793	878353	99.5188	4620	0.5207	882957	99.5195	9087	1.0242	4824	53.0868	312	3.4335	3281	36.1065	5176	56.9605	49308	76.2939	68981	74.2204	0.9914
stools_11044501	stools_12062101	na	NZ_LR134231.1	4594692	896048	19.5018	891743	99.5196	889105	99.7042	4305	0.4804	893400	99.7045	7081	0.7902	4433	62.6042	210	2.9657	3502	49.4563	3220	45.4738	49308	45.7593	60817	47.1595	0.9883
stools_11044501	stools_12072101	na	NZ_LR134231.1	4594692	843805	18.3648	837267	99.2252	835757	99.8197	6538	0.7748	842289	99.8203	8244	0.9770	6728	81.6109	376	4.5609	4043	49.0417	3648	44.2504	49308	57.2179	30305	100.0000	0.9940
stools_11044501	stools_12084101	na	NZ_LR134231.1	4594692	1164285	25.3398	1155221	99.2215	1152695	99.7813	9064	0.7785	1161731	99.7806	11862	1.0188	9308	78.4691	559	4.7125	4977	41.9575	6095	51.3826	49308	57.2179	45884	66.8381	0.9914
stools_11044501	stools_12084102	na	NZ_LR134231.1	4594692	1907306	41.5111	1898866	99.5575	1894562	99.7733	8440	0.4425	1902979	99.7731	13171	0.6906	8844	67.1475	540	4.0999	7957	60.4130	4386	33.3004	49308	57.2179	44020	72.6465	0.9914
stools_11044501	stools_12098150	na	NZ_LR134231.1	4594692	322019	7.0085	320313	99.4702	319051	99.6060	1706	0.5298	320751	99.6062	3066	0.9521	1798	58.6432	120	3.9139	1644	53.6204	1231	40.1500	49308	87.7525	97381	53.4026	0.9840
stools_11044501	stools_12100501	na	NZ_CP010226.1	4702107	1624902	34.5569	1615397	99.4150	1613221	99.8653	9505	0.5850	1622718	99.8656	11810	0.7268	9626	81.5072	477	4.0390	6573	55.6562	4609	39.0262	74649	85.7748	120925	42.5479	0.9766
stools_11045150	stools_12087501	na	NZ_CP058571.1	5146040	404050	7.8517	401997	99.4919	399614	99.4072	2053	0.5081	401653	99.4068	4484	1.1098	2087	46.5433	67	1.4942	1947	43.4211	2428	54.1481	12486	0.0000	117732	0.0000	0.9808
stools_11045150	stools_12120501	na	NZ_CP058571.1	5146040	42343	0.8228	42175	99.6032	41771	99.0421	168	0.3968	41938	99.0435	588	1.3887	183	31.1224	18	3.0612	261	44.3878	302	51.3605	12486	0.0000	264588	0.0000	0.9696
stools_11046101	stools_11050101	na	NZ_LS992168.1	5031440	2605878	51.7919	2599020	99.7368	2595234	99.8543	6858	0.2632	2602061	99.8535	10990	0.4217	7173	65.2684	432	3.9308	8480	77.1611	1689	15.3685	133656	18.3344	56265	40.1404	0.9679
stools_11046101	stools_12073101	na	NZ_LS992168.1	5031440	1959134	38.9378	1953164	99.6953	1950107	99.8435	5970	0.3047	1956063	99.8432	9062	0.4626	5991	66.1112	103	1.1366	7183	79.2651	1667	18.3955	133656	7.5739	85375	14.3731	0.9596
stools_11046101	stools_12093150	na	NZ_CP070157.1	5082423	2017480	39.6952	2010175	99.6379	2003469	99.6664	7305	0.3621	2010734	99.6656	14492	0.7183	7746	53.4502	533	3.6779	1750	12.0756	12099	83.4874	14963	100.0000	86481	14.6171	0.9838
stools_11046101	stools_12098101	na	NZ_CP070157.1	5082423	1833328	36.0719	1829386	99.7850	1825992	99.8145	3942	0.2150	1829927	99.8145	7969	0.4347	4568	57.3221	749	9.3989	800	10.0389	6288	78.9058	14963	100.0000	116796	13.1049	0.9799
stools_11046150	stools_11048150	na	NZ_CP022279.1	4907118	153613	3.1304	153333	99.8177	151940	99.0915	280	0.1823	152218	99.0919	2028	1.3202	633	31.2130	355	17.5049	1233	60.7988	427	21.0552	286858	73.6824	290618	52.6334	0.9547
stools_11046150	stools_11052150	na	NZ_CP022279.1	4907118	459511	9.3642	457545	99.5722	454332	99.2978	1966	0.4278	456271	99.2949	6028	1.3118	2788	46.2508	874	14.4990	3178	52.7206	1825	30.2754	286858	88.5700	251808	69.5951	0.9519
stools_11046150	stools_12060501	na	NZ_CP022279.1	4907118	173374	3.5331	173078	99.8293	171447	99.0577	296	0.1707	171741	99.0581	2261	1.3041	628	27.7753	335	14.8165	1307	57.8063	588	26.0062	286858	88.5700	241949	62.8562	0.9565
stools_11046150	stools_12068102	na	NZ_CP022279.1	4907118	368050	7.5003	366682	99.6283	363806	99.2157	1368	0.3717	365167	99.2167	5004	1.3596	2121	42.3861	777	15.5276	2525	50.4596	1516	30.2958	286858	88.8447	263935	57.7472	0.9611
stools_11046150	stools_12085150	na	NZ_CP022279.1	4907118	549459	11.1972	548524	99.8298	544720	99.3065	935	0.1702	545648	99.3064	5826	1.0603	2015	34.5863	1091	18.7264	3986	68.4174	690	11.8435	286858	100.0000	384148	52.7594	0.9415
stools_11046150	stools_12088501	na	NZ_CP022279.1	4907118	571098	11.6382	569767	99.7669	565891	99.3197	1331	0.2331	567213	99.3197	6393	1.1194	2508	39.2304	1202	18.8018	4095	64.0544	1017	15.9080	286858	79.5244	301726	48.8340	0.9568
stools_11046150	stools_12116501	na	NZ_CP022279.1	4907118	161840	3.2981	161603	99.8536	160326	99.2098	237	0.1464	160560	99.2091	1811	1.1190	531	29.3208	297	16.3998	1124	62.0652	383	21.1485	286858	88.8447	315377	46.7399	0.9321
stools_11047101	stools_11049101	na	NZ_CP010238.1	4797106	867953	18.0933	864622	99.6162	862668	99.7740	3331	0.3838	865947	99.7689	5705	0.6573	3699	64.8379	597	10.4645	3590	62.9273	1229	21.5425	20962	62.0504	39718	37.4969	0.9917
stools_11047101	stools_11049501	na	NZ_CP010238.1	4797106	689361	14.3704	686443	99.5767	684621	99.7346	2918	0.4233	687487	99.7282	5165	0.7492	3291	63.7173	524	10.1452	3120	60.4066	1144	22.1491	20962	62.0504	39313	36.1560	0.9918
stools_11047101	stools_11106501	na	NZ_CP010238.1	4797106	856202	17.8483	851476	99.4480	848702	99.6742	4726	0.5520	853389	99.6715	8044	0.9395	5231	65.0298	702	8.7270	2877	35.7658	4051	50.3605	20962	76.1282	69007	19.3082	0.9877
stools_11047101	stools_12074501	na	NZ_CP010238.1	4797106	1221574	25.4648	1216094	99.5514	1213785	99.8101	5480	0.4486	1219231	99.8082	8416	0.6889	6073	72.1602	1057	12.5594	4008	47.6236	2782	33.0561	20962	37.9496	16381	49.3132	0.9966
stools_11047101	stools_12080101	na	NZ_CP010238.1	4797106	642901	13.4019	638890	99.3761	635996	99.5470	4011	0.6239	639973	99.5446	7468	1.1616	4540	60.7927	759	10.1634	2432	32.5656	3689	49.3974	20962	38.1786	53350	15.6926	0.9888
stools_11047150	stools_11049150	na	NZ_CP053284.1	5244439	338590	6.4562	337064	99.5493	334944	99.3710	1526	0.4507	336460	99.3709	3951	1.1669	1821	46.0896	393	9.9468	2240	56.6945	1191	30.1443	212087	55.7125	141159	88.2870	0.9685
stools_11047150	stools_11104150	na	NZ_CP053284.1	5244439	226997	4.3283	226445	99.7568	225322	99.5041	552	0.2432	225872	99.5044	1764	0.7771	639	36.2245	93	5.2721	1044	59.1837	596	33.7868	212087	70.6168	368664	64.1487	0.9329
stools_11047150	stools_12067101	na	NZ_CP016628.1	4867152	367944	7.5597	366910	99.7190	363716	99.1295	1034	0.2810	364745	99.1306	4405	1.1972	1206	27.3780	194	4.4041	1720	39.0465	2473	56.1407	135242	91.5721	338079	76.3171	0.9372
stools_11047150	stools_12075101	na	NZ_CP053284.1	5244439	1891994	36.0762	1886070	99.6869	1879231	99.6374	5924	0.3131	1885126	99.6370	13528	0.7150	6660	49.2312	825	6.0985	9284	68.6280	3242	23.9651	212087	74.1267	329441	50.0378	0.9471
stools_11047150	stools_12087150	na	NZ_CP053284.1	5244439	350316	6.6798	349205	99.6829	346583	99.2492	1111	0.3171	347687	99.2495	3916	1.1178	1287	32.8652	186	4.7497	1696	43.3095	1955	49.9234	212087	57.5693	232762	80.9625	0.9594
stools_11047150	stools_12096150	na	NZ_CP053284.1	5244439	876855	16.7197	874334	99.7125	870504	99.5620	2521	0.2875	873011	99.5616	6634	0.7566	2790	42.0561	293	4.4166	4794	72.2641	1462	22.0380	212087	77.4046	300171	61.4876	0.9577
stools_11047150	stools_12100501	na	NZ_CP053284.1	5244439	716537	13.6628	712827	99.4822	708827	99.4389	3710	0.5178	712518	99.4391	8197	1.1440	4178	50.9699	611	7.4539	3785	46.1754	3391	41.3688	212087	67.2347	144374	84.6863	0.9736
stools_11047150	stools_12111150	na	NZ_CP053284.1	5244439	361178	6.8869	359046	99.4097	352103	98.0663	2132	0.5903	354178	98.0619	9455	2.6178	2455	25.9651	398	4.2094	1635	17.2924	7217	76.3300	212087	58.4996	271879	64.0940	0.9474
stools_11048102	stools_11110101	na	NZ_CP073981.1	4774884	246429	5.1609	245963	99.8109	245021	99.6170	466	0.1891	245486	99.6173	1481	0.6010	538	36.3268	75	5.0641	811	54.7603	575	38.8251	162793	66.8419	252737	43.1670	0.9583
stools_11048102	stools_12061101	na	NZ_CP073981.1	4774884	1111518	23.2784	1105785	99.4842	1100881	99.5565	5733	0.5158	1106590	99.5566	11054	0.9945	6126	55.4189	526	4.7585	2896	26.1987	7401	66.9531	162793	92.3209	163125	95.9871	0.9851
stools_11048102	stools_12079101	na	NZ_CP027126.1	4877957	1555055	31.8792	1548749	99.5945	1545742	99.8058	6306	0.4055	1552036	99.8059	9843	0.6330	6824	69.3285	640	6.5021	5244	53.2764	3704	37.6308	117442	76.5731	78126	100.0000	0.9905
stools_11048102	stools_12116150	na	NZ_CP027126.1	4877957	422583	8.6631	421733	99.7989	420824	99.7845	850	0.2011	421671	99.7842	1833	0.4338	921	50.2455	77	4.2008	1448	78.9962	287	15.6574	117442	86.6121	153421	80.6135	0.9845
stools_11048150	stools_11052150	na	NZ_CP022279.1	4907118	757642	15.4397	754529	99.5891	752060	99.6728	3113	0.4109	755162	99.6727	6869	0.9066	4389	63.8958	1309	19.0566	1797	26.1610	3679	53.5595	290618	73.5305	251808	62.1196	0.9528
stools_11048150	stools_12060501	na	NZ_CP022279.1	4907118	297651	6.0657	297247	99.8643	295787	99.5088	404	0.1357	296188	99.5085	2427	0.8154	964	39.7198	565	23.2798	758	31.2320	1073	44.2110	290618	74.3058	241949	83.8177	0.9585
stools_11048150	stools_12068102	na	NZ_CP022279.1	4907118	626822	12.7737	624540	99.6359	621981	99.5903	2282	0.3641	624250	99.5897	6227	0.9934	3655	58.6960	1430	22.9645	1481	23.7835	3092	49.6547	290618	76.3239	263935	72.1932	0.9568
stools_11048150	stools_12075150	na	NZ_LS992166.1	4850393	357707	7.3748	357255	99.8736	356312	99.7360	452	0.1264	356760	99.7353	1786	0.4993	839	46.9765	391	21.8925	405	22.6764	959	53.6954	227723	58.6818	187785	81.1226	0.9765
stools_11048150	stools_12085150	na	NZ_CP022279.1	4907118	935597	19.0661	934359	99.8677	932274	99.7769	1238	0.1323	933512	99.7771	5214	0.5573	3129	60.0115	1923	36.8815	1961	37.6103	1174	22.5163	290618	91.0467	384148	75.9007	0.9564
stools_11048150	stools_12088501	na	NZ_CP022279.1	4907118	955341	19.4685	953429	99.7999	950741	99.7181	1912	0.2001	952646	99.7179	6524	0.6829	3829	58.6910	1936	29.6750	2333	35.7603	2153	33.0012	290618	84.3468	301726	73.6211	0.9608
stools_11048150	stools_12116501	na	NZ_CP022279.1	4907118	272778	5.5588	272473	99.8882	271177	99.5244	305	0.1118	271480	99.5242	2097	0.7688	799	38.1021	500	23.8436	753	35.9084	831	39.6280	290618	76.9983	315377	58.9644	0.9378
stools_11049101	stools_11049501	na	NZ_CP060061.1	5326222	368610	6.9207	367073	99.5830	366854	99.9403	1537	0.4170	368391	99.9406	3475	0.9427	3256	93.6978	2147	61.7842	567	16.3165	596	17.1511	346469	93.7322	356073	92.6568	0.9795
stools_11049101	stools_11049501	na	NZ_CP041359.1	5320024	361288	6.7911	360801	99.8652	360404	99.8900	487	0.1348	360891	99.8901	1264	0.3499	867	68.5918	420	33.2278	292	23.1013	335	26.5032	138786	100.0000	140508	100.0000	0.9972
stools_11049101	stools_11049501	na	NZ_CP010238.1	4797106	1065384	22.2089	1063818	99.8530	1063308	99.9521	1566	0.1470	1064870	99.9518	2986	0.2803	2472	82.7863	1218	40.7904	725	24.2800	684	22.9069	39718	100.0000	39313	100.0000	0.9997
stools_11049101	stools_11049501	na	NZ_CP047277.1	4774769	552409	11.5693	552087	99.9417	552009	99.9859	322	0.0583	552331	99.9859	1854	0.3356	1776	95.7929	1459	78.6947	206	11.1111	160	8.6300	203920	92.1597	229308	86.8439	0.9825
stools_11049101	stools_11052150	na	NZ_CP060061.1	5326222	233832	4.3902	232470	99.4175	230537	99.1685	1362	0.5825	231889	99.1691	3976	1.7004	2033	51.1318	745	18.7374	847	21.3028	2178	54.7787	346469	43.2466	137851	65.5193	0.9424
stools_11049101	stools_11106501	na	NZ_CP010238.1	4797106	1189385	24.7938	1185330	99.6591	1182320	99.7461	4055	0.3409	1186361	99.7458	7322	0.6156	4298	58.6998	298	4.0699	1234	16.8533	5661	77.3149	39718	70.0010	69007	48.4139	0.9887
stools_11049101	stools_11107150	na	NZ_CP047277.1	4774769	205533	4.3046	205418	99.9440	204493	99.5497	115	0.0560	204608	99.5500	1177	0.5727	252	21.4104	137	11.6398	332	28.2073	719	61.0875	203920	47.6849	138256	84.2871	0.9765
stools_11049101	stools_11107501	na	NZ_CP060061.1	5326222	182507	3.4266	181554	99.4778	179711	98.9849	953	0.5222	180660	98.9880	3464	1.8980	1617	46.6801	750	21.6513	1076	31.0624	1477	42.6386	346469	39.8711	348123	53.6468	0.9155
stools_11049101	stools_12058150	na	NZ_CP060061.1	5326222	123268	2.3144	122688	99.5295	121422	98.9681	580	0.4705	121999	98.9705	2096	1.7004	827	39.4561	264	12.5954	1077	51.3836	678	32.3473	346469	42.2110	367682	57.2348	0.9188
stools_11049101	stools_12074501	na	NZ_CP010238.1	4797106	1643579	34.2619	1640041	99.7847	1638120	99.8829	3538	0.2153	1641647	99.8825	5702	0.3469	3770	66.1172	347	6.0856	1671	29.3055	3535	61.9958	39718	0.0000	16381	0.0000	0.9883
stools_11049101	stools_12078101	na	NZ_CP041359.1	5320024	439430	8.2599	438610	99.8134	436876	99.6047	820	0.1866	437692	99.6045	2707	0.6160	969	35.7961	170	6.2800	542	20.0222	1938	71.5922	138786	77.3875	110534	83.5933	0.9870
stools_11049101	stools_12078101	na	NZ_CP047277.1	4774769	439112	9.1965	438508	99.8624	436713	99.5907	604	0.1376	437316	99.5910	2795	0.6365	999	35.7424	396	14.1682	706	25.2594	1707	61.0733	203920	54.7710	137285	83.4672	0.9714
stools_11049101	stools_12080101	na	NZ_CP010238.1	4797106	848572	17.6892	845516	99.6399	841784	99.5586	3056	0.3601	844824	99.5583	7015	0.8267	3267	46.5716	283	4.0342	1038	14.7969	5509	78.5317	39718	83.7278	53350	71.8707	0.9942
stools_11049101	stools_12085150	na	NZ_CP060061.1	5326222	197753	3.7128	196960	99.5990	195621	99.3202	793	0.4010	196405	99.3183	2729	1.3800	1381	50.6046	614	22.4991	742	27.1894	1192	43.6790	346469	48.1330	171767	85.5193	0.9585
stools_11049101	stools_12091501	na	NZ_CP060061.1	5326222	61731	1.1590	61545	99.6987	61150	99.3582	186	0.3013	61335	99.3585	636	1.0303	240	37.7358	57	8.9623	362	56.9182	149	23.4277	346469	23.7805	178561	82.4139	0.9583
stools_11049101	stools_12092501	na	NZ_CP060061.1	5326222	397939	7.4713	394863	99.2270	392877	99.4970	3076	0.7730	395939	99.4974	5379	1.3517	3379	62.8184	472	8.7749	1849	34.3744	2698	50.1580	346469	19.0842	121038	68.9775	0.9324
stools_11049101	stools_12093101_SM-NA1P5	na	NZ_CP060061.1	5326222	169158	3.1759	168432	99.5708	167235	99.2893	726	0.4292	167960	99.2918	2076	1.2273	878	42.2929	167	8.0443	893	43.0154	911	43.8825	346469	27.8137	219682	67.1270	0.9282
stools_11049101	stools_12093101_SM-NAWYG	na	NZ_CP060061.1	5326222	377012	7.0784	375295	99.5446	373209	99.4442	1717	0.4554	374909	99.4422	4134	1.0965	2031	49.1292	375	9.0711	1889	45.6942	1626	39.3324	346469	27.6284	211724	76.4585	0.9269
stools_11049101	stools_12095150	na	NZ_CP060061.1	5326222	109274	2.0516	108889	99.6477	108202	99.3691	385	0.3523	108586	99.3704	1163	1.0643	475	40.8426	95	8.1685	564	48.4953	453	38.9510	346469	41.9726	332444	66.6458	0.9249
stools_11049101	stools_12098150	na	NZ_CP060061.1	5326222	119200	2.2380	118505	99.4169	117270	98.9578	695	0.5831	117959	98.9589	2236	1.8758	995	44.4991	328	14.6691	996	44.5438	812	36.3148	346469	50.1955	380685	55.3219	0.9218
stools_11049101	stools_12116150	na	NZ_CP047277.1	4774769	218089	4.5675	217978	99.9491	217339	99.7069	111	0.0509	217449	99.7065	916	0.4200	276	30.1310	166	18.1223	328	35.8079	422	46.0699	203920	56.1965	157545	78.2754	0.9713
stools_11049101	stools_12120501	na	NZ_CP047277.1	4774769	89656	1.8777	89595	99.9320	89279	99.6473	61	0.0680	89338	99.6453	428	0.4774	110	25.7009	52	12.1495	166	38.7850	207	48.3645	203920	44.2330	166919	71.7809	0.9568
stools_11049150	stools_11104150	na	NZ_CP053284.1	5244439	72524	1.3829	72370	99.7877	71957	99.4293	154	0.2123	72111	99.4305	602	0.8301	189	31.3953	35	5.8140	249	41.3621	286	47.5083	141159	70.2747	368664	42.5393	0.9292
stools_11049150	stools_12075101	na	NZ_CP053284.1	5244439	609322	11.6184	607434	99.6901	605047	99.6070	1888	0.3099	606927	99.6069	4709	0.7728	2314	49.1399	464	9.8535	2377	50.4778	1727	36.6745	141159	73.9953	329441	35.3396	0.9456
stools_11049150	stools_12087150	na	NZ_CP053284.1	5244439	109103	2.0804	108827	99.7470	108063	99.2980	276	0.2530	108339	99.2997	1093	1.0018	329	30.1006	53	4.8490	336	30.7411	667	61.0247	141159	84.5996	232762	74.8915	0.9691
stools_11049150	stools_12096150	na	NZ_CP053284.1	5244439	295804	5.6403	294910	99.6978	293705	99.5914	894	0.3022	294596	99.5916	2289	0.7738	1081	47.2259	206	8.9996	1192	52.0751	818	35.7361	141159	94.9851	300171	51.8138	0.9622
stools_11049150	stools_12100501	na	NZ_CP053284.1	5244439	287015	5.4727	285059	99.3185	283078	99.3051	1956	0.6815	285024	99.3063	4229	1.4734	2238	52.9203	371	8.7728	1335	31.5677	2200	52.0218	141159	71.7701	144374	60.5774	0.9757
stools_11049150	stools_12103101	na	NZ_CP060073.1	4672168	505929	10.8286	504698	99.7567	502987	99.6610	1231	0.2433	504216	99.6614	3030	0.5989	1317	43.4653	99	3.2673	1731	57.1287	1183	39.0429	84943	40.9663	65165	100.0000	0.9808
stools_11049150	stools_12103150	na	NZ_CP060073.1	4672168	797501	17.0692	792557	99.3801	790518	99.7427	4944	0.6199	795448	99.7426	7161	0.8979	5108	71.3308	220	3.0722	2754	38.4583	4111	57.4082	84943	25.6949	25566	100.0000	0.9856
stools_11049150	stools_12111102	na	NZ_CP085488.1	4672036	1092118	23.3756	1086688	99.5028	1081323	99.5063	5430	0.4972	1086728	99.5065	11063	1.0130	5673	51.2790	411	3.7151	3814	34.4753	6557	59.2696	10809	100.0000	74506	14.2874	0.9863
stools_11049150	stools_12111150	na	NZ_CP053284.1	5244439	106858	2.0375	106318	99.4947	104519	98.3079	540	0.5053	105046	98.3043	2467	2.3087	655	26.5505	130	5.2696	364	14.7548	1933	78.3543	141159	78.2678	271879	58.7118	0.9576
stools_11049501	stools_11052150	na	NZ_CP060061.1	5326222	242590	4.5546	241220	99.4353	239253	99.1846	1370	0.5647	240611	99.1842	4046	1.6678	2067	51.0875	739	18.2650	861	21.2803	2237	55.2892	356073	44.4898	137851	70.5363	0.9382
stools_11049501	stools_11106501	na	NZ_CP010238.1	4797106	955359	19.9153	951950	99.6432	949244	99.7157	3409	0.3568	952639	99.7153	6353	0.6650	3633	57.1856	274	4.3129	1223	19.2507	4716	74.2326	39313	70.1676	69007	48.4139	0.9887
stools_11049501	stools_11107150	na	NZ_CP047277.1	4774769	212466	4.4498	212359	99.9496	211434	99.5644	107	0.0504	211540	99.5642	1193	0.5615	267	22.3806	161	13.4954	316	26.4878	726	60.8550	229308	45.4999	138256	84.2871	0.9699
stools_11049501	stools_11107501	na	NZ_CP060061.1	5326222	183834	3.4515	182850	99.4647	181052	99.0167	984	0.5353	182032	99.0198	3501	1.9044	1699	48.5290	801	22.8792	1019	29.1060	1502	42.9020	356073	39.5447	348123	55.5539	0.9164
stools_11049501	stools_12058150	na	NZ_CP060061.1	5326222	120773	2.2675	120119	99.4585	118915	98.9977	654	0.5415	119557	98.9932	2095	1.7347	879	41.9570	256	12.2196	1113	53.1265	665	31.7422	356073	42.2880	367682	51.8271	0.9149
stools_11049501	stools_12074501	na	NZ_CP010238.1	4797106	1306430	27.2337	1303472	99.7736	1301681	99.8626	2958	0.2264	1304635	99.8626	5007	0.3833	3212	64.1502	348	6.9503	1503	30.0180	2990	59.7164	39313	0.0000	16381	0.0000	0.9884
stools_11049501	stools_12078101	na	NZ_CP041359.1	5320024	423431	7.9592	422558	99.7938	420730	99.5674	873	0.2062	421597	99.5669	2842	0.6712	1008	35.4680	162	5.7002	649	22.8360	1951	68.6488	140508	88.7900	110534	83.5933	0.9877
stools_11049501	stools_12078101	na	NZ_CP047277.1	4774769	452605	9.4791	452024	99.8716	450178	99.5916	581	0.1284	450759	99.5921	2818	0.6226	972	34.4925	395	14.0170	724	25.6920	1706	60.5394	229308	51.8242	137285	85.1958	0.9642
stools_11049501	stools_12080101	na	NZ_CP010238.1	4797106	678783	14.1498	676332	99.6389	673115	99.5243	2451	0.3611	675554	99.5243	5897	0.8688	2668	45.2433	281	4.7651	984	16.6865	4510	76.4796	39313	85.0355	53350	71.8707	0.9943
stools_11049501	stools_12085150	na	NZ_CP060061.1	5326222	204134	3.8326	203340	99.6110	201895	99.2894	794	0.3890	202680	99.2877	2917	1.4290	1463	50.1543	687	23.5516	789	27.0483	1266	43.4008	356073	47.6930	171767	85.5193	0.9538
stools_11049501	stools_12091501	na	NZ_CP060061.1	5326222	63041	1.1836	62866	99.7224	62410	99.2746	175	0.2776	62584	99.2751	688	1.0914	231	33.5756	59	8.5756	384	55.8140	202	29.3605	356073	24.1184	178561	82.4139	0.9533
stools_11049501	stools_12092501	na	NZ_CP060061.1	5326222	409537	7.6891	406303	99.2103	404247	99.4940	3234	0.7897	407463	99.4936	5625	1.3735	3551	63.1289	477	8.4800	2002	35.5911	2743	48.7644	356073	18.5597	121038	68.9775	0.9305
stools_11049501	stools_12093101_SM-NA1P5	na	NZ_CP060061.1	5326222	169878	3.1895	169178	99.5879	167913	99.2523	700	0.4121	168611	99.2542	2148	1.2644	881	41.0149	187	8.7058	993	46.2291	872	40.5959	356073	30.0424	219682	67.1270	0.9250
stools_11049501	stools_12093101_SM-NAWYG	na	NZ_CP060061.1	5326222	386739	7.2610	384845	99.5103	382563	99.4070	1894	0.4897	384437	99.4048	4486	1.1600	2184	48.6848	351	7.8243	2096	46.7231	1783	39.7459	356073	29.8675	211724	76.4585	0.9272
stools_11049501	stools_12095150	na	NZ_CP060061.1	5326222	110786	2.0800	110439	99.6868	109704	99.3345	347	0.3132	110049	99.3348	1183	1.0678	446	37.7008	106	8.9603	549	46.4074	467	39.4759	356073	47.0159	332444	75.3565	0.9259
stools_11049501	stools_12098150	na	NZ_CP060061.1	5326222	117431	2.2048	116830	99.4882	115606	98.9523	601	0.5118	116201	98.9526	2129	1.8130	899	42.2264	326	15.3124	950	44.6219	765	35.9324	356073	50.5079	380685	57.4165	0.9201
stools_11049501	stools_12116150	na	NZ_CP047277.1	4774769	225877	4.7306	225784	99.9588	225117	99.7046	93	0.0412	225209	99.7043	924	0.4091	256	27.7056	164	17.7489	332	35.9307	429	46.4286	229308	53.1678	157545	78.2754	0.9644
stools_11049501	stools_12120501	na	NZ_CP047277.1	4774769	90606	1.8976	90552	99.9404	90246	99.6621	54	0.0596	90300	99.6623	385	0.4249	79	20.5195	25	6.4935	156	40.5195	200	51.9481	229308	42.4739	166919	71.7809	0.9530
stools_11050101	stools_12073101	na	NZ_LS992168.1	5031440	2717034	54.0011	2713965	99.8870	2711665	99.9153	3069	0.1130	2714714	99.9146	5419	0.1994	3099	57.1877	138	2.5466	2891	53.3493	2321	42.8308	56265	9.4428	85375	6.1997	0.9739
stools_11050101	stools_12119101	na	NZ_AP025662.1	4906821	3100066	63.1787	3086722	99.5696	3077165	99.6904	13344	0.4304	3090406	99.6884	23481	0.7574	13821	58.8604	649	2.7639	8291	35.3094	14199	60.4702	126326	35.8327	54297	82.8186	0.9809
stools_11051101	stools_11051150	na	NZ_CP047876.1	4775730	2428438	50.8496	2413368	99.3794	2410502	99.8812	15070	0.6206	2425541	99.8807	18627	0.7670	15730	84.4473	1500	8.0528	11931	64.0522	4582	24.5987	28111	100.0000	22678	100.0000	0.9967
stools_11051101	stools_11051150	na	NZ_CP054224.1	4721932	1769177	37.4672	1759874	99.4742	1757320	99.8549	9303	0.5258	1766607	99.8547	12130	0.6856	9560	78.8129	647	5.3339	8832	72.8112	2385	19.6620	61104	74.7709	48522	84.9141	0.9927
stools_11051101	stools_11051501	na	NZ_CP047876.1	4775730	2459691	51.5040	2442567	99.3038	2439773	99.8856	17124	0.6962	2456869	99.8853	20650	0.8395	17828	86.3341	1622	7.8547	11624	56.2906	6770	32.7845	28111	100.0000	28469	100.0000	0.9997
stools_11051101	stools_11051501	na	NZ_CP054224.1	4721932	1524318	32.2817	1514300	99.3428	1511817	99.8360	10018	0.6572	1521820	99.8361	12859	0.8436	10361	80.5739	969	7.5356	7322	56.9407	4223	32.8408	61104	74.7709	51245	89.1482	0.9954
stools_11051101	stools_11108150	na	NZ_CP054224.1	4721932	1881510	39.8462	1869426	99.3577	1865257	99.7770	12084	0.6423	1877316	99.7771	16481	0.8759	12287	74.5525	731	4.4354	7651	46.4232	7586	46.0288	61104	100.0000	139585	59.1718	0.9831
stools_11051101	stools_12072101	na	NZ_CP054224.1	4721932	1127592	23.8799	1119204	99.2561	1116674	99.7739	8388	0.7439	1125038	99.7735	11111	0.9854	8557	77.0138	380	3.4200	5688	51.1925	4928	44.3524	61104	74.7709	49884	52.5920	0.9872
stools_11051150	stools_11051501	na	NZ_LR536431.1	5114416	2614277	51.1158	2604056	99.6090	2603483	99.9780	10221	0.3910	2613697	99.9778	12197	0.4666	11617	95.2447	3495	28.6546	4102	33.6312	3991	32.7212	93698	100.0000	114775	83.9599	0.9957
stools_11051150	stools_11051501	na	NZ_CP061749.1	5029424	1973287	39.2349	1962573	99.4570	1961772	99.9592	10714	0.5430	1972478	99.9590	12132	0.6148	11323	93.3317	2551	21.0270	3136	25.8490	5973	49.2334	30745	100.0000	24619	100.0000	0.9987
stools_11051150	stools_11051501	na	NZ_CP047876.1	4775730	2855691	59.7959	2841519	99.5037	2840915	99.9787	14172	0.4963	2855084	99.9787	15929	0.5578	15322	96.1893	4059	25.4818	4312	27.0701	6911	43.3863	22678	100.0000	28469	100.0000	0.9965
stools_11051150	stools_11051501	na	NZ_CP054224.1	4721932	1787588	37.8571	1779586	99.5524	1779093	99.9723	8002	0.4476	1787093	99.9723	9202	0.5148	8707	94.6207	1978	21.4953	1920	20.8650	5026	54.6186	48522	84.9141	51245	89.1482	0.9948
stools_11051150	stools_11106501	na	NZ_CP028746.1	4682586	1014533	21.6661	1010101	99.5631	1006784	99.6716	4432	0.4369	1011184	99.6699	7926	0.7812	4577	57.7467	242	3.0532	2234	28.1857	5179	65.3419	27422	100.0000	126572	25.7387	0.9782
stools_11051150	stools_11108150	na	NZ_CP054224.1	4721932	1612096	34.1406	1604551	99.5320	1601517	99.8109	7545	0.4680	1609041	99.8105	10633	0.6596	7578	71.2687	226	2.1255	2134	20.0696	8143	76.5823	48522	100.0000	139585	46.6913	0.9805
stools_11051150	stools_12072101	na	NZ_CP054224.1	4721932	1273203	26.9636	1266214	99.4511	1264766	99.8856	6989	0.5489	1271748	99.8857	8697	0.6831	7242	83.2701	392	4.5073	2244	25.8020	5902	67.8625	48522	100.0000	49884	73.6950	0.9915
stools_11051150	stools_12079101	na	NZ_CP028746.1	4682586	956724	20.4315	950628	99.3628	947366	99.6569	6096	0.6372	953424	99.6551	9608	1.0043	6308	65.6536	526	5.4746	3004	31.2656	5616	58.4513	27422	100.0000	90705	30.9696	0.9842
stools_11051150	stools_12100501	na	NZ_LR536431.1	5114416	1884709	36.8509	1877271	99.6054	1874487	99.8517	7438	0.3946	1881911	99.8515	10596	0.5622	7798	73.5938	458	4.3224	3913	36.9290	6028	56.8894	93698	94.5068	268551	45.8796	0.9631
stools_11051501	stools_11108150	na	NZ_CP054224.1	4721932	1370412	29.0223	1361684	99.3631	1358693	99.7803	8728	0.6369	1367401	99.7803	11797	0.8608	8786	74.4766	447	3.7891	3832	32.4828	7251	61.4648	51245	89.1482	139585	37.3357	0.9787
stools_11051501	stools_12072101	na	NZ_CP054224.1	4721932	1160415	24.5750	1151684	99.2476	1150047	99.8579	8731	0.7524	1158758	99.8572	10659	0.9186	9002	84.4545	587	5.5071	4509	42.3023	5446	51.0930	51245	89.1482	49884	52.5920	0.9893
stools_11051501	stools_12100501	na	NZ_LR536431.1	5114416	2026445	39.6222	2018195	99.5929	2015322	99.8576	8250	0.4071	2023558	99.8575	11576	0.5712	8689	75.0605	611	5.2782	4348	37.5605	6305	54.4661	114775	91.1645	268551	58.9311	0.9651
stools_11052101	stools_12070101	na	NZ_CP042903.1	5016408	4040424	80.5442	4037168	99.9194	4036157	99.9750	3256	0.0806	4039406	99.9748	6549	0.1621	5531	84.4556	2328	35.5474	1038	15.8497	2926	44.6786	158108	41.6690	61000	100.0000	0.9773
stools_11052101	stools_12081101	na	NZ_CP042903.1	5016408	1299272	25.9004	1298550	99.9444	1295915	99.7971	722	0.0556	1296631	99.7967	3848	0.2962	1207	31.3669	499	12.9678	513	13.3316	2788	72.4532	158108	74.3106	400008	30.5081	0.9313
stools_11052150	stools_11107501	na	NZ_CP060061.1	5326222	227834	4.2776	226576	99.4478	223907	98.8220	1258	0.5522	225146	98.8202	4983	2.1871	2295	46.0566	1100	22.0751	2143	43.0062	1536	30.8248	137851	60.2745	348123	37.0274	0.9406
stools_11052150	stools_12058150	na	NZ_CP060061.1	5326222	165347	3.1044	164475	99.4726	162479	98.7864	872	0.5274	163342	98.7874	3311	2.0025	1306	39.4443	465	14.0441	1835	55.4213	910	27.4841	137851	63.1131	367682	38.0750	0.9363
stools_11052150	stools_12060501	na	NZ_CP022279.1	4907118	864862	17.6246	861397	99.5994	858203	99.6292	3465	0.4006	861654	99.6291	8023	0.9277	4815	60.0150	1409	17.5620	3612	45.0206	2802	34.9246	251808	58.4048	241949	69.7552	0.9590
stools_11052150	stools_12068102	na	NZ_CP022279.1	4907118	1869685	38.1015	1858750	99.4151	1853234	99.7032	10935	0.5849	1864126	99.7027	19440	1.0397	13881	71.4043	3255	16.7438	7808	40.1646	7835	40.3035	251808	63.2653	263935	76.1138	0.9497
stools_11052150	stools_12085150	na	NZ_CP060061.1	5326222	998778	18.7521	992375	99.3589	985708	99.3282	6403	0.6411	992063	99.3277	15426	1.5445	8711	56.4696	2564	16.6213	9500	61.5843	2520	16.3361	137851	59.2263	171767	70.4635	0.9702
stools_11052150	stools_12085150	na	NZ_CP022279.1	4907118	2838910	57.8529	2827940	99.6136	2824777	99.8882	10970	0.3864	2835737	99.8882	20019	0.7052	16846	84.1501	6056	30.2513	10889	54.3933	2613	13.0526	251808	78.9935	384148	69.6057	0.9284
stools_11052150	stools_12088501	na	NZ_CP022279.1	4907118	2947656	60.0690	2935336	99.5820	2932110	99.8901	12320	0.4180	2944408	99.8898	21445	0.7275	18197	84.8543	6225	29.0277	10898	50.8184	3881	18.0975	251808	68.4823	301726	70.1574	0.9471
stools_11052150	stools_12091501	na	NZ_CP060061.1	5326222	370149	6.9496	368077	99.4402	365217	99.2230	2072	0.5598	367276	99.2238	5090	1.3751	2217	43.5560	161	3.1631	4514	88.6837	369	7.2495	137851	25.9265	178561	40.1275	0.9627
stools_11052150	stools_12092501	na	NZ_CP060061.1	5326222	2356630	44.2458	2334484	99.0603	2319090	99.3406	22146	0.9397	2341085	99.3404	38213	1.6215	22668	59.3201	1555	4.0693	25269	66.1267	9292	24.3163	137851	16.8479	121038	58.5056	0.9591
stools_11052150	stools_12093101_SM-NA1P5	na	NZ_CP060061.1	5326222	1026919	19.2804	1019733	99.3002	1011137	99.1570	7186	0.6998	1018261	99.1569	16240	1.5814	7582	46.6872	641	3.9470	12145	74.7845	3129	19.2672	137851	52.7403	219682	55.3191	0.9544
stools_11052150	stools_12093101_SM-NAWYG	na	NZ_CP060061.1	5326222	2217333	41.6305	2201240	99.2742	2185154	99.2692	16093	0.7258	2201144	99.2699	32740	1.4765	16551	50.5528	961	2.9352	25738	78.6133	5503	16.8082	137851	58.6749	211724	68.7759	0.9572
stools_11052150	stools_12095150	na	NZ_CP060061.1	5326222	675709	12.6865	671181	99.3299	665460	99.1476	4528	0.6701	669938	99.1459	10668	1.5788	4897	45.9036	462	4.3307	7970	74.7094	2016	18.8976	137851	71.1616	332444	46.0811	0.9419
stools_11052150	stools_12098150	na	NZ_CP060061.1	5326222	182564	3.4276	181126	99.2123	178650	98.6330	1438	0.7877	180063	98.6301	4489	2.4589	1988	44.2860	613	13.6556	1959	43.6400	1725	38.4273	137851	74.4732	380685	46.7807	0.9329
stools_11052150	stools_12116501	na	NZ_CP022279.1	4907118	785120	15.9996	782136	99.6199	779896	99.7136	2984	0.3801	782861	99.7123	6384	0.8131	4125	64.6147	1179	18.4680	3393	53.1485	1711	26.8014	251808	65.5535	315377	69.5219	0.9500
stools_11053101	stools_12081101	na	NZ_CP024147.1	4639454	3968606	85.5404	3964278	99.8909	3962908	99.9654	4328	0.1091	3967225	99.9652	6114	0.1541	4733	77.4125	460	7.5237	3441	56.2807	2138	34.9689	91107	60.5277	89014	69.3947	0.9848
stools_11053501	stools_12117101	na	NZ_CP070930.1	4668053	1758626	37.6737	1756859	99.8995	1748363	99.5164	1767	0.1005	1750120	99.5163	11118	0.6322	2612	23.4934	856	7.6992	1208	10.8653	8990	80.8599	167767	63.9852	235559	73.5777	0.9572
stools_11054101	stools_11107101	na	NZ_CP024131.1	5084741	480473	9.4493	479418	99.7804	477032	99.5023	1055	0.2196	478085	99.5030	3678	0.7655	1290	35.0734	247	6.7156	1280	34.8015	2039	55.4377	203566	54.8820	194428	72.2828	0.9761
stools_11054102	stools_12060150	na	NZ_CP023386.1	4900891	2268126	46.2799	2256362	99.4813	2252461	99.8271	11764	0.5187	2264199	99.8269	16720	0.7372	12793	76.5132	1127	6.7404	10839	64.8266	4558	27.2608	106169	86.1598	186175	50.9005	0.9774
stools_11054102	stools_12069101	na	NZ_CP023386.1	4900891	2637158	53.8098	2624967	99.5377	2620197	99.8183	12191	0.4623	2632351	99.8177	18140	0.6879	13333	73.5006	1278	7.0452	13049	71.9350	3599	19.8401	106169	84.4079	197655	44.1112	0.9710
stools_11054102	stools_12070101	na	NZ_CP023386.1	4900891	2593634	52.9217	2582985	99.5894	2578873	99.8408	10649	0.4106	2589493	99.8403	16048	0.6187	11907	74.1962	1331	8.2939	12439	77.5112	2153	13.4160	106169	77.5791	165445	53.0962	0.9792
stools_11054102	stools_12093501	na	NZ_CP035751.1	5249232	1601647	30.5120	1595051	99.5882	1588559	99.5930	6596	0.4118	1595115	99.5922	13265	0.8282	6733	50.7576	196	1.4776	5534	41.7188	7077	53.3509	29994	100.0000	327803	10.5014	0.9421
stools_11054102	stools_12100501	na	NZ_CP010226.1	4702107	2022827	43.0196	2011781	99.4539	2010054	99.9142	11046	0.5461	2021088	99.9140	12885	0.6370	11146	86.5037	350	2.7163	6975	54.1327	5492	42.6232	64475	72.7429	120925	40.2853	0.9760
stools_11054102	stools_12101101	na	NZ_CP023386.1	4900891	2622706	53.5149	2591655	98.8161	2583533	99.6866	31051	1.1839	2614390	99.6829	39598	1.5098	31282	78.9989	1349	3.4067	12845	32.4385	25258	63.7860	106169	61.3220	208557	51.1544	0.9616
stools_11054150	stools_12067150	na	NZ_CP047710.1	4771912	785705	16.4652	784151	99.8022	782342	99.7693	1554	0.1978	783892	99.7693	3389	0.4313	1576	46.5034	45	1.3278	1528	45.0870	1758	51.8737	0	0.0000	0	0.0000	1.0000
stools_11054150	stools_12084101	na	NZ_CP047710.1	4771912	1300158	27.2461	1296853	99.7458	1295013	99.8581	3305	0.2542	1298314	99.8582	5180	0.3984	3336	64.4015	81	1.5637	2438	47.0656	2542	49.0734	0	0.0000	0	0.0000	1.0000
stools_11054150	stools_12084102	na	NZ_CP047710.1	4771912	371309	7.7811	369438	99.4961	368741	99.8113	1871	0.5039	370611	99.8120	2576	0.6938	1878	72.9037	41	1.5916	803	31.1724	1673	64.9457	0	0.0000	0	0.0000	1.0000
stools_11055150	stools_12074501	na	NZ_CP062811.1	5007575	1734470	34.6369	1727134	99.5770	1719866	99.5792	7336	0.4230	1727194	99.5805	15258	0.8797	7982	52.3135	770	5.0465	11950	78.3196	2253	14.7660	225313	86.0021	244265	88.8875	0.9748
stools_11104101	stools_11109101	na	NZ_CP010121.1	4990476	1075470	21.5504	1074655	99.9242	1073854	99.9255	815	0.0758	1074669	99.9255	7962	0.7403	7161	89.9397	6354	79.8041	1190	14.9460	305	3.8307	323112	82.9688	214534	100.0000	0.9699
stools_11104101	stools_12068150	na	NZ_CP022086.2	5256950	1354725	25.7702	1345069	99.2872	1332308	99.0513	9656	0.7128	1341877	99.0516	22985	1.6967	10137	44.1027	776	3.3761	3763	16.3715	17934	78.0248	129597	63.7314	118608	60.4209	0.9773
stools_11104150	stools_12075101	na	NZ_CP053284.1	5244439	426309	8.1288	425812	99.8834	424569	99.7081	497	0.1166	425066	99.7084	1871	0.4389	628	33.5649	139	7.4292	1040	55.5852	655	35.0080	368664	84.9573	329441	63.5865	0.9397
stools_11104150	stools_12087150	na	NZ_CP053284.1	5244439	80761	1.5399	80710	99.9369	80235	99.4115	51	0.0631	80286	99.4118	608	0.7528	133	21.8750	82	13.4868	166	27.3026	360	59.2105	368664	48.7921	232762	81.9249	0.9362
stools_11104150	stools_12096150	na	NZ_CP053284.1	5244439	197279	3.7617	197115	99.9169	196756	99.8179	164	0.0831	196920	99.8180	700	0.3548	341	48.7143	177	25.2857	295	42.1429	201	28.7143	368664	74.8522	300171	77.5675	0.9485
stools_11104150	stools_12100501	na	NZ_CP053284.1	5244439	147830	2.8188	147384	99.6983	146719	99.5488	446	0.3017	147162	99.5481	1236	0.8361	568	45.9547	125	10.1133	342	27.6699	715	57.8479	368664	52.8535	144374	81.7772	0.9327
stools_11104150	stools_12111150	na	NZ_CP053284.1	5244439	83857	1.5990	83588	99.6792	81643	97.6731	269	0.3208	81906	97.6734	2291	2.7320	340	14.8407	77	3.3610	128	5.5871	2083	90.9210	368664	52.8535	271879	58.2516	0.9360
stools_11106501	stools_12074501	na	NZ_CP010238.1	4797106	1668533	34.7821	1661809	99.5970	1657882	99.7637	6724	0.4030	1664579	99.7630	10969	0.6574	7015	63.9530	420	3.8290	7157	65.2475	3184	29.0273	69007	7.6891	16381	49.3132	0.9844
stools_11106501	stools_12079101	na	NZ_CP028746.1	4682586	1394294	29.7762	1388318	99.5714	1385589	99.8034	5976	0.4286	1391538	99.8023	9923	0.7117	7167	72.2261	1300	13.1009	4238	42.7089	4061	40.9251	126572	67.5299	90705	80.3804	0.9839
stools_11106501	stools_12080101	na	NZ_CP010238.1	4797106	861006	17.9484	856338	99.4578	852268	99.5247	4668	0.5422	856913	99.5246	9275	1.0772	5182	55.8706	695	7.4933	3585	38.6523	4693	50.5984	69007	48.4139	53350	61.5558	0.9879
stools_11107150	stools_12078101	na	NZ_CP047277.1	4774769	817385	17.1188	816357	99.8742	815248	99.8642	1028	0.1258	816276	99.8643	3269	0.3999	2160	66.0753	1134	34.6895	733	22.4228	1337	40.8994	138256	84.2871	137285	81.6367	0.9851
stools_11107150	stools_12116150	na	NZ_CP047277.1	4774769	384859	8.0603	384708	99.9608	383589	99.7091	151	0.0392	383740	99.7092	1432	0.3721	313	21.8575	162	11.3128	1038	72.4860	231	16.1313	138256	75.2734	157545	69.1828	0.9817
stools_11107150	stools_12120501	na	NZ_CP047277.1	4774769	81001	1.6964	80935	99.9185	80400	99.3390	66	0.0815	80466	99.3395	664	0.8197	129	19.4277	63	9.4880	470	70.7831	122	18.3735	138256	75.2734	166919	71.7809	0.9761
stools_11107501	stools_12058150	na	NZ_CP060061.1	5326222	165896	3.1147	165443	99.7269	163409	98.7706	453	0.2731	163859	98.7721	3180	1.9169	1143	35.9434	717	22.5472	1540	48.4277	871	27.3899	348123	56.4240	367682	67.2277	0.9293
stools_11107501	stools_12058150	na	NZ_LR134231.1	4594692	270216	5.8810	269913	99.8879	269244	99.7521	303	0.1121	269546	99.7521	1296	0.4796	626	48.3025	324	25.0000	489	37.7315	460	35.4938	157531	65.1370	118020	94.3891	0.9802
stools_11107501	stools_12060501	na	NZ_LR134231.1	4594692	234459	5.1028	233965	99.7893	232476	99.3636	494	0.2107	232968	99.3641	2171	0.9260	680	31.3220	190	8.7517	494	22.7545	1452	66.8816	157531	46.0792	68981	100.0000	0.9781
stools_11107501	stools_12062101	na	NZ_LR134231.1	4594692	228171	4.9660	227751	99.8159	226700	99.5385	420	0.1841	227119	99.5389	1525	0.6684	473	31.0164	54	3.5410	502	32.9180	956	62.6885	157531	35.0655	60817	100.0000	0.9760
stools_11107501	stools_12072101	na	NZ_LR134231.1	4594692	225843	4.9153	224814	99.5444	223888	99.5881	1029	0.4556	224909	99.5864	2050	0.9077	1116	54.4390	96	4.6829	760	37.0732	1141	55.6585	157531	24.2784	30305	100.0000	0.9720
stools_11107501	stools_12084101	na	NZ_LR134231.1	4594692	346216	7.5351	344453	99.4908	343180	99.6304	1763	0.5092	344933	99.6294	3381	0.9766	2098	62.0526	353	10.4407	848	25.0813	2043	60.4259	157531	41.4630	45884	100.0000	0.9745
stools_11107501	stools_12084102	na	NZ_LR134231.1	4594692	523279	11.3888	522441	99.8399	520209	99.5728	838	0.1601	521038	99.5717	3544	0.6773	1303	36.7664	478	13.4876	1030	29.0632	1968	55.5305	157531	33.9882	44020	100.0000	0.9745
stools_11107501	stools_12085150	na	NZ_CP060061.1	5326222	179309	3.3665	178652	99.6336	176694	98.9040	657	0.3664	177345	98.9047	3542	1.9754	1578	44.5511	946	26.7081	1129	31.8746	1351	38.1423	348123	37.0090	171767	61.6335	0.9390
stools_11107501	stools_12091501	na	NZ_CP060061.1	5326222	53278	1.0003	53183	99.8217	52637	98.9734	95	0.1783	52732	98.9752	736	1.3814	190	25.8152	95	12.9076	453	61.5489	154	20.9239	348123	9.4185	178561	32.9837	0.9439
stools_11107501	stools_12092501	na	NZ_CP060061.1	5326222	361080	6.7793	357937	99.1296	354658	99.0839	3143	0.8704	357765	99.0819	7079	1.9605	3764	53.1714	745	10.5241	2951	41.6867	2717	38.3811	348123	3.1118	121038	8.7163	0.9157
stools_11107501	stools_12093101_SM-NA1P5	na	NZ_CP060061.1	5326222	153795	2.8875	153244	99.6417	151528	98.8802	551	0.3583	152075	98.8816	2648	1.7218	928	35.0453	390	14.7281	1425	53.8142	653	24.6601	348123	32.7086	219682	41.2228	0.9260
stools_11107501	stools_12093101_SM-NAWYG	na	NZ_CP060061.1	5326222	336979	6.3268	335449	99.5460	332109	99.0043	1530	0.4540	333626	99.0050	5545	1.6455	2192	39.5311	688	12.4076	2884	52.0108	1582	28.5302	348123	23.4526	211724	41.7846	0.9190
stools_11107501	stools_12095150	na	NZ_CP060061.1	5326222	104987	1.9711	104772	99.7952	103515	98.8003	215	0.2048	103729	98.8018	1823	1.7364	565	30.9929	358	19.6380	952	52.2216	475	26.0560	348123	49.7433	332444	51.0119	0.9317
stools_11107501	stools_12098150	na	NZ_CP060061.1	5326222	157089	2.9494	156324	99.5130	154392	98.7641	765	0.4870	155152	98.7669	3426	2.1809	1489	43.4618	754	22.0082	1218	35.5517	1299	37.9159	348123	65.3407	380685	59.8505	0.9268
stools_11107501	stools_12098150	na	NZ_LR134231.1	4594692	315154	6.8591	314520	99.7988	313519	99.6817	634	0.2012	314149	99.6811	1977	0.6273	972	49.1654	347	17.5518	647	32.7264	961	48.6090	157531	60.4941	97381	92.5971	0.9805
stools_11108150	stools_12062501	na	NZ_LR882493.1	4841444	532076	10.9900	528946	99.4117	523163	98.9067	3130	0.5883	526265	98.9079	10222	1.9212	4411	43.1520	1399	13.6862	2525	24.7016	5790	56.6425	136713	67.8999	173853	71.3867	0.9698
stools_11108150	stools_12065150	na	NZ_LR882493.1	4841444	874021	18.0529	869888	99.5271	862076	99.1020	4133	0.4729	866179	99.1028	14822	1.6958	6980	47.0922	2935	19.8016	3643	24.5783	7305	49.2848	136713	100.0000	285777	64.5640	0.9606
stools_11108150	stools_12068102	na	NZ_LR882493.1	4841444	948268	19.5865	942307	99.3714	934230	99.1428	5961	0.6286	940143	99.1432	16489	1.7389	8364	50.7247	2643	16.0289	4456	27.0241	8318	50.4458	136713	83.6087	144133	64.1262	0.9735
stools_11108150	stools_12068150	na	NZ_LR882493.1	4841444	792624	16.3716	786524	99.2304	780030	99.1743	6100	0.7696	786081	99.1745	15027	1.8959	8484	56.4584	2660	17.7015	4039	26.8783	7341	48.8521	136713	83.7411	163435	59.9957	0.9684
stools_11108150	stools_12070150	na	NZ_CP069882.1	5176465	1462064	28.2444	1456855	99.6437	1450431	99.5591	5209	0.3563	1455616	99.5590	12121	0.8290	5673	46.8031	540	4.4551	9109	75.1506	2280	18.8103	147151	57.2276	126262	57.6816	0.9739
stools_11108150	stools_12070501	na	NZ_CP069882.1	5176465	1535993	29.6726	1530797	99.6617	1524246	99.5721	5196	0.3383	1529418	99.5719	12272	0.7990	5697	46.4228	594	4.8403	9406	76.6460	2019	16.4521	147151	57.3785	119916	55.9342	0.9722
stools_11108150	stools_12072101	na	NZ_CP054224.1	4721932	1036207	21.9446	1028529	99.2590	1025757	99.7305	7678	0.7410	1033416	99.7307	10546	1.0178	7755	73.5350	263	2.4938	5776	54.7696	4342	41.1720	139585	46.6913	49884	73.6950	0.9752
stools_11108150	stools_12080101	na	NZ_LR882493.1	4841444	338789	6.9977	337091	99.4988	333811	99.0270	1698	0.5012	335496	99.0280	5794	1.7102	2501	43.1653	857	14.7912	2213	38.1947	2439	42.0953	136713	84.5099	236087	62.5803	0.9662
stools_11108150	stools_12087501	na	NZ_LR882493.1	4841444	118358	2.4447	117498	99.2734	114365	97.3336	860	0.7266	115201	97.3327	4275	3.6119	1118	26.1520	295	6.9006	1052	24.6082	2858	66.8538	136713	79.1710	172664	57.3640	0.9740
stools_11108150	stools_12096150	na	NZ_LR882493.1	4841444	56954	1.1764	56709	99.5698	56190	99.0848	245	0.4302	56431	99.0817	978	1.7172	455	46.5235	214	21.8814	378	38.6503	340	34.7648	136713	77.9055	464029	37.0335	0.9121
stools_11108150	stools_12111102	na	NZ_LR882493.1	4841444	424923	8.7768	422675	99.4710	419296	99.2006	2248	0.5290	421529	99.2013	6396	1.5052	3002	46.9356	831	12.9925	3154	49.3121	2076	32.4578	136713	85.6429	183189	63.9918	0.9758
stools_11108501	stools_12072101	na	NZ_CP028761.1	4630346	2533240	54.7095	2513216	99.2095	2509013	99.8328	20024	0.7905	2528972	99.8315	36851	1.4547	32583	88.4182	12905	35.0194	9875	26.7971	12127	32.9082	141433	33.3748	34535	100.0000	0.9765
stools_11108501	stools_12100501	na	NZ_CP028761.1	4630346	2449662	52.9045	2438038	99.5255	2433362	99.8082	11624	0.4745	2444934	99.8070	28202	1.1513	23474	83.2352	12001	42.5537	10511	37.2704	4221	14.9670	141433	45.4710	67017	84.8024	0.9748
stools_11109150	stools_12090501	na	NZ_AP022261.1	4907327	3770268	76.8294	3748056	99.4109	3743843	99.8876	22212	0.5891	3766025	99.8875	26799	0.7108	22556	84.1673	800	2.9852	8204	30.6131	17342	64.7114	101353	0.0000	11796	0.0000	0.9769
stools_11109150	stools_12091150	na	NZ_CP027457.1	5001754	591776	11.8314	589864	99.6769	582564	98.7624	1912	0.3231	584458	98.7634	10136	1.7128	2818	27.8019	938	9.2541	4425	43.6563	4522	44.6133	251234	52.7214	177754	91.1625	0.9586
stools_11110101	stools_12061101	na	NZ_CP073981.1	4774884	303312	6.3522	302259	99.6528	300879	99.5434	1053	0.3472	301930	99.5444	2560	0.8440	1178	46.0156	128	5.0000	525	20.5078	1864	72.8125	252737	43.1670	163125	64.2317	0.9491
stools_11112101	stools_12086502	na	NZ_CP054227.1	4796742	494109	10.3009	488292	98.8227	482578	98.8298	5817	1.1773	488331	98.8306	11950	2.4185	6172	51.6485	480	4.0167	3192	26.7113	7891	66.0335	107072	53.5845	96898	34.3206	0.9735
stools_11112101	stools_12093101_SM-NA1P5	na	NZ_CP054227.1	4796742	704159	14.6799	702099	99.7075	696728	99.2350	2060	0.2925	698770	99.2347	7495	1.0644	2106	28.0987	67	0.8939	5794	77.3049	1605	21.4143	107072	63.4209	103682	60.8360	0.9831
stools_11112101	stools_12093101_SM-NAWYG	na	NZ_CP054227.1	4796742	743990	15.5103	741523	99.6684	736077	99.2656	2467	0.3316	738531	99.2663	7976	1.0721	2517	31.5572	71	0.8902	6005	75.2884	1830	22.9438	107072	63.4209	92911	65.0267	0.9871
stools_11112150	stools_12074150	na	NZ_CP069459.1	5048777	104425	2.0683	104036	99.6275	101977	98.0209	389	0.3725	102355	98.0177	2484	2.3787	414	16.6667	38	1.5298	2262	91.0628	169	6.8035	111966	0.0000	11083	0.0000	0.9778
stools_11112150	stools_12088150	na	NZ_CP069459.1	5048777	538107	10.6582	536324	99.6687	526889	98.2408	1783	0.3313	528626	98.2381	11246	2.0899	1765	15.6945	41	0.3646	10672	94.8960	435	3.8680	111966	18.5735	22663	66.7299	0.9808
stools_11112150	stools_12088501	na	NZ_CP069459.1	5048777	219658	4.3507	218497	99.4715	214196	98.0316	1161	0.5285	215320	98.0251	5898	2.6851	1560	26.4496	459	7.7823	4001	67.8366	1332	22.5839	111966	18.5735	14989	59.8839	0.9778
stools_11113501	stools_12117150	na	NZ_LR134216.1	4647667	461707	9.9342	460399	99.7167	457630	99.3986	1308	0.2833	458921	99.3966	4127	0.8939	1341	32.4933	52	1.2600	2374	57.5236	1702	41.2406	119770	63.5518	106136	55.1933	0.9805
stools_12057501	stools_12064501	na	NZ_CP054282.1	4702170	392939	8.3565	391506	99.6353	388426	99.2133	1433	0.3647	389841	99.2116	4760	1.2114	1662	34.9160	251	5.2731	1391	29.2227	2959	62.1639	92622	94.3610	191960	65.4329	0.9750
stools_12057501	stools_12089102	na	NZ_CP054282.1	4702170	774319	16.4673	771484	99.6339	768723	99.6421	2835	0.3661	771543	99.6415	6352	0.8203	3576	56.2972	766	12.0592	2729	42.9628	2637	41.5145	92622	88.0115	155681	58.0225	0.9827
stools_12057501	stools_12089150	na	NZ_CP054282.1	4702170	2303884	48.9962	2292516	99.5066	2286919	99.7559	11368	0.4934	2298262	99.7560	19322	0.8387	13700	70.9036	2388	12.3590	7455	38.5830	8904	46.0822	92622	94.0792	178686	52.3057	0.9788
stools_12057501	stools_12116501	na	NZ_CP054282.1	4702170	513477	10.9200	511778	99.6691	509739	99.6016	1699	0.3309	511429	99.6012	4224	0.8226	2176	51.5152	501	11.8608	1558	36.8845	2037	48.2244	92622	88.2933	143295	67.8056	0.9855
stools_12058101	stools_12114501	na	NC_017646.1	5313531	3597959	67.7131	3575226	99.3682	3573346	99.9474	22733	0.6318	3596062	99.9473	25023	0.6955	23126	92.4190	902	3.6047	15119	60.4204	8925	35.6672	73012	57.3125	85485	77.3855	0.9858
stools_12058101	stools_12114501	na	NZ_CP098201.1	5160718	3468507	67.2098	3458978	99.7253	3456147	99.9182	9529	0.2747	3465659	99.9179	13437	0.3874	10589	78.8048	1258	9.3622	3517	26.1740	8460	62.9605	36083	100.0000	108296	42.8806	0.9847
stools_12058150	stools_12060501	na	NZ_LR134231.1	4594692	175193	3.8129	174718	99.7289	173626	99.3750	475	0.2711	174100	99.3761	1675	0.9561	582	34.7463	114	6.8060	386	23.0448	1152	68.7761	118020	71.0778	68981	100.0000	0.9880
stools_12058150	stools_12062101	na	NZ_LR134231.1	4594692	183751	3.9992	183320	99.7654	182523	99.5652	431	0.2346	182954	99.5663	1274	0.6933	477	37.4411	47	3.6892	410	32.1821	807	63.3438	118020	53.2639	60817	100.0000	0.9854
stools_12058150	stools_12072101	na	NZ_LR134231.1	4594692	193592	4.2134	192555	99.4643	192027	99.7258	1037	0.5357	193060	99.7252	1636	0.8451	1104	67.4817	75	4.5844	488	29.8289	1042	63.6919	118020	33.4181	30305	100.0000	0.9807
stools_12058150	stools_12084101	na	NZ_LR134231.1	4594692	268445	5.8425	266813	99.3921	265632	99.5574	1632	0.6079	267256	99.5571	2968	1.1056	1779	59.9394	165	5.5593	637	21.4623	2069	69.7102	118020	43.4359	45884	82.3555	0.9806
stools_12058150	stools_12084102	na	NZ_LR134231.1	4594692	378690	8.2419	377770	99.7571	375794	99.4769	920	0.2429	376705	99.4758	3170	0.8371	1185	37.3817	278	8.7697	835	26.3407	2055	64.8265	118020	33.4181	44020	72.6465	0.9785
stools_12058150	stools_12085150	na	NZ_CP060061.1	5326222	118158	2.2184	117765	99.6674	116332	98.7832	393	0.3326	116722	98.7847	2129	1.8018	693	32.5505	310	14.5608	637	29.9202	1112	52.2311	367682	34.6876	171767	51.4843	0.9326
stools_12058150	stools_12091501	na	NZ_CP060061.1	5326222	32737	0.6146	32680	99.8259	32361	99.0239	57	0.1741	32416	99.0195	418	1.2768	97	23.2057	42	10.0478	270	64.5933	95	22.7273	367682	1.9604	178561	24.9035	0.9276
stools_12058150	stools_12092501	na	NZ_CP060061.1	5326222	243186	4.5658	241062	99.1266	238920	99.1114	2124	0.8734	241020	99.1093	4521	1.8591	2355	52.0902	314	6.9454	1691	37.4032	2099	46.4278	367682	14.5939	121038	17.8184	0.9151
stools_12058150	stools_12093101_SM-NA1P5	na	NZ_CP060061.1	5326222	103710	1.9472	103279	99.5844	102039	98.7994	431	0.4156	102466	98.8005	1905	1.8369	661	34.6982	247	12.9659	887	46.5617	665	34.9081	367682	26.5678	219682	31.5438	0.9115
stools_12058150	stools_12093101_SM-NAWYG	na	NZ_CP060061.1	5326222	214355	4.0245	213327	99.5204	211288	99.0442	1028	0.4796	212308	99.0450	3365	1.5698	1318	39.1679	345	10.2526	1603	47.6374	1196	35.5423	367682	29.7477	211724	44.7054	0.9157
stools_12058150	stools_12095150	na	NZ_CP060061.1	5326222	69588	1.3065	69452	99.8046	68653	98.8496	136	0.1954	68789	98.8518	1102	1.5836	303	27.4955	168	15.2450	525	47.6407	369	33.4846	367682	44.5352	332444	39.9697	0.9134
stools_12058150	stools_12098150	na	NZ_CP060061.1	5326222	153141	2.8752	152336	99.4743	151667	99.5608	805	0.5257	152470	99.5618	2302	1.5032	1631	70.8514	889	38.6186	470	20.4170	745	32.3632	367682	73.6634	380685	64.1775	0.9405
stools_12058150	stools_12098150	na	NZ_LR134231.1	4594692	265411	5.7765	264759	99.7543	264325	99.8361	652	0.2457	264977	99.8365	1450	0.5463	1016	70.0690	383	26.4138	316	21.7931	733	50.5517	118020	91.1252	97381	100.0000	0.9927
stools_12060150	stools_12069101	na	NZ_CP023386.1	4900891	3435729	70.1042	3426504	99.7315	3424290	99.9354	9225	0.2685	3433498	99.9351	13135	0.3823	10904	83.0148	1730	13.1709	6826	51.9680	4335	33.0034	186175	86.6040	197655	81.9069	0.9793
stools_12060150	stools_12070101	na	NZ_CP023386.1	4900891	3341553	68.1826	3334350	99.7844	3333228	99.9664	7203	0.2156	3340428	99.9663	10477	0.3135	9352	89.2622	2190	20.9029	5964	56.9247	2136	20.3875	186175	66.5669	165445	82.4099	0.9707
stools_12060150	stools_12101101	na	NZ_CP023386.1	4900891	3424839	69.8820	3389058	98.9553	3381823	99.7865	35781	1.0447	3417546	99.7871	43568	1.2721	36275	83.2607	691	1.5860	8138	18.6788	34665	79.5653	186175	72.8782	208557	94.3066	0.9703
stools_12060501	stools_12062101	na	NZ_LR134231.1	4594692	709411	15.4398	707151	99.6814	703024	99.4164	2260	0.3186	705275	99.4170	6591	0.9291	2455	37.2478	224	3.3986	3904	59.2323	2360	35.8064	68981	67.1127	60817	84.0966	0.9891
stools_12060501	stools_12068102	na	NZ_CP022279.1	4907118	703970	14.3459	701109	99.5936	698007	99.5576	2861	0.4064	700849	99.5567	7120	1.0114	3999	56.1657	1194	16.7697	2447	34.3680	3242	45.5337	241949	86.8150	263935	71.8726	0.9606
stools_12060501	stools_12072101	na	NZ_LR134231.1	4594692	434662	9.4601	432129	99.4172	429834	99.4689	2533	0.5828	432356	99.4695	4931	1.1344	2625	53.2346	131	2.6567	2814	57.0675	1892	38.3695	68981	41.3331	30305	81.4552	0.9888
stools_12060501	stools_12084101	na	NZ_LR134231.1	4594692	794931	17.3011	790315	99.4193	786501	99.5174	4616	0.5807	791099	99.5179	8646	1.0876	4814	55.6789	308	3.5623	4656	53.8515	3406	39.3939	68981	53.1929	45884	70.4407	0.9888
stools_12060501	stools_12084102	na	NZ_LR134231.1	4594692	1456414	31.6978	1452398	99.7243	1445206	99.5048	4016	0.2757	1449207	99.5052	11648	0.7998	4441	38.1267	501	4.3012	8604	73.8668	2404	20.6387	68981	41.3331	44020	57.6988	0.9848
stools_12060501	stools_12085150	na	NZ_CP022279.1	4907118	1050926	21.4164	1049261	99.8416	1046035	99.6925	1665	0.1584	1047696	99.6927	6641	0.6319	3411	51.3627	1758	26.4719	3541	53.3203	1246	18.7622	241949	100.0000	384148	71.4311	0.9551
stools_12060501	stools_12088501	na	NZ_CP022279.1	4907118	1077904	21.9661	1075730	99.7983	1072346	99.6854	2174	0.2017	1074514	99.6855	7442	0.6904	4052	54.4477	1900	25.5308	3710	49.8522	1716	23.0583	241949	89.6825	301726	65.0690	0.9568
stools_12060501	stools_12098150	na	NZ_LR134231.1	4594692	210621	4.5840	209932	99.6729	208569	99.3507	689	0.3271	209255	99.3514	2200	1.0445	834	37.9091	152	6.9091	1258	57.1818	758	34.4545	68981	100.0000	97381	75.6852	0.9868
stools_12060501	stools_12116501	na	NZ_CP022279.1	4907118	294792	6.0074	294355	99.8518	292922	99.5132	437	0.1482	293357	99.5132	2309	0.7833	874	37.8519	440	19.0559	1092	47.2932	757	32.7848	241949	86.5339	315377	58.5683	0.9405
stools_12062101	stools_12065101	na	NZ_CP068812.1	5251089	285899	5.4446	284375	99.4669	283458	99.6775	1524	0.5331	284980	99.6786	2641	0.9238	1722	65.2026	314	11.8894	733	27.7546	1522	57.6297	63353	58.8922	86205	43.3119	0.9856
stools_12062101	stools_12072101	na	NZ_LR134231.1	4594692	449427	9.7814	447158	99.4951	445813	99.6992	2269	0.5049	448078	99.6998	3702	0.8237	2353	63.5602	102	2.7553	1695	45.7861	1848	49.9190	60817	47.1595	30305	81.4552	0.9921
stools_12062101	stools_12084101	na	NZ_LR134231.1	4594692	813557	17.7065	808975	99.4368	806320	99.6718	4582	0.5632	810890	99.6722	7398	0.9093	4731	63.9497	230	3.1089	3152	42.6061	3848	52.0141	60817	67.4039	45884	70.4407	0.9920
stools_12062101	stools_12084102	na	NZ_LR134231.1	4594692	1459256	31.7596	1455825	99.7649	1451092	99.6749	3431	0.2351	1454506	99.6745	8467	0.5802	3717	43.8998	321	3.7912	5522	65.2179	2503	29.5618	60817	47.1595	44020	57.6988	0.9882
stools_12062101	stools_12098150	na	NZ_LR134231.1	4594692	211768	4.6090	211051	99.6614	209901	99.4551	717	0.3386	210616	99.4560	1936	0.9142	784	40.4959	86	4.4421	987	50.9814	827	42.7169	60817	100.0000	97381	53.9253	0.9869
stools_12062501	stools_12065150	na	NZ_LR882493.1	4841444	907011	18.7343	902410	99.4927	894226	99.0931	4601	0.5073	898787	99.0933	17339	1.9117	9115	52.5694	4601	26.5356	6934	39.9908	5148	29.6903	173853	95.8753	285777	59.9523	0.9687
stools_12062501	stools_12068102	na	NZ_LR882493.1	4841444	979547	20.2325	973505	99.3832	965114	99.1381	6042	0.6168	971111	99.1388	18420	1.8805	9984	54.2020	4124	22.3887	7783	42.2530	5539	30.0706	173853	71.7825	144133	74.2460	0.9784
stools_12062501	stools_12068150	na	NZ_LR882493.1	4841444	783725	16.1878	778024	99.2726	770739	99.0637	5701	0.7274	776390	99.0641	16053	2.0483	8718	54.3076	3243	20.2018	6561	40.8709	5362	33.4019	173853	60.2969	163435	54.4112	0.9651
stools_12062501	stools_12079150	na	NZ_CP051738.1	5166012	209344	4.0523	208507	99.6002	206465	99.0207	837	0.3998	207293	99.0203	2996	1.4311	945	31.5421	121	4.0387	2058	68.6916	766	25.5674	38195	40.8849	269499	32.4187	0.9478
stools_12062501	stools_12080101	na	NZ_LR882493.1	4841444	352832	7.2877	351192	99.5352	347772	99.0262	1640	0.4648	349401	99.0276	6240	1.7685	2809	45.0160	1201	19.2468	3176	50.8974	1604	25.7051	173853	78.0188	236087	60.6243	0.9642
stools_12062501	stools_12087501	na	NZ_LR882493.1	4841444	112750	2.3289	111957	99.2967	108806	97.1855	793	0.7033	109567	97.1769	4337	3.8466	1154	26.6083	398	9.1769	1285	29.6288	2620	60.4104	173853	80.8723	172664	72.0700	0.9784
stools_12062501	stools_12096150	na	NZ_LR882493.1	4841444	53436	1.1037	53245	99.6426	52583	98.7567	191	0.3574	52774	98.7611	997	1.8658	335	33.6008	145	14.5436	575	57.6730	269	26.9809	173853	72.9306	464029	31.8999	0.9066
stools_12062501	stools_12111102	na	NZ_LR882493.1	4841444	371166	7.6664	369181	99.4652	364606	98.7608	1985	0.5348	366570	98.7617	7368	1.9851	2772	37.6221	858	11.6450	4580	62.1607	1651	22.4077	173853	72.5193	183189	64.3892	0.9724
stools_12064150	stools_12111102	na	NZ_LR134236.1	4757340	460423	9.6782	457992	99.4720	454214	99.1751	2431	0.5280	456620	99.1740	6492	1.4100	2689	41.4202	330	5.0832	3057	47.0887	2950	45.4405	111498	43.5622	49367	85.3931	0.9835
stools_12064501	stools_12089102	na	NZ_CP054282.1	4702170	175803	3.7388	175544	99.8527	173911	99.0697	259	0.1473	174166	99.0688	2145	1.2201	508	23.6830	253	11.7949	1258	58.6480	633	29.5105	191960	59.7296	155681	69.8929	0.9763
stools_12064501	stools_12089150	na	NZ_CP054282.1	4702170	513880	10.9286	512256	99.6840	508103	99.1893	1624	0.3160	509722	99.1909	6523	1.2694	2365	36.2563	746	11.4365	3617	55.4499	2132	32.6843	191960	76.0263	178686	67.4227	0.9776
stools_12064501	stools_12116501	na	NZ_CP054282.1	4702170	113744	2.4190	113567	99.8444	112412	98.9830	177	0.1556	112588	98.9837	1476	1.2977	320	21.6802	144	9.7561	835	56.5718	483	32.7236	191960	72.9063	143295	85.7057	0.9809
stools_12065150	stools_12068102	na	NZ_LR882493.1	4841444	1630977	33.6878	1623156	99.5205	1616858	99.6120	7821	0.4795	1624641	99.6115	25115	1.5399	18779	74.7720	11129	44.3122	6494	25.8571	5785	23.0340	285777	62.1369	144133	100.0000	0.9641
stools_12065150	stools_12068150	na	NZ_LR882493.1	4841444	1323370	27.3342	1314982	99.3662	1308949	99.5412	8388	0.6338	1317300	99.5413	22912	1.7313	16842	73.5073	8663	37.8099	5571	24.3148	7050	30.7699	285777	64.6571	163435	88.2369	0.9608
stools_12065150	stools_12080101	na	NZ_LR882493.1	4841444	587532	12.1355	585593	99.6700	582041	99.3934	1939	0.3300	583962	99.3924	8704	1.4815	5134	58.9844	3229	37.0979	3313	38.0630	1810	20.7950	285777	81.3781	236087	96.8990	0.9718
stools_12065150	stools_12087501	na	NZ_LR882493.1	4841444	186422	3.8505	185339	99.4191	179527	96.8641	1083	0.5809	180561	96.8561	7488	4.0167	1627	21.7281	601	8.0262	2461	32.8659	4440	59.2949	285777	69.4160	172664	92.7246	0.9644
stools_12065150	stools_12096150	na	NZ_LR882493.1	4841444	91019	1.8800	90827	99.7891	90380	99.5079	192	0.2109	90572	99.5089	1170	1.2854	723	61.7949	532	45.4701	439	37.5214	167	14.2735	285777	59.8145	464029	46.2786	0.9134
stools_12065150	stools_12111102	na	NZ_LR882493.1	4841444	598036	12.3524	595797	99.6256	588904	98.8431	2239	0.3744	591118	98.8432	10777	1.8021	3859	35.8077	1677	15.5609	6179	57.3351	2486	23.0676	285777	66.5851	183189	84.4155	0.9604
stools_12066101	stools_12066150	na	NZ_CP048337.1	5073188	1845976	36.3869	1836050	99.4623	1831461	99.7501	9926	0.5377	1841371	99.7505	14707	0.7967	10102	68.6884	429	2.9170	6678	45.4069	7051	47.9432	18938	100.0000	60619	41.3996	0.9918
stools_12066101	stools_12066501	na	NZ_CP048337.1	5073188	351871	6.9359	348752	99.1136	348700	99.9851	3119	0.8864	351818	99.9849	3201	0.9097	3148	98.3443	239	7.4664	2534	79.1628	370	11.5589	18938	100.0000	44164	46.4383	0.9949
stools_12066101	stools_12070150	na	NZ_CP048337.1	5073188	1400613	27.6081	1393022	99.4580	1389900	99.7759	7591	0.5420	1397464	99.7752	10758	0.7681	7609	70.7288	200	1.8591	5951	55.3170	4160	38.6689	18938	66.3006	52864	30.7544	0.9908
stools_12066101	stools_12070501	na	NZ_CP048337.1	5073188	1692180	33.3554	1683207	99.4697	1680337	99.8295	8973	0.5303	1689284	99.8289	11900	0.7032	9004	75.6639	328	2.7563	6976	58.6218	4214	35.4118	18938	66.3006	45389	36.7512	0.9923
stools_12066150	stools_12066501	na	NZ_CP048337.1	5073188	125093	2.4658	124521	99.5427	123887	99.4908	572	0.4573	124459	99.4932	1247	0.9969	613	49.1580	48	3.8492	997	79.9519	168	13.4723	60619	88.5003	44164	100.0000	0.9964
stools_12066150	stools_12070150	na	NZ_CP048337.1	5073188	585374	11.5386	583723	99.7180	580526	99.4523	1651	0.2820	582169	99.4525	4913	0.8393	1708	34.7649	77	1.5673	2776	56.5032	2002	40.7490	60619	35.2645	52864	43.7651	0.9855
stools_12066150	stools_12070501	na	NZ_CP048337.1	5073188	707757	13.9509	705775	99.7200	702630	99.5544	1982	0.2800	704603	99.5544	5217	0.7371	2063	39.5438	108	2.0702	3084	59.1144	1963	37.6270	60619	35.2645	45389	51.5587	0.9871
stools_12066501	stools_12069150	na	NZ_CP033850.1	5231450	242562	4.6366	241536	99.5770	241139	99.8356	1026	0.4230	242162	99.8351	1509	0.6221	1109	73.4924	111	7.3559	427	28.2969	950	62.9556	61309	100.0000	111036	62.3221	0.9877
stools_12066501	stools_12069150	na	NZ_CP046396.1	5056572	82058	1.6228	81701	99.5649	81346	99.5655	357	0.4351	81698	99.5613	731	0.8908	371	50.7524	27	3.6936	125	17.0999	571	78.1122	24404	100.0000	64569	36.8257	0.9917
stools_12066501	stools_12070150	na	NZ_CP048337.1	5073188	91837	1.8102	91459	99.5884	90705	99.1756	378	0.4116	91081	99.1768	1145	1.2468	389	33.9738	15	1.3100	197	17.2052	900	78.6026	44164	48.5984	52864	43.7651	0.9891
stools_12066501	stools_12070501	na	NZ_CP048337.1	5073188	105827	2.0860	105524	99.7137	104791	99.3054	303	0.2863	105093	99.3064	1044	0.9865	310	29.6935	11	1.0536	169	16.1877	828	79.3103	44164	48.5984	45389	51.5587	0.9905
stools_12067150	stools_12084101	na	NZ_CP047710.1	4771912	2525106	52.9160	2516397	99.6551	2514402	99.9207	8709	0.3449	2523104	99.9207	10730	0.4249	8728	81.3420	193	1.7987	5573	51.9385	4827	44.9860	0	0.0000	0	0.0000	1.0000
stools_12067150	stools_12084102	na	NZ_CP047710.1	4771912	746488	15.6434	741462	99.3267	740539	99.8755	5026	0.6733	745554	99.8749	5958	0.7981	5024	84.3236	162	2.7190	2211	37.1098	3489	58.5599	0	0.0000	0	0.0000	1.0000
stools_12067150	stools_12099101	na	NZ_LS483297.1	4705041	2393586	50.8728	2378623	99.3749	2376193	99.8978	14963	0.6251	2391142	99.8979	18221	0.7612	15777	86.5869	1319	7.2389	6150	33.7523	10449	57.3459	134060	67.1692	92669	81.2936	0.9782
stools_12067150	stools_12099150	na	NZ_LS483297.1	4705041	2701903	57.4257	2692379	99.6475	2690262	99.9214	9524	0.3525	2699765	99.9209	12907	0.4777	10769	83.4353	1428	11.0638	7084	54.8849	3964	30.7120	134060	46.6217	46063	89.1149	0.9766
stools_12067150	stools_12099501	na	NZ_LS483297.1	4705041	2729880	58.0203	2697038	98.7969	2681730	99.4324	32842	1.2031	2714456	99.4350	49011	1.7954	33587	68.5295	1652	3.3707	5659	11.5464	40949	83.5506	134060	72.0953	104245	89.1697	0.9856
stools_12067150	stools_12100101	na	NZ_LS483297.1	4705041	379500	8.0658	378435	99.7194	376817	99.5724	1065	0.2806	377877	99.5723	2788	0.7347	1165	41.7862	118	4.2324	985	35.3300	1609	57.7116	134060	47.7421	163174	51.6584	0.9773
stools_12067150	stools_12114101	na	NZ_CP049936.1	4731796	518424	10.9562	516108	99.5533	512893	99.3771	2316	0.4467	515199	99.3779	5778	1.1145	2553	44.1848	266	4.6037	3037	52.5614	2359	40.8273	54712	69.9682	99863	42.1337	0.9828
stools_12068102	stools_12068150	na	NZ_LR882493.1	4841444	1430258	29.5420	1419971	99.2808	1413145	99.5193	10287	0.7192	1423406	99.5209	24191	1.6914	17339	71.6754	7452	30.8048	6465	26.7248	8324	34.4095	144133	86.8975	163435	74.8151	0.9833
stools_12068102	stools_12080101	na	NZ_LR882493.1	4841444	647940	13.3832	644835	99.5208	641035	99.4107	3105	0.4792	644125	99.4112	9693	1.4960	5878	60.6417	2849	29.3923	3775	38.9456	2444	25.2141	144133	87.0370	236087	73.7787	0.9712
stools_12068102	stools_12085150	na	NZ_CP022279.1	4907118	2274886	46.3589	2266945	99.6509	2261779	99.7721	7941	0.3491	2269707	99.7723	17145	0.7537	11966	69.7929	4127	24.0712	9746	56.8446	2775	16.1855	263935	80.9976	384148	64.2125	0.9475
stools_12068102	stools_12087501	na	NZ_LR882493.1	4841444	201540	4.1628	199964	99.2180	194393	97.2140	1576	0.7820	195907	97.2050	7717	3.8290	2084	27.0053	587	7.6066	2392	30.9965	4659	60.3732	144133	68.3410	172664	57.4196	0.9714
stools_12068102	stools_12088501	na	NZ_CP022279.1	4907118	2386853	48.6406	2377129	99.5926	2372115	99.7891	9724	0.4074	2381818	99.7891	19470	0.8157	14435	74.1397	4908	25.2080	9976	51.2378	3971	20.3955	263935	92.4659	301726	80.6417	0.9784
stools_12068102	stools_12096150	na	NZ_LR882493.1	4841444	96625	1.9958	96195	99.5550	95379	99.1517	430	0.4450	95804	99.1503	1574	1.6290	753	47.8399	330	20.9657	731	46.4422	431	27.3825	144133	71.4555	464029	43.5714	0.9094
stools_12068102	stools_12111102	na	NZ_LR882493.1	4841444	666593	13.7685	662806	99.4319	656277	99.0149	3787	0.5681	660035	99.0162	11779	1.7670	5221	44.3246	1564	13.2779	6665	56.5838	2966	25.1804	144133	75.7828	183189	61.3296	0.9731
stools_12068102	stools_12116501	na	NZ_CP022279.1	4907118	634696	12.9342	632429	99.6428	629998	99.6156	2267	0.3572	632255	99.6154	5748	0.9056	3307	57.5331	1076	18.7196	3026	52.6444	1508	26.2352	263935	87.8319	315377	79.6805	0.9503
stools_12068150	stools_12080101	na	NZ_LR882493.1	4841444	626066	12.9314	622030	99.3553	618276	99.3965	4036	0.6447	622287	99.3964	10414	1.6634	6635	63.7123	2685	25.7826	4711	45.2372	2359	22.6522	163435	83.3347	236087	85.6718	0.9714
stools_12068150	stools_12087501	na	NZ_LR882493.1	4841444	184643	3.8138	182818	99.0116	177768	97.2377	1825	0.9884	179528	97.2298	7423	4.0202	2308	31.0926	574	7.7327	2548	34.3257	4109	55.3550	163435	63.3194	172664	63.9050	0.9722
stools_12068150	stools_12096150	na	NZ_LR882493.1	4841444	85252	1.7609	84841	99.5179	84093	99.1184	411	0.4821	84499	99.1167	1469	1.7231	716	48.7406	313	21.3070	698	47.5153	410	27.9101	163435	51.6731	464029	36.1497	0.9125
stools_12068150	stools_12111102	na	NZ_LR882493.1	4841444	638671	13.1917	634164	99.2943	628186	99.0573	4507	0.7057	632659	99.0587	12034	1.8842	6022	50.0415	1676	13.9272	6751	56.0994	2946	24.4806	163435	75.4483	183189	73.9995	0.9741
stools_12069101	stools_12070101	na	NZ_CP023386.1	4900891	3982348	81.2576	3974911	99.8133	3973082	99.9540	7437	0.1867	3980490	99.9533	11700	0.2938	9842	84.1197	2561	21.8889	5206	44.4957	3573	30.5385	197655	75.2159	165445	89.2841	0.9753
stools_12069101	stools_12090101	na	NZ_LR134080.1	5030213	1018602	20.2497	1015099	99.6561	1008641	99.3638	3503	0.3439	1012122	99.3638	10560	1.0367	4080	38.6364	663	6.2784	7617	72.1307	2096	19.8485	111511	82.9156	180905	53.5082	0.9742
stools_12069101	stools_12101101	na	NZ_CP023386.1	4900891	4107728	83.8159	4067874	99.0298	4059793	99.8013	39854	0.9702	4099551	99.8009	48937	1.1913	40760	83.2908	1147	2.3438	7319	14.9560	40187	82.1199	197655	71.0035	208557	86.3054	0.9717
stools_12070101	stools_12070150	na	NZ_CP049852.1	4993321	2071104	41.4775	2065248	99.7173	2063652	99.9227	5856	0.2827	2069501	99.9226	7548	0.3644	5945	78.7626	217	2.8749	3495	46.3037	3761	49.8278	8920	0.0000	0	0.0000	0.9982
stools_12070101	stools_12070501	na	NZ_CP049852.1	4993321	2375070	47.5649	2368775	99.7350	2367414	99.9425	6295	0.2650	2373704	99.9425	7772	0.3272	6406	82.4241	239	3.0751	3942	50.7205	3538	45.5224	8920	0.0000	0	0.0000	0.9982
stools_12070101	stools_12081101	na	NZ_CP042903.1	5016408	1313624	26.1865	1312139	99.8870	1309829	99.8240	1485	0.1130	1311299	99.8230	4080	0.3106	1755	43.0147	300	7.3529	964	23.6275	2622	64.2647	61000	100.0000	400008	17.1119	0.9296
stools_12070101	stools_12092150	na	NZ_CP049852.1	4993321	2206981	44.1987	2193458	99.3873	2188058	99.7538	13523	0.6127	2201553	99.7541	18959	0.8590	13531	71.3698	183	0.9652	3247	17.1264	15424	81.3545	8920	100.0000	40052	75.0574	0.9938
stools_12070101	stools_12101101	na	NZ_CP023386.1	4900891	3921516	80.0164	3887228	99.1256	3879600	99.8038	34288	0.8744	3913808	99.8034	42645	1.0875	34937	81.9252	791	1.8548	5329	12.4962	36378	85.3043	165445	52.3558	208557	70.2647	0.9569
stools_12070101	stools_12117150	na	NZ_CP039403.1	4702395	1484148	31.5615	1480954	99.7848	1468682	99.1713	3194	0.2152	1471837	99.1705	15697	1.0576	3386	21.5710	253	1.6118	1993	12.6967	13008	82.8693	23689	100.0000	201591	9.1234	0.9596
stools_12070150	stools_12070501	na	NZ_CP069882.1	5176465	3106743	60.0167	3100332	99.7936	3099531	99.9742	6411	0.2064	3105942	99.9742	8725	0.2808	7924	90.8195	1745	20.0000	3628	41.5817	3183	36.4814	126262	88.1770	119916	100.0000	0.9909
stools_12070150	stools_12070501	na	NZ_CP048337.1	5073188	634143	12.4999	632255	99.7023	630909	99.7871	1888	0.2977	632795	99.7874	3951	0.6230	2603	65.8821	843	21.3364	1320	33.4093	1134	28.7016	52864	84.8328	45389	100.0000	0.9965
stools_12070150	stools_12070501	na	NZ_CP049852.1	4993321	2025932	40.5728	2021381	99.7754	2020044	99.9339	4551	0.2246	2024593	99.9339	6175	0.3048	4836	78.3158	786	12.7287	2674	43.3036	2207	35.7409	0	0.0000	0	0.0000	1.0000
stools_12070150	stools_12070501	na	NZ_CP019560.1	4707009	2074444	44.0714	2068574	99.7170	2066741	99.9114	5870	0.2830	2072609	99.9115	8073	0.3892	6238	77.2699	833	10.3183	3244	40.1833	3581	44.3577	10780	47.6809	16512	37.5363	0.9964
stools_12070150	stools_12092150	na	NZ_CP049852.1	4993321	1882693	37.7042	1870970	99.3773	1865809	99.7242	11723	0.6227	1877507	99.7245	16960	0.9008	11774	69.4222	280	1.6509	2973	17.5295	13571	80.0177	0	0.0000	40052	0.0000	0.9920
stools_12070501	stools_12092150	na	NZ_CP049852.1	4993321	2147616	43.0098	2134889	99.4074	2129612	99.7528	12727	0.5926	2142313	99.7531	18079	0.8418	12776	70.6676	307	1.6981	2732	15.1115	14857	82.1782	0	0.0000	40052	0.0000	0.9920
stools_12072101	stools_12084101	na	CP103739.1	4852013	535555	11.0378	529270	98.8265	526008	99.3837	6285	1.1735	532244	99.3818	9999	1.8670	6688	66.8867	788	7.8808	3691	36.9137	4951	49.5150	71622	44.0800	39138	63.0410	0.9870
stools_12072101	stools_12084101	na	NZ_LR134231.1	4594692	964635	20.9946	956370	99.1432	954514	99.8059	8265	0.8568	962757	99.8053	10316	1.0694	8438	81.7953	377	3.6545	4119	39.9283	5676	55.0213	30305	100.0000	45884	66.8381	0.9959
stools_12072101	stools_12084102	na	NZ_LR134231.1	4594692	943778	20.5406	939264	99.5217	936643	99.7210	4514	0.4783	941144	99.7209	7352	0.7790	4718	64.1730	291	3.9581	3885	52.8428	3016	41.0229	30305	100.0000	44020	72.6465	0.9968
stools_12072101	stools_12098150	na	NZ_LR134231.1	4594692	218727	4.7604	217552	99.4628	216786	99.6479	1175	0.5372	217958	99.6484	2023	0.9249	1254	61.9871	109	5.3880	1113	55.0173	758	37.4691	30305	100.0000	97381	33.0588	0.9853
stools_12072101	stools_12100501	na	NZ_CP028761.1	4630346	3228882	69.7331	3207224	99.3292	3203508	99.8841	21658	0.6708	3225139	99.8841	41449	1.2837	37706	90.9696	16450	39.6873	16030	38.6740	5862	14.1427	34535	79.8900	67017	58.5687	0.9881
stools_12073101	stools_12073150	na	NZ_CP046259.1	4884967	3478226	71.2027	3459679	99.4668	3455588	99.8818	18547	0.5332	3474124	99.8821	27139	0.7803	23037	84.8852	4682	17.2519	607	2.2366	21229	78.2232	152677	89.2348	141328	96.3701	0.9935
stools_12074150	stools_12082101	na	NZ_CP022686.1	5055316	3398394	67.2242	3392942	99.8396	3391457	99.9562	5452	0.1604	3396901	99.9561	7183	0.2114	5690	79.2148	348	4.8448	3487	48.5452	3215	44.7585	115574	67.8016	80717	77.1671	0.9830
stools_12074150	stools_12084102	na	NZ_CP022686.1	5055316	3152583	62.3617	3148610	99.8740	3146476	99.9322	3973	0.1260	3150442	99.9321	6280	0.1992	4139	65.9076	248	3.9490	3279	52.2134	2617	41.6720	115574	37.2809	49162	48.0168	0.9766
stools_12074150	stools_12088150	na	NZ_CP069459.1	5048777	775638	15.3629	773875	99.7727	772882	99.8717	1763	0.2273	774638	99.8711	2772	0.3574	1772	63.9250	56	2.0202	1758	63.4199	888	32.0346	11083	0.0000	22663	0.0000	0.9933
stools_12074150	stools_12088501	na	NZ_CP069459.1	5048777	341128	6.7566	339866	99.6301	337925	99.4289	1262	0.3699	339178	99.4284	3254	0.9539	1304	40.0738	69	2.1205	649	19.9447	2486	76.3983	11083	0.0000	14989	0.0000	0.9970
stools_12074501	stools_12080101	na	NZ_CP010238.1	4797106	1198178	24.9771	1193241	99.5880	1188730	99.6220	4937	0.4120	1193642	99.6214	9847	0.8218	5311	53.9352	500	5.0777	2484	25.2260	6624	67.2692	16381	0.0000	53350	0.0000	0.9855
stools_12075101	stools_12087150	na	NZ_CP053284.1	5244439	656737	12.5225	655610	99.8284	651940	99.4402	1127	0.1716	653064	99.4407	4987	0.7594	1314	26.3485	203	4.0706	1055	21.1550	3626	72.7090	329441	33.9836	232762	86.8797	0.9428
stools_12075101	stools_12096150	na	NZ_CP053284.1	5244439	1572447	29.9831	1569630	99.8209	1566551	99.8038	2817	0.1791	1569355	99.8034	6375	0.4054	3283	51.4980	519	8.1412	3024	47.4353	2679	42.0235	329441	63.9240	300171	78.3803	0.9574
stools_12075101	stools_12100501	na	NZ_CP053284.1	5244439	1259383	24.0137	1254796	99.6358	1249558	99.5826	4587	0.3642	1254120	99.5821	10329	0.8202	5066	49.0464	579	5.6056	3098	29.9932	6402	61.9808	329441	47.1814	144374	81.4177	0.9504
stools_12075101	stools_12111150	na	NZ_CP053284.1	5244439	711070	13.5586	708088	99.5806	694364	98.0618	2982	0.4194	697275	98.0600	17040	2.3964	3245	19.0434	341	2.0012	955	5.6045	15652	91.8545	329441	47.8687	271879	71.3424	0.9420
stools_12077101	stools_12092501	na	NZ_OW967795.1	4742462	648857	13.6819	646123	99.5786	636758	98.5506	2734	0.4214	639455	98.5510	13230	2.0390	3828	28.9342	1147	8.6697	8646	65.3515	3319	25.0869	216875	58.9353	128677	64.4715	0.9586
stools_12078101	stools_12116150	na	NZ_CP047277.1	4774769	795179	16.6538	794139	99.8692	792205	99.7565	1040	0.1308	793240	99.7562	3240	0.4075	1301	40.1543	266	8.2099	2486	76.7284	485	14.9691	137285	75.5858	157545	74.1103	0.9755
stools_12078101	stools_12120501	na	NZ_CP047277.1	4774769	157782	3.3045	157468	99.8010	156568	99.4285	314	0.1990	156879	99.4277	1312	0.8315	409	31.1738	101	7.6982	940	71.6463	256	19.5122	137285	68.8444	166919	71.7809	0.9709
stools_12078150	stools_12090101	na	NZ_CP011134.1	5000386	2407650	48.1493	2403135	99.8125	2401546	99.9339	4515	0.1875	2406059	99.9339	7284	0.3025	5693	78.1576	1312	18.0121	1741	23.9017	3900	53.5420	120648	91.5274	122213	92.8125	0.9916
stools_12079101	stools_12116150	na	NZ_CP027126.1	4877957	651710	13.3603	650196	99.7677	649549	99.9005	1514	0.2323	651059	99.9001	2299	0.3528	1648	71.6833	144	6.2636	1603	69.7260	512	22.2706	78126	90.5832	153421	80.6135	0.9800
stools_12080101	stools_12087501	na	NZ_LR882493.1	4841444	83100	1.7164	82534	99.3189	80148	97.1091	566	0.6811	80698	97.1095	3160	3.8026	758	23.9873	210	6.6456	821	25.9810	2136	67.5949	236087	83.0465	172664	73.8967	0.9644
stools_12080101	stools_12096150	na	NZ_LR882493.1	4841444	39580	0.8175	39469	99.7196	39052	98.9435	111	0.2804	39162	98.9439	680	1.7180	262	38.5294	154	22.6471	299	43.9706	212	31.1765	236087	68.7721	464029	43.5714	0.9203
stools_12080101	stools_12111102	na	NZ_LR882493.1	4841444	277715	5.7362	276429	99.5369	273748	99.0301	1286	0.4631	275024	99.0310	4573	1.6467	1882	41.1546	634	13.8640	2147	46.9495	1538	33.6322	236087	83.2774	183189	83.3658	0.9694
stools_12082101	stools_12084102	na	NZ_CP022686.1	5055316	4112435	81.3487	4105397	99.8289	4104042	99.9670	7038	0.1711	4111063	99.9666	8855	0.2153	7483	84.5059	772	8.7182	4338	48.9893	3556	40.1581	80717	71.4583	49162	62.9165	0.9864
stools_12082101	stools_12117150	na	NZ_AP022811.1	5283470	1638925	31.0199	1633661	99.6788	1625251	99.4852	5264	0.3212	1630474	99.4844	14113	0.8611	5662	40.1190	549	3.8900	3726	26.4012	9384	66.4919	116116	54.1398	178795	49.9527	0.9671
stools_12083101	stools_12083150	na	NZ_CP045206.1	4944436	454157	9.1852	453163	99.7811	450807	99.4801	994	0.2189	451799	99.4808	3827	0.8427	1469	38.3852	486	12.6992	1773	46.3287	1465	38.2806	113879	91.8115	124233	88.0394	0.9898
stools_12084101	stools_12084102	na	NZ_CP047710.1	4771912	1259952	26.4035	1251143	99.3008	1250834	99.9753	8809	0.6992	1259641	99.9753	9148	0.7261	8837	96.6003	919	10.0459	3311	36.1937	4853	53.0498	0	0.0000	0	0.0000	1.0000
stools_12084101	stools_12084102	na	NZ_LR134231.1	4594692	1768209	38.4837	1759360	99.4996	1757862	99.9149	8849	0.5004	1766706	99.9150	11717	0.6626	10214	87.1725	1796	15.3282	6783	57.8902	2287	19.5186	45884	84.4826	44020	100.0000	0.9968
stools_12084101	stools_12098150	na	NZ_LR134231.1	4594692	312189	6.7946	310191	99.3600	308530	99.4645	1998	0.6400	310523	99.4663	3869	1.2393	2203	56.9398	247	6.3841	2270	58.6715	1246	32.2047	45884	82.3555	97381	45.3107	0.9843
stools_12084102	stools_12098150	na	NZ_LR134231.1	4594692	438144	9.5359	436729	99.6770	434202	99.4214	1415	0.3230	435611	99.4219	4267	0.9739	1734	40.6375	336	7.8744	2228	52.2147	1657	38.8329	44020	72.6465	97381	33.0588	0.9826
stools_12085150	stools_12088501	na	NZ_CP022279.1	4907118	3636048	74.0974	3628656	99.7967	3627220	99.9604	7392	0.2033	3634606	99.9603	16956	0.4663	15514	91.4956	8206	48.3958	3425	20.1993	4977	29.3524	384148	79.0547	301726	80.2317	0.9472
stools_12085150	stools_12091501	na	NZ_CP060061.1	5326222	267936	5.0305	267602	99.8753	266311	99.5176	334	0.1247	266642	99.5170	1737	0.6483	443	25.5037	112	6.4479	1327	76.3961	274	15.7743	171767	40.1928	178561	48.8556	0.9690
stools_12085150	stools_12092501	na	NZ_CP060061.1	5326222	1670883	31.3709	1661018	99.4096	1654530	99.6094	9865	0.5904	1664346	99.6088	16856	1.0088	10319	61.2186	673	3.9926	7603	45.1056	7688	45.6099	171767	19.6266	121038	58.6543	0.9592
stools_12085150	stools_12093101_SM-NA1P5	na	NZ_CP060061.1	5326222	722064	13.5568	720069	99.7237	715829	99.4112	1995	0.2763	717806	99.4103	6504	0.9008	2246	34.5326	291	4.4742	3668	56.3961	2492	38.3149	171767	33.6625	219682	42.4454	0.9457
stools_12085150	stools_12093101_SM-NAWYG	na	NZ_CP060061.1	5326222	1577951	29.6261	1572365	99.6460	1565471	99.5616	5586	0.3540	1571025	99.5611	12937	0.8199	6011	46.4636	512	3.9576	7910	61.1425	4327	33.4467	171767	28.9607	211724	40.0998	0.9466
stools_12085150	stools_12095150	na	NZ_CP060061.1	5326222	480344	9.0185	479403	99.8041	476570	99.4091	941	0.1959	477508	99.4096	3956	0.8236	1120	28.3114	187	4.7270	2115	53.4631	1610	40.6977	171767	52.7255	332444	39.6229	0.9331
stools_12085150	stools_12098150	na	NZ_CP060061.1	5326222	132448	2.4867	131953	99.6263	129975	98.5010	495	0.3737	130466	98.5036	2918	2.2031	936	32.0768	468	16.0384	1239	42.4606	1174	40.2330	171767	64.5747	380685	47.3712	0.9377
stools_12085150	stools_12116501	na	NZ_CP022279.1	4907118	957349	19.5094	956076	99.8670	953943	99.7769	1273	0.1330	955214	99.7770	5037	0.5261	2902	57.6137	1631	32.3804	1262	25.0546	2090	41.4930	384148	80.0478	315377	74.2442	0.9320
stools_12086502	stools_12093101_SM-NA1P5	na	NZ_CP054227.1	4796742	2258254	47.0789	2232992	98.8813	2216975	99.2827	25262	1.1187	2242058	99.2828	41475	1.8366	25279	60.9500	754	1.8180	36808	88.7474	3709	8.9427	96898	45.5644	103682	69.6601	0.9762
stools_12086502	stools_12093101_SM-NAWYG	na	NZ_CP054227.1	4796742	2388189	49.7877	2360787	98.8526	2344256	99.2998	27402	1.1474	2371445	99.2989	44138	1.8482	27394	62.0644	908	2.0572	37849	85.7515	4874	11.0426	96898	45.5644	92911	61.3684	0.9772
stools_12087150	stools_12096150	na	NZ_CP053284.1	5244439	292427	5.5759	292035	99.8659	290362	99.4271	392	0.1341	290754	99.4279	2196	0.7510	523	23.8160	133	6.0565	1608	73.2240	436	19.8543	232762	80.4341	300171	49.4605	0.9488
stools_12087150	stools_12100501	na	NZ_CP053284.1	5244439	229860	4.3829	229194	99.7103	227593	99.3015	666	0.2897	228251	99.3000	2435	1.0593	826	33.9220	180	7.3922	1284	52.7310	918	37.7002	232762	74.8915	144374	69.4737	0.9583
stools_12087150	stools_12111150	na	NZ_CP053284.1	5244439	136725	2.6070	136162	99.5882	132819	97.5448	563	0.4118	133364	97.5418	4084	2.9870	723	17.7032	179	4.3830	599	14.6670	3307	80.9745	232762	70.3113	271879	47.0334	0.9474
stools_12087501	stools_12096150	na	NZ_LR882493.1	4841444	13369	0.2761	13304	99.5138	12894	96.9182	65	0.4862	12954	96.8958	541	4.0467	126	23.2902	66	12.1996	346	63.9556	128	23.6599	172664	64.9921	464029	42.5491	0.9091
stools_12087501	stools_12111102	na	NZ_LR882493.1	4841444	94361	1.9490	93734	99.3355	91152	97.2454	627	0.6645	91749	97.2319	3422	3.6265	810	23.6704	218	6.3705	2459	71.8586	722	21.0988	172664	73.7959	183189	70.6942	0.9778
stools_12087501	stools_12120501	na	NZ_CP058571.1	5146040	216667	4.2104	214758	99.1189	212929	99.1483	1909	0.8811	214819	99.1471	3993	1.8429	2145	53.7190	314	7.8638	2065	51.7155	1457	36.4889	117732	84.2269	264588	40.1987	0.9628
stools_12088150	stools_12088501	na	NZ_CP069459.1	5048777	1468748	29.0912	1464485	99.7098	1458111	99.5648	4263	0.2902	1462342	99.5638	10695	0.7282	4289	40.1029	94	0.8789	1256	11.7438	9253	86.5171	22663	66.7299	14989	59.8839	0.9961
stools_12088501	stools_12116501	na	NZ_CP022279.1	4907118	988788	20.1501	987054	99.8246	984871	99.7788	1734	0.1754	986598	99.7785	5664	0.5728	3474	61.3347	1764	31.1441	1688	29.8023	2114	37.3234	301726	86.4178	315377	83.9674	0.9471
stools_12089102	stools_12089150	na	NZ_CP054282.1	4702170	1023512	21.7668	1020553	99.7109	1018705	99.8189	2959	0.2891	1021662	99.8192	7723	0.7546	5873	76.0456	2923	37.8480	2202	28.5122	2555	33.0830	155681	100.0000	178686	83.9439	0.9956
stools_12089102	stools_12116501	na	NZ_CP054282.1	4702170	220555	4.6905	220277	99.8740	218858	99.3558	278	0.1260	219134	99.3557	2004	0.9086	583	29.0918	307	15.3194	700	34.9301	1002	50.0000	155681	69.8929	143295	72.5545	0.9803
stools_12089150	stools_12116501	na	NZ_CP054282.1	4702170	668636	14.2197	666676	99.7069	663241	99.4848	1960	0.2931	665194	99.4852	6405	0.9579	2963	46.2607	1012	15.8002	2466	38.5012	2887	45.0742	178686	59.9633	143295	72.5545	0.9824
stools_12091501	stools_12092501	na	NZ_CP060061.1	5326222	667914	12.5401	664574	99.4999	663735	99.8738	3340	0.5001	667067	99.8732	4345	0.6505	3498	80.5063	176	4.0506	705	16.2255	3356	77.2382	178561	46.3074	121038	73.6141	0.9702
stools_12091501	stools_12093101_SM-NA1P5	na	NZ_CP060061.1	5326222	288523	5.4170	287948	99.8007	287143	99.7204	575	0.1993	287714	99.7196	1488	0.5157	679	45.6317	108	7.2581	323	21.7070	1039	69.8253	178561	79.2911	219682	52.2137	0.9659
stools_12091501	stools_12093101_SM-NAWYG	na	NZ_CP060061.1	5326222	632540	11.8760	630860	99.7344	630117	99.8822	1680	0.2656	631793	99.8819	2596	0.4104	1849	71.2250	179	6.8952	628	24.1911	1729	66.6025	178561	79.2911	211724	52.0111	0.9669
stools_12091501	stools_12095150	na	NZ_CP060061.1	5326222	196259	3.6848	195995	99.8655	195303	99.6469	264	0.1345	195565	99.6464	1057	0.5386	363	34.3425	102	9.6500	206	19.4891	742	70.1987	178561	79.2911	332444	44.5119	0.9618
stools_12091501	stools_12098150	na	NZ_CP060061.1	5326222	40765	0.7654	40664	99.7522	40110	98.6376	101	0.2478	40211	98.6410	750	1.8398	196	26.1333	97	12.9333	125	16.6667	505	67.3333	178561	54.4761	380685	21.8861	0.9391
stools_12092501	stools_12093101_SM-NA1P5	na	NZ_CP060061.1	5326222	1862030	34.9597	1849945	99.3510	1846308	99.8034	12085	0.6490	1858360	99.8029	16289	0.8748	12619	77.4695	836	5.1323	9203	56.4983	5725	35.1464	121038	86.9876	219682	51.7307	0.9697
stools_12092501	stools_12093101_SM-NAWYG	na	NZ_CP060061.1	5326222	4152002	77.9540	4123948	99.3243	4121830	99.9486	28054	0.6757	4149868	99.9486	31459	0.7577	29325	93.2166	2197	6.9837	19061	60.5900	9688	30.7956	121038	86.9876	211724	48.5084	0.9716
stools_12092501	stools_12095150	na	NZ_CP060061.1	5326222	1234532	23.1784	1227258	99.4108	1224261	99.7558	7274	0.5892	1231517	99.7558	10860	0.8797	7845	72.2376	697	6.4180	5656	52.0810	3907	35.9761	121038	95.7038	332444	44.8030	0.9558
stools_12092501	stools_12098150	na	NZ_CP060061.1	5326222	317689	5.9646	314623	99.0349	311348	98.9591	3066	0.9651	314378	98.9578	6684	2.1039	3373	50.4638	513	7.6750	2522	37.7319	3201	47.8905	121038	85.9152	380685	31.3540	0.9392
stools_12093101_SM-NA1P5	stools_12093101_SM-NAWYG	na	NZ_CP060061.1	5326222	1796428	33.7280	1788925	99.5823	1786223	99.8490	7503	0.4177	1793700	99.8481	11384	0.6337	8656	76.0365	1659	14.5731	4732	41.5671	4390	38.5629	219682	87.4246	211724	93.9908	0.9851
stools_12093101_SM-NA1P5	stools_12093101_SM-NAWYG	na	NZ_CP054227.1	4796742	3586852	74.7768	3573849	99.6375	3572775	99.9699	13003	0.3625	3585776	99.9700	14845	0.4139	13769	92.7518	1467	9.8821	5711	38.4709	7584	51.0879	103682	100.0000	92911	100.0000	0.9974
stools_12093101_SM-NA1P5	stools_12095150	na	NZ_CP060061.1	5326222	549721	10.3210	548182	99.7200	545452	99.5020	1539	0.2800	546978	99.5010	4537	0.8253	1794	39.5415	301	6.6343	2089	46.0436	2077	45.7791	219682	94.1952	332444	75.5854	0.9694
stools_12093101_SM-NA1P5	stools_12098150	na	NZ_CP060061.1	5326222	128026	2.4037	127432	99.5360	125866	98.7711	594	0.4640	126459	98.7760	2461	1.9223	894	36.3267	327	13.2873	568	23.0800	1473	59.8537	219682	71.6877	380685	43.0414	0.9343
stools_12093101_SM-NAWYG	stools_12095150	na	NZ_CP060061.1	5326222	1166368	21.8986	1162210	99.6435	1158846	99.7106	4158	0.3565	1162992	99.7106	7995	0.6855	4619	57.7736	512	6.4040	3234	40.4503	4075	50.9694	211724	100.0000	332444	80.8572	0.9690
stools_12093101_SM-NAWYG	stools_12098150	na	NZ_CP060061.1	5326222	278153	5.2223	276829	99.5240	273738	98.8834	1324	0.4760	275052	98.8851	4817	1.7318	1716	35.6238	470	9.7571	1187	24.6419	2979	61.8435	211724	78.3081	380685	40.3457	0.9364
stools_12093150	stools_12098101	na	NZ_CP070157.1	5082423	1112559	21.8903	1106466	99.4523	1101634	99.5633	6093	0.5477	1107694	99.5627	11322	1.0177	6457	57.0306	477	4.2130	6731	59.4506	3985	35.1970	86481	37.0185	116796	26.8639	0.9721
stools_12095150	stools_12098150	na	NZ_CP060061.1	5326222	88419	1.6601	88075	99.6109	86909	98.6761	344	0.3891	87251	98.6790	1731	1.9577	563	32.5246	223	12.8827	406	23.4547	1051	60.7163	332444	69.2402	380685	58.2555	0.9286
stools_12096150	stools_12100501	na	NZ_CP053284.1	5244439	609956	11.6305	607861	99.6565	605566	99.6224	2095	0.3435	607650	99.6219	4660	0.7640	2354	50.5150	304	6.5236	1276	27.3820	2933	62.9399	300171	60.3946	144374	91.8988	0.9608
stools_12096150	stools_12111102	na	NZ_LR882493.1	4841444	45352	0.9367	45227	99.7244	44702	98.8392	125	0.2756	44826	98.8402	762	1.6802	236	30.9711	112	14.6982	338	44.3570	297	38.9764	464029	39.7133	183189	63.6659	0.9052
stools_12096150	stools_12111150	na	NZ_CP053284.1	5244439	304325	5.8028	303139	99.6103	297194	98.0389	1186	0.3897	298361	98.0403	7254	2.3836	1290	17.7833	123	1.6956	401	5.5280	6714	92.5558	300171	63.8819	271879	70.4905	0.9504
stools_12099101	stools_12099150	na	CP103704.1	4796534	896420	18.6889	885429	98.7739	882489	99.6680	10991	1.2261	893423	99.6657	14804	1.6515	11807	79.7555	1677	11.3280	5739	38.7665	6685	45.1567	85104	48.5653	51492	56.6787	0.9835
stools_12099101	stools_12099150	na	NZ_LS483297.1	4705041	2179138	46.3150	2168787	99.5250	2167329	99.9328	10351	0.4750	2177678	99.9330	13994	0.6422	12534	89.5670	2600	18.5794	8950	63.9560	1955	13.9703	92669	73.5942	46063	100.0000	0.9892
stools_12099101	stools_12099150	na	NZ_CP057657.1	4584354	2680847	58.4782	2671868	99.6651	2670364	99.9437	8979	0.3349	2679319	99.9430	14332	0.5346	12804	89.3385	4476	31.2308	6469	45.1368	3045	21.2462	192227	94.1855	146918	100.0000	0.9835
stools_12099101	stools_12099501	na	NZ_LS483297.1	4705041	1818317	38.6461	1793354	98.6271	1782366	99.3873	24963	1.3729	1807218	99.3896	36870	2.0277	25771	69.8969	2169	5.8828	6004	16.2842	27692	75.1071	92669	90.0787	104245	81.8428	0.9862
stools_12099101	stools_12100101	na	NZ_LS483297.1	4705041	259312	5.5114	258107	99.5353	256772	99.4828	1205	0.4647	257962	99.4794	2605	1.0046	1255	48.1766	70	2.6871	1225	47.0250	1227	47.1017	92669	56.6684	163174	64.7284	0.9709
stools_12099150	stools_12099501	na	NZ_LS483297.1	4705041	1984748	42.1834	1963913	98.9502	1951513	99.3686	20835	1.0498	1972271	99.3714	34505	1.7385	22028	63.8400	1639	4.7500	2194	6.3585	30260	87.6974	46063	89.1149	104245	46.0799	0.9865
stools_12099150	stools_12100101	na	NZ_LS483297.1	4705041	281023	5.9728	280556	99.8338	279188	99.5124	467	0.1662	279647	99.5104	1934	0.6882	558	28.8521	111	5.7394	509	26.3185	1277	66.0290	46063	72.8850	163174	53.2046	0.9653
stools_12099501	stools_12100101	na	NZ_LS483297.1	4705041	304367	6.4690	300998	98.8931	298284	99.0983	3369	1.1069	301621	99.0978	6289	2.0663	3543	56.3365	248	3.9434	4581	72.8415	1255	19.9555	104245	60.5631	163174	64.7284	0.9747
stools_12100501	stools_12111150	na	NZ_CP053284.1	5244439	237195	4.5228	236024	99.5063	231682	98.1604	1171	0.4937	232827	98.1585	5669	2.3900	1301	22.9494	163	2.8753	877	15.4701	4577	80.7373	144374	80.2118	271879	58.0935	0.9609
stools_12103101	stools_12103150	na	NZ_CP060073.1	4672168	2617988	56.0337	2602696	99.4159	2600394	99.9116	15292	0.5841	2615674	99.9116	18160	0.6937	15846	87.2577	732	4.0308	4909	27.0319	12378	68.1608	65165	64.9459	25566	100.0000	0.9915
stools_12116150	stools_12120501	na	NZ_CP047277.1	4774769	88465	1.8528	88413	99.9412	88303	99.8756	52	0.0588	88355	99.8757	255	0.2882	145	56.8627	93	36.4706	60	23.5294	96	37.6471	157545	69.1828	166919	71.7809	0.9737
