ESC1232905001S1K	0	Bact_caccae_CL03T12C61.fa.gz	53897	53741	60831	0.475	4.089	1.913	0.307	0.557	0.935	0.391	0.120	0.042	0.045
ESC1358302001S1K	0	Bact_ovatus_V975.fa.gz	63623	63526	81902	0.439	2.478	1.071	0.251	0.668	0.976	0.496	0.125	0.048	0.049
ESO1212703120S1K	0	Bact_uniformis_CL06T06C18.fa.gz	47840	47177	299062	0.812	49.720	39.980	0.440	0.812	0.812	2.343	2.413	0.191	0.236
ESO1212703120S1K	1	Bact_sp._PHL_2737.fa.gz	54199	52653	260737	0.808	15.045	11.947	0.264	0.808	0.966	0.576	0.810	0.134	0.139
ESO1212703120S1K	2	Bact_caccae_BFG-100.fa.gz	49508	48118	218195	0.843	9.688	8.069	0.220	0.843	0.988	0.905	0.497	0.130	0.132
ESO1212703120S1K	3	Bact_thetaiotaomicron_VPI_5482.fa.gz	61819	59425	177654	0.648	4.469	2.863	0.124	0.688	1.020	0.140	0.218	0.037	0.038
ESO1212703120S1K	4	Bact_nordii_FDAARGOS_1461.fa.gz	55722	54206	139123	0.642	5.179	3.280	0.148	0.667	0.970	0.199	0.228	0.041	0.042
ESO1212703120S1K	5	Bact_intestinalis_APC919_174.fa.gz	56963	56010	104349	0.596	4.242	2.504	0.136	0.649	0.969	0.270	0.179	0.033	0.034
ESO1212703120S1K	6	Bact_uniformis_NBRC_113350.fa.gz	46678	11940	70965	0.491	36.806	17.650	0.240	0.491	0.770	1.051	0.273	0.022	0.028
ESO1212704120S1K	0	Bact_uniformis_CL06T06C18.fa.gz	47840	47653	233192	0.619	53.172	32.247	0.388	0.619	0.983	1.792	1.256	0.091	0.092
ESO1212704120S1K	1	Bact_fragilis_BE1.fa.gz	51373	50746	203686	0.814	15.185	12.261	0.253	0.814	0.955	0.670	0.502	0.130	0.136
ESO1212704120S1K	2	Bact_thetaiotaomicron_CL15T12C11.fa.gz	67497	65911	162403	0.691	10.015	6.841	0.247	0.692	0.943	0.266	0.365	0.077	0.082
ESO1212704120S1K	3	Bact_xylanisolvens_CL11T00C03.fa.gz	61640	57695	116863	0.605	5.994	3.478	0.150	0.624	0.951	0.509	0.167	0.034	0.035
ESO1213404320S1K	0	Bact_uniformis_CL11T00C07.fa.gz	50614	50216	331320	0.779	58.621	44.645	0.313	0.779	0.921	7.635	4.627	0.136	0.148
ESO1213404320S1K	1	Bact_thetaiotaomicron_CL15T12C11.fa.gz	67497	66928	292190	0.781	25.533	19.747	0.265	0.781	0.899	2.097	2.693	0.114	0.126
ESO1213404320S1K	2	Bact_caccae_BFG-100.fa.gz	49508	47034	239889	0.849	15.551	13.069	0.168	0.849	0.903	0.901	1.252	0.093	0.103
ESO1213404320S1K	3	Bact_fragilis_CCUG4856T.fa.gz	51592	50509	199959	0.848	10.437	8.796	0.145	0.848	0.949	1.081	0.902	0.084	0.088
ESO1213404320S1K	4	Bact_cellulosilyticus_CL06T03C01.fa.gz	70714	67488	157123	0.670	19.403	12.852	0.333	0.670	0.980	3.081	1.770	0.098	0.100
ESO1228703120S1K	0	Bact_fragilis_DCMOUH0017B.fa.gz	53308	52742	302730	0.788	20.312	15.846	0.408	0.788	0.957	0.618	0.761	0.191	0.199
ESO1228703120S1K	1	Bact_ovatus_BFG-107.fa.gz	65808	64962	261192	0.743	6.577	4.756	0.260	0.749	0.859	0.304	0.286	0.093	0.108
ESO1228703120S1K	2	Bact_uniformis_CL06T06C18.fa.gz	47840	46547	212924	0.680	6.095	4.064	0.213	0.692	0.935	0.750	0.174	0.065	0.069
ESO1228703120S1K	3	Bact_thetaiotaomicron_CL11T00C24.fa.gz	65660	61178	181286	0.599	3.161	1.861	0.163	0.710	0.930	0.193	0.105	0.046	0.049
ESO1232711120S1K	0	Bact_uniformis_CL06T06C18.fa.gz	47840	47390	149253	0.587	6.977	4.004	0.309	0.597	0.940	0.475	0.222	0.061	0.065
ESO1232711120S1K	1	Bact_fragilis_DCMOUH0042B.fa.gz	50470	50058	121457	0.473	3.043	1.417	0.167	0.625	0.973	0.241	0.082	0.030	0.031
ESO1232906120S1K	0	Bact_uniformis_CL06T06C18.fa.gz	47840	47535	118373	0.611	5.466	3.270	0.322	0.636	0.932	0.665	0.293	0.074	0.080
ESO1232906120S1K	1	Bact_eggerthii_CL11T00C20.fa.gz	48513	45339	89308	0.557	4.421	2.396	0.334	0.613	0.938	0.154	0.206	0.066	0.070
ESO1232906120S1K	2	Bact_ovatus_V975.fa.gz	63623	62867	64036	0.371	2.436	0.889	0.255	0.630	0.988	0.092	0.105	0.037	0.037
ESO1233804120S1K	0	Bact_uniformis_NBRC_113350.fa.gz	46678	46587	262673	0.708	441.093	309.324	0.374	0.708	0.968	10.803	11.935	0.128	0.133
ESO1233804120S1K	1	Bact_ovatus_BFG-107.fa.gz	65808	64695	229712	0.648	170.023	107.165	0.293	0.648	0.967	9.566	5.855	0.077	0.080
ESO1233804120S1K	2	Bact_fragilis_DCMOUH0017B.fa.gz	53308	52407	187762	0.791	88.352	68.535	0.213	0.791	0.963	6.254	3.006	0.102	0.106
ESO1233804120S1K	3	Bact_thetaiotaomicron_VPI_5482.fa.gz	61819	59284	146314	0.656	82.265	53.285	0.237	0.656	0.991	3.017	2.625	0.066	0.067
ESO1233804120S1K	4	Bact_caccae_BFG-100.fa.gz	49508	46432	107450	0.858	27.331	23.238	0.106	0.858	0.985	2.247	0.894	0.066	0.067
ESO1233807120S1K	0	Bact_fragilis_86-5443-2-2.fa.gz	52167	52123	178416	0.808	32.359	25.500	0.331	0.808	0.947	0.847	1.361	0.166	0.175
ESO1233807120S1K	1	Bact_ovatus_V975.fa.gz	63623	63311	136276	0.800	15.698	12.358	0.289	0.800	0.974	0.478	0.793	0.144	0.148
ESO1233807120S1K	2	Bact_uniformis_CL03T12C37.fa.gz	47712	47388	85653	0.630	31.673	19.727	0.483	0.630	0.976	2.784	0.944	0.118	0.121
ESO1233822120S1K	0	Bact_fragilis_GUT04.fa.gz	52693	52553	284845	0.814	174.731	141.137	0.245	0.814	1.001	3.686	5.853	0.132	0.132
ESO1233822120S1K	1	Bact_uniformis_CL03T12C37.fa.gz	47712	47500	242076	0.659	289.626	187.813	0.393	0.659	0.960	16.090	7.102	0.108	0.112
ESO1233822120S1K	2	Bact_ovatus_BFG-107.fa.gz	65808	64502	210770	0.695	87.566	59.211	0.280	0.695	0.834	1.552	3.073	0.078	0.094
ESO1233822120S1K	3	Bact_thetaiotaomicron_CL15T12C11.fa.gz	67497	61739	165960	0.691	50.792	34.836	0.215	0.691	0.998	0.778	1.698	0.071	0.071
ESO1233822120S1K	4	Bact_xylanisolvens_H207.fa.gz	62843	38921	123278	0.601	49.038	28.463	0.145	0.601	0.976	1.363	0.898	0.031	0.031
ESO1233822120S1K	5	Bact_caccae_BFG-100.fa.gz	49508	45421	99889	0.752	13.663	10.169	0.069	0.752	0.932	0.462	0.365	0.027	0.029
ESO1234708120S1K	0	Bact_uniformis_CL06T06C18.fa.gz	47840	47526	279567	0.825	59.112	48.099	0.456	0.825	0.846	4.250	2.837	0.216	0.256
ESO1234708120S1K	1	Bact_caccae_ATCC_43185.fa.gz	45196	44954	240376	0.836	23.808	19.771	0.324	0.836	0.987	0.518	1.096	0.187	0.189
ESO1234708120S1K	2	Bact_xylanisolvens_CL11T00C03.fa.gz	61640	57873	202780	0.747	6.383	4.581	0.148	0.755	0.934	0.646	0.338	0.059	0.063
ESO1234708120S1K	3	Bact_uniformis_NBRC_113350.fa.gz	46678	13521	159543	0.538	38.836	20.505	0.177	0.538	0.853	0.807	0.346	0.024	0.028
ESO1234709120S1K	0	Bact_thetaiotaomicron_VPI_5482.fa.gz	61819	61721	143153	0.791	3.978	3.104	0.343	0.828	0.960	0.093	0.274	0.179	0.186
ESO1234709120S1K	1	Bact_uniformis_CL03T12C37.fa.gz	47712	47054	94353	0.608	5.143	3.101	0.397	0.637	0.985	0.583	0.208	0.096	0.098
ESO1234709120S1K	2	Bact_zhangwenhongii_HF-5287.fa.gz	51176	49829	65738	0.354	2.762	0.955	0.217	0.575	0.947	0.122	0.069	0.024	0.025
ESO1236801120S1K	0	Bact_ovatus_BFG-107.fa.gz	65808	65423	65696	0.394	4.500	1.723	0.263	0.480	1.002	0.484	0.127	0.024	0.024
ESO1236802120S1K	0	Bact_thetaiotaomicron_CL06T03C18.fa.gz	57788	57691	268259	0.757	6.036	4.545	0.184	0.765	0.835	0.099	0.265	0.068	0.082
ESO1236802120S1K	1	Bact_uniformis_CL06T06C18.fa.gz	47840	47386	224567	0.623	9.079	5.533	0.229	0.625	0.957	0.895	0.269	0.053	0.056
ESO1236802120S1K	2	Bact_ovatus_BFG-107.fa.gz	65808	63447	195054	0.665	4.329	2.807	0.202	0.707	0.922	0.176	0.183	0.062	0.067
ESO1236802120S1K	3	Bact_fragilis_DK1985.fa.gz	52714	52079	152888	0.675	3.981	2.644	0.194	0.726	0.923	0.118	0.140	0.064	0.069
ESO1236802120S1K	4	Bact_fragilis_638R.fa.gz	53091	46147	117759	0.624	4.431	2.751	0.220	0.667	1.025	0.151	0.128	0.060	0.061
ESO1236807120S1K	0	Bact_thetaiotaomicron_CL06T03C18.fa.gz	57788	57723	96386	0.751	5.908	4.407	0.443	0.761	0.950	0.152	0.269	0.183	0.193
ESO1236807120S1K	1	Bact_xylanisolvens_funn3.fa.gz	63173	61611	53020	0.400	4.967	1.914	0.381	0.470	0.924	0.454	0.129	0.031	0.034
ESO1236812120S1K	0	Bact_fragilis_DCMOUH0017B.fa.gz	53308	53231	47736	0.349	3.349	1.136	0.243	0.514	0.916	0.246	0.060	0.021	0.022
ESO1238001120S1K	0	Bact_ovatus_CL06T03C20.fa.gz	65365	65167	159248	0.626	16.468	10.143	0.413	0.626	0.961	0.762	0.545	0.097	0.101
ESO1238001120S1K	1	Bact_uniformis_CL03T12C37.fa.gz	47712	47455	118455	0.585	5.391	3.097	0.157	0.612	1.035	0.556	0.121	0.033	0.034
ESO1238002120S1K	0	Bact_ovatus_CL06T03C20.fa.gz	65365	65288	44626	0.296	2.739	0.797	0.265	0.538	0.940	0.299	0.079	0.021	0.023
ESO1238004220S1K	0	Bact_caccae_ATCC_43185.fa.gz	45196	45143	213780	0.844	11.659	9.758	0.236	0.844	0.983	0.726	0.369	0.139	0.142
ESO1238004220S1K	1	Bact_uniformis_NBRC_113350.fa.gz	46678	46379	175690	0.706	17.333	12.111	0.395	0.706	0.941	0.355	0.471	0.131	0.139
ESO1238004220S1K	2	Bact_fragilis_BOB25.fa.gz	51699	50963	142932	0.759	7.012	5.219	0.312	0.763	0.984	0.235	0.225	0.136	0.138
ESO1238004220S1K	3	Bact_thetaiotaomicron_CL11T00C24.fa.gz	65660	62663	104248	0.508	4.910	2.450	0.261	0.556	0.867	0.245	0.130	0.036	0.041
ESO1238006120S1K	0	Bact_ovatus_BFG-107.fa.gz	65808	65593	74672	0.508	4.079	2.011	0.395	0.587	0.877	0.363	0.143	0.061	0.069
ESO1238010120S1K	0	Bact_caccae_BFG-100.fa.gz	49508	49352	187059	0.635	5.009	3.145	0.218	0.664	0.894	0.340	0.175	0.055	0.061
ESO1238010120S1K	1	Bact_uniformis_NBRC_113350.fa.gz	46678	46137	155703	0.589	4.544	2.648	0.220	0.634	1.014	0.111	0.138	0.051	0.052
ESO1238010120S1K	2	Bact_stercoris_BFG-121.fa.gz	38438	36172	128526	0.496	4.549	2.238	0.186	0.555	0.820	0.175	0.091	0.023	0.028
ESO1238010120S1K	3	Bact_ovatus_BFG-107.fa.gz	65808	62651	110602	0.385	3.334	1.253	0.225	0.539	0.966	0.174	0.090	0.024	0.025
ESO1238105120S1K	0	Bact_caccae_ATCC_43185.fa.gz	45196	45153	197518	0.827	9.507	7.794	0.220	0.827	0.987	0.461	0.464	0.123	0.125
ESO1238105120S1K	1	Bact_uniformis_CL03T12C37.fa.gz	47712	47497	160192	0.642	14.922	9.410	0.362	0.642	0.969	1.377	0.595	0.093	0.096
ESO1238105120S1K	2	Bact_xylanisolvens_funn3.fa.gz	63173	60834	129712	0.630	6.070	3.694	0.291	0.646	0.909	0.267	0.304	0.070	0.077
ESO1239204120S1K	0	Bact_ovatus_BFG-107.fa.gz	65808	65583	152539	0.720	5.277	3.688	0.317	0.738	0.871	0.188	0.231	0.108	0.124
ESO1239204120S1K	1	Bact_uniformis_CL03T12C37.fa.gz	47712	46988	105332	0.626	7.359	4.528	0.403	0.633	1.005	0.183	0.200	0.100	0.101
ESO1239204120S1K	2	Bact_xylanisolvens_CL11T00C03.fa.gz	61640	40136	75929	0.413	4.781	1.882	0.247	0.487	0.882	0.357	0.073	0.021	0.024
ESO1241104120S1K	0	Bact_uniformis_CL06T06C18.fa.gz	47840	47577	124540	0.665	5.899	3.842	0.311	0.680	0.876	0.384	0.153	0.084	0.096
ESO1241104120S1K	1	Bact_intestinalis_APC919_174.fa.gz	56963	56510	92903	0.393	4.144	1.612	0.223	0.491	0.998	0.106	0.075	0.021	0.021
ESO1241108120S1K	0	Bact_ovatus_BFG-107.fa.gz	65808	65274	191083	0.678	4.883	3.220	0.224	0.706	0.897	0.253	0.253	0.068	0.076
ESO1241108120S1K	1	Bact_caccae_BFG-100.fa.gz	49508	47469	146816	0.678	5.638	3.780	0.243	0.694	0.953	0.419	0.212	0.076	0.079
ESO1241108120S1K	2	Bact_uniformis_CL11T00C07.fa.gz	50614	48892	114628	0.639	4.931	3.068	0.273	0.671	0.937	0.234	0.180	0.073	0.078
ESO1241108120S1K	3	Bact_stercoris_BFG-121.fa.gz	38438	35870	83367	0.605	7.778	4.671	0.411	0.611	0.924	0.219	0.197	0.086	0.093
ESO1241108220S1K	0	Bact_caccae_ATCC_43185.fa.gz	45196	45137	247386	0.777	4.977	3.838	0.181	0.794	0.979	0.145	0.281	0.087	0.089
ESO1241108220S1K	1	Bact_uniformis_CL06T06C18.fa.gz	47840	47383	212325	0.682	6.046	4.038	0.248	0.694	0.915	1.015	0.314	0.075	0.081
ESO1241108220S1K	2	Bact_salyersiae_BFG-288.fa.gz	52306	51411	180006	0.600	3.133	1.861	0.163	0.710	0.985	0.117	0.155	0.049	0.049
ESO1241108220S1K	3	Bact_thetaiotaomicron_CL06T03C18.fa.gz	57788	56142	149165	0.556	2.780	1.537	0.175	0.708	0.938	0.068	0.140	0.046	0.049
ESO1241108220S1K	4	Bact_intestinalis_APC919_174.fa.gz	56963	56153	117953	0.530	3.188	1.674	0.231	0.652	0.995	0.204	0.153	0.052	0.052
ESO1241110120S1K	0	Bact_caccae_ATCC_43185.fa.gz	45196	45146	126212	0.753	5.221	3.898	0.370	0.768	0.987	0.233	0.178	0.162	0.164
ESO1241110120S1K	1	Bact_sp._PHL_2737.fa.gz	54199	53858	92228	0.429	3.363	1.416	0.257	0.566	0.922	0.073	0.078	0.033	0.035
ESO1241110120S1K	2	Bact_xylanisolvens_funn3.fa.gz	63173	60295	69146	0.330	3.337	1.062	0.296	0.504	0.930	0.175	0.067	0.023	0.025
ESO1242103120S1K	0	Bact_fragilis_GUT04.fa.gz	52693	52648	75679	0.441	2.443	1.067	0.353	0.672	0.991	1.115	0.393	0.070	0.070
ESO1242206120S1K	0	Bact_fragilis_86-5443-2-2.fa.gz	52167	52029	61224	0.806	5.544	4.345	0.498	0.816	0.937	0.526	0.262	0.250	0.267
ESO1242208120S1K	0	Bact_caccae_ATCC_43185.fa.gz	45196	45162	63347	0.494	2.811	1.375	0.282	0.661	0.987	0.206	0.058	0.060	0.061
ESO1242704120S1K	0	Bact_uniformis_CL06T06C18.fa.gz	47840	47598	350060	0.796	40.625	31.665	0.345	0.796	0.856	3.131	1.513	0.149	0.174
ESO1242704120S1K	1	Bact_ovatus_FDAARGOS_733.fa.gz	65151	64472	312186	0.707	9.317	6.548	0.145	0.708	0.901	0.140	0.418	0.047	0.052
ESO1242704120S1K	2	Bact_intestinalis_APC919_174.fa.gz	56963	56366	266580	0.617	17.084	10.461	0.238	0.617	1.001	0.467	0.585	0.056	0.056
ESO1242704120S1K	3	Bact_caccae_ATCC_43185.fa.gz	45196	43628	231787	0.767	7.011	5.339	0.123	0.771	0.979	0.338	0.231	0.055	0.056
ESO1242704120S1K	4	Bact_thetaiotaomicron_CL11T00C24.fa.gz	65660	62524	198306	0.658	7.459	4.820	0.184	0.664	0.972	0.309	0.302	0.052	0.053
ESO1242705120S1K	0	Bact_thetaiotaomicron_7330.fa.gz	63676	63573	149525	0.560	4.395	2.423	0.287	0.615	1.003	0.482	0.228	0.060	0.061
ESO1242705120S1K	1	Bact_uniformis_CL06T06C18.fa.gz	47840	46674	113921	0.604	4.153	2.457	0.301	0.660	0.898	0.313	0.171	0.071	0.079
ESO1242805120S1K	0	Bact_sp._PHL_2737.fa.gz	54199	53983	171594	0.810	59.789	47.724	0.637	0.810	0.881	2.597	2.452	0.299	0.339
ESO1242805120S1K	1	Bact_caccae_ATCC_43185.fa.gz	45196	44880	127843	0.828	11.410	9.372	0.285	0.828	0.986	1.251	0.397	0.159	0.161
ESO1247106120S1K	0	Bact_thetaiotaomicron_7330.fa.gz	63676	63627	89940	0.355	2.668	0.931	0.252	0.585	1.004	0.594	0.149	0.030	0.031
ESO1247108120S1K	0	Bact_uniformis_CL03T12C37.fa.gz	47712	47650	121155	0.549	3.604	1.943	0.241	0.641	0.969	0.371	0.130	0.053	0.054
ESO1247108120S1K	1	Bact_caccae_CL03T12C61.fa.gz	53897	52787	95008	0.493	3.349	1.625	0.294	0.614	0.904	0.169	0.121	0.049	0.055
ESO1247204120S1K	0	Bact_sp._PHL_2737.fa.gz	54199	54082	61297	0.544	4.188	2.235	0.397	0.609	0.784	0.426	0.169	0.063	0.080
ESO1247206120S1K	0	Bact_fragilis_BOB25.fa.gz	51699	51667	55157	0.430	2.940	1.237	0.205	0.605	1.071	0.357	0.073	0.030	0.032
ESO1247210120S1K	0	Bact_caccae_ATCC_43185.fa.gz	45196	45153	114932	0.679	3.797	2.557	0.257	0.737	0.968	0.390	0.128	0.092	0.095
ESO1247210120S1K	1	Bact_thetaiotaomicron_CL15T12C11.fa.gz	67497	66299	84254	0.384	3.148	1.194	0.237	0.551	0.795	0.107	0.088	0.022	0.028
ESO1254202120S1K	0	Bact_intestinalis_APC919_174.fa.gz	56963	56935	45969	0.485	3.712	1.778	0.530	0.584	1.001	1.400	0.742	0.088	0.088
ESO1254203120S1K	0	Bact_caccae_ATCC_43185.fa.gz	45196	45148	129051	0.760	4.852	3.653	0.316	0.780	0.980	0.303	0.182	0.143	0.146
ESO1254203120S1K	1	Bact_ovatus_V975.fa.gz	63623	61838	94746	0.476	2.860	1.342	0.233	0.644	0.938	0.098	0.092	0.043	0.046
ESO1254203120S1K	2	Bact_uniformis_CL06T06C18.fa.gz	47840	47434	65335	0.498	3.908	1.902	0.333	0.585	0.843	0.174	0.101	0.048	0.057
ESO1254204120S1K	0	Bact_uniformis_CL06T06C18.fa.gz	47840	47674	160194	0.729	7.188	5.162	0.367	0.733	0.853	0.663	0.339	0.123	0.144
ESO1254204120S1K	1	Bact_caccae_ATCC_43185.fa.gz	45196	44957	125427	0.552	2.960	1.620	0.170	0.688	0.980	0.262	0.100	0.044	0.044
ESO1254206120S1K	0	Bact_fragilis_BFG-1.fa.gz	50672	50632	134696	0.807	4.151	3.277	0.427	0.839	0.963	0.442	0.449	0.233	0.242
ESO1254206120S1K	1	Bact_caccae_ATCC_43185.fa.gz	45196	44816	93833	0.368	2.181	0.797	0.158	0.670	0.978	0.332	0.095	0.026	0.026
ESO1254206120S1K	2	Bact_thetaiotaomicron_VPI_5482.fa.gz	61819	60417	77331	0.294	2.125	0.618	0.197	0.638	1.033	0.134	0.100	0.023	0.024
ESO1254206120S1K	3	Bact_uniformis_NBRC_113350.fa.gz	46678	45439	59562	0.305	2.498	0.755	0.225	0.576	0.886	0.145	0.092	0.020	0.023
ESO1256808120S1K	0	Bact_salyersiae_BFG-288.fa.gz	52306	52270	86982	0.334	2.234	0.738	0.212	0.640	0.965	0.480	0.201	0.028	0.029
ESO1256808120S1K	1	Bact_thetaiotaomicron_CL15T12C11.fa.gz	67497	66963	69515	0.292	2.200	0.635	0.296	0.621	0.976	0.469	0.222	0.033	0.033
ESO1256810120S1K	0	Bact_uniformis_CL03T12C37.fa.gz	47712	47620	246889	0.686	57.937	39.106	0.510	0.686	0.977	3.298	1.925	0.161	0.165
ESO1256810120S1K	1	Bact_caccae_CL03T12C61.fa.gz	53897	52592	214219	0.782	10.504	8.088	0.237	0.782	0.766	0.330	0.439	0.087	0.113
ESO1256810120S1K	2	Bact_ovatus_V975.fa.gz	63623	61707	173109	0.737	6.416	4.669	0.210	0.744	0.905	0.127	0.297	0.078	0.086
ESO1256810120S1K	3	Bact_thetaiotaomicron_CL06T03C18.fa.gz	57788	55640	127604	0.537	3.235	1.727	0.088	0.653	0.940	0.023	0.098	0.019	0.020
ESO1256811120S1K	0	Bact_uniformis_CL06T06C18.fa.gz	47840	47542	192248	0.624	4.953	3.025	0.222	0.656	0.878	0.454	0.201	0.052	0.060
ESO1256811120S1K	1	Bact_fragilis_86-5443-2-2.fa.gz	52167	51388	162573	0.631	3.512	2.155	0.221	0.713	0.945	0.113	0.155	0.067	0.071
ESO1256811120S1K	2	Bact_caccae_BFG-100.fa.gz	49508	47984	130162	0.574	3.033	1.719	0.208	0.699	0.972	0.138	0.114	0.057	0.058
ESO1256811120S1K	3	Bact_thetaiotaomicron_7330.fa.gz	63676	61835	102643	0.423	2.914	1.216	0.240	0.602	0.966	0.067	0.104	0.036	0.037
ESO1256811120S1K	4	Bact_xylanisolvens_funn3.fa.gz	63173	57602	76460	0.344	2.824	0.939	0.232	0.564	1.043	0.132	0.076	0.024	0.025
ESO1350510120S1K	0	Bact_uniformis_CL03T12C37.fa.gz	47712	47653	148761	0.654	8.875	5.705	0.302	0.656	0.952	0.799	0.317	0.081	0.085
ESO1350510120S1K	1	Bact_ovatus_BFG-107.fa.gz	65808	64802	117602	0.646	4.602	2.898	0.302	0.684	0.889	0.096	0.221	0.081	0.091
ESO1350510120S1K	2	Bact_nordii_FDAARGOS_1461.fa.gz	55722	54279	75746	0.445	5.321	2.337	0.289	0.493	0.945	0.105	0.148	0.030	0.031
ESO1350510120S1K	3	Bact_ovatus_V975.fa.gz	63623	32045	51573	0.475	3.512	1.646	0.169	0.589	0.968	0.049	0.061	0.027	0.028
ESO1356803120S1K	0	Bact_caccae_CL03T12C61.fa.gz	53897	53740	175103	0.695	5.490	3.761	0.263	0.711	0.821	0.276	0.228	0.076	0.092
ESO1356803120S1K	1	Bact_xylanisolvens_funn3.fa.gz	63173	58815	137774	0.454	4.196	1.839	0.195	0.540	0.859	0.184	0.125	0.022	0.026
ESO1356803120S1K	2	Bact_uniformis_CL06T06C18.fa.gz	47840	46245	111057	0.445	3.734	1.630	0.166	0.554	0.933	0.406	0.085	0.021	0.023
ESO1357102120S1K	0	Bact_fragilis_FDAARGOS_1225.fa.gz	50988	50895	318149	0.869	53.954	46.647	0.537	0.869	0.929	2.979	3.317	0.327	0.352
ESO1357102120S1K	1	Bact_ovatus_BFG-107.fa.gz	65808	64862	273944	0.708	10.269	7.058	0.230	0.709	0.760	1.193	0.656	0.062	0.082
ESO1357102120S1K	2	Bact_uniformis_NBRC_113350.fa.gz	46678	45394	227993	0.730	8.185	5.913	0.171	0.732	0.954	0.473	0.377	0.064	0.067
ESO1357102120S1K	3	Bact_caccae_BFG-100.fa.gz	49508	47239	194859	0.700	5.164	3.573	0.130	0.720	0.849	0.723	0.237	0.040	0.047
ESO1357102120S1K	4	Bact_intestinalis_APC919_174.fa.gz	56963	55810	161798	0.568	5.711	3.208	0.159	0.592	0.989	0.714	0.252	0.031	0.032
ESO1357102120S1K	5	Bact_thetaiotaomicron_CL15T12C11.fa.gz	67497	61246	130103	0.504	3.086	1.541	0.099	0.642	0.967	0.092	0.133	0.020	0.021
ESO1357107120S1K	0	Bact_xylanisolvens_funn3.fa.gz	63173	62793	80044	0.366	3.036	1.067	0.279	0.558	1.045	0.178	0.079	0.030	0.032
ESO1357107120S1K	1	Bact_uniformis_CL06T03C05.fa.gz	52270	49139	57066	0.337	2.790	0.926	0.256	0.558	1.037	0.107	0.052	0.026	0.027
ESO1358301120S1K	0	Bact_xylanisolvens_funn3.fa.gz	63173	62640	246139	0.773	5.548	4.123	0.263	0.786	0.848	0.470	0.350	0.106	0.126
ESO1358301120S1K	1	Bact_thetaiotaomicron_CL06T03C18.fa.gz	57788	56449	197702	0.659	3.509	2.299	0.173	0.732	0.894	0.091	0.170	0.055	0.061
ESO1358301120S1K	2	Bact_stercoris_BFG-121.fa.gz	38438	37216	160506	0.624	6.439	3.990	0.240	0.636	0.997	0.288	0.195	0.061	0.061
ESO1358301120S1K	3	Bact_ovatus_V975.fa.gz	63623	45494	137268	0.527	4.485	2.328	0.227	0.584	0.967	0.266	0.140	0.040	0.041
ESO1358301120S1K	4	Bact_uniformis_NBRC_113350.fa.gz	46678	45147	113278	0.532	3.541	1.866	0.233	0.630	0.988	0.123	0.111	0.048	0.049
ESO1358301120S1K	5	Bact_salyersiae_BFG-288.fa.gz	52306	51030	89257	0.479	2.617	1.242	0.228	0.674	0.992	0.094	0.083	0.049	0.050
ESO1358301220S1K	0	Bact_ovatus_VPIC145.fa.gz	69560	69508	102424	0.378	2.647	0.983	0.201	0.603	0.928	0.591	0.119	0.026	0.028
ESO1359003120S1K	0	Bact_ovatus_VPIC145.fa.gz	69560	69503	131312	0.678	11.603	7.740	0.521	0.678	1.020	0.607	0.498	0.159	0.162
ESO1359003120S1K	1	Bact_fragilis_86-5443-2-2.fa.gz	52167	51835	84218	0.745	6.009	4.360	0.462	0.755	0.982	0.349	0.211	0.193	0.196
ESO1359006120S1K	0	Bact_uniformis_CL06T03C05.fa.gz	52270	52088	129063	0.503	3.764	1.852	0.244	0.596	0.929	0.150	0.113	0.041	0.044
ESO1359006120S1K	1	Bact_salyersiae_BFG-288.fa.gz	52306	51932	102872	0.476	2.967	1.398	0.240	0.632	0.911	0.094	0.084	0.041	0.046
ESO1359006120S1K	2	Bact_caccae_BFG-100.fa.gz	49508	48356	78159	0.349	2.962	1.021	0.215	0.545	0.954	0.222	0.057	0.021	0.022
ESO1361001120S1K	0	Bact_caccae_CL03T12C61.fa.gz	53897	53686	77418	0.382	2.582	0.971	0.286	0.615	0.934	0.085	0.063	0.039	0.041
ESO1361001120S1K	1	Bact_uniformis_CL06T06C18.fa.gz	47840	47045	56907	0.347	2.459	0.836	0.303	0.613	0.968	0.136	0.048	0.038	0.040
ESO1361002120S1K	0	Bact_uniformis_CL06T06C18.fa.gz	47840	47687	117146	0.552	3.816	2.059	0.292	0.633	0.920	0.209	0.129	0.059	0.065
ESO1361002120S1K	1	Bact_ovatus_V975.fa.gz	63623	63303	90823	0.317	2.357	0.735	0.194	0.609	0.964	0.081	0.061	0.022	0.023
ESO1361002120S1K	2	Bact_caccae_CL03T12C61.fa.gz	53897	51395	70775	0.305	2.437	0.733	0.195	0.587	0.930	0.152	0.049	0.019	0.020
ESO1361004120S1K	0	Bact_ovatus_BFG-107.fa.gz	65808	65574	263197	0.651	10.300	6.521	0.264	0.652	0.964	0.770	0.740	0.070	0.073
ESO1361004120S1K	1	Bact_intestinalis_APC919_174.fa.gz	56963	56262	220498	0.704	8.446	5.896	0.272	0.706	0.987	0.411	0.563	0.094	0.095
ESO1361004120S1K	2	Bact_uniformis_CL03T12C37.fa.gz	47712	46658	180904	0.619	7.251	4.441	0.234	0.626	1.001	1.453	0.352	0.057	0.057
ESO1361004120S1K	3	Bact_fragilis_BOB25.fa.gz	51699	50539	152040	0.596	3.192	1.868	0.141	0.705	0.997	0.171	0.162	0.042	0.042
ESO1361007120S1K	0	Bact_uniformis_NBRC_113350.fa.gz	46678	46538	135164	0.721	5.454	3.891	0.350	0.736	0.887	0.215	0.211	0.121	0.137
ESO1361007120S1K	1	Bact_caccae_BFG-100.fa.gz	49508	48972	101592	0.565	3.146	1.756	0.256	0.683	0.972	0.317	0.100	0.066	0.067
ESO1361007120S1K	2	Bact_thetaiotaomicron_CL06T03C18.fa.gz	57788	56382	73928	0.446	2.628	1.165	0.261	0.648	0.939	0.072	0.076	0.046	0.049
ESO1361010120S1K	0	Bact_uniformis_NBRC_113350.fa.gz	46678	46389	101991	0.629	4.364	2.714	0.362	0.674	0.959	0.285	0.274	0.099	0.103
ESO1361010120S1K	1	Bact_caccae_CL03T12C61.fa.gz	53897	52846	72801	0.337	2.710	0.903	0.215	0.568	0.932	0.472	0.104	0.022	0.023
EST1212206201S1K	0	Bact_uniformis_CL06T06C18.fa.gz	47840	47712	151654	0.570	5.440	3.035	0.285	0.599	0.938	0.691	0.220	0.055	0.058
EST1212206201S1K	1	Bact_thetaiotaomicron_VPI_5482.fa.gz	61819	61045	124438	0.482	2.802	1.333	0.222	0.655	1.039	0.080	0.123	0.044	0.046
EST1212703101S1K	0	Bact_sp._PHL_2737.fa.gz	54199	53963	131807	0.789	9.850	7.632	0.604	0.789	0.900	0.429	0.637	0.267	0.297
EST1212703101S1K	1	Bact_thetaiotaomicron_VPI_5482.fa.gz	61819	60498	89228	0.341	2.447	0.823	0.183	0.607	1.145	0.080	0.077	0.020	0.023
EST1212703101S1K	2	Bact_caccae_BFG-100.fa.gz	49508	47250	68617	0.329	2.426	0.790	0.168	0.602	0.974	0.175	0.057	0.019	0.020
EST1212703101S1K	3	Bact_uniformis_CL03T12C37.fa.gz	47712	46622	53072	0.308	2.206	0.672	0.169	0.630	0.972	0.371	0.048	0.020	0.021
EST1212704101S1K	0	Bact_xylanisolvens_CL11T00C03.fa.gz	61640	61039	284433	0.828	18.090	14.594	0.299	0.828	0.896	2.768	2.365	0.152	0.170
EST1212704101S1K	1	Bact_caccae_ATCC_43185.fa.gz	45196	43747	233905	0.848	10.442	8.788	0.181	0.848	0.976	2.023	1.002	0.108	0.110
EST1212704101S1K	2	Bact_fragilis_BE1.fa.gz	51373	50477	196823	0.801	8.239	6.549	0.190	0.802	0.969	0.931	0.862	0.095	0.098
EST1212704101S1K	3	Bact_uniformis_CL06T03C05.fa.gz	52270	49947	156416	0.637	17.586	10.982	0.395	0.637	0.956	1.855	1.449	0.098	0.102
EST1212704101S1K	4	Bact_ovatus_FDAARGOS_733.fa.gz	65151	49090	124578	0.542	5.503	2.969	0.170	0.571	0.929	0.323	0.379	0.028	0.030
EST1212705101S1K	0	Bact_uniformis_NBRC_113350.fa.gz	46678	46597	172180	0.674	6.717	4.480	0.246	0.682	0.917	0.153	0.166	0.071	0.077
EST1212705101S1K	1	Bact_fragilis_638R.fa.gz	53091	52336	140755	0.640	3.594	2.279	0.187	0.713	0.953	0.128	0.095	0.058	0.061
EST1212705101S1K	2	Bact_zhangwenhongii_HF-5287.fa.gz	51176	50455	107257	0.529	8.556	4.426	0.435	0.535	0.998	0.262	0.180	0.066	0.066
EST1212705101S1K	3	Bact_caccae_ATCC_43185.fa.gz	45196	43872	80578	0.426	2.567	1.085	0.162	0.643	0.987	0.130	0.038	0.028	0.028
EST1213402101S1K	0	Bact_thetaiotaomicron_CL06T03C18.fa.gz	57788	57728	71928	0.766	4.745	3.610	0.726	0.788	0.991	0.493	0.552	0.342	0.345
EST1213402101S1K	1	Bact_fragilis_S14.fa.gz	48511	48212	27690	0.247	1.984	0.486	0.299	0.641	1.010	0.266	0.062	0.030	0.030
EST1213404101S1K	0	Bact_caccae_ATCC_43185.fa.gz	45196	45147	122101	0.747	5.449	4.034	0.319	0.760	0.979	0.588	0.226	0.135	0.138
EST1213404101S1K	1	Bact_thetaiotaomicron_CL15T12C11.fa.gz	67497	66224	88384	0.390	3.563	1.375	0.235	0.522	0.875	0.121	0.113	0.022	0.025
EST1213404301S1K	0	Bact_fragilis_CCUG4856T.fa.gz	51592	51533	92488	0.853	18.327	15.546	0.799	0.853	0.956	1.946	1.779	0.474	0.496
EST1213404301S1K	1	Bact_xylanisolvens_CL11T00C41.fa.gz	64926	64574	48538	0.314	2.669	0.817	0.268	0.563	1.002	0.279	0.120	0.027	0.027
EST1228703101S1K	0	Bact_ovatus_BFG-107.fa.gz	65808	65522	361282	0.882	28.043	24.047	0.230	0.882	0.757	0.785	1.464	0.120	0.158
EST1228703101S1K	1	Bact_fragilis_CCUG4856T.fa.gz	51592	50800	303519	0.861	29.231	25.036	0.236	0.861	0.938	0.603	1.155	0.141	0.151
EST1228703101S1K	2	Bact_xylanisolvens_funn3.fa.gz	63173	40458	259803	0.643	28.609	17.849	0.180	0.643	0.957	1.550	0.673	0.046	0.048
EST1228703101S1K	3	Bact_uniformis_CL03T12C37.fa.gz	47712	46706	233779	0.615	22.679	13.722	0.192	0.615	1.010	2.257	0.589	0.044	0.045
EST1228703101S1K	4	Bact_caccae_BFG-100.fa.gz	49508	46744	205064	0.725	10.335	7.413	0.128	0.726	0.929	0.590	0.317	0.045	0.049
EST1228703101S1K	5	Bact_thetaiotaomicron_CL11T00C24.fa.gz	65660	60050	171165	0.620	6.235	3.801	0.097	0.634	0.933	0.373	0.210	0.023	0.024
EST1228703101S1K	6	Bact_fragilis_DCMOUH0017B.fa.gz	53308	45539	133943	0.669	5.570	3.629	0.079	0.687	1.127	0.195	0.153	0.022	0.025
EST1232707101S1K	0	Bact_xylanisolvens_funn3.fa.gz	63173	63019	56148	0.372	2.605	0.929	0.441	0.614	1.016	0.504	0.222	0.061	0.062
EST1232710101S1K	0	Bact_caccae_BFG-100.fa.gz	49508	49421	207266	0.656	4.192	2.718	0.181	0.702	0.914	0.289	0.143	0.054	0.059
EST1232710101S1K	1	Bact_ovatus_V975.fa.gz	63623	62204	174847	0.615	3.484	2.110	0.217	0.700	0.968	0.153	0.141	0.063	0.065
EST1232710101S1K	2	Bact_salyersiae_BFG-288.fa.gz	52306	51336	136583	0.622	3.487	2.148	0.232	0.704	0.982	0.092	0.117	0.070	0.072
EST1232710101S1K	3	Bact_uniformis_CL06T03C05.fa.gz	52270	50137	104648	0.600	4.411	2.605	0.359	0.648	0.960	0.177	0.140	0.087	0.090
EST1232710101S1K	4	Bact_thetaiotaomicron_7330.fa.gz	63676	58874	74574	0.319	2.387	0.750	0.189	0.604	1.032	0.080	0.047	0.021	0.022
EST1232905101S1K	0	Bact_uniformis_CL06T06C18.fa.gz	47840	47213	135784	0.649	4.944	3.145	0.313	0.678	0.919	0.569	0.251	0.086	0.093
EST1232905101S1K	1	Bact_thetaiotaomicron_VPI_5482.fa.gz	61819	60989	105159	0.395	2.517	0.981	0.183	0.632	1.034	0.053	0.100	0.028	0.029
EST1232905101S1K	2	Bact_caccae_CL03T12C61.fa.gz	53897	51583	81072	0.349	3.054	1.052	0.203	0.537	0.894	0.179	0.091	0.018	0.020
EST1233804101S1K	0	Bact_fragilis_IHMA_13.fa.gz	48678	48629	156854	0.676	8.133	5.426	0.349	0.679	0.989	0.275	0.204	0.107	0.108
EST1233804101S1K	1	Bact_caccae_ATCC_43185.fa.gz	45196	44796	124001	0.644	4.241	2.710	0.245	0.690	0.990	0.191	0.094	0.074	0.075
EST1233804101S1K	2	Bact_thetaiotaomicron_VPI_5482.fa.gz	61819	60147	95137	0.448	3.220	1.425	0.230	0.590	0.960	0.053	0.066	0.034	0.036
EST1233804101S1K	3	Bact_ovatus_V975.fa.gz	63623	60714	68201	0.350	2.932	1.012	0.215	0.549	1.015	0.067	0.048	0.022	0.023
EST1233807101S1K	0	Bact_uniformis_CL06T06C18.fa.gz	47840	47707	177271	0.729	42.988	30.912	0.530	0.729	0.948	1.821	1.406	0.194	0.205
EST1233807101S1K	1	Bact_ovatus_V975.fa.gz	63623	63350	142516	0.777	6.558	5.015	0.244	0.782	0.941	0.513	0.304	0.109	0.116
EST1233807101S1K	2	Bact_thetaiotaomicron_CL15T12C11.fa.gz	67497	65087	93285	0.584	6.850	3.960	0.260	0.596	0.911	0.319	0.245	0.049	0.054
EST1233822101S1K	0	Bact_thetaiotaomicron_CL06T03C18.fa.gz	57788	57544	131249	0.578	3.481	1.997	0.223	0.668	0.930	0.065	0.115	0.053	0.057
EST1233822101S1K	1	Bact_fragilis_S14.fa.gz	48511	48194	98010	0.441	2.731	1.195	0.144	0.632	0.990	0.097	0.058	0.025	0.025
EST1233822101S1K	2	Bact_xylanisolvens_funn3.fa.gz	63173	61334	76752	0.388	4.438	1.658	0.305	0.480	0.911	0.268	0.105	0.025	0.027
EST1233822101S1K	3	Bact_uniformis_NBRC_113350.fa.gz	46678	45501	52941	0.416	3.400	1.400	0.268	0.552	1.222	0.087	0.064	0.028	0.034
EST1233822201S1K	0	Bact_caccae_BFG-100.fa.gz	49508	49425	119603	0.699	5.788	3.993	0.267	0.712	1.016	0.366	0.098	0.093	0.095
EST1234703101S1K	0	Bact_ovatus_BFG-107.fa.gz	65808	65671	76915	0.467	2.610	1.181	0.446	0.673	0.955	0.346	0.154	0.090	0.094
EST1234707101S1K	0	Bact_fragilis_GUT04.fa.gz	52693	52652	64934	0.853	6.224	5.258	0.719	0.858	0.959	0.786	0.565	0.433	0.452
EST1234708101S1K	0	Bact_fragilis_BE1.fa.gz	51373	51313	230360	0.795	22.551	17.826	0.324	0.795	0.982	2.160	2.124	0.160	0.163
EST1234708101S1K	1	Bact_xylanisolvens_CL11T00C03.fa.gz	61640	60828	189584	0.810	14.802	11.675	0.380	0.810	0.923	2.784	1.685	0.186	0.202
EST1234708101S1K	2	Bact_thetaiotaomicron_7330.fa.gz	63676	61796	140316	0.708	6.464	4.521	0.237	0.715	0.918	0.695	0.653	0.079	0.086
EST1234708101S1K	3	Bact_uniformis_CL06T06C18.fa.gz	47840	45271	96587	0.599	10.000	5.868	0.298	0.600	0.987	0.921	0.626	0.064	0.064
EST1234709101S1K	0	Bact_uniformis_CL06T06C18.fa.gz	47840	47592	84097	0.451	3.601	1.588	0.280	0.567	0.785	0.308	0.118	0.032	0.041
EST1234709101S1K	1	Bact_ovatus_BFG-107.fa.gz	65808	64709	62631	0.342	2.781	0.925	0.310	0.567	1.017	0.113	0.094	0.034	0.034
EST1236801101S1K	0	Bact_fragilis_DCMOUH0042B.fa.gz	50470	50332	196147	0.822	10.079	8.140	0.255	0.822	0.932	0.363	0.311	0.132	0.142
EST1236801101S1K	1	Bact_caccae_ATCC_43185.fa.gz	45196	44888	154777	0.823	9.899	8.080	0.300	0.823	0.984	0.321	0.272	0.165	0.167
EST1236801101S1K	2	Bact_uniformis_CL06T06C18.fa.gz	47840	47168	117835	0.762	10.663	7.957	0.449	0.763	0.905	0.534	0.286	0.180	0.199
EST1236807101S1K	0	Bact_fragilis_BOB25.fa.gz	51699	51654	153127	0.791	13.737	10.659	0.498	0.791	0.989	0.804	0.629	0.244	0.247
EST1236807101S1K	1	Bact_thetaiotaomicron_BFG-55.fa.gz	62134	61389	112256	0.679	5.012	3.350	0.369	0.704	0.968	0.228	0.234	0.120	0.124
EST1236807101S1K	2	Bact_ovatus_BFG-107.fa.gz	65808	63612	70578	0.624	4.211	2.559	0.468	0.676	0.990	0.231	0.187	0.132	0.134
EST1237103201S1K	0	Bact_fragilis_S14.fa.gz	48511	48460	276398	0.811	59.009	47.554	0.196	0.811	0.986	2.002	1.719	0.103	0.105
EST1237103201S1K	1	Bact_uniformis_CL06T06C18.fa.gz	47840	47607	237085	0.666	117.980	76.916	0.392	0.666	0.951	3.511	2.771	0.110	0.116
EST1237103201S1K	2	Bact_caccae_ATCC_43185.fa.gz	45196	44783	205383	0.851	28.666	24.195	0.189	0.851	0.954	1.967	0.809	0.111	0.116
EST1237103201S1K	3	Bact_thetaiotaomicron_CL15T12C11.fa.gz	67497	65085	167295	0.705	26.909	18.765	0.263	0.705	0.951	0.664	0.915	0.088	0.092
EST1237103201S1K	4	Bact_ovatus_BFG-107.fa.gz	65808	60599	121406	0.826	13.926	11.226	0.201	0.826	0.979	0.636	0.517	0.111	0.114
EST1238001101S1K	0	Bact_ovatus_VPIC145.fa.gz	69560	69469	253802	0.756	107.096	79.865	0.317	0.756	0.896	3.080	4.311	0.123	0.137
EST1238001101S1K	1	Bact_thetaiotaomicron_CL06T03C18.fa.gz	57788	56469	201308	0.861	52.005	44.511	0.209	0.861	0.934	1.033	1.938	0.124	0.133
EST1238001101S1K	2	Bact_fragilis_BE1.fa.gz	51373	50507	152705	0.815	47.564	38.469	0.204	0.815	0.982	2.145	1.500	0.109	0.110
EST1238001101S1K	3	Bact_uniformis_CL06T03C05.fa.gz	52270	50968	111567	0.643	58.507	36.935	0.252	0.643	0.931	2.029	1.471	0.062	0.067
EST1238001101S1K	4	Bact_xylanisolvens_funn3.fa.gz	63173	42278	78783	0.573	77.347	43.227	0.329	0.573	1.050	5.300	1.437	0.059	0.062
EST1238002101S1K	0	Bact_fragilis_BOB25.fa.gz	51699	51621	213754	0.805	40.146	31.740	0.452	0.805	0.981	2.131	1.875	0.231	0.236
EST1238002101S1K	1	Bact_thetaiotaomicron_7330.fa.gz	63676	62758	172212	0.914	11.368	10.231	0.322	0.914	0.951	0.823	0.733	0.234	0.246
EST1238002101S1K	2	Bact_uniformis_NBRC_113350.fa.gz	46678	45778	114873	0.689	17.294	11.786	0.398	0.689	0.954	0.793	0.613	0.124	0.130
EST1238002101S1K	3	Bact_ovatus_BFG-107.fa.gz	65808	61708	83348	0.508	4.586	2.269	0.174	0.567	0.879	0.401	0.162	0.025	0.028
EST1238006101S1K	0	Bact_intestinalis_APC919_174.fa.gz	56963	56908	187928	0.615	97.184	59.186	0.469	0.615	1.004	7.092	5.027	0.109	0.109
EST1238006101S1K	1	Bact_uniformis_CL11T00C07.fa.gz	50614	49900	152913	0.616	46.664	28.033	0.372	0.616	0.950	3.048	2.119	0.083	0.087
EST1238006101S1K	2	Bact_thetaiotaomicron_BFG-55.fa.gz	62134	60963	122172	0.626	9.629	5.953	0.152	0.628	0.984	0.585	0.543	0.037	0.038
EST1238010101S1K	0	Bact_ovatus_V975.fa.gz	63623	63515	295109	0.807	7.973	6.348	0.214	0.809	0.942	1.877	2.442	0.106	0.113
EST1238010101S1K	1	Bact_sp._PHL_2737.fa.gz	54199	53781	243830	0.785	7.941	6.128	0.222	0.786	0.894	2.332	2.001	0.096	0.108
EST1238010101S1K	2	Bact_caccae_ATCC_43185.fa.gz	45196	43345	201637	0.823	6.123	5.008	0.187	0.829	0.986	2.570	1.305	0.104	0.105
EST1238010101S1K	3	Bact_intestinalis_APC919_174.fa.gz	56963	56467	165960	0.593	6.901	4.042	0.243	0.603	1.005	2.119	1.380	0.052	0.052
EST1238010101S1K	4	Bact_thetaiotaomicron_CL06T03C18.fa.gz	57788	55620	132482	0.630	4.375	2.742	0.212	0.673	0.986	0.474	0.916	0.060	0.061
EST1238010101S1K	5	Bact_uniformis_CL03T12C37.fa.gz	47712	46607	97448	0.601	5.989	3.542	0.295	0.619	0.983	0.807	1.002	0.067	0.068
EST1238010101S1K	6	Bact_xylanisolvens_funn3.fa.gz	63173	43274	69430	0.448	4.148	1.791	0.201	0.538	1.015	1.258	0.481	0.026	0.026
EST1238105101S1K	0	Bact_fragilis_S14.fa.gz	48511	48441	297430	0.826	9.358	7.672	0.145	0.826	0.959	0.458	0.307	0.078	0.081
EST1238105101S1K	1	Bact_ovatus_BFG-107.fa.gz	65808	65114	257428	0.736	9.499	6.802	0.205	0.736	0.876	0.561	0.374	0.072	0.082
EST1238105101S1K	2	Bact_uniformis_CL03T12C37.fa.gz	47712	46834	209527	0.631	12.794	7.935	0.215	0.631	0.978	0.384	0.310	0.053	0.054
EST1238105101S1K	3	Bact_cellulosilyticus_BFG-250.fa.gz	68388	66964	179990	0.669	6.632	4.389	0.215	0.677	0.981	0.219	0.244	0.065	0.066
EST1238105101S1K	4	Bact_stercoris_BFG-121.fa.gz	38438	35995	135191	0.642	10.041	6.405	0.214	0.643	0.852	0.355	0.191	0.048	0.057
EST1238105101S1K	5	Bact_thetaiotaomicron_VPI_5482.fa.gz	61819	59045	112069	0.622	3.955	2.433	0.170	0.682	1.008	0.149	0.119	0.049	0.049
EST1241101101S1K	0	Bact_caccae_ATCC_43185.fa.gz	45196	45152	154137	0.822	8.089	6.593	0.424	0.824	0.984	0.504	0.324	0.233	0.236
EST1241101101S1K	1	Bact_fragilis_BOB25.fa.gz	51699	51310	117004	0.589	3.552	2.050	0.263	0.676	0.996	0.102	0.116	0.070	0.071
EST1241101101S1K	2	Bact_xylanisolvens_funn3.fa.gz	63173	60783	86801	0.370	3.525	1.256	0.263	0.517	1.097	0.157	0.085	0.024	0.026
EST1241104101S1K	0	Bact_fragilis_DK1985.fa.gz	52714	52640	217433	0.806	16.082	12.735	0.477	0.806	0.958	0.970	0.781	0.239	0.250
EST1241104101S1K	1	Bact_caccae_BFG-100.fa.gz	49508	48915	175026	0.753	4.846	3.612	0.239	0.774	0.969	0.387	0.204	0.105	0.108
EST1241104101S1K	2	Bact_thetaiotaomicron_VPI_5482.fa.gz	61819	59720	138177	0.676	3.614	2.415	0.257	0.743	1.002	0.120	0.167	0.096	0.096
EST1241104101S1K	3	Bact_nordii_FDAARGOS_1461.fa.gz	55722	54926	97781	0.596	4.501	2.645	0.349	0.642	0.975	0.159	0.169	0.084	0.086
EST1241105101S1K	0	Bact_fragilis_S14.fa.gz	48511	48459	97033	0.791	15.485	12.165	0.586	0.791	0.982	0.938	1.000	0.285	0.290
EST1241105101S1K	1	Bact_uniformis_CL06T06C18.fa.gz	47840	47476	58686	0.497	5.283	2.568	0.297	0.538	0.829	0.769	0.210	0.035	0.043
EST1241108101S1K	0	Bact_xylanisolvens_funn3.fa.gz	63173	62570	79791	0.456	3.471	1.522	0.344	0.583	0.945	0.199	0.131	0.050	0.053
EST1241108101S1K	1	Bact_caccae_ATCC_43185.fa.gz	45196	43793	51289	0.489	2.846	1.380	0.323	0.653	1.000	0.181	0.081	0.067	0.067
EST1242206101S1K	0	Bact_thetaiotaomicron_VPI_5482.fa.gz	61819	61745	59204	0.639	17.162	10.823	0.454	0.639	0.987	2.631	1.196	0.117	0.119
EST1242207101S1K	0	Bact_fragilis_BOB25.fa.gz	51699	51539	315473	0.810	22.034	17.537	0.324	0.810	0.978	1.301	1.527	0.168	0.172
EST1242207101S1K	1	Bact_cellulosilyticus_BFG-250.fa.gz	68388	68096	273736	0.600	13.742	8.150	0.292	0.600	0.996	0.808	0.932	0.063	0.063
EST1242207101S1K	2	Bact_thetaiotaomicron_CL15T12C11.fa.gz	67497	65843	232906	0.680	5.824	3.918	0.192	0.694	0.971	0.294	0.433	0.061	0.063
EST1242207101S1K	3	Bact_caccae_ATCC_43185.fa.gz	45196	43747	188102	0.752	5.012	3.743	0.150	0.770	0.978	0.687	0.274	0.066	0.067
EST1242207101S1K	4	Bact_uniformis_CL06T06C18.fa.gz	47840	45375	155197	0.622	6.554	3.991	0.198	0.634	0.889	1.382	0.307	0.044	0.049
EST1242207101S1K	5	Bact_ovatus_V975.fa.gz	63623	60868	126972	0.522	3.277	1.690	0.139	0.640	0.907	0.246	0.173	0.027	0.030
EST1242208101S1K	0	Bact_uniformis_CL06T06C18.fa.gz	47840	47664	169307	0.707	8.280	5.740	0.376	0.709	0.936	0.585	0.304	0.125	0.134
EST1242208101S1K	1	Bact_caccae_ATCC_43185.fa.gz	45196	44955	135607	0.694	4.053	2.788	0.273	0.739	0.983	0.151	0.138	0.102	0.104
EST1242208101S1K	2	Bact_ovatus_BFG-107.fa.gz	65808	63490	104412	0.349	3.227	1.098	0.213	0.524	0.903	0.073	0.078	0.018	0.020
EST1242704101S1K	0	Bact_uniformis_CL06T06C18.fa.gz	47840	47609	127335	0.651	4.988	3.177	0.353	0.680	0.945	0.424	0.182	0.100	0.106
EST1242704101S1K	1	Bact_ovatus_FDAARGOS_733.fa.gz	65151	64471	96325	0.358	3.097	1.101	0.252	0.537	1.000	0.051	0.084	0.026	0.026
EST1242704101S1K	2	Bact_fragilis_BOB25.fa.gz	51699	50796	73230	0.333	2.391	0.782	0.191	0.614	1.008	0.040	0.048	0.024	0.024
EST1242801101S1K	0	Bact_caccae_ATCC_43185.fa.gz	45196	45157	104463	0.757	6.803	5.098	0.509	0.761	0.991	0.253	0.221	0.221	0.223
EST1242801101S1K	1	Bact_ovatus_BFG-107.fa.gz	65808	64355	70300	0.312	3.096	0.940	0.277	0.512	0.932	0.054	0.059	0.021	0.023
EST1242801101S1K	2	Bact_uniformis_CL03T12C37.fa.gz	47712	46904	50208	0.340	2.613	0.872	0.257	0.584	1.002	0.127	0.040	0.030	0.030
EST1242802101S1K	0	Bact_caccae_CL03T12C61.fa.gz	53897	53648	106872	0.455	3.307	1.481	0.228	0.589	0.886	0.201	0.070	0.032	0.036
EST1242802101S1K	1	Bact_ovatus_CL06T03C20.fa.gz	65365	61531	82475	0.332	2.477	0.813	0.185	0.597	0.963	0.106	0.044	0.021	0.022
EST1247104101S1K	0	Bact_caccae_ATCC_43185.fa.gz	45196	45149	98188	0.645	3.827	2.444	0.372	0.706	0.987	0.544	0.241	0.118	0.119
EST1247104101S1K	1	Bact_uniformis_CL06T06C18.fa.gz	47840	47564	69085	0.324	2.750	0.870	0.225	0.557	0.915	0.103	0.091	0.021	0.023
EST1247106101S1K	0	Bact_uniformis_CL06T06C18.fa.gz	47840	47696	129005	0.747	10.757	7.869	0.497	0.748	0.881	0.733	0.364	0.183	0.208
EST1247109101S1K	0	Bact_fragilis_CCUG4856T.fa.gz	51592	51555	82653	0.615	2.936	1.790	0.410	0.738	0.976	0.178	0.157	0.134	0.137
EST1247109101S1K	1	Bact_caccae_ATCC_43185.fa.gz	45196	44881	50968	0.277	2.026	0.556	0.188	0.649	0.998	0.206	0.043	0.022	0.022
EST1247204101S1K	0	Bact_ovatus_BFG-107.fa.gz	65808	65275	293889	0.855	15.769	13.192	0.398	0.855	0.916	0.670	0.810	0.228	0.249
EST1247204101S1K	1	Bact_salyersiae_BFG-288.fa.gz	52306	51734	238085	0.768	6.307	4.795	0.188	0.774	0.943	0.135	0.231	0.082	0.087
EST1247204101S1K	2	Bact_caccae_BFG-100.fa.gz	49508	47261	198363	0.697	6.626	4.570	0.202	0.705	0.925	0.363	0.201	0.065	0.070
EST1247204101S1K	3	Bact_uniformis_CL06T06C18.fa.gz	47840	46279	165400	0.692	5.781	3.935	0.215	0.706	0.912	0.625	0.171	0.068	0.074
EST1247204101S1K	4	Bact_thetaiotaomicron_CL06T03C18.fa.gz	57788	55371	133355	0.642	3.468	2.214	0.182	0.720	0.976	0.044	0.113	0.059	0.061
EST1247204101S1K	5	Bact_fragilis_DCMOUH0042B.fa.gz	50470	49226	97831	0.579	3.342	1.917	0.172	0.678	1.027	0.201	0.088	0.045	0.046
EST1247206101S1K	0	Bact_ovatus_BFG-107.fa.gz	65808	65429	225947	0.703	5.003	3.422	0.203	0.727	0.884	0.189	0.245	0.067	0.075
EST1247206101S1K	1	Bact_uniformis_CL06T06C18.fa.gz	47840	46535	179946	0.705	4.621	3.194	0.168	0.735	0.901	0.374	0.162	0.058	0.064
EST1247206101S1K	2	Bact_fragilis_638R.fa.gz	53091	51798	147128	0.669	4.733	3.141	0.218	0.700	1.602	0.165	0.175	0.045	0.071
EST1247206101S1K	3	Bact_intestinalis_APC919_174.fa.gz	56963	55856	112458	0.573	6.085	3.461	0.331	0.592	1.000	0.255	0.208	0.066	0.066
EST1247206101S1K	4	Bact_faecis_BFG-108.fa.gz	61256	58838	80442	0.426	2.694	1.126	0.171	0.630	0.963	0.227	0.072	0.028	0.029
EST1247208101S1K	0	Bact_ovatus_BFG-107.fa.gz	65808	65593	137147	0.794	14.978	11.548	0.474	0.794	0.821	1.466	0.879	0.195	0.237
EST1247208101S1K	1	Bact_thetaiotaomicron_CL15T12C11.fa.gz	67497	63458	85043	0.647	7.937	5.079	0.376	0.651	0.958	0.390	0.367	0.099	0.103
EST1247210101S1K	0	Bact_ovatus_V975.fa.gz	63623	63473	363442	0.870	17.515	15.059	0.242	0.870	0.889	1.328	1.187	0.142	0.159
EST1247210101S1K	1	Bact_fragilis_BE1.fa.gz	51373	50964	308235	0.824	18.935	15.513	0.263	0.824	0.954	1.093	0.976	0.140	0.147
EST1247210101S1K	2	Bact_uniformis_NBRC_113350.fa.gz	46678	45956	266264	0.815	11.674	9.413	0.196	0.815	0.950	0.498	0.537	0.101	0.106
EST1247210101S1K	3	Bact_caccae_ATCC_43185.fa.gz	45196	43281	228832	0.787	6.594	5.154	0.125	0.792	1.003	0.824	0.276	0.062	0.062
EST1247210101S1K	4	Bact_thetaiotaomicron_CL06T03C18.fa.gz	57788	55654	194764	0.685	4.237	2.886	0.103	0.725	0.896	0.131	0.198	0.033	0.037
EST1247210101S1K	5	Bact_nordii_FDAARGOS_1461.fa.gz	55722	54273	156660	0.591	4.291	2.502	0.098	0.643	0.858	0.229	0.169	0.021	0.024
EST1247210101S1K	6	Bact_xylanisolvens_funn3.fa.gz	63173	43216	124600	0.514	8.163	4.032	0.143	0.523	0.947	0.801	0.223	0.019	0.020
EST1247211101S1K	0	Bact_ovatus_BFG-107.fa.gz	65808	65540	149876	0.535	4.590	2.381	0.316	0.589	0.946	0.269	0.186	0.056	0.059
EST1247211101S1K	1	Bact_fragilis_BE1.fa.gz	51373	50628	114833	0.596	2.772	1.641	0.241	0.740	0.964	0.124	0.097	0.076	0.079
EST1247211101S1K	2	Bact_caccae_ATCC_43185.fa.gz	45196	43705	84634	0.413	2.366	0.969	0.162	0.665	0.977	0.147	0.049	0.029	0.029
EST1247211101S1K	3	Bact_thetaiotaomicron_CL06T03C18.fa.gz	57788	55607	66604	0.359	2.309	0.825	0.208	0.639	0.934	0.048	0.053	0.029	0.031
EST1254203101S1K	0	Bact_uniformis_CL06T03C05.fa.gz	52270	52026	208797	0.658	8.077	5.203	0.302	0.661	0.971	1.442	1.099	0.084	0.087
EST1254203101S1K	1	Bact_thetaiotaomicron_VPI_5482.fa.gz	61819	60917	174576	0.637	3.174	1.996	0.193	0.737	1.010	0.359	0.490	0.066	0.067
EST1254203101S1K	2	Bact_eggerthii_CL11T00C20.fa.gz	48513	45167	135780	0.559	4.612	2.512	0.226	0.609	0.885	0.602	0.463	0.041	0.047
EST1254203101S1K	3	Bact_salyersiae_BFG-288.fa.gz	52306	51257	110522	0.514	2.771	1.411	0.183	0.680	0.997	0.297	0.290	0.043	0.043
EST1254203101S1K	4	Bact_xylanisolvens_funn3.fa.gz	63173	56973	84184	0.473	3.280	1.507	0.270	0.607	1.006	0.940	0.351	0.047	0.047
EST1254204101S1K	0	Bact_uniformis_CL06T03C05.fa.gz	52270	52128	290334	0.755	12.667	9.384	0.316	0.755	0.876	2.221	1.350	0.119	0.136
EST1254204101S1K	1	Bact_caccae_BFG-100.fa.gz	49508	48626	250971	0.808	5.969	4.770	0.217	0.815	0.892	0.495	0.635	0.104	0.117
EST1254204101S1K	2	Bact_fragilis_FDAARGOS_1225.fa.gz	50988	49961	211687	0.692	4.171	2.867	0.171	0.734	0.932	0.701	0.391	0.059	0.064
EST1254204101S1K	3	Bact_ovatus_BFG-107.fa.gz	65808	61740	177090	0.641	4.145	2.589	0.234	0.693	0.870	0.855	0.444	0.063	0.072
EST1254206101S1K	0	Bact_caccae_BFG-100.fa.gz	49508	49210	332452	0.858	24.417	20.734	0.240	0.858	0.882	0.793	0.980	0.134	0.151
EST1254206101S1K	1	Bact_uniformis_CL06T03C05.fa.gz	52270	51158	290241	0.763	15.232	11.401	0.182	0.763	0.908	0.916	0.565	0.073	0.081
EST1254206101S1K	2	Bact_thetaiotaomicron_CL15T12C11.fa.gz	67497	63466	251209	0.703	16.641	11.580	0.278	0.703	0.965	0.750	0.706	0.093	0.096
EST1254206101S1K	3	Bact_sp._PHL_2737.fa.gz	54199	51855	206600	0.762	11.415	8.558	0.234	0.763	1.025	0.542	0.429	0.101	0.104
EST1254206101S1K	4	Bact_nordii_FDAARGOS_1461.fa.gz	55722	54095	167063	0.708	9.825	6.867	0.254	0.709	0.972	0.529	0.358	0.088	0.091
EST1254206101S1K	5	Bact_stercoris_BFG-121.fa.gz	38438	35763	128757	0.636	9.980	6.301	0.206	0.637	0.868	0.558	0.216	0.046	0.053
EST1254306101S1K	0	Bact_fragilis_BOB25.fa.gz	51699	51681	35899	0.529	2.528	1.309	0.687	0.724	0.997	2.383	1.637	0.190	0.191
EST1256805101S1K	0	Bact_sp._PHL_2737.fa.gz	54199	54052	51904	0.298	3.640	1.065	0.353	0.455	0.701	0.501	0.177	0.015	0.022
EST1256808101S1K	0	Bact_thetaiotaomicron_CL15T12C11.fa.gz	67497	67359	104355	0.438	2.913	1.261	0.310	0.612	0.930	0.298	0.092	0.047	0.051
EST1256810101S1K	0	Bact_uniformis_NBRC_113350.fa.gz	46678	46437	381410	0.765	102.241	77.551	0.367	0.765	0.918	2.340	4.453	0.151	0.165
EST1256810101S1K	1	Bact_fragilis_BE1.fa.gz	51373	50986	345866	0.957	19.528	18.563	0.152	0.957	0.902	1.282	1.168	0.121	0.134
EST1256810101S1K	2	Bact_stercoris_BFG-121.fa.gz	38438	37172	297055	0.747	49.593	36.842	0.259	0.747	0.932	2.109	1.686	0.101	0.108
EST1256810101S1K	3	Bact_caccae_ATCC_43185.fa.gz	45196	44639	269305	0.825	10.530	8.623	0.099	0.825	0.947	1.081	0.475	0.053	0.056
EST1256810101S1K	4	Bact_cellulosilyticus_BFG-250.fa.gz	68388	67490	232463	0.656	16.782	10.889	0.210	0.656	0.987	0.691	0.910	0.058	0.059
EST1256810101S1K	5	Bact_xylanisolvens_H207.fa.gz	62843	59405	188189	0.663	13.664	8.804	0.192	0.663	0.949	0.804	0.660	0.053	0.056
EST1256810101S1K	6	Bact_thetaiotaomicron_BFG-55.fa.gz	62134	57945	148796	0.738	5.957	4.343	0.113	0.747	0.955	0.271	0.312	0.044	0.046
EST1256810101S1K	7	Bact_uniformis_CL06T03C05.fa.gz	52270	19048	106052	0.417	71.308	28.885	0.283	0.417	0.921	3.203	0.694	0.019	0.021
EST1256810101S1K	8	Bact_ovatus_FDAARGOS_733.fa.gz	65151	46428	98105	0.568	7.263	4.106	0.133	0.578	0.832	0.337	0.235	0.021	0.025
EST1256811101S1K	0	Bact_uniformis_CL03T12C37.fa.gz	47712	47619	245975	0.725	17.333	12.403	0.314	0.725	0.928	1.266	0.547	0.111	0.120
EST1256811101S1K	1	Bact_thetaiotaomicron_BFG-55.fa.gz	62134	61540	211439	0.759	9.032	6.762	0.322	0.760	0.874	0.168	0.385	0.123	0.141
EST1256811101S1K	2	Bact_ovatus_V975.fa.gz	63623	62208	164739	0.700	5.049	3.481	0.248	0.722	0.915	0.088	0.201	0.083	0.090
EST1256811101S1K	3	Bact_xylanisolvens_funn3.fa.gz	63173	43795	121198	0.472	5.556	2.522	0.172	0.513	0.776	0.125	0.105	0.017	0.021
EST1256811101S1K	4	Bact_caccae_BFG-100.fa.gz	49508	46681	100546	0.472	3.368	1.574	0.134	0.596	0.938	0.094	0.068	0.021	0.023
EST1350510101S1K	0	Bact_fragilis_BE1.fa.gz	51373	51321	192543	0.968	104.177	100.371	0.543	0.968	0.918	4.458	4.370	0.453	0.494
EST1350510101S1K	1	Bact_ovatus_BFG-107.fa.gz	65808	65034	142839	0.864	48.506	40.610	0.627	0.864	0.858	3.201	2.301	0.347	0.405
EST1350510101S1K	2	Bact_thetaiotaomicron_BFG-55.fa.gz	62134	60103	86619	0.550	7.195	3.909	0.147	0.562	0.839	0.383	0.201	0.021	0.025
EST1350804101S1K	0	Bact_uniformis_CL06T06C18.fa.gz	47840	47570	114168	0.697	8.377	5.713	0.349	0.699	0.829	0.654	0.228	0.099	0.119
EST1350807101S1K	0	Bact_caccae_ATCC_43185.fa.gz	45196	45157	90098	0.511	2.471	1.252	0.298	0.716	0.981	0.207	0.100	0.077	0.078
EST1350807101S1K	1	Bact_xylanisolvens_funn3.fa.gz	63173	61603	67006	0.279	2.198	0.589	0.281	0.627	0.977	0.130	0.066	0.030	0.031
EST1356601101S1K	0	Bact_fragilis_DCMOUH0042B.fa.gz	50470	50402	83481	0.724	5.553	3.948	0.466	0.739	0.959	0.331	0.204	0.176	0.184
EST1356601101S1K	1	Bact_caccae_ATCC_43185.fa.gz	45196	44889	46965	0.374	2.507	0.931	0.181	0.618	0.983	0.106	0.042	0.025	0.026
EST1356602101S1K	0	Bact_fragilis_86-5443-2-2.fa.gz	52167	51955	123839	0.591	3.774	2.167	0.277	0.667	0.966	0.081	0.099	0.070	0.073
EST1356602101S1K	1	Bact_uniformis_CL06T06C18.fa.gz	47840	46980	93156	0.392	3.552	1.364	0.216	0.527	0.869	0.194	0.056	0.020	0.024
EST1356602101S1K	2	Bact_xylanisolvens_CL11T00C41.fa.gz	64926	62756	74721	0.311	2.805	0.853	0.231	0.541	1.100	0.082	0.047	0.019	0.021
EST1356609101S1K	0	Bact_uniformis_CL06T06C18.fa.gz	47840	47574	57006	0.369	4.628	1.668	0.287	0.454	0.673	0.215	0.062	0.015	0.022
EST1356611101S1K	0	Bact_uniformis_CL06T06C18.fa.gz	47840	47545	165242	0.711	36.281	25.272	0.535	0.711	0.924	2.715	1.565	0.178	0.192
EST1356611101S1K	1	Bact_caccae_BFG-100.fa.gz	49508	48910	131449	0.691	5.312	3.626	0.168	0.710	0.924	0.211	0.229	0.054	0.059
EST1356803101S1K	0	Bact_sp._PHL_2737.fa.gz	54199	54094	156512	0.758	6.522	4.853	0.421	0.764	0.935	0.436	0.340	0.174	0.186
EST1356803101S1K	1	Bact_ovatus_BFG-107.fa.gz	65808	64095	115497	0.489	3.533	1.687	0.301	0.601	0.945	0.372	0.141	0.050	0.053
EST1357102101S1K	0	Bact_fragilis_BFG-1.fa.gz	50672	50636	208766	0.786	4.153	3.192	0.195	0.820	0.951	0.182	0.179	0.098	0.103
EST1357102101S1K	1	Bact_uniformis_NBRC_113350.fa.gz	46678	46379	168953	0.693	4.591	3.148	0.216	0.724	0.917	0.146	0.160	0.072	0.079
EST1357102101S1K	2	Bact_caccae_ATCC_43185.fa.gz	45196	44711	136820	0.682	3.852	2.608	0.220	0.737	1.010	0.352	0.127	0.081	0.081
EST1357102101S1K	3	Bact_thetaiotaomicron_CL06T03C18.fa.gz	57788	56230	106312	0.590	3.404	1.997	0.271	0.683	0.916	0.082	0.122	0.068	0.075
EST1357102101S1K	4	Bact_ovatus_V975.fa.gz	63623	61038	73131	0.460	2.890	1.316	0.268	0.629	1.043	0.155	0.088	0.047	0.049
EST1357103101S1K	0	Bact_fragilis_CCUG4856T.fa.gz	51592	51567	26795	0.448	2.744	1.219	0.809	0.636	0.998	0.091	0.074	0.146	0.147
EST1357104101S1K	0	Bact_thetaiotaomicron_CL06T03C18.fa.gz	57788	57756	54255	0.404	2.627	1.055	0.345	0.620	0.906	0.053	0.143	0.049	0.054
EST1357104101S1K	1	Bact_uniformis_CL06T06C18.fa.gz	47840	47419	30907	0.334	2.899	0.947	0.394	0.546	0.920	0.362	0.107	0.036	0.039
EST1357107101S1K	0	Bact_uniformis_CL06T06C18.fa.gz	47840	47706	65850	0.376	3.770	1.386	0.224	0.501	0.771	0.348	0.078	0.016	0.021
EST1357108101S1K	0	Bact_ovatus_BFG-107.fa.gz	65808	65450	151410	0.680	3.981	2.633	0.318	0.733	0.916	0.287	0.318	0.107	0.116
EST1357108101S1K	1	Bact_uniformis_CL03T12C37.fa.gz	47712	46975	106888	0.444	3.241	1.414	0.178	0.587	1.108	0.521	0.121	0.025	0.027
EST1357108101S1K	2	Bact_caccae_ATCC_43185.fa.gz	45196	43772	86037	0.419	2.327	0.968	0.137	0.676	0.995	0.190	0.077	0.026	0.026
EST1358302101S1K	0	Bact_fragilis_BOB25.fa.gz	51699	51661	166509	0.790	10.447	8.091	0.283	0.790	0.985	0.919	0.627	0.137	0.139
EST1358302101S1K	1	Bact_uniformis_CL06T06C18.fa.gz	47840	47168	125705	0.610	16.713	9.971	0.445	0.610	0.976	0.838	0.707	0.098	0.101
EST1358302101S1K	2	Bact_ovatus_BFG-107.fa.gz	65808	64437	96945	0.587	4.902	2.799	0.309	0.625	0.989	0.461	0.273	0.070	0.071
EST1359006101S1K	0	Bact_fragilis_BE1.fa.gz	51373	51292	268651	0.826	43.577	35.824	0.465	0.826	0.960	1.887	2.472	0.252	0.262
EST1359006101S1K	1	Bact_uniformis_CL06T06C18.fa.gz	47840	47055	226274	0.791	18.985	14.716	0.333	0.791	0.866	2.875	0.946	0.143	0.165
EST1359006101S1K	2	Bact_thetaiotaomicron_CL15T12C11.fa.gz	67497	65920	189060	0.657	6.739	4.379	0.206	0.666	0.922	0.206	0.391	0.055	0.060
EST1359006101S1K	3	Bact_xylanisolvens_funn3.fa.gz	63173	59183	145731	0.523	3.920	1.979	0.108	0.607	1.023	0.345	0.163	0.020	0.021
EST1361001101S1K	0	Bact_stercoris_BFG-121.fa.gz	38438	36506	260625	0.687	13.908	9.488	0.268	0.687	0.970	0.423	0.400	0.084	0.087
EST1361001101S1K	1	Bact_xylanisolvens_CL11T00C03.fa.gz	61640	59937	235539	0.750	5.271	3.801	0.248	0.767	0.904	0.375	0.272	0.099	0.109
EST1361001101S1K	2	Bact_caccae_BFG-100.fa.gz	49508	46574	190591	0.767	4.758	3.608	0.237	0.788	0.997	0.320	0.195	0.113	0.113
EST1361001101S1K	3	Bact_sp._PHL_2737.fa.gz	54199	51469	154863	0.653	3.848	2.476	0.236	0.713	1.027	0.100	0.148	0.076	0.078
EST1361001101S1K	4	Bact_ovatus_BFG-107.fa.gz	65808	43437	121240	0.496	3.904	1.892	0.201	0.584	0.845	0.145	0.096	0.029	0.034
EST1361001101S1K	5	Bact_thetaiotaomicron_VPI_5482.fa.gz	61819	58367	99705	0.457	2.762	1.248	0.220	0.641	1.076	0.069	0.084	0.038	0.041
EST1361001101S1K	6	Bact_uniformis_NBRC_113350.fa.gz	46678	41764	73046	0.441	2.787	1.215	0.197	0.626	1.036	0.063	0.059	0.033	0.034
EST1361002101S1K	0	Bact_caccae_BFG-100.fa.gz	49508	49450	132041	0.829	6.794	5.566	0.531	0.832	0.985	0.714	0.468	0.300	0.305
EST1361002101S1K	1	Bact_ovatus_BFG-107.fa.gz	65808	63737	91050	0.529	2.957	1.519	0.405	0.677	0.887	0.168	0.168	0.087	0.098
EST1361004101S1K	0	Bact_uniformis_CL06T06C18.fa.gz	47840	47580	204148	0.736	66.251	48.180	0.426	0.736	0.944	2.971	3.062	0.160	0.170
EST1361004101S1K	1	Bact_ovatus_V975.fa.gz	63623	63345	169122	0.789	27.287	21.215	0.437	0.789	0.970	2.311	1.801	0.209	0.215
EST1361004101S1K	2	Bact_caccae_ATCC_43185.fa.gz	45196	43394	119113	0.788	14.035	10.987	0.273	0.788	0.985	1.903	0.634	0.132	0.134
EST1361007101S1K	0	Bact_uniformis_NBRC_113350.fa.gz	46678	46579	156599	0.801	7.656	6.067	0.404	0.803	0.862	0.616	0.758	0.180	0.209
EST1361007101S1K	1	Bact_caccae_BFG-100.fa.gz	49508	49104	119282	0.672	3.761	2.495	0.295	0.732	0.960	0.755	0.329	0.102	0.106
EST1361007101S1K	2	Bact_ovatus_BFG-107.fa.gz	65808	62886	86299	0.399	3.118	1.215	0.264	0.567	1.028	0.402	0.208	0.033	0.034
EST1361007101S1K	3	Bact_thetaiotaomicron_CL06T03C18.fa.gz	57788	55585	61199	0.305	2.202	0.668	0.171	0.626	0.972	0.102	0.099	0.020	0.020
EST1361008101S1K	0	Bact_uniformis_NBRC_113350.fa.gz	46678	46542	97286	0.619	4.524	2.768	0.374	0.660	0.957	0.245	0.189	0.097	0.101
EST1361008101S1K	1	Bact_ovatus_BFG-107.fa.gz	65808	64493	68480	0.377	2.804	1.031	0.313	0.587	0.938	0.258	0.099	0.038	0.041
EST2356804102S1K	0	Bact_uniformis_CL06T06C18.fa.gz	47840	47806	47443	0.368	3.028	1.088	0.368	0.554	0.917	0.213	0.078	0.038	0.042
stools_11001150	0	Bact_caccae_ATCC_43185.fa.gz	45196	45150	137573	0.817	17.109	13.868	0.408	0.817	0.989	0.732	0.490	0.220	0.222
stools_11001150	1	Bact_eggerthii_CL11T00C20.fa.gz	48513	48057	100696	0.671	15.071	9.830	0.530	0.671	1.007	0.411	0.377	0.159	0.160
stools_11001150	2	Bact_ovatus_V975.fa.gz	63623	61433	68446	0.429	3.251	1.375	0.199	0.574	1.046	0.059	0.067	0.027	0.028
stools_11002101	0	Bact_sp._PHL_2737.fa.gz	54199	53911	205739	0.855	13.965	11.744	0.411	0.855	0.812	1.514	1.026	0.208	0.256
stools_11002101	1	Bact_caccae_ATCC_43185.fa.gz	45196	44870	159665	0.813	8.271	6.673	0.326	0.814	0.990	0.803	0.481	0.174	0.176
stools_11002101	2	Bact_thetaiotaomicron_CL06T03C18.fa.gz	57788	56278	123206	0.605	4.808	2.890	0.263	0.640	0.976	0.182	0.261	0.064	0.065
stools_11002150	0	Bact_ovatus_V975.fa.gz	63623	63525	194647	0.785	15.644	12.111	0.335	0.785	0.948	1.005	0.849	0.154	0.162
stools_11002150	1	Bact_caccae_BFG-100.fa.gz	49508	48042	144783	0.820	10.011	8.122	0.255	0.820	0.902	0.934	0.429	0.127	0.141
stools_11002150	2	Bact_uniformis_CL06T03C05.fa.gz	52270	50301	105383	0.694	11.487	7.856	0.348	0.695	0.994	0.596	0.437	0.116	0.117
stools_11004101	0	Bact_uniformis_CL03T12C37.fa.gz	47712	47661	64933	0.425	2.811	1.178	0.232	0.614	0.976	0.432	0.113	0.036	0.037
stools_11004101	1	Bact_ovatus_FDAARGOS_733.fa.gz	65151	64767	44682	0.282	2.376	0.666	0.231	0.581	0.856	0.055	0.086	0.019	0.022
stools_11006501	0	Bact_fragilis_DCMOUH0017B.fa.gz	53308	53184	61897	0.621	3.952	2.391	0.500	0.683	1.016	0.358	0.179	0.143	0.145
stools_11007101	0	Bact_ovatus_BFG-107.fa.gz	65808	65495	104597	0.603	3.673	2.147	0.448	0.682	0.949	0.134	0.123	0.120	0.126
stools_11007101	1	Bact_fragilis_GUT04.fa.gz	52693	52046	65118	0.401	2.452	0.974	0.287	0.644	1.025	0.065	0.043	0.046	0.048
stools_11007101	2	Bact_thetaiotaomicron_CL11T00C24.fa.gz	65660	61794	44271	0.272	2.213	0.591	0.292	0.609	1.018	0.075	0.032	0.029	0.029
stools_11007150	0	Bact_fragilis_BE1.fa.gz	51373	51308	234129	0.815	27.819	22.563	0.468	0.815	0.939	1.047	1.417	0.238	0.254
stools_11007150	1	Bact_uniformis_CL06T06C18.fa.gz	47840	47026	192294	0.763	12.557	9.394	0.341	0.763	0.848	1.692	0.549	0.128	0.151
stools_11007150	2	Bact_sp._PHL_2737.fa.gz	54199	47651	156416	0.630	5.091	3.157	0.175	0.658	1.122	0.134	0.186	0.043	0.048
stools_11007150	3	Bact_ovatus_V975.fa.gz	63623	62991	126387	0.607	3.472	2.075	0.185	0.694	0.977	0.154	0.162	0.053	0.054
stools_11008150	0	Bact_thetaiotaomicron_BFG-55.fa.gz	62134	62013	83403	0.484	3.003	1.429	0.302	0.636	0.879	0.216	0.141	0.052	0.059
stools_11008150	1	Bact_caccae_BFG-100.fa.gz	49508	48029	53415	0.354	2.243	0.786	0.183	0.651	0.982	0.253	0.060	0.027	0.027
stools_11008501	0	Bact_intestinalis_APC919_174.fa.gz	56963	56862	166008	0.749	16.526	12.294	0.389	0.749	0.997	0.567	0.665	0.163	0.163
stools_11008501	1	Bact_uniformis_CL06T06C18.fa.gz	47840	47193	123418	0.770	12.712	9.659	0.417	0.770	0.792	1.144	0.436	0.151	0.190
stools_11009101	0	Bact_ovatus_BFG-107.fa.gz	65808	65507	66628	0.442	3.170	1.361	0.358	0.595	0.893	0.323	0.116	0.050	0.056
stools_11009150	0	Bact_uniformis_CL06T06C18.fa.gz	47840	47568	80847	0.522	3.870	1.974	0.310	0.606	0.791	0.269	0.115	0.047	0.059
stools_11009150	1	Bact_eggerthii_CL11T00C20.fa.gz	48513	45344	56033	0.336	3.410	1.115	0.243	0.500	0.762	0.103	0.062	0.016	0.020
stools_11009501	0	Bact_fragilis_DCMOUH0017B.fa.gz	53308	53102	177034	0.787	15.789	12.115	0.535	0.787	0.978	0.990	0.703	0.255	0.261
stools_11009501	1	Bact_uniformis_CL06T03C05.fa.gz	52270	51708	135245	0.575	4.571	2.576	0.237	0.622	0.931	0.140	0.145	0.049	0.053
stools_11009501	2	Bact_thetaiotaomicron_CL11T00C24.fa.gz	65660	61348	105532	0.400	2.802	1.106	0.158	0.598	0.891	0.184	0.073	0.020	0.023
stools_11011150	0	Bact_fragilis_BOB25.fa.gz	51699	51654	106520	0.847	11.596	9.631	0.597	0.847	0.964	0.975	0.582	0.350	0.363
stools_11011501	0	Bact_thetaiotaomicron_CL15T12C11.fa.gz	67497	67337	117781	0.543	3.191	1.712	0.303	0.663	0.892	0.067	0.123	0.064	0.072
stools_11011501	1	Bact_uniformis_CL03T12C37.fa.gz	47712	45864	81194	0.400	2.520	0.995	0.172	0.634	0.976	0.219	0.049	0.027	0.028
stools_11011501	2	Bact_ovatus_BFG-107.fa.gz	65808	61129	62871	0.356	2.959	1.028	0.289	0.554	1.035	0.121	0.068	0.030	0.031
stools_11013150	0	Bact_fragilis_S14.fa.gz	48511	48445	171617	0.811	52.328	42.210	0.637	0.811	0.984	4.687	2.987	0.334	0.339
stools_11014101	0	Bact_thetaiotaomicron_BFG-55.fa.gz	62134	62087	152698	0.856	96.223	81.199	0.467	0.856	0.887	2.786	5.242	0.260	0.293
stools_11014101	1	Bact_fragilis_BOB25.fa.gz	51699	50974	99551	0.813	35.793	28.535	0.254	0.813	1.000	2.189	1.520	0.137	0.137
stools_11014101	2	Bact_stercoris_BFG-121.fa.gz	38438	37256	58121	0.613	91.707	55.855	0.482	0.613	1.004	3.693	2.148	0.111	0.111
stools_11014101	3	Bact_thetaiotaomicron_CL15T12C11.fa.gz	67497	26674	35275	0.444	79.605	35.047	0.418	0.444	0.957	2.553	0.966	0.035	0.037
stools_11014150	0	Bact_stercoris_BFG-121.fa.gz	38438	38022	288792	0.686	18.889	12.892	0.268	0.686	0.942	0.575	0.478	0.082	0.087
stools_11014150	1	Bact_xylanisolvens_CL11T00C03.fa.gz	61640	60326	262690	0.760	6.061	4.444	0.206	0.769	0.897	0.510	0.269	0.083	0.093
stools_11014150	2	Bact_caccae_CL03T12C61.fa.gz	53897	51182	216844	0.708	6.385	4.461	0.216	0.716	0.958	0.155	0.224	0.075	0.078
stools_11014150	3	Bact_cellulosilyticus_BFG-250.fa.gz	68388	67687	180628	0.512	4.460	2.259	0.184	0.572	0.795	0.097	0.150	0.024	0.031
stools_11014150	4	Bact_sp._PHL_2737.fa.gz	54199	51517	145970	0.534	4.713	2.483	0.189	0.583	1.397	0.238	0.126	0.025	0.034
stools_11014150	5	Bact_intestinalis_APC919_174.fa.gz	56963	47758	118448	0.493	3.420	1.663	0.145	0.608	0.982	0.139	0.078	0.026	0.026
stools_11014150	6	Bact_uniformis_NBRC_113350.fa.gz	46678	41994	94916	0.466	3.365	1.553	0.139	0.591	1.072	0.071	0.064	0.021	0.023
stools_11015101	0	Bact_fragilis_BOB25.fa.gz	51699	51671	48714	0.586	3.343	1.920	0.284	0.687	0.988	0.451	0.128	0.077	0.078
stools_11015150	0	Bact_ovatus_V975.fa.gz	63623	63507	98897	0.420	3.176	1.311	0.235	0.575	1.006	0.474	0.111	0.032	0.033
stools_11016101	0	Bact_fragilis_YCH46.fa.gz	52109	51977	174024	0.811	50.854	40.886	0.508	0.811	0.962	1.555	1.498	0.261	0.272
stools_11016101	1	Bact_thetaiotaomicron_CL11T00C24.fa.gz	65660	64798	131847	0.878	9.941	8.553	0.272	0.878	0.887	0.597	0.395	0.163	0.184
stools_11016101	2	Bact_ovatus_BFG-107.fa.gz	65808	61584	74982	0.639	14.623	9.119	0.381	0.639	0.941	0.796	0.402	0.093	0.099
stools_11016150	0	Bact_uniformis_CL06T06C18.fa.gz	47840	47660	57593	0.471	5.342	2.459	0.368	0.515	0.700	0.380	0.140	0.032	0.046
stools_11016501	0	Bact_fragilis_DCMOUH0017B.fa.gz	53308	53163	61039	0.754	7.716	5.648	0.485	0.756	0.983	0.731	0.355	0.206	0.209
stools_11017101	0	Bact_ovatus_BFG-107.fa.gz	65808	65277	141541	0.621	3.933	2.375	0.282	0.685	0.965	0.514	0.242	0.079	0.082
stools_11017101	1	Bact_uniformis_NBRC_113350.fa.gz	46678	45388	101014	0.643	5.040	3.209	0.363	0.670	1.019	0.343	0.223	0.103	0.105
stools_11017501	0	Bact_caccae_BFG-100.fa.gz	49508	49457	173496	0.706	6.028	4.201	0.238	0.716	0.885	0.402	0.169	0.076	0.086
stools_11017501	1	Bact_sp._PHL_2737.fa.gz	54199	52373	138602	0.534	4.367	2.291	0.182	0.594	1.191	0.114	0.098	0.029	0.034
stools_11017501	2	Bact_ovatus_V975.fa.gz	63623	62009	110633	0.490	4.565	2.203	0.253	0.551	0.993	0.194	0.112	0.037	0.038
stools_11018101	0	Bact_fragilis_GUT04.fa.gz	52693	52686	10615	0.170	2.265	0.380	0.741	0.537	1.021	0.017	0.013	0.035	0.036
stools_11018102	0	Bact_fragilis_Q1F2.fa.gz	50776	50450	82098	0.660	8.453	5.461	0.460	0.662	0.995	0.608	0.280	0.133	0.133
stools_11019101	0	Bact_uniformis_CL03T12C37.fa.gz	47712	47677	91813	0.677	9.110	6.061	0.496	0.678	0.976	1.487	0.738	0.151	0.155
stools_11019501	0	Bact_uniformis_CL03T12C37.fa.gz	47712	47684	69889	0.610	5.420	3.248	0.473	0.635	0.984	1.200	0.567	0.114	0.116
stools_11020101	0	Bact_uniformis_NBRC_113350.fa.gz	46678	46368	151418	0.710	5.294	3.718	0.200	0.728	0.875	0.300	0.262	0.066	0.075
stools_11020101	1	Bact_caccae_BFG-100.fa.gz	49508	49087	118496	0.667	5.586	3.680	0.262	0.684	0.967	1.010	0.274	0.079	0.082
stools_11020150	0	Bact_fragilis_Q1F2.fa.gz	50776	50566	67670	0.535	4.580	2.401	0.320	0.589	0.923	0.340	0.109	0.055	0.059
stools_11020501	0	Bact_sp._PHL_2737.fa.gz	54199	54082	244960	0.844	28.512	23.646	0.242	0.844	0.963	0.636	1.821	0.140	0.145
stools_11020501	1	Bact_uniformis_CL03T12C37.fa.gz	47712	47140	199333	0.665	51.405	33.931	0.395	0.665	0.960	5.609	2.257	0.111	0.116
stools_11020501	2	Bact_ovatus_BFG-107.fa.gz	65808	63693	167981	0.777	12.740	9.666	0.255	0.777	0.858	0.419	0.883	0.103	0.120
stools_11020501	3	Bact_caccae_BFG-100.fa.gz	49508	46806	118480	0.764	12.554	9.487	0.244	0.764	0.988	0.726	0.629	0.108	0.109
stools_11020501	4	Bact_ovatus_V975.fa.gz	63623	31903	82707	0.593	7.189	4.204	0.098	0.602	0.825	0.147	0.191	0.017	0.021
stools_11021101	0	Bact_ovatus_BFG-107.fa.gz	65808	65703	85580	0.529	2.894	1.487	0.462	0.684	0.935	2.428	1.644	0.107	0.114
stools_11021101	1	Bact_ovatus_V975.fa.gz	63623	32230	50803	0.317	2.310	0.722	0.201	0.617	0.977	1.132	0.386	0.024	0.024
stools_11021150	0	Bact_uniformis_CL06T06C18.fa.gz	47840	47747	93502	0.690	20.258	13.771	0.619	0.690	0.986	1.263	0.782	0.200	0.203
stools_11021501	0	Bact_fragilis_BE1.fa.gz	51373	51351	63187	0.809	20.984	16.841	0.734	0.809	0.978	2.321	1.704	0.380	0.388
stools_11022150	0	Bact_uniformis_CL03T12C37.fa.gz	47712	47650	224279	0.779	9.470	7.247	0.262	0.779	0.878	0.748	0.367	0.109	0.124
stools_11022150	1	Bact_faecis_BFG-108.fa.gz	61256	60548	187174	0.685	5.041	3.375	0.211	0.709	0.954	0.261	0.219	0.069	0.073
stools_11022150	2	Bact_xylanisolvens_funn3.fa.gz	63173	60607	145689	0.630	5.218	3.170	0.255	0.658	0.920	0.242	0.208	0.064	0.070
stools_11022150	3	Bact_eggerthii_CL11T00C20.fa.gz	48513	44735	107477	0.478	6.770	3.156	0.249	0.500	0.676	0.151	0.151	0.020	0.030
stools_11023101	0	Bact_sp._PHL_2737.fa.gz	54199	53851	242567	0.818	23.103	18.594	0.273	0.818	0.936	1.382	0.805	0.140	0.150
stools_11023101	1	Bact_uniformis_NBRC_113350.fa.gz	46678	44192	198497	0.742	23.872	17.540	0.289	0.742	0.948	0.693	0.620	0.112	0.118
stools_11023101	2	Bact_ovatus_BFG-107.fa.gz	65808	63634	165691	0.743	14.719	10.695	0.362	0.743	0.923	0.872	0.551	0.137	0.149
stools_11023150	0	Bact_ovatus_V975.fa.gz	63623	63541	98777	0.631	3.953	2.456	0.343	0.691	0.961	0.586	0.201	0.099	0.103
stools_11024101	0	Bact_uniformis_CL06T06C18.fa.gz	47840	47750	82094	0.662	5.456	3.533	0.424	0.682	0.976	0.451	0.304	0.127	0.131
stools_11024101	1	Bact_xylanisolvens_CL11T00C03.fa.gz	61640	59215	50469	0.431	4.128	1.705	0.448	0.527	1.004	0.267	0.186	0.053	0.054
stools_11024150	0	Bact_fragilis_GUT04.fa.gz	52693	52643	35100	0.442	6.410	2.802	0.301	0.470	1.703	0.435	0.131	0.017	0.029
stools_11025101	0	Bact_uniformis_NBRC_113350.fa.gz	46678	46524	185072	0.793	20.849	16.358	0.473	0.793	0.898	0.767	0.760	0.212	0.236
stools_11025101	1	Bact_xylanisolvens_CL11T00C03.fa.gz	61640	59908	148181	0.710	5.645	3.846	0.280	0.726	0.866	0.642	0.237	0.091	0.105
stools_11025101	2	Bact_thetaiotaomicron_CL15T12C11.fa.gz	67497	65075	105635	0.465	5.003	2.306	0.245	0.516	0.877	0.201	0.150	0.027	0.030
stools_11025102	0	Bact_cellulosilyticus_CL06T03C01.fa.gz	70714	70306	186077	0.646	10.457	6.672	0.345	0.647	0.979	0.587	0.692	0.091	0.093
stools_11025102	1	Bact_uniformis_CL06T06C18.fa.gz	47840	45800	140660	0.727	7.814	5.562	0.289	0.730	0.890	1.009	0.379	0.100	0.112
stools_11025102	2	Bact_xylanisolvens_funn3.fa.gz	63173	61110	107367	0.567	5.506	3.011	0.298	0.596	0.970	0.407	0.278	0.058	0.060
stools_11026101	0	Bact_uniformis_CL06T06C18.fa.gz	47840	47671	77609	0.468	4.328	1.982	0.303	0.543	0.802	0.675	0.205	0.034	0.042
stools_11026102	0	Bact_uniformis_NBRC_113350.fa.gz	46678	46477	124955	0.613	5.340	3.235	0.265	0.638	0.937	0.644	0.171	0.062	0.066
stools_11027101	0	Bact_xylanisolvens_CL11T00C41.fa.gz	64926	64650	72243	0.425	3.806	1.575	0.314	0.536	0.933	0.874	0.274	0.036	0.038
stools_11027150	0	Bact_stercoris_BFG-121.fa.gz	38438	38254	153805	0.598	8.298	4.923	0.253	0.603	0.688	0.426	0.252	0.038	0.055
stools_11027150	1	Bact_ovatus_V975.fa.gz	63623	63254	130924	0.593	4.013	2.343	0.269	0.656	0.893	0.301	0.200	0.061	0.069
stools_11027150	2	Bact_uniformis_CL06T03C05.fa.gz	52270	50517	93398	0.443	4.715	2.057	0.258	0.508	1.068	0.267	0.140	0.028	0.029
stools_11027501	0	Bact_uniformis_CL06T06C18.fa.gz	47840	47672	154598	0.775	10.460	7.946	0.414	0.775	0.915	0.860	0.501	0.176	0.193
stools_11027501	1	Bact_ovatus_V975.fa.gz	63623	63316	117653	0.629	4.176	2.585	0.304	0.680	0.986	0.238	0.216	0.087	0.088
stools_11027501	2	Bact_thetaiotaomicron_7330.fa.gz	63676	61297	77833	0.401	2.964	1.171	0.191	0.581	1.010	0.113	0.095	0.026	0.026
stools_11028150	0	Bact_ovatus_3725_D1_iv.fa.gz	68829	68543	134943	0.688	5.072	3.402	0.352	0.712	0.884	0.593	0.208	0.108	0.123
stools_11028501	0	Bact_fragilis_DK1985.fa.gz	52714	52571	224028	0.818	38.704	31.386	0.604	0.818	0.954	1.952	1.678	0.316	0.331
stools_11028501	1	Bact_ovatus_CL06T03C20.fa.gz	65365	64752	181018	0.637	4.897	3.083	0.185	0.668	0.814	0.141	0.204	0.043	0.053
stools_11028501	2	Bact_uniformis_CL06T03C05.fa.gz	52270	49947	139742	0.588	5.232	3.016	0.173	0.618	0.973	0.244	0.155	0.038	0.039
stools_11028501	3	Bact_caccae_BFG-100.fa.gz	49508	46357	110388	0.503	4.778	2.377	0.152	0.554	0.939	0.439	0.112	0.022	0.023
stools_11029101	0	Bact_caccae_BFG-100.fa.gz	49508	49451	36956	0.451	3.057	1.361	0.385	0.606	1.001	0.488	0.188	0.064	0.064
stools_11029150	0	Bact_caccae_BFG-100.fa.gz	49508	49453	24060	0.288	2.610	0.742	0.284	0.550	1.005	0.366	0.104	0.025	0.025
stools_11029501	0	Bact_caccae_BFG-100.fa.gz	49508	49450	32052	0.392	2.735	1.057	0.290	0.600	1.007	0.312	0.090	0.041	0.041
stools_11030101	0	Bact_fragilis_BE1.fa.gz	51373	51322	102478	0.822	88.278	72.093	0.714	0.822	0.972	3.374	2.997	0.385	0.396
stools_11030101	1	Bact_xylanisolvens_funn3.fa.gz	63173	62277	60310	0.476	12.999	5.955	0.258	0.478	1.118	0.825	0.310	0.025	0.028
stools_11030150	0	Bact_fragilis_BFG-1.fa.gz	50672	50646	40285	0.609	3.544	2.108	0.263	0.693	0.959	0.363	0.095	0.074	0.077
stools_11032150	0	Bact_fragilis_GUT04.fa.gz	52693	52593	40246	0.451	5.333	2.383	0.305	0.497	1.934	0.351	0.107	0.018	0.034
stools_11033150	0	Bact_ovatus_V975.fa.gz	63623	63516	168105	0.619	4.102	2.498	0.254	0.675	0.969	0.133	0.161	0.069	0.072
stools_11033150	1	Bact_caccae_CL03T12C61.fa.gz	53897	51901	128781	0.575	4.154	2.354	0.261	0.635	0.914	0.206	0.124	0.055	0.061
stools_11033150	2	Bact_uniformis_CL03T12C37.fa.gz	47712	46581	98959	0.467	3.436	1.577	0.213	0.588	1.005	0.245	0.075	0.034	0.034
stools_11033150	3	Bact_thetaiotaomicron_CL15T12C11.fa.gz	67497	60948	77212	0.337	2.707	0.905	0.202	0.566	0.897	0.050	0.056	0.020	0.022
stools_11033501	0	Bact_caccae_BFG-100.fa.gz	49508	49430	137452	0.862	119.952	102.525	0.653	0.862	1.005	5.231	5.155	0.416	0.418
stools_11033501	1	Bact_ovatus_BFG-107.fa.gz	65808	63634	94841	0.677	24.902	16.337	0.395	0.677	0.853	2.668	1.082	0.104	0.123
stools_11034101	0	Bact_fragilis_BE1.fa.gz	51373	51342	60474	0.789	10.022	7.843	0.591	0.790	0.982	0.720	0.426	0.286	0.291
stools_11034501	0	Bact_fragilis_FDAARGOS_1225.fa.gz	50988	50790	107187	0.803	23.322	18.589	0.668	0.803	0.945	2.270	1.515	0.326	0.345
stools_11036101	0	Bact_fragilis_BOB25.fa.gz	51699	51638	159149	0.770	6.981	5.268	0.337	0.774	0.981	0.217	0.268	0.153	0.156
stools_11036101	1	Bact_uniformis_CL03T12C37.fa.gz	47712	47351	119376	0.600	5.359	3.173	0.279	0.627	1.002	0.459	0.147	0.066	0.066
stools_11036101	2	Bact_ovatus_BFG-107.fa.gz	65808	63815	90951	0.396	3.826	1.477	0.246	0.513	1.009	0.119	0.093	0.025	0.026
stools_11037101	0	Bact_intestinalis_APC919_174.fa.gz	56963	56771	349942	0.926	282.120	260.493	0.663	0.926	1.002	10.343	13.147	0.526	0.527
stools_11037101	1	Bact_thetaiotaomicron_CL06T03C18.fa.gz	57788	57452	297353	0.890	23.362	20.658	0.159	0.890	0.768	0.994	1.058	0.086	0.112
stools_11037101	2	Bact_fragilis_YCH46.fa.gz	52109	51505	246243	0.798	33.935	26.788	0.220	0.798	0.959	2.937	1.236	0.107	0.112
stools_11037101	3	Bact_uniformis_CL06T06C18.fa.gz	47840	45635	205140	0.638	54.939	34.652	0.324	0.638	0.972	3.964	1.416	0.082	0.084
stools_11037101	4	Bact_xylanisolvens_H207.fa.gz	62843	59866	176045	0.623	11.564	7.021	0.129	0.624	0.921	1.579	0.382	0.029	0.031
stools_11038101	0	Bact_fragilis_BOB25.fa.gz	51699	51664	88402	0.950	16.466	15.322	0.727	0.950	0.954	1.034	0.752	0.595	0.623
stools_11038150	0	Bact_uniformis_CL06T06C18.fa.gz	47840	47505	101688	0.666	7.410	4.830	0.389	0.672	0.790	0.584	0.227	0.092	0.117
stools_11038501	0	Bact_fragilis_DCMOUH0017B.fa.gz	53308	53085	72457	0.832	20.112	16.479	0.695	0.832	0.962	1.108	0.770	0.386	0.401
stools_11039150	0	Bact_uniformis_CL03T12C37.fa.gz	47712	47606	179544	0.670	30.571	20.138	0.336	0.670	0.958	2.851	1.058	0.097	0.101
stools_11039150	1	Bact_thetaiotaomicron_CL15T12C11.fa.gz	67497	65434	147666	0.640	16.320	10.349	0.354	0.640	0.896	0.302	0.742	0.083	0.093
stools_11039501	0	Bact_caccae_BFG-100.fa.gz	49508	49468	102675	0.536	3.611	1.912	0.220	0.629	0.982	0.419	0.092	0.046	0.047
stools_11041101	0	Bact_fragilis_638R.fa.gz	53091	53031	156428	0.856	89.791	76.375	0.789	0.856	0.943	3.475	2.935	0.467	0.495
stools_11041101	1	Bact_uniformis_NBRC_113350.fa.gz	46678	45950	111016	0.755	7.429	5.548	0.236	0.758	0.943	0.245	0.185	0.097	0.103
stools_11041102	0	Bact_caccae_ATCC_43185.fa.gz	45196	45126	178920	0.772	5.824	4.467	0.255	0.781	0.998	0.263	0.406	0.120	0.120
stools_11041102	1	Bact_fragilis_638R.fa.gz	53091	52758	144073	0.601	3.653	2.174	0.195	0.678	0.959	0.322	0.231	0.052	0.054
stools_11041102	2	Bact_xylanisolvens_CL11T00C03.fa.gz	61640	59057	112385	0.555	3.855	2.058	0.264	0.637	0.914	0.641	0.253	0.054	0.060
stools_11041102	3	Bact_uniformis_CL06T03C05.fa.gz	52270	49875	79584	0.474	4.797	2.227	0.323	0.531	1.059	0.366	0.227	0.041	0.043
stools_11041150	0	Bact_uniformis_CL03T12C37.fa.gz	47712	47652	137766	0.758	15.352	11.469	0.426	0.758	0.903	0.814	0.408	0.167	0.185
stools_11041150	1	Bact_xylanisolvens_H207.fa.gz	62843	61459	101667	0.486	6.510	3.066	0.260	0.510	0.834	0.145	0.143	0.027	0.033
stools_11042150	0	Bact_ovatus_V975.fa.gz	63623	63521	240211	0.838	22.020	18.170	0.352	0.838	0.919	1.135	1.325	0.190	0.207
stools_11042150	1	Bact_caccae_CL03T12C61.fa.gz	53897	51867	186976	0.797	14.122	11.100	0.270	0.797	0.910	1.080	0.659	0.124	0.137
stools_11042150	2	Bact_uniformis_CL06T06C18.fa.gz	47840	46724	145651	0.730	11.881	8.498	0.257	0.731	0.945	1.549	0.458	0.095	0.100
stools_11042501	0	Bact_uniformis_CL06T03C05.fa.gz	52270	52083	290465	0.742	199.004	145.036	0.526	0.742	0.941	9.291	7.728	0.202	0.215
stools_11042501	1	Bact_caccae_ATCC_43185.fa.gz	45196	44964	251839	0.868	27.797	23.928	0.157	0.868	0.961	2.415	1.091	0.098	0.102
stools_11042501	2	Bact_thetaiotaomicron_VPI_5482.fa.gz	61819	59905	212816	0.928	14.939	13.688	0.142	0.928	0.976	0.497	0.835	0.111	0.113
stools_11042501	3	Bact_ovatus_BFG-107.fa.gz	65808	61395	157249	0.794	17.219	13.294	0.168	0.794	0.874	0.758	0.844	0.073	0.084
stools_11042501	4	Bact_fragilis_FDAARGOS_763.fa.gz	53779	52380	108515	0.707	28.206	19.720	0.250	0.707	0.976	1.729	1.050	0.086	0.089
stools_11044150	0	Bact_sp._PHL_2737.fa.gz	54199	54073	273411	0.810	92.348	73.698	0.543	0.810	0.894	4.320	4.600	0.258	0.288
stools_11044150	1	Bact_uniformis_NBRC_113350.fa.gz	46678	44262	229623	0.779	21.598	16.647	0.219	0.779	0.889	1.128	0.847	0.092	0.103
stools_11044150	2	Bact_stercoris_BFG-121.fa.gz	38438	36895	195149	0.694	26.008	17.921	0.250	0.694	0.807	1.200	0.758	0.067	0.084
stools_11044150	3	Bact_intestinalis_APC919_174.fa.gz	56963	56265	169545	0.754	9.429	7.024	0.200	0.754	0.967	1.191	0.455	0.083	0.086
stools_11044150	4	Bact_ovatus_BFG-107.fa.gz	65808	63109	127149	0.546	6.069	3.242	0.131	0.569	0.909	0.637	0.238	0.021	0.023
stools_11044501	0	Bact_sp._PHL_2737.fa.gz	54199	54126	181674	0.765	7.831	5.882	0.318	0.767	0.908	2.407	2.324	0.130	0.143
stools_11044501	1	Bact_uniformis_NBRC_113350.fa.gz	46678	44269	140271	0.659	5.826	3.799	0.244	0.674	0.949	1.512	1.218	0.069	0.073
stools_11044501	2	Bact_stercoris_BFG-121.fa.gz	38438	36879	111097	0.612	6.917	4.206	0.297	0.622	0.849	1.629	1.120	0.060	0.070
stools_11044501	3	Bact_intestinalis_APC919_174.fa.gz	56963	56259	88513	0.507	3.704	1.857	0.286	0.600	0.989	1.762	0.757	0.052	0.052
stools_11045150	0	Bact_uniformis_CL06T06C18.fa.gz	47840	47759	58807	0.342	2.835	0.949	0.252	0.559	0.951	0.269	0.086	0.026	0.027
stools_11045150	1	Bact_fragilis_BFG-1.fa.gz	50672	50074	42457	0.323	2.321	0.733	0.274	0.622	0.986	0.070	0.069	0.034	0.034
stools_11045501	0	Bact_uniformis_CL03T12C37.fa.gz	47712	47637	196918	0.708	37.850	26.486	0.373	0.708	0.943	4.045	1.910	0.125	0.132
stools_11045501	1	Bact_ovatus_V975.fa.gz	63623	63330	163194	0.810	12.375	9.870	0.296	0.810	0.935	0.460	0.950	0.147	0.157
stools_11045501	2	Bact_caccae_CL03T12C61.fa.gz	53897	51000	111903	0.558	10.968	6.035	0.207	0.559	0.904	0.613	0.467	0.033	0.036
stools_11046101	0	Bact_caccae_ATCC_43185.fa.gz	45196	45107	300790	0.796	37.198	29.458	0.242	0.796	0.983	1.112	1.440	0.120	0.122
stools_11046101	1	Bact_ovatus_BFG-107.fa.gz	65808	64107	264894	0.835	14.033	11.392	0.180	0.835	0.947	0.842	0.810	0.099	0.105
stools_11046101	2	Bact_stercoris_BFG-121.fa.gz	38438	37398	211359	0.643	58.948	37.663	0.413	0.643	1.026	2.511	1.528	0.107	0.110
stools_11046101	3	Bact_thetaiotaomicron_CL15T12C11.fa.gz	67497	62711	187324	0.686	13.585	9.223	0.290	0.686	0.975	0.523	0.630	0.091	0.094
stools_11046101	4	Bact_fragilis_GUT04.fa.gz	52693	51578	144309	0.758	7.151	5.376	0.195	0.762	1.113	0.354	0.301	0.077	0.086
stools_11046101	5	Bact_sp._PHL_2737.fa.gz	54199	46316	105212	0.698	8.267	5.699	0.232	0.701	1.255	0.328	0.288	0.063	0.079
stools_11046101	6	Bact_uniformis_CL06T03C05.fa.gz	52270	48527	72872	0.516	5.694	2.880	0.161	0.547	1.052	0.281	0.154	0.024	0.025
stools_11046150	0	Bact_ovatus_BFG-107.fa.gz	65808	65550	244514	0.840	7.969	6.517	0.265	0.841	0.915	0.437	0.482	0.144	0.158
stools_11046150	1	Bact_stercoris_BFG-121.fa.gz	38438	37541	189469	0.712	17.953	12.695	0.395	0.712	0.979	0.613	0.527	0.139	0.142
stools_11046150	2	Bact_caccae_BFG-100.fa.gz	49508	46521	162756	0.686	4.092	2.775	0.178	0.732	0.985	0.286	0.143	0.064	0.065
stools_11046150	3	Bact_thetaiotaomicron_CL11T00C24.fa.gz	65660	60435	130833	0.614	4.339	2.621	0.267	0.663	0.928	0.296	0.177	0.067	0.072
stools_11046150	4	Bact_uniformis_CL06T03C05.fa.gz	52270	47438	93703	0.497	4.232	2.062	0.225	0.570	0.964	0.185	0.110	0.035	0.036
stools_11047101	0	Bact_fragilis_CCUG4856T.fa.gz	51592	51567	115223	0.851	50.003	42.240	0.321	0.851	0.945	2.163	2.006	0.187	0.198
stools_11047101	1	Bact_ovatus_BFG-107.fa.gz	65808	65024	71359	0.607	69.037	40.682	0.588	0.607	0.980	4.086	2.493	0.129	0.132
stools_11047150	0	Bact_fragilis_CCUG4856T.fa.gz	51592	51542	199723	0.858	70.770	60.386	0.444	0.858	0.943	4.517	2.963	0.264	0.280
stools_11047150	1	Bact_caccae_ATCC_43185.fa.gz	45196	44879	155518	0.881	50.730	44.419	0.511	0.881	0.985	0.951	1.901	0.345	0.350
stools_11047150	2	Bact_caccae_BFG-100.fa.gz	49508	12506	115960	0.534	46.675	24.630	0.163	0.534	0.650	1.212	0.295	0.016	0.025
stools_11048101	0	Bact_sp._ZJ-18.fa.gz	48320	48312	20582	0.356	2.503	0.879	0.840	0.610	1.001	0.041	0.035	0.111	0.111
stools_11048150	0	Bact_caccae_BFG-100.fa.gz	49508	49475	58402	0.432	4.272	1.822	0.227	0.515	0.964	0.337	0.076	0.025	0.026
stools_11049101	0	Bact_fragilis_BOB25.fa.gz	51699	51648	138673	0.802	13.676	10.760	0.515	0.802	0.985	1.085	0.669	0.262	0.266
stools_11049101	1	Bact_ovatus_V975.fa.gz	63623	63235	97234	0.480	3.278	1.548	0.186	0.609	1.008	0.215	0.117	0.033	0.033
stools_11049150	0	Bact_fragilis_DK1985.fa.gz	52714	52630	168516	0.801	46.744	36.861	0.698	0.801	0.948	3.043	2.124	0.340	0.359
stools_11049501	0	Bact_fragilis_BOB25.fa.gz	51699	51644	140996	0.803	15.905	12.525	0.543	0.803	0.986	1.287	0.822	0.277	0.280
stools_11049501	1	Bact_ovatus_V975.fa.gz	63623	63240	99548	0.513	3.387	1.711	0.198	0.626	1.001	0.228	0.137	0.040	0.040
stools_11050150	0	Bact_ovatus_V975.fa.gz	63623	63537	150236	0.660	3.863	2.510	0.307	0.719	0.921	0.554	0.170	0.096	0.105
stools_11051101	0	Bact_sp._PHL_2737.fa.gz	54199	54090	158024	0.724	4.736	3.366	0.323	0.750	0.855	0.288	0.372	0.112	0.131
stools_11051101	1	Bact_caccae_BFG-100.fa.gz	49508	48213	118864	0.590	3.745	2.185	0.274	0.665	0.981	0.317	0.214	0.070	0.072
stools_11051101	2	Bact_uniformis_CL06T06C18.fa.gz	47840	46202	90404	0.429	2.983	1.254	0.210	0.601	0.996	0.425	0.119	0.032	0.032
stools_11051101	3	Bact_ovatus_V975.fa.gz	63623	61960	70568	0.300	2.499	0.738	0.208	0.575	0.957	0.122	0.093	0.020	0.021
stools_11051150	0	Bact_fragilis_Q1F2.fa.gz	50776	50634	71649	0.377	3.899	1.438	0.273	0.494	1.072	0.260	0.071	0.023	0.025
stools_11051501	0	Bact_caccae_ATCC_43185.fa.gz	45196	45141	134241	0.845	22.469	18.826	0.493	0.845	0.996	1.130	0.810	0.296	0.297
stools_11051501	1	Bact_fragilis_DCMOUH0042B.fa.gz	50470	50076	96112	0.812	8.851	7.061	0.409	0.812	0.924	0.511	0.340	0.202	0.219
stools_11052101	0	Bact_fragilis_S14.fa.gz	48511	48432	281310	0.768	243.958	186.453	0.515	0.768	0.989	6.217	5.283	0.231	0.233
stools_11052101	1	Bact_ovatus_VPIC145.fa.gz	69560	69259	244123	0.763	21.931	16.465	0.136	0.763	0.935	0.529	0.675	0.056	0.060
stools_11052101	2	Bact_uniformis_NBRC_113350.fa.gz	46678	46157	191297	0.648	56.824	36.422	0.230	0.648	1.106	1.054	0.989	0.056	0.062
stools_11052101	3	Bact_thetaiotaomicron_7330.fa.gz	63676	61588	161401	0.660	37.957	24.707	0.271	0.660	0.961	1.150	0.899	0.075	0.078
stools_11052101	4	Bact_caccae_ATCC_43185.fa.gz	45196	43065	120728	0.842	18.531	15.502	0.162	0.842	1.111	1.017	0.391	0.087	0.097
stools_11052101	5	Bact_eggerthii_CL11T00C20.fa.gz	48513	46077	84450	0.662	11.789	7.586	0.103	0.662	0.810	0.295	0.209	0.024	0.030
stools_11052150	0	Bact_eggerthii_CL11T00C20.fa.gz	48513	47789	277245	0.698	194.437	132.325	0.648	0.698	1.060	10.271	8.073	0.207	0.220
stools_11052150	1	Bact_ovatus_VPIC145.fa.gz	69560	69167	243910	0.767	19.393	14.635	0.292	0.767	0.943	0.716	1.281	0.124	0.132
stools_11052150	2	Bact_fragilis_CL03T12C07.fa.gz	51522	50710	190893	0.749	17.316	12.808	0.264	0.749	1.152	0.702	0.819	0.096	0.111
stools_11052150	3	Bact_caccae_CL03T12C61.fa.gz	53897	50183	152915	0.651	10.070	6.477	0.180	0.652	0.737	0.452	0.410	0.037	0.050
stools_11052150	4	Bact_uniformis_NBRC_113350.fa.gz	46678	43891	120251	0.635	11.034	6.946	0.205	0.636	1.165	0.312	0.383	0.045	0.053
stools_11053101	0	Bact_fragilis_CCUG4856T.fa.gz	51592	51526	200765	0.846	171.564	144.667	0.709	0.846	0.952	5.780	6.033	0.409	0.430
stools_11053101	1	Bact_caccae_ATCC_43185.fa.gz	45196	44902	157150	0.790	14.331	11.231	0.165	0.790	0.939	1.342	0.410	0.077	0.082
stools_11053101	2	Bact_thetaiotaomicron_CL15T12C11.fa.gz	67497	65843	121676	0.691	14.709	10.049	0.261	0.691	0.919	0.447	0.540	0.079	0.086
stools_11053101	3	Bact_xylanisolvens_CL11T00C41.fa.gz	64926	61174	76180	0.601	12.156	7.119	0.236	0.601	0.947	0.941	0.360	0.048	0.051
stools_11053150	0	Bact_uniformis_NBRC_113350.fa.gz	46678	46444	187332	0.779	22.105	17.041	0.437	0.779	0.917	0.810	0.716	0.189	0.206
stools_11053150	1	Bact_xylanisolvens_funn3.fa.gz	63173	62134	151169	0.708	7.098	4.838	0.303	0.714	0.902	0.550	0.280	0.099	0.109
stools_11053150	2	Bact_ovatus_BFG-107.fa.gz	65808	42812	107175	0.514	4.923	2.459	0.151	0.562	0.949	0.278	0.097	0.023	0.024
stools_11053501	0	Bact_fragilis_BOB25.fa.gz	51699	51661	65812	0.812	4.930	3.924	0.363	0.829	0.961	0.451	0.164	0.195	0.203
stools_11054101	0	Bact_xylanisolvens_CL11T00C03.fa.gz	61640	61279	223104	0.687	37.879	25.518	0.322	0.687	0.954	2.627	2.021	0.100	0.105
stools_11054101	1	Bact_caccae_BFG-100.fa.gz	49508	47564	180981	0.848	16.931	14.212	0.203	0.848	0.987	0.347	0.865	0.122	0.124
stools_11054101	2	Bact_uniformis_CL06T06C18.fa.gz	47840	45306	140643	0.739	24.118	17.532	0.302	0.739	0.975	2.979	1.023	0.119	0.122
stools_11054101	3	Bact_thetaiotaomicron_CL15T12C11.fa.gz	67497	63957	107156	0.614	11.551	7.032	0.242	0.614	0.899	0.326	0.574	0.051	0.056
stools_11054150	0	Bact_caccae_BFG-100.fa.gz	49508	49410	146100	0.755	5.370	4.008	0.233	0.769	0.944	0.555	0.390	0.098	0.104
stools_11054150	1	Bact_xylanisolvens_CL11T00C03.fa.gz	61640	59447	108804	0.614	6.870	4.087	0.380	0.624	0.963	0.878	0.488	0.088	0.091
stools_11054150	2	Bact_fragilis_FDAARGOS_1225.fa.gz	50988	49630	72310	0.635	3.854	2.431	0.298	0.697	1.002	0.241	0.237	0.092	0.092
stools_11055101	0	Bact_ovatus_BFG-107.fa.gz	65808	65693	69135	0.331	3.065	0.983	0.283	0.528	1.071	0.281	0.079	0.024	0.026
stools_11055150	0	Bact_fragilis_DCMOUH0017B.fa.gz	53308	53037	143871	0.767	8.232	6.210	0.440	0.769	0.979	0.339	0.400	0.195	0.199
stools_11055150	1	Bact_caccae_ATCC_43185.fa.gz	45196	44780	103185	0.666	4.092	2.705	0.286	0.714	0.978	0.395	0.146	0.095	0.097
stools_11055150	2	Bact_ovatus_BFG-107.fa.gz	65808	63793	73344	0.398	3.267	1.269	0.273	0.554	0.934	0.175	0.099	0.031	0.033
stools_11104101	0	Bact_ovatus_BFG-107.fa.gz	65808	65701	39914	0.378	3.472	1.271	0.588	0.525	1.018	0.362	0.213	0.060	0.061
stools_11104150	0	Bact_stercoris_BFG-121.fa.gz	38438	37974	153174	0.647	13.863	8.914	0.347	0.648	0.902	0.460	0.323	0.085	0.094
stools_11104150	1	Bact_ovatus_BFG-107.fa.gz	65808	64630	128587	0.570	4.473	2.486	0.257	0.622	0.892	0.244	0.156	0.051	0.057
stools_11104150	2	Bact_uniformis_CL06T03C05.fa.gz	52270	49673	91739	0.468	5.457	2.509	0.266	0.509	1.138	0.227	0.120	0.028	0.032
stools_11104501	0	Bact_sp._ZJ-18.fa.gz	48320	48219	284850	0.711	42.090	29.623	0.347	0.711	0.985	1.438	1.211	0.123	0.125
stools_11104501	1	Bact_caccae_CL03T12C61.fa.gz	53897	53302	250551	0.772	17.515	13.330	0.265	0.772	1.099	1.273	0.604	0.111	0.122
stools_11104501	2	Bact_uniformis_NBRC_113350.fa.gz	46678	45555	209425	0.723	15.571	11.145	0.256	0.723	0.959	0.392	0.430	0.093	0.097
stools_11104501	3	Bact_thetaiotaomicron_VPI_5482.fa.gz	61819	59050	176509	0.744	5.263	3.870	0.156	0.760	1.024	0.160	0.194	0.065	0.067
stools_11104501	4	Bact_intestinalis_APC919_174.fa.gz	56963	56104	132549	0.571	4.496	2.541	0.115	0.619	0.957	0.229	0.121	0.024	0.025
stools_11106101	0	Bact_uniformis_CL06T06C18.fa.gz	47840	47442	205640	0.772	13.811	10.436	0.249	0.772	0.844	1.549	0.542	0.097	0.115
stools_11106101	1	Bact_thetaiotaomicron_VPI_5482.fa.gz	61819	61006	169011	0.674	12.149	8.086	0.328	0.674	1.001	0.374	0.535	0.100	0.100
stools_11106101	2	Bact_ovatus_BFG-107.fa.gz	65808	63335	127885	0.620	5.658	3.419	0.217	0.641	0.884	0.253	0.238	0.049	0.055
stools_11106501	0	Bact_uniformis_NBRC_113350.fa.gz	46678	46484	141161	0.747	6.561	4.848	0.297	0.753	0.882	0.159	0.180	0.111	0.126
stools_11106501	1	Bact_fragilis_DK1985.fa.gz	52714	51974	106425	0.708	4.742	3.293	0.323	0.736	0.974	0.209	0.138	0.121	0.124
stools_11106501	2	Bact_xylanisolvens_funn3.fa.gz	63173	61813	69611	0.376	3.885	1.402	0.247	0.498	0.963	0.240	0.071	0.022	0.023
stools_11107501	0	Bact_fragilis_DCMOUH0017B.fa.gz	53308	53251	41570	0.515	3.953	1.977	0.332	0.598	1.047	0.452	0.150	0.058	0.061
stools_11109101	0	Bact_uniformis_NBRC_113350.fa.gz	46678	46650	41174	0.667	54.195	35.704	0.766	0.667	0.993	1.700	1.303	0.226	0.227
stools_11109150	0	Bact_thetaiotaomicron_BFG-55.fa.gz	62134	62047	128709	0.596	4.321	2.535	0.361	0.648	0.855	0.170	0.140	0.077	0.090
stools_11109150	1	Bact_caccae_ATCC_43185.fa.gz	45196	44112	91705	0.507	3.036	1.527	0.239	0.647	1.007	0.218	0.059	0.050	0.051
stools_11112101	0	Bact_uniformis_CL06T03C05.fa.gz	52270	51927	220406	0.675	55.575	36.771	0.413	0.675	0.968	1.773	1.651	0.123	0.127
stools_11112101	1	Bact_ovatus_BFG-107.fa.gz	65808	63702	185378	0.797	13.654	10.565	0.251	0.797	0.741	0.389	0.588	0.094	0.127
stools_11112101	2	Bact_caccae_BFG-100.fa.gz	49508	46767	134630	0.783	7.161	5.544	0.127	0.786	0.937	0.405	0.222	0.057	0.061
stools_11112101	3	Bact_xylanisolvens_CL11T00C03.fa.gz	61640	38574	98016	0.601	20.375	11.785	0.262	0.601	0.882	1.427	0.401	0.050	0.057
stools_11112150	0	Bact_sp._PHL_2737.fa.gz	54199	53529	274497	0.815	15.585	12.502	0.236	0.815	0.916	0.701	0.722	0.117	0.128
stools_11112150	1	Bact_uniformis_NBRC_113350.fa.gz	46678	44168	230880	0.742	22.021	16.173	0.329	0.742	0.969	0.910	0.767	0.130	0.134
stools_11112150	2	Bact_caccae_BFG-100.fa.gz	49508	48021	198107	0.758	5.682	4.255	0.140	0.769	0.953	0.626	0.220	0.060	0.063
stools_11112150	3	Bact_xylanisolvens_H207.fa.gz	62843	59342	161725	0.577	7.219	4.051	0.195	0.587	0.909	0.817	0.263	0.035	0.039
stools_11112501	0	Bact_xylanisolvens_H207.fa.gz	62843	62518	185952	0.628	9.326	5.668	0.300	0.630	0.898	0.899	0.387	0.067	0.075
stools_11112501	1	Bact_sp._PHL_2737.fa.gz	54199	52502	146692	0.588	4.713	2.722	0.170	0.629	1.208	0.206	0.154	0.033	0.040
stools_11112501	2	Bact_uniformis_NBRC_113350.fa.gz	46678	44041	115835	0.556	4.788	2.633	0.165	0.599	1.011	0.185	0.124	0.033	0.033
stools_11113101	0	Bact_caccae_ATCC_43185.fa.gz	45196	45134	267332	0.849	18.086	15.240	0.285	0.849	0.969	0.436	0.602	0.169	0.174
stools_11113101	1	Bact_ovatus_BFG-107.fa.gz	65808	63874	229021	0.777	8.874	6.729	0.254	0.778	0.837	0.412	0.383	0.100	0.119
stools_11113101	2	Bact_stercoris_BFG-121.fa.gz	38438	37135	179374	0.658	11.960	7.804	0.225	0.658	0.872	0.410	0.254	0.056	0.064
stools_11113101	3	Bact_sp._PHL_2737.fa.gz	54199	52098	154949	0.709	5.295	3.703	0.195	0.727	1.100	0.319	0.170	0.066	0.073
stools_11113101	4	Bact_thetaiotaomicron_CL11T00C24.fa.gz	65660	60762	118024	0.583	4.344	2.493	0.190	0.636	0.943	0.372	0.134	0.042	0.045
stools_11113101	5	Bact_ovatus_V975.fa.gz	63623	31359	82571	0.567	6.030	3.368	0.163	0.587	0.952	0.164	0.093	0.030	0.032
stools_12057101	0	Bact_fragilis_GUT04.fa.gz	52693	52622	160176	0.800	67.339	53.483	0.627	0.800	0.969	3.714	3.530	0.311	0.321
stools_12057101	1	Bact_thetaiotaomicron_BFG-55.fa.gz	62134	61707	118104	0.569	11.981	6.717	0.250	0.570	0.966	0.772	0.524	0.045	0.046
stools_12057101	2	Bact_xylanisolvens_H207.fa.gz	62843	59666	83004	0.568	9.762	5.388	0.262	0.571	1.002	1.143	0.412	0.048	0.048
stools_12057150	0	Bact_intestinalis_APC919_174.fa.gz	56963	56892	206545	0.615	65.507	39.937	0.494	0.615	1.009	2.760	2.184	0.114	0.115
stools_12057150	1	Bact_caccae_ATCC_43185.fa.gz	45196	44977	171546	0.843	18.622	15.574	0.301	0.843	0.978	1.034	0.673	0.176	0.180
stools_12057150	2	Bact_ovatus_BFG-107.fa.gz	65808	63621	133623	0.795	9.516	7.371	0.293	0.796	0.881	0.340	0.459	0.130	0.148
stools_12057150	3	Bact_uniformis_CL11T00C07.fa.gz	50614	49203	83023	0.594	9.428	5.452	0.237	0.597	0.919	0.290	0.263	0.046	0.050
stools_12057501	0	Bact_caccae_BFG-100.fa.gz	49508	49399	233913	0.853	17.323	14.626	0.324	0.853	0.970	0.679	0.781	0.195	0.201
stools_12057501	1	Bact_uniformis_CL03T12C37.fa.gz	47712	47478	191779	0.767	14.143	10.742	0.338	0.767	0.879	0.670	0.550	0.134	0.152
stools_12057501	2	Bact_fragilis_BOB25.fa.gz	51699	50560	155385	0.764	6.103	4.571	0.234	0.772	0.969	0.477	0.252	0.103	0.107
stools_12057501	3	Bact_xylanisolvens_H207.fa.gz	62843	59043	116762	0.481	5.479	2.565	0.202	0.521	0.835	0.581	0.166	0.022	0.026
stools_12058101	0	Bact_xylanisolvens_funn3.fa.gz	63173	62616	311406	0.670	138.103	90.157	0.330	0.670	0.947	4.729	5.451	0.094	0.099
stools_12058101	1	Bact_thetaiotaomicron_VPI_5482.fa.gz	61819	59165	269475	0.791	37.271	29.134	0.148	0.791	0.967	0.792	1.641	0.071	0.073
stools_12058101	2	Bact_uniformis_CL03T12C37.fa.gz	47712	46304	222694	0.643	100.342	63.490	0.298	0.643	0.971	9.031	2.813	0.077	0.079
stools_12058101	3	Bact_caccae_CL03T12C61.fa.gz	53897	47426	192911	0.750	17.634	13.064	0.089	0.750	1.342	0.916	0.590	0.028	0.038
stools_12058101	4	Bact_eggerthii_CL11T00C20.fa.gz	48513	44821	157341	0.632	28.839	17.770	0.128	0.632	0.875	0.555	0.769	0.028	0.032
stools_12058101	5	Bact_zhangwenhongii_HF-5287.fa.gz	51176	46852	129001	0.582	21.382	12.181	0.104	0.582	0.783	0.495	0.549	0.016	0.021
stools_12058150	0	Bact_sp._PHL_2737.fa.gz	54199	53802	245681	0.841	34.426	28.463	0.343	0.841	0.904	1.365	1.277	0.184	0.204
stools_12058150	1	Bact_caccae_BFG-100.fa.gz	49508	48209	200453	0.850	34.120	28.714	0.469	0.850	0.994	0.989	1.146	0.286	0.288
stools_12058150	2	Bact_uniformis_CL06T03C05.fa.gz	52270	50702	159484	0.626	11.784	7.226	0.236	0.626	0.905	0.632	0.307	0.052	0.058
stools_12058150	3	Bact_ovatus_V975.fa.gz	63623	61167	127752	0.568	8.017	4.478	0.230	0.574	0.990	0.495	0.228	0.043	0.043
stools_12058150	4	Bact_thetaiotaomicron_BFG-55.fa.gz	62134	58613	93038	0.592	4.503	2.632	0.168	0.638	0.998	0.239	0.128	0.040	0.040
stools_12058501	0	Bact_uniformis_CL06T06C18.fa.gz	47840	47691	305625	0.757	10.668	7.944	0.231	0.758	0.873	0.678	0.493	0.088	0.101
stools_12058501	1	Bact_xylanisolvens_funn3.fa.gz	63173	61621	269505	0.759	6.028	4.407	0.220	0.768	0.857	0.321	0.361	0.085	0.099
stools_12058501	2	Bact_caccae_BFG-100.fa.gz	49508	47458	222738	0.715	5.209	3.683	0.177	0.733	0.990	0.332	0.226	0.067	0.068
stools_12058501	3	Bact_ovatus_V975.fa.gz	63623	45403	188809	0.636	4.767	2.982	0.168	0.670	0.986	0.187	0.176	0.047	0.048
stools_12058501	4	Bact_intestinalis_APC919_174.fa.gz	56963	56227	159936	0.563	3.908	2.179	0.181	0.635	0.987	0.188	0.158	0.040	0.041
stools_12058501	5	Bact_eggerthii_CL11T00C20.fa.gz	48513	43081	128289	0.557	4.735	2.568	0.203	0.603	0.945	0.237	0.145	0.039	0.041
stools_12058501	6	Bact_thetaiotaomicron_CL15T12C11.fa.gz	67497	62302	104305	0.517	3.658	1.877	0.264	0.611	0.993	0.101	0.151	0.051	0.051
stools_12058501	7	Bact_fragilis_BOB25.fa.gz	51699	50179	72090	0.444	2.842	1.239	0.193	0.626	0.998	0.087	0.081	0.033	0.034
stools_12059101	0	Bact_ovatus_BFG-107.fa.gz	65808	65342	99217	0.649	4.601	2.901	0.425	0.686	0.971	0.332	0.211	0.126	0.130
stools_12059101	1	Bact_stercoris_BFG-121.fa.gz	38438	37503	56825	0.457	4.124	1.871	0.268	0.541	0.899	0.164	0.077	0.032	0.036
stools_12059150	0	Bact_uniformis_NBRC_113350.fa.gz	46678	46495	88844	0.515	3.931	2.003	0.204	0.596	0.968	0.483	0.099	0.036	0.037
stools_12060150	0	Bact_fragilis_FDAARGOS_1225.fa.gz	50988	50895	136969	0.790	13.226	10.357	0.346	0.790	0.934	0.534	0.530	0.159	0.171
stools_12060150	1	Bact_uniformis_CL06T06C18.fa.gz	47840	46094	96772	0.657	15.974	10.275	0.482	0.657	0.998	0.998	0.483	0.137	0.137
stools_12060501	0	Bact_fragilis_FDAARGOS_1225.fa.gz	50988	50884	80358	0.747	7.916	5.860	0.519	0.749	0.924	0.670	0.348	0.201	0.217
stools_12061101	0	Bact_thetaiotaomicron_CL15T12C11.fa.gz	67497	67238	224276	0.602	5.429	3.230	0.210	0.627	0.950	0.126	0.189	0.047	0.050
stools_12061101	1	Bact_nordii_FDAARGOS_1461.fa.gz	55722	54924	183777	0.631	4.806	2.988	0.201	0.664	0.948	0.139	0.143	0.053	0.056
stools_12061101	2	Bact_stercoris_BFG-121.fa.gz	38438	37422	149145	0.617	6.818	4.174	0.238	0.627	0.865	0.189	0.135	0.050	0.058
stools_12061101	3	Bact_ovatus_BFG-107.fa.gz	65808	60687	126051	0.529	3.775	1.958	0.240	0.616	1.058	0.157	0.104	0.045	0.048
stools_12061101	4	Bact_uniformis_CL06T03C05.fa.gz	52270	48604	93968	0.470	4.075	1.879	0.242	0.555	0.996	0.126	0.080	0.035	0.035
stools_12061101	5	Bact_fragilis_GUT04.fa.gz	52693	51444	71124	0.408	3.971	1.608	0.286	0.510	1.987	0.164	0.072	0.015	0.030
stools_12061150	0	Bact_fragilis_GUT04.fa.gz	52693	52492	59775	0.496	3.152	1.549	0.350	0.630	1.130	0.201	0.155	0.061	0.069
stools_12061150	1	Bact_caccae_ATCC_43185.fa.gz	45196	44830	33718	0.370	2.486	0.913	0.271	0.618	1.001	0.242	0.078	0.038	0.038
stools_12062101	0	Bact_intestinalis_APC919_174.fa.gz	56963	56881	287325	0.913	8.891	8.033	0.269	0.913	0.988	0.484	0.452	0.202	0.205
stools_12062101	1	Bact_salyersiae_BFG-256.fa.gz	52453	51636	235407	0.764	6.990	5.275	0.220	0.768	0.972	0.322	0.270	0.096	0.099
stools_12062101	2	Bact_stercoris_BFG-121.fa.gz	38438	36673	195959	0.655	6.060	3.941	0.149	0.668	0.857	0.270	0.143	0.037	0.044
stools_12062101	3	Bact_ovatus_BFG-107.fa.gz	65808	63818	171938	0.552	5.264	2.829	0.223	0.586	0.889	0.410	0.181	0.038	0.042
stools_12062101	4	Bact_thetaiotaomicron_VPI_5482.fa.gz	61819	59542	136737	0.522	4.190	2.162	0.202	0.590	1.051	0.192	0.128	0.035	0.037
stools_12062150	0	Bact_fragilis_BE1.fa.gz	51373	51286	220555	0.968	57.582	55.516	0.707	0.968	0.939	2.378	2.547	0.603	0.642
stools_12062150	1	Bact_ovatus_BFG-107.fa.gz	65808	64920	170904	0.664	8.739	5.636	0.319	0.666	0.943	0.595	0.335	0.088	0.094
stools_12062150	2	Bact_caccae_BFG-100.fa.gz	49508	47261	127808	0.540	6.489	3.466	0.206	0.557	0.881	0.524	0.148	0.030	0.034
stools_12062150	3	Bact_thetaiotaomicron_CL15T12C11.fa.gz	67497	62524	102286	0.532	3.430	1.805	0.178	0.636	0.958	0.102	0.102	0.037	0.038
stools_12062501	0	Bact_uniformis_CL06T03C05.fa.gz	52270	51993	213003	0.681	7.453	4.968	0.247	0.686	0.868	0.267	0.181	0.069	0.079
stools_12062501	1	Bact_intestinalis_APC919_174.fa.gz	56963	56507	177600	0.735	4.483	3.264	0.232	0.765	0.995	0.233	0.128	0.099	0.100
stools_12062501	2	Bact_ovatus_BFG-107.fa.gz	65808	63131	136045	0.458	4.444	1.981	0.208	0.531	0.941	0.231	0.088	0.025	0.027
stools_12064101	0	Bact_uniformis_CL03T12C37.fa.gz	47712	47641	192064	0.661	23.481	15.273	0.374	0.661	0.989	1.303	0.564	0.107	0.108
stools_12064101	1	Bact_fragilis_FDAARGOS_1225.fa.gz	50988	50353	160553	0.708	6.820	4.791	0.196	0.714	0.876	0.092	0.185	0.062	0.071
stools_12064101	2	Bact_ovatus_BFG-107.fa.gz	65808	64250	124893	0.489	6.184	2.947	0.195	0.516	0.844	0.114	0.148	0.021	0.025
stools_12064150	0	Bact_uniformis_CL06T06C18.fa.gz	47840	47235	265118	0.793	11.154	8.689	0.204	0.793	0.816	0.852	0.359	0.083	0.102
stools_12064150	1	Bact_caccae_ATCC_43185.fa.gz	45196	44949	227678	0.773	7.555	5.791	0.161	0.775	0.966	0.351	0.225	0.072	0.075
stools_12064150	2	Bact_stercoris_BFG-121.fa.gz	38438	36274	192947	0.667	11.922	7.902	0.212	0.668	0.809	0.230	0.248	0.051	0.063
stools_12064150	3	Bact_ovatus_BFG-107.fa.gz	65808	63200	168735	0.624	6.639	4.038	0.243	0.635	0.863	0.212	0.225	0.053	0.061
stools_12064150	4	Bact_fragilis_638R.fa.gz	53091	51593	129329	0.629	4.035	2.517	0.161	0.684	1.098	0.112	0.113	0.043	0.047
stools_12064501	0	Bact_eggerthii_CL11T00C20.fa.gz	48513	47941	287437	0.760	77.193	57.157	0.591	0.760	1.037	2.724	3.081	0.250	0.259
stools_12064501	1	Bact_uniformis_CL06T06C18.fa.gz	47840	44360	250995	0.667	12.219	7.986	0.185	0.667	0.951	1.160	0.396	0.052	0.055
stools_12064501	2	Bact_ovatus_V975.fa.gz	63623	62832	221400	0.714	5.213	3.667	0.147	0.733	0.937	0.244	0.256	0.053	0.056
stools_12064501	3	Bact_caccae_CL03T12C61.fa.gz	53897	50524	176536	0.679	6.698	4.497	0.170	0.687	0.858	0.484	0.252	0.047	0.054
stools_12064501	4	Bact_thetaiotaomicron_VPI_5482.fa.gz	61819	58623	142225	0.670	5.672	3.759	0.198	0.686	1.031	0.179	0.244	0.061	0.063
stools_12064501	5	Bact_stercoris_BFG-121.fa.gz	38438	34034	102926	0.655	9.932	6.454	0.245	0.656	0.994	0.284	0.243	0.069	0.069
stools_12064501	6	Bact_intestinalis_APC919_174.fa.gz	56963	55873	80630	0.509	3.673	1.851	0.153	0.604	0.981	0.142	0.114	0.028	0.028
stools_12065101	0	Bact_ovatus_BFG-107.fa.gz	65808	65774	73920	0.451	3.578	1.562	0.452	0.571	0.974	0.931	0.892	0.065	0.067
stools_12065101	1	Bact_fragilis_FDAARGOS_1225.fa.gz	50988	50125	44238	0.259	2.272	0.583	0.229	0.585	0.966	0.372	0.247	0.020	0.020
stools_12065101	2	Bact_caccae_ATCC_43185.fa.gz	45196	43744	31275	0.260	2.316	0.597	0.265	0.578	1.012	0.668	0.221	0.023	0.023
stools_12065150	0	Bact_eggerthii_CL11T00C20.fa.gz	48513	47952	332511	0.765	68.559	51.090	0.466	0.765	1.045	2.326	2.307	0.200	0.209
stools_12065150	1	Bact_uniformis_CL06T06C18.fa.gz	47840	44405	295818	0.785	21.494	16.630	0.259	0.785	0.964	1.273	0.687	0.121	0.125
stools_12065150	2	Bact_intestinalis_APC919_174.fa.gz	56963	56327	260970	0.740	15.916	11.690	0.310	0.740	0.979	0.518	0.608	0.123	0.126
stools_12065150	3	Bact_cellulosilyticus_CL06T03C01.fa.gz	70714	60498	219300	0.799	5.647	4.464	0.185	0.809	0.917	0.200	0.250	0.089	0.097
stools_12065150	4	Bact_ovatus_BFG-107.fa.gz	65808	62863	170939	0.669	6.255	4.084	0.219	0.681	1.009	0.294	0.241	0.067	0.068
stools_12065150	5	Bact_caccae_ATCC_43185.fa.gz	45196	43544	128863	0.731	5.087	3.691	0.173	0.750	0.992	0.344	0.148	0.070	0.071
stools_12066101	0	Bact_fragilis_IHMA_13.fa.gz	48678	48667	47184	0.697	141.133	97.099	0.737	0.697	0.992	5.054	3.727	0.248	0.250
stools_12066501	0	Bact_ovatus_BFG-107.fa.gz	65808	65656	203881	0.892	99.291	86.508	0.587	0.892	0.927	10.328	8.117	0.386	0.417
stools_12066501	1	Bact_humanifaecis_KGMB07931.fa.gz	41748	40918	145299	0.819	53.179	43.093	0.435	0.819	0.985	2.862	2.487	0.236	0.239
stools_12066501	2	Bact_thetaiotaomicron_BFG-55.fa.gz	62134	59993	111782	0.775	8.183	6.265	0.164	0.776	0.940	0.645	0.531	0.072	0.077
stools_12067101	0	Bact_fragilis_CL03T12C07.fa.gz	51522	51464	86753	0.665	5.331	3.496	0.352	0.686	1.017	0.351	0.274	0.108	0.110
stools_12067101	1	Bact_caccae_BFG-100.fa.gz	49508	49114	52537	0.544	3.869	2.080	0.307	0.621	0.956	0.428	0.155	0.062	0.064
stools_12067150	0	Bact_fragilis_DCMOUH0042B.fa.gz	50470	50317	203114	0.807	26.736	21.412	0.320	0.807	0.921	1.596	0.846	0.155	0.168
stools_12067150	1	Bact_caccae_BFG-100.fa.gz	49508	49172	162498	0.821	8.549	6.943	0.150	0.822	0.875	0.298	0.269	0.073	0.083
stools_12067150	2	Bact_thetaiotaomicron_7330.fa.gz	63676	61814	122117	0.649	13.738	8.786	0.281	0.649	0.968	0.303	0.429	0.074	0.077
stools_12067150	3	Bact_xylanisolvens_CL11T00C41.fa.gz	64926	62290	82013	0.602	13.509	7.944	0.359	0.602	0.942	0.446	0.395	0.074	0.078
stools_12068102	0	Bact_fragilis_GUT04.fa.gz	52693	52590	192597	0.906	41.401	37.284	0.597	0.906	0.959	2.428	2.879	0.426	0.445
stools_12068102	1	Bact_caccae_BFG-100.fa.gz	49508	48504	144939	0.813	11.875	9.547	0.352	0.813	0.948	1.859	0.683	0.180	0.189
stools_12068102	2	Bact_stercoris_BFG-121.fa.gz	38438	36714	105494	0.633	9.847	6.183	0.266	0.634	0.817	0.532	0.334	0.055	0.068
stools_12068150	0	Bact_fragilis_S14.fa.gz	48511	48442	171010	0.803	31.833	25.411	0.588	0.803	0.987	2.244	1.319	0.301	0.304
stools_12069150	0	Bact_thetaiotaomicron_BFG-55.fa.gz	62134	62035	168701	0.811	144.206	115.481	0.314	0.811	0.923	7.422	6.693	0.155	0.168
stools_12069150	1	Bact_ovatus_V975.fa.gz	63623	62369	118363	0.586	167.767	97.023	0.387	0.586	0.990	10.630	5.651	0.077	0.078
stools_12069150	2	Bact_uniformis_CL06T06C18.fa.gz	47840	46602	81830	0.644	65.997	41.681	0.204	0.644	0.990	3.255	1.826	0.054	0.054
stools_12069501	0	Bact_caccae_BFG-100.fa.gz	49508	49423	109646	0.465	4.408	2.025	0.163	0.536	0.857	0.509	0.083	0.019	0.022
stools_12070101	0	Bact_fragilis_FDAARGOS_1225.fa.gz	50988	50962	110201	0.934	138.673	128.575	0.541	0.934	0.928	5.793	4.716	0.410	0.442
stools_12070101	1	Bact_uniformis_CL03T12C37.fa.gz	47712	47203	62582	0.667	115.372	75.609	0.649	0.667	0.981	2.919	2.593	0.189	0.192
stools_12070150	0	Bact_caccae_CL03T12C61.fa.gz	53897	53736	193045	0.734	6.848	4.951	0.246	0.739	0.905	0.589	0.373	0.089	0.099
stools_12070150	1	Bact_uniformis_NBRC_113350.fa.gz	46678	45633	153623	0.526	7.703	4.009	0.224	0.535	0.907	0.264	0.255	0.031	0.034
stools_12070150	2	Bact_fragilis_FDAARGOS_1225.fa.gz	50988	50101	129642	0.534	3.827	2.027	0.159	0.614	0.927	0.188	0.141	0.030	0.032
stools_12070150	3	Bact_xylanisolvens_funn3.fa.gz	63173	58037	102913	0.431	3.913	1.628	0.181	0.536	1.070	0.323	0.135	0.021	0.022
stools_12070150	4	Bact_thetaiotaomicron_CL15T12C11.fa.gz	67497	60394	77919	0.391	4.212	1.632	0.225	0.486	1.038	0.151	0.137	0.020	0.021
stools_12070501	0	Bact_caccae_CL03T12C61.fa.gz	53897	53684	240677	0.783	13.131	10.140	0.260	0.783	0.929	0.734	0.486	0.116	0.125
stools_12070501	1	Bact_fragilis_FDAARGOS_1225.fa.gz	50988	50208	198642	0.837	6.967	5.790	0.187	0.840	0.932	0.289	0.258	0.103	0.110
stools_12070501	2	Bact_uniformis_NBRC_113350.fa.gz	46678	45354	156598	0.589	10.314	6.021	0.216	0.591	0.937	0.277	0.243	0.042	0.044
stools_12070501	3	Bact_thetaiotaomicron_CL15T12C11.fa.gz	67497	61050	129873	0.522	6.235	3.219	0.198	0.544	1.022	0.175	0.175	0.030	0.031
stools_12070501	4	Bact_xylanisolvens_funn3.fa.gz	63173	57355	98011	0.528	5.839	2.978	0.220	0.556	1.070	0.394	0.156	0.034	0.036
stools_12071150	0	Bact_ovatus_VPIC145.fa.gz	69560	69480	247128	0.719	21.882	15.527	0.284	0.719	0.964	0.895	1.038	0.102	0.106
stools_12071150	1	Bact_uniformis_CL06T03C05.fa.gz	52270	51346	197141	0.634	25.823	16.018	0.304	0.634	0.979	0.934	0.797	0.076	0.077
stools_12071150	2	Bact_thetaiotaomicron_BFG-55.fa.gz	62134	60021	164612	0.763	8.122	6.116	0.194	0.765	0.924	0.448	0.353	0.080	0.087
stools_12071150	3	Bact_stercoris_BFG-121.fa.gz	38438	36741	118799	0.660	20.502	13.428	0.321	0.660	0.840	0.895	0.472	0.078	0.092
stools_12071150	4	Bact_caccae_CL03T12C61.fa.gz	53897	48739	94554	0.675	5.568	3.717	0.174	0.692	0.926	0.486	0.174	0.052	0.056
stools_12072101	0	Bact_fragilis_YCH46.fa.gz	52109	51973	205202	0.806	16.073	12.825	0.387	0.806	0.958	0.416	0.664	0.194	0.202
stools_12072101	1	Bact_uniformis_CL06T06C18.fa.gz	47840	46029	163316	0.687	10.122	6.818	0.299	0.687	0.950	1.039	0.316	0.092	0.097
stools_12072101	2	Bact_caccae_BFG-100.fa.gz	49508	48465	131710	0.599	4.737	2.807	0.184	0.638	0.938	0.263	0.136	0.042	0.045
stools_12073102	0	Bact_uniformis_NBRC_113350.fa.gz	46678	46427	241446	0.702	47.525	33.053	0.377	0.702	0.971	1.473	1.426	0.127	0.130
stools_12073102	1	Bact_caccae_BFG-100.fa.gz	49508	49087	208840	0.801	16.055	12.717	0.246	0.801	0.980	1.387	0.581	0.124	0.126
stools_12073102	2	Bact_fragilis_YCH46.fa.gz	52109	50721	169527	0.790	14.970	11.709	0.310	0.790	1.070	0.725	0.552	0.143	0.153
stools_12073102	3	Bact_thetaiotaomicron_BFG-55.fa.gz	62134	59684	129458	0.635	4.560	2.857	0.129	0.673	0.938	0.200	0.159	0.035	0.037
stools_12073150	0	Bact_uniformis_CL06T03C05.fa.gz	52270	51707	225408	0.727	35.786	25.571	0.414	0.727	0.978	2.143	1.560	0.156	0.159
stools_12073150	1	Bact_ovatus_BFG-107.fa.gz	65808	63446	187818	0.836	10.107	8.225	0.282	0.836	0.863	0.720	0.621	0.142	0.165
stools_12073150	2	Bact_caccae_BFG-100.fa.gz	49508	46533	134789	0.808	8.808	7.037	0.243	0.809	0.917	0.901	0.384	0.118	0.128
stools_12074150	0	Bact_uniformis_CL06T03C05.fa.gz	52270	51716	90794	0.487	5.087	2.428	0.270	0.534	0.986	0.397	0.107	0.037	0.038
stools_12074501	0	Bact_fragilis_Q1F2.fa.gz	50776	50685	63555	0.741	11.358	8.237	0.590	0.741	0.944	0.873	0.515	0.227	0.240
stools_12075101	0	Bact_caccae_CL03T12C61.fa.gz	53897	53469	296151	0.858	23.794	20.152	0.242	0.858	0.887	0.982	1.697	0.135	0.153
stools_12075101	1	Bact_stercoris_BFG-121.fa.gz	38438	37431	250281	0.768	34.638	26.464	0.291	0.768	0.939	1.765	1.548	0.124	0.132
stools_12075101	2	Bact_sp._PHL_2737.fa.gz	54199	52341	221550	0.814	14.317	11.478	0.252	0.814	0.991	0.709	0.949	0.135	0.136
stools_12075101	3	Bact_uniformis_CL03T12C37.fa.gz	47712	45907	178934	0.667	12.829	8.415	0.216	0.667	0.974	2.762	0.611	0.063	0.064
stools_12075101	4	Bact_thetaiotaomicron_VPI_5482.fa.gz	61819	58876	148324	0.649	7.337	4.703	0.197	0.655	1.055	0.426	0.436	0.052	0.055
stools_12075101	5	Bact_zhangwenhongii_HF-5287.fa.gz	51176	48282	110132	0.631	6.978	4.315	0.186	0.640	0.957	0.371	0.331	0.046	0.048
stools_12075150	0	Bact_ovatus_VPIC145.fa.gz	69560	69510	141901	0.731	7.440	5.358	0.471	0.735	0.963	0.724	0.341	0.179	0.186
stools_12076150	0	Bact_cellulosilyticus_CL06T03C01.fa.gz	70714	69673	167713	0.545	5.907	3.177	0.176	0.568	0.828	0.250	0.129	0.026	0.031
stools_12076150	1	Bact_xylanisolvens_funn3.fa.gz	63173	62094	129758	0.458	7.322	3.231	0.198	0.477	0.892	0.487	0.120	0.018	0.021
stools_12077101	0	Bact_uniformis_NBRC_113350.fa.gz	46678	46513	165400	0.638	5.825	3.675	0.222	0.655	0.928	0.183	0.223	0.056	0.061
stools_12077101	1	Bact_ovatus_BFG-107.fa.gz	65808	64640	135719	0.567	5.763	3.183	0.349	0.592	0.939	0.376	0.272	0.065	0.069
stools_12077101	2	Bact_caccae_ATCC_43185.fa.gz	45196	43763	99042	0.631	3.854	2.413	0.270	0.693	0.989	0.341	0.137	0.081	0.082
stools_12077101	3	Bact_thetaiotaomicron_CL15T12C11.fa.gz	67497	62708	71419	0.333	2.723	0.899	0.198	0.562	0.956	0.103	0.073	0.020	0.021
stools_12077150	0	Bact_sp._PHL_2737.fa.gz	54199	54132	104662	0.412	3.722	1.504	0.243	0.530	0.863	0.080	0.082	0.024	0.028
stools_12077150	1	Bact_ovatus_BFG-107.fa.gz	65808	64254	82363	0.338	3.017	0.997	0.253	0.537	0.959	0.074	0.065	0.024	0.025
stools_12077150	2	Bact_uniformis_CL03T12C37.fa.gz	47712	46780	60616	0.369	3.046	1.106	0.272	0.552	0.982	0.184	0.052	0.030	0.031
stools_12077501	0	Bact_caccae_ATCC_43185.fa.gz	45196	45155	140924	0.642	4.647	2.954	0.229	0.677	0.967	0.230	0.104	0.065	0.067
stools_12077501	1	Bact_ovatus_BFG-107.fa.gz	65808	64255	111947	0.504	4.243	2.082	0.304	0.576	0.986	0.134	0.106	0.050	0.051
stools_12077501	2	Bact_stercoris_BFG-121.fa.gz	38438	37404	79558	0.499	4.555	2.255	0.270	0.557	0.922	0.088	0.065	0.039	0.042
stools_12078101	0	Bact_caccae_ATCC_43185.fa.gz	45196	45146	230181	0.833	17.050	14.103	0.233	0.833	0.984	0.420	0.601	0.133	0.135
stools_12078101	1	Bact_stercoris_BFG-121.fa.gz	38438	37984	192556	0.691	39.992	27.451	0.497	0.691	1.022	1.024	0.983	0.160	0.164
stools_12078101	2	Bact_uniformis_CL06T06C18.fa.gz	47840	46170	166313	0.732	9.163	6.609	0.292	0.733	1.008	0.694	0.290	0.114	0.115
stools_12078101	3	Bact_xylanisolvens_funn3.fa.gz	63173	60179	132521	0.457	5.929	2.604	0.217	0.493	1.153	0.439	0.153	0.021	0.024
stools_12078150	0	Bact_fragilis_BFG-1.fa.gz	50672	50624	171223	0.933	13.810	12.603	0.460	0.933	0.945	0.608	0.445	0.353	0.373
stools_12078150	1	Bact_caccae_ATCC_43185.fa.gz	45196	44811	124006	0.616	4.491	2.744	0.162	0.658	0.972	0.358	0.084	0.042	0.043
stools_12079150	0	Bact_uniformis_CL06T06C18.fa.gz	47840	47699	162797	0.723	7.778	5.499	0.321	0.726	0.887	0.752	0.332	0.108	0.122
stools_12079150	1	Bact_caccae_ATCC_43185.fa.gz	45196	44958	128313	0.726	4.675	3.366	0.268	0.752	0.977	0.284	0.189	0.108	0.110
stools_12080101	0	Bact_stercoris_BFG-121.fa.gz	38438	37949	155964	0.673	24.436	16.373	0.411	0.673	0.973	2.041	1.126	0.122	0.125
stools_12080101	1	Bact_fragilis_FDAARGOS_1225.fa.gz	50988	49904	130443	0.817	4.927	3.991	0.224	0.832	1.002	0.700	0.362	0.127	0.127
stools_12080150	0	Bact_stercoris_BFG-121.fa.gz	38438	37876	240290	0.676	37.488	25.260	0.394	0.676	0.998	1.469	1.511	0.122	0.122
stools_12080150	1	Bact_uniformis_CL03T12C37.fa.gz	47712	47037	214681	0.774	8.269	6.299	0.204	0.776	0.869	1.693	0.474	0.083	0.095
stools_12080150	2	Bact_ovatus_BFG-107.fa.gz	65808	64096	178251	0.654	7.639	4.866	0.273	0.659	0.985	0.668	0.504	0.076	0.078
stools_12080501	0	Bact_uniformis_CL06T06C18.fa.gz	47840	47558	224345	0.822	25.699	20.824	0.495	0.822	0.968	2.327	1.810	0.266	0.275
stools_12080501	1	Bact_caccae_BFG-100.fa.gz	49508	48872	185236	0.823	6.828	5.554	0.268	0.826	0.949	0.646	0.495	0.143	0.151
stools_12080501	2	Bact_faecis_BFG-108.fa.gz	61256	59652	145001	0.572	3.548	1.983	0.161	0.663	0.915	0.526	0.218	0.037	0.041
stools_12080501	3	Bact_ovatus_V975.fa.gz	63623	61499	110886	0.499	2.986	1.470	0.146	0.649	0.979	0.158	0.165	0.030	0.031
stools_12081101	0	Bact_sp._PHL_2737.fa.gz	54199	53507	354339	0.942	67.055	62.514	0.220	0.942	0.911	2.036	3.374	0.167	0.184
stools_12081101	1	Bact_ovatus_BFG-107.fa.gz	65808	63714	303919	0.871	49.321	41.871	0.228	0.871	0.897	1.430	2.731	0.135	0.151
stools_12081101	2	Bact_uniformis_CL03T12C37.fa.gz	47712	46755	248424	0.688	112.257	76.069	0.390	0.688	0.939	9.656	3.606	0.119	0.127
stools_12081101	3	Bact_caccae_ATCC_43185.fa.gz	45196	43645	216235	0.839	25.667	21.387	0.166	0.839	0.978	1.159	0.938	0.096	0.098
stools_12081101	4	Bact_eggerthii_CL11T00C20.fa.gz	48513	45745	179597	0.664	32.569	21.092	0.210	0.664	0.739	0.586	0.988	0.045	0.062
stools_12081101	5	Bact_thetaiotaomicron_CL15T12C11.fa.gz	67497	60861	149205	0.646	18.792	12.041	0.198	0.646	0.906	0.350	0.737	0.048	0.053
stools_12081101	6	Bact_salyersiae_BFG-256.fa.gz	52453	50515	109914	0.767	7.552	5.722	0.098	0.769	0.972	0.137	0.292	0.043	0.044
stools_12081150	0	Bact_caccae_ATCC_43185.fa.gz	45196	45159	98480	0.564	3.391	1.894	0.234	0.664	0.987	0.325	0.076	0.057	0.058
stools_12082101	0	Bact_ovatus_BFG-107.fa.gz	65808	65727	231090	0.770	49.504	37.021	0.307	0.770	0.901	4.743	3.032	0.126	0.140
stools_12082101	1	Bact_sp._ZJ-18.fa.gz	48320	47970	180471	0.785	43.716	33.901	0.291	0.785	0.988	2.797	1.991	0.139	0.141
stools_12082101	2	Bact_thetaiotaomicron_VPI_5482.fa.gz	61819	59875	142821	0.578	48.282	27.585	0.417	0.578	0.993	2.325	2.022	0.080	0.081
stools_12083101	0	Bact_uniformis_NBRC_113350.fa.gz	46678	46408	223751	0.830	13.577	11.149	0.255	0.830	0.825	0.679	0.519	0.120	0.146
stools_12083101	1	Bact_caccae_BFG-100.fa.gz	49508	49070	185221	0.755	12.548	9.373	0.304	0.755	0.949	0.516	0.462	0.124	0.131
stools_12083101	2	Bact_thetaiotaomicron_CL15T12C11.fa.gz	67497	65322	148161	0.643	6.911	4.393	0.272	0.651	0.929	0.390	0.288	0.069	0.074
stools_12083101	3	Bact_ovatus_V975.fa.gz	63623	61452	106173	0.498	5.319	2.609	0.210	0.537	0.986	0.453	0.161	0.030	0.030
stools_12083150	0	Bact_uniformis_NBRC_113350.fa.gz	46678	46513	92009	0.392	3.510	1.359	0.198	0.527	0.870	0.368	0.073	0.019	0.022
stools_12084101	0	Bact_fragilis_DK1985.fa.gz	52714	52692	58317	0.870	116.869	99.712	0.874	0.870	0.929	4.780	4.176	0.534	0.575
stools_12084102	0	Bact_fragilis_DK1985.fa.gz	52714	52683	43219	0.586	3.918	2.251	0.437	0.655	0.968	0.274	0.120	0.106	0.110
stools_12085101	0	Bact_uniformis_CL03T12C37.fa.gz	47712	47646	216833	0.647	26.232	16.693	0.362	0.647	0.994	3.091	1.424	0.097	0.098
stools_12085101	1	Bact_ovatus_BFG-107.fa.gz	65808	64956	186018	0.802	7.294	5.690	0.267	0.804	0.835	0.207	0.669	0.115	0.138
stools_12085101	2	Bact_fragilis_YCH46.fa.gz	52109	50517	133953	0.754	7.558	5.641	0.276	0.757	1.041	0.264	0.507	0.114	0.119
stools_12085101	3	Bact_xylanisolvens_funn3.fa.gz	63173	39993	95860	0.511	6.984	3.444	0.189	0.528	0.939	0.370	0.251	0.025	0.027
stools_12085150	0	Bact_fragilis_YCH46.fa.gz	52109	51906	328954	0.843	46.452	38.800	0.361	0.843	0.956	1.323	2.400	0.206	0.216
stools_12085150	1	Bact_intestinalis_APC919_174.fa.gz	56963	56762	285212	0.975	11.258	10.840	0.173	0.975	0.970	0.606	0.736	0.156	0.160
stools_12085150	2	Bact_uniformis_CL03T12C37.fa.gz	47712	46437	229871	0.672	22.593	14.944	0.237	0.672	0.961	3.151	0.833	0.069	0.072
stools_12085150	3	Bact_caccae_BFG-100.fa.gz	49508	48558	198661	0.822	9.011	7.328	0.158	0.823	0.916	0.535	0.425	0.081	0.088
stools_12085150	4	Bact_stercoris_BFG-121.fa.gz	38438	35775	158735	0.633	23.720	14.924	0.281	0.633	0.974	0.497	0.635	0.070	0.071
stools_12085150	5	Bact_ovatus_V975.fa.gz	63623	61696	136073	0.582	4.540	2.611	0.119	0.628	0.949	0.177	0.193	0.026	0.027
stools_12085150	6	Bact_thetaiotaomicron_CL11T00C24.fa.gz	65660	61960	100151	0.529	6.406	3.334	0.173	0.549	0.743	0.365	0.248	0.021	0.028
stools_12086101	0	Bact_caccae_ATCC_43185.fa.gz	45196	45156	68189	0.343	2.504	0.852	0.182	0.599	0.980	0.119	0.044	0.022	0.022
stools_12086101	1	Bact_uniformis_NBRC_113350.fa.gz	46678	46326	52683	0.332	2.728	0.897	0.240	0.561	0.956	0.048	0.048	0.024	0.025
stools_12086101	2	Bact_ovatus_V975.fa.gz	63623	61734	37289	0.265	2.512	0.656	0.308	0.550	1.017	0.077	0.047	0.024	0.025
stools_12086501	0	Bact_fragilis_BFG-1.fa.gz	50672	50643	54013	0.809	5.130	4.056	0.474	0.823	0.960	0.406	0.193	0.250	0.260
stools_12087150	0	Bact_fragilis_DK1985.fa.gz	52714	52684	71328	0.736	5.438	3.922	0.523	0.751	0.970	0.360	0.188	0.211	0.217
stools_12087501	0	Bact_fragilis_DK1985.fa.gz	52714	52677	75122	0.780	6.874	5.255	0.475	0.784	0.962	0.613	0.291	0.219	0.228
stools_12088501	0	Bact_fragilis_CCUG4856T.fa.gz	51592	51559	75876	0.854	117.929	100.140	0.810	0.854	0.952	6.836	5.534	0.481	0.505
stools_12089101	0	Bact_caccae_BFG-100.fa.gz	49508	49442	199717	0.847	15.029	12.578	0.223	0.847	0.980	0.604	0.723	0.133	0.136
stools_12089101	1	Bact_uniformis_CL06T06C18.fa.gz	47840	47137	157839	0.678	35.739	23.775	0.522	0.678	0.996	2.516	1.312	0.162	0.163
stools_12089101	2	Bact_fragilis_BFG-1.fa.gz	50672	49824	125857	0.719	4.077	2.869	0.140	0.762	0.992	0.066	0.168	0.058	0.058
stools_12089101	3	Bact_thetaiotaomicron_CL06T03C18.fa.gz	57788	56170	90035	0.674	4.812	3.225	0.202	0.702	0.975	0.051	0.209	0.065	0.067
stools_12089102	0	Bact_sp._PHL_2737.fa.gz	54199	53946	301274	0.814	44.323	35.541	0.312	0.814	0.890	1.513	1.950	0.150	0.168
stools_12089102	1	Bact_caccae_BFG-100.fa.gz	49508	48191	257357	0.856	20.745	17.547	0.199	0.856	0.956	1.780	0.857	0.119	0.125
stools_12089102	2	Bact_uniformis_CL06T03C05.fa.gz	52270	50746	216127	0.682	44.849	30.010	0.451	0.682	0.981	2.143	1.555	0.141	0.143
stools_12089102	3	Bact_thetaiotaomicron_CL06T03C18.fa.gz	57788	56115	181499	0.753	5.694	4.263	0.127	0.764	0.938	0.122	0.241	0.052	0.056
stools_12089102	4	Bact_xylanisolvens_funn3.fa.gz	63173	56897	139255	0.598	8.821	5.130	0.182	0.601	1.848	0.700	0.300	0.021	0.039
stools_12090101	0	Bact_ovatus_BFG-107.fa.gz	65808	65485	268727	0.810	10.745	8.491	0.239	0.810	0.893	0.570	0.802	0.113	0.127
stools_12090101	1	Bact_fragilis_IHMA_13.fa.gz	48678	48360	215694	0.754	8.585	6.403	0.172	0.755	0.981	0.507	0.441	0.073	0.074
stools_12090101	2	Bact_stercoris_BFG-121.fa.gz	38438	37395	179232	0.682	13.880	9.407	0.235	0.682	0.969	0.354	0.498	0.072	0.075
stools_12090101	3	Bact_uniformis_CL06T06C18.fa.gz	47840	45966	153716	0.701	9.026	6.201	0.253	0.703	1.025	1.300	0.410	0.085	0.088
stools_12090101	4	Bact_thetaiotaomicron_VPI_5482.fa.gz	61819	59403	121479	0.611	7.258	4.380	0.306	0.618	0.979	0.271	0.371	0.070	0.072
stools_12090101	5	Bact_xylanisolvens_H207.fa.gz	62843	39418	85200	0.558	5.742	3.118	0.212	0.584	0.969	0.359	0.178	0.039	0.040
stools_12090150	0	Bact_eggerthii_CL11T00C20.fa.gz	48513	47249	364219	0.793	40.890	31.554	0.223	0.793	0.962	2.524	1.537	0.107	0.111
stools_12090150	1	Bact_ovatus_V975.fa.gz	63623	62954	326772	0.828	22.618	18.486	0.221	0.828	0.886	1.374	1.184	0.111	0.125
stools_12090150	2	Bact_uniformis_NBRC_113350.fa.gz	46678	44624	274635	0.823	28.881	23.537	0.255	0.823	0.899	0.892	1.064	0.127	0.142
stools_12090150	3	Bact_thetaiotaomicron_BFG-55.fa.gz	62134	59442	237929	0.813	12.947	10.395	0.202	0.813	0.978	0.640	0.628	0.106	0.108
stools_12090150	4	Bact_caccae_CL03T12C61.fa.gz	53897	49171	189627	0.787	12.142	9.460	0.190	0.787	0.889	1.027	0.472	0.082	0.093
stools_12090150	5	Bact_fragilis_GUT04.fa.gz	52693	51568	150909	0.835	8.197	6.792	0.176	0.836	1.117	0.441	0.354	0.092	0.103
stools_12090501	0	Bact_fragilis_FDAARGOS_1225.fa.gz	50988	50834	198031	0.930	31.775	29.395	0.591	0.930	0.929	1.291	1.607	0.441	0.475
stools_12090501	1	Bact_caccae_BFG-100.fa.gz	49508	48741	150753	0.759	9.786	7.340	0.348	0.759	0.969	1.098	0.387	0.147	0.152
stools_12090501	2	Bact_ovatus_BFG-107.fa.gz	65808	63300	113770	0.446	4.811	2.091	0.200	0.509	1.016	0.331	0.145	0.023	0.023
stools_12091101	0	Bact_uniformis_CL03T12C37.fa.gz	47712	47641	207563	0.776	11.091	8.460	0.317	0.776	0.916	0.860	0.480	0.135	0.148
stools_12091101	1	Bact_caccae_ATCC_43185.fa.gz	45196	44992	170609	0.843	8.098	6.766	0.347	0.844	0.979	0.367	0.359	0.204	0.208
stools_12091101	2	Bact_faecis_BFG-108.fa.gz	61256	59719	132690	0.575	3.422	1.923	0.203	0.673	0.919	0.212	0.137	0.049	0.053
stools_12091101	3	Bact_stercoris_BFG-121.fa.gz	38438	37283	98379	0.519	4.774	2.460	0.200	0.567	0.808	0.077	0.108	0.027	0.033
stools_12091150	0	Bact_uniformis_CL11T00C07.fa.gz	50614	50432	109612	0.486	7.020	3.315	0.257	0.504	0.764	0.243	0.062	0.024	0.032
stools_12091501	0	Bact_fragilis_BOB25.fa.gz	51699	51666	69219	0.841	14.370	11.837	0.656	0.841	0.969	0.996	0.653	0.378	0.390
stools_12092101	0	Bact_humanifaecis_KGMB07931.fa.gz	41748	41650	206647	0.851	32.441	27.261	0.418	0.851	0.982	1.330	1.445	0.253	0.258
stools_12092101	1	Bact_stercoris_BFG-121.fa.gz	38438	37274	171196	0.716	16.001	11.384	0.267	0.716	0.834	0.746	0.537	0.082	0.098
stools_12092101	2	Bact_ovatus_V975.fa.gz	63623	63177	144493	0.737	7.337	5.338	0.291	0.741	0.949	0.524	0.429	0.112	0.118
stools_12092101	3	Bact_caccae_CL03T12C61.fa.gz	53897	51376	97911	0.596	4.997	2.938	0.184	0.629	0.811	0.550	0.192	0.035	0.043
stools_12092101	4	Bact_fragilis_DCMOUH0017B.fa.gz	53308	52044	67291	0.498	3.580	1.738	0.137	0.604	1.063	0.304	0.117	0.023	0.025
stools_12092501	0	Bact_fragilis_GUT04.fa.gz	52693	52524	127292	0.799	60.313	47.822	0.726	0.799	0.963	3.084	2.611	0.356	0.370
stools_12092501	1	Bact_intestinalis_APC919_174.fa.gz	56963	56771	85348	0.657	5.869	3.810	0.229	0.672	0.988	0.511	0.226	0.067	0.068
stools_12093101_SM-NA1P5	0	Bact_uniformis_CL06T03C05.fa.gz	52270	51981	230356	0.767	9.414	7.092	0.351	0.767	0.911	0.610	0.510	0.144	0.158
stools_12093101_SM-NA1P5	1	Bact_caccae_CL03T12C61.fa.gz	53897	51569	190511	0.643	3.931	2.494	0.188	0.701	0.951	0.397	0.177	0.056	0.059
stools_12093101_SM-NA1P5	2	Bact_thetaiotaomicron_CL06T03C18.fa.gz	57788	56257	157367	0.582	2.996	1.734	0.174	0.707	0.917	0.085	0.133	0.046	0.051
stools_12093101_SM-NA1P5	3	Bact_fragilis_638R.fa.gz	53091	52163	124610	0.558	3.080	1.705	0.192	0.682	1.024	0.197	0.122	0.049	0.050
stools_12093101_SM-NA1P5	4	Bact_intestinalis_APC919_174.fa.gz	56963	56123	95488	0.390	2.488	0.962	0.145	0.632	0.996	0.164	0.074	0.022	0.023
stools_12093101_SM-NAWYG	0	Bact_uniformis_CL06T03C05.fa.gz	52270	51959	279029	0.786	16.381	12.643	0.301	0.786	0.903	0.640	0.564	0.132	0.146
stools_12093101_SM-NAWYG	1	Bact_fragilis_BOB25.fa.gz	51699	51428	238215	0.788	10.559	8.167	0.275	0.789	0.980	0.487	0.361	0.132	0.135
stools_12093101_SM-NAWYG	2	Bact_caccae_ATCC_43185.fa.gz	45196	44661	197669	0.789	6.337	4.961	0.198	0.794	0.984	0.303	0.188	0.097	0.099
stools_12093101_SM-NAWYG	3	Bact_thetaiotaomicron_CL06T03C18.fa.gz	57788	56223	162439	0.720	4.478	3.206	0.201	0.750	0.894	0.084	0.153	0.073	0.081
stools_12093101_SM-NAWYG	4	Bact_stercoris_BFG-121.fa.gz	38438	36849	121962	0.488	7.435	3.600	0.185	0.501	0.611	0.219	0.113	0.014	0.023
stools_12093101_SM-NAWYG	5	Bact_intestinalis_APC919_174.fa.gz	56963	56067	103992	0.474	3.312	1.555	0.150	0.601	0.986	0.144	0.074	0.025	0.026
stools_12093150	0	Bact_intestinalis_APC919_174.fa.gz	56963	56881	196658	0.613	22.556	13.696	0.509	0.613	1.009	1.670	1.064	0.116	0.117
stools_12093150	1	Bact_ovatus_BFG-107.fa.gz	65808	64937	161787	0.738	5.327	3.819	0.337	0.755	0.835	0.286	0.345	0.118	0.142
stools_12093150	2	Bact_ovatus_V975.fa.gz	63623	32175	113857	0.520	3.943	2.020	0.131	0.599	0.961	0.134	0.089	0.024	0.024
stools_12093501	0	Bact_thetaiotaomicron_CL15T12C11.fa.gz	67497	67285	212255	0.692	9.485	6.486	0.326	0.693	0.953	0.170	0.210	0.103	0.108
stools_12093501	1	Bact_caccae_BFG-100.fa.gz	49508	47652	165697	0.662	6.494	4.251	0.224	0.671	0.955	0.288	0.098	0.064	0.067
stools_12093501	2	Bact_uniformis_CL06T03C05.fa.gz	52270	48772	134159	0.598	4.853	2.840	0.199	0.635	0.975	0.123	0.067	0.047	0.048
stools_12093501	3	Bact_ovatus_VPIC145.fa.gz	69560	65552	105003	0.526	3.457	1.791	0.210	0.632	0.954	0.065	0.057	0.042	0.044
stools_12095102	0	Bact_uniformis_CL11T00C07.fa.gz	50614	50251	81811	0.432	5.702	2.394	0.278	0.475	0.710	0.354	0.098	0.019	0.027
stools_12095150	0	Bact_fragilis_YCH46.fa.gz	52109	51730	136442	0.546	4.237	2.287	0.213	0.608	0.899	0.204	0.109	0.039	0.043
stools_12095150	1	Bact_uniformis_CL06T03C05.fa.gz	52270	51709	108175	0.401	4.771	1.881	0.224	0.474	0.927	0.240	0.090	0.019	0.020
stools_12095150	2	Bact_thetaiotaomicron_CL06T03C18.fa.gz	57788	57048	87420	0.393	2.856	1.115	0.186	0.584	0.950	0.068	0.058	0.024	0.025
stools_12096101	0	Bact_uniformis_CL06T06C18.fa.gz	47840	47668	223848	0.780	14.399	10.986	0.346	0.780	0.843	0.634	0.431	0.138	0.164
stools_12096101	1	Bact_thetaiotaomicron_CL15T12C11.fa.gz	67497	66156	186666	0.657	6.519	4.231	0.280	0.666	0.928	0.114	0.228	0.076	0.082
stools_12096101	2	Bact_ovatus_BFG-107.fa.gz	65808	61447	143214	0.664	4.590	2.971	0.257	0.700	0.944	0.158	0.151	0.079	0.083
stools_12096101	3	Bact_uniformis_CL03T12C37.fa.gz	47712	16658	102420	0.501	11.094	5.431	0.171	0.504	0.947	0.159	0.075	0.021	0.022
stools_12096101	4	Bact_caccae_BFG-100.fa.gz	49508	46658	94069	0.425	4.329	1.819	0.191	0.507	0.901	0.181	0.069	0.019	0.021
stools_12096102	0	Bact_sp._PHL_2737.fa.gz	54199	54062	276833	0.829	36.701	29.972	0.429	0.829	0.912	0.681	1.211	0.223	0.244
stools_12096102	1	Bact_caccae_BFG-100.fa.gz	49508	48200	232006	0.831	9.754	8.013	0.178	0.831	0.949	0.434	0.288	0.097	0.102
stools_12096102	2	Bact_uniformis_CL03T12C37.fa.gz	47712	47068	191949	0.739	13.949	10.146	0.269	0.739	0.955	1.153	0.357	0.104	0.109
stools_12096102	3	Bact_xylanisolvens_funn3.fa.gz	63173	59925	157149	0.545	7.803	4.113	0.194	0.554	0.928	0.321	0.188	0.030	0.032
stools_12096102	4	Bact_thetaiotaomicron_CL11T00C24.fa.gz	65660	60733	124475	0.506	5.196	2.587	0.150	0.547	0.973	0.237	0.118	0.022	0.023
stools_12098101	0	Bact_fragilis_BE1.fa.gz	51373	51301	148329	0.817	65.806	53.489	0.683	0.817	0.969	4.146	2.830	0.361	0.372
stools_12098150	0	Bact_uniformis_CL03T12C37.fa.gz	47712	47636	220344	0.717	37.964	26.797	0.415	0.717	0.954	3.092	1.562	0.146	0.153
stools_12098150	1	Bact_fragilis_BFG-1.fa.gz	50672	49589	186184	0.937	8.983	8.232	0.228	0.937	0.960	0.166	0.503	0.181	0.188
stools_12098150	2	Bact_caccae_BFG-100.fa.gz	49508	49037	139714	0.790	9.064	7.080	0.249	0.791	0.900	0.330	0.423	0.111	0.123
stools_12098150	3	Bact_ovatus_BFG-107.fa.gz	65808	62876	100972	0.522	7.196	3.664	0.223	0.535	0.765	0.175	0.284	0.026	0.033
stools_12099101	0	Bact_intestinalis_APC919_174.fa.gz	56963	56897	277596	0.715	40.942	29.008	0.310	0.715	0.996	1.101	1.547	0.113	0.113
stools_12099101	1	Bact_ovatus_BFG-107.fa.gz	65808	65055	236889	0.852	12.276	10.165	0.183	0.852	0.796	0.220	0.632	0.090	0.113
stools_12099101	2	Bact_uniformis_CL03T12C37.fa.gz	47712	46665	181476	0.645	45.014	28.563	0.446	0.645	0.980	2.999	1.258	0.117	0.120
stools_12099101	3	Bact_caccae_BFG-100.fa.gz	49508	47322	151378	0.756	6.779	5.063	0.144	0.760	0.909	0.245	0.225	0.057	0.063
stools_12099101	4	Bact_xylanisolvens_funn3.fa.gz	63173	39937	115625	0.589	13.141	7.490	0.215	0.589	0.921	0.434	0.287	0.040	0.044
stools_12099150	0	Bact_stercoris_BFG-121.fa.gz	38438	38088	254044	0.692	159.189	109.519	0.544	0.692	1.011	3.395	2.880	0.178	0.180
stools_12099150	1	Bact_uniformis_CL06T06C18.fa.gz	47840	46270	227697	0.804	27.947	22.062	0.295	0.804	0.827	1.246	0.714	0.127	0.153
stools_12099150	2	Bact_ovatus_BFG-107.fa.gz	65808	64437	190495	0.654	12.725	8.087	0.216	0.654	0.896	0.460	0.368	0.054	0.060
stools_12099150	3	Bact_fragilis_YCH46.fa.gz	52109	49826	148353	0.661	6.764	4.434	0.114	0.668	1.100	0.198	0.153	0.031	0.034
stools_12099501	0	Bact_intestinalis_APC919_174.fa.gz	56963	56904	241312	0.715	37.010	26.211	0.340	0.715	0.996	0.962	1.377	0.124	0.125
stools_12099501	1	Bact_uniformis_CL03T12C37.fa.gz	47712	47272	200613	0.643	39.273	24.836	0.409	0.643	0.981	2.452	1.092	0.107	0.109
stools_12099501	2	Bact_ovatus_BFG-107.fa.gz	65808	64456	170218	0.755	8.335	6.126	0.235	0.757	0.812	0.141	0.371	0.083	0.102
stools_12099501	3	Bact_caccae_BFG-100.fa.gz	49508	47321	121529	0.639	6.107	3.856	0.140	0.652	0.894	0.210	0.169	0.034	0.038
stools_12099501	4	Bact_xylanisolvens_funn3.fa.gz	63173	39957	91308	0.533	10.017	5.163	0.188	0.536	0.870	0.282	0.195	0.025	0.029
stools_12100501	0	Bact_sp._PHL_2737.fa.gz	54199	53875	218715	0.933	21.732	20.051	0.345	0.933	0.889	0.544	0.857	0.249	0.281
stools_12100501	1	Bact_uniformis_NBRC_113350.fa.gz	46678	44219	168430	0.822	24.956	20.305	0.437	0.822	0.879	0.267	0.711	0.213	0.242
stools_12100501	2	Bact_caccae_BFG-100.fa.gz	49508	47837	132103	0.684	8.631	5.834	0.242	0.686	1.029	0.536	0.221	0.076	0.078
stools_12100501	3	Bact_ovatus_V975.fa.gz	63623	61999	99386	0.545	4.047	2.175	0.155	0.615	0.934	0.148	0.107	0.030	0.032
stools_12100501	4	Bact_uniformis_CL06T06C18.fa.gz	47840	14522	65572	0.489	21.902	10.551	0.208	0.489	0.853	0.988	0.122	0.021	0.024
stools_12101101	0	Bact_xylanisolvens_CL11T00C03.fa.gz	61640	61530	149905	0.631	185.107	112.433	0.481	0.631	0.931	23.557	12.790	0.112	0.121
stools_12101101	1	Bact_fragilis_S14.fa.gz	48511	48223	111078	0.804	42.843	34.200	0.214	0.804	1.021	3.044	2.957	0.109	0.111
stools_12101102	0	Bact_xylanisolvens_CL11T00C41.fa.gz	64926	64496	118037	0.603	17.128	10.077	0.490	0.603	0.976	1.777	0.981	0.105	0.107
stools_12101102	1	Bact_thetaiotaomicron_VPI_5482.fa.gz	61819	60217	79163	0.786	4.804	3.732	0.328	0.805	0.994	0.226	0.335	0.166	0.167
stools_12103101	0	Bact_uniformis_NBRC_113350.fa.gz	46678	46519	210249	0.642	153.387	97.430	0.298	0.642	0.977	4.544	3.983	0.077	0.079
stools_12103101	1	Bact_xylanisolvens_CL11T00C41.fa.gz	64926	63621	180397	0.578	105.539	59.961	0.359	0.578	1.002	6.359	3.376	0.069	0.069
stools_12103101	2	Bact_thetaiotaomicron_CL06T03C18.fa.gz	57788	56322	143630	0.691	38.812	26.683	0.218	0.691	0.984	0.962	1.315	0.071	0.072
stools_12103101	3	Bact_caccae_CL03T12C61.fa.gz	53897	50207	104691	0.751	20.303	15.074	0.141	0.751	1.622	1.514	0.666	0.037	0.060
stools_12103150	0	Bact_caccae_CL03T12C61.fa.gz	53897	53629	98782	0.472	3.931	1.828	0.220	0.562	0.852	0.273	0.088	0.028	0.033
stools_12103150	1	Bact_ovatus_V975.fa.gz	63623	61757	73472	0.379	2.970	1.111	0.198	0.565	0.976	0.124	0.061	0.023	0.024
stools_12111101	0	Bact_fragilis_S14.fa.gz	48511	48493	56167	0.754	118.074	88.273	0.699	0.754	0.980	4.112	2.875	0.294	0.300
stools_12111102	0	Bact_thetaiotaomicron_CL15T12C11.fa.gz	67497	67273	247507	0.645	7.402	4.718	0.227	0.651	0.916	0.157	0.304	0.057	0.062
stools_12111102	1	Bact_fragilis_Q1F2.fa.gz	50776	50147	204125	0.649	7.096	4.519	0.212	0.656	0.992	0.220	0.219	0.059	0.059
stools_12111102	2	Bact_uniformis_CL06T06C18.fa.gz	47840	46070	171604	0.669	5.641	3.700	0.202	0.686	0.915	0.682	0.165	0.058	0.064
stools_12111102	3	Bact_ovatus_V975.fa.gz	63623	62060	140780	0.584	4.217	2.428	0.223	0.641	0.912	0.163	0.145	0.049	0.053
stools_12111102	4	Bact_fragilis_CCUG4856T.fa.gz	51592	45262	104525	0.621	4.244	2.623	0.224	0.669	0.986	0.115	0.113	0.061	0.062
stools_12111150	0	Bact_uniformis_CL06T06C18.fa.gz	47840	47554	121495	0.538	4.753	2.501	0.237	0.586	0.890	0.445	0.105	0.039	0.044
stools_12114101	0	Bact_uniformis_CL06T06C18.fa.gz	47840	47636	285168	0.818	46.352	37.264	0.331	0.818	0.929	2.970	1.842	0.169	0.182
stools_12114101	1	Bact_ovatus_V975.fa.gz	63623	63317	246179	0.644	31.202	19.824	0.349	0.644	0.959	1.654	1.297	0.089	0.093
stools_12114101	2	Bact_fragilis_638R.fa.gz	53091	52206	205398	0.801	5.860	4.657	0.103	0.809	0.961	0.253	0.250	0.052	0.054
stools_12114101	3	Bact_caccae_CL03T12C61.fa.gz	53897	51220	163560	0.647	7.328	4.678	0.114	0.653	0.785	0.556	0.247	0.025	0.031
stools_12114101	4	Bact_salyersiae_BFG-288.fa.gz	52306	51007	130416	0.648	4.409	2.832	0.077	0.689	0.991	0.124	0.149	0.024	0.024
stools_12114150	0	Bact_uniformis_NBRC_113350.fa.gz	46678	46525	112288	0.693	26.268	18.017	0.498	0.693	0.988	1.243	0.619	0.164	0.166
stools_12114501	0	Bact_fragilis_BOB25.fa.gz	51699	51609	283232	0.826	124.199	100.882	0.655	0.826	0.928	4.812	4.802	0.342	0.369
stools_12114501	1	Bact_caccae_BFG-100.fa.gz	49508	48591	240607	0.883	13.494	11.776	0.207	0.883	0.927	1.586	0.525	0.132	0.143
stools_12114501	2	Bact_ovatus_BFG-107.fa.gz	65808	63420	197722	0.698	11.392	7.736	0.228	0.699	0.847	0.936	0.458	0.066	0.078
stools_12116150	0	Bact_fragilis_FDAARGOS_1225.fa.gz	50988	50898	105631	0.784	11.753	9.154	0.617	0.785	0.964	0.633	0.391	0.287	0.298
stools_12117101	0	Bact_ovatus_CL06T03C20.fa.gz	65365	65244	313543	0.899	27.728	24.622	0.231	0.899	0.822	1.056	1.360	0.138	0.167
stools_12117101	1	Bact_fragilis_GUT04.fa.gz	52693	52215	254917	0.911	21.463	19.402	0.189	0.911	1.007	0.947	0.855	0.142	0.143
stools_12117101	2	Bact_uniformis_CL03T12C37.fa.gz	47712	47315	207328	0.697	41.785	28.639	0.313	0.697	0.973	1.018	1.153	0.103	0.106
stools_12117101	3	Bact_zhangwenhongii_HF-5287.fa.gz	51176	46924	174363	0.656	38.050	24.461	0.388	0.656	1.000	1.157	0.980	0.110	0.110
stools_12117101	4	Bact_stercoris_BFG-121.fa.gz	38438	36944	143570	0.644	15.325	9.803	0.197	0.644	0.832	0.451	0.305	0.044	0.053
stools_12117101	5	Bact_caccae_CL03T12C61.fa.gz	53897	47975	119777	0.641	6.769	4.280	0.140	0.650	1.057	0.637	0.174	0.036	0.038
stools_12117101	6	Bact_ovatus_BFG-107.fa.gz	65808	27903	89045	0.503	15.588	7.592	0.172	0.503	0.974	0.627	0.183	0.021	0.022
stools_12117150	0	Bact_ovatus_BFG-107.fa.gz	65808	65181	334534	0.871	20.090	17.040	0.192	0.871	0.823	1.056	0.989	0.105	0.127
stools_12117150	1	Bact_eggerthii_CL11T00C20.fa.gz	48513	47349	277753	0.714	53.686	37.344	0.379	0.714	0.990	1.289	1.575	0.137	0.138
stools_12117150	2	Bact_zhangwenhongii_HF-5287.fa.gz	51176	46499	243926	0.714	28.243	19.785	0.315	0.714	0.998	1.084	0.813	0.114	0.114
stools_12117150	3	Bact_caccae_BFG-100.fa.gz	49508	45881	210739	0.857	10.740	9.103	0.207	0.857	0.990	1.008	0.366	0.129	0.130
stools_12117150	4	Bact_fragilis_GUT04.fa.gz	52693	50881	171414	0.860	7.796	6.655	0.211	0.861	1.227	0.376	0.296	0.110	0.134
stools_12117150	5	Bact_uniformis_NBRC_113350.fa.gz	46678	43807	127646	0.812	11.063	8.901	0.308	0.812	0.918	0.334	0.341	0.151	0.165
stools_12118101	0	Bact_ovatus_BFG-107.fa.gz	65808	65596	70102	0.488	3.911	1.854	0.511	0.579	0.985	0.642	0.509	0.082	0.084
stools_12118101	1	Bact_ovatus_V975.fa.gz	63623	32235	38077	0.312	3.213	0.987	0.270	0.497	0.930	0.353	0.131	0.019	0.021
stools_12119101	0	Bact_ovatus_BFG-107.fa.gz	65808	65778	72767	0.677	12.448	8.158	0.603	0.677	0.971	1.061	0.640	0.182	0.187
stools_12119501	0	Bact_ovatus_BFG-107.fa.gz	65808	65399	117747	0.520	5.004	2.527	0.293	0.566	0.912	0.297	0.087	0.044	0.049
stools_12120501	0	Bact_caccae_BFG-100.fa.gz	49508	49432	236630	0.845	8.800	7.359	0.268	0.846	0.962	0.334	0.621	0.156	0.162
stools_12120501	1	Bact_fragilis_S14.fa.gz	48511	48224	194855	0.830	7.778	6.404	0.310	0.831	0.979	0.538	0.525	0.174	0.178
stools_12120501	2	Bact_uniformis_CL03T12C37.fa.gz	47712	47387	154851	0.616	4.859	2.944	0.205	0.651	0.971	0.903	0.240	0.052	0.054
stools_12120501	3	Bact_stercoris_BFG-121.fa.gz	38438	36130	125637	0.556	5.632	3.108	0.205	0.582	0.865	0.332	0.191	0.033	0.039
stools_12120501	4	Bact_ovatus_V975.fa.gz	63623	61818	105554	0.419	2.945	1.214	0.174	0.596	0.968	0.208	0.129	0.025	0.026
