ESC1234702001S1K	0	Bifi_adolescentis_BB23.fa.gz	21488	21475	20415	0.666	7.493	4.924	0.663	0.671	1.004	0.244	0.162	0.198	0.199
ESC1247104001S1K	0	Bifi_bifidum_YIT_10347.fa.gz	21299	21284	48199	0.750	9.371	6.980	0.455	0.751	0.984	1.182	1.143	0.189	0.193
ESC1247104001S1K	1	Bifi_adolescentis_BB23.fa.gz	21488	21114	32230	0.648	6.425	4.118	0.491	0.659	0.983	1.329	0.672	0.136	0.138
ESO1212204120S1K	0	Bifi_kashiwanohense_PV20-2.fa.gz	23363	23315	56143	0.657	72.654	47.223	0.464	0.657	0.725	2.121	1.001	0.095	0.131
ESO1212204120S1K	1	Bifi_bifidum_YIT_10347.fa.gz	21299	21005	40836	0.780	16.682	12.936	0.213	0.780	0.973	0.039	0.246	0.098	0.101
ESO1212206220S1K	0	Bifi_pseudocatenulatum_YIT11953.fa.gz	22117	22103	9547	0.276	2.214	0.603	0.356	0.609	0.995	0.079	0.028	0.036	0.036
ESO1212703120S1K	0	Bifi_pseudocatenulatum_YIT11953.fa.gz	22117	22098	45475	0.772	12.190	9.301	0.497	0.772	0.976	0.324	0.263	0.223	0.229
ESO1212703120S1K	1	Bifi_longum_BIM_B-813D.fa.gz	22533	22160	28416	0.730	6.165	4.402	0.474	0.739	1.011	0.206	0.126	0.187	0.189
ESO1212704120S1K	0	Bifi_pseudocatenulatum_YIT11953.fa.gz	22117	22059	74240	0.755	201.855	151.685	0.508	0.755	0.988	3.344	2.689	0.216	0.218
ESO1212704120S1K	1	Bifi_longum_BBMN68.fa.gz	22338	21894	57596	0.799	73.140	57.582	0.393	0.799	0.988	1.604	1.024	0.198	0.200
ESO1212704120S1K	2	Bifi_breve_NRBB09.fa.gz	22415	20360	40108	0.709	27.907	19.612	0.204	0.709	1.510	0.344	0.322	0.048	0.073
ESO1213404120S1K	0	Bifi_pseudocatenulatum_YIT11953.fa.gz	22117	22108	11964	0.335	2.831	0.937	0.297	0.551	0.965	0.064	0.019	0.029	0.030
ESO1228703120S1K	0	Bifi_longum_105-A.fa.gz	22553	22531	42976	0.808	14.034	11.168	0.591	0.808	1.008	0.303	0.231	0.310	0.312
ESO1228703120S1K	1	Bifi_pseudocatenulatum_12.fa.gz	21623	21089	24760	0.642	3.813	2.423	0.292	0.704	0.955	0.088	0.047	0.089	0.093
ESO1232906120S1K	0	Bifi_pseudocatenulatum_YIT11953.fa.gz	22117	22106	12584	0.327	3.062	0.988	0.340	0.520	0.982	0.120	0.041	0.030	0.030
ESO1233807120S1K	0	Bifi_longum_ZJ1.fa.gz	23722	23696	60790	0.813	171.575	137.127	0.312	0.813	0.902	4.138	3.300	0.151	0.168
ESO1233807120S1K	1	Bifi_adolescentis_6.fa.gz	21781	21280	41528	0.677	333.641	224.331	0.661	0.677	0.991	6.130	4.803	0.204	0.205
ESO1233807120S1K	2	Bifi_pseudocatenulatum_YIT11953.fa.gz	22117	20676	27111	0.597	20.096	11.919	0.100	0.597	1.106	0.300	0.248	0.019	0.021
ESO1234703120S1K	0	Bifi_adolescentis_BB23.fa.gz	21488	21473	21150	0.585	4.435	2.560	0.601	0.634	0.982	0.387	0.233	0.139	0.142
ESO1234709120S1K	0	Bifi_pseudocatenulatum_12.fa.gz	21623	21581	43839	0.717	13.519	9.590	0.538	0.717	0.956	0.418	0.295	0.190	0.198
ESO1234709120S1K	1	Bifi_longum_ZJ1.fa.gz	23722	23337	28364	0.676	3.877	2.576	0.341	0.731	1.012	0.131	0.086	0.122	0.123
ESO1236806120S1K	0	Bifi_pseudocatenulatum_YIT11953.fa.gz	22117	22106	21546	0.697	7.209	4.961	0.645	0.702	0.984	0.263	0.170	0.218	0.221
ESO1237103220S1K	0	Bifi_pseudocatenulatum_YIT11953.fa.gz	22117	22058	90619	0.828	179.376	147.903	0.465	0.828	0.914	4.227	12.231	0.241	0.264
ESO1237103220S1K	1	Bifi_breve_NRBB09.fa.gz	22415	22003	72357	0.852	58.335	49.245	0.290	0.852	0.810	1.210	4.085	0.146	0.180
ESO1237103220S1K	2	Bifi_kashiwanohense_PV20-2.fa.gz	23363	17655	53602	0.646	102.754	65.613	0.438	0.646	0.893	20.167	4.374	0.105	0.118
ESO1237103220S1K	3	Bifi_breve_B_breve_1_mod.fa.gz	23421	7637	42202	0.579	42.499	24.420	0.125	0.579	0.860	0.695	0.702	0.021	0.024
ESO1238002120S1K	0	Bifi_pseudocatenulatum_YIT11953.fa.gz	22117	22106	19335	0.549	9.118	4.947	0.586	0.553	0.985	0.283	0.166	0.097	0.099
ESO1238004220S1K	0	Bifi_kashiwanohense_PV20-2.fa.gz	23363	23306	99138	0.803	588.196	469.099	0.481	0.803	0.849	13.530	9.140	0.212	0.249
ESO1238004220S1K	1	Bifi_bifidum_YIT_10347.fa.gz	21299	21006	80413	0.771	247.165	189.264	0.337	0.771	0.987	2.851	3.320	0.152	0.154
ESO1238004220S1K	2	Bifi_breve_DRBB27.fa.gz	24140	23128	64226	0.812	90.016	72.637	0.215	0.812	0.784	1.976	1.404	0.090	0.115
ESO1238004220S1K	3	Bifi_longum_51A.fa.gz	23329	20184	45435	0.787	40.534	31.527	0.104	0.787	1.277	0.646	0.535	0.040	0.051
ESO1238006120S1K	0	Bifi_adolescentis_ATCC_15703.fa.gz	20594	20575	18866	0.593	4.688	2.736	0.492	0.634	1.007	0.123	0.060	0.117	0.117
ESO1238105120S1K	0	Bifi_longum_ZJ1.fa.gz	23722	23664	103220	0.902	71.251	63.448	0.487	0.902	0.707	1.426	1.990	0.253	0.358
ESO1238105120S1K	1	Bifi_adolescentis_BB23.fa.gz	21488	21057	81867	0.819	33.050	26.743	0.356	0.819	0.877	0.843	0.745	0.171	0.195
ESO1238105120S1K	2	Bifi_bifidum_YIT_10347.fa.gz	21299	20552	64630	0.818	11.312	9.206	0.184	0.818	0.966	0.162	0.249	0.098	0.101
ESO1238105120S1K	3	Bifi_pseudocatenulatum_YIT11953.fa.gz	22117	20337	47812	0.778	7.148	5.527	0.135	0.782	0.922	0.168	0.148	0.059	0.064
ESO1238105120S1K	4	Bifi_longum_JCM_7053.fa.gz	24148	5410	31980	0.650	46.657	27.774	0.225	0.650	0.750	1.485	0.214	0.046	0.062
ESO1241110120S1K	0	Bifi_dentium_NCTC11816.fa.gz	26058	26051	14410	0.361	2.899	1.031	0.291	0.561	0.962	0.094	0.027	0.032	0.033
ESO1242101120S1K	0	Bifi_dentium_E7.fa.gz	25106	25098	22583	0.734	3.715	2.681	0.747	0.788	0.988	0.222	0.166	0.336	0.340
ESO1242103120S1K	0	Bifi_pseudocatenulatum_YIT11027.fa.gz	24945	24934	17783	0.346	2.352	0.793	0.437	0.631	0.993	0.202	0.141	0.060	0.060
ESO1242103120S1K	1	Bifi_longum_BIM_B-813D.fa.gz	22533	22189	9163	0.216	2.000	0.422	0.367	0.627	1.094	0.120	0.066	0.028	0.031
ESO1242802120S1K	0	Bifi_pseudocatenulatum_JCLA3.fa.gz	23380	23355	39844	0.582	24.657	14.175	0.381	0.582	0.984	1.004	0.382	0.074	0.075
ESO1247101120S1K	0	Bifi_pseudocatenulatum_YIT11953.fa.gz	22117	22086	38878	0.579	34.857	19.993	0.531	0.579	0.965	0.596	0.394	0.099	0.103
ESO1247101120S1K	1	Bifi_adolescentis_BB23.fa.gz	21488	20104	26096	0.674	9.087	6.069	0.313	0.676	1.001	0.146	0.109	0.096	0.096
ESO1247204120S1K	0	Bifi_pseudocatenulatum_YIT11953.fa.gz	22117	22104	18881	0.540	3.399	1.813	0.525	0.646	0.974	0.106	0.056	0.115	0.118
ESO1254203120S1K	0	Bifi_pseudocatenulatum_YIT11953.fa.gz	22117	22107	29412	0.803	27.258	21.615	0.655	0.803	0.949	0.806	0.528	0.322	0.339
ESO1256804120S1K	0	Bifi_adolescentis_P2P3.fa.gz	21804	21733	83285	0.819	233.769	190.724	0.582	0.819	0.899	4.886	6.787	0.287	0.320
ESO1256804120S1K	1	Bifi_longum_LTBL16.fa.gz	23947	23414	65491	0.793	39.226	30.690	0.244	0.793	0.957	1.623	1.188	0.116	0.122
ESO1256804120S1K	2	Bifi_bifidum_S17.fa.gz	21658	20901	46935	0.729	42.421	30.725	0.287	0.729	0.985	1.087	1.054	0.109	0.111
ESO1256804120S1K	3	Bifi_adolescentis_BB23.fa.gz	21488	6400	31706	0.470	165.151	76.712	0.309	0.470	0.921	4.057	0.811	0.030	0.032
ESO1256808120S1K	0	Bifi_pseudocatenulatum_YIT11953.fa.gz	22117	22109	20762	0.649	4.390	2.811	0.666	0.690	0.988	0.487	0.324	0.203	0.206
ESO1350507120S1K	0	Bifi_adolescentis_BB23.fa.gz	21488	21468	45938	0.708	8.383	5.854	0.505	0.710	0.999	0.216	0.126	0.180	0.180
ESO1350507120S1K	1	Bifi_breve_B_breve_1_mod.fa.gz	23421	23034	30735	0.422	2.871	1.204	0.223	0.603	1.057	0.034	0.028	0.032	0.034
ESO1350510120S1K	0	Bifi_pseudocatenulatum_12.fa.gz	21623	21616	20678	0.562	59.688	33.106	0.641	0.562	0.971	1.297	0.832	0.110	0.114
ESO1350807120S1K	0	Bifi_pseudocatenulatum_YIT11953.fa.gz	22117	22100	22225	0.546	6.046	3.263	0.487	0.568	0.987	0.139	0.068	0.085	0.086
ESO1356601120S1K	0	Bifi_pseudocatenulatum_YIT11953.fa.gz	22117	22105	24403	0.547	13.207	7.130	0.584	0.547	0.979	0.272	0.159	0.094	0.096
ESO1356604120S1K	0	Bifi_adolescentis_BB23.fa.gz	21488	21477	34053	0.809	21.919	17.494	0.698	0.809	0.899	0.252	0.386	0.332	0.370
ESO1356604120S1K	1	Bifi_adolescentis_ATCC_15703.fa.gz	20594	6712	16669	0.484	16.679	7.963	0.328	0.484	0.851	0.302	0.055	0.032	0.037
ESO1356611120S1K	0	Bifi_pseudocatenulatum_YIT11953.fa.gz	22117	22107	23880	0.576	4.717	2.682	0.523	0.618	0.949	0.143	0.075	0.109	0.115
ESO1357102120S1K	0	Bifi_pseudocatenulatum_YIT11953.fa.gz	22117	22112	22658	0.745	32.189	23.663	0.719	0.745	0.991	1.025	0.737	0.295	0.297
ESO1357104120S1K	0	Bifi_pseudocatenulatum_YIT11953.fa.gz	22117	22107	19770	0.559	13.396	7.394	0.619	0.559	0.984	0.416	0.257	0.106	0.108
ESO1357107120S1K	0	Bifi_pseudocatenulatum_YIT11953.fa.gz	22117	22103	26758	0.617	74.825	45.634	0.677	0.617	0.962	1.713	1.160	0.153	0.159
ESO1358301120S1K	0	Bifi_adolescentis_BB23.fa.gz	21488	21447	55253	0.789	21.555	16.838	0.467	0.789	0.930	0.614	0.475	0.214	0.230
ESO1358301120S1K	1	Bifi_pseudocatenulatum_YIT11953.fa.gz	22117	20738	38332	0.730	13.823	10.017	0.503	0.730	0.978	0.403	0.273	0.191	0.196
ESO1358304120S1K	0	Bifi_pseudocatenulatum_YIT11953.fa.gz	22117	22110	20945	0.543	65.002	34.865	0.620	0.543	0.986	1.123	0.696	0.098	0.099
ESO1358401120S1K	0	Bifi_pseudocatenulatum_YIT11953.fa.gz	22117	22110	20429	0.558	43.238	23.797	0.644	0.558	0.991	1.049	0.676	0.111	0.112
ESO1358602120S1K	0	Bifi_pseudocatenulatum_YIT11953.fa.gz	22117	22085	35095	0.564	22.609	12.632	0.499	0.564	0.961	0.525	0.384	0.086	0.089
ESO1358602120S1K	1	Bifi_adolescentis_ATCC_15703.fa.gz	20594	19337	22649	0.646	9.068	5.800	0.401	0.648	0.986	0.243	0.154	0.107	0.109
ESO1359003120S1K	0	Bifi_longum_BXY01.fa.gz	24324	24279	104101	0.810	839.451	668.144	0.337	0.810	0.802	19.971	15.043	0.144	0.179
ESO1359003120S1K	1	Bifi_kashiwanohense_PV20-2.fa.gz	23363	22677	84428	0.738	734.577	536.712	0.379	0.738	0.915	16.365	11.193	0.139	0.152
ESO1359003120S1K	2	Bifi_breve_NRBB09.fa.gz	22415	19326	67700	0.854	336.015	284.457	0.275	0.854	0.661	3.021	5.051	0.113	0.171
ESO1359003120S1K	3	Bifi_bifidum_YIT_10347.fa.gz	21299	20301	51198	0.765	117.719	89.629	0.125	0.765	0.983	1.313	1.666	0.055	0.056
ESO1359003120S1K	4	Bifi_breve_DRBB27.fa.gz	24140	7353	35659	0.586	296.541	172.260	0.100	0.586	0.641	3.922	1.165	0.013	0.020
ESO1359004120S1K	0	Bifi_pseudocatenulatum_YIT11953.fa.gz	22117	22100	24890	0.589	7.532	4.380	0.561	0.596	0.964	0.248	0.139	0.113	0.117
ESO1359006120S1K	0	Bifi_pseudocatenulatum_YIT11953.fa.gz	22117	22109	17393	0.506	3.774	1.886	0.491	0.597	0.967	0.099	0.049	0.086	0.089
ESO1359007120S1K	0	Bifi_dentium_NCTC11816.fa.gz	26058	26047	18744	0.508	3.228	1.617	0.555	0.634	0.991	0.095	0.053	0.112	0.113
ESO1361001120S1K	0	Bifi_pseudocatenulatum_YIT11953.fa.gz	22117	22070	42753	0.708	51.976	36.580	0.660	0.708	0.995	1.341	0.968	0.233	0.234
ESO1361001120S1K	1	Bifi_longum_BORI.fa.gz	22637	22276	27131	0.715	5.923	4.150	0.225	0.726	0.998	0.127	0.113	0.085	0.085
ESO1361004120S1K	0	Bifi_longum_BIM_B-813D.fa.gz	22533	22497	62454	0.787	21.877	16.843	0.402	0.787	0.993	0.798	0.652	0.195	0.196
ESO1361004120S1K	1	Bifi_pseudocatenulatum_YIT11953.fa.gz	22117	21750	44748	0.742	15.957	11.732	0.447	0.742	0.965	0.582	0.433	0.176	0.183
ESO1361004120S1K	2	Bifi_adolescentis_ATCC_15703.fa.gz	20594	19052	28616	0.646	5.865	3.750	0.227	0.661	0.967	0.239	0.121	0.062	0.064
EST1212204101S1K	0	Bifi_kashiwanohense_PV20-2.fa.gz	23363	23313	58652	0.655	106.819	69.335	0.498	0.655	0.726	2.532	1.273	0.102	0.140
EST1212204101S1K	1	Bifi_bifidum_YIT_10347.fa.gz	21299	21006	43375	0.770	13.241	10.131	0.130	0.770	0.963	0.025	0.167	0.057	0.059
EST1212206201S1K	0	Bifi_kashiwanohense_PV20-2.fa.gz	23363	23294	81483	0.655	262.535	170.342	0.533	0.655	0.743	11.163	5.952	0.111	0.150
EST1212704101S1K	0	Bifi_longum_BIM_B-813D.fa.gz	22533	22506	47812	0.794	56.990	44.245	0.501	0.794	0.985	3.400	2.635	0.247	0.251
EST1212704101S1K	1	Bifi_pseudocatenulatum_YIT11953.fa.gz	22117	21756	29948	0.745	30.955	22.833	0.495	0.745	0.989	1.858	1.298	0.202	0.204
EST1213402101S1K	0	Bifi_pseudocatenulatum_YIT11953.fa.gz	22117	22111	22871	0.766	137.097	103.658	0.785	0.766	0.992	7.776	6.102	0.350	0.353
EST1213404301S1K	0	Bifi_pseudocatenulatum_YIT11953.fa.gz	22117	22057	63118	0.711	137.487	97.363	0.664	0.711	0.991	6.064	4.760	0.236	0.239
EST1213404301S1K	1	Bifi_longum_ZJ1.fa.gz	23722	23301	47440	0.792	14.241	11.084	0.241	0.792	0.956	0.783	0.580	0.114	0.120
EST1213404301S1K	2	Bifi_breve_NRBB09.fa.gz	22415	20262	28990	0.667	6.928	4.582	0.113	0.674	1.523	0.319	0.207	0.023	0.034
EST1213405101S1K	0	Bifi_pseudocatenulatum_YIT11953.fa.gz	22117	22110	15416	0.408	3.487	1.406	0.447	0.541	0.986	0.111	0.050	0.053	0.053
EST1228703101S1K	0	Bifi_longum_105-A.fa.gz	22553	22529	52909	0.813	457.598	367.121	0.524	0.813	0.970	8.669	7.580	0.273	0.282
EST1228703101S1K	1	Bifi_pseudocatenulatum_YIT11953.fa.gz	22117	21734	34585	0.822	237.503	193.249	0.556	0.822	0.945	5.804	3.834	0.292	0.308
EST1228704101S1K	0	Bifi_pseudocatenulatum_YIT11952.fa.gz	22856	22848	24770	0.759	11.780	8.822	0.752	0.760	0.956	7.912	5.953	0.315	0.330
EST1232702101S1K	0	Bifi_pseudocatenulatum_YIT11953.fa.gz	22117	22077	54619	0.817	20.140	16.342	0.319	0.817	0.867	1.032	0.666	0.151	0.174
EST1232702101S1K	1	Bifi_adolescentis_6.fa.gz	21781	20591	36579	0.738	22.920	16.786	0.449	0.738	0.972	1.057	0.639	0.175	0.180
EST1232707101S1K	0	Bifi_kashiwanohense_PV20-2.fa.gz	23363	23286	89769	0.870	87.011	75.182	0.595	0.870	0.852	8.963	6.427	0.334	0.392
EST1232707101S1K	1	Bifi_bifidum_S17.fa.gz	21658	21351	69512	0.736	18.587	13.584	0.243	0.736	0.981	0.929	1.064	0.095	0.097
EST1232707101S1K	2	Bifi_longum_BXY01.fa.gz	24324	23187	53806	0.744	7.602	5.556	0.145	0.747	1.040	0.909	0.478	0.058	0.060
EST1232711101S1K	0	Bifi_pseudocatenulatum_YIT11953.fa.gz	22117	22080	49911	0.808	22.710	18.222	0.471	0.808	0.960	2.050	2.034	0.239	0.249
EST1232711101S1K	1	Bifi_longum_hadza_2261_Bf14.fa.gz	26562	26197	32060	0.688	13.309	8.988	0.527	0.688	0.981	2.266	1.203	0.168	0.172
EST1232906101S1K	0	Bifi_kashiwanohense_PV20-2.fa.gz	23363	23340	26525	0.379	8.866	3.305	0.424	0.394	0.932	0.219	0.093	0.023	0.025
EST1233801101S1K	0	Bifi_longum_BXY01.fa.gz	24324	24292	108576	0.811	95.081	75.644	0.282	0.811	0.876	0.678	2.182	0.132	0.150
EST1233801101S1K	1	Bifi_kashiwanohense_PV20-2.fa.gz	23363	22675	88880	0.711	127.874	90.142	0.433	0.711	0.826	6.515	2.404	0.129	0.156
EST1233801101S1K	2	Bifi_breve_NRBB11.fa.gz	23382	19994	72747	0.775	25.480	19.463	0.146	0.775	1.024	0.267	0.460	0.066	0.068
EST1233801101S1K	3	Bifi_longum_hadza_2261_Bf14.fa.gz	26562	13824	57254	0.632	34.716	21.438	0.132	0.632	0.772	0.230	0.354	0.026	0.033
EST1233801101S1K	4	Bifi_bifidum_BF3.fa.gz	21909	20564	48511	0.702	10.505	7.340	0.076	0.703	1.003	0.044	0.177	0.026	0.026
EST1233807101S1K	0	Bifi_adolescentis_6.fa.gz	21781	21735	61585	0.677	79.986	53.749	0.478	0.677	0.987	0.830	1.107	0.146	0.148
EST1233807101S1K	1	Bifi_longum_ZJ1.fa.gz	23722	23238	46874	0.807	30.903	24.515	0.452	0.807	0.925	0.537	0.545	0.220	0.237
EST1233807101S1K	2	Bifi_kashiwanohense_PV20-2.fa.gz	23363	22005	28122	0.544	11.154	5.997	0.190	0.545	0.874	0.948	0.126	0.027	0.031
EST1234702101S1K	0	Bifi_adolescentis_BB23.fa.gz	21488	21459	43218	0.678	7.562	5.065	0.343	0.682	0.930	0.329	0.262	0.101	0.108
EST1234702101S1K	1	Bifi_kashiwanohense_PV20-2.fa.gz	23363	22233	28675	0.438	8.961	3.881	0.415	0.447	0.903	0.435	0.208	0.033	0.036
EST1234703101S1K	0	Bifi_pseudocatenulatum_YIT11953.fa.gz	22117	22108	18917	0.591	3.539	2.064	0.519	0.677	0.985	0.172	0.089	0.138	0.140
EST1234704101S1K	0	Bifi_pseudocatenulatum_YIT11953.fa.gz	22117	22110	13020	0.401	2.645	1.046	0.533	0.618	0.984	0.150	0.080	0.080	0.082
EST1234708101S1K	0	Bifi_pseudocatenulatum_YIT11953.fa.gz	22117	22106	22548	0.710	6.292	4.407	0.632	0.718	0.994	0.361	0.228	0.230	0.231
EST1234709101S1K	0	Bifi_pseudocatenulatum_YIT11953.fa.gz	22117	22108	29879	0.669	14.620	9.652	0.393	0.669	0.921	0.837	0.329	0.108	0.118
EST1236801101S1K	0	Bifi_kashiwanohense_PV20-2.fa.gz	23363	23298	99782	0.818	154.691	125.581	0.348	0.818	0.867	1.959	2.196	0.165	0.191
EST1236801101S1K	1	Bifi_bifidum_TMC_3115.fa.gz	21407	21120	80723	0.775	118.874	90.635	0.353	0.775	0.986	3.138	1.450	0.162	0.164
EST1236801101S1K	2	Bifi_longum_BXY01.fa.gz	24324	23111	64351	0.777	76.132	58.056	0.383	0.777	0.952	1.100	1.018	0.171	0.179
EST1236801101S1K	3	Bifi_breve_NRBB09.fa.gz	22415	19120	46397	0.772	14.488	11.082	0.097	0.772	1.607	0.109	0.159	0.028	0.045
EST1236806101S1K	0	Bifi_pseudocatenulatum_YIT11953.fa.gz	22117	22111	25343	0.766	261.808	197.904	0.779	0.766	0.965	7.606	5.923	0.338	0.350
EST1236812101S1K	0	Bifi_pseudocatenulatum_YIT11953.fa.gz	22117	22077	38801	0.743	11.776	8.694	0.473	0.744	0.912	3.155	1.491	0.177	0.194
EST1237103201S1K	0	Bifi_bifidum_YIT_10347.fa.gz	21299	21283	67956	0.777	64.574	49.801	0.674	0.777	0.993	0.999	0.791	0.314	0.316
EST1237103201S1K	1	Bifi_pseudocatenulatum_YIT11953.fa.gz	22117	21771	51418	0.727	7.413	5.339	0.227	0.731	0.960	0.175	0.087	0.085	0.088
EST1238001101S1K	0	Bifi_bifidum_BGN4.fa.gz	22056	22028	77734	0.775	324.245	249.804	0.250	0.775	0.959	2.820	4.245	0.111	0.116
EST1238001101S1K	1	Bifi_kashiwanohense_PV20-2.fa.gz	23363	22905	60660	0.612	651.897	395.518	0.549	0.612	0.964	11.111	7.006	0.121	0.126
EST1238001101S1K	2	Bifi_longum_JCM_7050.fa.gz	23193	22371	46643	0.762	76.032	56.428	0.173	0.762	1.365	1.096	0.994	0.056	0.076
EST1238001101S1K	3	Bifi_pseudocatenulatum_12.fa.gz	21623	16198	29586	0.562	160.293	89.696	0.235	0.562	1.162	1.986	1.120	0.036	0.042
EST1238002101S1K	0	Bifi_pseudocatenulatum_YIT11953.fa.gz	22117	22103	19361	0.612	3.957	2.389	0.517	0.673	0.994	0.116	0.060	0.143	0.143
EST1238010101S1K	0	Bifi_longum_BBMN68.fa.gz	22338	22330	27425	0.776	7.855	5.996	0.659	0.778	1.018	0.659	0.813	0.303	0.309
EST1238010101S1K	1	Bifi_longum_Jih1.fa.gz	23249	7096	10104	0.450	7.283	3.175	0.330	0.469	1.114	0.575	0.139	0.029	0.033
EST1238105101S1K	0	Bifi_bifidum_YIT_10347.fa.gz	21299	21278	66054	0.828	143.322	117.848	0.477	0.828	0.980	2.690	2.073	0.265	0.271
EST1238105101S1K	1	Bifi_longum_ZJ1.fa.gz	23722	23223	48442	0.857	38.344	32.335	0.276	0.857	0.889	1.653	0.627	0.155	0.174
EST1241101101S1K	0	Bifi_pseudocatenulatum_YIT11953.fa.gz	22117	22104	28204	0.742	6.153	4.511	0.568	0.751	0.974	0.192	0.109	0.231	0.238
EST1241104101S1K	0	Bifi_pseudocatenulatum_YIT11953.fa.gz	22117	22103	39159	0.713	7.224	5.083	0.475	0.717	0.991	0.172	0.130	0.173	0.174
EST1241104101S1K	1	Bifi_longum_ZJ1.fa.gz	23722	23294	23408	0.586	3.835	2.210	0.417	0.658	1.109	0.102	0.060	0.095	0.106
EST1241105101S1K	0	Bifi_kashiwanohense_PV20-2.fa.gz	23363	23296	112473	0.733	394.317	286.556	0.407	0.733	0.873	25.222	11.343	0.140	0.160
EST1241105101S1K	1	Bifi_longum_hadza_2261_Bf14.fa.gz	26562	25870	95393	0.807	196.001	155.161	0.416	0.807	0.891	1.326	6.896	0.195	0.219
EST1241105101S1K	2	Bifi_breve_NRBB09.fa.gz	22415	19174	74505	0.875	66.358	57.667	0.194	0.875	0.739	0.698	1.874	0.096	0.130
EST1241105101S1K	3	Bifi_longum_BXY01.fa.gz	24324	11816	57737	0.701	66.097	45.569	0.118	0.701	0.829	0.656	0.922	0.034	0.041
EST1241110101S1K	0	Bifi_kashiwanohense_PV20-2.fa.gz	23363	23308	63472	0.818	240.039	194.964	0.669	0.818	0.798	6.858	7.824	0.292	0.366
EST1241110101S1K	1	Bifi_catenulatum_JCM_15439.fa.gz	23096	14734	44406	0.388	174.599	67.316	0.442	0.388	0.896	4.829	1.707	0.023	0.026
EST1242101101S1K	0	Bifi_pseudocatenulatum_YIT11952.fa.gz	22856	22848	24559	0.748	23.132	17.049	0.699	0.748	0.997	0.648	0.453	0.291	0.292
EST1242103101S1K	0	Bifi_pseudocatenulatum_YIT11953.fa.gz	22117	22112	22783	0.720	100.015	71.105	0.758	0.720	0.989	8.436	6.394	0.280	0.283
EST1242206101S1K	0	Bifi_kashiwanohense_PV20-2.fa.gz	23363	23303	114319	0.797	393.522	310.817	0.490	0.797	0.788	13.121	12.907	0.195	0.248
EST1242206101S1K	1	Bifi_longum_hadza_2261_Bf14.fa.gz	26562	25868	95750	0.788	108.203	83.776	0.290	0.788	0.908	6.894	3.897	0.129	0.142
EST1242206101S1K	2	Bifi_pseudocatenulatum_12.fa.gz	21623	16351	75361	0.793	106.149	83.699	0.254	0.793	0.932	4.334	2.430	0.118	0.127
EST1242206101S1K	3	Bifi_breve_DRBB27.fa.gz	24140	20643	62398	0.816	32.783	26.604	0.137	0.816	0.749	1.355	0.976	0.056	0.075
EST1242206101S1K	4	Bifi_longum_105-A.fa.gz	22553	12905	45544	0.765	26.083	19.722	0.074	0.765	1.323	0.649	0.455	0.025	0.033
EST1242207101S1K	0	Bifi_longum_BORI.fa.gz	22637	22600	36344	0.631	4.051	2.498	0.368	0.687	0.995	0.134	0.096	0.109	0.109
EST1242207101S1K	1	Bifi_pseudocatenulatum_YIT11953.fa.gz	22117	21751	22094	0.570	3.611	2.037	0.451	0.655	0.997	0.127	0.074	0.110	0.110
EST1242208101S1K	0	Bifi_pseudocatenulatum_YIT11953.fa.gz	22117	22105	23336	0.756	15.537	11.596	0.664	0.756	0.988	0.426	0.283	0.284	0.287
EST1242209101S1K	0	Bifi_pseudocatenulatum_YIT11953.fa.gz	22117	22089	35882	0.829	23.101	18.967	0.643	0.829	0.916	0.725	0.858	0.335	0.366
EST1242209101S1K	1	Bifi_pseudocatenulatum_JCLA3.fa.gz	23380	8231	17576	0.483	15.721	7.532	0.266	0.483	0.896	0.611	0.127	0.027	0.030
EST1242704101S1K	0	Bifi_adolescentis_BB23.fa.gz	21488	21479	25801	0.701	14.463	9.988	0.658	0.701	1.000	0.388	0.256	0.226	0.226
EST1242705101S1K	0	Bifi_kashiwanohense_PV20-2.fa.gz	23363	23358	10334	0.193	2.308	0.437	0.443	0.544	0.979	0.732	0.324	0.025	0.025
EST1242805101S1K	0	Bifi_pseudocatenulatum_YIT11953.fa.gz	22117	22057	77169	0.816	237.874	193.266	0.578	0.816	0.937	4.167	4.012	0.294	0.313
EST1242805101S1K	1	Bifi_kashiwanohense_PV20-2.fa.gz	23363	18023	59180	0.692	122.870	84.313	0.490	0.692	0.856	2.777	1.437	0.139	0.163
EST1247101101S1K	0	Bifi_adolescentis_BB23.fa.gz	21488	21449	43171	0.683	64.320	43.476	0.571	0.683	0.980	9.632	7.952	0.178	0.182
EST1247101101S1K	1	Bifi_kashiwanohense_PV20-2.fa.gz	23363	22236	28529	0.694	20.227	13.889	0.442	0.694	0.890	4.290	2.637	0.132	0.148
EST1247104101S1K	0	Bifi_bifidum_YIT_10347.fa.gz	21299	21275	68704	0.764	33.492	25.434	0.364	0.764	0.978	0.975	1.177	0.159	0.163
EST1247104101S1K	1	Bifi_adolescentis_BB23.fa.gz	21488	21102	52443	0.732	33.973	24.619	0.552	0.732	0.955	2.007	1.134	0.207	0.217
EST1247104101S1K	2	Bifi_pseudocatenulatum_12.fa.gz	21623	20006	36998	0.592	5.762	3.391	0.161	0.613	0.914	0.248	0.148	0.033	0.036
EST1247108101S1K	0	Bifi_breve_NRBB09.fa.gz	22415	22372	106027	0.848	101.355	85.222	0.337	0.848	0.840	0.945	2.623	0.173	0.206
EST1247108101S1K	1	Bifi_bifidum_YIT_10347.fa.gz	21299	20771	87048	0.764	62.664	47.583	0.263	0.764	0.975	0.456	1.355	0.114	0.117
EST1247108101S1K	2	Bifi_kashiwanohense_PV20-2.fa.gz	23363	22549	71184	0.752	58.288	43.345	0.354	0.752	0.880	5.413	1.348	0.133	0.151
EST1247108101S1K	3	Bifi_longum_BXY01.fa.gz	24324	20908	54224	0.777	28.137	21.455	0.253	0.777	0.899	0.361	0.623	0.107	0.119
EST1247108101S1K	4	Bifi_breve_B_breve_1_mod.fa.gz	23421	6893	37983	0.543	67.058	36.092	0.187	0.543	0.886	0.520	0.342	0.027	0.030
EST1247108101S1K	5	Bifi_longum_JCM_11341.fa.gz	23977	11121	34238	0.641	12.422	7.806	0.081	0.641	1.244	0.089	0.121	0.017	0.021
EST1247204101S1K	0	Bifi_kashiwanohense_PV20-2.fa.gz	23363	23307	105013	0.806	616.346	492.238	0.523	0.806	0.773	19.539	10.662	0.211	0.274
EST1247204101S1K	1	Bifi_breve_B_breve_1_mod.fa.gz	23421	22749	86229	0.835	118.121	98.077	0.212	0.835	0.827	0.372	2.067	0.102	0.124
EST1247204101S1K	2	Bifi_longum_BXY01.fa.gz	24324	20896	67229	0.779	58.335	44.654	0.114	0.779	1.156	0.330	0.875	0.047	0.054
EST1247204101S1K	3	Bifi_bifidum_YIT_10347.fa.gz	21299	20336	50941	0.769	58.588	44.807	0.124	0.769	1.011	0.155	0.844	0.056	0.056
EST1247208101S1K	0	Bifi_kashiwanohense_PV20-2.fa.gz	23363	23289	79759	0.673	10.567	7.029	0.331	0.673	0.782	0.317	0.187	0.079	0.101
EST1247208101S1K	1	Bifi_bifidum_BGN4.fa.gz	22056	21619	64094	0.702	5.424	3.784	0.246	0.718	0.960	0.076	0.093	0.086	0.089
EST1247208101S1K	2	Bifi_breve_B_breve_1_mod.fa.gz	23421	22250	48921	0.635	4.001	2.528	0.225	0.690	0.896	0.063	0.064	0.061	0.068
EST1247208101S1K	3	Bifi_longum_BXY01.fa.gz	24324	20565	34784	0.551	3.611	1.953	0.209	0.642	1.044	0.107	0.046	0.046	0.048
EST1247210101S1K	0	Bifi_longum_ZJ1.fa.gz	23722	23694	36354	0.631	5.226	3.237	0.136	0.657	1.203	0.018	0.096	0.031	0.037
EST1247210101S1K	1	Bifi_kashiwanohense_PV20-2.fa.gz	23363	22895	21406	0.368	29.142	10.578	0.494	0.368	0.979	0.687	0.301	0.024	0.025
EST1247211101S1K	0	Bifi_longum_BXY01.fa.gz	24324	24259	105934	0.811	823.681	657.188	0.614	0.811	0.899	9.464	18.765	0.294	0.327
EST1247211101S1K	1	Bifi_kashiwanohense_PV20-2.fa.gz	23363	22709	86265	0.778	95.187	72.989	0.165	0.778	0.738	10.259	1.947	0.057	0.078
EST1247211101S1K	2	Bifi_breve_UCC2003.fa.gz	23737	20133	68605	0.763	77.929	58.158	0.141	0.763	1.396	2.114	1.386	0.045	0.062
EST1247211101S1K	3	Bifi_bifidum_BGN4.fa.gz	22056	20794	53253	0.763	57.525	43.665	0.125	0.763	0.974	0.509	1.057	0.054	0.056
EST1247211101S1K	4	Bifi_longum_JCM_19995.fa.gz	22800	7227	37387	0.464	731.992	323.252	0.384	0.464	0.997	8.213	2.844	0.038	0.038
EST1254201101S1K	0	Bifi_pseudocatenulatum_YIT11953.fa.gz	22117	22106	23245	0.572	4.175	2.358	0.585	0.631	0.985	1.101	0.644	0.131	0.133
EST1254203101S1K	0	Bifi_longum_ZJ1.fa.gz	23722	23708	46580	0.675	4.278	2.831	0.337	0.717	0.907	0.445	0.272	0.106	0.117
EST1254203101S1K	1	Bifi_pseudocatenulatum_YIT11953.fa.gz	22117	21691	30588	0.676	4.337	2.905	0.473	0.715	0.940	0.361	0.253	0.154	0.164
EST1254204101S1K	0	Bifi_bifidum_YIT_10347.fa.gz	21299	21266	114239	0.741	141.721	104.376	0.316	0.741	0.977	5.052	6.047	0.126	0.129
EST1254204101S1K	1	Bifi_kashiwanohense_PV20-2.fa.gz	23363	23033	98484	0.615	143.777	87.845	0.422	0.615	0.933	10.382	5.520	0.092	0.098
EST1254204101S1K	2	Bifi_breve_DRBB27.fa.gz	24140	23127	84308	0.862	31.101	26.638	0.222	0.862	0.804	1.992	1.680	0.114	0.142
EST1254204101S1K	3	Bifi_longum_BXY01.fa.gz	24324	20544	64364	0.814	16.869	13.479	0.130	0.814	1.067	0.909	0.764	0.065	0.070
EST1254204101S1K	4	Bifi_longum_JCM_7053.fa.gz	24148	12429	47649	0.695	13.673	9.111	0.062	0.695	4.669	0.800	0.320	0.004	0.021
EST1254206101S1K	0	Bifi_longum_BIM_B-813D.fa.gz	22533	22506	48478	0.801	56.310	44.094	0.455	0.801	0.981	0.532	0.965	0.229	0.234
EST1254206101S1K	1	Bifi_pseudocatenulatum_YIT11953.fa.gz	22117	21756	30455	0.746	38.051	28.106	0.508	0.746	0.977	0.713	0.587	0.206	0.211
EST1254206101S1K	2	Bifi_longum_JCM_7053.fa.gz	24148	6126	14229	0.447	50.787	20.955	0.232	0.447	0.909	0.877	0.132	0.019	0.021
EST1254306101S1K	0	Bifi_bifidum_YIT_10347.fa.gz	21299	21290	38735	0.719	5.526	3.942	0.497	0.733	0.993	2.043	2.005	0.191	0.192
EST1254306101S1K	1	Bifi_kashiwanohense_PV20-2.fa.gz	23363	23070	23428	0.519	3.548	1.816	0.497	0.620	0.949	1.989	1.008	0.094	0.099
EST1256805101S1K	0	Bifi_pseudocatenulatum_YIT11953.fa.gz	22117	22111	23230	0.761	36.343	27.292	0.753	0.761	0.991	2.444	1.842	0.329	0.332
EST1256808101S1K	0	Bifi_adolescentis_6.fa.gz	21781	21718	64779	0.708	64.773	45.648	0.575	0.708	0.992	1.309	1.070	0.203	0.205
EST1256808101S1K	1	Bifi_longum_BIM_B-813D.fa.gz	22533	22053	49394	0.784	13.141	10.076	0.309	0.784	1.002	0.422	0.244	0.149	0.149
EST1256808101S1K	2	Bifi_pseudocatenulatum_YIT11952.fa.gz	22856	21530	32101	0.715	6.230	4.420	0.189	0.724	0.927	0.129	0.103	0.066	0.071
EST1256811101S1K	0	Bifi_pseudocatenulatum_YIT11953.fa.gz	22117	22093	45487	0.768	16.499	12.529	0.558	0.768	0.964	0.347	0.256	0.244	0.253
EST1256811101S1K	1	Bifi_longum_ZJ1.fa.gz	23722	23285	28517	0.694	4.587	3.128	0.334	0.725	0.925	0.111	0.068	0.113	0.122
EST1350502101S1K	0	Bifi_kashiwanohense_PV20-2.fa.gz	23363	23299	113264	0.679	208.222	140.102	0.390	0.679	0.796	6.739	3.986	0.097	0.122
EST1350502101S1K	1	Bifi_adolescentis_BB23.fa.gz	21488	20356	97442	0.808	73.417	58.811	0.235	0.808	0.917	1.739	1.462	0.114	0.124
EST1350502101S1K	2	Bifi_longum_BORI.fa.gz	22637	21998	80986	0.809	37.815	29.973	0.171	0.809	0.953	1.055	0.814	0.086	0.090
EST1350502101S1K	3	Bifi_bifidum_BGN4.fa.gz	22056	21034	63193	0.735	41.362	30.244	0.196	0.735	1.266	0.686	0.774	0.061	0.078
EST1350507101S1K	0	Bifi_pseudocatenulatum_YIT11953.fa.gz	22117	22109	26406	0.773	39.414	30.067	0.716	0.773	0.977	0.903	0.647	0.323	0.331
EST1350510101S1K	0	Bifi_pseudocatenulatum_YIT11953.fa.gz	22117	22069	50793	0.753	97.148	72.730	0.637	0.753	0.992	1.782	1.362	0.269	0.272
EST1350510101S1K	1	Bifi_longum_BBMN68.fa.gz	22338	21874	34179	0.821	15.135	12.252	0.295	0.821	1.024	0.357	0.230	0.160	0.164
EST1350511101S1K	0	Bifi_adolescentis_6.fa.gz	21781	21756	36580	0.778	22.894	17.624	0.671	0.778	0.912	0.535	0.660	0.288	0.316
EST1350511101S1K	1	Bifi_adolescentis_PRL2019.fa.gz	21906	6341	19653	0.448	17.380	7.742	0.260	0.448	0.949	0.448	0.084	0.022	0.023
EST1350807101S1K	0	Bifi_pseudocatenulatum_YIT11952.fa.gz	22856	22817	40668	0.718	91.093	64.816	0.755	0.718	1.030	3.353	2.623	0.271	0.279
EST1350807101S1K	1	Bifi_longum_KCTC_5914.fa.gz	22576	22121	24294	0.610	5.310	3.175	0.148	0.637	1.740	0.122	0.126	0.021	0.037
EST1356601101S1K	0	Bifi_adolescentis_BB23.fa.gz	21488	21483	21708	0.715	92.526	65.166	0.770	0.715	0.995	1.855	1.428	0.280	0.281
EST1356604101S1K	0	Bifi_adolescentis_BB23.fa.gz	21488	21474	36327	0.674	20.827	13.840	0.591	0.674	0.986	0.448	0.319	0.178	0.180
EST1356604101S1K	1	Bifi_pseudocatenulatum_YIT11953.fa.gz	22117	20739	21863	0.486	4.944	2.384	0.238	0.535	0.970	0.091	0.053	0.032	0.033
EST1356609101S1K	0	Bifi_kashiwanohense_PV20-2.fa.gz	23363	23282	113107	0.881	1115.301	978.788	0.530	0.881	0.918	20.025	17.381	0.333	0.362
EST1356609101S1K	1	Bifi_breve_NRBB09.fa.gz	22415	21805	92601	0.845	453.417	379.190	0.412	0.845	0.786	5.945	6.346	0.195	0.248
EST1356609101S1K	2	Bifi_longum_BXY01.fa.gz	24324	21191	74185	0.785	108.133	83.278	0.151	0.785	0.931	2.328	1.367	0.068	0.073
EST1356609101S1K	3	Bifi_bifidum_BGN4.fa.gz	22056	20857	57556	0.830	68.543	56.603	0.117	0.830	0.999	0.730	0.902	0.067	0.067
EST1356609101S1K	4	Bifi_breve_B_breve_1_mod.fa.gz	23421	6816	40243	0.525	367.726	191.078	0.147	0.525	0.829	3.749	0.999	0.018	0.021
EST1356611101S1K	0	Bifi_pseudocatenulatum_YIT11953.fa.gz	22117	22108	18874	0.534	5.890	3.104	0.454	0.559	0.977	0.195	0.089	0.074	0.076
EST1356618101S1K	0	Bifi_kashiwanohense_PV20-2.fa.gz	23363	23346	33721	0.436	43.168	18.514	0.516	0.436	0.943	0.889	0.459	0.040	0.043
EST1356803101S1K	0	Bifi_pseudocatenulatum_YIT11953.fa.gz	22117	22107	24518	0.730	18.310	13.200	0.638	0.730	0.965	0.589	0.376	0.240	0.248
EST1357102101S1K	0	Bifi_pseudocatenulatum_YIT11953.fa.gz	22117	22107	19950	0.654	4.622	2.984	0.527	0.689	0.982	0.137	0.072	0.161	0.164
EST1357103101S1K	0	Bifi_kashiwanohense_PV20-2.fa.gz	23363	23312	79810	0.750	207.521	154.417	0.470	0.750	0.747	7.467	4.219	0.148	0.198
EST1357103101S1K	1	Bifi_bifidum_BGN4.fa.gz	22056	21629	62328	0.764	60.020	45.596	0.243	0.764	0.973	1.123	1.154	0.106	0.108
EST1357103101S1K	2	Bifi_breve_B_breve_1_mod.fa.gz	23421	22254	45798	0.751	18.583	13.874	0.100	0.751	1.343	0.380	0.361	0.032	0.042
EST1357104101S1K	0	Bifi_pseudocatenulatum_YIT11953.fa.gz	22117	22068	43233	0.577	236.134	135.410	0.663	0.577	0.998	10.186	7.016	0.127	0.127
EST1357104101S1K	1	Bifi_longum_BORI.fa.gz	22637	22276	30510	0.759	11.583	8.613	0.128	0.759	0.994	0.396	0.457	0.056	0.056
EST1357108101S1K	0	Bifi_kashiwanohense_PV20-2.fa.gz	23363	23326	30668	0.414	31.356	12.765	0.489	0.414	0.930	1.110	0.542	0.032	0.035
EST1358301101S1K	0	Bifi_pseudocatenulatum_YIT11953.fa.gz	22117	22070	58000	0.790	22.260	17.492	0.485	0.790	0.921	0.413	1.475	0.220	0.239
EST1358301101S1K	1	Bifi_kashiwanohense_PV20-2.fa.gz	23363	18022	40558	0.522	17.012	8.779	0.388	0.522	0.876	2.631	0.608	0.048	0.055
EST1358301201S1K	0	Bifi_kashiwanohense_PV20-2.fa.gz	23363	23299	100535	0.853	347.468	293.852	0.605	0.853	0.831	13.139	9.028	0.312	0.375
EST1358301201S1K	1	Bifi_longum_JCM_7050.fa.gz	23193	22815	80662	0.839	46.074	37.561	0.195	0.839	1.140	0.434	1.152	0.101	0.115
EST1358301201S1K	2	Bifi_adolescentis_BB23.fa.gz	21488	20085	61531	0.716	33.602	23.834	0.133	0.716	0.971	0.171	0.631	0.047	0.049
EST1358301201S1K	3	Bifi_catenulatum_JCM_15439.fa.gz	23096	13984	47157	0.449	189.382	84.536	0.377	0.449	0.926	1.188	1.555	0.032	0.034
EST1358303101S1K	0	Bifi_longum_35624.fa.gz	22289	22204	81550	0.801	371.598	295.580	0.605	0.801	0.930	14.346	17.567	0.289	0.311
EST1358303101S1K	1	Bifi_pseudocatenulatum_YIT11953.fa.gz	22117	21789	63765	0.710	68.851	48.427	0.247	0.710	0.897	1.933	2.832	0.079	0.088
EST1358303101S1K	2	Bifi_kashiwanohense_PV20-2.fa.gz	23363	17927	48292	0.645	31.381	20.014	0.112	0.645	0.701	6.890	0.965	0.021	0.030
EST1358303101S1K	3	Bifi_longum_KCTC_5914.fa.gz	22576	5463	36728	0.423	356.768	148.514	0.286	0.423	0.978	5.276	2.193	0.021	0.022
EST1358303101S1K	4	Bifi_adolescentis_ATCC_15703.fa.gz	20594	18651	34416	0.681	14.751	9.971	0.091	0.681	0.911	0.591	0.498	0.026	0.029
EST1358304101S1K	0	Bifi_pseudocatenulatum_YIT11953.fa.gz	22117	22075	46026	0.808	71.684	57.526	0.594	0.808	0.926	1.987	2.264	0.290	0.313
EST1358304101S1K	1	Bifi_pseudocatenulatum_JCM_1200.fa.gz	22579	6441	28193	0.476	58.748	27.772	0.206	0.476	0.971	1.825	0.319	0.022	0.022
EST1358401101S1K	0	Bifi_adolescentis_ATCC_15703.fa.gz	20594	20578	29859	0.546	3.824	2.053	0.363	0.626	0.926	0.129	0.089	0.072	0.078
EST1358401101S1K	1	Bifi_pseudocatenulatum_YIT11953.fa.gz	22117	20860	18629	0.452	3.661	1.643	0.458	0.560	1.000	0.114	0.071	0.065	0.065
EST1358602101S1K	0	Bifi_pseudocatenulatum_YIT11953.fa.gz	22117	22103	34007	0.563	32.582	18.127	0.578	0.563	0.983	4.698	3.456	0.101	0.103
EST1358602101S1K	1	Bifi_adolescentis_ATCC_15703.fa.gz	20594	19338	21566	0.631	8.611	5.378	0.355	0.634	0.989	1.284	0.896	0.089	0.090
EST1359003101S1K	0	Bifi_adolescentis_BB23.fa.gz	21488	21476	15414	0.481	3.081	1.462	0.453	0.626	0.987	0.084	0.038	0.084	0.086
EST1359004101S1K	0	Bifi_adolescentis_BB23.fa.gz	21488	21446	52780	0.757	68.873	51.617	0.640	0.757	0.956	13.787	11.070	0.265	0.277
EST1359004101S1K	1	Bifi_pseudocatenulatum_YIT11953.fa.gz	22117	20739	36552	0.745	15.339	11.345	0.377	0.745	0.980	3.505	2.347	0.153	0.156
EST1359006101S1K	0	Bifi_pseudocatenulatum_YIT11953.fa.gz	22117	22108	26920	0.759	21.183	15.872	0.637	0.759	0.949	0.747	0.476	0.264	0.278
EST1359007101S1K	0	Bifi_pseudocatenulatum_YIT11953.fa.gz	22117	22082	34652	0.836	855.632	709.317	0.789	0.836	0.920	16.700	24.515	0.424	0.460
EST1359007101S1K	1	Bifi_pseudocatenulatum_JCM_1200.fa.gz	22579	6442	16201	0.417	587.328	242.559	0.374	0.417	0.864	14.361	2.448	0.023	0.027
EST1361001101S1K	0	Bifi_pseudocatenulatum_YIT11953.fa.gz	22117	22053	63875	0.831	47.606	39.405	0.662	0.831	0.917	0.729	1.000	0.349	0.380
EST1361001101S1K	1	Bifi_longum_BORI.fa.gz	22637	22274	45548	0.673	4.833	3.190	0.163	0.702	1.056	0.093	0.083	0.051	0.054
EST1361001101S1K	2	Bifi_adolescentis_BB23.fa.gz	21488	19851	30548	0.608	4.916	2.961	0.159	0.641	1.214	0.082	0.068	0.033	0.040
EST1361001101S1K	3	Bifi_pseudocatenulatum_JCM_1200.fa.gz	22579	6230	18480	0.437	34.266	14.855	0.298	0.437	0.959	0.605	0.107	0.024	0.025
EST1361002101S1K	0	Bifi_pseudocatenulatum_YIT11953.fa.gz	22117	22062	97429	0.671	82.666	55.200	0.377	0.671	0.948	2.011	2.057	0.108	0.114
EST1361002101S1K	1	Bifi_bifidum_TMC_3115.fa.gz	21407	21069	82629	0.773	27.214	20.675	0.219	0.773	1.024	1.645	0.745	0.099	0.101
EST1361002101S1K	2	Bifi_breve_NRBB09.fa.gz	22415	21619	66339	0.809	20.270	16.257	0.225	0.809	1.012	0.510	0.596	0.118	0.119
EST1361002101S1K	3	Bifi_kashiwanohense_PV20-2.fa.gz	23363	17567	48839	0.641	40.288	25.539	0.371	0.641	0.908	1.114	0.763	0.089	0.098
EST1361002101S1K	4	Bifi_longum_BXY01.fa.gz	24324	20766	37577	0.653	6.042	3.872	0.106	0.667	1.039	0.176	0.138	0.030	0.031
EST1361004101S1K	0	Bifi_adolescentis_ATCC_15703.fa.gz	20594	20531	61440	0.684	104.913	71.313	0.659	0.684	1.001	2.629	1.944	0.211	0.211
EST1361004101S1K	1	Bifi_longum_BBMN68.fa.gz	22338	21873	47398	0.823	8.594	6.976	0.203	0.824	0.983	0.320	0.204	0.112	0.114
EST1361007101S1K	0	Bifi_kashiwanohense_PV20-2.fa.gz	23363	23308	119016	0.777	41.260	31.787	0.267	0.777	0.836	5.975	1.983	0.105	0.125
EST1361007101S1K	1	Bifi_longum_BXY01.fa.gz	24324	23664	100897	0.763	28.992	21.706	0.254	0.763	0.936	0.703	1.388	0.106	0.113
EST1361007101S1K	2	Bifi_bifidum_BF3.fa.gz	21909	20922	82847	0.752	31.180	23.316	0.320	0.752	0.993	0.372	1.302	0.135	0.136
EST1361007101S1K	3	Bifi_breve_B_breve_1_mod.fa.gz	23421	19743	67109	0.791	15.081	11.879	0.226	0.791	0.873	0.221	0.625	0.098	0.112
EST1361007101S1K	4	Bifi_adolescentis_ATCC_15703.fa.gz	20594	18871	51487	0.734	8.370	6.098	0.144	0.736	0.933	0.169	0.308	0.053	0.057
EST1361010101S1K	0	Bifi_kashiwanohense_PV20-2.fa.gz	23363	23328	36630	0.422	20.708	8.589	0.458	0.422	0.925	0.729	0.341	0.032	0.034
EST1361010101S1K	1	Bifi_longum_ZJ1.fa.gz	23722	23272	26794	0.509	3.273	1.638	0.161	0.632	1.264	0.016	0.065	0.026	0.033
EST2356804102S1K	0	Bifi_pseudocatenulatum_YIT11953.fa.gz	22117	22073	48520	0.630	139.214	87.219	0.397	0.630	0.908	7.176	2.849	0.090	0.099
EST2359005102S1K	0	Bifi_pseudocatenulatum_YIT11952.fa.gz	22856	22847	17979	0.482	4.042	1.919	0.501	0.564	0.955	0.097	0.049	0.073	0.077
stools_11001101	0	Bifi_adolescentis_6.fa.gz	21781	21737	51749	0.744	93.388	68.989	0.565	0.744	0.967	2.167	1.941	0.225	0.233
stools_11001101	1	Bifi_catenulatum_JCM_1194.fa.gz	20449	19143	35570	0.687	37.558	25.486	0.425	0.687	0.973	1.013	0.634	0.134	0.137
stools_11001101	2	Bifi_pseudocatenulatum_JCLA3.fa.gz	23380	17425	22427	0.516	11.083	5.680	0.149	0.518	1.080	0.253	0.128	0.019	0.021
stools_11001150	0	Bifi_adolescentis_P2P3.fa.gz	21804	21763	64125	0.783	182.045	141.553	0.401	0.783	0.917	2.212	2.409	0.176	0.192
stools_11001150	1	Bifi_catenulatum_JCM_1194.fa.gz	20449	19071	47083	0.689	220.295	150.389	0.623	0.689	0.975	3.579	2.248	0.199	0.204
stools_11001150	2	Bifi_longum_BBMN68.fa.gz	22338	21566	33943	0.743	10.287	7.534	0.094	0.744	1.278	0.223	0.128	0.030	0.039
stools_11001501	0	Bifi_catenulatum_JCM_1194.fa.gz	20449	20439	19089	0.623	5.735	3.508	0.516	0.642	0.979	0.160	0.083	0.129	0.132
stools_11002101	0	Bifi_pseudocatenulatum_YIT11953.fa.gz	22117	22106	19775	0.554	12.553	6.870	0.591	0.555	0.981	0.415	0.245	0.099	0.101
stools_11002150	0	Bifi_catenulatum_JCM_1194.fa.gz	20449	20388	61287	0.705	172.704	120.790	0.569	0.705	0.996	3.575	2.702	0.198	0.199
stools_11002150	1	Bifi_longum_35624.fa.gz	22289	21988	46917	0.800	44.117	34.806	0.412	0.800	1.026	1.076	0.845	0.206	0.211
stools_11002150	2	Bifi_adolescentis_BB23.fa.gz	21488	19702	29330	0.678	8.988	6.038	0.108	0.679	1.186	0.100	0.131	0.029	0.034
stools_11004101	0	Bifi_pseudocatenulatum_YIT11953.fa.gz	22117	22072	47665	0.793	26.043	20.504	0.617	0.793	0.912	0.696	0.906	0.280	0.307
stools_11004101	1	Bifi_pseudocatenulatum_JCLA3.fa.gz	23380	8228	30172	0.481	18.547	8.851	0.260	0.481	0.882	0.605	0.146	0.026	0.029
stools_11004101	2	Bifi_longum_JCM_7053.fa.gz	24148	23321	26212	0.455	3.697	1.630	0.187	0.566	3.333	0.168	0.078	0.008	0.027
stools_11004501	0	Bifi_adolescentis_6.fa.gz	21781	21770	25933	0.785	13.551	10.506	0.690	0.785	0.868	0.415	0.286	0.290	0.334
stools_11005101	0	Bifi_adolescentis_6.fa.gz	21781	21752	49392	0.850	45.787	38.528	0.697	0.850	0.852	0.522	0.798	0.364	0.428
stools_11005101	1	Bifi_longum_BIM_B-813D.fa.gz	22533	22052	30905	0.685	4.570	3.063	0.188	0.719	1.169	0.076	0.065	0.057	0.066
stools_11005101	2	Bifi_adolescentis_P2P3.fa.gz	21804	6114	15791	0.477	35.686	16.901	0.348	0.477	0.883	0.547	0.098	0.033	0.038
stools_11005150	0	Bifi_longum_105-A.fa.gz	22553	22533	51011	0.786	8.829	6.828	0.416	0.786	1.002	0.302	0.192	0.201	0.202
stools_11005150	1	Bifi_bifidum_YIT_10347.fa.gz	21299	20723	33311	0.744	6.297	4.659	0.442	0.751	0.993	0.160	0.119	0.185	0.186
stools_11005501	0	Bifi_catenulatum_JCM_1194.fa.gz	20449	20439	27593	0.752	11.381	8.408	0.667	0.752	0.949	0.326	0.217	0.269	0.284
stools_11006101	0	Bifi_pseudocatenulatum_YIT11953.fa.gz	22117	22106	20895	0.640	3.916	2.474	0.516	0.699	0.977	0.154	0.079	0.158	0.161
stools_11007101	0	Bifi_pseudocatenulatum_YIT11953.fa.gz	22117	22061	92135	0.858	608.931	520.488	0.501	0.858	0.890	8.599	9.790	0.282	0.317
stools_11007101	1	Bifi_longum_ZJ1.fa.gz	23722	23301	73197	0.867	195.151	166.255	0.342	0.867	0.865	5.175	3.346	0.193	0.223
stools_11007101	2	Bifi_bifidum_YIT_10347.fa.gz	21299	20583	53002	0.823	58.811	48.100	0.132	0.823	0.975	0.703	0.845	0.071	0.073
stools_11007101	3	Bifi_pseudocatenulatum_JCLA3.fa.gz	23380	7516	36072	0.488	390.244	189.367	0.218	0.488	0.901	5.084	1.216	0.023	0.025
stools_11007150	0	Bifi_adolescentis_6.fa.gz	21781	21728	58141	0.831	61.490	50.735	0.667	0.831	0.872	0.889	1.351	0.333	0.382
stools_11007150	1	Bifi_longum_105-A.fa.gz	22553	22118	40093	0.764	5.719	4.311	0.175	0.775	1.079	0.096	0.118	0.074	0.080
stools_11007150	2	Bifi_adolescentis_ATCC_15703.fa.gz	20594	6475	23192	0.507	44.904	22.493	0.323	0.507	0.866	1.040	0.180	0.037	0.042
stools_11008101	0	Bifi_longum_hadza_2261_Bf14.fa.gz	26562	26446	124291	0.942	1345.623	1250.723	0.585	0.942	0.669	12.783	37.185	0.327	0.489
stools_11008101	1	Bifi_breve_B_breve_1_mod.fa.gz	23421	20640	99369	0.894	313.095	278.798	0.243	0.894	0.630	2.517	6.409	0.109	0.174
stools_11008101	2	Bifi_longum_BXY01.fa.gz	24324	11688	80908	0.750	370.747	273.782	0.180	0.750	0.549	5.798	3.604	0.042	0.076
stools_11008101	3	Bifi_bifidum_S17.fa.gz	21658	20789	72141	0.745	165.265	122.355	0.173	0.745	0.971	1.553	2.838	0.069	0.072
stools_11008101	4	Bifi_kashiwanohense_PV20-2.fa.gz	23363	21921	56655	0.594	205.297	120.366	0.219	0.594	0.907	23.467	2.964	0.042	0.046
stools_11008101	5	Bifi_longum_ATCC_15697.fa.gz	27712	8190	43635	0.580	562.542	321.753	0.280	0.580	0.658	12.593	2.962	0.036	0.055
stools_11008101	6	Bifi_breve_NRBB50.fa.gz	23614	6660	38886	0.614	223.582	131.475	0.133	0.614	1.450	4.878	1.014	0.021	0.031
stools_11008150	0	Bifi_adolescentis_ATCC_15703.fa.gz	20594	20555	51742	0.711	19.954	14.026	0.546	0.711	0.980	0.604	0.458	0.192	0.196
stools_11008150	1	Bifi_catenulatum_JCM_1194.fa.gz	20449	18885	37128	0.705	6.730	4.688	0.370	0.712	0.970	0.149	0.141	0.128	0.132
stools_11008150	2	Bifi_longum_JCM_7053.fa.gz	24148	23495	23813	0.438	2.886	1.226	0.195	0.620	1.146	0.085	0.047	0.029	0.033
stools_11008501	0	Bifi_adolescentis_BB23.fa.gz	21488	21455	49279	0.781	30.239	23.335	0.410	0.781	0.940	0.534	0.478	0.183	0.195
stools_11008501	1	Bifi_pseudocatenulatum_YIT11953.fa.gz	22117	20736	32533	0.725	26.803	19.294	0.554	0.725	0.993	0.632	0.381	0.209	0.211
stools_11009101	0	Bifi_kashiwanohense_PV20-2.fa.gz	23363	23317	43415	0.453	114.748	51.489	0.506	0.453	0.948	3.021	1.528	0.045	0.047
stools_11009150	0	Bifi_adolescentis_BB23.fa.gz	21488	21476	29523	0.825	15.233	12.387	0.679	0.825	0.893	0.242	0.324	0.340	0.381
stools_11009150	1	Bifi_adolescentis_P2P3.fa.gz	21804	6815	11810	0.487	11.521	5.582	0.300	0.489	0.878	0.235	0.046	0.031	0.035
stools_11010101	0	Bifi_catenulatum_JCM_1194.fa.gz	20449	20441	21733	0.716	32.826	23.094	0.753	0.716	0.978	0.969	0.729	0.270	0.276
stools_11011101	0	Bifi_longum_hadza_2261_Bf14.fa.gz	26562	26526	49253	0.677	9.722	6.463	0.139	0.678	0.888	0.036	0.143	0.039	0.043
stools_11011101	1	Bifi_kashiwanohense_PV20-2.fa.gz	23363	22655	31287	0.427	55.316	23.356	0.495	0.427	0.923	0.995	0.440	0.036	0.039
stools_11011150	0	Bifi_adolescentis_6.fa.gz	21781	21768	23486	0.715	6.910	4.881	0.588	0.721	0.980	0.210	0.123	0.214	0.219
stools_11011501	0	Bifi_catenulatum_JCM_1194.fa.gz	20449	20378	86763	0.817	242.563	196.873	0.579	0.817	0.950	5.849	4.262	0.300	0.316
stools_11011501	1	Bifi_bifidum_BGN4.fa.gz	22056	21733	70109	0.825	70.056	57.449	0.427	0.825	1.012	1.000	1.325	0.237	0.240
stools_11011501	2	Bifi_longum_ZJ1.fa.gz	23722	22826	52177	0.896	16.661	14.680	0.202	0.896	0.778	0.514	0.359	0.113	0.146
stools_11013101	0	Bifi_longum_hadza_2261_Bf14.fa.gz	26562	26517	65257	0.866	3015.779	2557.914	0.753	0.866	0.781	51.760	61.606	0.382	0.489
stools_11013101	1	Bifi_breve_DRBB27.fa.gz	24140	21019	42296	0.799	214.415	170.307	0.159	0.799	0.731	3.927	3.205	0.059	0.081
stools_11013101	2	Bifi_longum_BB-02.fa.gz	27238	9489	25496	0.509	1777.801	897.172	0.450	0.509	0.774	26.087	7.635	0.046	0.059
stools_11013150	0	Bifi_adolescentis_6.fa.gz	21781	21759	47117	0.831	18.014	14.801	0.618	0.831	0.876	0.409	0.473	0.310	0.354
stools_11013150	1	Bifi_longum_CACC_517.fa.gz	22349	21785	29045	0.544	3.736	2.002	0.220	0.629	1.440	0.090	0.064	0.033	0.047
stools_11013150	2	Bifi_adolescentis_1-11.fa.gz	21794	7437	17199	0.525	12.538	6.504	0.311	0.526	0.862	0.267	0.071	0.039	0.045
stools_11014101	0	Bifi_longum_hadza_2261_Bf14.fa.gz	26562	26492	111751	0.858	361.815	304.679	0.384	0.858	0.788	20.173	8.427	0.191	0.242
stools_11014101	1	Bifi_breve_B_breve_1_mod.fa.gz	23421	20638	89029	0.847	103.911	87.661	0.138	0.847	0.703	0.542	1.863	0.059	0.084
stools_11014101	2	Bifi_bifidum_BGN4.fa.gz	22056	21081	71541	0.802	96.297	76.844	0.143	0.802	0.956	0.395	1.669	0.071	0.074
stools_11014101	3	Bifi_longum_I2-2-3.fa.gz	23109	12819	54630	0.771	93.063	70.455	0.094	0.771	1.015	0.830	0.943	0.043	0.043
stools_11014150	0	Bifi_longum_JCM_7053.fa.gz	24148	24062	101801	0.861	94.256	79.299	0.450	0.861	0.783	1.360	1.893	0.225	0.288
stools_11014150	1	Bifi_adolescentis_P2P3.fa.gz	21804	21364	81072	0.790	46.545	36.453	0.329	0.790	0.879	0.899	0.761	0.142	0.162
stools_11014150	2	Bifi_pseudocatenulatum_YIT11953.fa.gz	22117	20679	64201	0.871	18.683	16.166	0.210	0.871	0.897	0.364	0.326	0.125	0.139
stools_11014150	3	Bifi_bifidum_BGN4.fa.gz	22056	21161	46186	0.792	17.596	13.851	0.233	0.792	0.998	0.199	0.286	0.115	0.115
stools_11014150	4	Bifi_longum_BIM_B-813D.fa.gz	22533	4460	29437	0.549	77.260	40.939	0.194	0.549	0.768	1.385	0.183	0.025	0.032
stools_11015150	0	Bifi_longum_BORI.fa.gz	22637	22602	36197	0.817	27.656	22.093	0.703	0.817	0.975	0.955	0.672	0.374	0.383
stools_11015501	0	Bifi_adolescentis_P2P3.fa.gz	21804	21787	19876	0.628	4.259	2.644	0.580	0.676	1.002	0.198	0.115	0.166	0.167
stools_11016101	0	Bifi_kashiwanohense_PV20-2.fa.gz	23363	23305	98327	0.728	405.277	292.373	0.394	0.728	0.735	11.211	4.805	0.112	0.152
stools_11016101	1	Bifi_longum_BORI.fa.gz	22637	22258	81355	0.801	192.883	151.369	0.325	0.801	0.954	0.683	2.402	0.159	0.167
stools_11016101	2	Bifi_adolescentis_BB23.fa.gz	21488	20098	63529	0.762	64.382	48.624	0.138	0.762	0.939	0.226	0.689	0.057	0.061
stools_11016101	3	Bifi_breve_B_breve_1_mod.fa.gz	23421	20413	48215	0.723	23.114	16.641	0.055	0.723	1.263	0.072	0.238	0.017	0.021
stools_11016150	0	Bifi_adolescentis_BB23.fa.gz	21488	21467	53286	0.699	4.227	2.913	0.356	0.739	0.902	0.075	0.074	0.123	0.136
stools_11016150	1	Bifi_pseudocatenulatum_JCM_1200.fa.gz	22579	21170	38288	0.466	2.909	1.330	0.250	0.633	0.971	0.051	0.033	0.045	0.047
stools_11016150	2	Bifi_longum_ZJ1.fa.gz	23722	22966	28424	0.404	2.470	0.980	0.267	0.646	0.950	0.049	0.027	0.043	0.045
stools_11016150	3	Bifi_catenulatum_JCM_1194.fa.gz	20449	14045	19152	0.356	2.578	0.907	0.205	0.597	0.989	0.032	0.015	0.026	0.026
stools_11016501	0	Bifi_catenulatum_JCM_1194.fa.gz	20449	20437	23383	0.731	7.472	5.371	0.601	0.735	0.951	0.213	0.128	0.226	0.237
stools_11017101	0	Bifi_pseudocatenulatum_YIT11953.fa.gz	22117	22105	18688	0.572	4.180	2.362	0.508	0.632	0.988	0.158	0.080	0.115	0.116
stools_11017501	0	Bifi_catenulatum_JCM_1194.fa.gz	20449	20389	59036	0.733	76.493	55.655	0.602	0.733	0.991	1.137	0.921	0.235	0.237
stools_11017501	1	Bifi_longum_BIM_B-813D.fa.gz	22533	22184	44082	0.800	15.008	11.735	0.352	0.800	1.054	0.219	0.214	0.171	0.180
stools_11017501	2	Bifi_pseudocatenulatum_JCM_1200.fa.gz	22579	16743	26341	0.694	12.189	8.309	0.289	0.694	1.136	0.173	0.114	0.085	0.096
stools_11018101	0	Bifi_longum_hadza_2261_Bf14.fa.gz	26562	26473	105437	0.826	3417.103	2776.999	0.691	0.826	0.891	34.242	47.374	0.348	0.390
stools_11018101	1	Bifi_bifidum_BGN4.fa.gz	22056	21471	83563	0.825	320.444	262.790	0.170	0.825	0.934	2.745	3.596	0.089	0.095
stools_11018101	2	Bifi_breve_DRBB27.fa.gz	24140	20764	65855	0.811	313.404	252.734	0.191	0.811	0.733	3.508	3.346	0.075	0.102
stools_11018101	3	Bifi_longum_BXY01.fa.gz	24324	11523	49009	0.667	682.402	448.207	0.234	0.667	0.483	4.985	3.323	0.033	0.069
stools_11018101	4	Bifi_longum_BT1.fa.gz	25406	6414	41325	0.414	2308.572	949.894	0.357	0.414	0.784	23.048	3.886	0.020	0.025
stools_11018102	0	Bifi_adolescentis_ATCC_15703.fa.gz	20594	20565	41361	0.756	31.128	23.210	0.639	0.756	0.928	0.687	0.481	0.256	0.276
stools_11018102	1	Bifi_angulatum_JCM_7096.fa.gz	19968	19188	25814	0.609	5.195	3.135	0.222	0.637	0.931	0.066	0.060	0.051	0.055
stools_11020101	0	Bifi_pseudocatenulatum_YIT11953.fa.gz	22117	22106	13817	0.339	2.642	0.883	0.362	0.577	0.994	0.082	0.030	0.041	0.041
stools_11020150	0	Bifi_adolescentis_BB23.fa.gz	21488	21429	89522	0.905	116.047	104.218	0.431	0.905	0.774	0.800	1.975	0.247	0.319
stools_11020150	1	Bifi_angulatum_JCM_7096.fa.gz	19968	19168	70130	0.726	126.580	91.560	0.592	0.726	1.000	2.220	1.547	0.227	0.227
stools_11020150	2	Bifi_adolescentis_1-11.fa.gz	21794	7534	56205	0.724	55.644	39.892	0.250	0.724	0.638	0.573	0.266	0.061	0.095
stools_11020150	3	Bifi_longum_BBMN68.fa.gz	22338	21612	50750	0.814	8.306	6.664	0.160	0.815	1.055	0.228	0.128	0.082	0.087
stools_11020150	4	Bifi_adolescentis_PRL2019.fa.gz	21906	4540	33167	0.581	47.646	27.624	0.164	0.581	0.815	0.767	0.110	0.026	0.032
stools_11020501	0	Bifi_longum_NCIMB8809.fa.gz	23046	23019	92012	0.882	44.117	38.311	0.180	0.882	0.832	1.042	1.254	0.103	0.123
stools_11020501	1	Bifi_catenulatum_JCM_1194.fa.gz	20449	20037	71706	0.756	82.865	61.972	0.307	0.756	0.931	2.413	1.757	0.123	0.132
stools_11020501	2	Bifi_adolescentis_ATCC_15703.fa.gz	20594	18760	56564	0.697	98.197	67.856	0.453	0.697	0.982	3.063	1.798	0.151	0.154
stools_11020501	3	Bifi_bifidum_BGN4.fa.gz	22056	21183	43483	0.807	24.440	19.628	0.270	0.807	0.999	0.461	0.585	0.142	0.142
stools_11021101	0	Bifi_kashiwanohense_PV20-2.fa.gz	23363	23358	15273	0.312	3.832	1.174	0.491	0.451	0.961	0.929	0.456	0.030	0.031
stools_11022101	0	Bifi_catenulatum_JCM_1194.fa.gz	20449	20402	46849	0.792	79.838	62.561	0.602	0.792	0.910	1.316	1.033	0.272	0.299
stools_11022101	1	Bifi_pseudocatenulatum_JCM_1200.fa.gz	22579	16839	30699	0.726	19.676	14.044	0.283	0.726	1.200	0.154	0.193	0.090	0.108
stools_11022101	2	Bifi_pseudocatenulatum_JCLA3.fa.gz	23380	5034	18466	0.530	30.784	16.203	0.134	0.530	0.897	0.245	0.066	0.018	0.020
stools_11022150	0	Bifi_catenulatum_JCM_1194.fa.gz	20449	20404	65484	0.828	31.824	26.065	0.360	0.828	0.890	0.707	0.562	0.182	0.204
stools_11022150	1	Bifi_adolescentis_1-11.fa.gz	21794	20201	48589	0.725	34.537	24.873	0.529	0.725	0.956	0.507	0.529	0.193	0.202
stools_11022150	2	Bifi_longum_CACC_517.fa.gz	22349	21571	33943	0.724	6.206	4.427	0.215	0.733	1.781	0.347	0.101	0.047	0.084
stools_11022501	0	Bifi_adolescentis_22L.fa.gz	21785	21738	64351	0.797	15.113	11.923	0.507	0.797	0.877	0.969	0.517	0.225	0.257
stools_11022501	1	Bifi_longum_CACC_517.fa.gz	22349	21789	47022	0.664	4.503	2.945	0.256	0.700	1.559	0.022	0.129	0.053	0.083
stools_11022501	2	Bifi_catenulatum_JCM_1194.fa.gz	20449	18733	32562	0.549	4.519	2.452	0.245	0.600	0.939	0.029	0.092	0.045	0.048
stools_11023101	0	Bifi_pseudocatenulatum_YIT11953.fa.gz	22117	22054	60603	0.842	114.337	95.905	0.630	0.842	0.906	1.302	1.679	0.340	0.375
stools_11023101	1	Bifi_longum_ZJ1.fa.gz	23722	23299	42044	0.778	17.841	13.647	0.260	0.778	1.114	0.408	0.256	0.110	0.122
stools_11023101	2	Bifi_pseudocatenulatum_JCM_1200.fa.gz	22579	6268	23915	0.569	66.584	37.603	0.258	0.569	0.801	0.954	0.188	0.038	0.048
stools_11024101	0	Bifi_kashiwanohense_PV20-2.fa.gz	23363	23315	41897	0.685	232.848	157.879	0.558	0.685	0.801	11.108	6.550	0.143	0.179
stools_11024101	1	Bifi_pseudocatenulatum_YIT11953.fa.gz	22117	16780	25932	0.694	77.685	53.591	0.307	0.694	0.980	0.629	1.594	0.101	0.103
stools_11024150	0	Bifi_adolescentis_22L.fa.gz	21785	21722	55051	0.862	215.839	185.036	0.729	0.862	0.821	1.632	3.547	0.383	0.467
stools_11024150	1	Bifi_adolescentis_1-11.fa.gz	21794	7238	36327	0.599	161.706	96.203	0.467	0.599	0.960	1.914	0.616	0.096	0.100
stools_11024150	2	Bifi_adolescentis_PRL2019.fa.gz	21906	4540	31990	0.485	88.611	42.669	0.244	0.485	0.840	1.321	0.171	0.023	0.028
stools_11025101	0	Bifi_pseudocatenulatum_YIT11952.fa.gz	22856	22840	34736	0.742	18.242	13.356	0.586	0.742	0.919	0.522	0.306	0.220	0.240
stools_11025102	0	Bifi_pseudocatenulatum_YIT11953.fa.gz	22117	22109	23813	0.730	22.076	15.908	0.690	0.730	0.987	0.752	0.519	0.265	0.268
stools_11025150	0	Bifi_adolescentis_6.fa.gz	21781	21740	44677	0.796	90.910	71.783	0.707	0.796	0.988	1.542	1.802	0.352	0.356
stools_11025150	1	Bifi_adolescentis_PRL2019.fa.gz	21906	6342	27376	0.431	73.005	31.335	0.306	0.431	0.960	1.006	0.229	0.024	0.025
stools_11026101	0	Bifi_pseudocatenulatum_JCM_1200.fa.gz	22579	22551	27264	0.604	3.997	2.353	0.477	0.667	0.931	0.148	0.115	0.119	0.128
stools_11026101	1	Bifi_catenulatum_JCM_1194.fa.gz	20449	14722	13648	0.417	3.281	1.351	0.337	0.562	0.994	0.094	0.043	0.044	0.044
stools_11026102	0	Bifi_adolescentis_BB23.fa.gz	21488	21469	39182	0.810	27.895	22.299	0.687	0.810	0.899	0.387	0.545	0.329	0.365
stools_11026102	1	Bifi_adolescentis_ATCC_15703.fa.gz	20594	6712	21786	0.479	20.121	9.512	0.292	0.479	0.828	0.407	0.073	0.027	0.032
stools_11026150	0	Bifi_adolescentis_BB23.fa.gz	21488	21434	76422	0.864	44.771	38.396	0.391	0.864	0.828	0.722	1.049	0.209	0.252
stools_11026150	1	Bifi_longum_BIM_B-813D.fa.gz	22533	22092	57893	0.808	30.148	23.806	0.416	0.808	1.008	0.943	0.680	0.217	0.219
stools_11026150	2	Bifi_catenulatum_JCM_1194.fa.gz	20449	18738	40053	0.777	18.472	14.186	0.356	0.777	0.917	0.481	0.340	0.153	0.167
stools_11026150	3	Bifi_adolescentis_PRL2019.fa.gz	21906	6124	25492	0.553	30.601	16.876	0.213	0.553	0.778	0.539	0.131	0.028	0.036
stools_11027101	0	Bifi_adolescentis_6.fa.gz	21781	21733	61930	0.746	13.594	10.057	0.400	0.746	1.005	0.704	0.578	0.165	0.166
stools_11027101	1	Bifi_pseudocatenulatum_YIT11953.fa.gz	22117	20928	45728	0.717	9.521	6.777	0.432	0.718	0.975	0.502	0.375	0.155	0.159
stools_11027101	2	Bifi_longum_ZJ1.fa.gz	23722	22979	30727	0.592	3.959	2.306	0.287	0.658	1.097	0.240	0.141	0.067	0.074
stools_11027150	0	Bifi_adolescentis_6.fa.gz	21781	21748	55559	0.835	39.442	32.620	0.584	0.835	0.903	1.272	0.948	0.306	0.339
stools_11027150	1	Bifi_longum_BIM_B-813D.fa.gz	22533	22048	37410	0.780	11.878	9.065	0.400	0.781	1.015	0.353	0.271	0.187	0.190
stools_11027501	0	Bifi_longum_BIM_B-813D.fa.gz	22533	22519	13598	0.320	2.988	0.934	0.327	0.528	1.174	0.086	0.028	0.025	0.029
stools_11028150	0	Bifi_adolescentis_BB23.fa.gz	21488	21419	70650	0.818	535.283	435.118	0.680	0.818	0.907	7.239	8.168	0.337	0.372
stools_11028150	1	Bifi_longum_GT15.fa.gz	23063	22609	53135	0.796	49.369	38.862	0.201	0.796	3.353	0.939	0.774	0.030	0.101
stools_11028150	2	Bifi_adolescentis_1-11.fa.gz	21794	7575	35144	0.479	413.216	195.964	0.425	0.479	0.987	3.839	1.306	0.046	0.047
stools_11028501	0	Bifi_angulatum_JCM_7096.fa.gz	19968	19912	79186	0.802	76.233	60.799	0.466	0.802	0.977	1.243	1.227	0.235	0.241
stools_11028501	1	Bifi_adolescentis_ATCC_15703.fa.gz	20594	19812	63208	0.730	29.700	21.446	0.308	0.730	0.943	0.668	0.433	0.113	0.120
stools_11028501	2	Bifi_catenulatum_JCM_1194.fa.gz	20449	18558	48743	0.694	27.416	18.803	0.365	0.694	0.981	0.545	0.356	0.120	0.122
stools_11028501	3	Bifi_longum_BIM_B-813D.fa.gz	22533	21710	35860	0.809	9.572	7.577	0.274	0.809	1.300	0.178	0.169	0.112	0.145
stools_11029101	0	Bifi_pseudocatenulatum_YIT11953.fa.gz	22117	22077	33867	0.793	69.200	54.499	0.416	0.793	0.919	8.009	3.335	0.191	0.208
stools_11029150	0	Bifi_pseudocatenulatum_YIT11953.fa.gz	22117	22077	33640	0.789	50.961	39.944	0.428	0.789	0.920	5.799	2.484	0.194	0.211
stools_11029501	0	Bifi_pseudocatenulatum_YIT11953.fa.gz	22117	22076	34726	0.794	74.961	59.110	0.422	0.794	0.915	5.313	2.244	0.193	0.211
stools_11030101	0	Bifi_catenulatum_JCM_15439.fa.gz	23096	23020	136906	0.765	782.589	595.868	0.312	0.765	0.817	5.652	11.092	0.114	0.140
stools_11030101	1	Bifi_longum_BXY01.fa.gz	24324	23523	119300	0.864	324.080	274.992	0.217	0.864	0.747	3.808	5.303	0.104	0.140
stools_11030101	2	Bifi_bifidum_TMC_3115.fa.gz	21407	20578	98976	0.777	394.278	301.067	0.265	0.777	1.001	12.340	5.078	0.124	0.124
stools_11030101	3	Bifi_breve_NRBB09.fa.gz	22415	19127	82978	0.859	165.724	141.070	0.155	0.859	0.784	1.588	2.191	0.077	0.098
stools_11030101	4	Bifi_pseudocatenulatum_YIT11953.fa.gz	22117	16740	66556	0.772	178.441	137.070	0.156	0.772	0.981	1.065	1.857	0.070	0.072
stools_11030101	5	Bifi_kashiwanohense_PV20-2.fa.gz	23363	12575	53628	0.464	821.842	379.422	0.384	0.464	1.002	8.987	3.857	0.038	0.038
stools_11030101	6	Bifi_longum_hadza_2261_Bf14.fa.gz	26562	13566	47798	0.674	155.423	102.695	0.185	0.674	0.795	2.127	1.144	0.045	0.057
stools_11030150	0	Bifi_adolescentis_ATCC_15703.fa.gz	20594	20532	74127	0.851	28.778	24.299	0.506	0.851	0.820	0.263	0.439	0.256	0.312
stools_11030150	1	Bifi_angulatum_JCM_7096.fa.gz	19968	19190	56650	0.760	9.890	7.453	0.294	0.761	0.962	0.192	0.126	0.125	0.130
stools_11030150	2	Bifi_catenulatum_JCM_1194.fa.gz	20449	18558	42058	0.679	5.897	3.956	0.215	0.692	0.949	0.086	0.065	0.066	0.070
stools_11030150	3	Bifi_adolescentis_6.fa.gz	21781	7381	29457	0.579	18.990	10.899	0.298	0.579	0.925	0.289	0.071	0.053	0.058
stools_11030150	4	Bifi_longum_105-A.fa.gz	22553	21639	25187	0.421	3.482	1.447	0.166	0.551	1.094	0.036	0.028	0.019	0.021
stools_11032150	0	Bifi_adolescentis_BB23.fa.gz	21488	21466	39894	0.772	8.741	6.655	0.508	0.773	0.932	0.188	0.123	0.218	0.234
stools_11032150	1	Bifi_dentium_NCTC11816.fa.gz	26058	25239	23323	0.401	3.093	1.227	0.223	0.568	0.960	0.054	0.027	0.028	0.029
stools_11033150	0	Bifi_pseudocatenulatum_YIT11953.fa.gz	22117	22102	23816	0.549	7.306	3.957	0.475	0.559	0.992	0.186	0.088	0.081	0.082
stools_11033501	0	Bifi_longum_ZJ1.fa.gz	23722	23710	23831	0.720	6.271	4.427	0.653	0.729	0.975	0.165	0.108	0.243	0.250
stools_11034101	0	Bifi_pseudocatenulatum_YIT11953.fa.gz	22117	22102	33958	0.732	10.968	7.925	0.531	0.732	0.939	0.350	0.186	0.195	0.208
stools_11034501	0	Bifi_adolescentis_6.fa.gz	21781	21744	52635	0.721	6.694	4.780	0.301	0.727	0.883	0.166	0.167	0.101	0.115
stools_11034501	1	Bifi_catenulatum_JCM_1194.fa.gz	20449	19143	36959	0.642	8.043	5.105	0.405	0.646	0.973	0.231	0.158	0.106	0.109
stools_11034501	2	Bifi_angulatum_JCM_7096.fa.gz	19968	18836	24667	0.641	4.955	3.146	0.412	0.670	0.986	0.159	0.095	0.117	0.118
stools_11035150	0	Bifi_adolescentis_22L.fa.gz	21785	21758	53742	0.819	23.521	19.027	0.586	0.819	0.865	0.561	0.382	0.279	0.322
stools_11035150	1	Bifi_angulatum_JCM_7096.fa.gz	19968	19200	35914	0.740	6.786	4.973	0.326	0.745	0.976	0.026	0.088	0.130	0.134
stools_11035150	2	Bifi_adolescentis_1-11.fa.gz	21794	7082	21713	0.488	16.826	8.153	0.291	0.488	0.916	0.065	0.053	0.031	0.034
stools_11036101	0	Bifi_catenulatum_JCM_1194.fa.gz	20449	20404	42069	0.771	151.194	115.404	0.473	0.771	0.712	2.921	2.298	0.155	0.217
stools_11036101	1	Bifi_pseudocatenulatum_12.fa.gz	21623	16658	26330	0.541	81.757	43.977	0.278	0.541	1.042	1.933	0.711	0.042	0.044
stools_11036150	0	Bifi_pseudocatenulatum_12.fa.gz	21623	21585	22929	0.618	4.698	2.866	0.491	0.655	0.938	0.128	0.063	0.122	0.130
stools_11037101	0	Bifi_pseudocatenulatum_12.fa.gz	21623	21587	24023	0.742	18.223	13.346	0.628	0.742	0.959	0.412	0.259	0.246	0.256
stools_11038101	0	Bifi_adolescentis_BB23.fa.gz	21488	21472	40352	0.874	52.507	45.265	0.713	0.874	0.824	0.437	0.916	0.392	0.475
stools_11038101	1	Bifi_adolescentis_P2P3.fa.gz	21804	6816	21595	0.590	33.498	19.651	0.340	0.590	0.804	0.453	0.125	0.056	0.070
stools_11038101	2	Bifi_adolescentis_1-11.fa.gz	21794	5882	17576	0.446	29.736	13.137	0.298	0.446	0.778	0.395	0.072	0.021	0.026
stools_11038150	0	Bifi_longum_ZJ1.fa.gz	23722	23694	73620	0.881	22.580	19.564	0.302	0.881	0.795	0.326	0.457	0.164	0.207
stools_11038150	1	Bifi_adolescentis_1-11.fa.gz	21794	20763	52740	0.738	40.225	29.478	0.566	0.738	1.013	0.643	0.597	0.224	0.227
stools_11038150	2	Bifi_pseudocatenulatum_YIT11953.fa.gz	22117	20619	37423	0.693	6.393	4.402	0.194	0.702	0.932	0.153	0.089	0.062	0.066
stools_11038150	3	Bifi_longum_JCM_7052.fa.gz	22419	5240	23128	0.579	15.220	8.786	0.121	0.579	0.690	0.390	0.045	0.016	0.024
stools_11038501	0	Bifi_adolescentis_1-11.fa.gz	21794	21780	29396	0.800	23.005	18.258	0.660	0.800	0.810	0.210	0.348	0.274	0.338
stools_11038501	1	Bifi_adolescentis_BB23.fa.gz	21488	7389	11967	0.477	16.922	7.958	0.289	0.477	0.879	0.316	0.052	0.028	0.031
stools_11039101	0	Bifi_longum_hadza_2261_Bf14.fa.gz	26562	26481	89665	0.865	2672.623	2272.111	0.677	0.865	0.747	22.465	55.261	0.328	0.439
stools_11039101	1	Bifi_breve_B_breve_1_mod.fa.gz	23421	20640	66746	0.815	240.089	194.867	0.138	0.815	0.804	1.487	3.645	0.060	0.075
stools_11039101	2	Bifi_longum_JRPT.fa.gz	27085	9393	49919	0.570	1746.833	965.393	0.371	0.570	0.714	18.468	8.436	0.049	0.069
stools_11039101	3	Bifi_longum_T1.fa.gz	23610	10290	44566	0.555	527.776	289.952	0.190	0.555	0.939	13.331	2.717	0.030	0.032
stools_11039101	4	Bifi_kashiwanohense_PV20-2.fa.gz	23363	22008	38859	0.508	277.552	138.988	0.241	0.508	0.947	25.905	2.798	0.030	0.032
stools_11039501	0	Bifi_adolescentis_ATCC_15703.fa.gz	20594	20575	35356	0.655	6.464	4.167	0.446	0.666	0.975	0.040	0.084	0.126	0.129
stools_11039501	1	Bifi_dentium_NCTC11816.fa.gz	26058	25250	21875	0.423	3.201	1.337	0.316	0.573	0.992	0.147	0.033	0.043	0.044
stools_11041101	0	Bifi_bifidum_BGN4.fa.gz	22056	22029	68679	0.838	2762.574	2299.964	0.568	0.838	0.933	8.166	36.694	0.312	0.334
stools_11041101	1	Bifi_longum_ZJ1.fa.gz	23722	23082	50224	0.781	185.356	142.426	0.086	0.781	1.227	1.113	2.406	0.034	0.041
stools_11041101	2	Bifi_kashiwanohense_PV20-2.fa.gz	23363	22662	32189	0.388	1589.522	608.389	0.395	0.388	0.942	55.292	10.057	0.022	0.023
stools_11041102	0	Bifi_bifidum_BGN4.fa.gz	22056	22022	76732	0.814	57.271	46.321	0.569	0.814	0.969	2.243	2.050	0.297	0.306
stools_11041102	1	Bifi_pseudocatenulatum_YIT11953.fa.gz	22117	21777	58817	0.786	12.143	9.459	0.267	0.786	0.918	0.755	0.415	0.119	0.130
stools_11041102	2	Bifi_longum_BORI.fa.gz	22637	21858	41697	0.782	10.534	8.074	0.316	0.782	0.975	0.606	0.360	0.147	0.151
stools_11041150	0	Bifi_adolescentis_6.fa.gz	21781	21770	16228	0.380	3.711	1.394	0.292	0.506	0.945	0.078	0.023	0.027	0.028
stools_11042101	0	Bifi_longum_hadza_2261_Bf14.fa.gz	26562	26547	24284	0.679	14.366	9.561	0.704	0.679	0.973	0.568	0.400	0.214	0.220
stools_11042150	0	Bifi_longum_BORI.fa.gz	22637	22591	23969	0.762	6.482	4.829	0.611	0.768	1.006	0.206	0.126	0.273	0.274
stools_11044101	0	Bifi_longum_hadza_2261_Bf14.fa.gz	26562	26476	125351	0.865	1338.761	1141.489	0.522	0.865	0.713	13.754	24.553	0.241	0.338
stools_11044101	1	Bifi_breve_B_breve_1_mod.fa.gz	23421	20640	102437	0.858	329.480	281.485	0.207	0.858	0.689	2.971	4.671	0.090	0.131
stools_11044101	2	Bifi_kashiwanohense_PV20-2.fa.gz	23363	22256	84725	0.699	378.344	260.627	0.264	0.699	0.875	6.994	4.709	0.079	0.090
stools_11044101	3	Bifi_bifidum_BF3.fa.gz	21909	20781	69176	0.802	198.498	158.283	0.201	0.802	0.997	2.271	2.647	0.104	0.104
stools_11044101	4	Bifi_longum_BXY01.fa.gz	24324	11339	52515	0.727	377.298	270.243	0.237	0.727	0.847	6.072	2.489	0.077	0.091
stools_11044101	5	Bifi_longum_JCM_7050.fa.gz	23193	9157	44273	0.659	176.807	113.833	0.107	0.659	2.143	2.514	0.854	0.014	0.030
stools_11044101	6	Bifi_longum_BB-02.fa.gz	27238	7135	38241	0.444	686.335	301.755	0.243	0.444	0.693	9.188	1.739	0.015	0.021
stools_11044101	7	Bifi_breve_NRBB09.fa.gz	22415	5571	35075	0.621	197.450	121.209	0.101	0.621	0.746	3.309	0.547	0.018	0.024
stools_11044150	0	Bifi_pseudocatenulatum_YIT11953.fa.gz	22117	22074	52335	0.766	101.274	77.101	0.613	0.766	0.987	2.503	1.949	0.272	0.276
stools_11044150	1	Bifi_longum_ZJ1.fa.gz	23722	23301	35421	0.850	21.350	17.845	0.391	0.850	1.025	0.676	0.481	0.235	0.240
stools_11044501	0	Bifi_pseudocatenulatum_YIT11953.fa.gz	22117	22101	40964	0.755	15.573	11.622	0.616	0.755	0.999	2.300	1.862	0.265	0.265
stools_11044501	1	Bifi_longum_ZJ1.fa.gz	23722	23301	24283	0.601	4.458	2.632	0.386	0.647	1.077	0.720	0.447	0.090	0.097
stools_11045101	0	Bifi_longum_hadza_2261_Bf14.fa.gz	26562	26432	117201	0.880	1368.836	1185.733	0.648	0.880	0.752	17.555	33.258	0.332	0.442
stools_11045101	1	Bifi_breve_NRBB09.fa.gz	22415	19421	93940	0.863	197.413	169.399	0.192	0.863	0.782	4.743	3.458	0.096	0.123
stools_11045101	2	Bifi_bifidum_BF3.fa.gz	21909	21071	77172	0.807	111.880	89.789	0.136	0.807	0.995	1.500	1.988	0.071	0.072
stools_11045101	3	Bifi_longum_BXY01.fa.gz	24324	11783	60162	0.681	330.710	221.607	0.220	0.681	0.531	7.308	2.770	0.037	0.069
stools_11045101	4	Bifi_longum_PI_004.fa.gz	25579	5808	52143	0.501	815.021	397.411	0.252	0.501	0.886	14.218	2.479	0.028	0.032
stools_11045101	5	Bifi_kashiwanohense_PV20-2.fa.gz	23363	21966	49231	0.659	39.835	25.893	0.082	0.659	0.766	5.976	0.602	0.018	0.023
stools_11045150	0	Bifi_adolescentis_BB23.fa.gz	21488	21423	88492	0.830	34.797	28.682	0.418	0.830	0.879	0.740	1.144	0.210	0.239
stools_11045150	1	Bifi_bifidum_YIT_10347.fa.gz	21299	20928	70711	0.825	16.865	13.820	0.338	0.825	0.985	0.489	0.538	0.187	0.190
stools_11045150	2	Bifi_pseudocatenulatum_YIT11953.fa.gz	22117	20542	53454	0.745	9.490	7.024	0.255	0.746	1.011	0.430	0.269	0.105	0.106
stools_11045150	3	Bifi_longum_ZJ1.fa.gz	23722	22710	38146	0.679	5.521	3.689	0.201	0.697	1.108	0.309	0.157	0.060	0.066
stools_11045150	4	Bifi_adolescentis_PRL2019.fa.gz	21906	6074	22715	0.466	28.162	13.096	0.235	0.466	0.823	0.767	0.147	0.020	0.024
stools_11045501	0	Bifi_longum_35624.fa.gz	22289	22261	49981	0.735	5.708	4.130	0.356	0.747	1.002	0.221	0.140	0.145	0.146
stools_11045501	1	Bifi_pseudocatenulatum_YIT11953.fa.gz	22117	21774	33627	0.701	5.167	3.588	0.467	0.721	0.977	0.172	0.118	0.166	0.170
stools_11046101	0	Bifi_longum_JCM_7050.fa.gz	23193	23180	43098	0.739	5.900	4.224	0.473	0.749	0.898	0.081	0.109	0.176	0.196
stools_11046101	1	Bifi_longum_BXY01.fa.gz	24324	12670	25979	0.530	4.678	2.411	0.279	0.582	0.966	0.112	0.034	0.048	0.050
stools_11046101	2	Bifi_breve_B_breve_1_mod.fa.gz	23421	19705	19268	0.335	2.848	0.949	0.232	0.547	0.977	0.038	0.020	0.023	0.023
stools_11046150	0	Bifi_longum_BORI.fa.gz	22637	22588	30570	0.735	5.154	3.707	0.559	0.754	0.987	0.168	0.094	0.231	0.234
stools_11047101	0	Bifi_longum_ZJ1.fa.gz	23722	23671	85333	0.894	979.872	863.517	0.367	0.894	0.582	7.057	18.955	0.152	0.262
stools_11047101	1	Bifi_breve_B_breve_1_mod.fa.gz	23421	20806	64182	0.749	998.151	743.341	0.434	0.749	0.879	14.773	14.221	0.160	0.182
stools_11047101	2	Bifi_longum_hadza_2261_Bf14.fa.gz	26562	16480	48604	0.631	816.743	503.830	0.419	0.631	0.912	17.525	7.765	0.096	0.105
stools_11047101	3	Bifi_longum_JCM_11341.fa.gz	23977	5110	38209	0.552	519.422	284.366	0.125	0.552	0.868	10.319	1.340	0.018	0.021
stools_11047101	4	Bifi_pseudocatenulatum_YIT11953.fa.gz	22117	21331	35389	0.573	95.388	54.175	0.113	0.573	0.933	2.014	1.067	0.020	0.021
stools_11047150	0	Bifi_adolescentis_22L.fa.gz	21785	21778	27311	0.780	39.315	30.203	0.704	0.780	0.956	0.899	0.633	0.320	0.334
stools_11048101	0	Bifi_longum_hadza_2261_Bf14.fa.gz	26562	26537	46800	0.759	4088.654	3040.386	0.765	0.759	0.896	68.509	66.148	0.300	0.335
stools_11048101	1	Bifi_longum_BXY01.fa.gz	24324	12952	26651	0.585	999.730	575.508	0.300	0.585	0.539	17.933	6.080	0.032	0.060
stools_11048102	0	Bifi_bifidum_TMC_3115.fa.gz	21407	21401	20670	0.413	2.798	1.133	0.424	0.610	0.994	0.328	0.307	0.065	0.065
stools_11048102	1	Bifi_longum_BBMN68.fa.gz	22338	21820	11828	0.247	2.359	0.575	0.379	0.565	0.971	0.396	0.158	0.029	0.030
stools_11048150	0	Bifi_adolescentis_6.fa.gz	21781	21726	50385	0.810	180.170	145.102	0.735	0.810	0.923	1.790	2.657	0.360	0.391
stools_11048150	1	Bifi_longum_BBMN68.fa.gz	22338	21835	32783	0.781	10.674	8.212	0.159	0.781	1.078	0.202	0.152	0.070	0.076
stools_11048150	2	Bifi_adolescentis_P2P3.fa.gz	21804	6035	15740	0.402	147.531	58.959	0.372	0.402	0.917	1.625	0.300	0.022	0.024
stools_11049101	0	Bifi_pseudocatenulatum_JCM_1200.fa.gz	22579	22556	28892	0.578	13.623	7.683	0.379	0.578	0.971	0.553	0.210	0.071	0.073
stools_11049150	0	Bifi_pseudocatenulatum_YIT11953.fa.gz	22117	22055	65430	0.764	47.225	35.891	0.457	0.764	0.954	1.250	0.857	0.194	0.203
stools_11049150	1	Bifi_longum_BIM_B-813D.fa.gz	22533	22165	48590	0.822	24.488	19.692	0.472	0.822	0.995	0.625	0.481	0.261	0.262
stools_11049501	0	Bifi_pseudocatenulatum_JCM_1200.fa.gz	22579	22554	28859	0.582	13.251	7.530	0.378	0.583	0.987	0.574	0.217	0.074	0.075
stools_11050101	0	Bifi_longum_hadza_2261_Bf14.fa.gz	26562	26485	66357	0.821	316.133	255.683	0.650	0.821	0.891	5.272	5.907	0.320	0.360
stools_11050101	1	Bifi_longum_BXY01.fa.gz	24324	12953	44608	0.706	144.042	100.066	0.355	0.706	0.749	3.271	1.131	0.094	0.125
stools_11050101	2	Bifi_breve_B_breve_1_mod.fa.gz	23421	19376	35465	0.735	35.619	26.042	0.212	0.735	0.936	0.550	0.436	0.079	0.084
stools_11050150	0	Bifi_adolescentis_1-11.fa.gz	21794	21731	73953	0.892	188.047	166.695	0.690	0.892	0.720	3.527	3.829	0.352	0.489
stools_11050150	1	Bifi_adolescentis_BB23.fa.gz	21488	7382	54576	0.640	120.752	76.288	0.348	0.640	0.922	0.922	0.600	0.084	0.091
stools_11050150	2	Bifi_longum_GT15.fa.gz	23063	22491	49851	0.757	10.667	7.989	0.170	0.757	5.213	0.138	0.191	0.014	0.074
stools_11050150	3	Bifi_adolescentis_PRL2019.fa.gz	21906	4623	32826	0.464	97.689	45.230	0.236	0.464	0.886	0.900	0.220	0.021	0.024
stools_11050150	4	Bifi_catenulatum_JCM_1194.fa.gz	20449	18129	30680	0.580	6.455	3.701	0.100	0.595	0.906	0.064	0.071	0.019	0.021
stools_11051101	0	Bifi_catenulatum_JCM_1194.fa.gz	20449	20394	84377	0.713	301.312	212.940	0.411	0.713	0.958	11.339	8.784	0.143	0.149
stools_11051101	1	Bifi_longum_BIM_B-813D.fa.gz	22533	22189	69840	0.844	81.597	67.330	0.244	0.844	1.010	4.126	3.064	0.145	0.146
stools_11051101	2	Bifi_adolescentis_BB23.fa.gz	21488	19677	51114	0.773	89.554	68.653	0.287	0.773	0.995	2.672	2.733	0.132	0.133
stools_11051101	3	Bifi_angulatum_JCM_7096.fa.gz	19968	18672	35896	0.710	102.732	72.348	0.403	0.710	0.992	3.228	2.731	0.143	0.144
stools_11051150	0	Bifi_adolescentis_1-11.fa.gz	21794	21738	92051	0.856	65.183	55.446	0.364	0.856	0.788	0.412	1.156	0.180	0.228
stools_11051150	1	Bifi_angulatum_JCM_7096.fa.gz	19968	19211	73442	0.704	53.373	37.246	0.341	0.704	0.981	0.914	0.688	0.117	0.119
stools_11051150	2	Bifi_catenulatum_JCM_1194.fa.gz	20449	18518	59915	0.736	31.547	22.945	0.307	0.736	0.871	0.668	0.410	0.107	0.123
stools_11051150	3	Bifi_longum_CACC_517.fa.gz	22349	21372	46288	0.788	9.300	7.229	0.162	0.789	1.079	0.482	0.149	0.074	0.079
stools_11051150	4	Bifi_adolescentis_BB23.fa.gz	21488	6835	29441	0.569	49.177	27.676	0.236	0.569	0.894	0.699	0.182	0.039	0.043
stools_11051501	0	Bifi_catenulatum_JCM_1194.fa.gz	20449	20438	23061	0.788	13.796	10.682	0.660	0.788	0.955	0.318	0.210	0.308	0.323
stools_11052101	0	Bifi_longum_hadza_2261_Bf14.fa.gz	26562	26487	84961	0.858	2780.099	2343.433	0.702	0.858	0.804	25.199	36.778	0.356	0.443
stools_11052101	1	Bifi_longum_NBRC_114370.fa.gz	23564	14558	62244	0.802	574.831	451.032	0.250	0.802	1.169	4.652	3.907	0.110	0.129
stools_11052101	2	Bifi_breve_DRBB28.fa.gz	24401	19965	50571	0.755	241.741	181.589	0.181	0.755	1.299	1.516	2.121	0.060	0.078
stools_11052101	3	Bifi_longum_BB-02.fa.gz	27238	7496	35507	0.475	1952.684	918.652	0.421	0.475	0.713	17.071	4.047	0.032	0.045
stools_11052101	4	Bifi_longum_JCM_19995.fa.gz	22800	6633	31948	0.580	470.330	264.543	0.189	0.580	0.979	3.978	1.053	0.036	0.037
stools_11052150	0	Bifi_longum_ZJ1.fa.gz	23722	23691	59010	0.823	8.281	6.701	0.301	0.824	0.852	0.303	0.201	0.143	0.168
stools_11052150	1	Bifi_pseudocatenulatum_12.fa.gz	21623	21207	39502	0.749	12.267	9.107	0.519	0.749	0.924	0.366	0.243	0.202	0.218
stools_11053101	0	Bifi_longum_hadza_2261_Bf14.fa.gz	26562	26425	113086	0.881	1632.034	1414.555	0.633	0.881	0.689	15.542	30.632	0.298	0.433
stools_11053101	1	Bifi_breve_DRBB27.fa.gz	24140	21014	89807	0.814	224.964	181.927	0.174	0.814	0.689	3.153	3.101	0.065	0.094
stools_11053101	2	Bifi_bifidum_YIT_10347.fa.gz	21299	20595	72708	0.822	186.037	152.075	0.173	0.822	0.978	1.921	2.540	0.094	0.096
stools_11053101	3	Bifi_longum_ATCC_15697.fa.gz	27712	9809	55777	0.566	993.198	551.611	0.366	0.566	0.764	19.545	4.444	0.051	0.066
stools_11053101	4	Bifi_longum_BXY01.fa.gz	24324	9911	50227	0.549	283.265	153.515	0.161	0.549	0.844	8.258	1.242	0.023	0.027
stools_11054101	0	Bifi_pseudocatenulatum_YIT11953.fa.gz	22117	22053	83940	0.845	72.326	60.880	0.523	0.845	0.911	1.356	1.707	0.287	0.315
stools_11054101	1	Bifi_longum_BBMN68.fa.gz	22338	21870	65308	0.863	18.420	15.672	0.283	0.863	0.929	0.726	0.441	0.169	0.182
stools_11054101	2	Bifi_bifidum_BGN4.fa.gz	22056	21322	46429	0.765	12.233	9.313	0.226	0.766	1.107	0.210	0.253	0.092	0.102
stools_11054101	3	Bifi_pseudocatenulatum_12.fa.gz	21623	5170	30108	0.496	45.046	22.254	0.169	0.496	0.634	0.973	0.146	0.013	0.021
stools_11054102	0	Bifi_adolescentis_BB23.fa.gz	21488	21438	69968	0.830	136.171	112.109	0.438	0.830	0.882	2.542	3.166	0.221	0.251
stools_11054102	1	Bifi_pseudocatenulatum_YIT11953.fa.gz	22117	20739	52170	0.760	72.283	54.577	0.367	0.760	0.977	1.992	1.489	0.158	0.161
stools_11054102	2	Bifi_longum_BIM_B-813D.fa.gz	22533	21906	36401	0.801	45.349	35.515	0.404	0.801	1.006	1.220	1.039	0.207	0.208
stools_11054102	3	Bifi_adolescentis_PRL2019.fa.gz	21906	6148	18858	0.488	90.658	44.093	0.232	0.488	0.877	1.471	0.355	0.024	0.027
stools_11054150	0	Bifi_longum_BIM_B-813D.fa.gz	22533	22514	44228	0.831	22.646	18.372	0.624	0.831	0.977	0.801	0.826	0.350	0.358
stools_11054150	1	Bifi_longum_LTBL16.fa.gz	23947	6157	25515	0.488	16.502	7.969	0.194	0.488	0.951	0.523	0.097	0.021	0.023
stools_11055101	0	Bifi_kashiwanohense_PV20-2.fa.gz	23363	23300	81336	0.661	56.256	36.844	0.370	0.661	0.734	2.605	1.034	0.079	0.107
stools_11055101	1	Bifi_bifidum_BGN4.fa.gz	22056	21629	65930	0.829	14.113	11.636	0.172	0.829	1.052	0.051	0.302	0.093	0.098
stools_11055101	2	Bifi_longum_BXY01.fa.gz	24324	23103	47989	0.747	15.904	11.672	0.225	0.747	1.071	0.138	0.328	0.088	0.094
stools_11055150	0	Bifi_adolescentis_6.fa.gz	21781	21755	55443	0.827	13.612	11.127	0.544	0.827	0.868	0.193	0.292	0.266	0.307
stools_11055150	1	Bifi_dentium_NCTC11816.fa.gz	26058	25249	37459	0.505	3.520	1.763	0.219	0.610	0.964	0.068	0.054	0.040	0.041
stools_11055150	2	Bifi_catenulatum_JCM_1194.fa.gz	20449	18715	24704	0.519	4.180	2.143	0.253	0.588	0.978	0.092	0.048	0.044	0.045
stools_11055150	3	Bifi_adolescentis_22L.fa.gz	21785	6000	14998	0.472	9.899	4.616	0.233	0.477	0.873	0.184	0.033	0.022	0.025
stools_11104101	0	Bifi_longum_hadza_2261_Bf14.fa.gz	26562	26452	106693	0.845	550.795	459.321	0.614	0.845	0.861	18.141	30.384	0.319	0.371
stools_11104101	1	Bifi_breve_lw01.fa.gz	22964	19782	84333	0.820	81.016	66.184	0.170	0.820	1.046	2.678	3.241	0.089	0.094
stools_11104101	2	Bifi_bifidum_BGN4.fa.gz	22056	21143	68117	0.725	69.299	49.981	0.166	0.725	0.967	2.420	2.622	0.061	0.063
stools_11104101	3	Bifi_longum_BXY01.fa.gz	24324	11715	52780	0.647	134.527	85.955	0.190	0.647	0.634	3.985	2.517	0.033	0.052
stools_11104101	4	Bifi_longum_ATCC_15697.fa.gz	27712	8163	45197	0.421	441.003	183.378	0.350	0.421	1.064	22.242	3.741	0.025	0.026
stools_11106101	0	Bifi_kashiwanohense_PV20-2.fa.gz	23363	23311	65550	0.622	192.709	118.829	0.485	0.622	0.804	5.697	2.997	0.094	0.117
stools_11106101	1	Bifi_pseudocatenulatum_JCLA3.fa.gz	23380	17820	51039	0.593	87.695	51.707	0.312	0.593	1.319	0.404	0.993	0.049	0.065
stools_11106101	2	Bifi_longum_JCM_7053.fa.gz	24148	23324	40470	0.758	12.221	8.976	0.106	0.758	2.948	0.077	0.231	0.016	0.046
stools_11106501	0	Bifi_pseudocatenulatum_YIT11953.fa.gz	22117	22063	58647	0.864	63.939	54.961	0.532	0.864	0.896	0.717	0.964	0.307	0.343
stools_11106501	1	Bifi_longum_BIM_B-813D.fa.gz	22533	22171	39590	0.803	23.241	18.240	0.386	0.803	1.024	0.487	0.327	0.195	0.199
stools_11106501	2	Bifi_pseudocatenulatum_JCLA3.fa.gz	23380	8168	21797	0.507	45.793	23.044	0.288	0.507	0.909	0.609	0.150	0.034	0.038
stools_11107150	0	Bifi_adolescentis_1-11.fa.gz	21794	21745	47996	0.863	133.304	114.301	0.727	0.863	0.725	1.058	1.921	0.339	0.468
stools_11107150	1	Bifi_adolescentis_BB23.fa.gz	21488	7385	29229	0.559	91.249	50.368	0.402	0.559	0.836	1.582	0.289	0.059	0.070
stools_11107501	0	Bifi_catenulatum_JCM_1194.fa.gz	20449	20417	38437	0.688	12.448	8.445	0.550	0.688	0.929	0.315	0.242	0.166	0.179
stools_11107501	1	Bifi_pseudocatenulatum_YIT11953.fa.gz	22117	17450	24396	0.579	5.329	3.068	0.376	0.607	0.986	0.124	0.074	0.079	0.080
stools_11108150	0	Bifi_longum_BIM_B-813D.fa.gz	22533	22489	96572	0.816	14.307	11.417	0.253	0.816	0.892	0.202	0.189	0.123	0.138
stools_11108150	1	Bifi_dentium_E7.fa.gz	25106	24828	78228	0.803	11.785	9.340	0.304	0.803	0.927	0.261	0.169	0.146	0.158
stools_11108150	2	Bifi_catenulatum_JCM_1194.fa.gz	20449	19290	58289	0.799	10.533	8.309	0.302	0.799	0.910	0.148	0.117	0.140	0.154
stools_11108150	3	Bifi_adolescentis_ATCC_15703.fa.gz	20594	18307	42876	0.725	7.944	5.708	0.281	0.727	0.923	0.135	0.076	0.099	0.108
stools_11109101	0	Bifi_longum_hadza_2261_Bf14.fa.gz	26562	26437	134691	0.831	1057.804	865.823	0.428	0.831	0.886	18.797	17.974	0.218	0.246
stools_11109101	1	Bifi_kashiwanohense_PV20-2.fa.gz	23363	22629	112714	0.751	636.050	473.297	0.348	0.751	0.886	12.863	8.353	0.131	0.147
stools_11109101	2	Bifi_breve_B_breve_1_mod.fa.gz	23421	20222	95728	0.902	317.214	285.020	0.286	0.902	0.737	4.230	4.475	0.155	0.210
stools_11109101	3	Bifi_bifidum_YIT_10347.fa.gz	21299	20407	77482	0.794	113.002	89.238	0.127	0.794	0.994	1.188	1.416	0.063	0.064
stools_11109101	4	Bifi_longum_BXY01.fa.gz	24324	11386	61278	0.726	245.156	175.333	0.161	0.726	0.667	4.881	1.566	0.041	0.061
stools_11110101	0	Bifi_adolescentis_BB23.fa.gz	21488	21448	84787	0.827	59.016	48.313	0.322	0.827	0.830	1.278	1.080	0.151	0.182
stools_11110101	1	Bifi_angulatum_JCM_7096.fa.gz	19968	19170	67048	0.703	95.273	66.673	0.584	0.703	0.997	1.771	1.325	0.202	0.203
stools_11110101	2	Bifi_longum_BBMN68.fa.gz	22338	21673	53569	0.820	10.277	8.308	0.199	0.820	0.966	0.301	0.188	0.106	0.110
stools_11112101	0	Bifi_adolescentis_BB23.fa.gz	21488	21398	136315	0.787	595.507	466.011	0.444	0.787	0.946	13.066	8.504	0.205	0.216
stools_11112101	1	Bifi_longum_BORI.fa.gz	22637	22211	119477	0.932	145.813	133.151	0.241	0.932	0.842	1.701	2.559	0.164	0.195
stools_11112101	2	Bifi_bifidum_S17.fa.gz	21658	20910	98783	0.885	136.828	120.389	0.266	0.885	0.947	1.522	2.147	0.174	0.184
stools_11112101	3	Bifi_pseudocatenulatum_12.fa.gz	21623	19811	80277	0.885	88.333	77.640	0.221	0.885	0.848	0.793	1.313	0.130	0.153
stools_11112101	4	Bifi_longum_NCIMB8809.fa.gz	23046	5799	62749	0.737	81.932	59.603	0.064	0.737	0.659	0.894	0.297	0.017	0.026
stools_11112101	5	Bifi_pseudocatenulatum_JCLA3.fa.gz	23380	8658	58478	0.628	80.240	50.027	0.086	0.628	0.921	1.166	0.370	0.020	0.021
stools_11112150	0	Bifi_catenulatum_JCM_1194.fa.gz	20449	20437	41420	0.648	7.473	4.756	0.449	0.653	0.955	0.234	0.105	0.119	0.124
stools_11112501	0	Bifi_adolescentis_BB23.fa.gz	21488	21433	105316	0.833	40.568	33.524	0.344	0.833	0.859	0.911	0.766	0.171	0.199
stools_11112501	1	Bifi_bifidum_BGN4.fa.gz	22056	21688	87454	0.818	27.282	22.194	0.350	0.818	1.005	0.470	0.512	0.191	0.192
stools_11112501	2	Bifi_pseudocatenulatum_YIT11953.fa.gz	22117	20545	69705	0.783	13.667	10.632	0.245	0.783	0.947	0.338	0.232	0.111	0.118
stools_11112501	3	Bifi_longum_ZJ1.fa.gz	23722	22555	53615	0.819	8.856	7.138	0.241	0.820	1.098	0.331	0.173	0.121	0.133
stools_11112501	4	Bifi_catenulatum_JCM_1194.fa.gz	20449	14979	35143	0.606	7.375	4.422	0.130	0.613	0.934	0.175	0.071	0.028	0.030
stools_11113101	0	Bifi_pseudocatenulatum_YIT11953.fa.gz	22117	22065	59100	0.751	38.942	29.041	0.445	0.751	0.944	0.917	0.560	0.178	0.188
stools_11113101	1	Bifi_longum_ZJ1.fa.gz	23722	23281	42538	0.828	11.301	9.201	0.271	0.828	1.050	0.342	0.189	0.146	0.154
stools_12057101	0	Bifi_kashiwanohense_PV20-2.fa.gz	23363	23329	37222	0.522	16.504	8.496	0.491	0.522	0.977	0.381	0.251	0.068	0.070
stools_12057101	1	Bifi_pseudocatenulatum_YIT11953.fa.gz	22117	16778	25039	0.425	6.953	2.935	0.238	0.448	0.966	0.129	0.062	0.020	0.020
stools_12057150	0	Bifi_adolescentis_22L.fa.gz	21785	21722	56372	0.814	733.375	592.316	0.729	0.814	0.899	9.955	12.353	0.353	0.393
stools_12057150	1	Bifi_longum_GT15.fa.gz	23063	22532	38694	0.801	34.040	26.953	0.128	0.801	7.676	0.876	0.586	0.009	0.066
stools_12057150	2	Bifi_adolescentis_1-11.fa.gz	21794	7125	20641	0.515	466.323	238.490	0.407	0.515	0.745	6.113	1.631	0.041	0.056
stools_12057501	0	Bifi_pseudocatenulatum_YIT11953.fa.gz	22117	22107	28360	0.745	29.457	21.660	0.708	0.745	0.976	0.732	0.519	0.285	0.292
stools_12058101	0	Bifi_dentium_N8.fa.gz	25066	25059	39864	0.556	4.572	2.513	0.359	0.605	0.994	0.099	0.060	0.073	0.073
stools_12058101	1	Bifi_bifidum_BGN4.fa.gz	22056	21736	25936	0.535	4.197	2.233	0.429	0.599	1.250	0.068	0.046	0.066	0.083
stools_12058150	0	Bifi_catenulatum_JCM_1194.fa.gz	20449	20375	106623	0.730	356.933	258.923	0.487	0.730	0.991	5.716	4.353	0.188	0.190
stools_12058150	1	Bifi_bifidum_BGN4.fa.gz	22056	21733	91747	0.789	75.487	59.196	0.232	0.789	0.943	0.730	1.061	0.107	0.114
stools_12058150	2	Bifi_adolescentis_BB23.fa.gz	21488	19719	74599	0.744	85.719	63.198	0.293	0.744	0.995	1.087	1.031	0.120	0.121
stools_12058150	3	Bifi_pseudocatenulatum_12.fa.gz	21623	16033	59931	0.826	52.855	43.445	0.231	0.826	1.055	0.696	0.574	0.124	0.130
stools_12058150	4	Bifi_longum_ZJ1.fa.gz	23722	22531	46681	0.797	29.893	23.423	0.230	0.797	1.634	0.703	0.440	0.071	0.116
stools_12058501	0	Bifi_adolescentis_6.fa.gz	21781	21721	93258	0.828	95.709	78.873	0.417	0.828	0.852	1.746	2.203	0.202	0.237
stools_12058501	1	Bifi_longum_105-A.fa.gz	22553	22119	75263	0.915	49.276	44.504	0.414	0.915	0.841	0.644	1.277	0.267	0.317
stools_12058501	2	Bifi_pseudocatenulatum_JCM_1200.fa.gz	22579	21142	55014	0.795	14.669	11.453	0.174	0.795	0.935	0.288	0.315	0.082	0.088
stools_12058501	3	Bifi_catenulatum_JCM_1194.fa.gz	20449	14147	38205	0.621	20.674	12.680	0.156	0.621	0.984	0.533	0.232	0.037	0.037
stools_12058501	4	Bifi_adolescentis_1-11.fa.gz	21794	6760	29425	0.518	65.363	33.431	0.232	0.518	0.960	0.848	0.293	0.031	0.032
stools_12058501	5	Bifi_longum_JCM_7053.fa.gz	24148	5635	25924	0.633	32.049	18.660	0.151	0.633	0.766	1.230	0.146	0.029	0.038
stools_12059101	0	Bifi_longum_CACC_517.fa.gz	22349	22322	74093	0.861	84.624	71.790	0.153	0.861	0.878	3.632	1.760	0.086	0.098
stools_12059101	1	Bifi_kashiwanohense_PV20-2.fa.gz	23363	22958	54868	0.481	411.957	196.460	0.507	0.481	0.913	7.671	4.926	0.052	0.057
stools_12059101	2	Bifi_breve_B_breve_1_mod.fa.gz	23421	20701	43816	0.752	15.463	11.583	0.054	0.752	0.837	0.168	0.261	0.019	0.023
stools_12059150	0	Bifi_adolescentis_BB23.fa.gz	21488	21469	31693	0.660	5.785	3.764	0.480	0.676	0.987	0.115	0.086	0.143	0.144
stools_12059150	1	Bifi_pseudocatenulatum_YIT11953.fa.gz	22117	20732	17525	0.374	3.469	1.290	0.303	0.517	0.993	0.064	0.028	0.030	0.030
stools_12060101	0	Bifi_longum_hadza_2261_Bf14.fa.gz	26562	26560	30520	0.762	820.111	612.246	0.764	0.762	0.902	91.208	69.694	0.305	0.338
stools_12060150	0	Bifi_adolescentis_1-11.fa.gz	21794	21772	58431	0.795	11.618	9.157	0.423	0.795	0.891	0.149	0.201	0.189	0.213
stools_12060150	1	Bifi_bifidum_S17.fa.gz	21658	21253	41130	0.803	7.328	5.848	0.457	0.806	0.988	0.124	0.125	0.235	0.238
stools_12060150	2	Bifi_adolescentis_PRL2019.fa.gz	21906	7534	24056	0.479	9.179	4.377	0.223	0.485	0.896	0.201	0.033	0.023	0.025
stools_12060501	0	Bifi_adolescentis_BB23.fa.gz	21488	21466	48576	0.793	12.927	10.120	0.363	0.793	0.901	0.337	0.255	0.163	0.181
stools_12060501	1	Bifi_pseudocatenulatum_12.fa.gz	21623	20150	31548	0.731	12.831	9.310	0.489	0.731	0.965	0.365	0.218	0.184	0.191
stools_12061101	0	Bifi_pseudocatenulatum_YIT11953.fa.gz	22117	22060	78316	0.765	46.527	35.389	0.312	0.765	0.854	0.290	0.674	0.119	0.140
stools_12061101	1	Bifi_longum_ZJ1.fa.gz	23722	23298	61447	0.775	10.130	7.714	0.106	0.775	1.437	0.196	0.157	0.034	0.049
stools_12061101	2	Bifi_kashiwanohense_PV20-2.fa.gz	23363	17807	43398	0.452	105.893	47.380	0.552	0.452	1.029	1.672	0.732	0.050	0.051
stools_12061150	0	Bifi_adolescentis_BB23.fa.gz	21488	21464	42081	0.861	40.297	34.296	0.689	0.861	0.852	1.093	1.406	0.375	0.440
stools_12061150	1	Bifi_adolescentis_PRL2019.fa.gz	21906	6449	23593	0.589	27.698	16.260	0.313	0.589	0.845	0.948	0.199	0.054	0.064
stools_12062101	0	Bifi_catenulatum_JCM_15439.fa.gz	23096	23017	117490	0.677	762.758	514.638	0.443	0.677	0.999	17.321	11.634	0.137	0.137
stools_12062101	1	Bifi_longum_hadza_2261_Bf14.fa.gz	26562	25834	101909	0.830	205.403	167.329	0.294	0.830	0.817	4.274	4.311	0.137	0.168
stools_12062101	2	Bifi_bifidum_BF3.fa.gz	21909	20949	80471	0.774	154.660	119.091	0.238	0.774	0.991	2.091	2.456	0.109	0.110
stools_12062101	3	Bifi_breve_B_breve_1_mod.fa.gz	23421	19638	64249	0.872	42.139	36.587	0.090	0.872	0.833	0.428	0.706	0.049	0.059
stools_12062101	4	Bifi_longum_BXY01.fa.gz	24324	11217	47129	0.697	83.164	57.070	0.089	0.697	0.789	2.169	0.637	0.024	0.030
stools_12062150	0	Bifi_adolescentis_PRL2019.fa.gz	21906	21832	146436	0.895	322.727	287.833	0.334	0.895	0.760	2.129	5.615	0.182	0.239
stools_12062150	1	Bifi_longum_105-A.fa.gz	22553	22109	126903	0.901	174.009	154.649	0.275	0.901	0.812	1.557	3.087	0.163	0.201
stools_12062150	2	Bifi_catenulatum_JCM_1194.fa.gz	20449	18746	106989	0.758	316.610	238.312	0.493	0.758	0.982	6.073	4.009	0.211	0.215
stools_12062150	3	Bifi_dentium_E7.fa.gz	25106	23579	92772	0.915	11.888	10.753	0.055	0.915	0.816	0.228	0.228	0.035	0.042
stools_12062150	4	Bifi_pseudocatenulatum_JCM_1200.fa.gz	22579	16166	71201	0.714	43.620	30.639	0.115	0.714	1.199	0.962	0.449	0.035	0.042
stools_12062150	5	Bifi_adolescentis_1-11.fa.gz	21794	6674	59653	0.634	152.810	95.633	0.167	0.634	0.703	1.145	0.576	0.030	0.043
stools_12062150	6	Bifi_angulatum_JCM_7096.fa.gz	19968	18286	55423	0.788	15.675	12.260	0.070	0.788	0.940	0.437	0.201	0.032	0.034
stools_12062150	7	Bifi_longum_JCM_11341.fa.gz	23977	6496	41006	0.600	108.841	62.188	0.142	0.600	0.824	2.166	0.378	0.025	0.031
stools_12062150	8	Bifi_adolescentis_P2P3.fa.gz	21804	4687	37111	0.537	150.778	80.321	0.148	0.537	0.874	2.135	0.338	0.020	0.023
stools_12062501	0	Bifi_adolescentis_BB23.fa.gz	21488	21420	117128	0.852	246.534	208.582	0.427	0.852	0.828	0.539	3.082	0.218	0.264
stools_12062501	1	Bifi_angulatum_JCM_7096.fa.gz	19968	19196	98887	0.796	115.869	91.407	0.293	0.796	0.971	0.643	1.213	0.144	0.148
stools_12062501	2	Bifi_catenulatum_JCM_1194.fa.gz	20449	18573	83608	0.817	98.337	79.414	0.350	0.817	0.930	0.437	1.022	0.177	0.191
stools_12062501	3	Bifi_longum_BIM_B-813D.fa.gz	22533	21728	68437	0.809	28.892	22.876	0.183	0.809	1.817	0.130	0.348	0.053	0.097
stools_12062501	4	Bifi_adolescentis_22L.fa.gz	21785	5958	50853	0.499	194.966	95.936	0.256	0.499	0.868	5.390	0.398	0.028	0.032
stools_12062501	5	Bifi_pseudocatenulatum_12.fa.gz	21623	15771	47877	0.602	17.270	10.333	0.097	0.602	1.097	0.080	0.112	0.019	0.021
stools_12064101	0	Bifi_adolescentis_BB23.fa.gz	21488	21434	77524	0.808	40.537	32.466	0.419	0.808	0.918	0.575	0.535	0.203	0.221
stools_12064101	1	Bifi_longum_JCM_7053.fa.gz	24148	23715	60211	0.847	17.058	14.007	0.351	0.847	1.204	0.478	0.261	0.177	0.213
stools_12064101	2	Bifi_pseudocatenulatum_YIT11953.fa.gz	22117	20493	40135	0.795	13.022	10.280	0.336	0.795	0.945	0.225	0.162	0.159	0.169
stools_12064150	0	Bifi_adolescentis_1-11.fa.gz	21794	21731	120031	0.848	75.711	63.830	0.362	0.848	0.892	0.670	1.199	0.197	0.221
stools_12064150	1	Bifi_longum_Jih1.fa.gz	23249	22765	101598	0.876	33.766	29.124	0.274	0.876	0.863	0.547	0.578	0.159	0.184
stools_12064150	2	Bifi_bifidum_YIT_10347.fa.gz	21299	20424	81662	0.825	35.209	28.881	0.333	0.825	0.986	0.514	0.510	0.184	0.187
stools_12064150	3	Bifi_breve_B_breve_1_mod.fa.gz	23421	20239	64812	0.746	13.140	9.758	0.167	0.747	1.018	0.157	0.171	0.068	0.069
stools_12064150	4	Bifi_pseudocatenulatum_YIT11953.fa.gz	22117	20323	49704	0.785	9.991	7.787	0.161	0.785	0.932	0.222	0.137	0.072	0.078
stools_12064150	5	Bifi_adolescentis_22L.fa.gz	21785	6864	33758	0.539	47.084	25.083	0.209	0.539	0.838	0.737	0.150	0.028	0.033
stools_12064150	6	Bifi_longum_BG7.fa.gz	24097	5847	30055	0.588	25.086	14.699	0.131	0.588	0.904	0.465	0.074	0.024	0.027
stools_12064501	0	Bifi_longum_105-A.fa.gz	22553	22507	82943	0.905	191.857	171.855	0.400	0.905	0.863	2.289	4.283	0.256	0.297
stools_12064501	1	Bifi_adolescentis_BB23.fa.gz	21488	21052	62563	0.750	147.058	109.173	0.396	0.750	0.964	3.907	2.543	0.161	0.167
stools_12064501	2	Bifi_pseudocatenulatum_YIT11953.fa.gz	22117	20525	46777	0.840	65.317	54.469	0.318	0.840	0.927	1.776	1.233	0.174	0.188
stools_12064501	3	Bifi_longum_LTBL16.fa.gz	23947	5494	29544	0.630	130.029	80.999	0.186	0.630	0.805	2.737	0.493	0.037	0.046
stools_12065101	0	Bifi_longum_hadza_2261_Bf14.fa.gz	26562	26486	86284	0.784	162.798	125.436	0.590	0.784	0.919	21.217	28.395	0.262	0.285
stools_12065101	1	Bifi_breve_DRBB27.fa.gz	24140	21019	65509	0.819	27.614	22.481	0.202	0.819	1.066	4.412	3.992	0.104	0.111
stools_12065101	2	Bifi_bifidum_YIT_10347.fa.gz	21299	20595	48290	0.822	24.069	19.673	0.217	0.822	0.980	2.704	3.421	0.118	0.121
stools_12065101	3	Bifi_longum_BXY01.fa.gz	24324	11543	31361	0.643	56.129	35.535	0.284	0.643	0.743	7.711	3.496	0.056	0.075
stools_12065101	4	Bifi_longum_BB-02.fa.gz	27238	7840	23943	0.396	109.679	43.025	0.324	0.396	1.078	12.083	2.855	0.019	0.020
stools_12065150	0	Bifi_catenulatum_JCM_1194.fa.gz	20449	20365	110962	0.728	373.610	270.047	0.521	0.728	1.005	6.567	5.079	0.200	0.201
stools_12065150	1	Bifi_longum_BORI.fa.gz	22637	22299	96138	0.812	119.382	94.933	0.424	0.812	1.007	2.115	1.981	0.225	0.227
stools_12065150	2	Bifi_pseudocatenulatum_JCM_1200.fa.gz	22579	16716	78040	0.775	49.873	38.001	0.220	0.775	1.276	0.880	0.592	0.080	0.102
stools_12065150	3	Bifi_bifidum_BGN4.fa.gz	22056	21133	65089	0.812	19.683	15.905	0.147	0.812	1.260	0.194	0.310	0.063	0.079
stools_12066101	0	Bifi_longum_hadza_2261_Bf14.fa.gz	26562	26484	105722	0.849	2105.977	1756.648	0.533	0.849	0.772	27.826	36.860	0.252	0.326
stools_12066101	1	Bifi_breve_B_breve_1_mod.fa.gz	23421	20630	83234	0.858	635.165	542.351	0.271	0.858	0.733	5.846	8.747	0.125	0.171
stools_12066101	2	Bifi_bifidum_BGN4.fa.gz	22056	21084	65540	0.813	494.021	399.439	0.280	0.813	0.972	6.052	6.591	0.146	0.150
stools_12066101	3	Bifi_longum_JSRL02.fa.gz	22263	12263	48398	0.872	424.681	367.725	0.209	0.872	0.814	2.883	3.536	0.113	0.139
stools_12066101	4	Bifi_longum_BB-02.fa.gz	27238	8305	37700	0.510	1241.311	628.215	0.305	0.510	0.955	15.953	4.094	0.039	0.041
stools_12066101	5	Bifi_longum_JCM_19995.fa.gz	22800	6848	33462	0.573	470.750	261.003	0.154	0.573	1.017	6.906	1.437	0.028	0.029
stools_12066101	6	Bifi_breve_082W48.fa.gz	22678	6003	29541	0.544	451.746	243.955	0.146	0.544	0.936	3.682	1.148	0.022	0.023
stools_12066150	0	Bifi_bifidum_BGN4.fa.gz	22056	22047	53606	0.809	273.599	219.512	0.501	0.809	0.958	3.476	4.050	0.253	0.265
stools_12066150	1	Bifi_longum_W13.fa.gz	22933	22406	35781	0.847	155.008	129.057	0.604	0.847	0.877	2.817	2.442	0.322	0.367
stools_12066150	2	Bifi_longum_DJO10A.fa.gz	23173	6298	16814	0.538	106.198	55.396	0.187	0.538	0.874	1.798	0.299	0.025	0.029
stools_12066501	0	Bifi_longum_CACC_517.fa.gz	22349	22317	38078	0.858	12.521	10.550	0.641	0.858	1.066	0.393	0.334	0.379	0.404
stools_12066501	1	Bifi_longum_51A.fa.gz	23329	6018	18941	0.539	8.589	4.620	0.207	0.545	0.918	0.129	0.039	0.030	0.033
stools_12067101	0	Bifi_adolescentis_BB23.fa.gz	21488	21448	50578	0.751	99.979	74.297	0.650	0.751	0.995	3.191	2.417	0.273	0.275
stools_12067101	1	Bifi_longum_ZJ1.fa.gz	23722	23293	34478	0.841	13.052	10.795	0.295	0.841	0.816	0.528	0.384	0.143	0.176
stools_12067150	0	Bifi_longum_ZJ1.fa.gz	23722	23697	56517	0.888	198.998	173.678	0.304	0.888	0.754	4.266	3.260	0.161	0.213
stools_12067150	1	Bifi_pseudocatenulatum_YIT11953.fa.gz	22117	21675	35479	0.755	392.145	294.316	0.671	0.755	0.956	6.444	4.996	0.276	0.289
stools_12068102	0	Bifi_longum_105-A.fa.gz	22553	22530	46878	0.824	21.749	17.657	0.413	0.824	0.971	0.641	0.589	0.224	0.231
stools_12068102	1	Bifi_pseudocatenulatum_12.fa.gz	21623	21111	28317	0.606	20.824	12.491	0.463	0.606	0.981	0.787	0.388	0.101	0.103
stools_12068150	0	Bifi_bifidum_YIT_10347.fa.gz	21299	21273	74044	0.814	11.293	9.127	0.364	0.814	0.976	0.234	0.208	0.192	0.197
stools_12068150	1	Bifi_adolescentis_1-11.fa.gz	21794	21378	56725	0.753	6.932	5.178	0.327	0.757	0.889	0.184	0.119	0.125	0.141
stools_12068150	2	Bifi_longum_BORI.fa.gz	22637	21776	40636	0.701	5.007	3.441	0.333	0.724	0.985	0.154	0.081	0.120	0.122
stools_12069101	0	Bifi_longum_hadza_2261_Bf14.fa.gz	26562	26512	97965	0.817	770.169	619.044	0.412	0.817	0.787	10.774	16.200	0.177	0.225
stools_12069101	1	Bifi_breve_NRBB09.fa.gz	22415	19422	76300	0.811	752.376	606.266	0.497	0.811	0.840	12.891	11.502	0.222	0.265
stools_12069101	2	Bifi_bifidum_YIT_10347.fa.gz	21299	20561	60553	0.818	177.796	144.627	0.249	0.818	0.979	2.225	2.904	0.134	0.137
stools_12069101	3	Bifi_pseudocatenulatum_YIT11953.fa.gz	22117	21352	43731	0.760	34.334	25.860	0.062	0.760	0.930	0.646	0.541	0.025	0.027
stools_12069101	4	Bifi_breve_B_breve_1_mod.fa.gz	23421	7231	27504	0.498	529.767	261.792	0.226	0.498	0.877	6.286	1.851	0.024	0.028
stools_12069101	5	Bifi_longum_PI_004.fa.gz	25579	7230	23905	0.439	527.263	226.276	0.256	0.439	0.897	6.522	1.623	0.019	0.022
stools_12069150	0	Bifi_adolescentis_ATCC_15703.fa.gz	20594	20532	97077	0.765	131.280	99.740	0.345	0.765	0.954	3.649	1.901	0.147	0.154
stools_12069150	1	Bifi_bifidum_YIT_10347.fa.gz	21299	20907	81373	0.817	77.904	63.270	0.339	0.817	0.984	1.327	1.227	0.182	0.185
stools_12069150	2	Bifi_longum_BORI.fa.gz	22637	21811	64290	0.839	19.055	15.683	0.135	0.839	0.967	0.539	0.322	0.077	0.080
stools_12069501	0	Bifi_adolescentis_ATCC_15703.fa.gz	20594	20560	49184	0.808	64.193	51.242	0.537	0.808	0.895	0.765	0.872	0.253	0.283
stools_12069501	1	Bifi_bifidum_YIT_10347.fa.gz	21299	20906	32578	0.814	24.833	20.081	0.459	0.814	0.992	0.257	0.346	0.245	0.247
stools_12069501	2	Bifi_adolescentis_BB23.fa.gz	21488	7548	15570	0.461	47.616	21.631	0.333	0.461	0.888	0.603	0.135	0.029	0.033
stools_12070101	0	Bifi_longum_hadza_2261_Bf14.fa.gz	26562	26484	105027	0.862	1666.640	1414.611	0.480	0.862	0.747	22.877	27.167	0.230	0.307
stools_12070101	1	Bifi_breve_NRBB09.fa.gz	22415	19420	82205	0.770	1236.868	946.343	0.449	0.770	0.853	27.351	13.205	0.175	0.205
stools_12070101	2	Bifi_bifidum_YIT_10347.fa.gz	21299	20561	67257	0.821	252.931	206.442	0.188	0.821	0.958	2.538	3.049	0.100	0.104
stools_12070101	3	Bifi_longum_NCIMB8809.fa.gz	23046	13406	50378	0.724	321.378	229.485	0.169	0.724	0.875	3.835	2.227	0.056	0.064
stools_12070150	0	Bifi_longum_DJO10A.fa.gz	23173	23075	65897	0.857	119.412	100.702	0.697	0.857	0.924	2.267	3.264	0.405	0.438
stools_12070150	1	Bifi_bifidum_YIT_10347.fa.gz	21299	20786	46129	0.780	7.409	5.748	0.117	0.783	0.950	0.114	0.166	0.053	0.056
stools_12070150	2	Bifi_longum_HN001.fa.gz	23818	6410	29906	0.545	74.530	40.464	0.287	0.545	0.732	2.304	0.360	0.034	0.046
stools_12070501	0	Bifi_longum_DJO10A.fa.gz	23173	23064	66999	0.859	179.638	151.920	0.697	0.859	0.923	2.332	3.134	0.408	0.442
stools_12070501	1	Bifi_bifidum_BGN4.fa.gz	22056	21536	47180	0.774	9.461	7.284	0.102	0.775	0.921	0.115	0.139	0.044	0.047
stools_12070501	2	Bifi_longum_JSRL02.fa.gz	22263	5076	30506	0.551	141.434	77.367	0.285	0.551	0.942	2.049	0.348	0.045	0.048
stools_12071150	0	Bifi_angulatum_JCM_7096.fa.gz	19968	19927	81788	0.796	55.523	43.840	0.375	0.796	0.957	0.868	0.836	0.181	0.189
stools_12071150	1	Bifi_adolescentis_22L.fa.gz	21785	21008	65922	0.711	31.219	21.946	0.317	0.711	0.968	0.468	0.442	0.110	0.114
stools_12071150	2	Bifi_catenulatum_JCM_1194.fa.gz	20449	18651	50992	0.699	29.191	20.171	0.380	0.699	0.971	0.585	0.361	0.126	0.130
stools_12071150	3	Bifi_longum_JCM_7053.fa.gz	24148	23274	37953	0.758	11.134	8.186	0.316	0.758	2.425	0.308	0.186	0.057	0.138
stools_12072101	0	Bifi_pseudocatenulatum_12.fa.gz	21623	21588	22120	0.587	24.935	14.463	0.577	0.587	0.987	0.541	0.312	0.115	0.117
stools_12073101	0	Bifi_longum_hadza_2261_Bf14.fa.gz	26562	26482	109999	0.804	2550.285	2016.857	0.621	0.804	0.888	37.383	40.149	0.287	0.323
stools_12073101	1	Bifi_bifidum_PRL2010.fa.gz	21968	21405	88701	0.817	327.743	266.348	0.173	0.817	0.958	3.325	4.234	0.090	0.094
stools_12073101	2	Bifi_longum_BXY01.fa.gz	24324	12712	71222	0.725	815.939	582.172	0.274	0.725	0.734	14.470	5.556	0.077	0.104
stools_12073101	3	Bifi_breve_12L.fa.gz	22284	17798	62010	0.806	212.809	170.984	0.153	0.806	1.179	4.043	2.255	0.068	0.080
stools_12073101	4	Bifi_longum_HN001.fa.gz	23818	9522	47673	0.602	282.502	168.683	0.096	0.602	0.954	5.449	1.197	0.020	0.021
stools_12073102	0	Bifi_pseudocatenulatum_YIT11953.fa.gz	22117	22105	25694	0.624	4.096	2.523	0.432	0.678	0.957	0.120	0.052	0.119	0.124
stools_12073150	0	Bifi_adolescentis_6.fa.gz	21781	21767	39479	0.718	8.936	6.333	0.469	0.719	0.985	0.272	0.162	0.171	0.174
stools_12073150	1	Bifi_bifidum_S17.fa.gz	21658	21265	23859	0.623	4.535	2.808	0.380	0.663	1.005	0.073	0.070	0.104	0.104
stools_12074150	0	Bifi_pseudocatenulatum_YIT11953.fa.gz	22117	22070	66993	0.761	30.016	22.677	0.403	0.761	0.944	0.568	0.421	0.168	0.178
stools_12074150	1	Bifi_adolescentis_BB23.fa.gz	21488	20105	50205	0.792	21.813	17.115	0.466	0.792	0.950	0.347	0.291	0.220	0.232
stools_12074150	2	Bifi_longum_ZJ1.fa.gz	23722	23041	34278	0.615	5.572	3.367	0.198	0.637	1.350	0.130	0.066	0.037	0.049
stools_12074501	0	Bifi_adolescentis_1-11.fa.gz	21794	21735	90762	0.852	124.339	105.352	0.500	0.852	0.859	1.246	2.784	0.266	0.310
stools_12074501	1	Bifi_angulatum_JCM_7096.fa.gz	19968	19212	72235	0.795	39.395	31.032	0.262	0.795	0.950	1.311	0.727	0.125	0.131
stools_12074501	2	Bifi_catenulatum_JCM_1194.fa.gz	20449	18518	56963	0.773	41.612	31.787	0.351	0.773	0.961	1.164	0.720	0.156	0.162
stools_12074501	3	Bifi_longum_BORI.fa.gz	22637	21818	42651	0.830	12.512	10.179	0.206	0.830	1.038	0.331	0.274	0.113	0.117
stools_12074501	4	Bifi_adolescentis_BB23.fa.gz	21488	6850	24545	0.555	76.872	42.157	0.334	0.555	0.911	1.511	0.353	0.052	0.057
stools_12075101	0	Bifi_pseudocatenulatum_YIT11953.fa.gz	22117	22076	48944	0.783	27.496	21.388	0.575	0.783	0.964	1.095	0.739	0.266	0.276
stools_12075101	1	Bifi_longum_NCIMB8809.fa.gz	23046	22606	31652	0.713	6.899	4.839	0.316	0.718	1.996	0.192	0.173	0.058	0.116
stools_12075150	0	Bifi_adolescentis_PRL2019.fa.gz	21906	21843	69437	0.878	495.180	433.203	0.719	0.878	0.763	3.692	8.564	0.371	0.486
stools_12075150	1	Bifi_adolescentis_1-11.fa.gz	21794	7472	50264	0.601	342.980	203.693	0.416	0.601	0.985	3.981	1.389	0.089	0.090
stools_12075150	2	Bifi_longum_GT15.fa.gz	23063	22455	45773	0.853	17.267	14.566	0.153	0.853	3.891	0.446	0.298	0.024	0.095
stools_12075150	3	Bifi_adolescentis_BB23.fa.gz	21488	4455	26618	0.493	249.695	122.098	0.299	0.493	0.881	3.787	0.495	0.032	0.036
stools_12076150	0	Bifi_longum_BORI.fa.gz	22637	22597	26597	0.482	4.465	2.104	0.319	0.549	1.003	0.088	0.028	0.046	0.046
stools_12077101	0	Bifi_adolescentis_PRL2019.fa.gz	21906	21850	75605	0.808	86.172	69.300	0.477	0.808	0.869	1.417	1.960	0.219	0.252
stools_12077101	1	Bifi_bifidum_BGN4.fa.gz	22056	21660	57956	0.794	43.676	34.469	0.451	0.794	0.977	0.973	0.968	0.221	0.226
stools_12077101	2	Bifi_longum_105-A.fa.gz	22553	21673	40758	0.843	10.882	9.057	0.217	0.843	1.033	0.300	0.256	0.126	0.130
stools_12077101	3	Bifi_adolescentis_BB23.fa.gz	21488	5944	22489	0.446	70.032	30.877	0.260	0.446	0.902	1.416	0.239	0.021	0.023
stools_12077150	0	Bifi_adolescentis_PRL2019.fa.gz	21906	21833	131196	0.868	296.683	256.734	0.419	0.868	0.823	3.395	5.552	0.226	0.274
stools_12077150	1	Bifi_angulatum_JCM_7096.fa.gz	19968	19198	112244	0.719	146.891	104.692	0.260	0.719	0.969	2.968	2.001	0.094	0.097
stools_12077150	2	Bifi_bifidum_BGN4.fa.gz	22056	21489	98445	0.799	74.978	59.538	0.223	0.799	0.979	1.131	1.271	0.111	0.114
stools_12077150	3	Bifi_longum_NCIMB8809.fa.gz	23046	22077	81282	0.899	42.065	37.242	0.187	0.899	0.869	0.832	0.824	0.118	0.136
stools_12077150	4	Bifi_catenulatum_JCM_1194.fa.gz	20449	18361	61437	0.777	73.431	56.410	0.288	0.777	0.914	1.775	1.034	0.123	0.135
stools_12077150	5	Bifi_adolescentis_BB23.fa.gz	21488	5526	47173	0.547	197.615	106.944	0.231	0.547	0.818	3.139	0.590	0.031	0.038
stools_12077501	0	Bifi_adolescentis_PRL2019.fa.gz	21906	21839	108266	0.833	164.495	136.553	0.425	0.833	0.893	1.524	2.301	0.219	0.245
stools_12077501	1	Bifi_bifidum_BGN4.fa.gz	22056	21660	90072	0.798	68.504	54.355	0.292	0.798	0.962	0.839	0.911	0.143	0.149
stools_12077501	2	Bifi_catenulatum_JCM_1194.fa.gz	20449	18812	72781	0.819	52.351	42.427	0.281	0.819	0.927	1.032	0.621	0.143	0.155
stools_12077501	3	Bifi_longum_105-A.fa.gz	22553	21512	57366	0.898	30.319	26.877	0.284	0.898	0.949	0.240	0.450	0.195	0.205
stools_12077501	4	Bifi_adolescentis_BB23.fa.gz	21488	5648	38048	0.481	137.122	65.152	0.252	0.481	0.945	1.420	0.286	0.026	0.028
stools_12077501	5	Bifi_longum_LTBL16.fa.gz	23947	5409	35334	0.647	23.787	15.229	0.075	0.647	0.780	0.367	0.064	0.016	0.020
stools_12078101	0	Bifi_adolescentis_PRL2019.fa.gz	21906	21847	58733	0.738	137.916	101.367	0.661	0.738	1.002	2.753	2.082	0.265	0.266
stools_12078101	1	Bifi_longum_BORI.fa.gz	22637	22156	42611	0.807	17.648	13.963	0.277	0.807	0.996	0.395	0.296	0.145	0.146
stools_12078150	0	Bifi_adolescentis_6.fa.gz	21781	21756	48660	0.807	16.144	12.876	0.531	0.807	0.897	0.186	0.193	0.251	0.279
stools_12078150	1	Bifi_longum_BIM_B-813D.fa.gz	22533	22027	31100	0.658	5.445	3.506	0.316	0.679	1.015	0.081	0.054	0.094	0.096
stools_12078150	2	Bifi_adolescentis_1-11.fa.gz	21794	7452	16597	0.495	11.085	5.420	0.239	0.497	0.889	0.097	0.028	0.026	0.029
stools_12079101	0	Bifi_pseudocatenulatum_YIT11953.fa.gz	22117	22108	22799	0.563	17.464	9.700	0.548	0.563	0.975	0.316	0.173	0.095	0.098
stools_12079150	0	Bifi_catenulatum_JCM_1194.fa.gz	20449	20436	35616	0.497	4.212	2.057	0.274	0.570	0.916	0.118	0.053	0.041	0.044
stools_12079150	1	Bifi_longum_35624.fa.gz	22289	21975	25453	0.484	3.605	1.721	0.338	0.589	1.000	0.075	0.047	0.057	0.057
stools_12080101	0	Bifi_longum_Jih1.fa.gz	23249	23200	102841	0.906	62.875	56.254	0.296	0.906	0.823	0.776	2.386	0.182	0.221
stools_12080101	1	Bifi_pseudocatenulatum_YIT11953.fa.gz	22117	21672	81812	0.747	82.888	61.653	0.427	0.747	0.990	1.636	2.422	0.176	0.178
stools_12080101	2	Bifi_breve_NRBB09.fa.gz	22415	19872	65623	0.806	21.280	17.000	0.190	0.806	1.065	0.440	0.615	0.093	0.099
stools_12080101	3	Bifi_longum_hadza_2261_Bf14.fa.gz	26562	16020	49612	0.691	34.371	23.251	0.261	0.691	0.767	4.269	0.686	0.066	0.086
stools_12080101	4	Bifi_longum_BXY01.fa.gz	24324	7622	38547	0.574	44.122	24.807	0.179	0.574	0.914	0.933	0.349	0.031	0.034
stools_12080150	0	Bifi_longum_NCC2705.fa.gz	22142	22120	49917	0.801	35.994	28.269	0.369	0.801	0.923	0.593	1.003	0.175	0.189
stools_12080150	1	Bifi_pseudocatenulatum_YIT11953.fa.gz	22117	21748	32205	0.739	38.869	28.446	0.573	0.739	0.993	1.152	0.983	0.229	0.231
stools_12080150	2	Bifi_longum_HN001.fa.gz	23818	6905	16135	0.439	36.314	15.903	0.236	0.439	1.013	0.975	0.173	0.020	0.020
stools_12080501	0	Bifi_pseudocatenulatum_YIT11953.fa.gz	22117	22107	14099	0.422	2.756	1.149	0.439	0.618	1.001	0.106	0.046	0.071	0.071
stools_12081101	0	Bifi_longum_BXY01.fa.gz	24324	24260	111020	0.843	224.373	186.063	0.363	0.843	0.708	2.827	4.578	0.154	0.217
stools_12081101	1	Bifi_bifidum_CNCM_I-4319.fa.gz	21622	21000	90573	0.754	154.702	115.329	0.305	0.754	0.980	3.730	2.445	0.128	0.131
stools_12081101	2	Bifi_longum_hadza_2261_Bf14.fa.gz	26562	15084	74732	0.630	222.925	137.096	0.379	0.630	0.962	4.060	2.114	0.091	0.095
stools_12081101	3	Bifi_breve_NRBB09.fa.gz	22415	18247	65228	0.780	44.093	34.165	0.181	0.780	1.056	0.621	0.626	0.081	0.086
stools_12081101	4	Bifi_pseudocatenulatum_YIT11953.fa.gz	22117	21209	50998	0.740	31.487	23.102	0.174	0.740	0.988	0.669	0.493	0.070	0.070
stools_12081101	5	Bifi_longum_JCM_11341.fa.gz	23977	10016	35297	0.721	43.198	30.151	0.133	0.721	1.155	0.696	0.311	0.043	0.050
stools_12081150	0	Bifi_adolescentis_6.fa.gz	21781	21721	74355	0.835	44.048	36.543	0.571	0.835	0.875	0.465	0.701	0.290	0.332
stools_12081150	1	Bifi_angulatum_JCM_7096.fa.gz	19968	19177	56227	0.791	12.761	9.998	0.322	0.791	0.976	0.238	0.170	0.155	0.159
stools_12081150	2	Bifi_bifidum_BGN4.fa.gz	22056	21506	41066	0.643	4.408	2.818	0.150	0.684	0.978	0.052	0.054	0.044	0.045
stools_12081150	3	Bifi_adolescentis_22L.fa.gz	21785	6283	27237	0.477	31.358	14.786	0.272	0.477	0.904	0.474	0.083	0.027	0.029
stools_12082101	0	Bifi_breve_NRBB09.fa.gz	22415	22380	94327	0.752	354.369	264.172	0.458	0.752	0.837	11.243	7.216	0.163	0.195
stools_12082101	1	Bifi_bifidum_PRL2010.fa.gz	21968	21438	77495	0.811	86.164	69.501	0.212	0.811	0.976	1.141	1.811	0.110	0.113
stools_12082101	2	Bifi_pseudolongum_UMB-MBP-01.fa.gz	19735	19415	60118	0.760	109.932	82.329	0.292	0.760	0.932	2.023	1.963	0.119	0.128
stools_12082101	3	Bifi_dentium_E7.fa.gz	25106	24633	45357	0.818	38.323	30.919	0.196	0.818	0.994	1.355	0.934	0.106	0.107
stools_12082150	0	Bifi_adolescentis_BB23.fa.gz	21488	21422	76961	0.812	80.588	64.975	0.555	0.812	0.897	1.497	2.183	0.266	0.297
stools_12082150	1	Bifi_longum_BBMN68.fa.gz	22338	21901	59575	0.790	16.834	13.112	0.260	0.790	1.144	0.680	0.454	0.112	0.128
stools_12082150	2	Bifi_pseudocatenulatum_12.fa.gz	21623	19889	42267	0.731	15.396	11.174	0.269	0.731	0.948	0.465	0.348	0.100	0.105
stools_12082150	3	Bifi_adolescentis_P2P3.fa.gz	21804	6432	27736	0.416	72.812	30.127	0.321	0.416	0.987	1.287	0.303	0.023	0.023
stools_12083101	0	Bifi_longum_ZJ1.fa.gz	23722	23686	70843	0.909	23.988	21.443	0.431	0.909	0.767	0.425	0.513	0.249	0.324
stools_12083101	1	Bifi_pseudocatenulatum_YIT11953.fa.gz	22117	21689	49305	0.855	19.249	16.317	0.524	0.855	0.911	0.301	0.354	0.299	0.328
stools_12083101	2	Bifi_longum_NCIMB8809.fa.gz	23046	5166	30751	0.651	14.450	9.258	0.150	0.651	0.796	0.233	0.048	0.033	0.041
stools_12083101	3	Bifi_pseudocatenulatum_JCLA3.fa.gz	23380	7516	27390	0.527	12.857	6.716	0.185	0.528	0.927	0.230	0.051	0.025	0.027
stools_12083150	0	Bifi_longum_ZJ1.fa.gz	23722	23687	79429	0.877	34.009	29.333	0.374	0.877	0.840	0.634	0.806	0.212	0.252
stools_12083150	1	Bifi_adolescentis_BB23.fa.gz	21488	21039	58660	0.812	25.707	20.667	0.371	0.812	0.896	0.476	0.501	0.178	0.198
stools_12083150	2	Bifi_pseudocatenulatum_YIT11953.fa.gz	22117	20491	41582	0.812	17.193	13.871	0.384	0.812	0.941	0.408	0.326	0.194	0.206
stools_12083150	3	Bifi_longum_HN001.fa.gz	23818	5024	24937	0.553	24.758	13.493	0.150	0.553	0.879	0.637	0.078	0.022	0.025
stools_12084101	0	Bifi_longum_hadza_2261_Bf14.fa.gz	26562	26470	119240	0.887	1505.554	1317.107	0.565	0.887	0.780	16.147	27.560	0.308	0.395
stools_12084101	1	Bifi_kashiwanohense_PV20-2.fa.gz	23363	22653	95749	0.669	597.506	396.438	0.333	0.669	0.823	10.130	7.061	0.082	0.100
stools_12084101	2	Bifi_longum_BXY01.fa.gz	24324	12732	80583	0.723	344.685	245.350	0.175	0.723	0.613	5.366	2.472	0.040	0.066
stools_12084101	3	Bifi_bifidum_BF3.fa.gz	21909	20790	71380	0.759	86.554	65.384	0.091	0.759	1.015	0.857	1.065	0.039	0.040
stools_12084101	4	Bifi_longum_ATCC_15697.fa.gz	27712	8391	55591	0.520	727.349	373.076	0.233	0.520	0.755	15.506	2.474	0.025	0.033
stools_12084101	5	Bifi_breve_ACS-071-V-Sch8b.fa.gz	22999	17763	51226	0.759	43.116	32.439	0.056	0.759	1.636	0.754	0.453	0.015	0.024
stools_12084102	0	Bifi_longum_hadza_2261_Bf14.fa.gz	26562	26486	121349	0.912	547.647	492.033	0.451	0.912	0.722	7.175	13.102	0.247	0.342
stools_12084102	1	Bifi_kashiwanohense_PV20-2.fa.gz	23363	22645	97196	0.724	446.859	320.897	0.455	0.724	0.880	10.002	7.253	0.152	0.172
stools_12084102	2	Bifi_longum_BXY01.fa.gz	24324	12733	80810	0.716	145.183	102.390	0.151	0.716	0.701	3.219	1.312	0.039	0.055
stools_12084102	3	Bifi_bifidum_BF3.fa.gz	21909	20790	71689	0.759	50.921	38.447	0.108	0.759	0.999	0.667	0.796	0.047	0.047
stools_12084102	4	Bifi_breve_ACS-071-V-Sch8b.fa.gz	22999	18069	55908	0.781	33.840	26.181	0.072	0.781	1.464	0.510	0.473	0.023	0.034
stools_12084102	5	Bifi_longum_ATCC_15697.fa.gz	27712	8086	41796	0.547	248.353	133.838	0.178	0.547	0.821	7.472	1.087	0.024	0.029
stools_12084150	0	Bifi_pseudocatenulatum_YIT11953.fa.gz	22117	22109	26729	0.793	21.985	17.214	0.726	0.793	0.964	0.580	0.421	0.349	0.362
stools_12085101	0	Bifi_kashiwanohense_PV20-2.fa.gz	23363	23355	26542	0.446	59.808	26.249	0.507	0.446	0.924	2.164	1.098	0.042	0.045
stools_12085150	0	Bifi_adolescentis_BB23.fa.gz	21488	21424	77390	0.758	239.593	180.394	0.494	0.758	0.946	6.808	4.596	0.203	0.215
stools_12085150	1	Bifi_bifidum_YIT_10347.fa.gz	21299	20929	61148	0.835	66.624	55.311	0.292	0.835	0.962	0.938	1.376	0.164	0.170
stools_12085150	2	Bifi_longum_ZJ1.fa.gz	23722	22917	43665	0.866	48.447	41.285	0.341	0.866	0.887	1.560	1.136	0.196	0.222
stools_12086101	0	Bifi_adolescentis_P2P3.fa.gz	21804	21765	48803	0.796	40.156	31.736	0.651	0.796	0.886	0.534	0.796	0.291	0.329
stools_12086101	1	Bifi_longum_105-A.fa.gz	22553	22047	31470	0.722	5.691	4.053	0.243	0.735	1.042	0.100	0.104	0.091	0.094
stools_12086101	2	Bifi_adolescentis_6.fa.gz	21781	6113	15557	0.419	34.791	14.465	0.315	0.419	0.891	0.589	0.102	0.021	0.023
stools_12086501	0	Bifi_angulatum_JCM_7096.fa.gz	19968	19903	68068	0.771	65.135	49.991	0.619	0.771	0.998	1.193	0.917	0.284	0.284
stools_12086501	1	Bifi_adolescentis_BB23.fa.gz	21488	20715	52715	0.814	15.648	12.593	0.429	0.814	0.949	0.225	0.242	0.219	0.231
stools_12086501	2	Bifi_catenulatum_JCM_1194.fa.gz	20449	18575	35861	0.539	5.188	2.765	0.148	0.576	0.936	0.064	0.048	0.025	0.026
stools_12086502	0	Bifi_adolescentis_P2P3.fa.gz	21804	21781	49899	0.803	19.819	15.748	0.593	0.803	0.915	0.208	0.281	0.281	0.307
stools_12086502	1	Bifi_angulatum_JCM_7096.fa.gz	19968	19215	32405	0.630	5.163	3.222	0.263	0.656	0.960	0.067	0.051	0.068	0.071
stools_12086502	2	Bifi_adolescentis_6.fa.gz	21781	5980	20303	0.457	15.845	7.175	0.247	0.458	0.899	0.199	0.035	0.021	0.024
stools_12087150	0	Bifi_adolescentis_1-11.fa.gz	21794	21738	90019	0.841	68.457	57.185	0.398	0.841	0.816	0.504	1.118	0.193	0.236
stools_12087150	1	Bifi_angulatum_JCM_7096.fa.gz	19968	19211	71745	0.808	30.851	24.714	0.253	0.808	0.952	0.782	0.428	0.127	0.134
stools_12087150	2	Bifi_catenulatum_JCM_1194.fa.gz	20449	18518	56217	0.819	24.752	20.045	0.266	0.819	0.932	0.515	0.336	0.136	0.146
stools_12087150	3	Bifi_longum_BIM_B-813D.fa.gz	22533	21719	41044	0.800	22.124	17.318	0.370	0.800	1.129	0.376	0.344	0.168	0.190
stools_12087150	4	Bifi_adolescentis_PRL2019.fa.gz	21906	7054	23667	0.546	42.835	23.284	0.252	0.546	0.895	0.634	0.147	0.037	0.041
stools_12087501	0	Bifi_catenulatum_JCM_1194.fa.gz	20449	20386	65881	0.842	105.624	88.267	0.674	0.842	0.935	2.446	1.866	0.376	0.402
stools_12087501	1	Bifi_longum_105-A.fa.gz	22553	22182	48718	0.795	12.222	9.584	0.246	0.795	1.318	0.211	0.222	0.094	0.124
stools_12087501	2	Bifi_adolescentis_1-11.fa.gz	21794	19909	31082	0.678	8.313	5.603	0.170	0.681	1.013	0.112	0.116	0.053	0.053
stools_12088150	0	Bifi_adolescentis_22L.fa.gz	21785	21758	46028	0.829	36.056	29.567	0.570	0.829	0.878	0.628	0.964	0.285	0.325
stools_12088150	1	Bifi_angulatum_JCM_7096.fa.gz	19968	19202	27999	0.758	16.874	12.675	0.502	0.758	0.988	0.425	0.364	0.216	0.219
stools_12088150	2	Bifi_adolescentis_BB23.fa.gz	21488	5953	13441	0.471	26.686	12.351	0.307	0.471	0.901	0.637	0.111	0.029	0.032
stools_12088501	0	Bifi_adolescentis_ATCC_15703.fa.gz	20594	20542	55579	0.826	19.804	16.193	0.509	0.826	0.860	0.289	0.358	0.246	0.287
stools_12088501	1	Bifi_catenulatum_JCM_1194.fa.gz	20449	18883	38618	0.803	9.231	7.324	0.432	0.804	0.928	0.216	0.149	0.208	0.224
stools_12088501	2	Bifi_adolescentis_BB23.fa.gz	21488	7230	23454	0.508	12.751	6.400	0.255	0.509	0.893	0.199	0.050	0.030	0.034
stools_12089101	0	Bifi_longum_hadza_2261_Bf14.fa.gz	26562	26540	48977	0.776	207.220	157.466	0.653	0.776	0.827	7.098	4.898	0.252	0.305
stools_12089101	1	Bifi_longum_BIM_B-813D.fa.gz	22533	14007	28386	0.827	66.053	53.208	0.338	0.827	0.851	0.401	0.878	0.162	0.191
stools_12089102	0	Bifi_longum_BBMN68.fa.gz	22338	22298	25626	0.778	15.252	11.679	0.637	0.778	1.028	0.416	0.265	0.292	0.300
stools_12089150	0	Bifi_adolescentis_BB23.fa.gz	21488	21473	33295	0.591	5.444	3.172	0.345	0.617	0.936	0.107	0.086	0.073	0.077
stools_12089150	1	Bifi_pseudocatenulatum_YIT11953.fa.gz	22117	20738	20607	0.518	6.270	3.226	0.513	0.540	0.993	0.143	0.084	0.077	0.077
stools_12090101	0	Bifi_bifidum_JCM_1255.fa.gz	21982	21943	119371	0.827	65.156	53.677	0.396	0.827	0.966	1.633	1.664	0.216	0.224
stools_12090101	1	Bifi_pseudocatenulatum_YIT11953.fa.gz	22117	21709	101223	0.828	41.639	34.327	0.414	0.828	0.927	1.739	1.053	0.218	0.235
stools_12090101	2	Bifi_longum_105-A.fa.gz	22553	21705	83251	0.888	11.974	10.501	0.218	0.888	0.859	0.350	0.325	0.131	0.153
stools_12090101	3	Bifi_breve_B_breve_1_mod.fa.gz	23421	20538	63968	0.714	9.029	6.413	0.160	0.716	1.004	0.270	0.186	0.058	0.059
stools_12090101	4	Bifi_angulatum_JCM_7096.fa.gz	19968	18804	49297	0.644	6.931	4.426	0.121	0.652	0.964	0.215	0.118	0.032	0.033
stools_12090501	0	Bifi_bifidum_JCM_1255.fa.gz	21982	21941	109642	0.825	39.657	32.571	0.288	0.825	0.955	0.536	0.768	0.154	0.162
stools_12090501	1	Bifi_adolescentis_1-11.fa.gz	21794	21397	91545	0.871	29.126	25.216	0.306	0.871	0.762	0.304	0.581	0.155	0.203
stools_12090501	2	Bifi_longum_CACC_517.fa.gz	22349	21431	72900	0.885	17.915	15.643	0.276	0.885	0.956	0.610	0.364	0.183	0.192
stools_12090501	3	Bifi_angulatum_JCM_7096.fa.gz	19968	18854	53929	0.800	24.756	19.648	0.420	0.800	0.989	0.451	0.399	0.213	0.215
stools_12090501	4	Bifi_adolescentis_BB23.fa.gz	21488	7113	38844	0.582	18.481	10.613	0.148	0.582	0.884	0.368	0.082	0.026	0.029
stools_12090501	5	Bifi_catenulatum_JCM_1194.fa.gz	20449	17832	34703	0.556	4.784	2.632	0.108	0.599	1.017	0.090	0.051	0.021	0.022
stools_12090501	6	Bifi_longum_JCM_7053.fa.gz	24148	6479	24785	0.553	13.253	6.805	0.121	0.554	1.404	0.304	0.051	0.015	0.021
stools_12091101	0	Bifi_bifidum_BGN4.fa.gz	22056	22009	65954	0.819	31.114	25.333	0.415	0.819	0.978	0.566	0.657	0.223	0.228
stools_12091101	1	Bifi_pseudocatenulatum_JCM_1200.fa.gz	22579	22133	47922	0.778	19.368	14.790	0.421	0.778	0.885	0.357	0.390	0.175	0.198
stools_12091101	2	Bifi_catenulatum_JCM_1194.fa.gz	20449	14622	30705	0.652	12.619	8.136	0.262	0.652	0.910	0.312	0.141	0.066	0.073
stools_12091101	3	Bifi_pseudocatenulatum_JCLA3.fa.gz	23380	4959	21173	0.574	16.752	9.557	0.141	0.574	0.940	0.348	0.056	0.025	0.027
stools_12091150	0	Bifi_adolescentis_6.fa.gz	21781	21721	72339	0.840	288.505	241.106	0.562	0.840	0.864	1.388	1.909	0.288	0.334
stools_12091150	1	Bifi_longum_105-A.fa.gz	22553	22121	54088	0.784	73.910	57.187	0.313	0.784	1.017	0.513	0.465	0.148	0.151
stools_12091150	2	Bifi_pseudocatenulatum_YIT11027.fa.gz	24945	23108	36737	0.734	37.470	26.957	0.226	0.734	0.943	0.311	0.230	0.084	0.089
stools_12091150	3	Bifi_adolescentis_22L.fa.gz	21785	6157	19776	0.483	208.737	99.676	0.285	0.483	0.887	1.183	0.225	0.028	0.032
stools_12091501	0	Bifi_adolescentis_6.fa.gz	21781	21726	73123	0.819	30.904	25.136	0.485	0.819	0.884	0.756	0.575	0.235	0.266
stools_12091501	1	Bifi_catenulatum_JCM_1194.fa.gz	20449	19143	55337	0.738	11.993	8.744	0.291	0.738	0.951	0.288	0.177	0.111	0.117
stools_12091501	2	Bifi_longum_105-A.fa.gz	22553	21910	41216	0.752	7.654	5.680	0.305	0.755	0.991	0.139	0.132	0.130	0.131
stools_12092101	0	Bifi_pseudocatenulatum_YIT11953.fa.gz	22117	22058	77120	0.776	139.022	107.532	0.545	0.776	0.959	3.472	2.990	0.245	0.255
stools_12092101	1	Bifi_bifidum_BGN4.fa.gz	22056	21718	59995	0.769	26.144	19.986	0.220	0.769	1.140	0.403	0.548	0.088	0.100
stools_12092101	2	Bifi_kashiwanohense_PV20-2.fa.gz	23363	17772	43293	0.525	58.510	30.459	0.353	0.525	0.908	1.405	0.686	0.046	0.051
stools_12092101	3	Bifi_breve_NRBB09.fa.gz	22415	21245	33958	0.609	7.148	4.310	0.092	0.617	3.349	0.205	0.116	0.006	0.021
stools_12092150	0	Bifi_adolescentis_BB23.fa.gz	21488	21425	61111	0.869	196.791	169.908	0.710	0.869	0.851	0.804	1.620	0.397	0.466
stools_12092150	1	Bifi_adolescentis_1-11.fa.gz	21794	7694	42485	0.594	123.522	72.603	0.376	0.594	0.754	0.700	0.249	0.059	0.079
stools_12092150	2	Bifi_adolescentis_PRL2019.fa.gz	21906	4698	37918	0.453	97.951	44.234	0.223	0.453	0.811	0.778	0.092	0.017	0.021
stools_12093101_SM-NA1P5	0	Bifi_angulatum_JCM_7096.fa.gz	19968	19901	61154	0.797	126.197	100.216	0.694	0.797	0.995	3.136	2.721	0.350	0.352
stools_12093101_SM-NA1P5	1	Bifi_pseudocatenulatum_YIT11953.fa.gz	22117	21480	45285	0.758	25.882	19.451	0.478	0.758	0.979	0.784	0.573	0.204	0.209
stools_12093101_SM-NAWYG	0	Bifi_angulatum_JCM_7096.fa.gz	19968	19897	68406	0.800	225.314	179.676	0.704	0.800	0.999	3.482	3.028	0.360	0.361
stools_12093101_SM-NAWYG	1	Bifi_pseudocatenulatum_YIT11953.fa.gz	22117	21480	52481	0.765	42.993	32.608	0.468	0.765	0.974	0.819	0.596	0.205	0.210
stools_12093150	0	Bifi_adolescentis_BB23.fa.gz	21488	21417	113288	0.856	105.598	89.856	0.417	0.856	0.802	1.255	2.620	0.210	0.262
stools_12093150	1	Bifi_angulatum_JCM_7096.fa.gz	19968	19198	94948	0.802	45.061	35.798	0.257	0.802	0.964	1.526	0.938	0.127	0.132
stools_12093150	2	Bifi_catenulatum_JCM_1194.fa.gz	20449	18573	79559	0.686	46.689	31.681	0.296	0.686	0.968	1.321	0.805	0.093	0.096
stools_12093150	3	Bifi_longum_HN001.fa.gz	23818	23062	66809	0.780	14.390	11.022	0.183	0.780	1.310	0.630	0.350	0.066	0.087
stools_12093150	4	Bifi_bifidum_BGN4.fa.gz	22056	20917	48829	0.793	12.061	9.518	0.173	0.793	1.043	0.204	0.271	0.083	0.086
stools_12093150	5	Bifi_adolescentis_PRL2019.fa.gz	21906	5944	32235	0.556	74.649	41.378	0.258	0.556	0.896	1.341	0.333	0.040	0.044
stools_12093501	0	Bifi_pseudocatenulatum_YIT11953.fa.gz	22117	22101	23946	0.521	5.583	2.871	0.349	0.552	0.955	0.088	0.031	0.053	0.055
stools_12095102	0	Bifi_adolescentis_BB23.fa.gz	21488	21452	44862	0.755	32.726	24.398	0.633	0.755	0.993	0.584	0.421	0.270	0.272
stools_12095102	1	Bifi_pseudocatenulatum_YIT11953.fa.gz	22117	20738	28676	0.555	5.489	3.025	0.206	0.583	0.943	0.081	0.050	0.037	0.039
stools_12095150	0	Bifi_pseudocatenulatum_YIT11953.fa.gz	22117	22059	71526	0.710	89.326	63.158	0.515	0.710	0.932	1.812	1.274	0.172	0.185
stools_12095150	1	Bifi_adolescentis_6.fa.gz	21781	20590	55857	0.802	24.349	19.376	0.305	0.802	0.937	0.496	0.366	0.148	0.157
stools_12095150	2	Bifi_angulatum_JCM_7096.fa.gz	19968	18858	39347	0.673	10.401	6.933	0.144	0.673	0.934	0.164	0.120	0.041	0.044
stools_12096101	0	Bifi_kashiwanohense_PV20-2.fa.gz	23363	23293	87004	0.734	153.544	111.921	0.565	0.734	0.883	2.513	2.112	0.197	0.224
stools_12096101	1	Bifi_longum_ZJ1.fa.gz	23722	23262	69905	0.814	17.329	13.874	0.163	0.814	1.551	0.426	0.264	0.057	0.088
stools_12096101	2	Bifi_pseudocatenulatum_YIT11956.fa.gz	23412	18077	50972	0.601	48.641	29.052	0.313	0.601	1.343	0.797	0.425	0.051	0.068
stools_12096102	0	Bifi_pseudocatenulatum_YIT11953.fa.gz	22117	22109	26207	0.721	29.892	21.282	0.662	0.721	0.988	0.530	0.351	0.245	0.248
stools_12096150	0	Bifi_adolescentis_BB23.fa.gz	21488	21478	25574	0.702	11.955	8.280	0.642	0.703	0.987	0.325	0.209	0.220	0.223
stools_12098101	0	Bifi_pseudocatenulatum_YIT11953.fa.gz	22117	22060	66501	0.750	198.017	147.813	0.559	0.750	0.991	4.742	3.360	0.233	0.236
stools_12098101	1	Bifi_bifidum_BGN4.fa.gz	22056	21718	49966	0.809	67.704	54.451	0.461	0.809	0.981	0.967	1.221	0.240	0.244
stools_12098101	2	Bifi_longum_JCM_7053.fa.gz	24148	23362	32394	0.726	9.015	6.349	0.110	0.727	2.044	0.297	0.157	0.021	0.042
stools_12098150	0	Bifi_adolescentis_1-11.fa.gz	21794	21736	67600	0.707	214.750	150.928	0.618	0.707	0.963	5.027	3.976	0.210	0.218
stools_12098150	1	Bifi_longum_ZJ1.fa.gz	23722	22715	52231	0.810	29.104	23.210	0.262	0.810	0.925	1.407	0.645	0.129	0.140
stools_12099101	0	Bifi_adolescentis_1-11.fa.gz	21794	21719	91460	0.873	237.496	206.175	0.670	0.873	0.770	1.585	4.180	0.343	0.445
stools_12099101	1	Bifi_adolescentis_22L.fa.gz	21785	7223	72502	0.629	150.150	94.012	0.307	0.629	0.883	1.723	0.633	0.067	0.076
stools_12099101	2	Bifi_angulatum_JCM_7096.fa.gz	19968	19047	67962	0.712	20.026	14.119	0.176	0.712	0.940	0.565	0.252	0.060	0.064
stools_12099101	3	Bifi_longum_GT15.fa.gz	23063	22147	54410	0.763	11.908	8.994	0.159	0.764	5.358	0.242	0.187	0.013	0.071
stools_12099101	4	Bifi_catenulatum_JCM_1194.fa.gz	20449	18155	37501	0.614	12.027	7.295	0.126	0.614	0.886	0.253	0.124	0.026	0.029
stools_12099101	5	Bifi_adolescentis_ZJ2.fa.gz	23649	6252	26358	0.436	92.239	39.504	0.270	0.436	0.780	1.873	0.233	0.017	0.022
stools_12099150	0	Bifi_longum_BIM_B-813D.fa.gz	22533	22476	105083	0.925	255.073	231.594	0.382	0.925	0.839	3.006	3.641	0.254	0.302
stools_12099150	1	Bifi_bifidum_YIT_10347.fa.gz	21299	20810	84300	0.820	157.476	128.450	0.314	0.820	0.979	1.696	1.846	0.170	0.173
stools_12099150	2	Bifi_adolescentis_1-11.fa.gz	21794	21066	67227	0.848	96.892	81.610	0.295	0.848	0.724	0.737	1.189	0.130	0.180
stools_12099150	3	Bifi_longum_Jih1.fa.gz	23249	6302	49353	0.728	143.659	103.053	0.159	0.728	0.756	2.924	0.452	0.046	0.061
stools_12099150	4	Bifi_adolescentis_P2P3.fa.gz	21804	7561	44767	0.610	74.127	44.844	0.098	0.610	0.850	1.159	0.235	0.019	0.022
stools_12099501	0	Bifi_adolescentis_1-11.fa.gz	21794	21716	95052	0.876	400.799	349.176	0.673	0.876	0.769	2.619	6.971	0.347	0.452
stools_12099501	1	Bifi_adolescentis_22L.fa.gz	21785	7223	76032	0.632	255.640	160.907	0.314	0.632	0.886	2.903	1.067	0.070	0.079
stools_12099501	2	Bifi_angulatum_JCM_7096.fa.gz	19968	19047	71468	0.713	33.056	23.358	0.176	0.713	0.936	0.930	0.411	0.060	0.064
stools_12099501	3	Bifi_longum_GT15.fa.gz	23063	22147	57885	0.784	18.363	14.236	0.152	0.784	5.351	0.377	0.291	0.014	0.073
stools_12099501	4	Bifi_catenulatum_JCM_1194.fa.gz	20449	18155	40530	0.639	20.383	12.867	0.133	0.639	0.902	0.432	0.216	0.031	0.035
stools_12099501	5	Bifi_adolescentis_ZJ2.fa.gz	23649	6252	28933	0.448	154.402	68.046	0.281	0.448	0.790	3.105	0.396	0.020	0.025
stools_12100101	0	Bifi_longum_hadza_2261_Bf14.fa.gz	26562	26447	124778	0.904	2818.941	2506.436	0.657	0.904	0.676	59.396	49.630	0.328	0.485
stools_12100101	1	Bifi_bifidum_BGN4.fa.gz	22056	21471	100869	0.834	493.587	409.269	0.251	0.834	0.902	0.990	6.508	0.131	0.145
stools_12100101	2	Bifi_longum_KCTC_5914.fa.gz	22576	13715	82963	0.814	487.284	390.415	0.206	0.814	0.790	1.283	4.006	0.088	0.111
stools_12100101	3	Bifi_breve_B_breve_1_mod.fa.gz	23421	19524	71799	0.873	197.230	171.386	0.160	0.873	0.919	0.559	2.475	0.098	0.107
stools_12100101	4	Bifi_longum_JCM_11347.fa.gz	26915	8195	54756	0.533	1431.768	732.817	0.356	0.533	0.830	13.350	4.608	0.045	0.054
stools_12100150	0	Bifi_pseudocatenulatum_YIT11953.fa.gz	22117	22101	29534	0.739	23.416	17.090	0.659	0.739	0.989	0.561	0.370	0.263	0.266
stools_12100501	0	Bifi_adolescentis_BB23.fa.gz	21488	21398	97388	0.843	315.332	264.242	0.489	0.843	0.871	2.583	4.460	0.255	0.293
stools_12100501	1	Bifi_longum_ZJ1.fa.gz	23722	23293	79348	0.791	115.062	89.520	0.357	0.791	0.919	2.814	1.663	0.163	0.177
stools_12100501	2	Bifi_pseudocatenulatum_YIT11953.fa.gz	22117	20491	60912	0.798	45.877	36.344	0.196	0.798	0.931	0.827	0.588	0.093	0.100
stools_12100501	3	Bifi_bifidum_BGN4.fa.gz	22056	21025	44568	0.817	32.885	26.722	0.184	0.817	1.030	0.355	0.443	0.097	0.100
stools_12100501	4	Bifi_adolescentis_P2P3.fa.gz	21804	6520	27391	0.522	206.981	107.422	0.281	0.522	0.892	2.540	0.552	0.036	0.040
stools_12101101	0	Bifi_breve_B_breve_1_mod.fa.gz	23421	23397	66510	0.806	248.070	198.732	0.384	0.806	0.873	7.700	8.329	0.176	0.202
stools_12101101	1	Bifi_catenulatum_JCM_1194.fa.gz	20449	20090	47643	0.744	338.709	250.106	0.676	0.744	0.991	13.412	9.014	0.276	0.279
stools_12101101	2	Bifi_longum_GT15.fa.gz	23063	20535	32688	0.720	16.853	12.027	0.102	0.720	6.438	0.560	0.444	0.006	0.038
stools_12101150	0	Bifi_angulatum_JCM_7096.fa.gz	19968	19896	94359	0.818	117.014	95.330	0.493	0.818	0.974	2.029	1.856	0.262	0.269
stools_12101150	1	Bifi_adolescentis_6.fa.gz	21781	20979	78088	0.868	38.976	33.571	0.362	0.868	0.805	0.460	0.692	0.190	0.237
stools_12101150	2	Bifi_catenulatum_JCM_1194.fa.gz	20449	18802	59880	0.826	36.763	30.021	0.456	0.826	0.931	0.768	0.557	0.240	0.257
stools_12101150	3	Bifi_pseudocatenulatum_YIT11952.fa.gz	22856	17738	44345	0.561	8.673	4.831	0.127	0.566	1.811	0.160	0.084	0.013	0.023
stools_12101150	4	Bifi_adolescentis_P2P3.fa.gz	21804	5615	34390	0.556	26.455	14.600	0.139	0.556	0.838	0.352	0.081	0.020	0.024
stools_12103101	0	Bifi_pseudocatenulatum_12.fa.gz	21623	21579	58786	0.787	152.799	119.466	0.408	0.787	0.886	3.231	2.257	0.176	0.199
stools_12103101	1	Bifi_longum_ZJ1.fa.gz	23722	23330	41809	0.814	79.888	63.922	0.403	0.814	1.014	2.300	1.319	0.214	0.217
stools_12103150	0	Bifi_adolescentis_6.fa.gz	21781	21732	50837	0.851	77.767	65.695	0.564	0.851	0.839	0.805	1.266	0.291	0.347
stools_12103150	1	Bifi_pseudocatenulatum_12.fa.gz	21623	20408	32351	0.741	27.293	20.089	0.371	0.741	0.960	0.639	0.363	0.145	0.151
stools_12103150	2	Bifi_adolescentis_P2P3.fa.gz	21804	5899	17227	0.487	57.255	27.641	0.235	0.487	0.846	0.801	0.145	0.023	0.027
stools_12111101	0	Bifi_longum_hadza_2261_Bf14.fa.gz	26562	26441	129619	0.905	1407.463	1253.674	0.655	0.905	0.730	27.720	22.429	0.355	0.486
stools_12111101	1	Bifi_bifidum_PRL2010.fa.gz	21968	21405	105685	0.794	213.399	168.652	0.205	0.794	0.982	0.482	2.415	0.101	0.103
stools_12111101	2	Bifi_longum_HN001.fa.gz	23818	14754	88687	0.814	269.789	215.799	0.230	0.814	0.831	0.941	2.157	0.103	0.124
stools_12111101	3	Bifi_longum_ATCC_15697.fa.gz	27712	9013	76680	0.596	734.392	432.696	0.364	0.596	0.972	3.953	2.628	0.075	0.077
stools_12111101	4	Bifi_breve_B_breve_1_mod.fa.gz	23421	18326	71306	0.861	53.370	45.717	0.122	0.861	0.756	0.159	0.560	0.059	0.078
stools_12111101	5	Bifi_longum_JCM_19995.fa.gz	22800	6434	55536	0.574	249.971	138.540	0.153	0.574	0.999	0.966	0.615	0.029	0.029
stools_12111102	0	Bifi_bifidum_YIT_10347.fa.gz	21299	21266	78267	0.822	45.542	37.216	0.571	0.822	0.991	0.752	0.754	0.314	0.317
stools_12111102	1	Bifi_pseudocatenulatum_YIT11953.fa.gz	22117	21773	60780	0.796	9.625	7.591	0.278	0.796	0.880	0.195	0.158	0.124	0.141
stools_12111102	2	Bifi_catenulatum_JCM_1194.fa.gz	20449	15695	43449	0.608	8.246	4.958	0.182	0.612	0.950	0.207	0.075	0.039	0.041
stools_12111102	3	Bifi_longum_HN001.fa.gz	23818	22961	33909	0.612	4.796	2.886	0.191	0.648	1.152	0.167	0.064	0.043	0.049
stools_12111150	0	Bifi_adolescentis_ATCC_15703.fa.gz	20594	20581	23734	0.702	6.932	4.791	0.527	0.708	0.922	0.165	0.087	0.171	0.186
stools_12114101	0	Bifi_bifidum_YIT_10347.fa.gz	21299	21262	104447	0.835	149.704	124.360	0.506	0.835	0.983	1.281	2.708	0.289	0.294
stools_12114101	1	Bifi_adolescentis_BB23.fa.gz	21488	21113	86694	0.739	64.264	46.966	0.386	0.739	0.993	1.784	1.022	0.155	0.156
stools_12114101	2	Bifi_longum_BIM_B-813D.fa.gz	22533	21724	71087	0.829	16.226	13.162	0.183	0.829	1.052	0.572	0.298	0.099	0.104
stools_12114101	3	Bifi_catenulatum_JCM_1194.fa.gz	20449	18608	53080	0.691	12.739	8.702	0.126	0.691	0.913	0.327	0.167	0.038	0.042
stools_12114101	4	Bifi_bifidum_BGN4.fa.gz	22056	4479	40219	0.467	132.602	61.634	0.244	0.467	0.900	1.390	0.283	0.022	0.025
stools_12114150	0	Bifi_adolescentis_6.fa.gz	21781	21755	64533	0.825	25.670	20.942	0.570	0.825	0.902	0.244	0.336	0.288	0.320
stools_12114150	1	Bifi_bifidum_BGN4.fa.gz	22056	21681	46587	0.671	5.102	3.406	0.213	0.695	1.105	0.041	0.054	0.063	0.069
stools_12114150	2	Bifi_longum_BIM_B-813D.fa.gz	22533	21674	32029	0.642	4.812	3.025	0.245	0.675	1.005	0.089	0.049	0.071	0.072
stools_12114150	3	Bifi_adolescentis_PRL2019.fa.gz	21906	6230	18109	0.455	18.891	8.558	0.259	0.455	0.879	0.216	0.039	0.021	0.024
stools_12114501	0	Bifi_longum_105-A.fa.gz	22553	22520	74589	0.873	15.623	13.449	0.305	0.873	0.900	0.324	0.278	0.182	0.202
stools_12114501	1	Bifi_pseudocatenulatum_YIT11952.fa.gz	22856	22469	54940	0.760	21.969	16.553	0.536	0.760	0.962	0.590	0.340	0.227	0.236
stools_12116101	0	Bifi_catenulatum_JCM_1194.fa.gz	20449	20438	19136	0.569	4.795	2.682	0.469	0.611	0.964	0.116	0.054	0.096	0.100
stools_12116150	0	Bifi_pseudocatenulatum_YIT11953.fa.gz	22117	22107	26596	0.791	61.956	48.372	0.705	0.791	0.966	1.278	0.901	0.337	0.349
stools_12116501	0	Bifi_adolescentis_BB23.fa.gz	21488	21480	26637	0.772	45.423	34.546	0.692	0.772	0.926	1.044	0.723	0.294	0.318
stools_12117101	0	Bifi_pseudocatenulatum_YIT11952.fa.gz	22856	22809	50592	0.788	93.618	73.224	0.651	0.788	0.948	0.841	1.408	0.302	0.319
stools_12117101	1	Bifi_longum_JCM_7053.fa.gz	24148	23738	32615	0.727	13.235	9.333	0.253	0.727	3.369	0.338	0.191	0.029	0.097
stools_12117101	2	Bifi_pseudocatenulatum_YIT11027.fa.gz	24945	6529	15356	0.438	74.338	30.999	0.316	0.438	0.882	0.983	0.178	0.023	0.027
stools_12117150	0	Bifi_pseudocatenulatum_YIT11953.fa.gz	22117	22100	30281	0.649	16.974	10.877	0.561	0.649	0.963	0.376	0.211	0.148	0.153
stools_12118101	0	Bifi_bifidum_YIT_10347.fa.gz	21299	21269	95739	0.834	24.543	20.351	0.283	0.834	0.963	1.447	1.769	0.158	0.164
stools_12118101	1	Bifi_longum_BXY01.fa.gz	24324	23719	78000	0.744	23.937	17.483	0.383	0.744	0.938	3.198	1.717	0.148	0.158
stools_12118101	2	Bifi_pseudocatenulatum_YIT11953.fa.gz	22117	21475	60352	0.777	11.133	8.573	0.273	0.777	0.935	1.088	0.755	0.120	0.128
stools_12118101	3	Bifi_breve_B_breve_1_mod.fa.gz	23421	19986	43664	0.746	7.637	5.668	0.230	0.749	0.894	0.518	0.463	0.086	0.096
stools_12118150	0	Bifi_adolescentis_BB23.fa.gz	21488	21426	96735	0.821	127.271	103.797	0.398	0.821	0.888	1.276	1.979	0.196	0.220
stools_12118150	1	Bifi_angulatum_JCM_7096.fa.gz	19968	19182	79136	0.798	106.728	84.559	0.482	0.798	0.993	2.134	1.442	0.243	0.244
stools_12118150	2	Bifi_longum_BIM_B-813D.fa.gz	22533	21868	63837	0.884	30.548	26.418	0.336	0.884	1.205	0.499	0.522	0.192	0.232
stools_12118150	3	Bifi_catenulatum_JCM_1194.fa.gz	20449	18434	44510	0.632	9.814	6.127	0.098	0.633	0.761	0.125	0.101	0.019	0.025
stools_12118150	4	Bifi_adolescentis_PRL2019.fa.gz	21906	6013	32865	0.441	101.140	44.519	0.255	0.441	0.885	0.939	0.237	0.019	0.022
stools_12119101	0	Bifi_pseudocatenulatum_YIT11953.fa.gz	22117	22049	110868	0.840	475.527	398.315	0.543	0.840	0.880	8.893	10.168	0.283	0.322
stools_12119101	1	Bifi_longum_ZJ1.fa.gz	23722	23301	92338	0.893	62.550	54.930	0.175	0.893	1.065	2.011	1.503	0.117	0.125
stools_12119101	2	Bifi_bifidum_BGN4.fa.gz	22056	21202	71521	0.791	31.214	24.565	0.086	0.791	0.988	0.512	0.604	0.042	0.042
stools_12119101	3	Bifi_breve_NRBB09.fa.gz	22415	20025	54743	0.753	37.725	28.142	0.102	0.753	1.334	1.424	0.656	0.032	0.043
stools_12119101	4	Bifi_pseudocatenulatum_JCLA3.fa.gz	23380	7456	39673	0.549	300.513	163.734	0.245	0.549	0.894	5.894	1.420	0.036	0.041
stools_12119501	0	Bifi_adolescentis_1-11.fa.gz	21794	21735	82138	0.725	227.601	164.014	0.520	0.725	0.981	1.839	1.830	0.194	0.198
stools_12119501	1	Bifi_angulatum_JCM_7096.fa.gz	19968	19212	66378	0.800	81.911	64.948	0.380	0.800	0.961	1.331	0.643	0.187	0.195
stools_12119501	2	Bifi_longum_GT15.fa.gz	23063	22275	51005	0.836	26.371	21.800	0.239	0.836	3.315	0.350	0.250	0.042	0.139
stools_12120101	0	Bifi_catenulatum_JCM_1194.fa.gz	20449	20380	102311	0.815	397.726	321.813	0.464	0.815	0.925	5.242	4.132	0.232	0.251
stools_12120101	1	Bifi_adolescentis_6.fa.gz	21781	20466	85706	0.835	225.846	187.244	0.507	0.835	0.851	1.804	2.414	0.251	0.295
stools_12120101	2	Bifi_longum_105-A.fa.gz	22553	21917	68622	0.879	35.771	31.025	0.183	0.879	1.422	0.389	0.431	0.088	0.125
stools_12120101	3	Bifi_bifidum_BGN4.fa.gz	22056	21103	49350	0.804	14.044	11.227	0.078	0.804	1.073	0.114	0.149	0.038	0.040
stools_12120101	4	Bifi_adolescentis_PRL2019.fa.gz	21906	5909	32389	0.497	169.120	83.634	0.175	0.497	0.934	1.349	0.311	0.020	0.021
stools_12120150	0	Bifi_adolescentis_6.fa.gz	21781	21767	23074	0.445	3.726	1.638	0.319	0.552	0.961	0.045	0.027	0.042	0.043
stools_12120150	1	Bifi_catenulatum_JCM_1194.fa.gz	20449	19142	13391	0.349	3.307	1.140	0.287	0.513	0.993	0.039	0.016	0.026	0.026
stools_12120501	0	Bifi_adolescentis_BB23.fa.gz	21488	21477	13165	0.309	3.039	0.925	0.309	0.512	0.996	0.110	0.034	0.025	0.025
