ESC1232905001S1K	ESO1212703120S1K	na	NZ_CP049075.1	1754511	689743	39.3125	689425	99.9539	680482	98.7028	318	0.0461	680795	98.7027	13418	1.9454	4470	33.3135	4157	30.9808	4262	31.7633	5058	37.6956	93608	91.9911	100598	82.2014	0.9750
ESC1232905001S1K	ESO1212705120S1K	na	NZ_CP049075.1	1754511	449352	25.6112	448990	99.9194	443407	98.7565	362	0.0806	443766	98.7569	8469	1.8847	2883	34.0418	2524	29.8028	2778	32.8020	3181	37.5605	93608	67.3190	118342	55.0760	0.9524
ESC1232905001S1K	ESO1213402120S1K	na	NZ_CP049075.1	1754511	799035	45.5417	798568	99.9416	788672	98.7608	467	0.0584	789123	98.7595	15258	1.9096	5346	35.0374	4895	32.0815	4962	32.5206	5447	35.6993	93608	59.7342	81517	49.9822	0.9457
ESC1232905001S1K	ESO1232702120S1K	na	NZ_CP049075.1	1754511	768713	43.8135	768421	99.9620	758907	98.7619	292	0.0380	759195	98.7618	14039	1.8263	4521	32.2031	4237	30.1802	5079	36.1778	4778	34.0338	93608	93.6993	108988	73.4815	0.9742
ESC1232905001S1K	ESO1232707120S1K	na	NZ_CP049075.1	1754511	803786	45.8125	801891	99.7642	793004	98.8917	1895	0.2358	794876	98.8915	15673	1.9499	6763	43.1506	4892	31.2129	4559	29.0882	5831	37.2041	93608	52.3363	88215	54.1575	0.9496
ESC1232905001S1K	ESO1232710120S1K	na	NZ_CP049075.1	1754511	819787	46.7245	814177	99.3157	806253	99.0267	5610	0.6843	811779	99.0232	17503	2.1351	9495	54.2478	3971	22.6875	4664	26.6469	7398	42.2670	93608	87.0620	99149	70.6835	0.9690
ESC1232905001S1K	ESO1232711120S1K	na	NZ_CP049075.1	1754511	784271	44.7003	783888	99.9512	773841	98.7183	383	0.0488	774220	98.7184	14842	1.8925	4791	32.2800	4412	29.7265	5075	34.1935	5416	36.4910	93608	93.6993	145197	68.5400	0.9556
ESC1232905001S1K	ESO1236812120S1K	na	NZ_CP049075.1	1754511	727853	41.4847	727579	99.9624	718549	98.7589	274	0.0376	718818	98.7587	13620	1.8713	4585	33.6637	4316	31.6887	4530	33.2599	4846	35.5800	93608	85.6903	118612	56.4294	0.9491
ESC1232905001S1K	ESO1238001120S1K	na	NZ_CP049075.1	1754511	785894	44.7928	785461	99.9449	775305	98.7070	433	0.0551	775720	98.7054	15374	1.9562	5200	33.8233	4785	31.1240	5274	34.3047	5364	34.8901	93608	14.6462	12556	100.0000	0.9505
ESC1232905001S1K	ESO1238002120S1K	na	NZ_CP049075.1	1754511	810168	46.1763	809757	99.9493	799606	98.7464	411	0.0507	800003	98.7453	15613	1.9271	5448	34.8940	5052	32.3577	4982	31.9093	5635	36.0917	93608	87.0620	106621	67.2485	0.9628
ESC1232905001S1K	ESO1241104120S1K	na	NZ_CP049075.1	1754511	723160	41.2172	722332	99.8855	713571	98.7871	828	0.1145	714385	98.7866	13012	1.7993	4237	32.5623	3423	26.3065	5410	41.5770	4087	31.4095	93608	11.7340	59035	13.1820	0.9215
ESC1232905001S1K	ESO1241108220S1K	na	NZ_CP049075.1	1754511	804817	45.8713	804128	99.9144	793951	98.7344	689	0.0856	794624	98.7335	15739	1.9556	5546	35.2373	4875	30.9740	5043	32.0414	5779	36.7177	93608	73.9563	104879	63.8412	0.9539
ESC1232905001S1K	ESO1242101120S1K	na	NZ_CP049075.1	1754511	217992	12.4247	217949	99.9803	215856	99.0397	43	0.0197	215899	99.0399	3684	1.6900	1591	43.1868	1551	42.1010	1019	27.6602	1125	30.5375	93608	87.0620	115160	80.9404	0.9755
ESC1232905001S1K	ESO1242208120S1K	na	NZ_CP049075.1	1754511	802876	45.7607	802440	99.9457	792636	98.7782	436	0.0543	793062	98.7776	15157	1.8878	5343	35.2510	4917	32.4405	4948	32.6450	5374	35.4556	93608	93.6993	136600	78.1794	0.9692
ESC1232905001S1K	ESO1242209120S1K	na	NZ_CP049075.1	1754511	828930	47.2456	827401	99.8155	816402	98.6707	1529	0.1845	817878	98.6667	17502	2.1114	6450	36.8529	4975	28.4253	5266	30.0880	7145	40.8239	93608	37.5908	33978	82.3503	0.9525
ESC1232905001S1K	ESO1242704120S1K	na	NZ_CP049075.1	1754511	764440	43.5700	764181	99.9661	754333	98.7113	259	0.0339	754581	98.7103	14781	1.9336	4922	33.2995	4674	31.6217	4999	33.8204	5192	35.1262	93608	52.3363	79627	63.3378	0.9550
ESC1232905001S1K	ESO1242801120S1K	na	NZ_CP049075.1	1754511	794602	45.2891	794230	99.9532	784248	98.7432	372	0.0468	784613	98.7429	14778	1.8598	4789	32.4063	4429	29.9702	5269	35.6544	5157	34.8965	93608	93.6993	127121	64.4142	0.9575
ESC1232905001S1K	ESO1242805120S1K	na	NZ_CP049075.1	1754511	370672	21.1268	370614	99.9844	366133	98.7909	58	0.0156	366190	98.7908	6688	1.8043	2206	32.9844	2149	32.1322	2279	34.0760	2291	34.2554	93608	87.0620	147988	54.1760	0.9565
ESC1232905001S1K	ESO1247101120S1K	na	NZ_CP049075.1	1754511	696214	39.6814	695946	99.9615	691533	99.3659	268	0.0385	691800	99.3660	11051	1.5873	6637	60.0579	6370	57.6418	2195	19.8625	2516	22.7672	93608	93.6993	127431	68.2181	0.9679
ESC1232905001S1K	ESO1247203120S1K	na	NZ_CP049075.1	1754511	790945	45.0807	786966	99.4969	778401	98.9116	3979	0.5031	782340	98.9121	16673	2.1080	8068	48.3896	4130	24.7706	4634	27.7934	7069	42.3979	93608	60.3453	91787	55.4283	0.9502
ESC1232905001S1K	ESO1247206120S1K	na	NZ_CP049075.1	1754511	794505	45.2836	785109	98.8174	779522	99.2884	9396	1.1826	788817	99.2841	18327	2.3067	12639	68.9638	3347	18.2627	3848	20.9963	8560	46.7070	93608	67.3190	70823	85.6854	0.9718
ESC1232905001S1K	ESO1247208120S1K	na	NZ_CP049075.1	1754511	801965	45.7087	801501	99.9421	791266	98.7230	464	0.0579	791717	98.7221	15219	1.8977	4971	32.6631	4520	29.6997	5389	35.4097	5376	35.3243	93608	85.6903	129263	76.8108	0.9685
ESC1232905001S1K	ESO1254306120S1K	na	NZ_CP049075.1	1754511	708225	40.3659	707867	99.9495	699105	98.7622	358	0.0505	699454	98.7616	12590	1.7777	3819	30.3336	3470	27.5616	5309	42.1684	3841	30.5083	93608	45.0880	88346	42.0132	0.9321
ESC1232905001S1K	ESO1256801120S1K	na	NZ_CP049075.1	1754511	811406	46.2468	806585	99.4058	798461	98.9928	4821	0.5942	803236	98.9931	16992	2.0941	8822	51.9185	4047	23.8171	4721	27.7837	6987	41.1194	93608	53.7080	50342	89.0946	0.9714
ESC1232905001S1K	ESO1256804120S1K	na	NZ_CP049075.1	1754511	805822	45.9286	797819	99.0069	791475	99.2048	8003	0.9931	799407	99.2039	17881	2.2190	11466	64.1239	3536	19.7752	4100	22.9294	8122	45.4225	93608	26.3802	59514	31.2195	0.9333
ESC1232905001S1K	ESO1350502120S1K	na	NZ_CP049075.1	1754511	599662	34.1783	598364	99.7835	591856	98.9124	1298	0.2165	593148	98.9137	11030	1.8394	4516	40.9429	3224	29.2294	3469	31.4506	4035	36.5820	93608	85.6903	111375	72.7470	0.9657
ESC1232905001S1K	ESO1350804120S1K	na	NZ_CP049075.1	1754511	666169	37.9689	665804	99.9452	657640	98.7738	365	0.0548	658000	98.7737	12412	1.8632	4243	34.1847	3883	31.2842	4190	33.7577	4331	34.8937	93608	100.0000	145498	75.0787	0.9606
ESC1232905001S1K	ESO1350807120S1K	na	NZ_CP049075.1	1754511	525032	29.9247	524783	99.9526	518260	98.7570	249	0.0474	518509	98.7576	9669	1.8416	3146	32.5370	2897	29.9617	3312	34.2538	3510	36.3016	93608	73.9563	135115	54.3189	0.9425
ESC1232905001S1K	ESO1356601120S1K	na	NZ_CP049075.1	1754511	719038	40.9822	714664	99.3917	711218	99.5178	4374	0.6083	715573	99.5181	13242	1.8416	9777	73.8333	5422	40.9455	1999	15.0959	4172	31.5058	93608	93.6993	89625	92.8357	0.9863
ESC1232905001S1K	ESO1356602120S1K	na	NZ_CP049075.1	1754511	709936	40.4635	705876	99.4281	698537	98.9603	4060	0.5719	702555	98.9603	14904	2.0993	7523	50.4764	3506	23.5239	4152	27.8583	6186	41.5056	93608	93.6993	119872	75.3537	0.9727
ESC1232905001S1K	ESO1356803120S1K	na	NZ_CP049075.1	1754511	674939	38.4688	674769	99.9748	670957	99.4351	170	0.0252	671123	99.4346	10178	1.5080	6362	62.5074	6196	60.8764	1969	19.3456	2040	20.0432	93608	93.6993	100878	87.5126	0.9838
ESC1232905001S1K	ESO1357103120S1K	na	NZ_CP049075.1	1754511	276571	15.7634	276527	99.9841	273125	98.7697	44	0.0159	273168	98.7696	4942	1.7869	1539	31.1412	1496	30.2711	1761	35.6333	1727	34.9454	93608	75.3280	128644	62.6800	0.9546
ESC1232905001S1K	ESO1357104120S1K	na	NZ_CP049075.1	1754511	775716	44.2127	775367	99.9550	765299	98.7015	349	0.0450	765637	98.7007	14778	1.9051	4699	31.7973	4361	29.5101	5258	35.5799	5233	35.4107	93608	87.0620	117357	64.0234	0.9591
ESC1232905001S1K	ESO1357107120S1K	na	NZ_CP049075.1	1754511	812681	46.3195	805239	99.0843	798121	99.1160	7442	0.9157	805511	99.1177	18453	2.2706	11283	61.1445	3893	21.0968	4164	22.5654	8458	45.8354	93608	52.3363	44994	100.0000	0.9684
ESC1232905001S1K	ESO1358301120S1K	na	NZ_CP049075.1	1754511	326853	18.6293	326816	99.9887	324984	99.4394	37	0.0113	325021	99.4395	4874	1.4912	3042	62.4128	3005	61.6537	882	18.0960	1005	20.6196	93608	87.0620	114929	79.0967	0.9795
ESC1232905001S1K	ESO1358304120S1K	na	NZ_CP049075.1	1754511	806018	45.9398	805651	99.9545	794735	98.6451	367	0.0455	795090	98.6442	16064	1.9930	5136	31.9721	4781	29.7622	5420	33.7400	5962	37.1140	93608	60.3453	51874	100.0000	0.9688
ESC1232905001S1K	ESO1358602120S1K	na	NZ_CP049075.1	1754511	701830	40.0015	701577	99.9640	693210	98.8074	253	0.0360	693456	98.8068	12841	1.8296	4467	34.7870	4221	32.8713	4260	33.1750	4401	34.2730	93608	66.6460	99829	57.5214	0.9507
ESC1232905001S1K	EST1212206101S1K	na	NZ_CP049075.1	1754511	729933	41.6032	729706	99.9689	725664	99.4461	227	0.0311	725886	99.4456	11595	1.5885	7548	65.0970	7326	63.1824	2056	17.7318	2234	19.2669	93608	87.0620	85446	93.4754	0.9918
ESC1232905001S1K	EST1212704101S1K	na	NZ_CP049075.1	1754511	734198	41.8463	733945	99.9655	729743	99.4275	253	0.0345	729994	99.4274	11384	1.5505	7180	63.0710	6929	60.8661	2130	18.7105	2361	20.7396	93608	87.0620	88279	93.4673	0.9913
ESC1232905001S1K	EST1232702101S1K	na	NZ_CP049075.1	1754511	711564	40.5563	711342	99.9688	705710	99.2083	222	0.0312	705929	99.2081	11560	1.6246	5925	51.2543	5711	49.4031	2841	24.5761	3033	26.2370	93608	100.0000	126535	72.0425	0.9773
ESC1232905001S1K	EST1232710101S1K	na	NZ_CP049075.1	1754511	757767	43.1896	757359	99.9462	747459	98.6928	408	0.0538	747850	98.6913	14819	1.9556	4902	33.0792	4511	30.4407	4998	33.7270	5360	36.1698	93608	75.3280	115001	60.0664	0.9535
ESC1232905001S1K	EST1232905101S1K	na	NZ_CP049075.1	1754511	782925	44.6235	782734	99.9756	782667	99.9914	191	0.0244	782858	99.9914	9841	1.2570	9774	99.3192	9585	97.3986	120	1.2194	108	1.0974	93608	100.0000	90764	100.0000	0.9918
ESC1232905001S1K	EST1233822101S1K	na	NZ_CP049075.1	1754511	715128	40.7594	712348	99.6113	704565	98.9074	2780	0.3887	707324	98.9087	14497	2.0272	6693	46.1682	3936	27.1504	4152	28.6404	5792	39.9531	93608	85.6903	120979	62.9374	0.9590
ESC1232905001S1K	EST1233822201S1K	na	NZ_CP049075.1	1754511	676988	38.5856	676425	99.9168	667869	98.7351	563	0.0832	668422	98.7347	13253	1.9576	4687	35.3656	4134	31.1929	4224	31.8720	4963	37.4481	93608	85.6903	142473	55.2757	0.9560
ESC1232905001S1K	EST1234702101S1K	na	NZ_CP049075.1	1754511	170179	9.6995	170152	99.9841	169089	99.3753	27	0.0159	169116	99.3754	2593	1.5237	1530	59.0050	1503	57.9637	546	21.0567	554	21.3652	93608	75.3280	100029	81.5963	0.9781
ESC1232905001S1K	EST1234704101S1K	na	NZ_CP049075.1	1754511	834648	47.5715	834009	99.9234	823138	98.6965	639	0.0766	823770	98.6967	16742	2.0059	5864	35.0257	5233	31.2567	5265	31.4479	6297	37.6120	93608	45.0880	50396	71.0255	0.9579
ESC1232905001S1K	EST1236807101S1K	na	NZ_CP049075.1	1754511	757336	43.1651	757111	99.9703	747695	98.7563	225	0.0297	747915	98.7560	13915	1.8374	4494	32.2961	4274	30.7151	4931	35.4366	4782	34.3658	93608	91.9911	139782	75.1320	0.9587
ESC1232905001S1K	EST1237103201S1K	na	NZ_CP049075.1	1754511	739394	42.1425	738841	99.9252	730509	98.8723	553	0.0748	731052	98.8718	13925	1.8833	5583	40.0934	5040	36.1939	4057	29.1346	4897	35.1670	93608	51.3888	83812	50.9235	0.9433
ESC1232905001S1K	EST1238001101S1K	na	NZ_CP049075.1	1754511	647332	36.8953	647099	99.9640	639204	98.7799	233	0.0360	639434	98.7799	11910	1.8399	4012	33.6860	3782	31.7548	4164	34.9622	4035	33.8791	93608	26.3802	20057	100.0000	0.9539
ESC1232905001S1K	EST1238002101S1K	na	NZ_CP049075.1	1754511	749849	42.7383	749432	99.9444	739913	98.7298	417	0.0556	740313	98.7283	14650	1.9537	5114	34.9078	4714	32.1775	4686	31.9863	5303	36.1980	93608	93.6993	111899	68.7727	0.9628
ESC1232905001S1K	EST1241101101S1K	na	NZ_CP049075.1	1754511	811671	46.2619	810865	99.9007	800759	98.7537	806	0.0993	801541	98.7520	15748	1.9402	5618	35.6744	4837	30.7150	5085	32.2898	5764	36.6015	93608	87.0620	116967	65.2030	0.9687
ESC1232905001S1K	EST1241104101S1K	na	NZ_CP049075.1	1754511	746778	42.5633	746531	99.9669	737200	98.7501	247	0.0331	737437	98.7492	13178	1.7646	3837	29.1167	3600	27.3183	5702	43.2691	3937	29.8756	93608	45.0880	93863	45.5803	0.9353
ESC1232905001S1K	EST1242101101S1K	na	NZ_CP049075.1	1754511	253323	14.4384	253285	99.9850	250689	98.9751	38	0.0150	250727	98.9752	4382	1.7298	1786	40.7576	1753	40.0046	1267	28.9137	1385	31.6066	93608	79.0531	107133	76.9641	0.9802
ESC1232905001S1K	EST1242103101S1K	na	NZ_CP049075.1	1754511	671072	38.2484	670826	99.9633	662834	98.8086	246	0.0367	663078	98.8088	12180	1.8150	4186	34.3678	3942	32.3645	4055	33.2923	4227	34.7044	93608	87.0620	123051	62.9869	0.9664
ESC1232905001S1K	EST1242207101S1K	na	NZ_CP049075.1	1754511	459026	26.1626	458956	99.9848	453713	98.8576	70	0.0152	453783	98.8578	7952	1.7324	2709	34.0669	2639	33.1866	2649	33.3124	2709	34.0669	93608	93.6993	140321	77.3263	0.9681
ESC1232905001S1K	EST1242209101S1K	na	NZ_CP049075.1	1754511	666602	37.9936	666153	99.9326	658173	98.8021	449	0.0674	658618	98.8023	12304	1.8458	4320	35.1105	3875	31.4938	3993	32.4529	4437	36.0614	93608	73.9563	127907	57.1525	0.9463
ESC1232905001S1K	EST1242704101S1K	na	NZ_CP049075.1	1754511	815219	46.4642	808190	99.1378	801243	99.1404	7029	0.8622	808215	99.1408	17771	2.1799	10767	60.5875	3798	21.3719	4336	24.3993	7790	43.8355	93608	53.7080	84615	50.7002	0.9398
ESC1232905001S1K	EST1242801101S1K	na	NZ_CP049075.1	1754511	789994	45.0264	789407	99.9257	779538	98.7498	587	0.0743	780121	98.7502	14855	1.8804	4982	33.5375	4399	29.6129	5230	35.2070	5239	35.2676	93608	93.6993	106954	57.4630	0.9395
ESC1232905001S1K	EST1242802101S1K	na	NZ_CP049075.1	1754511	759779	43.3043	758303	99.8057	749302	98.8130	1476	0.1943	750763	98.8133	14803	1.9483	5787	39.0934	4326	29.2238	4674	31.5747	5514	37.2492	93608	53.0970	77610	47.5905	0.9434
ESC1232905001S1K	EST1242804101S1K	na	NZ_CP049075.1	1754511	791685	45.1228	788398	99.5848	779677	98.8938	3287	0.4152	782943	98.8958	16085	2.0317	7343	45.6512	4078	25.3528	4831	30.0342	6381	39.6705	93608	85.6903	69079	100.0000	0.9776
ESC1232905001S1K	EST1242805101S1K	na	NZ_CP049075.1	1754511	746769	42.5628	746501	99.9641	737340	98.7728	268	0.0359	737604	98.7727	13919	1.8639	4754	34.1548	4490	32.2581	4563	32.7825	4946	35.5342	93608	100.0000	153813	72.8209	0.9588
ESC1232905001S1K	EST1247101101S1K	na	NZ_CP049075.1	1754511	545668	31.1009	545518	99.9725	542186	99.3892	150	0.0275	542335	99.3892	8327	1.5260	4994	59.9736	4845	58.1842	1687	20.2594	1816	21.8086	93608	87.0620	120859	66.5999	0.9675
ESC1232905001S1K	EST1247106101S1K	na	NZ_CP049075.1	1754511	754414	42.9985	754039	99.9503	744294	98.7076	375	0.0497	744656	98.7065	14912	1.9766	5154	34.5628	4794	32.1486	4838	32.4437	5316	35.6491	93608	93.6993	106665	100.0000	0.9838
ESC1232905001S1K	EST1247109101S1K	na	NZ_CP049075.1	1754511	803779	45.8121	803380	99.9504	793046	98.7137	399	0.0496	793427	98.7121	15304	1.9040	4952	32.3576	4571	29.8680	5427	35.4613	5381	35.1607	93608	85.6903	129147	76.7900	0.9684
ESC1232905001S1K	EST1247203101S1K	na	NZ_CP049075.1	1754511	691706	39.4244	691004	99.8985	682575	98.7802	702	0.1015	683259	98.7788	13311	1.9244	4864	36.5412	4180	31.4026	4302	32.3191	4845	36.3985	93608	87.0620	93469	82.4145	0.9766
ESC1232905001S1K	EST1247206101S1K	na	NZ_CP049075.1	1754511	668029	38.0749	667793	99.9647	659326	98.7321	236	0.0353	659548	98.7304	12758	1.9098	4277	33.5241	4055	31.7840	4316	33.8298	4449	34.8722	93608	87.0620	127972	59.1372	0.9529
ESC1232905001S1K	EST1254306101S1K	na	NZ_CP049075.1	1754511	107517	6.1280	107493	99.9777	106170	98.7692	24	0.0223	106194	98.7695	1825	1.6974	502	27.5068	478	26.1918	812	44.4932	540	29.5890	93608	33.3540	76013	48.8390	0.9483
ESC1232905001S1K	EST1256811101S1K	na	NZ_CP049075.1	1754511	690301	39.3444	690042	99.9625	681283	98.7307	259	0.0375	681533	98.7298	12871	1.8645	4103	31.8779	3853	29.9355	4608	35.8014	4487	34.8613	93608	91.9911	139306	75.2028	0.9591
ESC1232905001S1K	EST1350502101S1K	na	NZ_CP049075.1	1754511	414557	23.6281	413878	99.8362	409450	98.9301	679	0.1638	410120	98.9297	7291	1.7587	2854	39.1442	2189	30.0233	2366	32.4510	2593	35.5644	93608	79.0531	126094	58.1281	0.9593
ESC1232905001S1K	EST1350510101S1K	na	NZ_CP049075.1	1754511	590615	33.6627	590361	99.9570	582618	98.6884	254	0.0430	582859	98.6868	11715	1.9835	3959	33.7943	3720	31.7542	3827	32.6675	4216	35.9880	93608	87.0620	117862	65.3739	0.9620
ESC1232905001S1K	EST1350804101S1K	na	NZ_CP049075.1	1754511	798064	45.4864	797092	99.8782	787105	98.7471	972	0.1218	788060	98.7465	16222	2.0327	6218	38.3307	5263	32.4436	4791	29.5340	6052	37.3074	93608	85.6903	75045	85.6833	0.9732
ESC1232905001S1K	EST1350807101S1K	na	NZ_CP049075.1	1754511	775405	44.1949	775165	99.9690	765183	98.7123	240	0.0310	765415	98.7116	14634	1.8873	4644	31.7343	4412	30.1490	5005	34.2012	5288	36.1350	93608	100.0000	134701	64.2601	0.9573
ESC1232905001S1K	EST1356604101S1K	na	NZ_CP049075.1	1754511	773480	44.0852	772885	99.9231	763599	98.7985	595	0.0769	764181	98.7978	14602	1.8878	5303	36.3169	4722	32.3380	4666	31.9545	5236	35.8581	93608	48.0002	91591	58.6717	0.9364
ESC1232905001S1K	EST1356611101S1K	na	NZ_CP049075.1	1754511	521063	29.6985	520848	99.9587	514616	98.8035	215	0.0413	514829	98.8036	9602	1.8428	3368	35.0760	3156	32.8682	3123	32.5245	3335	34.7323	93608	39.9912	57584	88.7087	0.9501
ESC1232905001S1K	EST1357103101S1K	na	NZ_CP049075.1	1754511	585293	33.3593	585171	99.9792	577834	98.7462	122	0.0208	577955	98.7463	10522	1.7977	3184	30.2604	3063	29.1104	3870	36.7801	3642	34.6132	93608	87.0620	133245	60.8060	0.9556
ESC1232905001S1K	EST1357107101S1K	na	NZ_CP049075.1	1754511	781000	44.5138	780452	99.9298	772118	98.9322	548	0.0702	772639	98.9294	14745	1.8880	6384	43.2960	5863	39.7626	4084	27.6975	4769	32.3432	93608	81.9652	78769	92.1492	0.9807
ESC1232905001S1K	EST1358301101S1K	na	NZ_CP049075.1	1754511	501538	28.5856	501433	99.9791	498545	99.4241	105	0.0209	498650	99.4242	7714	1.5381	4826	62.5616	4721	61.2004	1375	17.8247	1640	21.2600	93608	87.0620	94377	85.1913	0.9870
ESC1232905001S1K	EST1358301201S1K	na	NZ_CP049075.1	1754511	789442	44.9950	789158	99.9640	784472	99.4062	284	0.0360	784752	99.4059	12481	1.5810	7791	62.4229	7511	60.1795	2215	17.7470	2792	22.3700	93608	100.0000	102933	88.3924	0.9883
ESC1232905001S1K	EST1358302101S1K	na	NZ_CP049075.1	1754511	530904	30.2594	530772	99.9751	527352	99.3557	132	0.0249	527484	99.3558	8173	1.5394	4753	58.1549	4621	56.5398	1744	21.3386	1831	22.4030	93608	87.0620	133967	60.3611	0.9635
ESC1232905001S1K	EST1358602101S1K	na	NZ_CP049075.1	1754511	289145	16.4801	289088	99.9803	285632	98.8045	57	0.0197	285686	98.8037	5158	1.7839	1699	32.9391	1645	31.8922	1753	33.9860	1778	34.4707	93608	41.9740	80640	49.4730	0.9470
ESC1232905001S1K	EST1359005101S1K	na	NZ_CP049075.1	1754511	790318	45.0449	789087	99.8442	779446	98.7782	1231	0.1558	780668	98.7790	15426	1.9519	5776	37.4433	4554	29.5216	4858	31.4923	5845	37.8906	93608	85.6903	136370	58.1528	0.9520
ESC1232905001S1K	EST1359006101S1K	na	NZ_CP049075.1	1754511	347755	19.8206	347638	99.9664	343382	98.7757	117	0.0336	343499	98.7761	6277	1.8050	2021	32.1969	1904	30.3330	2158	34.3795	2228	35.4947	93608	79.0531	151742	49.1914	0.9471
ESC1232905001S1K	EST1359007101S1K	na	NZ_CP049075.1	1754511	788294	44.9296	787864	99.9455	777930	98.7391	430	0.0545	778354	98.7390	14828	1.8810	4888	32.9647	4465	30.1120	5145	34.6979	5289	35.6690	93608	93.6993	147634	71.3643	0.9587
ESC1232905001S1K	EST1361001101S1K	na	NZ_CP049075.1	1754511	698136	39.7909	697949	99.9732	689218	98.7490	187	0.0268	689402	98.7490	12813	1.8353	4079	31.8349	3895	30.3988	4510	35.1986	4459	34.8006	93608	93.6993	155104	66.7468	0.9508
ESC1232905001S1K	EST1361002101S1K	na	NZ_CP049075.1	1754511	799041	45.5421	798469	99.9284	788499	98.7514	572	0.0716	789056	98.7504	15434	1.9316	5449	35.3052	4892	31.6963	4954	32.0980	5626	36.4520	93608	93.6993	120862	66.1738	0.9643
ESC1232905001S1K	EST1361007101S1K	na	NZ_CP049075.1	1754511	805717	45.9226	805070	99.9197	795673	98.8328	647	0.0803	796305	98.8318	15268	1.8950	5856	38.3547	5224	34.2154	4724	30.9405	5292	34.6607	93608	85.6903	126515	66.6743	0.9589
ESC1232905001S1K	EST2359005102S1K	na	NZ_CP049075.1	1754511	749534	42.7204	747470	99.7246	738512	98.8016	2064	0.2754	740545	98.8007	15241	2.0334	6252	41.0209	4221	27.6950	4609	30.2408	5950	39.0394	93608	85.6903	128523	57.1252	0.9520
ESO1212703120S1K	ESO1212705120S1K	na	NZ_CP049075.1	1754511	618992	35.2800	618342	99.8950	610595	98.7471	650	0.1050	611238	98.7473	12005	1.9394	4251	35.4102	3609	30.0625	4264	35.5185	4153	34.5939	100598	75.0452	118342	64.2088	0.9642
ESO1212703120S1K	ESO1213402120S1K	na	NZ_CP049075.1	1754511	1109187	63.2192	1108326	99.9224	1093923	98.7005	861	0.0776	1094761	98.6994	22281	2.0088	7855	35.2543	7028	31.5426	7917	35.5325	7434	33.3648	100598	56.8649	81517	54.3052	0.9427
ESO1212703120S1K	ESO1232702120S1K	na	NZ_CP049075.1	1754511	1054005	60.0740	1053359	99.9387	1039547	98.6888	646	0.0613	1040174	98.6878	20355	1.9312	6524	32.0511	5898	28.9757	8139	39.9853	6393	31.4075	100598	77.1646	108988	66.5578	0.9584
ESO1212703120S1K	ESO1232707120S1K	na	NZ_CP049075.1	1754511	1114012	63.4942	1111255	99.7525	1097525	98.7645	2757	0.2475	1100237	98.7635	23053	2.0694	9278	40.2464	6581	28.5473	7831	33.9695	8126	35.2492	100598	56.0667	88215	66.3663	0.9541
ESO1212703120S1K	ESO1232710120S1K	na	NZ_CP049075.1	1754511	1133266	64.5916	1125478	99.3128	1113794	98.9619	7788	0.6872	1121493	98.9611	25043	2.2098	13270	52.9889	5598	22.3536	7594	30.3238	9742	38.9011	100598	71.5392	99149	63.4530	0.9558
ESO1212703120S1K	ESO1232711120S1K	na	NZ_CP049075.1	1754511	1087473	61.9815	1086651	99.9244	1072095	98.6605	822	0.0756	1072899	98.6598	21612	1.9874	7038	32.5652	6246	28.9006	8078	37.3774	7380	34.1477	100598	88.3805	145197	63.5199	0.9534
ESO1212703120S1K	ESO1236812120S1K	na	NZ_CP049075.1	1754511	1029230	58.6619	1028508	99.9299	1014759	98.6632	722	0.0701	1015468	98.6629	20708	2.0120	6946	33.5426	6244	30.1526	7512	36.2758	7040	33.9965	100598	88.3805	118612	64.1546	0.9579
ESO1212703120S1K	ESO1238001120S1K	na	NZ_CP049075.1	1754511	1096137	62.4754	1095278	99.9216	1080264	98.6292	859	0.0784	1081096	98.6278	22713	2.0721	7672	33.7780	6847	30.1457	8539	37.5952	7389	32.5320	100598	5.6254	12556	42.0835	0.9414
ESO1212703120S1K	ESO1238002120S1K	na	NZ_CP049075.1	1754511	1120375	63.8568	1119548	99.9262	1104905	98.6921	827	0.0738	1105706	98.6907	22557	2.0133	7888	34.9692	7099	31.4714	8034	35.6164	7456	33.0540	100598	71.5392	106621	60.4196	0.9532
ESO1212703120S1K	ESO1241104120S1K	na	NZ_CP049075.1	1754511	1026627	58.5136	1025154	99.8565	1011718	98.6894	1473	0.1435	1013173	98.6895	19871	1.9356	6417	32.2933	4965	24.9862	8792	44.2454	5959	29.9884	100598	18.9258	59035	31.5609	0.9294
ESO1212703120S1K	ESO1241108220S1K	na	NZ_CP049075.1	1754511	1115337	63.5697	1114198	99.8979	1099677	98.6967	1139	0.1021	1100784	98.6952	22707	2.0359	8154	35.9096	7061	31.0961	7848	34.5620	7727	34.0292	100598	80.6706	104879	71.4357	0.9628
ESO1212703120S1K	ESO1242101120S1K	na	NZ_CP049075.1	1754511	296574	16.9035	296425	99.9498	292702	98.7440	149	0.0502	292848	98.7437	5757	1.9412	2031	35.2788	1885	32.7427	2100	36.4773	1794	31.1621	100598	89.3378	115160	88.4161	0.9763
ESO1212703120S1K	ESO1242208120S1K	na	NZ_CP049075.1	1754511	1112090	63.3846	1111157	99.9161	1096871	98.7143	933	0.0839	1097778	98.7131	22155	1.9922	7843	35.4006	6937	31.3112	7918	35.7391	7392	33.3649	100598	88.3805	136600	73.0073	0.9630
ESO1212703120S1K	ESO1242209120S1K	na	NZ_CP049075.1	1754511	1150044	65.5478	1147701	99.7963	1132071	98.6381	2343	0.2037	1134357	98.6360	25298	2.1997	9611	37.9911	7330	28.9746	8423	33.2951	9260	36.6037	100598	43.5496	33978	100.0000	0.9612
ESO1212703120S1K	ESO1242704120S1K	na	NZ_CP049075.1	1754511	1070177	60.9957	1069578	99.9440	1055326	98.6675	599	0.0560	1055902	98.6661	21552	2.0139	7277	33.7648	6702	31.0969	7869	36.5117	7055	32.7348	100598	56.0667	79627	63.3378	0.9475
ESO1212703120S1K	ESO1242801120S1K	na	NZ_CP049075.1	1754511	1099812	62.6848	1098975	99.9239	1084549	98.6873	837	0.0761	1085375	98.6873	21633	1.9670	7196	33.2640	6376	29.4735	8213	37.9651	7093	32.7879	100598	88.3805	127121	67.4295	0.9610
ESO1212703120S1K	ESO1242805120S1K	na	NZ_CP049075.1	1754511	514960	29.3506	514718	99.9530	508138	98.7216	242	0.0470	508374	98.7211	9837	1.9102	3251	33.0487	3015	30.6496	3672	37.3285	3183	32.3574	100598	89.3378	147988	64.3870	0.9598
ESO1212703120S1K	ESO1247101120S1K	na	NZ_CP049075.1	1754511	982837	56.0177	982181	99.9333	969521	98.7110	656	0.0667	970155	98.7097	19555	1.9896	6873	35.1470	6250	31.9611	6817	34.8606	6561	33.5515	100598	88.3805	127431	67.3235	0.9623
ESO1212703120S1K	ESO1247203120S1K	na	NZ_CP049075.1	1754511	1096766	62.5112	1091014	99.4755	1078633	98.8652	5752	0.5245	1084322	98.8654	24117	2.1989	11673	48.4015	6019	24.9575	7357	30.5055	9595	39.7852	100598	56.0667	91787	59.4877	0.9499
ESO1212703120S1K	ESO1247206120S1K	na	NZ_CP049075.1	1754511	1104629	62.9594	1091754	98.8345	1083207	99.2171	12875	1.1655	1095963	99.2155	26206	2.3724	17540	66.9312	4859	18.5416	6315	24.0975	11344	43.2878	100598	75.0452	70823	100.0000	0.9796
ESO1212703120S1K	ESO1247208120S1K	na	NZ_CP049075.1	1754511	1115638	63.5868	1114764	99.9217	1100002	98.6758	874	0.0783	1100850	98.6745	22078	1.9790	7290	33.0193	6446	29.1965	8509	38.5406	7194	32.5845	100598	88.3805	129263	76.8108	0.9674
ESO1212703120S1K	ESO1254306120S1K	na	NZ_CP049075.1	1754511	1005550	57.3123	1004746	99.9200	991452	98.6769	804	0.0800	992241	98.6764	19203	1.9097	5894	30.6931	5117	26.6469	8508	44.3056	5586	29.0892	100598	51.2396	88346	54.2775	0.9414
ESO1212703120S1K	ESO1256801120S1K	na	NZ_CP049075.1	1754511	1123177	64.0165	1116184	99.3774	1104274	98.9330	6993	0.6226	1111196	98.9333	24732	2.2020	12751	51.5567	5861	23.6980	7525	30.4262	9692	39.1881	100598	39.2254	50342	74.6375	0.9554
ESO1212703120S1K	ESO1256804120S1K	na	NZ_CP049075.1	1754511	1112834	63.4270	1101544	98.9855	1092200	99.1517	11290	1.0145	1103383	99.1507	25688	2.3083	16237	63.2085	5092	19.8225	6596	25.6774	11002	42.8293	100598	24.5512	59514	37.3744	0.9329
ESO1212703120S1K	ESO1350502120S1K	na	NZ_CP049075.1	1754511	838313	47.7804	836253	99.7543	826690	98.8564	2060	0.2457	828729	98.8568	16223	1.9352	6639	40.9234	4608	28.4041	5590	34.4573	5627	34.6853	100598	77.1646	111375	72.7470	0.9658
ESO1212703120S1K	ESO1350804120S1K	na	NZ_CP049075.1	1754511	949893	54.1400	949017	99.9078	936925	98.7258	876	0.0922	937788	98.7256	18593	1.9574	6488	34.8949	5625	30.2533	6707	36.0727	6180	33.2383	100598	93.4174	145498	70.3219	0.9640
ESO1212703120S1K	ESO1350807120S1K	na	NZ_CP049075.1	1754511	743939	42.4015	743383	99.9253	733901	98.7245	556	0.0747	734451	98.7246	14461	1.9438	4973	34.3890	4423	30.5857	5200	35.9588	4896	33.8566	100598	80.6706	135115	63.1647	0.9588
ESO1212703120S1K	ESO1356601120S1K	na	NZ_CP049075.1	1754511	1024675	58.4023	1017836	99.3326	1006943	98.9298	6839	0.6674	1013694	98.9283	23378	2.2815	12397	53.0285	5674	24.2707	6901	29.5192	9116	38.9939	100598	88.3805	89625	91.8962	0.9817
ESO1212703120S1K	ESO1356602120S1K	na	NZ_CP049075.1	1754511	1006142	57.3460	1000057	99.3952	989404	98.9348	6085	0.6048	995416	98.9339	21986	2.1852	11260	51.2144	5265	23.9471	6694	30.4466	8418	38.2880	100598	88.3805	119872	69.0578	0.9566
ESO1212703120S1K	ESO1356803120S1K	na	NZ_CP049075.1	1754511	939780	53.5636	939277	99.9465	926926	98.6851	503	0.0535	927414	98.6842	18708	1.9907	6342	33.8999	5856	31.3021	6968	37.2461	5961	31.8634	100598	88.3805	100878	86.3885	0.9819
ESO1212703120S1K	ESO1357103120S1K	na	NZ_CP049075.1	1754511	384318	21.9046	384117	99.9477	379269	98.7379	201	0.0523	379466	98.7375	7272	1.8922	2420	33.2783	2223	30.5693	2788	38.3388	2292	31.5182	100598	75.0452	128644	62.7911	0.9683
ESO1212703120S1K	ESO1357104120S1K	na	NZ_CP049075.1	1754511	1082713	61.7102	1081972	99.9316	1067512	98.6636	741	0.0684	1068231	98.6624	21547	1.9901	7065	32.7888	6351	29.4751	8224	38.1677	7060	32.7656	100598	82.7551	117357	67.1123	0.9598
ESO1212703120S1K	ESO1357107120S1K	na	NZ_CP049075.1	1754511	1130352	64.4255	1119905	99.0758	1109130	99.0379	10447	0.9242	1119465	99.0368	26920	2.3816	16033	59.5579	5731	21.2890	7054	26.2036	11493	42.6932	100598	44.8508	44994	100.0000	0.9648
ESO1212703120S1K	ESO1358301120S1K	na	NZ_CP049075.1	1754511	443906	25.3008	443671	99.9471	437820	98.6812	235	0.0529	438050	98.6808	8754	1.9720	2898	33.1049	2668	30.4775	3280	37.4686	2844	32.4880	100598	89.3378	114929	88.7757	0.9784
ESO1212703120S1K	ESO1358304120S1K	na	NZ_CP049075.1	1754511	1118331	63.7403	1117508	99.9264	1102038	98.6157	823	0.0736	1102833	98.6142	23425	2.0946	7927	33.8399	7135	30.4589	8538	36.4482	7834	33.4429	100598	56.0667	51874	85.3935	0.9562
ESO1212703120S1K	ESO1358602120S1K	na	NZ_CP049075.1	1754511	981229	55.9261	980584	99.9343	968127	98.7296	645	0.0657	968758	98.7290	19173	1.9540	6702	34.9554	6073	31.6748	6890	35.9360	6238	32.5353	100598	49.8877	99829	50.1558	0.9409
ESO1212703120S1K	EST1212206101S1K	na	NZ_CP049075.1	1754511	1026150	58.4864	1025530	99.9396	1011563	98.6381	620	0.0604	1012160	98.6367	21370	2.0825	7380	34.5344	6791	31.7782	7618	35.6481	7059	33.0323	100598	82.7551	85446	91.6520	0.9787
ESO1212703120S1K	EST1212704101S1K	na	NZ_CP049075.1	1754511	1021154	58.2016	1020520	99.9379	1007169	98.6917	634	0.0621	1007793	98.6916	20485	2.0061	7124	34.7767	6507	31.7647	7442	36.3290	6656	32.4921	100598	82.7551	88279	91.8667	0.9796
ESO1212703120S1K	EST1232702101S1K	na	NZ_CP049075.1	1754511	972008	55.4005	971468	99.9444	959431	98.7609	540	0.0556	959960	98.7605	18519	1.9052	6471	34.9425	5943	32.0914	6651	35.9145	5991	32.3506	100598	93.4174	126535	70.6034	0.9639
ESO1212703120S1K	EST1232710101S1K	na	NZ_CP049075.1	1754511	1064463	60.6701	1063697	99.9280	1049309	98.6474	766	0.0720	1050053	98.6463	21618	2.0309	7208	33.3426	6480	29.9750	7982	36.9229	7194	33.2778	100598	75.0452	115001	63.1673	0.9546
ESO1212703120S1K	EST1232905101S1K	na	NZ_CP049075.1	1754511	1088936	62.0649	1088356	99.9467	1073953	98.6766	580	0.0533	1074521	98.6762	21948	2.0155	7533	34.3220	6965	31.7341	7975	36.3359	7070	32.2125	100598	82.2014	90764	92.1896	0.9819
ESO1212703120S1K	EST1233822101S1K	na	NZ_CP049075.1	1754511	1015014	57.8517	1010677	99.5727	998956	98.8403	4337	0.4273	1003240	98.8400	21782	2.1460	10008	45.9462	5734	26.3245	6821	31.3148	8345	38.3114	100598	88.3805	120979	70.1965	0.9651
ESO1212703120S1K	EST1233822201S1K	na	NZ_CP049075.1	1754511	977169	55.6947	976009	99.8813	963136	98.6811	1160	0.1187	964270	98.6800	20238	2.0711	7339	36.2635	6207	30.6700	6880	33.9955	7222	35.6853	100598	94.9631	142473	65.7767	0.9624
ESO1212703120S1K	EST1234702101S1K	na	NZ_CP049075.1	1754511	227658	12.9756	227578	99.9649	224865	98.8079	80	0.0351	224944	98.8079	4366	1.9178	1652	37.8378	1573	36.0284	1525	34.9290	1289	29.5236	100598	70.4119	100029	87.5096	0.9788
ESO1212703120S1K	EST1234704101S1K	na	NZ_CP049075.1	1754511	1155200	65.8417	1153969	99.8934	1138079	98.6230	1231	0.1066	1139282	98.6221	24580	2.1278	8662	35.2400	7461	30.3539	8506	34.6054	8626	35.0936	100598	57.8222	50396	100.0000	0.9668
ESO1212703120S1K	EST1236807101S1K	na	NZ_CP049075.1	1754511	1062820	60.5764	1062194	99.9411	1048340	98.6957	626	0.0589	1048955	98.6955	20654	1.9433	6789	32.8701	6177	29.9070	7985	38.6608	6541	31.6694	100598	93.4174	139782	75.1320	0.9673
ESO1212703120S1K	EST1237103201S1K	na	NZ_CP049075.1	1754511	1050302	59.8629	1049134	99.8888	1039233	99.0563	1168	0.1112	1040384	99.0557	19915	1.8961	9997	50.1983	8862	44.4991	5377	26.9997	5645	28.3455	100598	45.0605	83812	50.9235	0.9393
ESO1212703120S1K	EST1238001101S1K	na	NZ_CP049075.1	1754511	908542	51.7832	907947	99.9345	896004	98.6846	595	0.0655	896587	98.6842	18016	1.9830	6061	33.6423	5481	30.4230	6919	38.4048	5702	31.6496	100598	13.3353	20057	60.4776	0.9466
ESO1212703120S1K	EST1238002101S1K	na	NZ_CP049075.1	1754511	1049655	59.8261	1048877	99.9259	1035044	98.6812	778	0.0741	1035788	98.6789	21294	2.0287	7427	34.8784	6694	31.4361	7512	35.2775	7097	33.3286	100598	77.1646	111899	62.2713	0.9562
ESO1212703120S1K	EST1241101101S1K	na	NZ_CP049075.1	1754511	1124494	64.0916	1123209	99.8857	1108577	98.6973	1285	0.1143	1109818	98.6949	22844	2.0315	8168	35.7556	6951	30.4281	8061	35.2872	7781	34.0615	100598	82.7551	116967	68.2628	0.9654
ESO1212703120S1K	EST1241104101S1K	na	NZ_CP049075.1	1754511	1051663	59.9405	1051034	99.9402	1036795	98.6452	629	0.0598	1037408	98.6445	20001	1.9018	5746	28.7286	5136	25.6787	9223	46.1127	5707	28.5336	100598	51.2396	93863	57.1940	0.9446
ESO1212703120S1K	EST1242101101S1K	na	NZ_CP049075.1	1754511	355326	20.2521	355150	99.9505	350665	98.7372	176	0.0495	350839	98.7372	6923	1.9484	2436	35.1871	2263	32.6881	2509	36.2415	2165	31.2726	100598	89.3378	107133	100.0000	0.9805
ESO1212703120S1K	EST1242103101S1K	na	NZ_CP049075.1	1754511	921194	52.5043	920611	99.9367	908905	98.7285	583	0.0633	909474	98.7277	17726	1.9242	6006	33.8824	5442	30.7007	6444	36.3534	5897	33.2675	100598	82.7551	123051	65.7703	0.9660
ESO1212703120S1K	EST1242207101S1K	na	NZ_CP049075.1	1754511	639743	36.4628	639431	99.9512	631455	98.7526	312	0.0488	631759	98.7520	12046	1.8829	4062	33.7207	3758	31.1971	4541	37.6972	3799	31.5374	100598	88.3805	140321	72.0961	0.9614
ESO1212703120S1K	EST1242209101S1K	na	NZ_CP049075.1	1754511	924029	52.6659	923118	99.9014	911555	98.7474	911	0.0986	912454	98.7473	17924	1.9398	6349	35.4218	5460	30.4620	6313	35.2209	6143	34.2725	100598	80.6706	127907	62.1608	0.9570
ESO1212703120S1K	EST1242704101S1K	na	NZ_CP049075.1	1754511	1124354	64.0836	1114421	99.1166	1104364	99.0976	9933	0.8834	1114191	99.0961	25420	2.2609	15257	60.0197	5449	21.4359	6947	27.3289	10426	41.0149	100598	39.2254	84615	43.9319	0.9354
ESO1212703120S1K	EST1242801101S1K	na	NZ_CP049075.1	1754511	1095757	62.4537	1094641	99.8982	1080391	98.6982	1116	0.1018	1081495	98.6984	21650	1.9758	7388	34.1247	6286	29.0346	8141	37.6028	7178	33.1547	100598	88.3805	106954	60.8533	0.9496
ESO1212703120S1K	EST1242802101S1K	na	NZ_CP049075.1	1754511	1068069	60.8756	1065644	99.7730	1052292	98.7470	2425	0.2270	1054680	98.7464	22070	2.0663	8681	39.3339	6307	28.5773	7568	34.2909	7711	34.9388	100598	51.2396	77610	52.0423	0.9432
ESO1212703120S1K	EST1242804101S1K	na	NZ_CP049075.1	1754511	1101745	62.7950	1096921	99.5621	1084195	98.8398	4824	0.4379	1088971	98.8406	23416	2.1254	10642	45.4476	5884	25.1281	7704	32.9006	8688	37.1028	100598	77.1646	69079	100.0000	0.9772
ESO1212703120S1K	EST1242805101S1K	na	NZ_CP049075.1	1754511	1043743	59.4891	1043069	99.9354	1029550	98.7039	674	0.0646	1030211	98.7035	20560	1.9698	7028	34.1829	6371	30.9874	7430	36.1381	6851	33.3220	100598	93.4174	153813	68.1327	0.9587
ESO1212703120S1K	EST1247101101S1K	na	NZ_CP049075.1	1754511	739109	42.1262	738688	99.9430	729581	98.7671	421	0.0570	729997	98.7672	13870	1.8766	4758	34.3043	4343	31.3122	5039	36.3302	4545	32.7686	100598	82.7551	120859	65.1180	0.9645
ESO1212703120S1K	EST1247106101S1K	na	NZ_CP049075.1	1754511	1062752	60.5725	1062127	99.9412	1047738	98.6453	625	0.0588	1048345	98.6444	22120	2.0814	7713	34.8689	7116	32.1700	7950	35.9403	7130	32.2333	100598	88.3805	106665	93.4140	0.9810
ESO1212703120S1K	EST1247109101S1K	na	NZ_CP049075.1	1754511	1119000	63.7785	1118208	99.9292	1103248	98.6621	792	0.0708	1104013	98.6607	22286	1.9916	7299	32.7515	6542	29.3548	8609	38.6296	7240	32.4868	100598	88.3805	129147	76.7900	0.9674
ESO1212703120S1K	EST1247203101S1K	na	NZ_CP049075.1	1754511	993959	56.6516	992748	99.8782	980048	98.7207	1211	0.1218	981240	98.7204	20127	2.0249	7408	36.8063	6223	30.9187	7136	35.4549	6766	33.6165	100598	82.7551	93469	86.4394	0.9771
ESO1212703120S1K	EST1247206101S1K	na	NZ_CP049075.1	1754511	949463	54.1155	948843	99.9347	936161	98.6634	620	0.0653	936759	98.6620	19131	2.0149	6427	33.5947	5841	30.5316	7138	37.3112	6197	32.3925	100598	82.7551	127972	62.2527	0.9541
ESO1212703120S1K	EST1254306101S1K	na	NZ_CP049075.1	1754511	149354	8.5126	149268	99.9424	147405	98.7519	86	0.0576	147488	98.7506	2634	1.7636	768	29.1572	685	26.0061	1231	46.7350	717	27.2210	100598	32.3138	76013	48.8390	0.9489
ESO1212703120S1K	EST1256811101S1K	na	NZ_CP049075.1	1754511	991589	56.5165	990905	99.9310	977797	98.6772	684	0.0690	978464	98.6764	19499	1.9664	6374	32.6889	5715	29.3092	7547	38.7045	6325	32.4376	100598	93.4174	139306	75.2028	0.9676
ESO1212703120S1K	EST1350502101S1K	na	NZ_CP049075.1	1754511	568014	32.3745	566953	99.8132	560529	98.8669	1061	0.1868	561573	98.8660	10452	1.8401	4011	38.3754	2968	28.3965	3758	35.9548	3545	33.9170	100598	71.5392	126094	58.1281	0.9539
ESO1212703120S1K	EST1350510101S1K	na	NZ_CP049075.1	1754511	845428	48.1860	844801	99.9258	833165	98.6226	627	0.0742	833752	98.6189	17786	2.1038	6110	34.3529	5531	31.0975	6363	35.7753	5977	33.6051	100598	82.7551	117862	68.3749	0.9591
ESO1212703120S1K	EST1350804101S1K	na	NZ_CP049075.1	1754511	1119360	63.7990	1117575	99.8405	1102511	98.6521	1785	0.1595	1104251	98.6502	24463	2.1854	9354	38.2373	7637	31.2186	8003	32.7147	8646	35.3432	100598	88.3805	75045	100.0000	0.9848
ESO1212703120S1K	EST1350807101S1K	na	NZ_CP049075.1	1754511	1090101	62.1313	1089468	99.9419	1074972	98.6694	633	0.0581	1075590	98.6688	21893	2.0083	7382	33.7185	6766	30.9049	7871	35.9521	7342	33.5358	100598	93.4174	134701	66.4628	0.9641
ESO1212703120S1K	EST1356604101S1K	na	NZ_CP049075.1	1754511	1078501	61.4702	1077367	99.8949	1063202	98.6852	1134	0.1051	1064309	98.6841	21658	2.0082	7466	34.4723	6366	29.3933	7805	36.0375	7515	34.6985	100598	49.1551	91591	50.6567	0.9358
ESO1212703120S1K	EST1356611101S1K	na	NZ_CP049075.1	1754511	723043	41.2105	722533	99.9295	713217	98.7106	510	0.0705	713718	98.7103	14386	1.9896	5061	35.1800	4561	31.7044	5120	35.5902	4732	32.8931	100598	49.1551	57584	88.7087	0.9600
ESO1212703120S1K	EST1357103101S1K	na	NZ_CP049075.1	1754511	820484	46.7643	820101	99.9533	809705	98.7324	383	0.0467	810081	98.7321	15294	1.8640	4891	31.9799	4518	29.5410	5934	38.7995	4899	32.0322	100598	82.7551	133245	63.6639	0.9592
ESO1212703120S1K	EST1357107101S1K	na	NZ_CP049075.1	1754511	1091219	62.1951	1090258	99.9119	1075291	98.6272	961	0.0881	1076217	98.6252	23172	2.1235	8170	35.2581	7258	31.3223	8059	34.7790	7850	33.8771	100598	76.0373	78769	92.2774	0.9798
ESO1212703120S1K	EST1358301101S1K	na	NZ_CP049075.1	1754511	693562	39.5302	693225	99.9514	683986	98.6672	337	0.0486	684313	98.6664	13963	2.0132	4714	33.7607	4387	31.4187	5072	36.3246	4569	32.7222	100598	89.3378	94377	92.1188	0.9890
ESO1212703120S1K	EST1358301201S1K	na	NZ_CP049075.1	1754511	1090350	62.1455	1089643	99.9352	1074855	98.6429	707	0.0648	1075545	98.6422	22497	2.0633	7692	34.1912	7005	31.1375	7976	35.4536	7622	33.8801	100598	100.0000	102933	93.0304	0.9887
ESO1212703120S1K	EST1358302101S1K	na	NZ_CP049075.1	1754511	732905	41.7726	732502	99.9450	723215	98.7322	403	0.0550	723612	98.7320	13970	1.9061	4677	33.4789	4282	30.6514	5124	36.6786	4599	32.9205	100598	89.3378	133967	64.3524	0.9651
ESO1212703120S1K	EST1358602101S1K	na	NZ_CP049075.1	1754511	394779	22.5008	394575	99.9483	389708	98.7665	204	0.0517	389907	98.7659	7410	1.8770	2538	34.2510	2339	31.5655	2662	35.9244	2410	32.5236	100598	38.0982	80640	59.2547	0.9461
ESO1212703120S1K	EST1359005101S1K	na	NZ_CP049075.1	1754511	1089734	62.1104	1087829	99.8252	1074162	98.7436	1905	0.1748	1076046	98.7439	21978	2.0168	8290	37.7195	6424	29.2292	7587	34.5209	7706	35.0623	100598	94.9631	136370	72.3986	0.9696
ESO1212703120S1K	EST1359006101S1K	na	NZ_CP049075.1	1754511	478769	27.2879	478471	99.9378	472313	98.7130	298	0.0622	472609	98.7134	9237	1.9293	3077	33.3117	2781	30.1072	3459	37.4472	3008	32.5647	100598	89.3378	151742	63.3457	0.9580
ESO1212703120S1K	EST1359007101S1K	na	NZ_CP049075.1	1754511	1094007	62.3540	1093118	99.9187	1078639	98.6754	889	0.0813	1079511	98.6750	21591	1.9736	7095	32.8609	6225	28.8315	8233	38.1316	7200	33.3472	100598	88.3805	147634	66.4366	0.9546
ESO1212703120S1K	EST1361001101S1K	na	NZ_CP049075.1	1754511	990649	56.4630	990083	99.9429	977139	98.6926	566	0.0571	977694	98.6923	19164	1.9345	6209	32.3993	5667	29.5711	7266	37.9148	6286	32.8011	100598	88.3805	155104	61.9455	0.9497
ESO1212703120S1K	EST1361002101S1K	na	NZ_CP049075.1	1754511	1110304	63.2828	1109192	99.8998	1094526	98.6778	1112	0.1002	1095614	98.6769	22714	2.0457	8024	35.3262	6942	30.5626	8035	35.3747	7734	34.0495	100598	88.3805	120862	69.1475	0.9675
ESO1212703120S1K	EST1361007101S1K	na	NZ_CP049075.1	1754511	1113356	63.4568	1112145	99.8912	1097829	98.7128	1211	0.1088	1099009	98.7114	22515	2.0223	8168	36.2780	6999	31.0859	7882	35.0078	7563	33.5909	100598	88.3805	126515	66.6743	0.9548
ESO1212703120S1K	EST2359005102S1K	na	NZ_CP049075.1	1754511	1052457	59.9858	1049516	99.7206	1036620	98.7712	2941	0.2794	1039519	98.7707	21999	2.0903	9061	41.1882	6179	28.0876	7326	33.3015	7779	35.3607	100598	94.9631	128523	70.9212	0.9698
ESO1212705120S1K	ESO1213402120S1K	na	NZ_CP049075.1	1754511	739219	42.1325	738518	99.9052	729304	98.7524	701	0.0948	729997	98.7525	14527	1.9652	5305	36.5182	4617	31.7822	5074	34.9281	4868	33.5100	118342	67.6936	81517	74.9647	0.9541
ESO1212705120S1K	ESO1232702120S1K	na	NZ_CP049075.1	1754511	710802	40.5128	710206	99.9162	701526	98.7778	596	0.0838	702118	98.7783	13113	1.8448	4429	33.7756	3838	29.2687	5199	39.6477	4121	31.4268	118342	85.5723	108988	80.9282	0.9692
ESO1212705120S1K	ESO1232707120S1K	na	NZ_CP049075.1	1754511	743548	42.3792	741496	99.7240	733032	98.8585	2052	0.2760	735056	98.8579	14830	1.9945	6338	42.7377	4319	29.1234	4936	33.2839	5235	35.3001	118342	66.6408	88215	81.6086	0.9629
ESO1212705120S1K	ESO1232710120S1K	na	NZ_CP049075.1	1754511	756458	43.1150	751262	99.3131	744051	99.0401	5196	0.6869	749198	99.0403	16124	2.1315	8864	54.9740	3744	23.2200	4730	29.3352	6334	39.2831	118342	85.5723	99149	86.7381	0.9702
ESO1212705120S1K	ESO1232711120S1K	na	NZ_CP049075.1	1754511	729753	41.5930	729072	99.9067	719701	98.7147	681	0.0933	720372	98.7145	14076	1.9289	4695	33.3546	4024	28.5877	5260	37.3686	4843	34.4061	118342	100.0000	145197	84.8537	0.9757
ESO1212705120S1K	ESO1236812120S1K	na	NZ_CP049075.1	1754511	672961	38.3560	672367	99.9117	664079	98.7673	594	0.0883	664663	98.7669	12972	1.9276	4674	36.0315	4090	31.5294	4508	34.7518	4436	34.1967	118342	100.0000	118612	89.4952	0.9863
ESO1212705120S1K	ESO1238001120S1K	na	NZ_CP049075.1	1754511	709819	40.4568	709121	99.9017	700397	98.7697	698	0.0983	701076	98.7683	13719	1.9327	4976	36.2709	4297	31.3215	5073	36.9779	4374	31.8828	118342	0.0000	12556	0.0000	0.9284
ESO1212705120S1K	ESO1238002120S1K	na	NZ_CP049075.1	1754511	747330	42.5948	746630	99.9063	737300	98.7504	700	0.0937	737987	98.7498	14634	1.9582	5291	36.1555	4604	31.4610	5128	35.0417	4913	33.5725	118342	90.8671	106621	87.9039	0.9742
ESO1212705120S1K	ESO1241104120S1K	na	NZ_CP049075.1	1754511	668447	38.0988	667531	99.8630	659694	98.8260	916	0.1370	660601	98.8262	12107	1.8112	4261	35.1945	3355	27.7112	5131	42.3804	3521	29.0823	118342	39.6292	59035	76.2971	0.9486
ESO1212705120S1K	ESO1241108220S1K	na	NZ_CP049075.1	1754511	745705	42.5022	744781	99.8761	735240	98.7190	924	0.1239	736150	98.7187	14953	2.0052	5398	36.0998	4490	30.0274	5202	34.7890	5195	34.7422	118342	94.7052	104879	95.0152	0.9792
ESO1212705120S1K	ESO1242101120S1K	na	NZ_CP049075.1	1754511	198644	11.3219	198477	99.9159	196318	98.9122	167	0.0841	196485	98.9131	3472	1.7479	1313	37.8168	1146	33.0069	1177	33.8998	1160	33.4101	118342	64.2088	115160	69.6405	0.9591
ESO1212705120S1K	ESO1242208120S1K	na	NZ_CP049075.1	1754511	744819	42.4517	744000	99.8900	734637	98.7415	819	0.1100	735447	98.7417	14650	1.9669	5278	36.0273	4468	30.4983	5191	35.4334	5025	34.3003	118342	94.7052	136600	86.7833	0.9697
ESO1212705120S1K	ESO1242209120S1K	na	NZ_CP049075.1	1754511	753144	42.9261	751944	99.8407	742443	98.7365	1200	0.1593	743625	98.7361	15285	2.0295	5766	37.7233	4596	30.0687	5128	33.5492	5493	35.9372	118342	24.6202	33978	67.9028	0.9417
ESO1212705120S1K	ESO1242704120S1K	na	NZ_CP049075.1	1754511	708909	40.4049	708355	99.9219	699720	98.7810	554	0.0781	700263	98.7804	13758	1.9407	5112	37.1566	4571	33.2243	4755	34.5617	4461	32.4248	118342	66.6408	79627	90.4844	0.9520
ESO1212705120S1K	ESO1242801120S1K	na	NZ_CP049075.1	1754511	738116	42.0696	737402	99.9033	728223	98.7552	714	0.0967	728930	98.7555	14091	1.9090	4905	34.8095	4198	29.7921	5329	37.8185	4606	32.6875	118342	94.7052	127121	85.1338	0.9854
ESO1212705120S1K	ESO1242805120S1K	na	NZ_CP049075.1	1754511	338714	19.3053	338392	99.9049	334408	98.8227	322	0.0951	334723	98.8217	6289	1.8567	2298	36.5400	1983	31.5312	2311	36.7467	2017	32.0719	118342	94.7052	147988	76.1663	0.9725
ESO1212705120S1K	ESO1247101120S1K	na	NZ_CP049075.1	1754511	637450	36.3321	636986	99.9272	628846	98.7221	464	0.0728	629306	98.7224	12420	1.9484	4276	34.4283	3816	30.7246	4182	33.6715	4465	35.9501	118342	94.7052	127431	81.0980	0.9791
ESO1212705120S1K	ESO1247203120S1K	na	NZ_CP049075.1	1754511	735624	41.9276	731686	99.4647	723649	98.9016	3938	0.5353	727553	98.9028	15820	2.1506	7749	48.9823	3853	24.3552	4813	30.4235	6386	40.3666	118342	66.6408	91787	78.9752	0.9611
ESO1212705120S1K	ESO1247206120S1K	na	NZ_CP049075.1	1754511	739492	42.1480	730925	98.8415	725622	99.2745	8567	1.1585	734128	99.2746	17075	2.3090	11711	68.5857	3253	19.0512	3989	23.3616	7424	43.4788	118342	64.2088	70823	100.0000	0.9711
ESO1212705120S1K	ESO1247208120S1K	na	NZ_CP049075.1	1754511	743489	42.3759	742800	99.9073	733312	98.7227	689	0.0927	733988	98.7221	14381	1.9343	4880	33.9337	4204	29.2330	5526	38.4257	4692	32.6264	118342	94.7052	129263	91.8182	0.9708
ESO1212705120S1K	ESO1254306120S1K	na	NZ_CP049075.1	1754511	655095	37.3378	654607	99.9255	646765	98.8020	488	0.0745	647246	98.8019	11696	1.7854	3847	32.8916	3375	28.8560	4998	42.7326	3337	28.5311	118342	67.6936	88346	84.3185	0.9660
ESO1212705120S1K	ESO1256801120S1K	na	NZ_CP049075.1	1754511	751133	42.8115	746336	99.3614	738839	98.9955	4797	0.6386	743599	98.9970	16126	2.1469	8592	53.2804	3843	23.8311	4810	29.8276	6331	39.2596	118342	51.7694	50342	73.5906	0.9454
ESO1212705120S1K	ESO1256804120S1K	na	NZ_CP049075.1	1754511	746001	42.5190	738438	98.9862	732507	99.1968	7563	1.0138	740019	99.1981	16839	2.2572	10857	64.4753	3363	19.9715	4281	25.4231	7300	43.3517	118342	39.6292	59514	68.7805	0.9472
ESO1212705120S1K	ESO1350502120S1K	na	NZ_CP049075.1	1754511	547949	31.2309	546466	99.7294	540446	98.8984	1483	0.2706	541921	98.8999	10460	1.9089	4432	42.3709	2958	28.2792	3547	33.9101	3652	34.9140	118342	85.5723	111375	87.9327	0.9760
ESO1212705120S1K	ESO1350804120S1K	na	NZ_CP049075.1	1754511	618378	35.2450	617765	99.9009	610151	98.7675	613	0.0991	610757	98.7676	11754	1.9008	4133	35.1625	3527	30.0068	4219	35.8942	3973	33.8013	118342	94.7052	145498	86.1641	0.9783
ESO1212705120S1K	ESO1350807120S1K	na	NZ_CP049075.1	1754511	497960	28.3817	497472	99.9020	491507	98.8009	488	0.0980	491992	98.8015	9273	1.8622	3305	35.6411	2882	31.0795	3333	35.9431	3070	33.1069	118342	100.0000	135115	90.7013	0.9928
ESO1212705120S1K	ESO1356601120S1K	na	NZ_CP049075.1	1754511	640245	36.4914	635881	99.3184	629598	99.0119	4364	0.6816	633925	99.0129	13854	2.1639	7534	54.3814	3216	23.2135	3902	28.1652	5673	40.9485	118342	64.2088	89625	76.6047	0.9611
ESO1212705120S1K	ESO1356602120S1K	na	NZ_CP049075.1	1754511	659341	37.5798	655402	99.4026	648619	98.9651	3939	0.5974	652524	98.9661	14068	2.1336	7251	51.5425	3361	23.8911	4222	30.0114	5544	39.4086	118342	94.7052	119872	88.6979	0.9700
ESO1212705120S1K	ESO1356803120S1K	na	NZ_CP049075.1	1754511	606751	34.5823	606275	99.9215	598944	98.7908	476	0.0785	599418	98.7914	11310	1.8640	3977	35.1636	3503	30.9726	4061	35.9063	3775	33.3775	118342	64.2088	100878	69.5950	0.9554
ESO1212705120S1K	ESO1357103120S1K	na	NZ_CP049075.1	1754511	253345	14.4396	253080	99.8954	249986	98.7775	265	0.1046	250250	98.7783	4773	1.8840	1678	35.1561	1414	29.6250	1837	38.4873	1535	32.1601	118342	94.7052	128644	90.1309	0.9857
ESO1212705120S1K	ESO1357104120S1K	na	NZ_CP049075.1	1754511	720514	41.0664	719900	99.9148	710936	98.7548	614	0.0852	711534	98.7537	13728	1.9053	4748	34.5862	4152	30.2448	5181	37.7404	4431	32.2771	118342	94.7052	117357	88.7437	0.9837
ESO1212705120S1K	ESO1357107120S1K	na	NZ_CP049075.1	1754511	736133	41.9566	729236	99.0631	723159	99.1667	6897	0.9369	729992	99.1658	16393	2.2269	10252	62.5389	3435	20.9541	4153	25.3340	7066	43.1038	118342	27.0115	44994	70.1427	0.9451
ESO1212705120S1K	ESO1358301120S1K	na	NZ_CP049075.1	1754511	290287	16.5452	290030	99.9115	286505	98.7846	257	0.0885	286762	98.7857	5387	1.8557	1862	34.5647	1605	29.7939	1991	36.9593	1801	33.4323	118342	64.2088	114929	67.0901	0.9551
ESO1212705120S1K	ESO1358304120S1K	na	NZ_CP049075.1	1754511	727954	41.4904	727273	99.9065	717751	98.6907	681	0.0935	718419	98.6902	14281	1.9618	4746	33.2330	4079	28.5624	5347	37.4414	4893	34.2623	118342	36.1444	51874	73.7807	0.9366
ESO1212705120S1K	ESO1358602120S1K	na	NZ_CP049075.1	1754511	649123	36.9974	648520	99.9071	640748	98.8016	603	0.0929	641343	98.8015	12194	1.8785	4414	36.1981	3820	31.3269	4356	35.7225	4024	32.9998	118342	62.8027	99829	69.2604	0.9616
ESO1212705120S1K	EST1212206101S1K	na	NZ_CP049075.1	1754511	654460	37.3016	654058	99.9386	645447	98.6835	402	0.0614	645839	98.6827	13072	1.9974	4451	34.0499	4060	31.0588	4432	33.9045	4642	35.5110	118342	64.2088	85446	78.9071	0.9559
ESO1212705120S1K	EST1212704101S1K	na	NZ_CP049075.1	1754511	658521	37.5330	657958	99.9145	649748	98.7522	563	0.0855	650306	98.7525	12643	1.9199	4428	35.0233	3870	30.6098	4460	35.2764	4348	34.3906	118342	64.2088	88279	79.5115	0.9560
ESO1212705120S1K	EST1232702101S1K	na	NZ_CP049075.1	1754511	658253	37.5177	657720	99.9190	649591	98.7641	533	0.0810	650123	98.7649	12490	1.8974	4360	34.9079	3829	30.6565	4481	35.8767	4192	33.5629	118342	94.7052	126535	76.8388	0.9698
ESO1212705120S1K	EST1232710101S1K	na	NZ_CP049075.1	1754511	700638	39.9335	700123	99.9265	691185	98.7234	515	0.0735	691691	98.7230	13729	1.9595	4782	34.8314	4276	31.1457	4851	35.3340	4605	33.5421	118342	100.0000	115001	93.7618	0.9860
ESO1212705120S1K	EST1232905101S1K	na	NZ_CP049075.1	1754511	700955	39.9516	700452	99.9282	691487	98.7201	503	0.0718	691986	98.7205	13567	1.9355	4598	33.8911	4107	30.2720	4838	35.6601	4661	34.3554	118342	55.0760	90764	68.5217	0.9562
ESO1212705120S1K	EST1233822101S1K	na	NZ_CP049075.1	1754511	663719	37.8293	660954	99.5834	653530	98.8768	2765	0.4166	656264	98.8768	13847	2.0863	6392	46.1616	3673	26.5256	4271	30.8442	5408	39.0554	118342	94.7052	120979	88.7146	0.9871
ESO1212705120S1K	EST1233822201S1K	na	NZ_CP049075.1	1754511	627664	35.7743	626873	99.8740	618888	98.7262	791	0.1260	619668	98.7261	12575	2.0035	4579	36.4135	3800	30.2187	4230	33.6382	4571	36.3499	118342	100.0000	142473	76.4868	0.9831
ESO1212705120S1K	EST1234702101S1K	na	NZ_CP049075.1	1754511	155716	8.8752	155508	99.8664	153642	98.8001	208	0.1336	153850	98.8017	2993	1.9221	1127	37.6545	919	30.7050	1141	38.1223	935	31.2396	118342	55.0760	100029	69.1060	0.9617
ESO1212705120S1K	EST1234704101S1K	na	NZ_CP049075.1	1754511	756885	43.1394	755878	99.8670	746389	98.7446	1007	0.1330	747388	98.7453	15129	1.9989	5632	37.2265	4637	30.6497	5187	34.2851	5257	34.7478	118342	37.1973	50396	66.1441	0.9442
ESO1212705120S1K	EST1236807101S1K	na	NZ_CP049075.1	1754511	699648	39.8771	699113	99.9235	690628	98.7863	535	0.0765	691157	98.7864	12963	1.8528	4472	34.4982	3944	30.4251	4983	38.4402	4072	31.4125	118342	94.7052	139782	88.6573	0.9766
ESO1212705120S1K	EST1237103201S1K	na	NZ_CP049075.1	1754511	683306	38.9457	682512	99.8838	673519	98.6824	794	0.1162	674302	98.6823	13957	2.0426	4953	35.4876	4177	29.9276	4650	33.3166	5165	37.0065	118342	63.8556	83812	84.7230	0.9670
ESO1212705120S1K	EST1238001101S1K	na	NZ_CP049075.1	1754511	583064	33.2323	582502	99.9036	575635	98.8211	562	0.0964	576193	98.8216	10740	1.8420	3869	36.0242	3311	30.8287	4103	38.2030	3345	31.1453	118342	0.0000	20057	0.0000	0.9244
ESO1212705120S1K	EST1238002101S1K	na	NZ_CP049075.1	1754511	688234	39.2265	687709	99.9237	678969	98.7291	525	0.0763	679482	98.7283	13546	1.9682	4794	35.3905	4289	31.6625	4649	34.3201	4633	34.2020	118342	90.8671	111899	83.7371	0.9741
ESO1212705120S1K	EST1241101101S1K	na	NZ_CP049075.1	1754511	750718	42.7879	749708	99.8655	740730	98.8025	1010	0.1345	741725	98.8021	14679	1.9553	5686	38.7356	4691	31.9572	4979	33.9192	4912	33.4628	118342	94.7052	116967	87.4033	0.9780
ESO1212705120S1K	EST1241104101S1K	na	NZ_CP049075.1	1754511	689872	39.3199	689384	99.9293	681031	98.7883	488	0.0707	681511	98.7880	12317	1.7854	3956	32.1182	3478	28.2374	5466	44.3777	3406	27.6528	118342	67.6936	93863	85.4181	0.9691
ESO1212705120S1K	EST1242101101S1K	na	NZ_CP049075.1	1754511	226585	12.9144	226309	99.8782	223608	98.8065	276	0.1218	223882	98.8071	4284	1.8907	1581	36.9048	1307	30.5089	1593	37.1849	1385	32.3296	118342	64.2088	107133	77.1144	0.9639
ESO1212705120S1K	EST1242103101S1K	na	NZ_CP049075.1	1754511	618918	35.2758	618344	99.9073	610955	98.8050	574	0.0927	611525	98.8055	11527	1.8624	4134	35.8636	3566	30.9361	4147	35.9764	3817	33.1136	118342	94.7052	123051	87.7100	0.9809
ESO1212705120S1K	EST1242207101S1K	na	NZ_CP049075.1	1754511	427652	24.3744	427269	99.9104	422096	98.7893	383	0.0896	422478	98.7901	7978	1.8655	2804	35.1467	2422	30.3585	3012	37.7538	2560	32.0882	118342	94.7052	140321	86.9407	0.9730
ESO1212705120S1K	EST1242209101S1K	na	NZ_CP049075.1	1754511	629239	35.8641	628576	99.8946	620952	98.7871	663	0.1054	621608	98.7873	11947	1.8986	4316	36.1262	3723	31.1626	4172	34.9209	4044	33.8495	118342	100.0000	127907	90.7003	0.9910
ESO1212705120S1K	EST1242704101S1K	na	NZ_CP049075.1	1754511	756525	43.1189	749678	99.0949	743699	99.2025	6847	0.9051	750505	99.2043	16558	2.1887	10538	63.6430	3747	22.6295	4165	25.1540	6776	40.9228	118342	62.8027	84615	86.5851	0.9729
ESO1212705120S1K	EST1242801101S1K	na	NZ_CP049075.1	1754511	735180	41.9023	734324	99.8836	725275	98.7677	856	0.1164	726126	98.7685	14058	1.9122	5004	35.5954	4153	29.5419	5268	37.4733	4631	32.9421	118342	94.7052	106954	82.5374	0.9674
ESO1212705120S1K	EST1242802101S1K	na	NZ_CP049075.1	1754511	703951	40.1223	702376	99.7763	694544	98.8849	1575	0.2237	696107	98.8857	13782	1.9578	5938	43.0852	4375	31.7443	4389	31.8459	4720	34.2476	118342	67.6936	77610	83.2844	0.9607
ESO1212705120S1K	EST1242804101S1K	na	NZ_CP049075.1	1754511	730136	41.6148	726832	99.5475	719105	98.9369	3304	0.4525	722384	98.9383	14878	2.0377	7126	47.8962	3853	25.8973	4789	32.1885	5479	36.8262	118342	55.0760	69079	83.5739	0.9613
ESO1212705120S1K	EST1242805101S1K	na	NZ_CP049075.1	1754511	693362	39.5188	692771	99.9148	684185	98.7606	591	0.0852	684768	98.7605	13240	1.9095	4646	35.0906	4063	30.6873	4683	35.3701	4522	34.1541	118342	100.0000	153813	84.9226	0.9798
ESO1212705120S1K	EST1247101101S1K	na	NZ_CP049075.1	1754511	500624	28.5335	500192	99.9137	494022	98.7665	432	0.0863	494452	98.7671	9488	1.8952	3316	34.9494	2886	30.4174	3432	36.1720	3170	33.4106	118342	94.7052	120859	84.6466	0.9751
ESO1212705120S1K	EST1247106101S1K	na	NZ_CP049075.1	1754511	681120	38.8211	680674	99.9345	671995	98.7249	446	0.0655	672430	98.7242	13383	1.9649	4693	35.0669	4263	31.8538	4660	34.8203	4481	33.4828	118342	64.2088	106665	83.1857	0.9557
ESO1212705120S1K	EST1247109101S1K	na	NZ_CP049075.1	1754511	745960	42.5167	745242	99.9037	735636	98.7110	718	0.0963	736335	98.7097	14536	1.9486	4911	33.7851	4215	28.9970	5589	38.4494	4755	32.7119	118342	94.7052	129147	91.8233	0.9709
ESO1212705120S1K	EST1247203101S1K	na	NZ_CP049075.1	1754511	638339	36.3827	637624	99.8880	629787	98.7709	715	0.1120	630492	98.7707	12438	1.9485	4591	36.9111	3886	31.2430	4343	34.9172	4204	33.7996	118342	88.9667	93469	83.7476	0.9592
ESO1212705120S1K	EST1247206101S1K	na	NZ_CP049075.1	1754511	617836	35.2141	617438	99.9356	609569	98.7255	398	0.0644	609957	98.7247	12072	1.9539	4193	34.7333	3814	31.5938	4184	34.6587	4102	33.9795	118342	100.0000	127972	89.9798	0.9904
ESO1212705120S1K	EST1254306101S1K	na	NZ_CP049075.1	1754511	100633	5.7357	100562	99.9294	99396	98.8405	71	0.0706	99466	98.8403	1722	1.7112	555	32.2300	485	28.1649	812	47.1545	426	24.7387	118342	58.5608	76013	100.0000	0.9646
ESO1212705120S1K	EST1256811101S1K	na	NZ_CP049075.1	1754511	643799	36.6939	643331	99.9273	635379	98.7639	468	0.0727	635836	98.7631	12048	1.8714	4085	33.9060	3629	30.1212	4606	38.2304	3850	31.9555	118342	94.7052	139306	88.6832	0.9800
ESO1212705120S1K	EST1350502101S1K	na	NZ_CP049075.1	1754511	384949	21.9405	384107	99.7813	379889	98.9019	842	0.2187	380727	98.9032	7107	1.8462	2885	40.5938	2048	28.8167	2493	35.0781	2433	34.2339	118342	85.5723	126094	81.5098	0.9774
ESO1212705120S1K	EST1350510101S1K	na	NZ_CP049075.1	1754511	544331	31.0247	543982	99.9359	537034	98.7228	349	0.0641	537369	98.7210	10872	1.9973	3910	35.9639	3577	32.9010	3620	33.2965	3690	33.9404	118342	94.7052	117862	87.1655	0.9729
ESO1212705120S1K	EST1350804101S1K	na	NZ_CP049075.1	1754511	726446	41.4045	725299	99.8421	715813	98.6921	1147	0.1579	716943	98.6919	15068	2.0742	5565	36.9326	4449	29.5261	4972	32.9971	5544	36.7932	118342	64.2088	75045	84.7918	0.9676
ESO1212705120S1K	EST1350807101S1K	na	NZ_CP049075.1	1754511	719285	40.9963	718752	99.9259	709649	98.7335	533	0.0741	710176	98.7336	13801	1.9187	4692	33.9975	4166	30.1862	4963	35.9612	4709	34.1207	118342	100.0000	134701	82.0090	0.9874
ESO1212705120S1K	EST1356604101S1K	na	NZ_CP049075.1	1754511	725293	41.3388	724516	99.8929	715147	98.7069	777	0.1071	715911	98.7065	14346	1.9780	4964	34.6020	4247	29.6041	5100	35.5500	5019	34.9854	118342	72.9885	91591	91.9850	0.9620
ESO1212705120S1K	EST1356611101S1K	na	NZ_CP049075.1	1754511	476320	27.1483	475880	99.9076	470140	98.7938	440	0.0924	470577	98.7943	9018	1.8933	3275	36.3163	2851	31.6145	3168	35.1297	3001	33.2779	118342	42.4921	57584	100.0000	0.9484
ESO1212705120S1K	EST1357103101S1K	na	NZ_CP049075.1	1754511	542580	30.9249	542135	99.9180	535744	98.8211	445	0.0820	536184	98.8212	9767	1.8001	3371	34.5142	2931	30.0092	3753	38.4253	3105	31.7907	118342	94.7052	133245	85.1124	0.9880
ESO1212705120S1K	EST1357107101S1K	na	NZ_CP049075.1	1754511	706965	40.2941	706446	99.9266	697441	98.7253	519	0.0734	697948	98.7245	14029	1.9844	5012	35.7260	4506	32.1192	4730	33.7159	4837	34.4786	118342	55.0760	78769	77.7349	0.9626
ESO1212705120S1K	EST1358301101S1K	na	NZ_CP049075.1	1754511	454857	25.9250	454512	99.9242	449001	98.7875	345	0.0758	449344	98.7880	8469	1.8619	2956	34.9038	2614	30.8655	3014	35.5886	2860	33.7702	118342	64.2088	94377	72.6702	0.9550
ESO1212705120S1K	EST1358301201S1K	na	NZ_CP049075.1	1754511	709668	40.4482	709055	99.9136	700125	98.7406	613	0.0864	700736	98.7414	13751	1.9377	4819	35.0447	4209	30.6087	4864	35.3720	4721	34.3320	118342	64.2088	102933	66.0060	0.9523
ESO1212705120S1K	EST1358302101S1K	na	NZ_CP049075.1	1754511	486215	27.7123	485788	99.9122	479678	98.7422	427	0.0878	480104	98.7431	9262	1.9049	3151	34.0207	2725	29.4213	3369	36.3744	3181	34.3446	118342	94.7052	133967	76.9869	0.9751
ESO1212705120S1K	EST1358602101S1K	na	NZ_CP049075.1	1754511	265826	15.1510	265609	99.9184	262424	98.8009	217	0.0816	262640	98.8015	4940	1.8584	1754	35.5061	1538	31.1336	1816	36.7611	1581	32.0040	118342	51.7694	80640	70.0322	0.9567
ESO1212705120S1K	EST1359005101S1K	na	NZ_CP049075.1	1754511	738202	42.0745	736626	99.7865	732005	99.3727	1576	0.2135	733574	99.3731	12559	1.7013	7931	63.1499	6365	50.6808	2791	22.2231	3025	24.0863	118342	100.0000	136370	82.9977	0.9820
ESO1212705120S1K	EST1359006101S1K	na	NZ_CP049075.1	1754511	321656	18.3331	321408	99.9229	319328	99.3528	248	0.0771	319575	99.3530	5020	1.5607	2939	58.5458	2692	53.6255	1235	24.6016	1075	21.4143	118342	100.0000	151742	79.6510	0.9713
ESO1212705120S1K	EST1359007101S1K	na	NZ_CP049075.1	1754511	734007	41.8354	733245	99.8962	723927	98.7292	762	0.1038	724683	98.7297	14213	1.9364	4889	34.3981	4134	29.0860	5306	37.3320	4813	33.8634	118342	100.0000	147634	87.6898	0.9798
ESO1212705120S1K	EST1361001101S1K	na	NZ_CP049075.1	1754511	646504	36.8481	645990	99.9205	637863	98.7419	514	0.0795	638375	98.7426	12174	1.8831	4045	33.2265	3533	29.0209	4602	37.8019	4068	33.4155	118342	100.0000	155104	84.6729	0.9764
ESO1212705120S1K	EST1361002101S1K	na	NZ_CP049075.1	1754511	738818	42.1096	737935	99.8805	728716	98.7507	883	0.1195	729588	98.7507	14619	1.9787	5389	36.8630	4521	30.9255	5059	34.6057	5002	34.2157	118342	94.7052	120862	84.8530	0.9826
ESO1212705120S1K	EST1361007101S1K	na	NZ_CP049075.1	1754511	746687	42.5581	745653	99.8615	736616	98.7880	1034	0.1385	737633	98.7874	14778	1.9791	5724	38.7333	4716	31.9123	5072	34.3213	4948	33.4822	118342	100.0000	126515	93.8940	0.9800
ESO1212705120S1K	EST2359005102S1K	na	NZ_CP049075.1	1754511	700167	39.9067	698060	99.6991	693870	99.3998	2107	0.3009	695970	99.4006	12168	1.7379	7971	65.5079	5883	48.3481	2583	21.2278	2891	23.7590	118342	100.0000	128523	83.2481	0.9795
ESO1213402120S1K	ESO1232702120S1K	na	NZ_CP049075.1	1754511	1329111	75.7539	1328141	99.9270	1317997	99.2362	970	0.0730	1318955	99.2359	22836	1.7181	12680	55.5264	11755	51.4757	6285	27.5223	4727	20.6998	81517	86.7439	108988	70.7427	0.9691
ESO1213402120S1K	ESO1232707120S1K	na	NZ_CP049075.1	1754511	1423264	81.1203	1419346	99.7247	1401775	98.7620	3918	0.2753	1405617	98.7601	31087	2.1842	13440	43.2335	9663	31.0837	9960	32.0391	10785	34.6930	81517	66.1200	88215	64.2340	0.9631
ESO1213402120S1K	ESO1232710120S1K	na	NZ_CP049075.1	1754511	1452304	82.7754	1441363	99.2466	1428408	99.1012	10941	0.7534	1439223	99.0993	32747	2.2548	19666	60.0544	8976	27.4101	8271	25.2573	11831	36.1285	81517	80.2642	99149	62.9447	0.9658
ESO1213402120S1K	ESO1232711120S1K	na	NZ_CP049075.1	1754511	1362072	77.6326	1360884	99.9128	1342385	98.6407	1188	0.0872	1343543	98.6396	28191	2.0697	9662	34.2733	8525	30.2401	10106	35.8483	9646	34.2166	81517	100.0000	145197	68.6805	0.9608
ESO1213402120S1K	ESO1236812120S1K	na	NZ_CP049075.1	1754511	1234554	70.3646	1233549	99.9186	1218043	98.7430	1005	0.0814	1219019	98.7417	24755	2.0052	9220	37.2450	8265	33.3872	8330	33.6498	8163	32.9752	81517	91.0669	118612	67.8422	0.9601
ESO1213402120S1K	ESO1238001120S1K	na	NZ_CP049075.1	1754511	1401574	79.8840	1399947	99.8839	1380705	98.6255	1627	0.1161	1382253	98.6215	29759	2.1233	10438	35.0751	8945	30.0581	10913	36.6713	9917	33.3244	81517	15.4127	12556	100.0000	0.9604
ESO1213402120S1K	ESO1238002120S1K	na	NZ_CP049075.1	1754511	1439315	82.0351	1437633	99.8831	1422969	98.9800	1682	0.1169	1424593	98.9772	28846	2.0041	14124	48.9635	12606	43.7010	8138	28.2119	7992	27.7057	81517	80.2642	106621	59.5502	0.9601
ESO1213402120S1K	ESO1241104120S1K	na	NZ_CP049075.1	1754511	1317186	75.0743	1315108	99.8422	1298127	98.7088	2078	0.1578	1300158	98.7072	25879	1.9647	8851	34.2015	6837	26.4191	11170	43.1624	7659	29.5954	81517	59.6403	59035	89.4791	0.9716
ESO1213402120S1K	ESO1241108220S1K	na	NZ_CP049075.1	1754511	1429194	81.4583	1427034	99.8489	1408037	98.6688	2160	0.1511	1410119	98.6653	31301	2.1901	12226	39.0595	10217	32.6411	10210	32.6188	10645	34.0085	81517	81.4444	104879	69.9520	0.9648
ESO1213402120S1K	ESO1242101120S1K	na	NZ_CP049075.1	1754511	331219	18.8781	331066	99.9538	327331	98.8718	153	0.0462	327474	98.8693	5991	1.8088	2246	37.4896	2103	35.1027	1915	31.9646	1996	33.3166	81517	56.7587	115160	63.0922	0.9336
ESO1213402120S1K	ESO1242208120S1K	na	NZ_CP049075.1	1754511	1408260	80.2651	1406766	99.8939	1388437	98.6971	1494	0.1061	1389886	98.6953	29571	2.0998	11197	37.8648	9759	33.0019	9991	33.7865	9890	33.4449	81517	100.0000	136600	76.9004	0.9663
ESO1213402120S1K	ESO1242209120S1K	na	NZ_CP049075.1	1754511	1460694	83.2536	1458062	99.8198	1439006	98.6931	2632	0.1802	1441568	98.6906	31915	2.1849	12789	40.0721	10287	32.2325	10050	31.4899	11280	35.3439	81517	46.2382	33978	100.0000	0.9685
ESO1213402120S1K	ESO1242704120S1K	na	NZ_CP049075.1	1754511	1383714	78.8661	1382080	99.8819	1363628	98.6649	1634	0.1181	1365184	98.6609	30051	2.1718	11521	38.3382	10022	33.3500	10297	34.2651	9644	32.0921	81517	66.1200	79627	60.4117	0.9516
ESO1213402120S1K	ESO1242801120S1K	na	NZ_CP049075.1	1754511	1378695	78.5800	1377458	99.9103	1359253	98.6784	1237	0.0897	1360453	98.6769	28018	2.0322	9776	34.8919	8593	30.6696	10405	37.1368	9109	32.5112	81517	100.0000	127121	75.1095	0.9691
ESO1213402120S1K	ESO1242805120S1K	na	NZ_CP049075.1	1754511	577252	32.9010	576981	99.9531	570133	98.8131	271	0.0469	570399	98.8128	10734	1.8595	3881	36.1561	3616	33.6873	3654	34.0414	3468	32.3086	81517	93.5204	147988	65.0864	0.9477
ESO1213402120S1K	ESO1247101120S1K	na	NZ_CP049075.1	1754511	1189638	67.8045	1188729	99.9236	1173323	98.7040	909	0.0764	1174200	98.7023	24255	2.0389	8817	36.3513	7979	32.8963	8123	33.4900	8212	33.8569	81517	100.0000	127431	75.1748	0.9674
ESO1213402120S1K	ESO1247203120S1K	na	NZ_CP049075.1	1754511	1388860	79.1594	1381610	99.4780	1366278	98.8903	7250	0.5220	1373441	98.8898	31155	2.2432	15736	50.5087	8642	27.7387	8778	28.1753	11952	38.3630	81517	75.0531	91787	65.5964	0.9671
ESO1213402120S1K	ESO1247206120S1K	na	NZ_CP049075.1	1754511	1425862	81.2683	1408248	98.7647	1400650	99.4605	17614	1.2353	1418130	99.4577	33519	2.3508	25787	76.9325	8517	25.4095	5856	17.4707	12919	38.5423	81517	38.2031	70823	55.4439	0.9469
ESO1213402120S1K	ESO1247208120S1K	na	NZ_CP049075.1	1754511	1422297	81.0652	1420642	99.8836	1401115	98.6255	1655	0.1164	1402703	98.6224	30152	2.1200	10558	35.0159	9026	29.9350	11225	37.2280	9968	33.0592	81517	91.0669	129263	75.5746	0.9627
ESO1213402120S1K	ESO1254306120S1K	na	NZ_CP049075.1	1754511	1316151	75.0153	1314800	99.8974	1296910	98.6393	1351	0.1026	1298201	98.6362	26242	1.9938	8292	31.5982	7019	26.7472	11595	44.1849	7669	29.2241	81517	84.5873	88346	93.1610	0.9782
ESO1213402120S1K	ESO1256801120S1K	na	NZ_CP049075.1	1754511	1426522	81.3060	1417088	99.3387	1401467	98.8977	9434	0.6613	1410780	98.8965	33148	2.3237	17406	52.5100	8178	24.6712	9899	29.8630	12827	38.6962	81517	48.3678	50342	37.3148	0.9456
ESO1213402120S1K	ESO1256804120S1K	na	NZ_CP049075.1	1754511	1439380	82.0388	1425180	99.0135	1414282	99.2353	14200	0.9865	1428355	99.2340	32997	2.2924	21972	66.5879	7999	24.2416	7567	22.9324	13325	40.3825	81517	75.0531	59514	100.0000	0.9862
ESO1213402120S1K	ESO1350502120S1K	na	NZ_CP049075.1	1754511	972083	55.4048	969744	99.7594	964401	99.4490	2339	0.2406	966728	99.4491	15876	1.6332	10521	66.2698	8206	51.6881	3204	20.1814	3745	23.5891	81517	77.8108	111375	71.4891	0.9580
ESO1213402120S1K	ESO1350804120S1K	na	NZ_CP049075.1	1754511	1122775	63.9936	1121739	99.9077	1108427	98.8133	1036	0.0923	1109436	98.8120	21711	1.9337	8372	38.5611	7371	33.9505	7251	33.3978	7007	32.2740	81517	100.0000	145498	74.6966	0.9586
ESO1213402120S1K	ESO1350807120S1K	na	NZ_CP049075.1	1754511	837778	47.7499	837224	99.9339	826717	98.7450	554	0.0661	827258	98.7443	16097	1.9214	5577	34.6462	5036	31.2853	5534	34.3791	5591	34.7332	81517	81.4444	135115	66.8283	0.9474
ESO1213402120S1K	ESO1356601120S1K	na	NZ_CP049075.1	1754511	1240308	70.6925	1232135	99.3411	1219321	98.9600	8173	0.6589	1227399	98.9592	28033	2.2602	15124	53.9507	7100	25.3273	7819	27.8921	11051	39.4214	81517	63.2383	89625	64.7743	0.9550
ESO1213402120S1K	ESO1356602120S1K	na	NZ_CP049075.1	1754511	1283920	73.1782	1276082	99.3895	1262055	98.9008	7838	0.6105	1269762	98.8973	29341	2.2853	15183	51.7467	7519	25.6263	8749	29.8183	11229	38.2707	81517	100.0000	119872	73.7036	0.9623
ESO1213402120S1K	ESO1356803120S1K	na	NZ_CP049075.1	1754511	1084978	61.8393	1084347	99.9418	1071108	98.7791	631	0.0582	1071710	98.7771	20968	1.9326	7700	36.7226	7104	33.8802	7191	34.2951	6749	32.1871	81517	63.2383	100878	62.3912	0.9482
ESO1213402120S1K	ESO1357103120S1K	na	NZ_CP049075.1	1754511	435189	24.8040	435040	99.9658	429603	98.7502	149	0.0342	429745	98.7490	8154	1.8737	2710	33.2352	2569	31.5060	2969	36.4116	2649	32.4871	81517	83.8978	128644	75.2565	0.9532
ESO1213402120S1K	ESO1357104120S1K	na	NZ_CP049075.1	1754511	1373239	78.2690	1371920	99.9039	1353165	98.6329	1319	0.0961	1354431	98.6304	28719	2.0913	9911	34.5103	8679	30.2204	10668	37.1461	9467	32.9642	81517	93.5204	117357	73.0983	0.9658
ESO1213402120S1K	ESO1357107120S1K	na	NZ_CP049075.1	1754511	1380670	78.6926	1368110	99.0903	1355888	99.1067	12560	0.9097	1368317	99.1053	32347	2.3428	19994	61.8110	7647	23.6405	7950	24.5772	13299	41.1135	81517	16.1022	44994	29.8573	0.9424
ESO1213402120S1K	ESO1358301120S1K	na	NZ_CP049075.1	1754511	480598	27.3921	480421	99.9632	474502	98.7680	177	0.0368	474670	98.7665	8974	1.8673	3046	33.9425	2878	32.0704	3155	35.1571	2986	33.2739	81517	56.7587	114929	60.3651	0.9361
ESO1213402120S1K	ESO1358304120S1K	na	NZ_CP049075.1	1754511	1388951	79.1646	1387541	99.8985	1368494	98.6273	1410	0.1015	1369841	98.6241	29494	2.1235	10384	35.2072	9066	30.7385	10602	35.9463	9867	33.4543	81517	38.2914	51874	48.8279	0.9454
ESO1213402120S1K	ESO1358602120S1K	na	NZ_CP049075.1	1754511	1195262	68.1251	1194391	99.9271	1183025	99.0484	871	0.0729	1183874	99.0472	21724	1.8175	10336	47.5787	9517	43.8087	6301	29.0048	5844	26.9011	81517	61.7969	99829	51.6824	0.9496
ESO1213402120S1K	EST1212206101S1K	na	NZ_CP049075.1	1754511	1282123	73.0758	1281081	99.9187	1263920	98.6604	1042	0.0813	1264919	98.6582	27309	2.1300	10105	37.0025	9149	33.5018	9063	33.1869	9170	33.5787	81517	56.7587	85446	63.0749	0.9503
ESO1213402120S1K	EST1212704101S1K	na	NZ_CP049075.1	1754511	1190587	67.8586	1189801	99.9340	1175170	98.7703	786	0.0660	1175933	98.7692	23208	1.9493	8554	36.8580	7820	33.6953	7812	33.6608	7641	32.9240	81517	56.7587	88279	64.0300	0.9489
ESO1213402120S1K	EST1232702101S1K	na	NZ_CP049075.1	1754511	1193337	68.0154	1192551	99.9341	1177191	98.7120	786	0.0659	1177953	98.7108	23732	1.9887	8348	35.1761	7592	31.9906	8243	34.7337	7995	33.6887	81517	100.0000	126535	70.8587	0.9665
ESO1213402120S1K	EST1232710101S1K	na	NZ_CP049075.1	1754511	1372072	78.2025	1370405	99.8785	1351503	98.6207	1667	0.1215	1353102	98.6174	30038	2.1892	11068	36.8467	9542	31.7664	10321	34.3598	10097	33.6141	81517	83.8978	115001	67.1568	0.9603
ESO1213402120S1K	EST1232905101S1K	na	NZ_CP049075.1	1754511	1276969	72.7820	1276169	99.9374	1259779	98.7157	800	0.0626	1260551	98.7143	25477	1.9951	9059	35.5576	8290	32.5392	8783	34.4742	8473	33.2574	81517	49.9822	90764	59.5743	0.9468
ESO1213402120S1K	EST1233822101S1K	na	NZ_CP049075.1	1754511	1249225	71.2008	1244063	99.5868	1229987	98.8685	5162	0.4132	1235085	98.8681	26993	2.1608	12853	47.6160	7774	28.8001	7998	29.6299	10108	37.4467	81517	91.0669	120979	73.9046	0.9651
ESO1213402120S1K	EST1233822201S1K	na	NZ_CP049075.1	1754511	1185029	67.5418	1183542	99.8745	1168666	98.7431	1487	0.1255	1170115	98.7415	24529	2.0699	9615	39.1985	8176	33.3320	7857	32.0315	8576	34.9627	81517	91.0669	142473	61.2348	0.9522
ESO1213402120S1K	EST1234702101S1K	na	NZ_CP049075.1	1754511	246693	14.0605	246599	99.9619	243581	98.7762	94	0.0381	243673	98.7758	4652	1.8857	1632	35.0817	1540	33.1040	1609	34.5873	1513	32.5236	81517	33.8800	100029	49.7746	0.9365
ESO1213402120S1K	EST1234704101S1K	na	NZ_CP049075.1	1754511	1453021	82.8163	1451076	99.8661	1432345	98.7092	1945	0.1339	1434238	98.7073	30740	2.1156	11957	38.8972	10102	32.8627	9964	32.4138	10610	34.5153	81517	47.8256	50396	87.8264	0.9658
ESO1213402120S1K	EST1236807101S1K	na	NZ_CP049075.1	1754511	1297085	73.9286	1296191	99.9311	1279252	98.6932	894	0.0689	1280113	98.6915	25777	1.9873	8805	34.1584	7952	30.8492	9611	37.2852	8323	32.2885	81517	91.0669	139782	73.7005	0.9566
ESO1213402120S1K	EST1237103201S1K	na	NZ_CP049075.1	1754511	1324962	75.5175	1323347	99.8781	1305601	98.6590	1615	0.1219	1307174	98.6575	28236	2.1311	10448	37.0024	8894	31.4988	9259	32.7915	10151	35.9506	81517	71.3311	83812	86.5210	0.9672
ESO1213402120S1K	EST1238001101S1K	na	NZ_CP049075.1	1754511	1054149	60.0822	1053473	99.9359	1040244	98.7442	676	0.0641	1040902	98.7433	19982	1.8956	6735	33.7053	6082	30.4374	7421	37.1384	6555	32.8045	81517	25.0353	20057	100.0000	0.9630
ESO1213402120S1K	EST1238002101S1K	na	NZ_CP049075.1	1754511	1366614	77.8914	1364951	99.8783	1350880	98.9691	1663	0.1217	1352490	98.9665	27725	2.0287	13601	49.0568	12113	43.6898	7791	28.1010	7701	27.7764	81517	86.7439	111899	61.4787	0.9632
ESO1213402120S1K	EST1241101101S1K	na	NZ_CP049075.1	1754511	1435115	81.7957	1432884	99.8445	1414574	98.7222	2231	0.1555	1416735	98.7193	30959	2.1572	12579	40.6312	10485	33.8674	10001	32.3040	10247	33.0986	81517	93.5204	116967	73.0591	0.9695
ESO1213402120S1K	EST1241104101S1K	na	NZ_CP049075.1	1754511	1365301	77.8166	1364151	99.9158	1345858	98.6590	1150	0.0842	1346960	98.6566	26710	1.9563	8369	31.3328	7298	27.3231	12002	44.9345	7462	27.9371	81517	84.5873	93863	93.7249	0.9750
ESO1213402120S1K	EST1242101101S1K	na	NZ_CP049075.1	1754511	385461	21.9697	385268	99.9499	380739	98.8245	193	0.0501	380921	98.8222	7152	1.8554	2612	36.5213	2431	33.9905	2400	33.5570	2345	32.7880	81517	47.8256	107133	57.2046	0.9382
ESO1213402120S1K	EST1242103101S1K	na	NZ_CP049075.1	1754511	1130272	64.4209	1129429	99.9254	1115392	98.7572	843	0.0746	1116205	98.7554	22258	1.9693	8191	36.8003	7385	33.1791	7749	34.8144	7165	32.1907	81517	93.5204	123051	74.3594	0.9663
ESO1213402120S1K	EST1242207101S1K	na	NZ_CP049075.1	1754511	733937	41.8314	733591	99.9529	724823	98.8048	346	0.0471	725159	98.8040	13618	1.8555	4840	35.5412	4504	33.0739	4752	34.8950	4409	32.3763	81517	100.0000	140321	77.1388	0.9586
ESO1213402120S1K	EST1242209101S1K	na	NZ_CP049075.1	1754511	1130320	64.4236	1129108	99.8928	1115156	98.7643	1212	0.1072	1116335	98.7627	22455	1.9866	8470	37.7199	7334	32.6609	7483	33.3244	7608	33.8811	81517	81.4444	127907	65.1364	0.9491
ESO1213402120S1K	EST1242704101S1K	na	NZ_CP049075.1	1754511	1434338	81.7514	1421228	99.0860	1408104	99.0766	13110	0.9140	1421084	99.0760	34086	2.3764	20832	61.1160	7918	23.2295	8911	26.1427	13612	39.9343	81517	55.3173	84615	55.2680	0.9509
ESO1213402120S1K	EST1242801101S1K	na	NZ_CP049075.1	1754511	1374673	78.3508	1373034	99.8808	1355058	98.6908	1639	0.1192	1356660	98.6897	28096	2.0438	10083	35.8877	8507	30.2783	10306	36.6814	9234	32.8659	81517	100.0000	106954	89.1271	0.9811
ESO1213402120S1K	EST1242802101S1K	na	NZ_CP049075.1	1754511	1386005	78.9967	1382673	99.7596	1365987	98.7932	3332	0.2404	1369274	98.7929	29266	2.1115	12535	42.8313	9284	31.7228	9424	32.2012	9916	33.8823	81517	93.5204	77610	100.0000	0.9931
ESO1213402120S1K	EST1242804101S1K	na	NZ_CP049075.1	1754511	1371229	78.1545	1365102	99.5532	1349325	98.8443	6127	0.4468	1355377	98.8440	29868	2.1782	14016	46.9265	7991	26.7544	9550	31.9740	10920	36.5609	81517	41.0491	69079	54.2567	0.9433
ESO1213402120S1K	EST1242805101S1K	na	NZ_CP049075.1	1754511	1269106	72.3339	1268239	99.9317	1252420	98.7527	867	0.0683	1253265	98.7518	25101	1.9778	9260	36.8910	8437	33.6122	8379	33.3811	8356	33.2895	81517	100.0000	153813	72.0869	0.9567
ESO1213402120S1K	EST1247101101S1K	na	NZ_CP049075.1	1754511	906561	51.6703	905883	99.9252	894628	98.7576	678	0.0748	895276	98.7552	17680	1.9502	6395	36.1708	5751	32.5283	6113	34.5758	5841	33.0373	81517	93.5204	120859	73.8762	0.9644
ESO1213402120S1K	EST1247106101S1K	na	NZ_CP049075.1	1754511	1341125	76.4387	1339656	99.8905	1322255	98.7011	1469	0.1095	1323663	98.6980	28566	2.1300	11104	38.8714	9775	34.2190	9708	33.9845	8981	31.4395	81517	63.2383	106665	70.4186	0.9497
ESO1213402120S1K	EST1247109101S1K	na	NZ_CP049075.1	1754511	1428545	81.4213	1426835	99.8803	1406883	98.6017	1710	0.1197	1408513	98.5977	30763	2.1534	10731	34.8828	9198	29.8996	11342	36.8690	10240	33.2867	81517	91.0669	129147	75.5945	0.9628
ESO1213402120S1K	EST1247203101S1K	na	NZ_CP049075.1	1754511	1234987	70.3892	1233346	99.8671	1222738	99.1399	1641	0.1329	1224348	99.1385	23005	1.8628	12366	53.7535	10832	47.0854	6042	26.2639	5953	25.8770	81517	86.5709	93469	60.4511	0.9550
ESO1213402120S1K	EST1247206101S1K	na	NZ_CP049075.1	1754511	1237601	70.5382	1236334	99.8976	1219140	98.6093	1267	0.1024	1220342	98.6054	26711	2.1583	9452	35.3862	8293	31.0471	9604	35.9552	8857	33.1586	81517	93.5204	127972	70.4224	0.9619
ESO1213402120S1K	EST1254306101S1K	na	NZ_CP049075.1	1754511	176987	10.0875	176897	99.9491	174651	98.7303	90	0.0509	174737	98.7287	3155	1.7826	905	28.6846	819	25.9588	1466	46.4659	876	27.7655	81517	61.7086	76013	100.0000	0.9701
ESO1213402120S1K	EST1256811101S1K	na	NZ_CP049075.1	1754511	1197346	68.2439	1196410	99.9218	1180658	98.6834	936	0.0782	1181554	98.6811	23888	1.9951	8096	33.8915	7228	30.2579	8950	37.4665	7800	32.6524	81517	91.0669	139306	73.5740	0.9569
ESO1213402120S1K	EST1350502101S1K	na	NZ_CP049075.1	1754511	685369	39.0632	684103	99.8153	677669	99.0595	1266	0.1847	678920	99.0590	12146	1.7722	5697	46.9043	4446	36.6046	3683	30.3227	3696	30.4298	81517	71.3311	126094	61.5049	0.9440
ESO1213402120S1K	EST1350510101S1K	na	NZ_CP049075.1	1754511	1153533	65.7467	1152208	99.8851	1145045	99.3783	1325	0.1149	1146337	99.3762	21600	1.8725	14404	66.6852	13255	61.3657	4095	18.9583	4032	18.6667	81517	93.5204	117862	68.8135	0.9720
ESO1213402120S1K	EST1350804101S1K	na	NZ_CP049075.1	1754511	1395013	79.5101	1392168	99.7961	1372557	98.5913	2845	0.2039	1375313	98.5878	32103	2.3013	12403	38.6350	9714	30.2589	10320	32.1465	11780	36.6944	81517	54.3052	75045	57.8600	0.9555
ESO1213402120S1K	EST1350807101S1K	na	NZ_CP049075.1	1754511	1340000	76.3746	1339085	99.9317	1321413	98.6803	915	0.0683	1322303	98.6793	27365	2.0422	9668	35.3298	8795	32.1396	9492	34.6866	9130	33.3638	81517	100.0000	134701	68.0938	0.9609
ESO1213402120S1K	EST1356604101S1K	na	NZ_CP049075.1	1754511	1383738	78.8674	1382025	99.8762	1364202	98.7104	1713	0.1238	1365866	98.7084	28416	2.0536	10544	37.1059	8914	31.3697	9559	33.6395	9883	34.7797	81517	90.3775	91591	93.1227	0.9844
ESO1213402120S1K	EST1356611101S1K	na	NZ_CP049075.1	1754511	857488	48.8733	856814	99.9214	846137	98.7539	674	0.0786	846794	98.7529	16723	1.9502	6029	36.0521	5382	32.1832	5761	34.4496	5576	33.3433	81517	44.6827	57584	88.7087	0.9566
ESO1213402120S1K	EST1357103101S1K	na	NZ_CP049075.1	1754511	957850	54.5936	957382	99.9511	945397	98.7481	468	0.0489	945848	98.7470	17948	1.8738	5946	33.1290	5496	30.6218	6716	37.4192	5811	32.3769	81517	93.5204	133245	71.6597	0.9637
ESO1213402120S1K	EST1357107101S1K	na	NZ_CP049075.1	1754511	1373254	78.2699	1371377	99.8633	1352807	98.6459	1877	0.1367	1354597	98.6414	30435	2.2163	11778	38.6989	10061	33.0573	9879	32.4593	10402	34.1778	81517	40.3597	78769	52.1208	0.9437
ESO1213402120S1K	EST1358301101S1K	na	NZ_CP049075.1	1754511	801934	45.7070	801434	99.9377	791509	98.7616	500	0.0623	791991	98.7601	15510	1.9341	5567	35.8930	5089	32.8111	5373	34.6422	5092	32.8304	81517	56.7587	94377	58.7696	0.9527
ESO1213402120S1K	EST1358301201S1K	na	NZ_CP049075.1	1754511	1306110	74.4430	1305134	99.9253	1288441	98.7210	976	0.0747	1289391	98.7199	26350	2.0174	9631	36.5503	8692	32.9867	8940	33.9279	8772	33.2903	81517	63.2383	102933	58.2097	0.9462
ESO1213402120S1K	EST1358302101S1K	na	NZ_CP049075.1	1754511	851715	48.5443	851229	99.9429	840836	98.7791	486	0.0571	841310	98.7783	16073	1.8871	5668	35.2641	5200	32.3524	5437	33.8269	5447	33.8891	81517	93.5204	133967	66.9284	0.9571
ESO1213402120S1K	EST1358602101S1K	na	NZ_CP049075.1	1754511	475239	27.0867	474994	99.9484	470465	99.0465	245	0.0516	470709	99.0468	8372	1.7616	3842	45.8911	3599	42.9885	2465	29.4434	2305	27.5323	81517	38.7453	80640	40.7453	0.9532
ESO1213402120S1K	EST1359005101S1K	na	NZ_CP049075.1	1754511	1360186	77.5251	1357487	99.8016	1340208	98.7271	2699	0.1984	1342844	98.7250	28631	2.1049	11289	39.4293	8673	30.2923	9498	33.1738	10090	35.2415	81517	91.0669	136370	66.0241	0.9571
ESO1213402120S1K	EST1359006101S1K	na	NZ_CP049075.1	1754511	571891	32.5955	571557	99.9416	564284	98.7275	334	0.0584	564613	98.7274	11102	1.9413	3824	34.4442	3495	31.4808	3889	35.0297	3697	33.3003	81517	84.5873	151742	60.1330	0.9382
ESO1213402120S1K	EST1359007101S1K	na	NZ_CP049075.1	1754511	1368537	78.0010	1367187	99.9014	1348751	98.6515	1350	0.0986	1350061	98.6499	28140	2.0562	9664	34.3426	8368	29.7370	10397	36.9474	9466	33.6389	81517	100.0000	147634	74.2227	0.9604
ESO1213402120S1K	EST1361001101S1K	na	NZ_CP049075.1	1754511	1167405	66.5373	1166702	99.9398	1151790	98.7219	703	0.0602	1152473	98.7209	22605	1.9363	7673	33.9438	6995	30.9445	8202	36.2840	7422	32.8334	81517	100.0000	155104	69.5224	0.9550
ESO1213402120S1K	EST1361002101S1K	na	NZ_CP049075.1	1754511	1417412	80.7867	1415417	99.8593	1396667	98.6753	1995	0.1407	1398612	98.6736	30952	2.1837	12152	39.2608	10283	33.2224	10093	32.6086	10455	33.7781	81517	100.0000	120862	73.8851	0.9715
ESO1213402120S1K	EST1361007101S1K	na	NZ_CP049075.1	1754511	1422555	81.0799	1420353	99.8452	1402006	98.7083	2202	0.1548	1404139	98.7054	30652	2.1547	12236	39.9191	10181	33.2148	10059	32.8168	10240	33.4073	81517	91.0669	126515	70.0747	0.9499
ESO1213402120S1K	EST2359005102S1K	na	NZ_CP049075.1	1754511	1347067	76.7773	1342628	99.6705	1325472	98.7222	4439	0.3295	1329810	98.7189	30173	2.2399	12916	42.8065	8622	28.5752	9762	32.3534	10775	35.7107	81517	91.0669	128523	65.3813	0.9587
ESO1232702120S1K	ESO1232707120S1K	na	NZ_CP049075.1	1754511	1318862	75.1698	1315736	99.7630	1299911	98.7973	3126	0.2370	1302997	98.7971	26557	2.0136	10692	40.2606	7617	28.6817	7944	29.9130	10434	39.2891	108988	67.9240	88215	87.7912	0.9699
ESO1232702120S1K	ESO1232710120S1K	na	NZ_CP049075.1	1754511	1353134	77.1231	1343528	99.2901	1334925	99.3597	9606	0.7099	1344512	99.3628	26635	1.9684	18013	67.6291	8453	31.7364	4746	17.8187	9782	36.7261	108988	95.0875	99149	100.0000	0.9934
ESO1232702120S1K	ESO1232711120S1K	na	NZ_CP049075.1	1754511	1282457	73.0948	1281642	99.9365	1264892	98.6931	815	0.0635	1265692	98.6927	24759	1.9306	7994	32.2872	7197	29.0682	8126	32.8204	9521	38.4547	108988	100.0000	145197	90.4137	0.9760
ESO1232702120S1K	ESO1236812120S1K	na	NZ_CP049075.1	1754511	1165084	66.4051	1164459	99.9464	1149843	98.7448	625	0.0536	1150459	98.7447	22121	1.8987	7496	33.8864	6880	31.1017	6910	31.2373	8424	38.0815	108988	93.0763	118612	86.9103	0.9757
ESO1232702120S1K	ESO1238001120S1K	na	NZ_CP049075.1	1754511	1277750	72.8266	1276721	99.9195	1259909	98.6832	1029	0.0805	1260894	98.6808	25335	1.9828	8479	33.4675	7501	29.6073	8484	33.4873	9458	37.3318	108988	11.8362	12556	100.0000	0.9446
ESO1232702120S1K	ESO1238002120S1K	na	NZ_CP049075.1	1754511	1343634	76.5817	1342662	99.9277	1328675	98.9583	972	0.0723	1329621	98.9571	25092	1.8675	11079	44.1535	10152	40.4591	6664	26.5583	8278	32.9906	108988	95.0875	106621	94.0847	0.9890
ESO1232702120S1K	ESO1241104120S1K	na	NZ_CP049075.1	1754511	1198190	68.2920	1196657	99.8721	1182047	98.7791	1533	0.1279	1183555	98.7786	21856	1.8241	7221	33.0390	5714	26.1439	8715	39.8746	7268	33.2540	108988	33.7542	59035	71.1002	0.9418
ESO1232702120S1K	ESO1241108220S1K	na	NZ_CP049075.1	1754511	1324501	75.4912	1323130	99.8965	1305913	98.6988	1371	0.1035	1307241	98.6969	26682	2.0145	9422	35.3122	8110	30.3950	8248	30.9122	10246	38.4004	108988	85.8406	104879	92.4055	0.9763
ESO1232702120S1K	ESO1242101120S1K	na	NZ_CP049075.1	1754511	325757	18.5668	325663	99.9711	321759	98.8012	94	0.0289	321852	98.8013	5846	1.7946	1941	33.2022	1851	31.6627	1872	32.0219	2161	36.9654	108988	68.5690	115160	80.9404	0.9576
ESO1232702120S1K	ESO1242208120S1K	na	NZ_CP049075.1	1754511	1315492	74.9777	1314494	99.9241	1297756	98.7267	998	0.0759	1298737	98.7263	25632	1.9485	8877	34.6325	7899	30.8169	8153	31.8079	9699	37.8394	108988	100.0000	136600	100.0000	0.9818
ESO1232702120S1K	ESO1242209120S1K	na	NZ_CP049075.1	1754511	1334491	76.0606	1332576	99.8565	1315106	98.6890	1915	0.1435	1316983	98.6880	27574	2.0663	10066	36.5054	8193	29.7128	8127	29.4734	11137	40.3895	108988	24.8110	33978	82.3503	0.9459
ESO1232702120S1K	ESO1242704120S1K	na	NZ_CP049075.1	1754511	1279253	72.9122	1278308	99.9261	1261119	98.6553	945	0.0739	1262024	98.6532	25916	2.0259	8687	33.5198	7788	30.0509	8420	32.4896	9734	37.5598	108988	67.9240	79627	100.0000	0.9707
ESO1232702120S1K	ESO1242801120S1K	na	NZ_CP049075.1	1754511	1294867	73.8022	1294040	99.9361	1277703	98.7375	827	0.0639	1278514	98.7371	24430	1.8867	8077	33.0618	7271	29.7626	8288	33.9255	8976	36.7417	108988	100.0000	127121	91.1801	0.9844
ESO1232702120S1K	ESO1242805120S1K	na	NZ_CP049075.1	1754511	561378	31.9963	561177	99.9642	554567	98.8221	201	0.0358	554766	98.8222	9900	1.7635	3288	33.2121	3089	31.2020	3211	32.4343	3639	36.7576	108988	95.0875	147988	78.3503	0.9668
ESO1232702120S1K	ESO1247101120S1K	na	NZ_CP049075.1	1754511	1113898	63.4877	1113366	99.9522	1099179	98.7258	532	0.0478	1099707	98.7260	21326	1.9145	7135	33.4568	6608	30.9857	6679	31.3186	8137	38.1553	108988	100.0000	127431	94.9667	0.9874
ESO1232702120S1K	ESO1247203120S1K	na	NZ_CP049075.1	1754511	1296580	73.8998	1290095	99.4998	1276566	98.9513	6485	0.5002	1282987	98.9516	27237	2.1007	13644	50.0936	7230	26.5448	6880	25.2598	11618	42.6552	108988	74.8477	91787	87.9351	0.9738
ESO1232702120S1K	ESO1247206120S1K	na	NZ_CP049075.1	1754511	1312831	74.8260	1297271	98.8148	1290628	99.4879	15560	1.1852	1306053	99.4837	28712	2.1870	21934	76.3931	6549	22.8093	4478	15.5963	12607	43.9085	108988	54.4097	70823	85.6854	0.9632
ESO1232702120S1K	ESO1247208120S1K	na	NZ_CP049075.1	1754511	1319786	75.2224	1318766	99.9227	1301673	98.7039	1020	0.0773	1302666	98.7028	25577	1.9380	8457	33.0649	7467	29.1942	8748	34.2026	9456	36.9707	108988	93.0763	129263	100.0000	0.9776
ESO1232702120S1K	ESO1254306120S1K	na	NZ_CP049075.1	1754511	1189281	67.7842	1188473	99.9321	1173628	98.7509	808	0.0679	1174415	98.7500	21530	1.8103	6664	30.9522	5879	27.3061	8783	40.7942	6953	32.2945	108988	58.9065	88346	80.8967	0.9492
ESO1232702120S1K	ESO1256801120S1K	na	NZ_CP049075.1	1754511	1326911	75.6285	1318645	99.3770	1305061	98.9699	8266	0.6230	1313235	98.9693	28535	2.1505	14859	52.0729	6712	23.5220	7624	26.7181	12303	43.1155	108988	58.0780	50342	100.0000	0.9656
ESO1232702120S1K	ESO1256804120S1K	na	NZ_CP049075.1	1754511	1320457	75.2607	1307405	99.0116	1297634	99.2526	13052	0.9884	1310585	99.2524	29183	2.2101	19311	66.1721	6391	21.8997	6077	20.8238	13325	45.6601	108988	45.5903	59514	81.4800	0.9560
ESO1232702120S1K	ESO1350502120S1K	na	NZ_CP049075.1	1754511	930170	53.0159	928066	99.7738	921481	99.2905	2104	0.2262	923570	99.2905	15156	1.6294	8556	56.4529	6476	42.7290	3195	21.0808	4944	32.6207	108988	93.0763	111375	100.0000	0.9890
ESO1232702120S1K	ESO1350804120S1K	na	NZ_CP049075.1	1754511	1061622	60.5081	1060808	99.9233	1048217	98.8131	814	0.0767	1049021	98.8130	19530	1.8396	6929	35.4788	6125	31.3620	6167	31.5771	7200	36.8664	108988	100.0000	145498	96.4811	0.9741
ESO1232702120S1K	ESO1350807120S1K	na	NZ_CP049075.1	1754511	807267	46.0109	806807	99.9430	796883	98.7700	460	0.0570	797339	98.7702	14717	1.8231	4789	32.5406	4333	29.4421	4757	32.3232	5683	38.6152	108988	85.8406	135115	81.4032	0.9623
ESO1232702120S1K	ESO1356601120S1K	na	NZ_CP049075.1	1754511	1152839	65.7071	1145529	99.3659	1133970	98.9909	7310	0.6341	1141204	98.9908	24726	2.1448	13091	52.9443	5868	23.7321	6384	25.8190	10844	43.8567	108988	73.4815	89625	92.8357	0.9760
ESO1232702120S1K	ESO1356602120S1K	na	NZ_CP049075.1	1754511	1190375	67.8465	1183503	99.4227	1170788	98.9256	6872	0.5773	1177578	98.9250	25648	2.1546	12851	50.1053	6067	23.6549	7074	27.5811	10958	42.7246	108988	100.0000	119872	100.0000	0.9897
ESO1232702120S1K	ESO1356803120S1K	na	NZ_CP049075.1	1754511	1033014	58.8776	1032633	99.9631	1020178	98.7939	381	0.0369	1020550	98.7934	18803	1.8202	6339	33.7127	5968	31.7396	6026	32.0481	6896	36.6750	108988	73.4815	100878	87.5126	0.9694
ESO1232702120S1K	ESO1357103120S1K	na	NZ_CP049075.1	1754511	422928	24.1052	422805	99.9709	417575	98.7630	123	0.0291	417697	98.7631	7627	1.8034	2396	31.4147	2274	29.8151	2626	34.4303	2767	36.2790	108988	87.8519	128644	90.0197	0.9681
ESO1232702120S1K	ESO1357104120S1K	na	NZ_CP049075.1	1754511	1278114	72.8473	1277293	99.9358	1260689	98.7001	821	0.0642	1261481	98.6986	24704	1.9328	8071	32.6708	7282	29.4770	8388	33.9540	9136	36.9819	108988	95.0875	117357	90.7948	0.9795
ESO1232702120S1K	ESO1357107120S1K	na	NZ_CP049075.1	1754511	1296458	73.8928	1284780	99.0992	1273388	99.1133	11678	0.9008	1284952	99.1125	29199	2.2522	17693	60.5945	6155	21.0795	6714	22.9939	13447	46.0529	108988	41.4055	44994	100.0000	0.9623
ESO1232702120S1K	ESO1358301120S1K	na	NZ_CP049075.1	1754511	471683	26.8840	471551	99.9720	465863	98.7938	132	0.0280	465994	98.7939	8352	1.7707	2663	31.8846	2532	30.3161	2749	32.9143	3117	37.3204	108988	68.5690	114929	79.0967	0.9666
ESO1232702120S1K	ESO1358304120S1K	na	NZ_CP049075.1	1754511	1299928	74.0906	1299033	99.9312	1281788	98.6725	895	0.0688	1282659	98.6715	25640	1.9724	8371	32.6482	7502	29.2590	8635	33.6778	9573	37.3362	108988	48.3292	51874	100.0000	0.9589
ESO1232702120S1K	ESO1358602120S1K	na	NZ_CP049075.1	1754511	1132405	64.5425	1131815	99.9479	1120371	98.9889	590	0.0521	1120953	98.9887	19796	1.7481	8344	42.1499	7772	39.2605	5509	27.8289	6513	32.9006	108988	74.8477	99829	83.5358	0.9695
ESO1232702120S1K	EST1212206101S1K	na	NZ_CP049075.1	1754511	1184893	67.5341	1184265	99.9470	1168454	98.6649	628	0.0530	1169061	98.6638	23753	2.0047	7921	33.3474	7319	30.8129	7478	31.4823	9072	38.1931	108988	68.5690	85446	93.4754	0.9717
ESO1232702120S1K	EST1212704101S1K	na	NZ_CP049075.1	1754511	1132577	64.5523	1132057	99.9541	1117969	98.7555	520	0.0459	1118484	98.7557	21172	1.8694	7079	33.4357	6567	31.0174	6777	32.0093	7938	37.4929	108988	68.5690	88279	93.4673	0.9707
ESO1232702120S1K	EST1232702101S1K	na	NZ_CP049075.1	1754511	1134145	64.6417	1133618	99.9535	1119587	98.7623	527	0.0465	1120100	98.7616	21163	1.8660	7118	33.6342	6610	31.2338	6720	31.7535	7925	37.4474	108988	100.0000	126535	91.4609	0.9879
ESO1232702120S1K	EST1232710101S1K	na	NZ_CP049075.1	1754511	1259290	71.7744	1258392	99.9287	1241878	98.6877	898	0.0713	1242731	98.6851	25057	1.9898	8498	33.9147	7653	30.5424	8005	31.9472	9413	37.5663	108988	87.8519	115001	85.2245	0.9742
ESO1232702120S1K	EST1232905101S1K	na	NZ_CP049075.1	1754511	1212410	69.1024	1211961	99.9630	1196473	98.7221	449	0.0370	1196916	98.7220	22915	1.8900	7421	32.3849	6979	30.4560	7454	32.5289	8591	37.4907	108988	73.4815	90764	94.4317	0.9750
ESO1232702120S1K	EST1233822101S1K	na	NZ_CP049075.1	1754511	1168695	66.6109	1164075	99.6047	1151310	98.9034	4620	0.3953	1155876	98.9031	23902	2.0452	11083	46.3685	6529	27.3157	6529	27.3157	9977	41.7413	108988	93.0763	120979	92.7409	0.9831
ESO1232702120S1K	EST1233822201S1K	na	NZ_CP049075.1	1754511	1108428	63.1759	1107317	99.8998	1093406	98.7437	1111	0.1002	1094504	98.7438	21783	1.9652	7859	36.0786	6761	31.0380	6474	29.7204	8641	39.6685	108988	93.0763	142473	77.5319	0.9700
ESO1232702120S1K	EST1234702101S1K	na	NZ_CP049075.1	1754511	243968	13.9052	243885	99.9660	241008	98.8203	83	0.0340	241091	98.8207	4314	1.7683	1437	33.3102	1354	31.3862	1372	31.8034	1604	37.1813	108988	61.3334	100029	81.5963	0.9665
ESO1232702120S1K	EST1234704101S1K	na	NZ_CP049075.1	1754511	1333334	75.9946	1331957	99.8967	1314860	98.7164	1377	0.1033	1316211	98.7158	26749	2.0062	9626	35.9864	8280	30.9544	8105	30.3002	10365	38.7491	108988	32.3880	50396	71.0255	0.9417
ESO1232702120S1K	EST1236807101S1K	na	NZ_CP049075.1	1754511	1222179	69.6592	1221639	99.9558	1206430	98.7550	540	0.0442	1206959	98.7547	22528	1.8433	7308	32.4396	6783	30.1092	7716	34.2507	8142	36.1417	108988	93.0763	139782	96.3050	0.9718
ESO1232702120S1K	EST1237103201S1K	na	NZ_CP049075.1	1754511	1217857	69.4129	1216732	99.9076	1200398	98.6576	1125	0.0924	1201501	98.6570	24731	2.0307	8375	33.8644	7274	29.4125	7575	30.6296	9975	40.3340	108988	58.9065	83812	86.5210	0.9587
ESO1232702120S1K	EST1238001101S1K	na	NZ_CP049075.1	1754511	987728	56.2965	987210	99.9476	975029	98.7661	518	0.0524	975540	98.7661	18010	1.8234	5822	32.3265	5313	29.5003	6208	34.4697	6566	36.4575	108988	19.0718	20057	100.0000	0.9475
ESO1232702120S1K	EST1238002101S1K	na	NZ_CP049075.1	1754511	1260675	71.8534	1259738	99.9257	1246508	98.9498	937	0.0743	1247417	98.9483	23780	1.8863	10522	44.2473	9633	40.5088	6278	26.4003	7845	32.9899	108988	100.0000	111899	94.3789	0.9923
ESO1232702120S1K	EST1241101101S1K	na	NZ_CP049075.1	1754511	1329385	75.7695	1327898	99.8881	1311159	98.7394	1487	0.1119	1312610	98.7381	26365	1.9832	9590	36.3740	8146	30.8970	8131	30.8401	9929	37.6598	108988	95.0875	116967	90.8085	0.9837
ESO1232702120S1K	EST1241104101S1K	na	NZ_CP049075.1	1754511	1240921	70.7275	1240293	99.9494	1224716	98.7441	628	0.0506	1225324	98.7431	22229	1.7913	6632	29.8349	6031	27.1312	9211	41.4369	7066	31.7873	108988	58.9065	93863	82.1112	0.9520
ESO1232702120S1K	EST1242101101S1K	na	NZ_CP049075.1	1754511	375915	21.4256	375791	99.9670	371409	98.8339	124	0.0330	371531	98.8338	6715	1.7863	2331	34.7133	2213	32.9561	2120	31.5711	2417	35.9940	108988	61.6453	107133	76.9641	0.9623
ESO1232702120S1K	EST1242103101S1K	na	NZ_CP049075.1	1754511	1068330	60.8905	1067749	99.9456	1054449	98.7544	581	0.0544	1055019	98.7540	19942	1.8667	6631	33.2514	6065	30.4132	6529	32.7399	7383	37.0224	108988	95.0875	123051	91.1646	0.9810
ESO1232702120S1K	EST1242207101S1K	na	NZ_CP049075.1	1754511	709077	40.4145	708856	99.9688	700599	98.8352	221	0.0312	700819	98.8354	12396	1.7482	4138	33.3817	3918	31.6070	4079	32.9058	4465	36.0197	108988	100.0000	140321	100.0000	0.9742
ESO1232702120S1K	EST1242209101S1K	na	NZ_CP049075.1	1754511	1074826	61.2607	1073908	99.9146	1060726	98.7725	918	0.0854	1061633	98.7725	20246	1.8837	7053	34.8365	6153	30.3912	6268	30.9592	7817	38.6101	108988	85.8406	127907	85.0141	0.9697
ESO1232702120S1K	EST1242704101S1K	na	NZ_CP049075.1	1754511	1342686	76.5276	1330836	99.1174	1318724	99.0899	11850	0.8826	1330458	99.0893	30268	2.2543	18040	59.6009	6329	20.9099	7238	23.9130	13733	45.3713	108988	69.9352	84615	92.5533	0.9702
ESO1232702120S1K	EST1242801101S1K	na	NZ_CP049075.1	1754511	1289219	73.4802	1288060	99.9101	1271924	98.7473	1159	0.0899	1273070	98.7474	24504	1.9007	8355	34.0965	7214	29.4401	8284	33.8067	9030	36.8511	108988	100.0000	106954	89.8096	0.9727
ESO1232702120S1K	EST1242802101S1K	na	NZ_CP049075.1	1754511	1258485	71.7285	1255854	99.7909	1240504	98.7777	2631	0.2091	1243113	98.7785	25248	2.0062	9876	39.1160	7274	28.8102	7725	30.5965	9762	38.6644	108988	65.8302	77610	86.1397	0.9630
ESO1232702120S1K	EST1242804101S1K	na	NZ_CP049075.1	1754511	1281502	73.0404	1276090	99.5777	1262148	98.9074	5412	0.4223	1267511	98.9082	26113	2.0377	12122	46.4213	6766	25.9105	7559	28.9473	10645	40.7651	108988	66.5578	69079	100.0000	0.9705
ESO1232702120S1K	EST1242805101S1K	na	NZ_CP049075.1	1754511	1198164	68.2905	1197602	99.9531	1182530	98.7415	562	0.0469	1183085	98.7415	22577	1.8843	7498	33.2108	6949	30.7791	7132	31.5897	8595	38.0697	108988	100.0000	153813	92.6190	0.9717
ESO1232702120S1K	EST1247101101S1K	na	NZ_CP049075.1	1754511	860926	49.0693	860539	99.9550	850058	98.7820	387	0.0450	850440	98.7820	15769	1.8316	5283	33.5024	4903	31.0927	5107	32.3863	5808	36.8318	108988	95.0875	120859	95.1456	0.9850
ESO1232702120S1K	EST1247106101S1K	na	NZ_CP049075.1	1754511	1232535	70.2495	1231691	99.9315	1216157	98.7388	844	0.0685	1216970	98.7372	24170	1.9610	8605	35.6020	7801	32.2755	7680	31.7749	8727	36.1067	108988	73.4815	106665	100.0000	0.9657
ESO1232702120S1K	EST1247109101S1K	na	NZ_CP049075.1	1754511	1323712	75.4462	1322812	99.9320	1305437	98.6865	900	0.0680	1306310	98.6854	25765	1.9464	8363	32.4588	7500	29.1093	8817	34.2208	9514	36.9261	108988	93.0763	129147	100.0000	0.9776
ESO1232702120S1K	EST1247203101S1K	na	NZ_CP049075.1	1754511	1145147	65.2687	1143862	99.8878	1133986	99.1366	1285	0.1122	1135257	99.1364	20044	1.7503	10154	50.6586	8896	44.3824	4852	24.2067	6193	30.8970	108988	83.2303	93469	88.0142	0.9712
ESO1232702120S1K	EST1247206101S1K	na	NZ_CP049075.1	1754511	1130164	64.4148	1129488	99.9402	1114291	98.6545	676	0.0598	1114943	98.6532	22501	1.9909	7280	32.3541	6634	29.4831	7484	33.2607	8475	37.6650	108988	95.0875	127972	86.6721	0.9769
ESO1232702120S1K	EST1254306101S1K	na	NZ_CP049075.1	1754511	167151	9.5269	167092	99.9647	165241	98.8922	59	0.0353	165299	98.8920	2694	1.6117	842	31.2546	784	29.1017	1147	42.5761	770	28.5820	108988	51.6708	76013	100.0000	0.9385
ESO1232702120S1K	EST1256811101S1K	na	NZ_CP049075.1	1754511	1119693	63.8180	1119135	99.9502	1105137	98.7492	558	0.0498	1105682	98.7487	20675	1.8465	6664	32.2322	6122	29.6106	7183	34.7424	7468	36.1209	108988	93.0763	139306	96.2859	0.9720
ESO1232702120S1K	EST1350502101S1K	na	NZ_CP049075.1	1754511	660550	37.6487	659415	99.8282	652920	99.0150	1135	0.1718	654044	99.0151	11333	1.7157	4827	42.5924	3709	32.7274	3367	29.7097	4002	35.3128	108988	88.1638	126094	86.7583	0.9718
ESO1232702120S1K	EST1350510101S1K	na	NZ_CP049075.1	1754511	1036464	59.0742	1035702	99.9265	1027211	99.1802	762	0.0735	1027960	99.1795	18606	1.7951	10102	54.2943	9377	50.3977	3930	21.1222	5174	27.8082	108988	95.0875	117862	90.8172	0.9866
ESO1232702120S1K	EST1350804101S1K	na	NZ_CP049075.1	1754511	1288473	73.4377	1286502	99.8470	1268829	98.6263	1971	0.1530	1270755	98.6249	27309	2.1195	9591	35.1203	7676	28.1079	8175	29.9352	11313	41.4259	108988	66.5578	75045	85.6833	0.9646
ESO1232702120S1K	EST1350807101S1K	na	NZ_CP049075.1	1754511	1257853	71.6925	1257337	99.9590	1241062	98.7056	516	0.0410	1241565	98.7051	24069	1.9135	7781	32.3279	7283	30.2588	7865	32.6769	9016	37.4590	108988	100.0000	134701	83.5614	0.9747
ESO1232702120S1K	EST1356604101S1K	na	NZ_CP049075.1	1754511	1268026	72.2723	1266737	99.8983	1250739	98.7371	1289	0.1017	1251994	98.7357	24591	1.9393	8559	34.8054	7310	29.7263	7676	31.2147	9597	39.0265	108988	63.5070	91591	93.1227	0.9557
ESO1232702120S1K	EST1356611101S1K	na	NZ_CP049075.1	1754511	802953	45.7651	802476	99.9406	792524	98.7598	477	0.0594	792995	98.7598	14970	1.8644	5012	33.4803	4542	30.3407	4897	32.7121	5562	37.1543	108988	30.0648	57584	88.7087	0.9364
ESO1232702120S1K	EST1357103101S1K	na	NZ_CP049075.1	1754511	914991	52.1508	914669	99.9648	903480	98.7767	322	0.0352	903793	98.7762	16186	1.7690	4988	30.8168	4675	28.8830	5636	34.8202	5963	36.8405	108988	95.0875	133245	86.7995	0.9757
ESO1232702120S1K	EST1357107101S1K	na	NZ_CP049075.1	1754511	1272432	72.5235	1271280	99.9095	1254773	98.7015	1152	0.0905	1255887	98.6997	25849	2.0315	9304	35.9937	8205	31.7420	7772	30.0669	9856	38.1291	108988	66.2458	78769	92.1492	0.9713
ESO1232702120S1K	EST1358301101S1K	na	NZ_CP049075.1	1754511	770604	43.9213	770308	99.9616	760886	98.7769	296	0.0384	761176	98.7765	14047	1.8229	4619	32.8825	4331	30.8322	4485	31.9285	5285	37.6237	108988	68.5690	94377	85.1913	0.9735
ESO1232702120S1K	EST1358301201S1K	na	NZ_CP049075.1	1754511	1234406	70.3561	1233770	99.9485	1218138	98.7330	636	0.0515	1218762	98.7327	23604	1.9122	7960	33.7231	7340	31.0964	7483	31.7023	8888	37.6546	108988	73.4815	102933	83.4999	0.9709
ESO1232702120S1K	EST1358302101S1K	na	NZ_CP049075.1	1754511	816901	46.5600	816600	99.9632	806694	98.7869	301	0.0368	806995	98.7874	14754	1.8061	4848	32.8589	4547	30.8188	4713	31.9439	5567	37.7321	108988	95.0875	133967	86.0891	0.9776
ESO1232702120S1K	EST1358602101S1K	na	NZ_CP049075.1	1754511	454311	25.8939	454114	99.9566	449682	99.0240	197	0.0434	449878	99.0242	7720	1.6993	3287	42.5777	3093	40.0648	2195	28.4326	2449	31.7228	108988	57.5605	80640	80.1252	0.9645
ESO1232702120S1K	EST1359005101S1K	na	NZ_CP049075.1	1754511	1281369	73.0328	1279164	99.8279	1263204	98.7523	2205	0.1721	1265377	98.7520	25308	1.9751	9316	36.8105	7149	28.2480	7781	30.7452	10090	39.8688	108988	93.0763	136370	81.3031	0.9723
ESO1232702120S1K	EST1359006101S1K	na	NZ_CP049075.1	1754511	545915	31.1149	545623	99.9465	538613	98.7152	292	0.0535	538903	98.7156	10199	1.8682	3187	31.2482	2897	28.4047	3429	33.6209	3903	38.2685	108988	88.1638	151742	73.5492	0.9569
ESO1232702120S1K	EST1359007101S1K	na	NZ_CP049075.1	1754511	1284447	73.2083	1283493	99.9257	1267062	98.7198	954	0.0743	1267998	98.7194	24585	1.9141	8136	33.0933	7206	29.3106	8295	33.7401	9185	37.3602	108988	100.0000	147634	95.7009	0.9757
ESO1232702120S1K	EST1361001101S1K	na	NZ_CP049075.1	1754511	1108331	63.1704	1107855	99.9571	1094101	98.7585	476	0.0429	1094568	98.7582	20236	1.8258	6473	31.9875	6006	29.6798	6801	33.6084	7478	36.9539	108988	100.0000	155104	89.9326	0.9702
ESO1232702120S1K	EST1361002101S1K	na	NZ_CP049075.1	1754511	1313216	74.8480	1311941	99.9029	1294999	98.7086	1275	0.0971	1296246	98.7078	26242	1.9983	9272	35.3327	8032	30.6074	8190	31.2095	9999	38.1030	108988	100.0000	120862	91.1022	0.9861
ESO1232702120S1K	EST1361007101S1K	na	NZ_CP049075.1	1754511	1328987	75.7469	1327486	99.8871	1310369	98.7106	1501	0.1129	1311828	98.7089	26777	2.0148	9618	35.9189	8164	30.4889	8274	30.8997	10283	38.4024	108988	93.0763	126515	95.0488	0.9768
ESO1232702120S1K	EST2359005102S1K	na	NZ_CP049075.1	1754511	1243594	70.8798	1239999	99.7109	1224709	98.7669	3595	0.2891	1228248	98.7660	25750	2.0706	10404	40.4039	6871	26.6835	7716	29.9650	10424	40.4816	108988	93.0763	128523	81.5302	0.9717
ESO1232707120S1K	ESO1232710120S1K	na	NZ_CP049075.1	1754511	1451067	82.7049	1438244	99.1163	1424184	99.0224	12823	0.8837	1436848	99.0201	34451	2.3742	20232	58.7269	7968	23.1285	10343	30.0224	12903	37.4532	88215	81.7741	99149	67.1525	0.9678
ESO1232707120S1K	ESO1232711120S1K	na	NZ_CP049075.1	1754511	1364433	77.7671	1361044	99.7516	1343833	98.7355	3389	0.2484	1347167	98.7346	28733	2.1059	11467	39.9088	8156	28.3855	10677	37.1594	9406	32.7359	88215	100.0000	145197	63.4194	0.9613
ESO1232707120S1K	ESO1236812120S1K	na	NZ_CP049075.1	1754511	1243778	70.8903	1240737	99.7555	1226132	98.8229	3041	0.2445	1229128	98.8221	25563	2.0553	10913	42.6906	7942	31.0683	9019	35.2815	8074	31.5847	88215	100.0000	118612	75.5042	0.9752
ESO1232707120S1K	ESO1238001120S1K	na	NZ_CP049075.1	1754511	1402779	79.9527	1398887	99.7226	1380323	98.6729	3892	0.2774	1384122	98.6700	30743	2.1916	12086	39.3130	8345	27.1444	11475	37.3256	10341	33.6369	88215	6.0171	12556	42.0835	0.9484
ESO1232707120S1K	ESO1238002120S1K	na	NZ_CP049075.1	1754511	1431080	81.5657	1427142	99.7248	1409834	98.7872	3938	0.2752	1413695	98.7852	30984	2.1651	13599	43.8904	9802	31.6357	10682	34.4759	9800	31.6292	88215	81.7741	106621	61.7552	0.9605
ESO1232707120S1K	ESO1241104120S1K	na	NZ_CP049075.1	1754511	1322814	75.3950	1318558	99.6783	1302615	98.7909	4256	0.3217	1306810	98.7902	26658	2.0152	10654	39.9655	6515	24.4392	11750	44.0768	7670	28.7719	88215	58.2169	59035	89.4791	0.9698
ESO1232707120S1K	ESO1241108220S1K	na	NZ_CP049075.1	1754511	1438652	81.9973	1434138	99.6862	1416384	98.7620	4514	0.3138	1420810	98.7598	31996	2.2240	14154	44.2368	9815	30.6757	10786	33.7105	10482	32.7603	88215	87.6257	104879	71.1916	0.9735
ESO1232707120S1K	ESO1242101120S1K	na	NZ_CP049075.1	1754511	332220	18.9352	331514	99.7875	327911	98.9132	706	0.2125	328610	98.9134	6241	1.8786	2631	42.1567	1932	30.9566	2166	34.7060	1972	31.5975	88215	60.3491	115160	47.9680	0.9493
ESO1232707120S1K	ESO1242208120S1K	na	NZ_CP049075.1	1754511	1419951	80.9314	1416203	99.7360	1398777	98.7695	3748	0.2640	1402462	98.7683	30480	2.1466	12991	42.6214	9334	30.6234	10793	35.4101	9762	32.0276	88215	100.0000	136600	68.8265	0.9709
ESO1232707120S1K	ESO1242209120S1K	na	NZ_CP049075.1	1754511	1438023	81.9615	1433145	99.6608	1414852	98.7236	4878	0.3392	1419661	98.7231	32610	2.2677	14248	43.6921	9536	29.2426	10827	33.2015	11361	34.8390	88215	30.6002	33978	49.7469	0.9491
ESO1232707120S1K	ESO1242704120S1K	na	NZ_CP049075.1	1754511	1416311	80.7240	1412526	99.7328	1395468	98.7924	3785	0.2672	1399169	98.7897	30349	2.1428	13207	43.5171	9557	31.4903	10547	34.7524	9516	31.3552	88215	100.0000	79627	100.0000	0.9863
ESO1232707120S1K	ESO1242801120S1K	na	NZ_CP049075.1	1754511	1381877	78.7614	1378309	99.7418	1361493	98.7800	3568	0.2582	1365005	98.7791	28530	2.0646	11658	40.8623	8166	28.6225	11038	38.6891	8752	30.6765	88215	100.0000	127121	69.5377	0.9709
ESO1232707120S1K	ESO1242805120S1K	na	NZ_CP049075.1	1754511	580574	33.0904	579307	99.7818	572884	98.8913	1267	0.2182	574130	98.8901	11137	1.9183	4693	42.1388	3448	30.9599	4037	36.2485	3414	30.6546	88215	93.9829	147988	59.7109	0.9546
ESO1232707120S1K	ESO1247101120S1K	na	NZ_CP049075.1	1754511	1192007	67.9396	1189061	99.7529	1175484	98.8582	2946	0.2471	1178399	98.8584	24530	2.0579	10922	44.5251	8051	32.8210	8371	34.1256	7465	30.4321	88215	100.0000	127431	69.5812	0.9713
ESO1232707120S1K	ESO1247203120S1K	na	NZ_CP049075.1	1754511	1403702	80.0053	1394410	99.3380	1378741	98.8763	9292	0.6620	1387926	98.8761	32711	2.3303	16935	51.7716	8002	24.4627	9972	30.4852	12889	39.4026	88215	100.0000	91787	91.9945	0.9915
ESO1232707120S1K	ESO1247206120S1K	na	NZ_CP049075.1	1754511	1415178	80.6594	1396003	98.6450	1386090	99.2899	19175	1.3550	1405097	99.2877	35732	2.5249	25651	71.7872	7363	20.6062	8594	24.0513	14849	41.5566	88215	47.9748	70823	58.8707	0.9558
ESO1232707120S1K	ESO1247208120S1K	na	NZ_CP049075.1	1754511	1427596	81.3672	1423713	99.7280	1406221	98.7714	3883	0.2720	1410021	98.7689	30302	2.1226	12727	42.0005	8990	29.6680	11351	37.4596	9212	30.4006	88215	100.0000	129263	72.5211	0.9747
ESO1232707120S1K	ESO1254306120S1K	na	NZ_CP049075.1	1754511	1301318	74.1698	1297894	99.7369	1281450	98.7330	3424	0.2631	1284812	98.7316	26605	2.0445	10099	37.9590	6755	25.3900	11988	45.0592	7357	27.6527	88215	58.2169	88346	59.9903	0.9530
ESO1232707120S1K	ESO1256801120S1K	na	NZ_CP049075.1	1754511	1434443	81.7574	1423124	99.2109	1408673	98.9846	11319	0.7891	1419864	98.9836	33467	2.3331	18888	56.4377	8062	24.0894	10338	30.8901	12491	37.3233	88215	75.7377	50342	85.5429	0.9694
ESO1232707120S1K	ESO1256804120S1K	na	NZ_CP049075.1	1754511	1427970	81.3885	1412106	98.8891	1401109	99.2212	15864	1.1109	1416831	99.2199	33943	2.3770	22804	67.1832	7654	22.5496	8608	25.3602	13811	40.6888	88215	64.2340	59514	87.6348	0.9737
ESO1232707120S1K	ESO1350502120S1K	na	NZ_CP049075.1	1754511	971118	55.3498	967267	99.6034	957078	98.9466	3851	0.3966	960898	98.9476	19246	1.9818	9026	46.8981	5308	27.5798	6665	34.6306	6373	33.1134	88215	87.7912	111375	67.8312	0.9700
ESO1232707120S1K	ESO1350804120S1K	na	NZ_CP049075.1	1754511	1130711	64.4459	1127767	99.7396	1114937	98.8624	2944	0.2604	1117846	98.8622	22722	2.0095	9857	43.3809	6981	30.7235	8065	35.4942	7079	31.1548	88215	100.0000	145498	67.1906	0.9623
ESO1232707120S1K	ESO1350807120S1K	na	NZ_CP049075.1	1754511	838234	47.7759	836262	99.7647	826510	98.8339	1972	0.2353	828456	98.8335	16548	1.9742	6770	40.9113	4829	29.1818	6065	36.6510	5314	32.1126	88215	87.6257	135115	63.6125	0.9530
ESO1232707120S1K	ESO1356601120S1K	na	NZ_CP049075.1	1754511	1244649	70.9399	1234726	99.2027	1223257	99.0711	9923	0.7973	1233091	99.0714	28374	2.2797	16816	59.2655	7363	25.9498	8058	28.3992	10504	37.0198	88215	66.3663	89625	57.6815	0.9559
ESO1232707120S1K	ESO1356602120S1K	na	NZ_CP049075.1	1754511	1289079	73.4723	1279408	99.2498	1266352	98.9795	9671	0.7502	1275904	98.9780	29747	2.3076	16572	55.7098	7336	24.6613	9294	31.2435	10830	36.4070	88215	100.0000	119872	65.5107	0.9630
ESO1232707120S1K	ESO1356803120S1K	na	NZ_CP049075.1	1754511	1089319	62.0868	1086876	99.7757	1074785	98.8875	2443	0.2243	1077208	98.8882	21348	1.9598	9237	43.2687	6826	31.9749	7495	35.1087	6500	30.4478	88215	66.3663	100878	54.2606	0.9522
ESO1232707120S1K	ESO1357103120S1K	na	NZ_CP049075.1	1754511	435734	24.8351	434861	99.7996	429965	98.8741	873	0.2004	430815	98.8711	8310	1.9071	3391	40.8063	2541	30.5776	3121	37.5572	2495	30.0241	88215	81.6086	128644	62.0635	0.9568
ESO1232707120S1K	ESO1357104120S1K	na	NZ_CP049075.1	1754511	1377255	78.4979	1373572	99.7326	1356332	98.7449	3683	0.2674	1359933	98.7423	29181	2.1188	11859	40.6395	8286	28.3952	11217	38.4394	9071	31.0853	88215	93.9829	117357	68.0181	0.9675
ESO1232707120S1K	ESO1357107120S1K	na	NZ_CP049075.1	1754511	1403099	79.9709	1388669	98.9716	1376602	99.1310	14430	1.0284	1390900	99.1306	33603	2.3949	21404	63.6967	7635	22.7212	8556	25.4620	13889	41.3326	88215	54.1575	44994	100.0000	0.9744
ESO1232707120S1K	ESO1358301120S1K	na	NZ_CP049075.1	1754511	482787	27.5169	481757	99.7867	476795	98.9700	1030	0.2133	477822	98.9716	8898	1.8430	3933	44.2009	2906	32.6590	3058	34.3673	2697	30.3102	88215	60.3491	114929	46.8802	0.9475
ESO1232707120S1K	ESO1358304120S1K	na	NZ_CP049075.1	1754511	1420808	80.9803	1417131	99.7412	1398670	98.6973	3677	0.2588	1402271	98.6953	30640	2.1565	12103	39.5007	8541	27.8753	11153	36.4001	10306	33.6358	88215	66.3663	51874	85.3935	0.9635
ESO1232707120S1K	ESO1358602120S1K	na	NZ_CP049075.1	1754511	1209577	68.9410	1206744	99.7658	1192617	98.8293	2833	0.2342	1195403	98.8282	24386	2.0161	10212	41.8765	7456	30.5749	8578	35.1759	7774	31.8789	88215	87.7912	99829	76.1703	0.9764
ESO1232707120S1K	EST1212206101S1K	na	NZ_CP049075.1	1754511	1292399	73.6615	1289146	99.7483	1273661	98.7988	3253	0.2517	1276866	98.7981	27699	2.1432	12166	43.9222	9013	32.5391	9403	33.9471	8582	30.9831	88215	60.3491	85446	56.1946	0.9545
ESO1232707120S1K	EST1212704101S1K	na	NZ_CP049075.1	1754511	1198646	68.3180	1195839	99.7658	1182744	98.9050	2807	0.2342	1185523	98.9052	23614	1.9701	10491	44.4270	7749	32.8153	8118	34.3779	7117	30.1389	88215	60.3491	88279	54.8579	0.9531
ESO1232707120S1K	EST1232702101S1K	na	NZ_CP049075.1	1754511	1199529	68.3683	1196829	99.7749	1183207	98.8618	2700	0.2251	1185881	98.8622	23954	1.9970	10306	43.0241	7642	31.9028	8418	35.1424	7331	30.6045	88215	100.0000	126535	66.1619	0.9709
ESO1232707120S1K	EST1232710101S1K	na	NZ_CP049075.1	1754511	1372604	78.2329	1368780	99.7214	1350953	98.6976	3824	0.2786	1354709	98.6963	30426	2.2167	12531	41.1852	8860	29.1198	11015	36.2026	9888	32.4985	88215	81.6086	115001	61.9038	0.9619
ESO1232707120S1K	EST1232905101S1K	na	NZ_CP049075.1	1754511	1279802	72.9435	1276870	99.7709	1262363	98.8639	2932	0.2291	1265256	98.8634	25743	2.0115	11197	43.4953	8315	32.3000	8980	34.8833	7809	30.3345	88215	54.1575	90764	52.9571	0.9511
ESO1232707120S1K	EST1233822101S1K	na	NZ_CP049075.1	1754511	1255823	71.5768	1248783	99.4394	1235296	98.9200	7040	0.5606	1242261	98.9201	27888	2.2207	14326	51.3698	7528	26.9937	8771	31.4508	10145	36.3777	88215	100.0000	120979	74.4435	0.9745
ESO1232707120S1K	EST1233822201S1K	na	NZ_CP049075.1	1754511	1193204	68.0078	1189687	99.7052	1175192	98.7816	3517	0.2948	1178656	98.7808	25643	2.1491	11095	43.2672	7648	29.8249	8803	34.3291	8712	33.9742	88215	100.0000	142473	61.7268	0.9645
ESO1232707120S1K	EST1234702101S1K	na	NZ_CP049075.1	1754511	248417	14.1588	247949	99.8116	245357	98.9546	468	0.1884	245820	98.9546	4625	1.8618	2028	43.8486	1565	33.8378	1578	34.1189	1355	29.2973	88215	35.7660	100029	31.8218	0.9461
ESO1232707120S1K	EST1234704101S1K	na	NZ_CP049075.1	1754511	1439955	82.0716	1435741	99.7074	1417742	98.7464	4214	0.2926	1421888	98.7453	31627	2.1964	13560	42.8748	9484	29.9870	10788	34.1101	10608	33.5410	88215	24.5831	50396	38.4832	0.9424
ESO1232707120S1K	EST1236807101S1K	na	NZ_CP049075.1	1754511	1306736	74.4786	1303656	99.7643	1288427	98.8318	3080	0.2357	1291463	98.8312	26222	2.0067	10949	41.7550	7937	30.2685	9919	37.8270	7692	29.3341	88215	100.0000	139782	70.7595	0.9687
ESO1232707120S1K	EST1237103201S1K	na	NZ_CP049075.1	1754511	1310913	74.7167	1307159	99.7136	1290848	98.7522	3754	0.2864	1294544	98.7513	28672	2.1872	12303	42.9095	8621	30.0677	9616	33.5379	9803	34.1902	88215	46.0080	83812	50.8746	0.9422
ESO1232707120S1K	EST1238001101S1K	na	NZ_CP049075.1	1754511	1048447	59.7572	1046033	99.7698	1033497	98.8016	2414	0.2302	1035873	98.8007	20741	1.9783	8167	39.3761	5800	27.9639	7961	38.3829	6566	31.6571	88215	18.3914	20057	60.4776	0.9513
ESO1232707120S1K	EST1238002101S1K	na	NZ_CP049075.1	1754511	1356573	77.3192	1352757	99.7187	1336180	98.7746	3816	0.2813	1339927	98.7729	29721	2.1909	13075	43.9925	9413	31.6712	10174	34.2317	9404	31.6409	88215	87.7912	111899	63.6199	0.9636
ESO1232707120S1K	EST1241101101S1K	na	NZ_CP049075.1	1754511	1440718	82.1151	1436145	99.6826	1419117	98.8143	4573	0.3174	1423602	98.8120	31402	2.1796	14286	45.4939	9910	31.5585	10544	33.5775	10016	31.8961	88215	93.9829	116967	68.2030	0.9723
ESO1232707120S1K	EST1241104101S1K	na	NZ_CP049075.1	1754511	1349553	76.9190	1346212	99.7524	1329098	98.7287	3341	0.2476	1332376	98.7272	27322	2.0245	10145	37.1312	6897	25.2434	12626	46.2118	7325	26.8099	88215	58.2169	93863	56.4514	0.9497
ESO1232707120S1K	EST1242101101S1K	na	NZ_CP049075.1	1754511	387133	22.0650	386345	99.7965	382013	98.8787	788	0.2035	382793	98.8789	7467	1.9288	3127	41.8776	2350	31.4718	2646	35.4359	2307	30.8959	88215	60.3491	107133	51.0310	0.9540
ESO1232707120S1K	EST1242103101S1K	na	NZ_CP049075.1	1754511	1134524	64.6633	1131809	99.7607	1119007	98.8689	2715	0.2393	1121680	98.8679	22615	1.9933	9771	43.2058	7112	31.4482	8066	35.6666	6933	30.6566	88215	93.9829	123051	68.8918	0.9690
ESO1232707120S1K	EST1242207101S1K	na	NZ_CP049075.1	1754511	737824	42.0530	736257	99.7876	728134	98.8967	1567	0.2124	729679	98.8961	14030	1.9015	5885	41.9458	4340	30.9337	5155	36.7427	4191	29.8717	88215	100.0000	140321	69.0460	0.9626
ESO1232707120S1K	EST1242209101S1K	na	NZ_CP049075.1	1754511	1130930	64.4584	1127946	99.7361	1114743	98.8295	2984	0.2639	1117685	98.8288	23003	2.0340	9758	42.4206	6830	29.6918	8082	35.1345	7567	32.8957	88215	87.6257	127907	62.1436	0.9582
ESO1232707120S1K	EST1242704101S1K	na	NZ_CP049075.1	1754511	1466781	83.6006	1451752	98.9754	1439771	99.1747	15029	1.0246	1454665	99.1740	34462	2.3495	22346	64.8424	8007	23.2343	9128	26.4871	13572	39.3825	88215	81.7741	84615	85.7850	0.9765
ESO1232707120S1K	EST1242801101S1K	na	NZ_CP049075.1	1754511	1376320	78.4446	1372418	99.7165	1355743	98.7850	3902	0.2835	1359591	98.7845	28523	2.0724	11794	41.3491	7987	28.0020	10949	38.3866	8935	31.3256	88215	100.0000	106954	64.0724	0.9596
ESO1232707120S1K	EST1242802101S1K	na	NZ_CP049075.1	1754511	1359369	77.4785	1354009	99.6057	1338846	98.8801	5360	0.3943	1344153	98.8807	29273	2.1534	14057	48.0204	8889	30.3659	9637	32.9211	9559	32.6547	88215	58.2169	77610	59.7165	0.9568
ESO1232707120S1K	EST1242804101S1K	na	NZ_CP049075.1	1754511	1373916	78.3076	1365669	99.3997	1351074	98.9313	8247	0.6003	1359233	98.9313	30359	2.2097	15676	51.6354	7737	25.4850	10200	33.5979	10583	34.8595	88215	54.1575	69079	62.1694	0.9582
ESO1232707120S1K	EST1242805101S1K	na	NZ_CP049075.1	1754511	1277180	72.7941	1274204	99.7670	1259120	98.8162	2976	0.2330	1262060	98.8161	26060	2.0404	10940	41.9800	8030	30.8135	9235	35.4375	8285	31.7920	88215	100.0000	153813	64.8281	0.9606
ESO1232707120S1K	EST1247101101S1K	na	NZ_CP049075.1	1754511	913367	52.0582	911232	99.7662	901084	98.8863	2135	0.2338	903201	98.8870	18001	1.9708	7835	43.5254	5719	31.7705	6358	35.3203	5438	30.2094	88215	93.9829	120859	68.5410	0.9684
ESO1232707120S1K	EST1247106101S1K	na	NZ_CP049075.1	1754511	1342498	76.5169	1338842	99.7277	1322119	98.7509	3656	0.2723	1325702	98.7489	29431	2.1923	12635	42.9309	9121	30.9911	10562	35.8873	9121	30.9911	88215	66.3663	106665	60.1050	0.9541
ESO1232707120S1K	EST1247109101S1K	na	NZ_CP049075.1	1754511	1434978	81.7879	1431141	99.7326	1413317	98.7546	3837	0.2674	1417081	98.7528	30815	2.1474	12918	41.9211	9250	30.0178	11443	37.1345	9342	30.3164	88215	100.0000	129147	72.5298	0.9749
ESO1232707120S1K	EST1247203101S1K	na	NZ_CP049075.1	1754511	1227370	69.9551	1223533	99.6874	1209097	98.8201	3837	0.3126	1212873	98.8189	26097	2.1263	11600	44.4496	7892	30.2410	9194	35.2301	8316	31.8657	88215	87.9465	93469	59.7235	0.9582
ESO1232707120S1K	EST1247206101S1K	na	NZ_CP049075.1	1754511	1239725	70.6593	1236496	99.7395	1220660	98.7193	3229	0.2605	1223821	98.7171	26983	2.1765	11079	41.0592	7945	29.4445	10057	37.2716	8461	31.3568	88215	93.9829	127972	65.3471	0.9641
ESO1232707120S1K	EST1254306101S1K	na	NZ_CP049075.1	1754511	174308	9.9348	173961	99.8009	171956	98.8474	347	0.1991	172300	98.8480	3163	1.8146	1155	36.5160	811	25.6402	1480	46.7910	815	25.7667	88215	33.6337	76013	51.1610	0.9519
ESO1232707120S1K	EST1256811101S1K	na	NZ_CP049075.1	1754511	1199438	68.3631	1196538	99.7582	1182403	98.8187	2900	0.2418	1185252	98.8173	24257	2.0224	10071	41.5179	7264	29.9460	9249	38.1292	7145	29.4554	88215	100.0000	139306	70.6552	0.9689
ESO1232707120S1K	EST1350502101S1K	na	NZ_CP049075.1	1754511	687052	39.1592	684681	99.6549	677836	99.0003	2371	0.3451	680184	99.0004	12926	1.8814	6058	46.8668	3759	29.0809	4526	35.0147	4112	31.8119	88215	81.7741	126094	59.1321	0.9535
ESO1232707120S1K	EST1350510101S1K	na	NZ_CP049075.1	1754511	1133511	64.6055	1130329	99.7193	1115520	98.6899	3182	0.2807	1118631	98.6873	25913	2.2861	11033	42.5771	7986	30.8185	9052	34.9323	8310	32.0688	88215	93.9829	117862	68.0457	0.9722
ESO1232707120S1K	EST1350804101S1K	na	NZ_CP049075.1	1754511	1406054	80.1394	1400965	99.6381	1382618	98.6904	5089	0.3619	1387614	98.6885	32668	2.3234	14228	43.5533	9346	28.6090	10738	32.8701	11591	35.4812	88215	66.3663	75045	71.6650	0.9670
ESO1232707120S1K	EST1350807101S1K	na	NZ_CP049075.1	1754511	1340936	76.4279	1337809	99.7668	1321426	98.7754	3127	0.2332	1324508	98.7749	27777	2.0715	11349	40.8575	8293	29.8556	10070	36.2530	8838	31.8177	88215	100.0000	134701	62.9795	0.9662
ESO1232707120S1K	EST1356604101S1K	na	NZ_CP049075.1	1754511	1353239	77.1291	1349334	99.7114	1332489	98.7516	3905	0.2886	1336321	98.7498	28976	2.1412	12058	41.6137	8272	28.5478	10260	35.4086	9774	33.7314	88215	51.8597	91591	58.2743	0.9483
ESO1232707120S1K	EST1356611101S1K	na	NZ_CP049075.1	1754511	844442	48.1298	842420	99.7606	832572	98.8310	2022	0.2394	834566	98.8305	16889	2.0000	7013	41.5241	5036	29.8182	6025	35.6741	5367	31.7781	88215	18.2259	57584	34.9073	0.9330
ESO1232707120S1K	EST1357103101S1K	na	NZ_CP049075.1	1754511	961956	54.8276	959830	99.7790	948657	98.8359	2126	0.2210	950749	98.8350	18592	1.9327	7385	39.7214	5295	28.4800	7289	39.2050	5589	30.0613	88215	93.9829	133245	62.9577	0.9611
ESO1232707120S1K	EST1357107101S1K	na	NZ_CP049075.1	1754511	1373076	78.2598	1368972	99.7011	1352009	98.7609	4104	0.2989	1356015	98.7575	30613	2.2295	13552	44.2688	9609	31.3886	10229	33.4139	9990	32.6332	88215	41.7831	78769	46.7202	0.9456
ESO1232707120S1K	EST1358301101S1K	na	NZ_CP049075.1	1754511	808030	46.0544	806311	99.7873	797461	98.9024	1719	0.2127	799164	98.9028	15703	1.9434	6837	43.5395	5145	32.7644	5417	34.4966	4730	30.1216	88215	60.3491	94377	52.1589	0.9567
ESO1232707120S1K	EST1358301201S1K	na	NZ_CP049075.1	1754511	1313217	74.8480	1310099	99.7626	1295276	98.8686	3118	0.2374	1298359	98.8686	26636	2.0283	11778	44.2184	8712	32.7076	9067	34.0404	8167	30.6615	88215	66.3663	102933	52.2000	0.9504
ESO1232707120S1K	EST1358302101S1K	na	NZ_CP049075.1	1754511	855727	48.7730	853854	99.7811	844411	98.8941	1873	0.2189	846270	98.8949	16522	1.9308	7065	42.7612	5210	31.5337	5824	35.2500	5029	30.4382	88215	93.9829	133967	62.4318	0.9611
ESO1232707120S1K	EST1358602101S1K	na	NZ_CP049075.1	1754511	480472	27.3850	479381	99.7729	473775	98.8306	1091	0.2271	474840	98.8278	9402	1.9568	3770	40.0979	2706	28.7811	3328	35.3967	3134	33.3333	88215	63.3634	80640	70.0322	0.9727
ESO1232707120S1K	EST1359005101S1K	na	NZ_CP049075.1	1754511	1363302	77.7027	1358461	99.6449	1341813	98.7745	4841	0.3551	1346584	98.7737	29520	2.1653	12802	43.3672	8093	27.4153	10349	35.0576	10204	34.5664	88215	100.0000	136370	65.0216	0.9690
ESO1232707120S1K	EST1359006101S1K	na	NZ_CP049075.1	1754511	573434	32.6834	572141	99.7745	565094	98.7683	1293	0.2255	566366	98.7674	11472	2.0006	4404	38.3891	3136	27.3361	4307	37.5436	3813	33.2374	88215	93.9829	151742	58.8822	0.9538
ESO1232707120S1K	EST1359007101S1K	na	NZ_CP049075.1	1754511	1369307	78.0449	1365787	99.7429	1348748	98.7524	3520	0.2571	1352217	98.7519	28635	2.0912	11545	40.3178	8105	28.3045	10843	37.8662	9148	31.9469	88215	100.0000	147634	67.9166	0.9643
ESO1232707120S1K	EST1361001101S1K	na	NZ_CP049075.1	1754511	1168508	66.6002	1165874	99.7746	1152180	98.8254	2634	0.2254	1154784	98.8255	23028	1.9707	9304	40.4030	6703	29.1080	8689	37.7323	7154	31.0665	88215	100.0000	155104	62.1983	0.9554
ESO1232707120S1K	EST1361002101S1K	na	NZ_CP049075.1	1754511	1419028	80.8788	1414811	99.7028	1397805	98.7980	4217	0.2972	1401941	98.7959	30923	2.1792	13836	44.7434	9802	31.6981	10432	33.7354	9910	32.0473	88215	100.0000	120862	69.1640	0.9743
ESO1232707120S1K	EST1361007101S1K	na	NZ_CP049075.1	1754511	1430211	81.5162	1425833	99.6939	1408438	98.7800	4378	0.3061	1412731	98.7778	31231	2.1837	13751	44.0300	9567	30.6330	10775	34.5010	10136	32.4549	88215	100.0000	126515	68.4448	0.9612
ESO1232707120S1K	EST2359005102S1K	na	NZ_CP049075.1	1754511	1347991	76.8300	1341627	99.5279	1325000	98.7607	6364	0.4721	1331249	98.7580	30843	2.2881	14101	45.7186	8016	25.9897	10552	34.2120	10920	35.4051	88215	100.0000	128523	68.6819	0.9736
ESO1232710120S1K	ESO1232711120S1K	na	NZ_CP049075.1	1754511	1404447	80.0478	1394428	99.2866	1380393	98.9935	10019	0.7134	1390294	98.9923	31380	2.2343	17227	54.8980	7356	23.4417	12655	40.3282	8671	27.6322	99149	100.0000	145197	75.4885	0.9721
ESO1232710120S1K	ESO1236812120S1K	na	NZ_CP049075.1	1754511	1260059	71.8182	1251310	99.3057	1238952	99.0124	8749	0.6943	1247585	99.0100	27654	2.1947	15180	54.8926	6580	23.7940	10851	39.2384	7822	28.2852	99149	92.7695	118612	82.3416	0.9737
ESO1232710120S1K	ESO1238001120S1K	na	NZ_CP049075.1	1754511	1424967	81.2173	1414282	99.2502	1401832	99.1197	10685	0.7498	1412389	99.1173	31931	2.2408	19353	60.6088	8968	28.0856	12106	37.9130	7662	23.9955	99149	7.2305	12556	57.9165	0.9443
ESO1232710120S1K	ESO1238002120S1K	na	NZ_CP049075.1	1754511	1473616	83.9901	1462512	99.2465	1448286	99.0273	11104	0.7535	1459232	99.0239	34096	2.3138	19712	57.8132	8964	26.2905	12685	37.2038	9142	26.8125	99149	100.0000	106621	94.0847	0.9923
ESO1232710120S1K	ESO1241104120S1K	na	NZ_CP049075.1	1754511	1324314	75.4805	1314009	99.2219	1301104	99.0179	10305	0.7781	1311279	99.0157	28930	2.1845	15895	54.9430	5857	20.2454	13842	47.8465	7017	24.2551	99149	35.3478	59035	71.1002	0.9481
ESO1232710120S1K	ESO1241108220S1K	na	NZ_CP049075.1	1754511	1463840	83.4329	1452212	99.2057	1436423	98.9128	11628	0.7943	1447849	98.9076	35530	2.4272	19539	54.9930	8388	23.6082	13627	38.3535	10558	29.7157	99149	81.4875	104879	87.4207	0.9745
ESO1232710120S1K	ESO1242101120S1K	na	NZ_CP049075.1	1754511	341104	19.4415	338882	99.3486	335736	99.0717	2222	0.6514	337937	99.0715	6991	2.0495	3824	54.6989	1623	23.2156	2814	40.2518	1937	27.7071	99149	70.6835	115160	80.9404	0.9492
ESO1232710120S1K	ESO1242208120S1K	na	NZ_CP049075.1	1754511	1436558	81.8780	1425919	99.2594	1411250	98.9713	10639	0.7406	1421750	98.9692	33200	2.3111	18392	55.3976	7937	23.9066	12975	39.0813	9380	28.2530	99149	100.0000	136600	84.1384	0.9772
ESO1232710120S1K	ESO1242209120S1K	na	NZ_CP049075.1	1754511	1462035	83.3301	1450157	99.1876	1434563	98.9247	11878	0.8124	1446250	98.9203	35571	2.4330	19786	55.6240	8398	23.6091	13206	37.1257	10953	30.7919	99149	18.8202	33978	66.8521	0.9444
ESO1232710120S1K	ESO1242704120S1K	na	NZ_CP049075.1	1754511	1425394	81.2417	1414582	99.2415	1399202	98.9128	10812	0.7585	1409802	98.9061	34415	2.4144	18823	54.6942	8417	24.4574	13474	39.1515	9716	28.2319	99149	67.1525	79627	85.7661	0.9700
ESO1232710120S1K	ESO1242801120S1K	na	NZ_CP049075.1	1754511	1426958	81.3308	1416853	99.2919	1405330	99.1867	10105	0.7081	1415329	99.1850	30043	2.1054	18414	61.2921	8472	28.1996	11593	38.5880	6923	23.0436	99149	100.0000	127121	86.9660	0.9829
ESO1232710120S1K	ESO1242805120S1K	na	NZ_CP049075.1	1754511	593944	33.8524	590089	99.3509	584552	99.0617	3855	0.6491	588353	99.0587	12266	2.0652	6675	54.4187	2874	23.4306	4961	40.4451	3276	26.7080	99149	100.0000	147988	78.3503	0.9608
ESO1232710120S1K	ESO1247101120S1K	na	NZ_CP049075.1	1754511	1204623	68.6586	1196277	99.3072	1184078	98.9803	8346	0.6928	1192328	98.9793	26960	2.2380	14665	54.3954	6437	23.8761	10582	39.2507	7698	28.5534	99149	100.0000	127431	90.5808	0.9829
ESO1232710120S1K	ESO1247203120S1K	na	NZ_CP049075.1	1754511	1421064	80.9949	1405648	98.9152	1393284	99.1204	15416	1.0848	1408525	99.1176	34830	2.4510	22291	63.9994	8065	23.1553	11783	33.8300	11527	33.0950	99149	74.3830	91787	81.0191	0.9737
ESO1232710120S1K	ESO1247206120S1K	na	NZ_CP049075.1	1754511	1462526	83.3580	1438609	98.3647	1431709	99.5204	23917	1.6353	1455457	99.5167	37406	2.5576	30337	81.1020	9934	26.5572	9278	24.8035	12794	34.2031	99149	57.4217	70823	85.6854	0.9668
ESO1232710120S1K	ESO1247208120S1K	na	NZ_CP049075.1	1754511	1448504	82.5588	1437500	99.2403	1422833	98.9797	11004	0.7597	1433640	98.9738	33331	2.3011	18467	55.4049	7763	23.2906	13812	41.4389	9030	27.0919	99149	92.7695	129263	83.2752	0.9731
ESO1232710120S1K	ESO1254306120S1K	na	NZ_CP049075.1	1754511	1324073	75.4668	1314335	99.2645	1301285	99.0071	9738	0.7355	1310890	99.0044	28851	2.1790	15668	54.3066	6150	21.3164	13881	48.1127	6629	22.9767	99149	55.7141	88346	80.8967	0.9534
ESO1232710120S1K	ESO1256801120S1K	na	NZ_CP049075.1	1754511	1481486	84.4387	1463793	98.8057	1454323	99.3531	17693	1.1943	1471867	99.3507	35113	2.3701	25494	72.6056	9497	27.0470	10880	30.9857	10217	29.0975	99149	61.1514	50342	100.0000	0.9712
ESO1232710120S1K	ESO1256804120S1K	na	NZ_CP049075.1	1754511	1445620	82.3945	1424310	98.5259	1415873	99.4076	21310	1.4741	1437031	99.4059	36111	2.4980	27522	76.2150	8650	23.9539	10386	28.7613	12663	35.0669	99149	42.5783	59514	72.4384	0.9561
ESO1232710120S1K	ESO1350502120S1K	na	NZ_CP049075.1	1754511	989536	56.3995	981671	99.2052	974534	99.2730	7865	0.7948	982352	99.2740	19835	2.0045	12651	63.7812	5192	26.1760	7007	35.3264	5226	26.3474	99149	92.7695	111375	95.1695	0.9810
ESO1232710120S1K	ESO1350804120S1K	na	NZ_CP049075.1	1754511	1145144	65.2686	1137103	99.2978	1126325	99.0522	8041	0.7022	1134289	99.0521	24632	2.1510	13777	55.9313	5917	24.0216	9747	39.5705	6691	27.1639	99149	100.0000	145498	81.5564	0.9712
ESO1232710120S1K	ESO1350807120S1K	na	NZ_CP049075.1	1754511	857110	48.8518	851533	99.3493	843210	99.0226	5577	0.6507	848723	99.0215	18016	2.1019	9629	53.4469	4136	22.9574	7192	39.9201	5199	28.8577	99149	86.7381	135115	77.1417	0.9566
ESO1232710120S1K	ESO1356601120S1K	na	NZ_CP049075.1	1754511	1265694	72.1394	1250801	98.8233	1240748	99.1963	14893	1.1767	1255507	99.1951	30932	2.4439	20745	67.0665	7150	23.1152	10135	32.7654	10380	33.5575	99149	70.6835	89625	86.5975	0.9711
ESO1232710120S1K	ESO1356602120S1K	na	NZ_CP049075.1	1754511	1317422	75.0877	1302232	98.8470	1291207	99.1534	15190	1.1530	1306219	99.1496	32570	2.4723	21367	65.6033	7500	23.0273	11188	34.3506	10459	32.1124	99149	100.0000	119872	90.4381	0.9872
ESO1232710120S1K	ESO1356803120S1K	na	NZ_CP049075.1	1754511	1108523	63.1813	1101184	99.3379	1090656	99.0439	7339	0.6621	1097906	99.0422	23534	2.1230	12917	54.8865	5684	24.1523	9491	40.3289	6308	26.8038	99149	70.6835	100878	82.2003	0.9645
ESO1232710120S1K	ESO1357103120S1K	na	NZ_CP049075.1	1754511	450938	25.7016	447956	99.3387	444501	99.2287	2982	0.6613	447461	99.2289	8939	1.9823	5462	61.1030	2502	27.9897	3493	39.0760	1931	21.6020	99149	93.9687	128644	90.0197	0.9596
ESO1232710120S1K	ESO1357104120S1K	na	NZ_CP049075.1	1754511	1417400	80.7860	1407144	99.2764	1395259	99.1554	10256	0.7236	1405385	99.1523	30645	2.1621	18630	60.7930	8580	27.9980	11875	38.7502	7080	23.1033	99149	100.0000	117357	90.7948	0.9858
ESO1232710120S1K	ESO1357107120S1K	na	NZ_CP049075.1	1754511	1406641	80.1728	1386585	98.5742	1377132	99.3183	20056	1.4258	1397005	99.3150	35706	2.5384	26070	73.0129	7979	22.3464	10641	29.8017	12829	35.9295	99149	37.8360	44994	87.6361	0.9597
ESO1232710120S1K	ESO1358301120S1K	na	NZ_CP049075.1	1754511	496006	28.2703	492998	99.3936	488309	99.0489	3008	0.6064	491284	99.0480	10113	2.0389	5391	53.3076	2416	23.8900	4110	40.6408	2768	27.3707	99149	70.6835	114929	79.0967	0.9490
ESO1232710120S1K	ESO1358304120S1K	na	NZ_CP049075.1	1754511	1424783	81.2068	1414188	99.2564	1399177	98.9385	10595	0.7436	1409599	98.9343	33153	2.3269	17969	54.2002	7639	23.0417	13521	40.7836	9270	27.9613	99149	45.0665	51874	77.3914	0.9582
ESO1232710120S1K	ESO1358602120S1K	na	NZ_CP049075.1	1754511	1215783	69.2947	1207437	99.3135	1196527	99.0964	8346	0.6865	1204807	99.0972	25777	2.1202	14801	57.4194	6562	25.4568	9903	38.4180	6652	25.8060	99149	74.3830	99829	78.2428	0.9689
ESO1232710120S1K	EST1212206101S1K	na	NZ_CP049075.1	1754511	1304538	74.3534	1295022	99.2705	1281037	98.9201	9516	0.7295	1290405	98.9166	30779	2.3594	16646	54.0823	7313	23.7597	12009	39.0169	8893	28.8931	99149	70.6835	85446	93.4754	0.9735
ESO1232710120S1K	EST1212704101S1K	na	NZ_CP049075.1	1754511	1215276	69.2658	1206924	99.3127	1195332	99.0395	8352	0.6873	1203588	99.0382	26178	2.1541	14490	55.3518	6251	23.8788	10391	39.6936	7226	27.6033	99149	70.6835	88279	93.4673	0.9719
ESO1232710120S1K	EST1232702101S1K	na	NZ_CP049075.1	1754511	1217729	69.4056	1209436	99.3190	1197472	99.0108	8293	0.6810	1205653	99.0083	26423	2.1699	14347	54.2974	6183	23.4001	10595	40.0976	7428	28.1119	99149	100.0000	126535	86.9111	0.9833
ESO1232710120S1K	EST1232710101S1K	na	NZ_CP049075.1	1754511	1433065	81.6789	1422242	99.2448	1421601	99.9549	10823	0.7552	1432411	99.9544	26012	1.8151	25358	97.4858	15169	58.3154	4549	17.4881	785	3.0178	99149	93.9687	115001	85.2245	0.9803
ESO1232710120S1K	EST1232905101S1K	na	NZ_CP049075.1	1754511	1305138	74.3876	1296306	99.3233	1283221	98.9906	8832	0.6767	1291932	98.9882	28648	2.1950	15442	53.9025	6759	23.5933	11514	40.1913	8009	27.9566	99149	70.6835	90764	88.3302	0.9704
ESO1232710120S1K	EST1233822101S1K	na	NZ_CP049075.1	1754511	1267844	72.2620	1255369	99.0160	1244224	99.1122	12475	0.9840	1256575	99.1112	29846	2.3541	18577	62.2428	6826	22.8707	10464	35.0600	9576	32.0847	99149	92.7695	120979	88.3145	0.9782
ESO1232710120S1K	EST1233822201S1K	na	NZ_CP049075.1	1754511	1200593	68.4289	1191660	99.2560	1179646	98.9918	8933	0.7440	1188460	98.9894	27339	2.2771	15206	55.6202	6426	23.5049	10409	38.0738	8162	29.8548	99149	92.7695	142473	73.8154	0.9653
ESO1232710120S1K	EST1234702101S1K	na	NZ_CP049075.1	1754511	256008	14.5914	254407	99.3746	252029	99.0653	1601	0.6254	253613	99.0645	5290	2.0663	2895	54.7259	1311	24.7826	2148	40.6049	1411	26.6730	99149	64.6522	100029	81.5963	0.9580
ESO1232710120S1K	EST1234704101S1K	na	NZ_CP049075.1	1754511	1455170	82.9388	1444071	99.2373	1428585	98.9276	11099	0.7627	1439520	98.9245	34419	2.3653	18769	54.5309	7996	23.2314	13157	38.2260	10243	29.7597	99149	31.6483	50396	71.0255	0.9439
ESO1232710120S1K	EST1236807101S1K	na	NZ_CP049075.1	1754511	1320733	75.2764	1311533	99.3034	1298926	99.0388	9200	0.6966	1308009	99.0366	28464	2.1552	15740	55.2979	6681	23.4718	11927	41.9021	7421	26.0715	99149	92.7695	139782	80.6656	0.9669
ESO1232710120S1K	EST1237103201S1K	na	NZ_CP049075.1	1754511	1328845	75.7388	1318993	99.2586	1304665	98.9137	9852	0.7414	1314375	98.9111	31272	2.3533	16802	53.7286	7160	22.8959	11955	38.2291	9637	30.8167	99149	60.9648	83812	86.5210	0.9605
ESO1232710120S1K	EST1238001101S1K	na	NZ_CP049075.1	1754511	1065866	60.7500	1058778	99.3350	1050234	99.1930	7088	0.6650	1057257	99.1923	21462	2.0136	12853	59.8872	5841	27.2155	8436	39.3067	5001	23.3016	99149	13.2619	20057	71.2170	0.9466
ESO1232710120S1K	EST1238002101S1K	na	NZ_CP049075.1	1754511	1392184	79.3488	1381418	99.2267	1367900	99.0214	10766	0.7733	1378508	99.0177	32627	2.3436	18951	58.0838	8564	26.2482	12078	37.0184	8745	26.8030	99149	100.0000	111899	89.6371	0.9892
ESO1232710120S1K	EST1241101101S1K	na	NZ_CP049075.1	1754511	1466332	83.5750	1454654	99.2036	1439581	98.9638	11678	0.7964	1451066	98.9589	34912	2.3809	19646	56.2729	8431	24.1493	13388	38.3478	10129	29.0129	99149	100.0000	116967	90.8085	0.9884
ESO1232710120S1K	EST1241104101S1K	na	NZ_CP049075.1	1754511	1379796	78.6428	1369894	99.2824	1355875	98.9766	9902	0.7176	1365641	98.9741	30035	2.1768	15880	52.8716	6176	20.5627	14766	49.1626	6932	23.0797	99149	60.9648	93863	82.1112	0.9561
ESO1232710120S1K	EST1242101101S1K	na	NZ_CP049075.1	1754511	396612	22.6053	394013	99.3447	390370	99.0754	2599	0.6553	392941	99.0744	8211	2.0703	4540	55.2917	1974	24.0409	3292	40.0926	2249	27.3901	99149	63.4530	107133	76.9641	0.9539
ESO1232710120S1K	EST1242103101S1K	na	NZ_CP049075.1	1754511	1153588	65.7498	1145842	99.3285	1134569	99.0162	7746	0.6715	1142197	99.0126	24898	2.1583	13507	54.2493	5913	23.7489	10069	40.4410	6894	27.6890	99149	100.0000	123051	91.1646	0.9820
ESO1232710120S1K	EST1242207101S1K	na	NZ_CP049075.1	1754511	750906	42.7986	746273	99.3830	739420	99.0817	4633	0.6170	744009	99.0815	15145	2.0169	8248	54.4602	3661	24.1730	6107	40.3235	4049	26.7349	99149	100.0000	140321	84.3181	0.9689
ESO1232710120S1K	EST1242209101S1K	na	NZ_CP049075.1	1754511	1150105	65.5513	1142105	99.3044	1131175	99.0430	8000	0.6956	1139064	99.0400	24751	2.1521	13710	55.3917	5903	23.8495	9599	38.7823	7140	28.8473	99149	86.7381	127907	80.6265	0.9669
ESO1232710120S1K	EST1242704101S1K	na	NZ_CP049075.1	1754511	1485989	84.6953	1465181	98.5997	1456019	99.3747	20808	1.4003	1476661	99.3723	37059	2.4939	27731	74.8293	9197	24.8172	10762	29.0402	12222	32.9798	99149	74.3830	84615	92.5533	0.9761
ESO1232710120S1K	EST1242801101S1K	na	NZ_CP049075.1	1754511	1421348	81.0111	1411038	99.2746	1399568	99.1871	10310	0.7254	1409785	99.1865	30088	2.1169	18525	61.5694	8415	27.9680	11496	38.2079	7090	23.5642	99149	100.0000	106954	84.8066	0.9715
ESO1232710120S1K	EST1242802101S1K	na	NZ_CP049075.1	1754511	1382119	78.7752	1370358	99.1491	1357156	99.0366	11761	0.8509	1368774	99.0345	32209	2.3304	18864	58.5675	7646	23.7387	12180	37.8155	9423	29.2558	99149	68.1953	77610	86.1397	0.9679
ESO1232710120S1K	EST1242804101S1K	na	NZ_CP049075.1	1754511	1415467	80.6759	1401309	98.9998	1391360	99.2900	14158	1.0002	1405405	99.2891	31931	2.2559	21869	68.4883	8727	27.3308	10817	33.8762	8728	27.3339	99149	63.4530	69079	92.3160	0.9700
ESO1232710120S1K	EST1242805101S1K	na	NZ_CP049075.1	1754511	1293004	73.6960	1284223	99.3209	1271522	99.0110	8781	0.6791	1280188	99.0088	28152	2.1773	15336	54.4757	6715	23.8527	11135	39.5531	7884	28.0051	99149	100.0000	153813	78.5103	0.9669
ESO1232710120S1K	EST1247101101S1K	na	NZ_CP049075.1	1754511	928742	52.9345	922379	99.3149	913372	99.0235	6363	0.6851	919647	99.0207	20012	2.1547	10917	54.5523	4645	23.2111	8182	40.8855	5540	27.6834	99149	100.0000	120859	95.1456	0.9805
ESO1232710120S1K	EST1247106101S1K	na	NZ_CP049075.1	1754511	1364145	77.7507	1353761	99.2388	1339594	98.9535	10384	0.7612	1349830	98.9506	32218	2.3618	17903	55.5683	7848	24.3591	12645	39.2482	8875	27.5467	99149	70.6835	106665	79.7047	0.9609
ESO1232710120S1K	EST1247109101S1K	na	NZ_CP049075.1	1754511	1456733	83.0279	1445633	99.2380	1430536	98.9557	11100	0.7620	1441443	98.9504	34008	2.3345	18718	55.0400	7937	23.3386	13982	41.1139	9292	27.3230	99149	92.7695	129147	83.2625	0.9732
ESO1232710120S1K	EST1247203101S1K	na	NZ_CP049075.1	1754511	1245397	70.9826	1236128	99.2557	1225315	99.1253	9269	0.7443	1234515	99.1262	27216	2.1853	16334	60.0162	7243	26.6130	10094	37.0885	7079	26.0104	99149	86.7684	93469	88.0142	0.9745
ESO1232710120S1K	EST1247206101S1K	na	NZ_CP049075.1	1754511	1278596	72.8748	1269160	99.2620	1257342	99.0688	9436	0.7380	1266654	99.0660	29069	2.2735	17127	58.9184	7959	27.3797	11063	38.0577	7194	24.7480	99149	100.0000	127972	86.6721	0.9821
ESO1232710120S1K	EST1254306101S1K	na	NZ_CP049075.1	1754511	181618	10.3515	180502	99.3855	178842	99.0803	1116	0.6145	179954	99.0838	3511	1.9332	1847	52.6061	737	20.9912	1766	50.2991	744	21.1905	99149	54.9335	76013	100.0000	0.9387
ESO1232710120S1K	EST1256811101S1K	na	NZ_CP049075.1	1754511	1212405	69.1022	1204065	99.3121	1192363	99.0281	8340	0.6879	1200588	99.0253	26122	2.1546	14305	54.7623	6108	23.3826	10936	41.8651	6852	26.2308	99149	92.7695	139306	80.7424	0.9672
ESO1232710120S1K	EST1350502101S1K	na	NZ_CP049075.1	1754511	704967	40.1803	699737	99.2581	694013	99.1820	5230	0.7419	699205	99.1827	14264	2.0234	8502	59.6046	3491	24.4742	5578	39.1054	3818	26.7667	99149	92.7695	126094	86.7583	0.9655
ESO1232710120S1K	EST1350510101S1K	na	NZ_CP049075.1	1754511	1153911	65.7682	1144929	99.2216	1134192	99.0622	8982	0.7784	1143053	99.0590	27240	2.3607	16382	60.1395	7637	28.0360	9751	35.7966	6858	25.1762	99149	100.0000	117862	90.8172	0.9886
ESO1232710120S1K	EST1350804101S1K	na	NZ_CP049075.1	1754511	1425448	81.2447	1413569	99.1666	1397720	98.8788	11879	0.8334	1409408	98.8747	35591	2.4968	19551	54.9324	8243	23.1603	13106	36.8239	11278	31.6878	99149	58.2023	75045	78.5196	0.9628
ESO1232710120S1K	EST1350807101S1K	na	NZ_CP049075.1	1754511	1367830	77.9608	1358361	99.3077	1344221	98.9590	9469	0.6923	1353567	98.9573	30680	2.2430	16417	53.5104	7093	23.1193	12303	40.1010	8743	28.4974	99149	100.0000	134701	79.5666	0.9728
ESO1232710120S1K	EST1356604101S1K	na	NZ_CP049075.1	1754511	1390110	79.2306	1379650	99.2475	1365399	98.9671	10460	0.7525	1375709	98.9640	31943	2.2979	17542	54.9166	7337	22.9690	12512	39.1698	9462	29.6215	99149	62.1640	91591	69.2994	0.9541
ESO1232710120S1K	EST1356611101S1K	na	NZ_CP049075.1	1754511	861821	49.1203	855879	99.3105	847392	99.0084	5942	0.6895	853257	99.0063	18654	2.1645	10090	54.0903	4279	22.9388	7544	40.4417	5189	27.8171	99149	25.6170	57584	53.8014	0.9387
ESO1232710120S1K	EST1357103101S1K	na	NZ_CP049075.1	1754511	988423	56.3361	982156	99.3660	974552	99.2258	6267	0.6340	980756	99.2243	19201	1.9426	11534	60.0698	5339	27.8058	7585	39.5032	4341	22.6082	99149	100.0000	133245	86.7995	0.9762
ESO1232710120S1K	EST1357107101S1K	na	NZ_CP049075.1	1754511	1404758	80.0655	1393606	99.2061	1378156	98.8914	11152	0.7939	1389122	98.8869	34580	2.4616	18944	54.7831	8200	23.7131	13180	38.1145	10253	29.6501	99149	64.6522	78769	85.4575	0.9693
ESO1232710120S1K	EST1358301101S1K	na	NZ_CP049075.1	1754511	821678	46.8323	816218	99.3355	808358	99.0370	5460	0.6645	813753	99.0355	17434	2.1218	9509	54.5428	4134	23.7123	6991	40.0998	4784	27.4406	99149	70.6835	94377	85.1913	0.9684
ESO1232710120S1K	EST1358301201S1K	na	NZ_CP049075.1	1754511	1333922	76.0281	1324600	99.3012	1311427	99.0055	9322	0.6988	1320640	99.0043	29498	2.2114	16216	54.9732	7032	23.8389	11658	39.5213	8268	28.0290	99149	70.6835	102933	78.1780	0.9632
ESO1232710120S1K	EST1358302101S1K	na	NZ_CP049075.1	1754511	871423	49.6676	865705	99.3438	857449	99.0463	5718	0.6562	863102	99.0451	18269	2.0965	9948	54.4529	4300	23.5371	7398	40.4948	5035	27.5603	99149	100.0000	133967	86.0891	0.9727
ESO1232710120S1K	EST1358602101S1K	na	NZ_CP049075.1	1754511	485060	27.6464	481815	99.3310	477472	99.0986	3245	0.6690	480690	99.0991	10021	2.0659	5651	56.3916	2442	24.3688	4003	39.9461	2602	25.9655	99149	62.9225	80640	80.1252	0.9731
ESO1232710120S1K	EST1359005101S1K	na	NZ_CP049075.1	1754511	1387416	79.0771	1376172	99.1896	1362448	99.0027	11244	0.8104	1373547	99.0004	32059	2.3107	18190	56.7391	7332	22.8703	12316	38.4167	9580	29.8824	99149	92.7695	136370	77.3359	0.9690
ESO1232710120S1K	EST1359006101S1K	na	NZ_CP049075.1	1754511	584452	33.3114	580439	99.3134	574667	99.0056	4013	0.6866	578648	99.0069	12613	2.1581	6809	53.9840	2850	22.5957	5164	40.9419	3508	27.8126	99149	92.7695	151742	73.5492	0.9503
ESO1232710120S1K	EST1359007101S1K	na	NZ_CP049075.1	1754511	1409358	80.3277	1399196	99.2790	1384913	98.9792	10162	0.7210	1394940	98.9770	31609	2.2428	17191	54.3864	7205	22.7941	13110	41.4755	8766	27.7326	99149	100.0000	147634	80.9813	0.9706
ESO1232710120S1K	EST1361001101S1K	na	NZ_CP049075.1	1754511	1197930	68.2771	1190009	99.3388	1178869	99.0639	7921	0.6612	1186725	99.0646	25112	2.0963	13907	55.3799	6065	24.1518	10331	41.1397	6502	25.8920	99149	100.0000	155104	75.9497	0.9662
ESO1232710120S1K	EST1361002101S1K	na	NZ_CP049075.1	1754511	1443536	82.2757	1432146	99.2110	1416657	98.9185	11390	0.7890	1427876	98.9152	34818	2.4120	19158	55.0233	8083	23.2150	13580	39.0028	10339	29.6944	99149	100.0000	120862	86.7518	0.9842
ESO1232710120S1K	EST1361007101S1K	na	NZ_CP049075.1	1754511	1472269	83.9134	1460648	99.2107	1445068	98.9334	11621	0.7893	1456497	98.9287	35286	2.3967	19514	55.3024	8307	23.5419	13597	38.5337	10386	29.4338	99149	92.7695	126515	86.0586	0.9744
ESO1232710120S1K	EST2359005102S1K	na	NZ_CP049075.1	1754511	1366724	77.8977	1353802	99.0545	1340293	99.0021	12922	0.9455	1353021	98.9974	33503	2.4513	19800	59.0992	7637	22.7950	12515	37.3549	10201	30.4480	99149	92.7695	128523	77.3153	0.9695
ESO1232711120S1K	ESO1236812120S1K	na	NZ_CP049075.1	1754511	1203890	68.6168	1203036	99.9291	1187268	98.6893	854	0.0709	1188102	98.6886	23862	1.9821	8074	33.8362	7248	30.3747	8232	34.4984	8474	35.5125	145197	89.7408	118612	100.0000	0.9753
ESO1232711120S1K	ESO1238001120S1K	na	NZ_CP049075.1	1754511	1329101	75.7534	1327973	99.9151	1310532	98.6866	1128	0.0849	1311622	98.6849	26919	2.0254	9440	35.0682	8374	31.1081	9497	35.2799	9111	33.8460	145197	19.9453	12556	100.0000	0.9238
ESO1232711120S1K	ESO1238002120S1K	na	NZ_CP049075.1	1754511	1376104	78.4323	1374925	99.9143	1355957	98.6204	1179	0.0857	1357104	98.6193	28688	2.0847	9688	33.7702	8555	29.8208	9858	34.3628	10344	36.0569	145197	79.8357	106621	100.0000	0.9765
ESO1232711120S1K	ESO1241104120S1K	na	NZ_CP049075.1	1754511	1247554	71.1055	1245890	99.8666	1230368	98.7541	1664	0.1334	1232000	98.7532	23519	1.8852	7965	33.8662	6349	26.9952	9942	42.2722	7062	30.0268	145197	41.6861	59035	89.4791	0.9345
ESO1232711120S1K	ESO1241108220S1K	na	NZ_CP049075.1	1754511	1371288	78.1578	1369675	99.8824	1351089	98.6430	1613	0.1176	1352666	98.6420	28791	2.0996	10169	35.3201	8609	29.9017	9531	33.1041	10523	36.5496	145197	80.5065	104879	100.0000	0.9710
ESO1232711120S1K	ESO1242101120S1K	na	NZ_CP049075.1	1754511	331017	18.8666	330861	99.9529	326688	98.7387	156	0.0471	326840	98.7381	6143	1.8558	1966	32.0039	1814	29.5295	2158	35.1294	2203	35.8620	145197	68.5400	115160	91.0750	0.9548
ESO1232711120S1K	ESO1242208120S1K	na	NZ_CP049075.1	1754511	1369379	78.0490	1368171	99.9118	1349664	98.6473	1208	0.0882	1350846	98.6466	28126	2.0539	9593	34.1072	8414	29.9154	9615	34.1855	10255	36.4609	145197	90.4137	136600	100.0000	0.9853
ESO1232711120S1K	ESO1242209120S1K	na	NZ_CP049075.1	1754511	1374496	78.3407	1372341	99.8432	1353832	98.6513	2155	0.1568	1355941	98.6501	29193	2.1239	10638	36.4402	8538	29.2467	9383	32.1413	11114	38.0708	145197	31.5695	33978	100.0000	0.9353
ESO1232711120S1K	ESO1242704120S1K	na	NZ_CP049075.1	1754511	1330653	75.8418	1329540	99.9164	1311259	98.6250	1113	0.0836	1312329	98.6229	27804	2.0895	9480	34.0958	8429	30.3158	9566	34.4051	9819	35.3151	145197	63.4194	79627	100.0000	0.9586
ESO1232711120S1K	ESO1242801120S1K	na	NZ_CP049075.1	1754511	1353475	77.1426	1352484	99.9268	1335622	98.7533	991	0.0732	1336593	98.7527	26158	1.9327	9276	35.4614	8310	31.7685	9268	35.4308	8673	33.1562	145197	90.4137	127121	100.0000	0.9789
ESO1232711120S1K	ESO1242805120S1K	na	NZ_CP049075.1	1754511	577345	32.9063	577102	99.9579	569710	98.7191	243	0.0421	569948	98.7188	10938	1.8945	3541	32.3734	3303	30.1975	3909	35.7378	3768	34.4487	145197	90.4137	147988	86.7665	0.9705
ESO1232711120S1K	ESO1247101120S1K	na	NZ_CP049075.1	1754511	1150334	65.5644	1149588	99.9351	1134187	98.6603	746	0.0649	1134918	98.6599	23115	2.0094	7699	33.3074	6971	30.1579	7928	34.2981	8297	35.8944	145197	90.4137	127431	100.0000	0.9779
ESO1232711120S1K	ESO1247203120S1K	na	NZ_CP049075.1	1754511	1354246	77.1865	1347341	99.4901	1332356	98.8878	6905	0.5099	1339184	98.8878	29751	2.1969	14689	49.3731	7886	26.5067	8412	28.2747	12055	40.5196	145197	68.4394	91787	100.0000	0.9677
ESO1232711120S1K	ESO1247206120S1K	na	NZ_CP049075.1	1754511	1361884	77.6219	1345635	98.8069	1335139	99.2200	16249	1.1931	1351242	99.2186	32742	2.4042	22100	67.4974	6033	18.4259	7538	23.0224	14813	45.2416	145197	58.6328	70823	100.0000	0.9550
ESO1232711120S1K	ESO1247208120S1K	na	NZ_CP049075.1	1754511	1368564	78.0026	1367376	99.9132	1349475	98.6909	1188	0.0868	1350631	98.6896	27395	2.0017	9462	34.5391	8311	30.3377	9839	35.9153	9354	34.1449	145197	85.3936	129263	100.0000	0.9814
ESO1232711120S1K	ESO1254306120S1K	na	NZ_CP049075.1	1754511	1239293	70.6347	1238304	99.9202	1222294	98.7071	989	0.0798	1223252	98.7056	23561	1.9012	7520	31.9172	6567	27.8723	10102	42.8759	6928	29.4045	145197	63.6604	88346	93.1610	0.9467
ESO1232711120S1K	ESO1256801120S1K	na	NZ_CP049075.1	1754511	1388014	79.1112	1379162	99.3623	1365122	98.9820	8852	0.6377	1373878	98.9816	30558	2.2016	16422	53.7404	7704	25.2111	8489	27.7800	12178	39.8521	145197	48.5224	50342	100.0000	0.9443
ESO1232711120S1K	ESO1256804120S1K	na	NZ_CP049075.1	1754511	1379539	78.6281	1365752	99.0006	1361047	99.6555	13787	0.9994	1374807	99.6570	27364	1.9836	22632	82.7072	8930	32.6341	3170	11.5846	9468	34.6002	145197	46.7062	59514	100.0000	0.9492
ESO1232711120S1K	ESO1350502120S1K	na	NZ_CP049075.1	1754511	956186	54.4987	953921	99.7631	943027	98.8580	2265	0.2369	945277	98.8591	18299	1.9137	7390	40.3847	5147	28.1272	6092	33.2914	6671	36.4555	145197	85.3936	111375	100.0000	0.9732
ESO1232711120S1K	ESO1350804120S1K	na	NZ_CP049075.1	1754511	1104027	62.9251	1103085	99.9147	1089180	98.7394	942	0.0853	1090108	98.7393	21234	1.9233	7315	34.4495	6391	30.0980	7336	34.5484	7477	35.2124	145197	90.4137	145498	96.4811	0.9803
ESO1232711120S1K	ESO1350807120S1K	na	NZ_CP049075.1	1754511	831135	47.3713	830566	99.9315	819872	98.7124	569	0.0685	820430	98.7120	15779	1.8985	5074	32.1567	4517	28.6267	5527	35.0276	5794	36.7197	145197	84.8537	135115	94.9628	0.9738
ESO1232711120S1K	ESO1356601120S1K	na	NZ_CP049075.1	1754511	1195729	68.1517	1187918	99.3468	1175833	98.9827	7811	0.6532	1183572	98.9833	26285	2.1982	14128	53.7493	6412	24.3941	7158	27.2323	10770	40.9739	145197	68.5400	89625	100.0000	0.9649
ESO1232711120S1K	ESO1356602120S1K	na	NZ_CP049075.1	1754511	1238698	70.6008	1231411	99.4117	1217999	98.9108	7287	0.5883	1225205	98.9107	27265	2.2011	13772	50.5116	6584	24.1482	8013	29.3893	10889	39.9376	145197	90.4137	119872	100.0000	0.9817
ESO1232711120S1K	ESO1356803120S1K	na	NZ_CP049075.1	1754511	1059948	60.4127	1059415	99.9497	1045939	98.7280	533	0.0503	1046464	98.7279	20109	1.8972	6625	32.9454	6111	30.3894	7024	34.9296	7062	35.1186	145197	68.5400	100878	93.6854	0.9579
ESO1232711120S1K	ESO1357103120S1K	na	NZ_CP049075.1	1754511	438008	24.9647	437827	99.9587	432658	98.8194	181	0.0413	432837	98.8194	7955	1.8162	2784	34.9969	2605	32.7467	2758	34.6700	2625	32.9981	145197	85.5266	128644	100.0000	0.9760
ESO1232711120S1K	ESO1357104120S1K	na	NZ_CP049075.1	1754511	1337402	76.2265	1336414	99.9261	1319434	98.7294	988	0.0739	1320393	98.7282	26309	1.9672	9300	35.3491	8355	31.7572	9314	35.4023	8717	33.1331	145197	90.4137	117357	100.0000	0.9737
ESO1232711120S1K	ESO1357107120S1K	na	NZ_CP049075.1	1754511	1337866	76.2529	1325724	99.0924	1313358	99.0672	12142	0.9076	1325384	99.0670	30995	2.3167	18513	59.7290	6540	21.1002	7766	25.0557	13682	44.1426	145197	41.5456	44994	100.0000	0.9403
ESO1232711120S1K	ESO1358301120S1K	na	NZ_CP049075.1	1754511	481711	27.4556	481516	99.9595	475464	98.7431	195	0.0405	475654	98.7426	8884	1.8443	2827	31.8213	2637	29.6826	3197	35.9860	3100	34.8942	145197	68.5400	114929	88.2188	0.9464
ESO1232711120S1K	ESO1358304120S1K	na	NZ_CP049075.1	1754511	1341794	76.4768	1340722	99.9201	1322834	98.6658	1072	0.0799	1323869	98.6641	27109	2.0204	9184	33.8780	8163	30.1118	9648	35.5897	9411	34.7154	145197	46.5657	51874	100.0000	0.9449
ESO1232711120S1K	ESO1358602120S1K	na	NZ_CP049075.1	1754511	1162074	66.2335	1161292	99.9327	1146171	98.6979	782	0.0673	1146938	98.6975	22569	1.9421	7433	32.9346	6677	29.5848	7935	35.1588	8002	35.4557	145197	72.7866	99829	89.8426	0.9577
ESO1232711120S1K	EST1212206101S1K	na	NZ_CP049075.1	1754511	1222509	69.6780	1221771	99.9396	1204880	98.6175	738	0.0604	1205595	98.6165	25364	2.0747	8450	33.3149	7736	30.4999	8647	34.0916	9098	35.8697	145197	68.5400	85446	100.0000	0.9595
ESO1232711120S1K	EST1212704101S1K	na	NZ_CP049075.1	1754511	1164903	66.3947	1164189	99.9387	1149217	98.7140	714	0.0613	1149914	98.7133	22579	1.9383	7590	33.6153	6903	30.5727	7826	34.6605	7957	35.2407	145197	68.5400	88279	100.0000	0.9585
ESO1232711120S1K	EST1232702101S1K	na	NZ_CP049075.1	1754511	1165081	66.4049	1164435	99.9446	1149429	98.7113	646	0.0554	1150056	98.7104	22500	1.9312	7475	33.2222	6851	30.4489	7858	34.9244	7879	35.0178	145197	90.4137	126535	95.8802	0.9772
ESO1232711120S1K	EST1232710101S1K	na	NZ_CP049075.1	1754511	1326405	75.5997	1325308	99.9173	1307672	98.6693	1097	0.0827	1308731	98.6675	27450	2.0695	9776	35.6138	8738	31.8324	9188	33.4718	9508	34.6375	145197	89.8738	115001	100.0000	0.9770
ESO1232711120S1K	EST1232905101S1K	na	NZ_CP049075.1	1754511	1243519	70.8755	1242889	99.9493	1226495	98.6810	630	0.0507	1227111	98.6805	24374	1.9601	7966	32.6824	7363	30.2084	8483	34.8035	8644	35.4640	145197	68.5400	90764	94.4317	0.9564
ESO1232711120S1K	EST1233822101S1K	na	NZ_CP049075.1	1754511	1209982	68.9641	1205045	99.5920	1191429	98.8701	4937	0.4080	1196318	98.8707	25640	2.1190	11976	46.7083	7099	27.6872	7548	29.4384	9983	38.9353	145197	85.3936	120979	100.0000	0.9780
ESO1232711120S1K	EST1233822201S1K	na	NZ_CP049075.1	1754511	1146357	65.3377	1145062	99.8870	1130364	98.7164	1295	0.1130	1131641	98.7163	23278	2.0306	8562	36.7815	7297	31.3472	7586	32.5887	8492	36.4808	145197	89.7408	142473	87.8517	0.9719
ESO1232711120S1K	EST1234702101S1K	na	NZ_CP049075.1	1754511	250038	14.2512	249942	99.9616	246819	98.7505	96	0.0384	246914	98.7506	4627	1.8505	1503	32.4833	1408	30.4301	1625	35.1199	1614	34.8822	145197	48.7276	100029	81.5963	0.9509
ESO1232711120S1K	EST1234704101S1K	na	NZ_CP049075.1	1754511	1377776	78.5276	1376237	99.8883	1357733	98.6555	1539	0.1117	1359245	98.6550	28604	2.0761	10073	35.2154	8578	29.9888	9562	33.4289	10502	36.7151	145197	41.7867	50396	87.8264	0.9329
ESO1232711120S1K	EST1236807101S1K	na	NZ_CP049075.1	1754511	1264982	72.0988	1264266	99.9434	1248239	98.7323	716	0.0566	1248942	98.7320	24171	1.9108	8131	33.6395	7438	30.7724	8759	36.2376	8083	33.4409	145197	85.3936	139782	96.3050	0.9756
ESO1232711120S1K	EST1237103201S1K	na	NZ_CP049075.1	1754511	1254611	71.5077	1253273	99.8934	1236174	98.6357	1338	0.1066	1237480	98.6346	26170	2.0859	9039	34.5395	7746	29.5988	8608	32.8926	9878	37.7455	145197	53.0824	83812	94.0223	0.9485
ESO1232711120S1K	EST1238001101S1K	na	NZ_CP049075.1	1754511	1025568	58.4532	1024962	99.9409	1012469	98.7811	606	0.0591	1013067	98.7811	19076	1.8600	6575	34.4674	5985	31.3745	6892	36.1292	6279	32.9157	145197	24.8325	20057	100.0000	0.9270
ESO1232711120S1K	EST1238002101S1K	na	NZ_CP049075.1	1754511	1293983	73.7518	1292757	99.9053	1274799	98.6109	1226	0.0947	1275985	98.6091	27317	2.1111	9319	34.1143	8154	29.8495	9323	34.1289	9838	36.0142	145197	94.7609	111899	100.0000	0.9796
ESO1232711120S1K	EST1241101101S1K	na	NZ_CP049075.1	1754511	1377416	78.5071	1375654	99.8721	1357367	98.6707	1762	0.1279	1359075	98.6684	28662	2.0809	10321	36.0094	8623	30.0851	9554	33.3333	10361	36.1489	145197	90.4137	116967	100.0000	0.9804
ESO1232711120S1K	EST1241104101S1K	na	NZ_CP049075.1	1754511	1295936	73.8631	1295148	99.9392	1278535	98.7173	788	0.0608	1279290	98.7155	24104	1.8600	7458	30.9409	6716	27.8626	10525	43.6650	6958	28.8666	145197	63.6604	93863	93.7249	0.9502
ESO1232711120S1K	EST1242101101S1K	na	NZ_CP049075.1	1754511	383672	21.8677	383493	99.9533	378547	98.7103	179	0.0467	378723	98.7101	7283	1.8982	2334	32.0472	2158	29.6306	2582	35.4524	2557	35.1092	145197	63.5199	107133	87.4380	0.9599
ESO1232711120S1K	EST1242103101S1K	na	NZ_CP049075.1	1754511	1102626	62.8452	1101912	99.9352	1087722	98.7122	714	0.0648	1088422	98.7118	21288	1.9307	7084	33.2770	6387	30.0028	7510	35.2781	7473	35.1043	145197	90.4137	123051	100.0000	0.9775
ESO1232711120S1K	EST1242207101S1K	na	NZ_CP049075.1	1754511	730908	41.6588	730550	99.9510	721380	98.7448	358	0.0490	721732	98.7446	13551	1.8540	4375	32.2854	4023	29.6878	4889	36.0785	4714	34.7871	145197	90.4137	140321	100.0000	0.9852
ESO1232711120S1K	EST1242209101S1K	na	NZ_CP049075.1	1754511	1108242	63.1653	1107132	99.8998	1093161	98.7381	1110	0.1002	1094252	98.7376	21592	1.9483	7602	35.2075	6517	30.1825	7313	33.8690	7788	36.0689	145197	90.0928	127907	100.0000	0.9772
ESO1232711120S1K	EST1242704101S1K	na	NZ_CP049075.1	1754511	1393298	79.4123	1380810	99.1037	1368446	99.1046	12488	0.8963	1380837	99.1056	31867	2.2872	19406	60.8969	7030	22.0604	7957	24.9694	13509	42.3918	145197	57.8614	84615	100.0000	0.9588
ESO1232711120S1K	EST1242801101S1K	na	NZ_CP049075.1	1754511	1349950	76.9417	1348597	99.8998	1331787	98.7535	1353	0.1002	1333119	98.7532	26357	1.9524	9526	36.1422	8210	31.1492	9289	35.2430	8838	33.5319	145197	90.4137	106954	100.0000	0.9669
ESO1232711120S1K	EST1242802101S1K	na	NZ_CP049075.1	1754511	1305270	74.3951	1302408	99.7807	1285668	98.7147	2862	0.2193	1288496	98.7149	27278	2.0898	10504	38.5072	7686	28.1766	9003	33.0046	10105	37.0445	145197	68.6805	77610	100.0000	0.9596
ESO1232711120S1K	EST1242804101S1K	na	NZ_CP049075.1	1754511	1339062	76.3211	1333264	99.5670	1318663	98.9049	5798	0.4330	1324412	98.9060	27947	2.0871	13297	47.5793	7570	27.0870	8573	30.6759	10519	37.6391	145197	63.5199	69079	100.0000	0.9504
ESO1232711120S1K	EST1242805101S1K	na	NZ_CP049075.1	1754511	1244875	70.9528	1244069	99.9353	1227871	98.6980	806	0.0647	1228664	98.6978	24414	1.9612	8203	33.5996	7421	30.3965	8398	34.3983	8668	35.5042	145197	94.7609	153813	96.7109	0.9845
ESO1232711120S1K	EST1247101101S1K	na	NZ_CP049075.1	1754511	889087	50.6743	888560	99.9407	877158	98.7168	527	0.0593	877674	98.7163	17041	1.9167	5628	33.0262	5114	30.0100	5950	34.9158	6046	35.4791	145197	90.4137	120859	100.0000	0.9745
ESO1232711120S1K	EST1247106101S1K	na	NZ_CP049075.1	1754511	1281030	73.0135	1279987	99.9186	1262650	98.6455	1043	0.0814	1263660	98.6441	26429	2.0631	9059	34.2767	8070	30.5346	9088	34.3865	9301	35.1924	145197	68.5400	106665	100.0000	0.9675
ESO1232711120S1K	EST1247109101S1K	na	NZ_CP049075.1	1754511	1373877	78.3054	1372842	99.9247	1354563	98.6685	1035	0.0753	1355565	98.6671	27688	2.0153	9376	33.8630	8397	30.3272	9928	35.8567	9481	34.2423	145197	85.3936	129147	100.0000	0.9813
ESO1232711120S1K	EST1247203101S1K	na	NZ_CP049075.1	1754511	1176769	67.0711	1175417	99.8851	1159853	98.6759	1352	0.1149	1161182	98.6754	23772	2.0201	8185	34.4313	6864	28.8743	8289	34.8688	8631	36.3074	145197	85.4219	93469	100.0000	0.9636
ESO1232711120S1K	EST1247206101S1K	na	NZ_CP049075.1	1754511	1191640	67.9186	1190779	99.9277	1175162	98.6885	861	0.0723	1175992	98.6869	24297	2.0390	8649	35.5970	7829	32.2221	8354	34.3828	8198	33.7408	145197	94.7609	127972	100.0000	0.9800
ESO1232711120S1K	EST1254306101S1K	na	NZ_CP049075.1	1754511	176790	10.0763	176695	99.9463	174601	98.8149	95	0.0537	174695	98.8150	3024	1.7105	929	30.7209	835	27.6124	1360	44.9735	835	27.6124	145197	43.8480	76013	100.0000	0.9488
ESO1232711120S1K	EST1256811101S1K	na	NZ_CP049075.1	1754511	1162060	66.2327	1161342	99.9382	1146682	98.7377	718	0.0618	1147387	98.7373	22177	1.9084	7504	33.8369	6801	30.6669	8001	36.0779	7474	33.7016	145197	85.3936	139306	96.2859	0.9756
ESO1232711120S1K	EST1350502101S1K	na	NZ_CP049075.1	1754511	680862	38.8064	679614	99.8167	671806	98.8511	1248	0.1833	673040	98.8512	12581	1.8478	4759	37.8269	3526	28.0264	4404	35.0052	4453	35.3946	145197	70.4684	126094	86.7583	0.9623
ESO1232711120S1K	EST1350510101S1K	na	NZ_CP049075.1	1754511	1067700	60.8546	1066903	99.9254	1051736	98.5784	797	0.0746	1052498	98.5762	22862	2.1412	7660	33.5054	6904	30.1986	7891	34.5158	8174	35.7537	145197	90.4137	117862	100.0000	0.9798
ESO1232711120S1K	EST1350804101S1K	na	NZ_CP049075.1	1754511	1336694	76.1861	1334485	99.8347	1315905	98.6077	2209	0.1653	1318062	98.6061	29119	2.1784	10487	36.0143	8345	28.6583	9289	31.9001	11282	38.7445	145197	63.5199	75045	100.0000	0.9557
ESO1232711120S1K	EST1350807101S1K	na	NZ_CP049075.1	1754511	1300198	74.1060	1299483	99.9450	1281975	98.6527	715	0.0550	1282671	98.6520	25968	1.9972	8441	32.5054	7751	29.8483	9102	35.0508	9235	35.5630	145197	94.7609	134701	96.2472	0.9796
ESO1232711120S1K	EST1356604101S1K	na	NZ_CP049075.1	1754511	1332241	75.9323	1330750	99.8881	1313488	98.7028	1491	0.1119	1314947	98.7019	27084	2.0330	9790	36.1468	8345	30.8115	8917	32.9235	9852	36.3757	145197	68.1405	91591	100.0000	0.9675
ESO1232711120S1K	EST1356611101S1K	na	NZ_CP049075.1	1754511	831547	47.3948	830940	99.9270	820381	98.7293	607	0.0730	820976	98.7288	15978	1.9215	5407	33.8403	4823	30.1853	5493	34.3785	5676	35.5238	145197	41.2467	57584	100.0000	0.9437
ESO1232711120S1K	EST1357103101S1K	na	NZ_CP049075.1	1754511	954227	54.3871	953761	99.9512	942417	98.8106	466	0.0488	942877	98.8106	17307	1.8137	5957	34.4196	5497	31.7617	6253	36.1299	5594	32.3222	145197	90.4137	133245	95.4392	0.9744
ESO1232711120S1K	EST1357107101S1K	na	NZ_CP049075.1	1754511	1308468	74.5774	1307037	99.8906	1288777	98.6029	1431	0.1094	1290154	98.6003	27890	2.1315	9576	34.3349	8219	29.4693	9358	33.5532	10291	36.8985	145197	63.6528	78769	92.1492	0.9531
ESO1232711120S1K	EST1358301101S1K	na	NZ_CP049075.1	1754511	790992	45.0833	790617	99.9526	780342	98.7004	375	0.0474	780708	98.6999	15150	1.9153	4866	32.1188	4512	29.7822	5335	35.2145	5359	35.3729	145197	68.5400	94377	92.2237	0.9557
ESO1232711120S1K	EST1358301201S1K	na	NZ_CP049075.1	1754511	1271313	72.4597	1270491	99.9353	1253701	98.6785	822	0.0647	1254508	98.6781	25274	1.9880	8469	33.5087	7679	30.3830	8682	34.3515	9012	35.6572	145197	68.5400	102933	88.9618	0.9552
ESO1232711120S1K	EST1358302101S1K	na	NZ_CP049075.1	1754511	842799	48.0361	842357	99.9476	831583	98.7210	442	0.0524	832019	98.7209	15984	1.8965	5204	32.5576	4768	29.8298	5669	35.4667	5607	35.0788	145197	90.4137	133967	90.7821	0.9674
ESO1232711120S1K	EST1358602101S1K	na	NZ_CP049075.1	1754511	464957	26.5007	464741	99.9535	458698	98.6997	216	0.0465	458911	98.6997	8873	1.9083	2827	31.8607	2616	29.4827	3234	36.4477	3041	34.2725	145197	48.8743	80640	100.0000	0.9540
ESO1232711120S1K	EST1359005101S1K	na	NZ_CP049075.1	1754511	1323090	75.4108	1320677	99.8176	1303432	98.6942	2413	0.1824	1305802	98.6934	27357	2.0677	10069	36.8059	7712	28.1902	9127	33.3626	10234	37.4091	145197	89.7408	136370	93.6995	0.9792
ESO1232711120S1K	EST1359006101S1K	na	NZ_CP049075.1	1754511	566416	32.2834	566038	99.9333	558725	98.7080	378	0.0667	559100	98.7084	10881	1.9210	3565	32.7635	3190	29.3172	3842	35.3093	3847	35.3552	145197	89.7408	151742	85.7390	0.9602
ESO1232711120S1K	EST1359007101S1K	na	NZ_CP049075.1	1754511	1348519	76.8601	1347393	99.9165	1330138	98.7194	1126	0.0835	1331243	98.7189	26450	1.9614	9174	34.6843	8071	30.5142	9384	35.4783	9082	34.3365	145197	94.7609	147634	100.0000	0.9886
ESO1232711120S1K	EST1361001101S1K	na	NZ_CP049075.1	1754511	1172386	66.8212	1171755	99.9462	1167664	99.6509	631	0.0538	1168292	99.6508	16836	1.4360	12742	75.6831	12157	72.2084	2495	14.8194	2157	12.8118	145197	100.0000	155104	100.0000	0.9933
ESO1232711120S1K	EST1361002101S1K	na	NZ_CP049075.1	1754511	1359271	77.4729	1357724	99.8862	1339243	98.6388	1547	0.1138	1340751	98.6375	28494	2.0963	9974	35.0039	8476	29.7466	9624	33.7755	10389	36.4603	145197	90.4137	120862	100.0000	0.9828
ESO1232711120S1K	EST1361007101S1K	na	NZ_CP049075.1	1754511	1384916	78.9346	1383177	99.8744	1364247	98.6314	1739	0.1256	1365935	98.6294	29135	2.1037	10154	34.8516	8484	29.1196	9805	33.6537	10790	37.0345	145197	89.7408	126515	100.0000	0.9783
ESO1232711120S1K	EST2359005102S1K	na	NZ_CP049075.1	1754511	1287960	73.4085	1284125	99.7022	1267590	98.7124	3835	0.2978	1271351	98.7104	27712	2.1516	11103	40.0657	7367	26.5842	8993	32.4516	10478	37.8103	145197	89.7408	128523	94.5947	0.9769
ESO1236812120S1K	ESO1238001120S1K	na	NZ_CP049075.1	1754511	1197433	68.2488	1196462	99.9189	1180689	98.6817	971	0.0811	1181630	98.6803	24118	2.0141	8315	34.4763	7391	30.6452	8674	35.9648	8109	33.6222	118612	4.5687	12556	42.0835	0.9311
ESO1236812120S1K	ESO1238002120S1K	na	NZ_CP049075.1	1754511	1245868	71.0094	1244965	99.9275	1228934	98.7123	903	0.0725	1229812	98.7113	25043	2.0101	8987	35.8863	8121	32.4282	8503	33.9536	8469	33.8178	118612	87.7061	106621	93.1711	0.9757
ESO1236812120S1K	ESO1241104120S1K	na	NZ_CP049075.1	1754511	1140304	64.9927	1138767	99.8652	1124424	98.7405	1537	0.1348	1125932	98.7396	21698	1.9028	7326	33.7635	5823	26.8366	9191	42.3587	6533	30.1088	118612	44.1422	59035	89.4791	0.9529
ESO1236812120S1K	ESO1241108220S1K	na	NZ_CP049075.1	1754511	1251420	71.3259	1250087	99.8935	1234360	98.7419	1333	0.1065	1235652	98.7400	25545	2.0413	9777	38.2736	8491	33.2394	8278	32.4056	8699	34.0536	118612	88.6993	104879	95.0114	0.9761
ESO1236812120S1K	ESO1242101120S1K	na	NZ_CP049075.1	1754511	308638	17.5911	308527	99.9640	304735	98.7709	111	0.0360	304845	98.7711	5739	1.8595	1946	33.9083	1836	31.9916	1997	34.7970	1936	33.7341	118612	59.5859	115160	79.4911	0.9423
ESO1236812120S1K	ESO1242208120S1K	na	NZ_CP049075.1	1754511	1234689	70.3723	1233694	99.9194	1217965	98.7250	995	0.0806	1218939	98.7244	24668	1.9979	8918	36.1521	7954	32.2442	8465	34.3157	8379	33.9671	118612	94.6355	136600	94.8280	0.9731
ESO1236812120S1K	ESO1242209120S1K	na	NZ_CP049075.1	1754511	1250403	71.2679	1248465	99.8450	1232372	98.7110	1938	0.1550	1234278	98.7104	26203	2.0956	10078	38.4612	8197	31.2827	8294	31.6529	9483	36.1905	118612	29.9320	33978	100.0000	0.9448
ESO1236812120S1K	ESO1242704120S1K	na	NZ_CP049075.1	1754511	1195238	68.1237	1194527	99.9405	1179041	98.7036	711	0.0595	1179729	98.7024	24148	2.0204	8639	35.7752	7954	32.9385	8304	34.3879	7964	32.9800	118612	75.5042	79627	100.0000	0.9681
ESO1236812120S1K	ESO1242801120S1K	na	NZ_CP049075.1	1754511	1215924	69.3027	1215124	99.9342	1199736	98.7336	800	0.0658	1200525	98.7336	23540	1.9360	8141	34.5837	7360	31.2659	8582	36.4571	7710	32.7528	118612	94.6355	127121	94.1953	0.9829
ESO1236812120S1K	ESO1242805120S1K	na	NZ_CP049075.1	1754511	539259	30.7356	539078	99.9664	532768	98.8295	181	0.0336	532945	98.8291	9957	1.8464	3643	36.5873	3466	34.8097	3389	34.0364	3148	31.6159	118612	90.0668	147988	81.6066	0.9712
ESO1236812120S1K	ESO1247101120S1K	na	NZ_CP049075.1	1754511	1078019	61.4427	1077416	99.9441	1063696	98.7266	603	0.0559	1064287	98.7262	21390	1.9842	7658	35.8018	7089	33.1417	7099	33.1884	7305	34.1515	118612	94.6355	127431	94.0721	0.9791
ESO1236812120S1K	ESO1247203120S1K	na	NZ_CP049075.1	1754511	1213295	69.1529	1207147	99.4933	1194068	98.9165	6148	0.5067	1200151	98.9167	26317	2.1691	13173	50.0551	7098	26.9712	7506	28.5215	10395	39.4992	118612	75.5042	91787	91.9945	0.9718
ESO1236812120S1K	ESO1247206120S1K	na	NZ_CP049075.1	1754511	1223205	69.7177	1208551	98.8020	1199730	99.2701	14654	1.1980	1214247	99.2677	28953	2.3670	19995	69.0602	5508	19.0239	6436	22.2291	12780	44.1405	118612	53.6497	70823	100.0000	0.9601
ESO1236812120S1K	ESO1247208120S1K	na	NZ_CP049075.1	1754511	1241028	70.7336	1240098	99.9251	1223769	98.6832	930	0.0749	1224669	98.6818	24801	1.9984	8442	34.0390	7571	30.5270	9023	36.3816	8310	33.5067	118612	94.6355	129263	100.0000	0.9778
ESO1236812120S1K	ESO1254306120S1K	na	NZ_CP049075.1	1754511	1124588	64.0969	1123734	99.9241	1109238	98.7100	854	0.0759	1110066	98.7087	21228	1.8876	6706	31.5904	5882	27.7087	9168	43.1882	6232	29.3575	118612	63.2735	88346	93.1610	0.9558
ESO1236812120S1K	ESO1256801120S1K	na	NZ_CP049075.1	1754511	1243927	70.8988	1236031	99.3652	1223428	98.9804	7896	0.6348	1231254	98.9812	27137	2.1816	14464	53.2999	6667	24.5679	7761	28.5993	10707	39.4554	118612	57.1451	50342	85.5429	0.9516
ESO1236812120S1K	ESO1256804120S1K	na	NZ_CP049075.1	1754511	1234438	70.3580	1222009	98.9931	1212182	99.1958	12429	1.0069	1224519	99.1965	28254	2.2888	18335	64.8935	6009	21.2678	6718	23.7772	12038	42.6064	118612	48.7109	59514	87.6348	0.9543
ESO1236812120S1K	ESO1350502120S1K	na	NZ_CP049075.1	1754511	895862	51.0605	893745	99.7637	883902	98.8987	2117	0.2363	886007	98.8999	17084	1.9070	7229	42.3144	5126	30.0047	5585	32.6914	5928	34.6991	118612	86.9103	111375	100.0000	0.9782
ESO1236812120S1K	ESO1350804120S1K	na	NZ_CP049075.1	1754511	1034735	58.9757	1033898	99.9191	1021414	98.7925	837	0.0809	1022243	98.7927	19920	1.9251	7428	37.2892	6600	33.1325	6776	34.0161	6535	32.8062	118612	94.6355	145498	91.7243	0.9740
ESO1236812120S1K	ESO1350807120S1K	na	NZ_CP049075.1	1754511	784178	44.6950	783685	99.9371	773929	98.7551	493	0.0629	774414	98.7549	15027	1.9163	5263	35.0236	4778	31.7961	5169	34.3981	5159	34.3315	118612	94.0638	135115	94.9628	0.9779
ESO1236812120S1K	ESO1356601120S1K	na	NZ_CP049075.1	1754511	1105529	63.0107	1098264	99.3428	1087276	98.9995	7265	0.6572	1094475	99.0001	24264	2.1948	13210	54.4428	6047	24.9217	6511	26.8340	9744	40.1583	118612	64.1546	89625	91.8962	0.9609
ESO1236812120S1K	ESO1356602120S1K	na	NZ_CP049075.1	1754511	1122149	63.9579	1115407	99.3992	1103772	98.9569	6742	0.6008	1110441	98.9566	24461	2.1798	12753	52.1361	6103	24.9499	7064	28.8786	9522	38.9273	118612	94.6355	119872	93.7041	0.9695
ESO1236812120S1K	ESO1356803120S1K	na	NZ_CP049075.1	1754511	988133	56.3196	987701	99.9563	975471	98.7618	432	0.0437	975895	98.7615	18720	1.8945	6482	34.6261	6065	32.3985	6492	34.6795	6256	33.4188	118612	64.1546	100878	86.3885	0.9554
ESO1236812120S1K	ESO1357103120S1K	na	NZ_CP049075.1	1754511	406496	23.1686	406355	99.9653	401317	98.7602	141	0.0347	401457	98.7604	7637	1.8787	2598	34.0186	2458	32.1854	2760	36.1398	2466	32.2902	118612	84.1306	128644	90.1309	0.9782
ESO1236812120S1K	ESO1357104120S1K	na	NZ_CP049075.1	1754511	1205019	68.6812	1204205	99.9324	1188535	98.6987	814	0.0676	1189326	98.6977	23832	1.9777	8139	34.1516	7357	30.8703	8688	36.4552	7897	33.1361	118612	90.0668	117357	93.8836	0.9788
ESO1236812120S1K	ESO1357107120S1K	na	NZ_CP049075.1	1754511	1222996	69.7058	1211753	99.0807	1201144	99.1245	11243	0.9193	1212284	99.1241	28100	2.2976	17388	61.8790	6281	22.3523	6766	24.0783	12047	42.8719	118612	37.2981	44994	100.0000	0.9557
ESO1236812120S1K	ESO1358301120S1K	na	NZ_CP049075.1	1754511	456218	26.0026	456037	99.9603	450442	98.7731	181	0.0397	450620	98.7730	8521	1.8677	2923	34.3035	2745	32.2145	3021	35.4536	2797	32.8248	118612	59.5859	114929	76.9945	0.9505
ESO1236812120S1K	ESO1358304120S1K	na	NZ_CP049075.1	1754511	1216048	69.3098	1215220	99.9319	1199239	98.6849	828	0.0681	1200042	98.6838	24321	2.0000	8315	34.1886	7515	30.8992	8708	35.8044	8211	33.7609	118612	45.0233	51874	85.3935	0.9460
ESO1236812120S1K	ESO1358602120S1K	na	NZ_CP049075.1	1754511	1074317	61.2317	1073703	99.9428	1060400	98.7610	614	0.0572	1061002	98.7606	20736	1.9302	7421	35.7880	6837	32.9716	7187	34.6595	6752	32.5617	118612	73.1435	99829	82.4770	0.9652
ESO1236812120S1K	EST1212206101S1K	na	NZ_CP049075.1	1754511	1128120	64.2983	1127526	99.9473	1112535	98.6705	594	0.0527	1113113	98.6697	23049	2.0431	8042	34.8909	7486	32.4786	7751	33.6284	7948	34.4831	118612	59.5859	85446	91.6520	0.9559
ESO1236812120S1K	EST1212704101S1K	na	NZ_CP049075.1	1754511	1085386	61.8626	1084818	99.9477	1071146	98.7397	568	0.0523	1071704	98.7394	21016	1.9363	7334	34.8972	6798	32.3468	7246	34.4785	7076	33.6696	118612	59.5859	88279	91.8667	0.9569
ESO1236812120S1K	EST1232702101S1K	na	NZ_CP049075.1	1754511	1070126	60.9928	1069595	99.9504	1056149	98.7429	531	0.0496	1056663	98.7419	20706	1.9349	7243	34.9802	6729	32.4978	7184	34.6953	6911	33.3768	118612	94.6355	126535	90.0217	0.9725
ESO1236812120S1K	EST1232710101S1K	na	NZ_CP049075.1	1754511	1190155	67.8340	1189247	99.9237	1173508	98.6766	908	0.0763	1174387	98.6751	24239	2.0366	8471	34.9478	7615	31.4163	8391	34.6178	8271	34.1227	118612	89.4952	115001	93.7618	0.9776
ESO1236812120S1K	EST1232905101S1K	na	NZ_CP049075.1	1754511	1158094	66.0067	1157535	99.9517	1142775	98.7249	559	0.0483	1143322	98.7245	22584	1.9501	7812	34.5909	7271	32.1954	7875	34.8698	7555	33.4529	118612	56.4294	90764	86.6213	0.9527
ESO1236812120S1K	EST1233822101S1K	na	NZ_CP049075.1	1754511	1127918	64.2867	1123344	99.5945	1110665	98.8713	4574	0.4055	1115190	98.8715	23943	2.1228	11215	46.8404	6703	27.9957	7081	29.5744	9242	38.6000	118612	94.6355	120979	100.0000	0.9869
ESO1236812120S1K	EST1233822201S1K	na	NZ_CP049075.1	1754511	1078368	61.4626	1077154	99.8874	1063362	98.7196	1214	0.1126	1064562	98.7197	22082	2.0477	8276	37.4785	7087	32.0940	7214	32.6691	7903	35.7893	118612	100.0000	142473	87.8517	0.9762
ESO1236812120S1K	EST1234702101S1K	na	NZ_CP049075.1	1754511	230500	13.1376	230412	99.9618	227642	98.7978	88	0.0382	227729	98.7978	4301	1.8659	1530	35.5731	1443	33.5503	1479	34.3874	1390	32.3181	118612	45.9245	100029	69.1060	0.9512
ESO1236812120S1K	EST1234704101S1K	na	NZ_CP049075.1	1754511	1258761	71.7443	1257479	99.8982	1241222	98.7072	1282	0.1018	1242478	98.7064	25838	2.0527	9555	36.9804	8319	32.1968	8431	32.6302	9133	35.3472	118612	32.7926	50396	87.8264	0.9386
ESO1236812120S1K	EST1236807101S1K	na	NZ_CP049075.1	1754511	1169365	66.6491	1168745	99.9470	1153822	98.7232	620	0.0530	1154431	98.7229	22585	1.9314	7651	33.8765	7047	31.2021	8293	36.7191	7360	32.5880	118612	94.6355	139782	96.3050	0.9774
ESO1236812120S1K	EST1237103201S1K	na	NZ_CP049075.1	1754511	1161052	66.1752	1159894	99.9003	1144162	98.6437	1158	0.0997	1145296	98.6430	24346	2.0969	8590	35.2830	7468	30.6744	7989	32.8144	8983	36.8972	118612	60.9129	83812	94.0223	0.9606
ESO1236812120S1K	EST1238001101S1K	na	NZ_CP049075.1	1754511	950145	54.1544	949660	99.9490	937854	98.7568	485	0.0510	938334	98.7569	17860	1.8797	6049	33.8690	5571	31.1926	6581	36.8477	5809	32.5252	118612	10.5048	20057	60.4776	0.9338
ESO1236812120S1K	EST1238002101S1K	na	NZ_CP049075.1	1754511	1175211	66.9823	1174337	99.9256	1159094	98.7020	874	0.0744	1159942	98.7007	23880	2.0320	8611	36.0595	7774	32.5544	8060	33.7521	8096	33.9028	118612	92.2748	111899	93.4986	0.9789
ESO1236812120S1K	EST1241101101S1K	na	NZ_CP049075.1	1754511	1247992	71.1305	1246571	99.8861	1231491	98.7903	1421	0.1139	1232875	98.7887	24984	2.0019	9867	39.4933	8492	33.9898	7987	31.9685	8402	33.6295	118612	90.0668	116967	93.8684	0.9742
ESO1236812120S1K	EST1241104101S1K	na	NZ_CP049075.1	1754511	1170462	66.7116	1169806	99.9440	1154597	98.6999	656	0.0560	1155233	98.6989	21934	1.8740	6705	30.5690	6069	27.6694	9669	44.0822	6261	28.5447	118612	63.2735	93863	93.7249	0.9587
ESO1236812120S1K	EST1242101101S1K	na	NZ_CP049075.1	1754511	359262	20.4765	359112	99.9582	354592	98.7413	150	0.0418	354739	98.7410	6808	1.8950	2285	33.5635	2138	31.4042	2445	35.9136	2263	33.2403	118612	59.5859	107133	87.4380	0.9521
ESO1236812120S1K	EST1242103101S1K	na	NZ_CP049075.1	1754511	1012717	57.7208	1012141	99.9431	1000124	98.8127	576	0.0569	1000693	98.8127	19144	1.8904	7120	37.1918	6552	34.2248	6460	33.7443	6177	32.2660	118612	90.0668	123051	93.9480	0.9772
ESO1236812120S1K	EST1242207101S1K	na	NZ_CP049075.1	1754511	680955	38.8117	680703	99.9630	672371	98.7760	252	0.0370	672619	98.7758	12671	1.8608	4335	34.2120	4087	32.2548	4644	36.6506	4014	31.6786	118612	94.6355	140321	94.7698	0.9700
ESO1236812120S1K	EST1242209101S1K	na	NZ_CP049075.1	1754511	1017310	57.9825	1016391	99.9097	1003911	98.7721	919	0.0903	1004820	98.7723	19831	1.9494	7341	37.0178	6434	32.4442	6613	33.3468	6766	34.1183	118612	94.0638	127907	95.0878	0.9810
ESO1236812120S1K	EST1242704101S1K	na	NZ_CP049075.1	1754511	1249433	71.2126	1238458	99.1216	1227699	99.1313	10975	0.8784	1238562	99.1299	28164	2.2541	17293	61.4011	6441	22.8696	7130	25.3160	11634	41.3081	118612	68.5748	84615	93.2317	0.9727
ESO1236812120S1K	EST1242801101S1K	na	NZ_CP049075.1	1754511	1214164	69.2024	1213007	99.9047	1197658	98.7346	1157	0.0953	1198806	98.7351	23813	1.9613	8455	35.5058	7309	30.6933	8593	36.0853	7902	33.1836	118612	94.6355	106954	93.1999	0.9716
ESO1236812120S1K	EST1242802101S1K	na	NZ_CP049075.1	1754511	1189881	67.8184	1187265	99.7801	1173403	98.8324	2616	0.2199	1175994	98.8329	24200	2.0338	10313	42.6157	7730	31.9421	7611	31.4504	8348	34.4959	118612	63.2735	77610	90.5914	0.9550
ESO1236812120S1K	EST1242804101S1K	na	NZ_CP049075.1	1754511	1208936	68.9044	1203725	99.5690	1190393	98.8924	5211	0.4310	1195559	98.8935	25253	2.0889	11876	47.0281	6720	26.6107	7902	31.2913	9348	37.0174	118612	56.4294	69079	100.0000	0.9626
ESO1236812120S1K	EST1242805101S1K	na	NZ_CP049075.1	1754511	1144304	65.2207	1143653	99.9431	1129170	98.7336	651	0.0569	1129807	98.7331	22399	1.9574	7902	35.2784	7291	32.5506	7579	33.8363	7628	34.0551	118612	100.0000	153813	92.0228	0.9769
ESO1236812120S1K	EST1247101101S1K	na	NZ_CP049075.1	1754511	817642	46.6023	817252	99.9523	807253	98.7765	390	0.0477	807637	98.7764	15360	1.8786	5355	34.8633	4973	32.3763	5337	34.7461	5117	33.3138	118612	90.0668	120859	93.6637	0.9786
ESO1236812120S1K	EST1247106101S1K	na	NZ_CP049075.1	1754511	1157089	65.9494	1156378	99.9386	1141648	98.7262	711	0.0614	1142339	98.7252	23087	1.9953	8337	36.1112	7694	33.3261	7935	34.3700	7529	32.6114	118612	64.1546	106665	93.4140	0.9560
ESO1236812120S1K	EST1247109101S1K	na	NZ_CP049075.1	1754511	1242947	70.8429	1242097	99.9316	1225657	98.6764	850	0.0684	1226479	98.6751	24873	2.0011	8405	33.7917	7610	30.5954	9097	36.5738	8249	33.1645	118612	94.6355	129147	100.0000	0.9778
ESO1236812120S1K	EST1247203101S1K	na	NZ_CP049075.1	1754511	1090916	62.1778	1089614	99.8807	1075975	98.7483	1302	0.1193	1077253	98.7476	21887	2.0063	8224	37.5748	6947	31.7403	7330	33.4902	7612	34.7786	118612	84.0016	93469	92.0391	0.9598
ESO1236812120S1K	EST1247206101S1K	na	NZ_CP049075.1	1754511	1070755	61.0287	1070036	99.9329	1055866	98.6757	719	0.0671	1056559	98.6742	21714	2.0279	7518	34.6228	6833	31.4682	7722	35.5623	7236	33.3241	118612	95.4313	127972	94.6887	0.9847
ESO1236812120S1K	EST1254306101S1K	na	NZ_CP049075.1	1754511	160335	9.1384	160269	99.9588	158321	98.7845	66	0.0412	158387	98.7850	2784	1.7364	836	30.0287	771	27.6940	1256	45.1149	766	27.5144	118612	49.6122	76013	100.0000	0.9543
ESO1236812120S1K	EST1256811101S1K	na	NZ_CP049075.1	1754511	1081859	61.6616	1081244	99.9432	1067309	98.7112	615	0.0568	1067911	98.7107	21055	1.9462	7107	33.7545	6529	31.0093	7745	36.7846	6886	32.7048	118612	94.6355	139306	96.2859	0.9773
ESO1236812120S1K	EST1350502101S1K	na	NZ_CP049075.1	1754511	618703	35.2636	617589	99.8199	610840	98.9072	1114	0.1801	611949	98.9084	11248	1.8180	4494	39.9538	3387	30.1120	3844	34.1750	3786	33.6593	118612	82.3416	126094	86.7583	0.9745
ESO1236812120S1K	EST1350510101S1K	na	NZ_CP049075.1	1754511	964165	54.9535	963466	99.9275	950773	98.6826	699	0.0725	951451	98.6813	20059	2.0805	7345	36.6170	6696	33.3815	6620	33.0026	6776	33.7803	118612	90.0668	117862	93.8182	0.9757
ESO1236812120S1K	EST1350804101S1K	na	NZ_CP049075.1	1754511	1216321	69.3254	1214498	99.8501	1198212	98.6590	1823	0.1499	1200005	98.6586	26013	2.1387	9697	37.2775	7914	30.4232	8262	31.7610	9616	36.9661	118612	64.1546	75045	100.0000	0.9623
ESO1236812120S1K	EST1350807101S1K	na	NZ_CP049075.1	1754511	1201262	68.4671	1200666	99.9504	1185238	98.7150	596	0.0496	1185822	98.7147	23741	1.9763	8301	34.9648	7725	32.5386	8077	34.0213	8080	34.0339	118612	100.0000	134701	90.4329	0.9796
ESO1236812120S1K	EST1356604101S1K	na	NZ_CP049075.1	1754511	1195509	68.1392	1194243	99.8941	1179224	98.7424	1266	0.1059	1180461	98.7413	23939	2.0024	8891	37.1402	7660	31.9980	7958	33.2428	8352	34.8887	118612	67.2706	91591	91.9850	0.9563
ESO1236812120S1K	EST1356611101S1K	na	NZ_CP049075.1	1754511	763605	43.5224	763114	99.9357	753636	98.7580	491	0.0643	754125	98.7585	14648	1.9183	5168	35.2813	4684	31.9771	5060	34.5440	4930	33.6565	118612	36.7897	57584	100.0000	0.9400
ESO1236812120S1K	EST1357103101S1K	na	NZ_CP049075.1	1754511	880299	50.1735	879961	99.9616	869055	98.7606	338	0.0384	869390	98.7608	16291	1.8506	5382	33.0366	5050	30.9987	6088	37.3703	5246	32.2018	118612	90.0668	133245	89.6574	0.9733
ESO1236812120S1K	EST1357107101S1K	na	NZ_CP049075.1	1754511	1193488	68.0240	1192396	99.9085	1176723	98.6856	1092	0.0915	1177779	98.6838	24634	2.0640	8925	36.2304	7881	31.9924	8165	33.1452	8580	34.8299	118612	50.4932	78769	84.4266	0.9510
ESO1236812120S1K	EST1358301101S1K	na	NZ_CP049075.1	1754511	733905	41.8296	733578	99.9554	724382	98.7464	327	0.0446	724704	98.7463	14009	1.9088	4808	34.3208	4491	32.0580	4871	34.7705	4701	33.5570	118612	59.5859	94377	84.3426	0.9549
ESO1236812120S1K	EST1358301201S1K	na	NZ_CP049075.1	1754511	1175604	67.0047	1174933	99.9429	1159850	98.7163	671	0.0571	1160512	98.7162	23214	1.9746	8122	34.9875	7468	32.1702	7960	34.2897	7901	34.0355	118612	64.1546	102933	81.9922	0.9527
ESO1236812120S1K	EST1358302101S1K	na	NZ_CP049075.1	1754511	786731	44.8405	786385	99.9560	776834	98.7855	346	0.0440	777179	98.7859	14680	1.8659	5128	34.9319	4785	32.5954	5035	34.2984	4931	33.5899	118612	90.0668	133967	85.1441	0.9715
ESO1236812120S1K	EST1358602101S1K	na	NZ_CP049075.1	1754511	431078	24.5697	430883	99.9548	425650	98.7855	195	0.0452	425839	98.7847	8046	1.8665	2807	34.8869	2618	32.5379	2824	35.0982	2632	32.7119	118612	51.2090	80640	70.0322	0.9641
ESO1236812120S1K	EST1359005101S1K	na	NZ_CP049075.1	1754511	1207393	68.8165	1205296	99.8263	1190102	98.7394	2097	0.1737	1192176	98.7397	24598	2.0373	9381	38.1372	7308	29.7097	8203	33.3482	8837	35.9257	118612	100.0000	136370	93.6995	0.9810
ESO1236812120S1K	EST1359006101S1K	na	NZ_CP049075.1	1754511	517958	29.5215	517664	99.9432	511080	98.7281	294	0.0568	511371	98.7283	9919	1.9150	3332	33.5921	3044	30.6886	3564	35.9310	3339	33.6627	118612	95.4313	151742	85.7390	0.9673
ESO1236812120S1K	EST1359007101S1K	na	NZ_CP049075.1	1754511	1209602	68.9424	1208702	99.9256	1193054	98.7054	900	0.0744	1193942	98.7054	23793	1.9670	8133	34.1823	7247	30.4585	8564	35.9938	8096	34.0268	118612	100.0000	147634	95.0723	0.9794
ESO1236812120S1K	EST1361001101S1K	na	NZ_CP049075.1	1754511	1068628	60.9075	1068117	99.9522	1054584	98.7330	511	0.0478	1055088	98.7330	20418	1.9107	6878	33.6860	6377	31.2322	7433	36.4042	6674	32.6868	118612	100.0000	155104	89.2923	0.9769
ESO1236812120S1K	EST1361002101S1K	na	NZ_CP049075.1	1754511	1234107	70.3391	1232872	99.8999	1217378	98.7433	1235	0.1001	1218591	98.7427	25022	2.0275	9506	37.9906	8318	33.2427	8099	32.3675	8588	34.3218	118612	94.6355	120862	94.0759	0.9765
ESO1236812120S1K	EST1361007101S1K	na	NZ_CP049075.1	1754511	1243341	70.8654	1241986	99.8910	1226122	98.7227	1355	0.1090	1227450	98.7219	25296	2.0345	9405	37.1798	8109	32.0565	8498	33.5942	8672	34.2821	118612	100.0000	126515	100.0000	0.9797
ESO1236812120S1K	EST2359005102S1K	na	NZ_CP049075.1	1754511	1176335	67.0463	1172892	99.7073	1158259	98.7524	3443	0.2927	1161645	98.7512	25063	2.1306	10373	41.3877	6991	27.8937	8081	32.2427	9229	36.8232	118612	100.0000	128523	94.5947	0.9849
ESO1238001120S1K	ESO1238002120S1K	na	NZ_CP049075.1	1754511	1397364	79.6441	1395708	99.8815	1376339	98.6122	1656	0.1185	1377924	98.6088	30329	2.1704	10889	35.9029	9405	31.0099	10028	33.0641	10936	36.0579	12556	57.9165	106621	6.8289	0.9401
ESO1238001120S1K	ESO1241104120S1K	na	NZ_CP049075.1	1754511	1319813	75.2240	1317668	99.8375	1301019	98.7365	2145	0.1625	1303106	98.7341	25469	1.9297	8762	34.4026	6720	26.3850	10711	42.0550	7799	30.6215	12556	0.0000	59035	0.0000	0.9592
ESO1238001120S1K	ESO1241108220S1K	na	NZ_CP049075.1	1754511	1389928	79.2202	1387785	99.8458	1368379	98.6017	2143	0.1542	1370442	98.5981	30475	2.1926	10989	36.0591	9045	29.6801	9886	32.4397	11346	37.2305	12556	42.0835	104879	4.9848	0.9388
ESO1238001120S1K	ESO1242101120S1K	na	NZ_CP049075.1	1754511	319069	18.1856	318965	99.9674	315022	98.7638	104	0.0326	315123	98.7633	6088	1.9081	2142	35.1840	2041	33.5250	2024	33.2457	2046	33.6071	12556	57.9165	115160	11.5839	0.9344
ESO1238001120S1K	ESO1242208120S1K	na	NZ_CP049075.1	1754511	1361609	77.6062	1360141	99.8922	1341630	98.6390	1468	0.1078	1343050	98.6370	28656	2.1046	10097	35.2352	8698	30.3532	9596	33.4869	10426	36.3833	12556	100.0000	136600	21.0337	0.9286
ESO1238001120S1K	ESO1242209120S1K	na	NZ_CP049075.1	1754511	1443129	82.2525	1439846	99.7725	1419210	98.5668	3283	0.2275	1422386	98.5626	33238	2.3032	12495	37.5925	9406	28.2989	10354	31.1511	13207	39.7346	12556	42.0835	33978	15.4983	0.9794
ESO1238001120S1K	ESO1242704120S1K	na	NZ_CP049075.1	1754511	1392300	79.3554	1390673	99.8831	1370203	98.5281	1627	0.1169	1371749	98.5240	30838	2.2149	10287	33.3582	8834	28.6465	11097	35.9848	10929	35.4400	12556	42.0835	79627	14.2339	0.9533
ESO1238001120S1K	ESO1242801120S1K	na	NZ_CP049075.1	1754511	1362066	77.6322	1360831	99.9093	1355624	99.6174	1235	0.0907	1356849	99.6170	21009	1.5424	15792	75.1678	14631	69.6416	3215	15.3030	2993	14.2463	12556	100.0000	127121	10.0188	0.9342
ESO1238001120S1K	ESO1242805120S1K	na	NZ_CP049075.1	1754511	547933	31.2300	547727	99.9624	540772	98.7302	206	0.0376	540972	98.7296	10375	1.8935	3414	32.9060	3215	30.9880	3605	34.7470	3593	34.6313	12556	57.9165	147988	5.1599	0.9195
ESO1238001120S1K	ESO1247101120S1K	na	NZ_CP049075.1	1754511	1153969	65.7715	1153095	99.9243	1137665	98.6619	874	0.0757	1138503	98.6598	23406	2.0283	7940	33.9229	7116	30.4025	7832	33.4615	8543	36.4992	12556	100.0000	127431	10.3138	0.9341
ESO1238001120S1K	ESO1247203120S1K	na	NZ_CP049075.1	1754511	1371287	78.1578	1364198	99.4830	1347441	98.7717	7089	0.5170	1354427	98.7705	31609	2.3051	14749	46.6608	7837	24.7936	9266	29.3144	13125	41.5230	12556	100.0000	91787	14.9215	0.9545
ESO1238001120S1K	ESO1247206120S1K	na	NZ_CP049075.1	1754511	1386961	79.0511	1369823	98.7643	1360154	99.2941	17138	1.2357	1377123	99.2907	33650	2.4262	23812	70.7637	7021	20.8648	6726	19.9881	14601	43.3908	12556	0.0000	70823	0.0000	0.9525
ESO1238001120S1K	ESO1247208120S1K	na	NZ_CP049075.1	1754511	1376997	78.4832	1375379	99.8825	1357159	98.6753	1618	0.1175	1358717	98.6725	28557	2.0739	10277	35.9877	8798	30.8086	10088	35.3258	9748	34.1352	12556	42.0835	129263	16.7248	0.9250
ESO1238001120S1K	ESO1254306120S1K	na	NZ_CP049075.1	1754511	1305434	74.4044	1304067	99.8953	1288284	98.7897	1367	0.1047	1289598	98.7869	24603	1.8847	8767	35.6339	7474	30.3784	9972	40.5316	7113	28.9111	12556	0.0000	88346	0.0000	0.9425
ESO1238001120S1K	ESO1256801120S1K	na	NZ_CP049075.1	1754511	1415965	80.7043	1406577	99.3370	1395563	99.2170	9388	0.6630	1404861	99.2158	30268	2.1376	19164	63.3144	9999	33.0349	6625	21.8878	10842	35.8200	12556	57.9165	50342	14.4571	0.9723
ESO1238001120S1K	ESO1256804120S1K	na	NZ_CP049075.1	1754511	1407211	80.2053	1393562	99.0301	1381359	99.1243	13649	0.9699	1394870	99.1230	32799	2.3308	20458	62.3739	7032	21.4397	8044	24.5251	14311	43.6324	12556	100.0000	59514	21.4067	0.9730
ESO1238001120S1K	ESO1350502120S1K	na	NZ_CP049075.1	1754511	926873	52.8280	924718	99.7675	914376	98.8816	2155	0.2325	916503	98.8812	17669	1.9063	7299	41.3096	5176	29.2942	5627	31.8467	6449	36.4990	12556	42.0835	111375	4.8305	0.9324
ESO1238001120S1K	ESO1350804120S1K	na	NZ_CP049075.1	1754511	1093010	62.2971	1092049	99.9121	1078280	98.7392	961	0.0879	1079219	98.7383	21234	1.9427	7443	35.0523	6511	30.6631	7057	33.2344	7616	35.8670	12556	100.0000	145498	19.6814	0.9233
ESO1238001120S1K	ESO1350807120S1K	na	NZ_CP049075.1	1754511	795101	45.3175	794633	99.9411	784367	98.7081	468	0.0589	784821	98.7071	15175	1.9086	4895	32.2570	4443	29.2784	5228	34.4514	5579	36.7644	12556	42.0835	135115	4.2616	0.9188
ESO1238001120S1K	ESO1356601120S1K	na	NZ_CP049075.1	1754511	1254835	71.5205	1246860	99.3645	1233656	98.9410	7975	0.6355	1241530	98.9397	28562	2.2762	15257	53.4171	7429	26.0101	7619	26.6753	11677	40.8830	12556	100.0000	89625	14.3420	0.9557
ESO1238001120S1K	ESO1356602120S1K	na	NZ_CP049075.1	1754511	1270278	72.4007	1262514	99.3888	1248304	98.8745	7764	0.6112	1255953	98.8723	28912	2.2760	14587	50.4531	6993	24.1872	8385	29.0018	11710	40.5022	12556	100.0000	119872	15.8577	0.9384
ESO1238001120S1K	ESO1356803120S1K	na	NZ_CP049075.1	1754511	1066456	60.7837	1065890	99.9469	1052220	98.7175	566	0.0531	1052762	98.7159	20958	1.9652	7264	34.6598	6729	32.1071	6978	33.2952	7305	34.8554	12556	100.0000	100878	12.6093	0.9493
ESO1238001120S1K	ESO1357103120S1K	na	NZ_CP049075.1	1754511	420550	23.9696	420384	99.9605	419351	99.7543	166	0.0395	419516	99.7541	5711	1.3580	4677	81.8946	4512	79.0054	610	10.6811	545	9.5430	12556	57.9165	128644	9.8691	0.9267
ESO1238001120S1K	ESO1357104120S1K	na	NZ_CP049075.1	1754511	1368648	78.0074	1367374	99.9069	1363870	99.7437	1274	0.0931	1365136	99.7434	20588	1.5043	17076	82.9415	15927	77.3606	2255	10.9530	2140	10.3944	12556	57.9165	117357	6.1164	0.9339
ESO1238001120S1K	ESO1357107120S1K	na	NZ_CP049075.1	1754511	1379895	78.6484	1367465	99.0992	1353777	98.9990	12430	0.9008	1366071	98.9982	33611	2.4358	19787	58.8706	7554	22.4748	8329	24.7806	14744	43.8666	12556	42.0835	44994	12.3639	0.9731
ESO1238001120S1K	ESO1358301120S1K	na	NZ_CP049075.1	1754511	464170	26.4558	464055	99.9752	457903	98.6743	115	0.0248	458012	98.6733	9011	1.9413	2853	31.6613	2744	30.4517	3022	33.5368	3304	36.6663	12556	57.9165	114929	11.2243	0.9345
ESO1238001120S1K	ESO1358304120S1K	na	NZ_CP049075.1	1754511	1409461	80.3336	1407917	99.8905	1387379	98.5412	1544	0.1095	1388859	98.5383	31243	2.2167	10641	34.0588	9229	29.5394	10727	34.3341	11360	36.3601	12556	100.0000	51874	37.2152	0.9774
ESO1238001120S1K	ESO1358602120S1K	na	NZ_CP049075.1	1754511	1165633	66.4363	1164805	99.9290	1149611	98.6956	828	0.0710	1150405	98.6936	23174	1.9881	7946	34.2884	7162	30.9053	7926	34.2021	8155	35.1903	12556	100.0000	99829	12.6586	0.9499
ESO1238001120S1K	EST1212206101S1K	na	NZ_CP049075.1	1754511	1290117	73.5314	1288998	99.9133	1271098	98.6113	1119	0.0867	1272170	98.6089	27954	2.1668	10007	35.7981	8989	32.1564	9134	32.6751	9891	35.3831	12556	57.9165	85446	8.3480	0.9521
ESO1238001120S1K	EST1212704101S1K	na	NZ_CP049075.1	1754511	1177341	67.1037	1176522	99.9304	1161119	98.6908	819	0.0696	1161905	98.6889	23754	2.0176	8318	35.0173	7542	31.7504	7937	33.4133	8326	35.0509	12556	57.9165	88279	8.1333	0.9505
ESO1238001120S1K	EST1232702101S1K	na	NZ_CP049075.1	1754511	1149304	65.5057	1148598	99.9386	1133548	98.6897	706	0.0614	1134222	98.6877	22602	1.9666	7520	33.2714	6848	30.2982	7626	33.7404	8179	36.1871	12556	100.0000	126535	10.4082	0.9345
ESO1238001120S1K	EST1232710101S1K	na	NZ_CP049075.1	1754511	1364911	77.7944	1363209	99.8753	1347512	98.8485	1702	0.1247	1349156	98.8457	28032	2.0538	12277	43.7964	10783	38.4668	8179	29.1774	8928	31.8493	12556	57.9165	115001	6.2382	0.9352
ESO1238001120S1K	EST1232905101S1K	na	NZ_CP049075.1	1754511	1261988	71.9282	1261223	99.9394	1244364	98.6633	765	0.0606	1245095	98.6614	25647	2.0323	8754	34.1326	8030	31.3097	8646	33.7115	9057	35.3141	12556	100.0000	90764	13.9119	0.9549
ESO1238001120S1K	EST1233822101S1K	na	NZ_CP049075.1	1754511	1217679	69.4028	1212721	99.5928	1197973	98.7839	4958	0.4072	1202872	98.7840	26520	2.1779	11713	44.1667	6826	25.7391	7954	29.9925	10818	40.7919	12556	42.0835	120979	4.4264	0.9297
ESO1238001120S1K	EST1233822201S1K	na	NZ_CP049075.1	1754511	1157240	65.9580	1155841	99.8791	1140132	98.6409	1399	0.1209	1141501	98.6400	24244	2.0950	8505	35.0808	7150	29.4918	7977	32.9030	9205	37.9682	12556	42.0835	142473	3.7165	0.9174
ESO1238001120S1K	EST1234702101S1K	na	NZ_CP049075.1	1754511	235474	13.4211	235412	99.9737	232335	98.6929	62	0.0263	232394	98.6920	4599	1.9531	1519	33.0289	1460	31.7460	1552	33.7465	1616	35.1381	12556	57.9165	100029	12.4904	0.9430
ESO1238001120S1K	EST1234704101S1K	na	NZ_CP049075.1	1754511	1437689	81.9424	1435763	99.8660	1415482	98.5874	1926	0.1340	1417357	98.5858	31629	2.2000	11297	35.7172	9484	29.9851	10246	32.3943	11849	37.4625	12556	0.0000	50396	0.0000	0.9641
ESO1238001120S1K	EST1236807101S1K	na	NZ_CP049075.1	1754511	1253449	71.4415	1252636	99.9351	1236861	98.7407	813	0.0649	1237648	98.7394	24141	1.9260	8340	34.5470	7576	31.3823	8567	35.4873	8077	33.4576	12556	42.0835	139782	15.6394	0.9190
ESO1238001120S1K	EST1237103201S1K	na	NZ_CP049075.1	1754511	1299038	74.0399	1297458	99.8784	1279801	98.6391	1580	0.1216	1281330	98.6368	27526	2.1190	9818	35.6681	8304	30.1678	8774	31.8753	10471	38.0404	12556	0.0000	83812	0.0000	0.9451
ESO1238001120S1K	EST1238001101S1K	na	NZ_CP049075.1	1754511	1069562	60.9607	1068938	99.9417	1068891	99.9956	624	0.0583	1069515	99.9956	14023	1.3111	13976	99.6648	13369	95.3362	301	2.1465	242	1.7257	12556	100.0000	20057	68.3053	0.9956
ESO1238001120S1K	EST1238002101S1K	na	NZ_CP049075.1	1754511	1337512	76.2328	1335845	99.8754	1317089	98.5959	1667	0.1246	1318683	98.5922	29350	2.1944	10521	35.8467	9043	30.8109	9691	33.0187	10610	36.1499	12556	100.0000	111899	11.2432	0.9430
ESO1238001120S1K	EST1241101101S1K	na	NZ_CP049075.1	1754511	1392060	79.3418	1389765	99.8351	1370767	98.6330	2295	0.1649	1372990	98.6301	30266	2.1742	11196	36.9920	9093	30.0436	9827	32.4688	11113	36.7178	12556	57.9165	116967	6.1316	0.9341
ESO1238001120S1K	EST1241104101S1K	na	NZ_CP049075.1	1754511	1347547	76.8047	1346325	99.9093	1328827	98.7003	1222	0.0907	1329996	98.6976	25780	1.9131	8229	31.9201	7131	27.6610	11120	43.1342	7545	29.2669	12556	0.0000	93863	0.0000	0.9393
ESO1238001120S1K	EST1242101101S1K	na	NZ_CP049075.1	1754511	374383	21.3383	374248	99.9639	369512	98.7345	135	0.0361	369643	98.7339	7217	1.9277	2477	34.3217	2347	32.5204	2400	33.2548	2502	34.6681	12556	0.0000	107133	0.0000	0.9389
ESO1238001120S1K	EST1242103101S1K	na	NZ_CP049075.1	1754511	1088179	62.0218	1087376	99.9262	1073618	98.7348	803	0.0738	1074404	98.7341	21164	1.9449	7389	34.9131	6606	31.2134	7228	34.1523	7348	34.7193	12556	57.9165	123051	6.0520	0.9307
ESO1238001120S1K	EST1242207101S1K	na	NZ_CP049075.1	1754511	697144	39.7344	696877	99.9617	688191	98.7536	267	0.0383	688451	98.7531	12920	1.8533	4227	32.7167	3967	30.7043	4457	34.4969	4554	35.2477	12556	100.0000	140321	20.9121	0.9238
ESO1238001120S1K	EST1242209101S1K	na	NZ_CP049075.1	1754511	1081291	61.6292	1080209	99.8999	1066199	98.7030	1082	0.1001	1067243	98.7008	21404	1.9795	7356	34.3674	6319	29.5225	7127	33.2975	7959	37.1846	12556	42.0835	127907	4.3876	0.9257
ESO1238001120S1K	EST1242704101S1K	na	NZ_CP049075.1	1754511	1432491	81.6462	1419363	99.0836	1406949	99.1254	13128	0.9164	1419939	99.1238	33361	2.3289	20809	62.3752	7885	23.6354	8110	24.3098	13388	40.1307	12556	57.9165	84615	6.7683	0.9510
ESO1238001120S1K	EST1242801101S1K	na	NZ_CP049075.1	1754511	1361475	77.5985	1359889	99.8835	1354684	99.6172	1586	0.1165	1356255	99.6166	21170	1.5549	15950	75.3425	14482	68.4081	3181	15.0260	3193	15.0827	12556	100.0000	106954	11.8032	0.9457
ESO1238001120S1K	EST1242802101S1K	na	NZ_CP049075.1	1754511	1349914	76.9396	1346655	99.7586	1330168	98.7757	3259	0.2414	1333387	98.7757	28176	2.0872	11649	41.3437	8473	30.0717	8785	31.1790	10146	36.0094	12556	57.9165	77610	9.4086	0.9567
ESO1238001120S1K	EST1242804101S1K	na	NZ_CP049075.1	1754511	1365654	77.8367	1359613	99.5576	1354375	99.6147	6041	0.4424	1360390	99.6145	24121	1.7663	18857	78.1767	12901	53.4845	3333	13.8178	5682	23.5562	12556	42.0835	69079	7.6840	0.9594
ESO1238001120S1K	EST1242805101S1K	na	NZ_CP049075.1	1754511	1227203	69.9456	1226302	99.9266	1210007	98.6712	901	0.0734	1210888	98.6706	24654	2.0090	8339	33.8241	7466	30.2831	8459	34.3109	8785	35.6332	12556	100.0000	153813	18.7969	0.9188
ESO1238001120S1K	EST1247101101S1K	na	NZ_CP049075.1	1754511	870479	49.6138	869928	99.9367	858541	98.6910	551	0.0633	859063	98.6885	17017	1.9549	5601	32.9141	5081	29.8584	5869	34.4890	6126	35.9993	12556	57.9165	120859	6.3363	0.9350
ESO1238001120S1K	EST1247106101S1K	na	NZ_CP049075.1	1754511	1339645	76.3543	1338055	99.8813	1319478	98.6116	1590	0.1187	1321002	98.6084	29315	2.1883	10672	36.4046	9257	31.5777	9695	33.0718	10317	35.1936	12556	100.0000	106665	26.8814	0.9457
ESO1238001120S1K	EST1247109101S1K	na	NZ_CP049075.1	1754511	1384486	78.9101	1382880	99.8840	1364427	98.6656	1606	0.1160	1365950	98.6612	28940	2.0903	10404	35.9502	8982	31.0366	10168	35.1348	9870	34.1050	12556	42.0835	129147	16.7375	0.9250
ESO1238001120S1K	EST1247203101S1K	na	NZ_CP049075.1	1754511	1200008	68.3956	1198361	99.8628	1182291	98.6590	1647	0.1372	1183881	98.6561	24907	2.0756	8780	35.2511	7240	29.0681	8503	34.1390	9180	36.8571	12556	57.9165	93469	7.9609	0.9476
ESO1238001120S1K	EST1247206101S1K	na	NZ_CP049075.1	1754511	1243288	70.8624	1241986	99.8953	1229405	98.9870	1302	0.1047	1230659	98.9842	24265	1.9517	11636	47.9538	10460	43.1074	6801	28.0280	6904	28.4525	12556	57.9165	127972	5.3113	0.9274
ESO1238001120S1K	EST1254306101S1K	na	NZ_CP049075.1	1754511	172300	9.8204	172246	99.9687	170344	98.8958	54	0.0313	170396	98.8950	2866	1.6634	962	33.5659	910	31.7516	1202	41.9400	759	26.4829	12556	0.0000	76013	0.0000	0.9567
ESO1238001120S1K	EST1256811101S1K	na	NZ_CP049075.1	1754511	1163479	66.3136	1162654	99.9291	1148023	98.7416	825	0.0709	1148816	98.7397	22485	1.9326	7822	34.7876	7036	31.2920	8013	35.6371	7506	33.3823	12556	42.0835	139306	15.5435	0.9192
ESO1238001120S1K	EST1350502101S1K	na	NZ_CP049075.1	1754511	658888	37.5539	657731	99.8244	650368	98.8805	1157	0.1756	651509	98.8801	12152	1.8443	4773	39.2775	3634	29.9045	4006	32.9658	4286	35.2699	12556	0.0000	126094	0.0000	0.9240
ESO1238001120S1K	EST1350510101S1K	na	NZ_CP049075.1	1754511	1122086	63.9543	1120671	99.8739	1104945	98.5967	1415	0.1261	1106292	98.5924	24782	2.2086	8988	36.2683	7694	31.0467	8134	32.8222	8919	35.9898	12556	57.9165	117862	6.1818	0.9337
ESO1238001120S1K	EST1350804101S1K	na	NZ_CP049075.1	1754511	1386745	79.0388	1383866	99.7924	1364538	98.6033	2879	0.2076	1367315	98.5989	31743	2.2890	12313	38.7897	9643	30.3784	9707	30.5800	12132	38.2194	12556	42.0835	75045	7.1637	0.9560
ESO1238001120S1K	EST1350807101S1K	na	NZ_CP049075.1	1754511	1296694	73.9063	1295831	99.9334	1277951	98.6202	863	0.0666	1278775	98.6181	26518	2.0450	8599	32.4270	7779	29.3348	9178	34.6105	9683	36.5148	12556	100.0000	134701	9.8091	0.9298
ESO1238001120S1K	EST1356604101S1K	na	NZ_CP049075.1	1754511	1347302	76.7907	1345594	99.8732	1327231	98.6353	1708	0.1268	1328886	98.6331	28077	2.0839	9661	34.4089	8033	28.6106	9497	33.8248	10551	37.5788	12556	100.0000	91591	31.8383	0.9546
ESO1238001120S1K	EST1356611101S1K	na	NZ_CP049075.1	1754511	840180	47.8868	839532	99.9229	828886	98.7319	648	0.0771	829512	98.7303	16568	1.9720	5900	35.6108	5280	31.8687	5455	32.9249	5838	35.2366	12556	42.0835	57584	34.9073	0.9630
ESO1238001120S1K	EST1357103101S1K	na	NZ_CP049075.1	1754511	936205	53.3599	935792	99.9559	933586	99.7643	413	0.0441	933999	99.7644	12589	1.3447	10383	82.4768	9988	79.3391	1388	11.0255	1142	9.0714	12556	57.9165	133245	5.7818	0.9279
ESO1238001120S1K	EST1357107101S1K	na	NZ_CP049075.1	1754511	1380895	78.7054	1378901	99.8556	1359302	98.5787	1994	0.1444	1361210	98.5745	31287	2.2657	11602	37.0825	9815	31.3709	10052	32.1284	11359	36.3058	12556	100.0000	78769	14.4143	0.9606
ESO1238001120S1K	EST1358301101S1K	na	NZ_CP049075.1	1754511	785329	44.7606	784943	99.9508	774431	98.6608	386	0.0492	774797	98.6589	15708	2.0002	5176	32.9514	4813	30.6404	5283	33.6325	5681	36.1663	12556	57.9165	94377	7.8812	0.9500
ESO1238001120S1K	EST1358301201S1K	na	NZ_CP049075.1	1754511	1290129	73.5321	1289157	99.9247	1271301	98.6149	972	0.0753	1272236	98.6131	26999	2.0927	9106	33.7272	8182	30.3048	8898	32.9568	10023	37.1236	12556	100.0000	102933	12.2915	0.9480
ESO1238001120S1K	EST1358302101S1K	na	NZ_CP049075.1	1754511	814442	46.4199	813995	99.9451	803395	98.6978	447	0.0549	803824	98.6963	15706	1.9284	5088	32.3953	4663	29.6893	5441	34.6428	5654	35.9990	12556	57.9165	133967	5.6380	0.9275
ESO1238001120S1K	EST1358602101S1K	na	NZ_CP049075.1	1754511	460915	26.2703	460666	99.9460	454756	98.7171	249	0.0540	454991	98.7147	8830	1.9158	2906	32.9105	2671	30.2492	3038	34.4054	3142	35.5832	12556	57.9165	80640	10.0930	0.9540
ESO1238001120S1K	EST1359005101S1K	na	NZ_CP049075.1	1754511	1314857	74.9415	1312290	99.8048	1295545	98.7240	2567	0.1952	1298057	98.7223	27446	2.0874	10646	38.7889	8159	29.7275	8754	31.8954	10212	37.2076	12556	42.0835	136370	3.9671	0.9209
ESO1238001120S1K	EST1359006101S1K	na	NZ_CP049075.1	1754511	548313	31.2516	547944	99.9327	541044	98.7407	369	0.0673	541404	98.7400	10522	1.9190	3613	34.3376	3254	30.9257	3622	34.4231	3656	34.7462	12556	0.0000	151742	0.0000	0.9094
ESO1238001120S1K	EST1359007101S1K	na	NZ_CP049075.1	1754511	1329479	75.7749	1328248	99.9074	1310814	98.6874	1231	0.0926	1312014	98.6863	26714	2.0094	9249	34.6223	8075	30.2276	9324	34.9030	9383	35.1239	12556	100.0000	147634	19.6472	0.9224
ESO1238001120S1K	EST1361001101S1K	na	NZ_CP049075.1	1754511	1134793	64.6786	1134162	99.9444	1120587	98.8031	631	0.0556	1121201	98.8022	21248	1.8724	7656	36.0316	7047	33.1655	7156	33.6785	7070	33.2737	12556	100.0000	155104	18.7842	0.9182
ESO1238001120S1K	EST1361002101S1K	na	NZ_CP049075.1	1754511	1375479	78.3967	1373544	99.8593	1354368	98.6039	1935	0.1407	1356222	98.6000	30083	2.1871	10826	35.9871	9033	30.0269	9913	32.9522	11126	36.9843	12556	100.0000	120862	10.2745	0.9377
ESO1238001120S1K	EST1361007101S1K	na	NZ_CP049075.1	1754511	1393565	79.4275	1391379	99.8431	1371937	98.6027	2186	0.1569	1374046	98.5993	30620	2.1972	11101	36.2541	9079	29.6506	10121	33.0536	11370	37.1326	12556	42.0835	126515	8.9902	0.9265
ESO1238001120S1K	EST2359005102S1K	na	NZ_CP049075.1	1754511	1314832	74.9401	1310458	99.6673	1293878	98.7348	4374	0.3327	1298148	98.7311	29082	2.2118	12398	42.6312	8198	28.1893	9043	31.0948	10926	37.5696	12556	42.0835	128523	4.2148	0.9254
ESO1238002120S1K	ESO1241104120S1K	na	NZ_CP049075.1	1754511	1297891	73.9745	1295859	99.8434	1278484	98.6592	2032	0.1566	1280460	98.6570	26029	2.0055	8598	33.0324	6664	25.6022	11348	43.5975	7833	30.0934	106621	32.1034	59035	71.1002	0.9418
ESO1238002120S1K	ESO1241108220S1K	na	NZ_CP049075.1	1754511	1444414	82.3257	1442104	99.8401	1422947	98.6716	2310	0.1599	1425179	98.6683	31758	2.1987	12523	39.4326	10442	32.8799	10252	32.2816	10851	34.1678	106621	77.1058	104879	87.4207	0.9700
ESO1238002120S1K	ESO1242101120S1K	na	NZ_CP049075.1	1754511	337513	19.2369	337400	99.9665	333373	98.8065	113	0.0335	333481	98.8054	6173	1.8290	2141	34.6833	2033	32.9337	2037	32.9985	2130	34.5051	106621	67.2485	115160	80.9404	0.9498
ESO1238002120S1K	ESO1242208120S1K	na	NZ_CP049075.1	1754511	1419658	80.9147	1418195	99.8969	1399368	98.6725	1463	0.1031	1400786	98.6707	30054	2.1170	11182	37.2064	9797	32.5980	10219	34.0021	10134	33.7193	106621	94.0847	136600	84.1384	0.9720
ESO1238002120S1K	ESO1242209120S1K	na	NZ_CP049075.1	1754511	1446811	82.4623	1444131	99.8148	1424836	98.6639	2680	0.1852	1427441	98.6612	32159	2.2228	12789	39.7680	10281	31.9693	10104	31.4189	11473	35.6759	106621	18.1465	33978	66.8521	0.9412
ESO1238002120S1K	ESO1242704120S1K	na	NZ_CP049075.1	1754511	1401185	79.8619	1399504	99.8800	1380691	98.6557	1681	0.1200	1382293	98.6517	30789	2.1974	11897	38.6404	10413	33.8205	10375	33.6971	9961	32.3525	106621	61.7552	79627	85.7661	0.9675
ESO1238002120S1K	ESO1242801120S1K	na	NZ_CP049075.1	1754511	1391825	79.3284	1390614	99.9130	1372265	98.6805	1211	0.0870	1373451	98.6799	28304	2.0336	9930	35.0834	8758	30.9426	10383	36.6839	9190	32.4689	106621	94.0847	127121	86.9660	0.9767
ESO1238002120S1K	ESO1242805120S1K	na	NZ_CP049075.1	1754511	586005	33.3999	585766	99.9592	578657	98.7864	239	0.0408	578888	98.7855	10968	1.8717	3851	35.1112	3621	33.0142	3760	34.2815	3606	32.8775	106621	94.0847	147988	78.3503	0.9616
ESO1238002120S1K	ESO1247101120S1K	na	NZ_CP049075.1	1754511	1195616	68.1453	1194741	99.9268	1179474	98.7221	875	0.0732	1180308	98.7197	24155	2.0203	8847	36.6260	8029	33.2395	7954	32.9290	8231	34.0758	106621	94.0847	127431	90.5808	0.9776
ESO1238002120S1K	ESO1247203120S1K	na	NZ_CP049075.1	1754511	1393269	79.4107	1385965	99.4758	1370775	98.9040	7304	0.5242	1377995	98.9037	31100	2.2322	15826	50.8875	8675	27.8939	8626	27.7363	11984	38.5338	106621	68.5841	91787	81.0191	0.9670
ESO1238002120S1K	ESO1247206120S1K	na	NZ_CP049075.1	1754511	1431643	81.5978	1413791	98.7530	1405352	99.4031	17852	1.2470	1423041	99.3992	34261	2.3931	25659	74.8927	8174	23.8580	6565	19.1617	13622	39.7595	106621	55.1524	70823	85.6854	0.9646
ESO1238002120S1K	ESO1247208120S1K	na	NZ_CP049075.1	1754511	1429176	81.4572	1427497	99.8825	1407851	98.6237	1679	0.1175	1409465	98.6208	30369	2.1249	10658	35.0950	9131	30.0668	11217	36.9357	10065	33.1423	106621	87.2558	129263	83.2752	0.9684
ESO1238002120S1K	ESO1254306120S1K	na	NZ_CP049075.1	1754511	1300042	74.0971	1298704	99.8971	1280736	98.6165	1338	0.1029	1282022	98.6139	26275	2.0211	8255	31.4177	7012	26.6870	11691	44.4948	7608	28.9553	106621	52.7213	88346	80.8967	0.9490
ESO1238002120S1K	ESO1256801120S1K	na	NZ_CP049075.1	1754511	1440587	82.1076	1431133	99.3437	1415510	98.9083	9454	0.6563	1424836	98.9066	33286	2.3106	17535	52.6798	8317	24.9865	9874	29.6641	12814	38.4967	106621	56.6971	50342	100.0000	0.9664
ESO1238002120S1K	ESO1256804120S1K	na	NZ_CP049075.1	1754511	1422238	81.0618	1407851	98.9884	1396959	99.2263	14387	1.0116	1411221	99.2254	33084	2.3262	22067	66.6999	7913	23.9179	7560	22.8509	13392	40.4788	106621	38.9323	59514	72.4384	0.9498
ESO1238002120S1K	ESO1350502120S1K	na	NZ_CP049075.1	1754511	977902	55.7364	975682	99.7730	967001	99.1103	2220	0.2270	969204	99.1105	17596	1.7994	8898	50.5683	6710	38.1337	4876	27.7108	5489	31.1946	106621	87.2558	111375	95.1695	0.9762
ESO1238002120S1K	ESO1350804120S1K	na	NZ_CP049075.1	1754511	1132741	64.5616	1131768	99.9141	1118051	98.7880	973	0.0859	1119000	98.7869	21991	1.9414	8250	37.5153	7302	33.2045	7349	33.4182	7270	33.0590	106621	94.0847	145498	81.5564	0.9684
ESO1238002120S1K	ESO1350807120S1K	na	NZ_CP049075.1	1754511	847598	48.3096	847104	99.9417	836338	98.7291	494	0.0583	836820	98.7284	16409	1.9359	5631	34.3165	5150	31.3852	5650	34.4323	5680	34.6152	106621	87.9039	135115	81.8555	0.9643
ESO1238002120S1K	ESO1356601120S1K	na	NZ_CP049075.1	1754511	1246986	71.0731	1238864	99.3487	1226105	98.9701	8122	0.6513	1234141	98.9699	28059	2.2501	15214	54.2215	7206	25.6816	7721	27.5170	11021	39.2780	106621	67.2485	89625	86.5975	0.9681
ESO1238002120S1K	ESO1356602120S1K	na	NZ_CP049075.1	1754511	1296301	73.8839	1288423	99.3923	1274124	98.8902	7878	0.6077	1281885	98.8879	29794	2.2984	15378	51.6144	7692	25.8173	8883	29.8147	11321	37.9976	106621	94.0847	119872	90.4381	0.9820
ESO1238002120S1K	ESO1356803120S1K	na	NZ_CP049075.1	1754511	1097447	62.5500	1096950	99.9547	1083616	98.7844	497	0.0453	1084099	98.7837	21034	1.9166	7686	36.5408	7212	34.2873	7076	33.6408	6803	32.3429	106621	67.2485	100878	82.2003	0.9616
ESO1238002120S1K	ESO1357103120S1K	na	NZ_CP049075.1	1754511	438724	25.0055	438605	99.9729	433133	98.7524	119	0.0271	433251	98.7525	8223	1.8743	2750	33.4428	2632	32.0078	2973	36.1547	2658	32.3240	106621	88.8174	128644	90.0197	0.9649
ESO1238002120S1K	ESO1357104120S1K	na	NZ_CP049075.1	1754511	1385128	78.9467	1383833	99.9065	1365136	98.6489	1295	0.0935	1366383	98.6467	28752	2.0758	10007	34.8045	8789	30.5683	10517	36.5783	9454	32.8812	106621	94.0847	117357	90.7948	0.9787
ESO1238002120S1K	ESO1357107120S1K	na	NZ_CP049075.1	1754511	1393254	79.4098	1380469	99.0824	1368009	99.0974	12785	0.9176	1380670	99.0968	32782	2.3529	20198	61.6131	7606	23.2018	7962	24.2877	13734	41.8949	106621	34.9190	44994	87.6361	0.9549
ESO1238002120S1K	ESO1358301120S1K	na	NZ_CP049075.1	1754511	488106	27.8201	487973	99.9728	482088	98.7940	133	0.0272	482216	98.7933	8986	1.8410	3096	34.4536	2968	33.0292	3074	34.2088	2972	33.0737	106621	67.2485	114929	79.0967	0.9546
ESO1238002120S1K	ESO1358304120S1K	na	NZ_CP049075.1	1754511	1410880	80.4144	1409354	99.8918	1389450	98.5877	1526	0.1082	1390906	98.5843	30574	2.1670	10600	34.6700	9181	30.0288	11046	36.1287	10393	33.9929	106621	41.7479	51874	77.3914	0.9535
ESO1238002120S1K	ESO1358602120S1K	na	NZ_CP049075.1	1754511	1209107	68.9142	1208323	99.9352	1195817	98.9650	784	0.0648	1196576	98.9636	22534	1.8637	10003	44.3907	9260	41.0935	6712	29.7861	6546	29.0494	106621	74.4994	99829	84.5496	0.9711
ESO1238002120S1K	EST1212206101S1K	na	NZ_CP049075.1	1754511	1295431	73.8343	1294254	99.9091	1276725	98.6456	1177	0.0909	1277841	98.6422	27921	2.1553	10331	37.0008	9239	33.0898	9343	33.4623	9381	33.5984	106621	67.2485	85446	93.4754	0.9703
ESO1238002120S1K	EST1212704101S1K	na	NZ_CP049075.1	1754511	1203332	68.5850	1202561	99.9359	1187413	98.7404	771	0.0641	1188155	98.7388	23776	1.9758	8599	36.1667	7867	33.0880	8158	34.3119	7834	32.9492	106621	67.2485	88279	93.4673	0.9691
ESO1238002120S1K	EST1232702101S1K	na	NZ_CP049075.1	1754511	1205391	68.7024	1204652	99.9387	1189529	98.7446	739	0.0613	1190235	98.7426	23669	1.9636	8513	35.9669	7813	33.0094	8050	34.0107	7891	33.3390	106621	94.0847	126535	86.9111	0.9778
ESO1238002120S1K	EST1232710101S1K	na	NZ_CP049075.1	1754511	1386063	79.0000	1384278	99.8712	1365339	98.6318	1785	0.1288	1367062	98.6291	30427	2.1952	11426	37.5522	9865	32.4219	10410	34.2130	10128	33.2862	106621	94.7327	115001	90.6610	0.9827
ESO1238002120S1K	EST1232905101S1K	na	NZ_CP049075.1	1754511	1291701	73.6217	1291057	99.9501	1274375	98.7079	644	0.0499	1275002	98.7072	25677	1.9878	8978	34.9651	8354	32.5350	8747	34.0655	8642	33.6566	106621	67.2485	90764	88.3302	0.9673
ESO1238002120S1K	EST1233822101S1K	na	NZ_CP049075.1	1754511	1253091	71.4211	1247987	99.5927	1234226	98.8973	5104	0.4073	1239266	98.8967	26754	2.1350	12929	48.3255	7916	29.5881	7716	28.8405	10080	37.6766	106621	87.2558	120979	88.3145	0.9749
ESO1238002120S1K	EST1233822201S1K	na	NZ_CP049075.1	1754511	1190371	67.8463	1188956	99.8811	1173988	98.7411	1415	0.1189	1175369	98.7397	24577	2.0647	9575	38.9592	8206	33.3889	7802	31.7451	8651	35.1996	106621	93.1711	142473	78.2310	0.9695
ESO1238002120S1K	EST1234702101S1K	na	NZ_CP049075.1	1754511	252729	14.4045	252674	99.9782	249634	98.7969	55	0.0218	249687	98.7963	4727	1.8704	1685	35.6463	1632	34.5251	1598	33.8058	1524	32.2403	106621	61.9812	100029	81.5963	0.9587
ESO1238002120S1K	EST1234704101S1K	na	NZ_CP049075.1	1754511	1443025	82.2466	1441062	99.8640	1422037	98.6798	1963	0.1360	1423947	98.6779	31148	2.1585	12070	38.7505	10245	32.8914	10102	32.4323	10766	34.5640	106621	30.7679	50396	71.0255	0.9404
ESO1238002120S1K	EST1236807101S1K	na	NZ_CP049075.1	1754511	1304042	74.3251	1303229	99.9377	1286498	98.7162	813	0.0623	1287283	98.7148	25547	1.9591	8788	34.3993	8020	31.3931	9338	36.5522	8269	32.3678	106621	87.2558	139782	80.6656	0.9622
ESO1238002120S1K	EST1237103201S1K	na	NZ_CP049075.1	1754511	1319173	75.1875	1317607	99.8813	1299667	98.6384	1566	0.1187	1301188	98.6366	28442	2.1560	10457	36.7661	8955	31.4851	9309	32.7298	10194	35.8414	106621	63.5194	83812	94.0223	0.9642
ESO1238002120S1K	EST1238001101S1K	na	NZ_CP049075.1	1754511	1045355	59.5810	1044799	99.9468	1031525	98.7295	556	0.0532	1032071	98.7292	20133	1.9259	6849	34.0188	6311	31.3465	7340	36.4576	6552	32.5436	106621	12.0961	20057	71.2170	0.9420
ESO1238002120S1K	EST1238002101S1K	na	NZ_CP049075.1	1754511	1400634	79.8304	1398977	99.8817	1398929	99.9966	1657	0.1183	1400586	99.9966	21723	1.5509	21675	99.7790	20505	94.3930	379	1.7447	360	1.6572	106621	100.0000	111899	95.2582	0.9966
ESO1238002120S1K	EST1241101101S1K	na	NZ_CP049075.1	1754511	1450430	82.6686	1448050	99.8359	1429089	98.6906	2380	0.1641	1431399	98.6879	31532	2.1740	12501	39.6454	10321	32.7318	10362	32.8619	10576	33.5405	106621	94.0847	116967	90.8085	0.9835
ESO1238002120S1K	EST1241104101S1K	na	NZ_CP049075.1	1754511	1351765	77.0451	1350551	99.9102	1331740	98.6072	1214	0.0898	1332901	98.6045	27123	2.0065	8259	30.4502	7151	26.3651	12312	45.3932	7676	28.3007	106621	57.6040	93863	82.1112	0.9517
ESO1238002120S1K	EST1242101101S1K	na	NZ_CP049075.1	1754511	389656	22.2088	389507	99.9618	384945	98.8288	149	0.0382	385091	98.8285	7166	1.8391	2601	36.2964	2455	34.2590	2392	33.3798	2332	32.5426	106621	60.4196	107133	76.9641	0.9545
ESO1238002120S1K	EST1242103101S1K	na	NZ_CP049075.1	1754511	1143187	65.1570	1142399	99.9311	1128177	98.7551	788	0.0689	1128942	98.7539	22376	1.9573	8131	36.3380	7373	32.9505	7717	34.4878	7304	32.6421	106621	94.0847	123051	91.1646	0.9772
ESO1238002120S1K	EST1242207101S1K	na	NZ_CP049075.1	1754511	740236	42.1904	739962	99.9630	731173	98.8122	274	0.0370	731441	98.8119	13651	1.8441	4856	35.5725	4588	33.6093	4690	34.3565	4430	32.4518	106621	94.0847	140321	84.3181	0.9620
ESO1238002120S1K	EST1242209101S1K	na	NZ_CP049075.1	1754511	1139414	64.9420	1138296	99.9019	1124121	98.7547	1118	0.0981	1125207	98.7531	22645	1.9874	8438	37.2621	7377	32.5767	7540	33.2965	7694	33.9766	106621	87.9039	127907	85.6919	0.9712
ESO1238002120S1K	EST1242704101S1K	na	NZ_CP049075.1	1754511	1455626	82.9648	1442319	99.0858	1429176	99.0888	13307	0.9142	1442332	99.0867	34696	2.3836	21402	61.6843	8321	23.9826	8881	25.5966	13895	40.0478	106621	74.4994	84615	100.0000	0.9787
ESO1238002120S1K	EST1242801101S1K	na	NZ_CP049075.1	1754511	1387057	79.0566	1385451	99.8842	1367363	98.6944	1606	0.1158	1368936	98.6936	28356	2.0443	10235	36.0947	8693	30.6567	10314	36.3733	9246	32.6069	106621	94.0847	106954	84.8066	0.9654
ESO1238002120S1K	EST1242802101S1K	na	NZ_CP049075.1	1754511	1369427	78.0518	1366106	99.7575	1349194	98.7620	3321	0.2425	1352457	98.7608	29310	2.1403	12340	42.1017	9116	31.1020	9508	32.4394	10034	34.2340	106621	64.4329	77610	86.1397	0.9629
ESO1238002120S1K	EST1242804101S1K	na	NZ_CP049075.1	1754511	1381180	78.7216	1375028	99.5546	1359077	98.8400	6152	0.4454	1365156	98.8398	30086	2.1783	14062	46.7393	8017	26.6469	9611	31.9451	10960	36.4289	106621	60.4196	69079	92.3160	0.9651
ESO1238002120S1K	EST1242805101S1K	na	NZ_CP049075.1	1754511	1280350	72.9747	1279519	99.9351	1263261	98.7294	831	0.0649	1264068	98.7283	25458	1.9884	9176	36.0437	8381	32.9209	8617	33.8479	8550	33.5847	106621	100.0000	153813	82.6023	0.9712
ESO1238002120S1K	EST1247101101S1K	na	NZ_CP049075.1	1754511	920605	52.4707	920041	99.9387	908724	98.7699	564	0.0613	909267	98.7684	17804	1.9339	6466	36.3177	5925	33.2790	6083	34.1665	5867	32.9533	106621	94.0847	120859	95.1456	0.9718
ESO1238002120S1K	EST1247106101S1K	na	NZ_CP049075.1	1754511	1352091	77.0637	1350485	99.8812	1332610	98.6764	1606	0.1188	1334157	98.6736	29207	2.1601	11273	38.5969	9882	33.8344	9965	34.1185	9364	32.0608	106621	67.2485	106665	79.7047	0.9581
ESO1238002120S1K	EST1247109101S1K	na	NZ_CP049075.1	1754511	1437193	81.9142	1435496	99.8819	1415492	98.6065	1697	0.1181	1417101	98.6020	30869	2.1479	10777	34.9120	9275	30.0463	11388	36.8914	10251	33.2081	106621	87.2558	129147	83.2625	0.9683
ESO1238002120S1K	EST1247203101S1K	na	NZ_CP049075.1	1754511	1236564	70.4791	1234869	99.8629	1223462	99.0763	1695	0.1371	1225118	99.0744	23511	1.9013	12065	51.3164	10494	44.6344	6374	27.1107	6478	27.5531	106621	82.1977	93469	88.0142	0.9724
ESO1238002120S1K	EST1247206101S1K	na	NZ_CP049075.1	1754511	1248310	71.1486	1246998	99.8949	1229427	98.5909	1312	0.1051	1230690	98.5885	27126	2.1730	9506	35.0439	8308	30.6274	9709	35.7922	9104	33.5619	106621	100.0000	127972	91.5732	0.9849
ESO1238002120S1K	EST1254306101S1K	na	NZ_CP049075.1	1754511	176512	10.0605	176426	99.9513	174186	98.7303	86	0.0487	174269	98.7293	3163	1.7919	920	29.0863	837	26.4622	1476	46.6646	855	27.0313	106621	52.3368	76013	100.0000	0.9387
ESO1238002120S1K	EST1256811101S1K	na	NZ_CP049075.1	1754511	1197531	68.2544	1196730	99.9331	1181244	98.7060	801	0.0669	1182009	98.7038	23583	1.9693	8061	34.1814	7312	31.0054	8670	36.7638	7715	32.7142	106621	87.2558	139306	80.7424	0.9625
ESO1238002120S1K	EST1350502101S1K	na	NZ_CP049075.1	1754511	695558	39.6440	694304	99.8197	686888	98.9319	1254	0.1803	688118	98.9304	12836	1.8454	5396	42.0380	4169	32.4790	4229	32.9464	4160	32.4089	106621	87.2558	126094	86.7583	0.9662
ESO1238002120S1K	EST1350510101S1K	na	NZ_CP049075.1	1754511	1148187	65.4420	1146744	99.8743	1134162	98.9028	1443	0.1257	1135541	98.8986	24235	2.1107	11589	47.8193	10339	42.6614	6900	28.4712	6947	28.6652	106621	94.0847	117862	90.8172	0.9837
ESO1238002120S1K	EST1350804101S1K	na	NZ_CP049075.1	1754511	1410194	80.3753	1407363	99.7992	1387540	98.5915	2831	0.2008	1390300	98.5893	32458	2.3017	12564	38.7085	9927	30.5841	10347	31.8781	11845	36.4933	106621	55.5369	75045	78.5196	0.9599
ESO1238002120S1K	EST1350807101S1K	na	NZ_CP049075.1	1754511	1354465	77.1990	1353691	99.9429	1335725	98.6728	774	0.0571	1336469	98.6714	27656	2.0418	9660	34.9291	8934	32.3040	9455	34.1879	9367	33.8697	106621	100.0000	134701	84.2355	0.9763
ESO1238002120S1K	EST1356604101S1K	na	NZ_CP049075.1	1754511	1364866	77.7918	1363142	99.8737	1345120	98.6779	1724	0.1263	1346790	98.6756	28664	2.1001	10588	36.9383	8967	31.2831	9676	33.7566	9921	34.6114	106621	65.0810	91591	76.1767	0.9578
ESO1238002120S1K	EST1356611101S1K	na	NZ_CP049075.1	1754511	851973	48.5590	851382	99.9306	840719	98.7476	591	0.0694	841294	98.7466	16692	1.9592	6013	36.0232	5445	32.6204	5667	33.9504	5602	33.5610	106621	31.4159	57584	65.0927	0.9436
ESO1238002120S1K	EST1357103101S1K	na	NZ_CP049075.1	1754511	966906	55.1097	966485	99.9565	954444	98.7541	421	0.0435	954852	98.7533	18015	1.8632	5961	33.0891	5556	30.8410	6654	36.9359	5883	32.6561	106621	94.0847	133245	86.7995	0.9714
ESO1238002120S1K	EST1357107101S1K	na	NZ_CP049075.1	1754511	1395922	79.5619	1393935	99.8577	1374944	98.6376	1987	0.1423	1376837	98.6328	31141	2.2309	12056	38.7142	10300	33.0754	10083	32.3785	10636	34.1543	106621	61.9812	78769	85.4575	0.9665
ESO1238002120S1K	EST1358301101S1K	na	NZ_CP049075.1	1754511	812921	46.3332	812513	99.9498	802326	98.7462	408	0.0502	802722	98.7454	15673	1.9280	5474	34.9263	5084	32.4380	5418	34.5690	5224	33.3312	106621	67.2485	94377	85.1913	0.9624
ESO1238002120S1K	EST1358301201S1K	na	NZ_CP049075.1	1754511	1322396	75.3712	1321440	99.9277	1304395	98.7101	956	0.0723	1305320	98.7087	26753	2.0231	9677	36.1716	8762	32.7515	9056	33.8504	9000	33.6411	106621	67.2485	102933	78.1780	0.9600
ESO1238002120S1K	EST1358302101S1K	na	NZ_CP049075.1	1754511	860218	49.0289	859825	99.9543	849289	98.7746	393	0.0457	849668	98.7736	16329	1.8982	5779	35.3910	5404	33.0945	5594	34.2581	5369	32.8802	106621	94.0847	133967	86.0891	0.9644
ESO1238002120S1K	EST1358602101S1K	na	NZ_CP049075.1	1754511	481252	27.4294	480994	99.9464	476124	98.9875	258	0.0536	476376	98.9868	8661	1.7997	3785	43.7017	3533	40.7921	2668	30.8048	2466	28.4725	106621	56.6886	80640	80.1252	0.9677
ESO1238002120S1K	EST1359005101S1K	na	NZ_CP049075.1	1754511	1372777	78.2427	1370123	99.8067	1352417	98.7077	2654	0.1933	1355019	98.7064	29084	2.1186	11326	38.9424	8745	30.0681	9676	33.2692	10309	35.4456	106621	93.1711	136370	81.7870	0.9729
ESO1238002120S1K	EST1359006101S1K	na	NZ_CP049075.1	1754511	578075	32.9479	577728	99.9400	570215	98.6996	347	0.0600	570554	98.6990	11354	1.9641	3833	33.7590	3494	30.7733	4064	35.7936	3804	33.5036	106621	93.1711	151742	78.2288	0.9469
ESO1238002120S1K	EST1359007101S1K	na	NZ_CP049075.1	1754511	1381591	78.7451	1380287	99.9056	1361578	98.6446	1304	0.0944	1362846	98.6432	28475	2.0610	9730	34.1703	8488	29.8086	10444	36.6778	9605	33.7313	106621	100.0000	147634	85.2805	0.9750
ESO1238002120S1K	EST1361001101S1K	na	NZ_CP049075.1	1754511	1176712	67.0678	1176151	99.9523	1161126	98.7225	561	0.0477	1161662	98.7210	22614	1.9218	7564	33.4483	7032	31.0958	8116	35.8893	7508	33.2007	106621	100.0000	155104	80.1108	0.9706
ESO1238002120S1K	EST1361002101S1K	na	NZ_CP049075.1	1754511	1430883	81.5545	1428845	99.8576	1409667	98.6578	2038	0.1424	1411648	98.6557	31323	2.1891	12088	38.5915	10185	32.5160	10399	33.1992	10647	33.9910	106621	94.0847	120862	86.7518	0.9796
ESO1238002120S1K	EST1361007101S1K	na	NZ_CP049075.1	1754511	1448094	82.5355	1445753	99.8383	1426523	98.6699	2341	0.1617	1428776	98.6660	31821	2.1974	12503	39.2917	10355	32.5414	10550	33.1542	10829	34.0310	106621	93.1711	126515	91.0098	0.9791
ESO1238002120S1K	EST2359005102S1K	na	NZ_CP049075.1	1754511	1355181	77.2398	1350645	99.6653	1333071	98.6988	4536	0.3347	1337500	98.6953	30707	2.2659	13026	42.4203	8675	28.2509	9934	32.3509	11147	36.3012	106621	93.1711	128523	81.9892	0.9725
ESO1241104120S1K	ESO1241108220S1K	na	NZ_CP049075.1	1754511	1302701	74.2487	1300184	99.8068	1283128	98.6882	2517	0.1932	1285578	98.6856	26444	2.0299	9321	35.2481	6909	26.1269	7609	28.7740	11579	43.7869	59035	76.2971	104879	36.1588	0.9484
ESO1241104120S1K	ESO1242101120S1K	na	NZ_CP049075.1	1754511	291311	16.6035	291024	99.9015	287650	98.8406	287	0.0985	287933	98.8404	5045	1.7318	1667	33.0426	1384	27.4331	1461	28.9594	2166	42.9336	59035	42.0818	115160	28.9102	0.9250
ESO1241104120S1K	ESO1242208120S1K	na	NZ_CP049075.1	1754511	1283413	73.1493	1281397	99.8429	1265067	98.7256	2016	0.1571	1267035	98.7239	24998	1.9478	8620	34.4828	6660	26.6421	7502	30.0104	10719	42.8794	59035	89.4791	136600	45.7269	0.9414
ESO1241104120S1K	ESO1242209120S1K	na	NZ_CP049075.1	1754511	1325877	75.5696	1322865	99.7728	1305543	98.6906	3012	0.2272	1308508	98.6900	27158	2.0483	9789	36.0446	6847	25.2117	7620	28.0580	12291	45.2574	59035	31.5609	33978	34.2486	0.9599
ESO1241104120S1K	ESO1242704120S1K	na	NZ_CP049075.1	1754511	1304332	74.3416	1302354	99.8484	1284848	98.6558	1978	0.1516	1286769	98.6535	26166	2.0061	8603	32.8785	6699	25.6019	8072	30.8492	11199	42.7998	59035	89.4791	79627	60.4117	0.9608
ESO1241104120S1K	ESO1242801120S1K	na	NZ_CP049075.1	1754511	1268503	72.2995	1266743	99.8613	1251706	98.8129	1760	0.1387	1253444	98.8129	23254	1.8332	8195	35.2412	6459	27.7759	7212	31.0140	9399	40.4189	59035	89.4791	127121	40.4331	0.9496
ESO1241104120S1K	ESO1242805120S1K	na	NZ_CP049075.1	1754511	515628	29.3887	515074	99.8926	508840	98.7897	554	0.1074	509388	98.7898	9237	1.7914	2997	32.4456	2449	26.5129	2893	31.3197	3822	41.3771	59035	100.0000	147988	44.9854	0.9439
ESO1241104120S1K	ESO1247101120S1K	na	NZ_CP049075.1	1754511	1104123	62.9305	1102670	99.8684	1088554	98.7198	1453	0.1316	1089984	98.7194	21188	1.9190	7049	33.2688	5620	26.5244	6378	30.1019	9026	42.5996	59035	89.4791	127431	40.3701	0.9469
ESO1241104120S1K	ESO1247203120S1K	na	NZ_CP049075.1	1754511	1288470	73.4376	1281330	99.4459	1266665	98.8555	7140	0.5541	1273734	98.8563	27714	2.1509	12978	46.8283	5993	21.6244	7012	25.3013	13495	48.6938	59035	89.4791	91787	50.6749	0.9654
ESO1241104120S1K	ESO1247206120S1K	na	NZ_CP049075.1	1754511	1298693	74.0202	1282447	98.7491	1272890	99.2548	16246	1.2509	1288982	99.2522	30696	2.3636	20985	68.3640	5138	16.7383	6096	19.8593	16055	52.3032	59035	18.3789	70823	14.3146	0.9372
ESO1241104120S1K	ESO1247208120S1K	na	NZ_CP049075.1	1754511	1298192	73.9917	1296081	99.8374	1280682	98.8119	2111	0.1626	1282741	98.8098	24434	1.8822	8983	36.7643	6947	28.4317	7363	30.1342	9749	39.8993	59035	89.4791	129263	48.0957	0.9460
ESO1241104120S1K	ESO1254306120S1K	na	NZ_CP049075.1	1754511	1269182	72.3382	1267195	99.8434	1258256	99.2946	1987	0.1566	1260217	99.2936	19410	1.5293	10445	53.8125	8514	43.8640	5385	27.7434	5208	26.8315	59035	100.0000	88346	66.8293	0.9823
ESO1241104120S1K	ESO1256801120S1K	na	NZ_CP049075.1	1754511	1314014	74.8935	1304954	99.3105	1292061	99.0120	9060	0.6895	1301040	99.0126	27893	2.1227	14919	53.4865	6105	21.8872	6831	24.4900	13123	47.0476	59035	41.0604	50342	22.8577	0.9499
ESO1241104120S1K	ESO1256804120S1K	na	NZ_CP049075.1	1754511	1325108	75.5258	1311800	98.9957	1301073	99.1823	13308	1.0043	1314271	99.1822	29355	2.2153	18518	63.0830	5507	18.7600	6282	21.4001	14864	50.6353	59035	89.4791	59514	78.5933	0.9847
ESO1241104120S1K	ESO1350502120S1K	na	NZ_CP049075.1	1754511	883424	50.3516	880865	99.7103	871389	98.9242	2559	0.2897	873927	98.9250	16008	1.8120	6511	40.6734	3993	24.9438	4562	28.4983	6973	43.5595	59035	71.1002	111375	34.4898	0.9420
ESO1241104120S1K	ESO1350804120S1K	na	NZ_CP049075.1	1754511	1043572	59.4794	1042002	99.8496	1029309	98.7819	1570	0.1504	1030866	98.7825	19419	1.8608	6713	34.5692	5161	26.5771	5897	30.3672	8105	41.7375	59035	89.4791	145498	45.4061	0.9418
ESO1241104120S1K	ESO1350807120S1K	na	NZ_CP049075.1	1754511	757536	43.1765	756600	99.8764	747261	98.7657	936	0.1236	748182	98.7652	13908	1.8360	4554	32.7437	3633	26.1217	4352	31.2913	5864	42.1628	59035	76.2971	135115	35.9301	0.9391
ESO1241104120S1K	ESO1356601120S1K	na	NZ_CP049075.1	1754511	1175838	67.0180	1167593	99.2988	1155993	99.0065	8245	0.7012	1164154	99.0063	25175	2.1410	13491	53.5889	5443	21.6207	6002	23.8411	12152	48.2701	59035	31.5609	89625	16.2176	0.9285
ESO1241104120S1K	ESO1356602120S1K	na	NZ_CP049075.1	1754511	1205463	68.7065	1197586	99.3466	1185146	98.9612	7877	0.6534	1192948	98.9618	25754	2.1364	13239	51.4056	5592	21.7131	6584	25.5650	11996	46.5792	59035	89.4791	119872	39.2143	0.9372
ESO1241104120S1K	ESO1356803120S1K	na	NZ_CP049075.1	1754511	987546	56.2861	986455	99.8895	974367	98.7746	1091	0.1105	975446	98.7747	18054	1.8282	5954	32.9788	4883	27.0466	5472	30.3091	7546	41.7968	59035	31.5609	100878	17.6540	0.9242
ESO1241104120S1K	ESO1357103120S1K	na	NZ_CP049075.1	1754511	395344	22.5330	394924	99.8938	390333	98.8375	420	0.1062	390747	98.8372	6915	1.7491	2318	33.5213	1904	27.5343	2185	31.5980	2753	39.8120	59035	76.2971	128644	37.3200	0.9468
ESO1241104120S1K	ESO1357104120S1K	na	NZ_CP049075.1	1754511	1273979	72.6116	1272199	99.8603	1256489	98.7651	1780	0.1397	1258225	98.7634	23984	1.8826	8230	34.3145	6531	27.2307	7592	31.6544	9678	40.3519	59035	89.4791	117357	41.1164	0.9524
ESO1241104120S1K	ESO1357107120S1K	na	NZ_CP049075.1	1754511	1274512	72.6420	1262572	99.0632	1250876	99.0736	11940	0.9368	1262713	99.0742	28942	2.2708	17143	59.2323	5485	18.9517	6390	22.0786	14838	51.2681	59035	13.1820	44994	17.4934	0.9468
ESO1241104120S1K	ESO1358301120S1K	na	NZ_CP049075.1	1754511	425663	24.2611	425264	99.9063	420117	98.7897	399	0.0937	420510	98.7894	7490	1.7596	2337	31.2016	1944	25.9546	2308	30.8144	3185	42.5234	59035	42.0818	114929	30.8077	0.9230
ESO1241104120S1K	ESO1358304120S1K	na	NZ_CP049075.1	1754511	1287584	73.3871	1285663	99.8508	1269328	98.7294	1921	0.1492	1271204	98.7278	24940	1.9370	8560	34.3224	6709	26.9006	7586	30.4170	10478	42.0128	59035	31.5609	51874	34.2214	0.9438
ESO1241104120S1K	ESO1358602120S1K	na	NZ_CP049075.1	1754511	1106401	63.0604	1105047	99.8776	1091119	98.7396	1354	0.1224	1092448	98.7389	20693	1.8703	6740	32.5714	5423	26.2069	6282	30.3581	8855	42.7922	59035	71.1002	99829	39.0237	0.9507
ESO1241104120S1K	EST1212206101S1K	na	NZ_CP049075.1	1754511	1198526	68.3111	1196867	99.8616	1181115	98.6839	1659	0.1384	1182732	98.6822	23882	1.9926	8088	33.8665	6476	27.1167	7036	29.4615	10169	42.5802	59035	31.5609	85446	19.2695	0.9324
ESO1241104120S1K	EST1212704101S1K	na	NZ_CP049075.1	1754511	1091869	62.2321	1090543	99.8786	1077164	98.7732	1326	0.1214	1078465	98.7724	20052	1.8365	6648	33.1538	5352	26.6906	5927	29.5581	8599	42.8835	59035	31.5609	88279	18.8878	0.9309
ESO1241104120S1K	EST1232702101S1K	na	NZ_CP049075.1	1754511	1083893	61.7775	1082594	99.8802	1069198	98.7626	1299	0.1198	1070472	98.7618	19990	1.8443	6569	32.8614	5295	26.4882	6069	30.3602	8452	42.2811	59035	89.4791	126535	36.5907	0.9415
ESO1241104120S1K	EST1232710101S1K	na	NZ_CP049075.1	1754511	1272127	72.5061	1270101	99.8407	1253446	98.6887	2026	0.1593	1255429	98.6874	25369	1.9942	8671	34.1795	6731	26.5324	7607	29.9854	10806	42.5953	59035	76.2971	115001	34.4971	0.9429
ESO1241104120S1K	EST1232905101S1K	na	NZ_CP049075.1	1754511	1172589	66.8328	1171160	99.8781	1156203	98.7229	1429	0.1219	1157604	98.7221	22218	1.8948	7233	32.5547	5836	26.2670	6805	30.6283	9423	42.4116	59035	13.1820	90764	11.9981	0.9232
ESO1241104120S1K	EST1233822101S1K	na	NZ_CP049075.1	1754511	1170432	66.7099	1165024	99.5379	1151812	98.8659	5408	0.4621	1157175	98.8673	24169	2.0650	10912	45.1487	5631	23.2984	6392	26.4471	11254	46.5638	59035	89.4791	120979	43.9217	0.9510
ESO1241104120S1K	EST1233822201S1K	na	NZ_CP049075.1	1754511	1115304	63.5678	1113201	99.8114	1098827	98.7088	2103	0.1886	1100903	98.7088	22197	1.9902	7796	35.1219	5729	25.8098	6496	29.2652	9810	44.1952	59035	100.0000	142473	39.6103	0.9383
ESO1241104120S1K	EST1234702101S1K	na	NZ_CP049075.1	1754511	214516	12.2265	214335	99.9156	211819	98.8261	181	0.0844	211999	98.8267	3761	1.7532	1244	33.0763	1064	28.2903	1102	29.3007	1574	41.8506	59035	10.5209	100029	18.4037	0.9336
ESO1241104120S1K	EST1234704101S1K	na	NZ_CP049075.1	1754511	1319964	75.2326	1317577	99.8192	1300491	98.7032	2387	0.1808	1302842	98.7028	26170	1.9826	9048	34.5739	6722	25.6859	7571	28.9301	11616	44.3867	59035	31.5609	50396	38.4832	0.9557
ESO1241104120S1K	EST1236807101S1K	na	NZ_CP049075.1	1754511	1198139	68.2891	1196627	99.8738	1182858	98.8493	1512	0.1262	1184348	98.8490	21533	1.7972	7742	35.9541	6271	29.1227	6658	30.9200	8281	38.4573	59035	89.4791	139782	48.1550	0.9448
ESO1241104120S1K	EST1237103201S1K	na	NZ_CP049075.1	1754511	1237760	70.5473	1235501	99.8175	1219290	98.6879	2259	0.1825	1221509	98.6871	24929	2.0140	8678	34.8109	6467	25.9417	7157	28.7095	11100	44.5265	59035	71.1002	83812	50.8746	0.9644
ESO1241104120S1K	EST1238001101S1K	na	NZ_CP049075.1	1754511	978612	55.7769	977454	99.8817	965903	98.8183	1158	0.1183	967044	98.8179	17370	1.7750	5802	33.4024	4667	26.8682	5517	31.7617	7044	40.5527	59035	13.1820	20057	31.6947	0.9613
ESO1241104120S1K	EST1238002101S1K	na	NZ_CP049075.1	1754511	1248924	71.1836	1246911	99.8388	1230055	98.6482	2013	0.1612	1232018	98.6464	25264	2.0229	8358	33.0826	6442	25.4987	7596	30.0665	11046	43.7223	59035	71.1002	111899	30.6258	0.9388
ESO1241104120S1K	EST1241101101S1K	na	NZ_CP049075.1	1754511	1303627	74.3014	1301052	99.8025	1284140	98.7001	2575	0.1975	1286655	98.6981	26216	2.0110	9244	35.2609	6782	25.8697	7671	29.2608	11404	43.5002	59035	89.4791	116967	41.2621	0.9531
ESO1241104120S1K	EST1241104101S1K	na	NZ_CP049075.1	1754511	1314136	74.9004	1312334	99.8629	1312252	99.9938	1802	0.1371	1314054	99.9938	15420	1.1734	15338	99.4682	13649	88.5149	975	6.3230	307	1.9909	59035	100.0000	93863	62.7265	0.9788
ESO1241104120S1K	EST1242101101S1K	na	NZ_CP049075.1	1754511	341568	19.4680	341275	99.9142	337190	98.8030	293	0.0858	337482	98.8038	6019	1.7622	1933	32.1150	1642	27.2803	1834	30.4702	2512	41.7345	59035	42.0818	107133	33.3595	0.9295
ESO1241104120S1K	EST1242103101S1K	na	NZ_CP049075.1	1754511	1025563	58.4529	1024197	99.8668	1011422	98.7527	1366	0.1332	1012771	98.7527	19074	1.8599	6282	32.9349	4936	25.8782	6033	31.6294	7983	41.8528	59035	89.4791	123051	43.2512	0.9546
ESO1241104120S1K	EST1242207101S1K	na	NZ_CP049075.1	1754511	660107	37.6234	659374	99.8890	651516	98.8083	733	0.1110	652238	98.8079	11644	1.7640	3775	32.4201	3053	26.2195	3623	31.1147	4898	42.0646	59035	89.4791	140321	46.1848	0.9394
ESO1241104120S1K	EST1242209101S1K	na	NZ_CP049075.1	1754511	1024212	58.3759	1022629	99.8454	1010042	98.7692	1583	0.1546	1011605	98.7691	19164	1.8711	6557	34.2152	5004	26.1115	5709	29.7902	8250	43.0495	59035	76.2971	127907	32.8700	0.9376
ESO1241104120S1K	EST1242704101S1K	na	NZ_CP049075.1	1754511	1334497	76.0609	1321913	99.0570	1309914	99.0923	12584	0.9430	1322372	99.0914	29874	2.2386	17749	59.4129	5469	18.3069	6847	22.9196	14950	50.0435	59035	71.1002	84615	48.4997	0.9621
ESO1241104120S1K	EST1242801101S1K	na	NZ_CP049075.1	1754511	1268372	72.2921	1266325	99.8386	1251281	98.8120	2047	0.1614	1253307	98.8123	23526	1.8548	8461	35.9645	6457	27.4462	7226	30.7150	9600	40.8059	59035	89.4791	106954	48.1964	0.9616
ESO1241104120S1K	EST1242802101S1K	na	NZ_CP049075.1	1754511	1273762	72.5993	1270040	99.7078	1254950	98.8118	3722	0.2922	1258642	98.8130	25209	1.9791	10089	40.0214	6435	25.5266	7089	28.1209	11020	43.7145	59035	89.4791	77610	59.7165	0.9740
ESO1241104120S1K	EST1242804101S1K	na	NZ_CP049075.1	1754511	1266584	72.1901	1260342	99.5072	1247178	98.9555	6242	0.4928	1253373	98.9570	25383	2.0041	12172	47.9534	6056	23.8585	6787	26.7384	11317	44.5850	59035	13.1820	69079	8.7422	0.9331
ESO1241104120S1K	EST1242805101S1K	na	NZ_CP049075.1	1754511	1165195	66.4114	1163682	99.8702	1148894	98.7292	1513	0.1298	1150381	98.7286	22045	1.8920	7231	32.8011	5745	26.0603	6760	30.6645	9398	42.6310	59035	89.4791	153813	44.2960	0.9365
ESO1241104120S1K	EST1247101101S1K	na	NZ_CP049075.1	1754511	821663	46.8315	820704	99.8833	810578	98.7662	959	0.1167	811525	98.7662	14981	1.8233	4843	32.3276	3897	26.0129	4629	30.8991	6352	42.4004	59035	89.4791	120859	42.4172	0.9504
ESO1241104120S1K	EST1247106101S1K	na	NZ_CP049075.1	1754511	1234569	70.3654	1232682	99.8472	1216636	98.6983	1887	0.1528	1218458	98.6950	24349	1.9723	8238	33.8330	6453	26.5021	7413	30.4448	10276	42.2030	59035	31.5609	106665	30.5236	0.9259
ESO1241104120S1K	EST1247109101S1K	na	NZ_CP049075.1	1754511	1303160	74.2748	1301106	99.8424	1285417	98.7942	2054	0.1576	1287406	98.7911	24774	1.9011	9020	36.4091	7069	28.5339	7463	30.1243	9876	39.8644	59035	89.4791	129147	48.1242	0.9461
ESO1241104120S1K	EST1247203101S1K	na	NZ_CP049075.1	1754511	1157630	65.9802	1155403	99.8076	1140673	98.7251	2227	0.1924	1142862	98.7243	22685	1.9596	7917	34.8997	5768	25.4265	6891	30.3769	9822	43.2973	59035	59.4393	93469	25.8770	0.9394
ESO1241104120S1K	EST1247206101S1K	na	NZ_CP049075.1	1754511	1171415	66.7659	1169664	99.8505	1154817	98.7307	1751	0.1495	1156531	98.7294	22917	1.9564	8033	35.0526	6333	27.6345	6875	29.9996	9468	41.3143	59035	89.4791	127972	40.6706	0.9488
ESO1241104120S1K	EST1254306101S1K	na	NZ_CP049075.1	1754511	162300	9.2504	162112	99.8842	161126	99.3918	188	0.1158	161314	99.3925	2170	1.3370	1184	54.5622	996	45.8986	611	28.1567	527	24.2857	59035	57.9182	76013	51.1610	0.9567
ESO1241104120S1K	EST1256811101S1K	na	NZ_CP049075.1	1754511	1118010	63.7220	1116482	99.8633	1103521	98.8391	1528	0.1367	1105020	98.8381	20253	1.8115	7263	35.8614	5781	28.5439	6288	31.0473	7908	39.0461	59035	89.4791	139306	47.9434	0.9452
ESO1241104120S1K	EST1350502101S1K	na	NZ_CP049075.1	1754511	619037	35.2826	617607	99.7690	610952	98.9225	1430	0.2310	612369	98.9228	10756	1.7375	4088	38.0067	2682	24.9349	3218	29.9182	4597	42.7389	59035	81.6211	126094	40.4048	0.9425
ESO1241104120S1K	EST1350510101S1K	na	NZ_CP049075.1	1754511	1073417	61.1804	1071663	99.8366	1056976	98.6295	1754	0.1634	1058687	98.6277	22241	2.0720	7511	33.7710	5837	26.2443	6577	29.5715	9636	43.3254	59035	89.4791	117862	41.2788	0.9503
ESO1241104120S1K	EST1350804101S1K	na	NZ_CP049075.1	1754511	1281074	73.0160	1278096	99.7675	1260672	98.6367	2978	0.2325	1263584	98.6347	27049	2.1114	9559	35.3396	6686	24.7181	7480	27.6535	12405	45.8612	59035	31.5609	75045	22.3612	0.9422
ESO1241104120S1K	EST1350807101S1K	na	NZ_CP049075.1	1754511	1236343	70.4665	1234816	99.8765	1218757	98.6995	1527	0.1235	1220254	98.6987	23906	1.9336	7817	32.6989	6331	26.4829	7355	30.7663	10079	42.1610	59035	89.4791	134701	35.5001	0.9406
ESO1241104120S1K	EST1356604101S1K	na	NZ_CP049075.1	1754511	1270294	72.4016	1268103	99.8275	1252009	98.7309	2191	0.1725	1254167	98.7305	24620	1.9381	8493	34.4963	6349	25.7880	7269	29.5248	10764	43.7206	59035	76.2971	91591	58.2743	0.9595
ESO1241104120S1K	EST1356611101S1K	na	NZ_CP049075.1	1754511	772049	44.0037	771040	99.8693	761425	98.7530	1009	0.1307	762425	98.7534	14228	1.8429	4604	32.3587	3608	25.3584	4402	30.9390	6131	43.0911	59035	18.3789	57584	34.9073	0.9436
ESO1241104120S1K	EST1357103101S1K	na	NZ_CP049075.1	1754511	880762	50.1999	879828	99.8940	869582	98.8355	934	0.1060	870500	98.8349	15270	1.7337	5008	32.7963	4103	26.8697	4980	32.6130	6076	39.7904	59035	89.4791	133245	39.1782	0.9463
ESO1241104120S1K	EST1357107101S1K	na	NZ_CP049075.1	1754511	1254404	71.4959	1252213	99.8253	1235097	98.6331	2191	0.1747	1237220	98.6301	25772	2.0545	8588	33.3230	6480	25.1436	7554	29.3109	11497	44.6104	59035	0.0000	78769	0.0000	0.9215
ESO1241104120S1K	EST1358301101S1K	na	NZ_CP049075.1	1754511	724112	41.2714	723312	99.8895	714456	98.7756	800	0.1105	715240	98.7748	13113	1.8109	4241	32.3420	3457	26.3632	4045	30.8473	5486	41.8363	59035	31.5609	94377	18.7048	0.9284
ESO1241104120S1K	EST1358301201S1K	na	NZ_CP049075.1	1754511	1191468	67.9088	1189958	99.8733	1174730	98.7203	1510	0.1267	1176216	98.7199	22652	1.9012	7400	32.6682	5921	26.1390	6834	30.1695	9713	42.8792	59035	31.5609	102933	16.1260	0.9224
ESO1241104120S1K	EST1358302101S1K	na	NZ_CP049075.1	1754511	769977	43.8856	769134	99.8905	759801	98.7866	843	0.1095	760637	98.7870	13893	1.8043	4553	32.7719	3717	26.7545	4288	30.8645	5766	41.5029	59035	89.4791	133967	38.5782	0.9432
ESO1241104120S1K	EST1358602101S1K	na	NZ_CP049075.1	1754511	431716	24.6061	431261	99.8946	425895	98.7557	455	0.1054	426347	98.7564	7845	1.8172	2476	31.5615	2024	25.7999	2460	31.3576	3301	42.0778	59035	51.4102	80640	50.5270	0.9510
ESO1241104120S1K	EST1359005101S1K	na	NZ_CP049075.1	1754511	1236993	70.5036	1234012	99.7590	1218715	98.7604	2981	0.2410	1221659	98.7604	24199	1.9563	8865	36.6337	5942	24.5547	7003	28.9392	10799	44.6258	59035	100.0000	136370	44.1307	0.9445
ESO1241104120S1K	EST1359006101S1K	na	NZ_CP049075.1	1754511	512231	29.1951	511591	99.8751	505410	98.7918	640	0.1249	506048	98.7929	9199	1.7959	3016	32.7862	2381	25.8832	2848	30.9599	3884	42.2220	59035	100.0000	151742	44.6000	0.9419
ESO1241104120S1K	EST1359007101S1K	na	NZ_CP049075.1	1754511	1250762	71.2884	1248899	99.8511	1233740	98.7862	1863	0.1489	1235579	98.7861	23362	1.8678	8179	35.0098	6349	27.1766	7186	30.7594	9636	41.2465	59035	89.4791	147634	46.4385	0.9404
ESO1241104120S1K	EST1361001101S1K	na	NZ_CP049075.1	1754511	1082029	61.6713	1080720	99.8790	1068004	98.8234	1309	0.1210	1069299	98.8235	19439	1.7965	6709	34.5131	5424	27.9027	6009	30.9121	7795	40.0998	59035	89.4791	155104	41.7881	0.9337
ESO1241104120S1K	EST1361002101S1K	na	NZ_CP049075.1	1754511	1287841	73.4017	1285451	99.8144	1268420	98.6751	2390	0.1856	1270769	98.6744	26128	2.0288	9056	34.6601	6734	25.7731	7705	29.4894	11405	43.6505	59035	89.4791	120862	38.6987	0.9489
ESO1241104120S1K	EST1361007101S1K	na	NZ_CP049075.1	1754511	1302763	74.2522	1300209	99.8040	1283229	98.6941	2554	0.1960	1285729	98.6925	26381	2.0250	9347	35.4308	6902	26.1628	7675	29.0929	11580	43.8952	59035	89.4791	126515	43.4707	0.9410
ESO1241104120S1K	EST2359005102S1K	na	NZ_CP049075.1	1754511	1239636	70.6542	1235008	99.6267	1219975	98.7828	4628	0.3733	1224523	98.7809	25569	2.0626	10456	40.8933	5981	23.3916	7159	27.9987	11594	45.3440	59035	100.0000	128523	45.3327	0.9467
ESO1241108220S1K	ESO1242101120S1K	na	NZ_CP049075.1	1754511	334182	19.0470	334021	99.9518	330079	98.8198	161	0.0482	330233	98.8183	6207	1.8574	2258	36.3783	2104	33.8972	2086	33.6072	2020	32.5439	104879	66.4509	115160	69.6405	0.9511
ESO1241108220S1K	ESO1242208120S1K	na	NZ_CP049075.1	1754511	1417049	80.7660	1415098	99.8623	1396234	98.6669	1951	0.1377	1398124	98.6645	30492	2.1518	11567	37.9345	9688	31.7723	10647	34.9174	10059	32.9890	104879	100.0000	136600	86.7833	0.9803
ESO1241108220S1K	ESO1242209120S1K	na	NZ_CP049075.1	1754511	1450394	82.6666	1447133	99.7752	1427982	98.6766	3261	0.2248	1431152	98.6733	32831	2.2636	13589	41.3908	10539	32.1008	10542	32.1099	11282	34.3639	104879	41.3877	33978	83.4010	0.9523
ESO1241108220S1K	ESO1242704120S1K	na	NZ_CP049075.1	1754511	1393970	79.4506	1391607	99.8305	1372720	98.6428	2363	0.1695	1374979	98.6376	31296	2.2451	12305	39.3181	10208	32.6176	10887	34.7872	9970	31.8571	104879	71.1916	79627	90.4844	0.9674
ESO1241108220S1K	ESO1242801120S1K	na	NZ_CP049075.1	1754511	1389434	79.1921	1387653	99.8718	1369349	98.6809	1781	0.1282	1371077	98.6788	28726	2.0675	10369	36.0962	8667	30.1713	10882	37.8821	9014	31.3792	104879	100.0000	127121	89.3479	0.9811
ESO1241108220S1K	ESO1242805120S1K	na	NZ_CP049075.1	1754511	580563	33.0897	580201	99.9376	573388	98.8258	362	0.0624	573741	98.8249	10889	1.8756	4067	37.3496	3715	34.1170	3759	34.5211	3363	30.8844	104879	95.0152	147988	76.1663	0.9605
ESO1241108220S1K	ESO1247101120S1K	na	NZ_CP049075.1	1754511	1192642	67.9757	1191487	99.9032	1175858	98.6883	1155	0.0968	1176981	98.6869	24606	2.0632	8945	36.3529	7830	31.8215	8409	34.1746	8255	33.5487	104879	100.0000	127431	85.4839	0.9788
ESO1241108220S1K	ESO1247203120S1K	na	NZ_CP049075.1	1754511	1386615	79.0314	1378878	99.4420	1362730	98.8289	7737	0.5580	1370358	98.8276	32073	2.3130	15816	49.3125	8311	25.9128	9678	30.1749	12381	38.6026	104879	71.1916	91787	85.8912	0.9716
ESO1241108220S1K	ESO1247206120S1K	na	NZ_CP049075.1	1754511	1423643	81.1419	1405452	98.7222	1394150	99.1958	18191	1.2778	1412130	99.1913	36343	2.5528	24830	68.3213	7127	19.6104	8737	24.0404	15307	42.1182	104879	66.4509	70823	100.0000	0.9710
ESO1241108220S1K	ESO1247208120S1K	na	NZ_CP049075.1	1754511	1438589	81.9937	1436300	99.8409	1416332	98.6098	2289	0.1591	1418542	98.6065	31364	2.1802	11317	36.0828	9207	29.3553	11959	38.1297	10069	32.1037	104879	100.0000	129263	91.8182	0.9850
ESO1241108220S1K	ESO1254306120S1K	na	NZ_CP049075.1	1754511	1306260	74.4515	1304376	99.8558	1286432	98.6243	1884	0.1442	1288239	98.6204	26838	2.0546	8817	32.8527	7039	26.2277	12153	45.2828	7510	27.9827	104879	64.9672	88346	84.3185	0.9650
ESO1241108220S1K	ESO1256801120S1K	na	NZ_CP049075.1	1754511	1441460	82.1574	1431364	99.2996	1415787	98.9117	10096	0.7004	1425738	98.9093	33867	2.3495	18145	53.5772	8359	24.6818	10339	30.5282	12729	37.5853	104879	53.2080	50342	73.5906	0.9527
ESO1241108220S1K	ESO1256804120S1K	na	NZ_CP049075.1	1754511	1414968	80.6474	1400432	98.9727	1388470	99.1458	14536	1.0273	1402838	99.1427	33712	2.3825	21582	64.0187	7421	22.0129	8470	25.1246	13819	40.9913	104879	41.1436	59514	77.8220	0.9542
ESO1241108220S1K	ESO1350502120S1K	na	NZ_CP049075.1	1754511	973169	55.4667	970691	99.7454	960006	98.8992	2478	0.2546	962457	98.8993	18822	1.9341	8110	43.0879	5667	30.1084	6184	32.8552	6350	33.7371	104879	92.4055	111375	92.7632	0.9800
ESO1241108220S1K	ESO1350804120S1K	na	NZ_CP049075.1	1754511	1135804	64.7362	1134468	99.8824	1120805	98.7956	1336	0.1176	1122113	98.7946	22476	1.9789	8785	39.0861	7484	33.2977	7685	34.1920	7123	31.6916	104879	100.0000	145498	86.1641	0.9754
ESO1241108220S1K	ESO1350807120S1K	na	NZ_CP049075.1	1754511	841078	47.9380	840364	99.9151	829944	98.7601	714	0.0849	830645	98.7596	16243	1.9312	5810	35.7693	5115	31.4905	5689	35.0243	5421	33.3744	104879	100.0000	135115	90.2490	0.9754
ESO1241108220S1K	ESO1356601120S1K	na	NZ_CP049075.1	1754511	1244356	70.9232	1235903	99.3207	1222763	98.9368	8453	0.6793	1231114	98.9358	28587	2.2973	15345	53.6782	7070	24.7315	8238	28.8173	11161	39.0422	104879	71.4357	89625	82.8430	0.9655
ESO1241108220S1K	ESO1356602120S1K	na	NZ_CP049075.1	1754511	1293966	73.7508	1285622	99.3552	1271256	98.8826	8344	0.6448	1279475	98.8801	30079	2.3246	15588	51.8235	7516	24.9875	9169	30.4831	11263	37.4447	104879	100.0000	119872	88.6979	0.9790
ESO1241108220S1K	ESO1356803120S1K	na	NZ_CP049075.1	1754511	1090665	62.1635	1089852	99.9255	1075917	98.7214	813	0.0745	1076695	98.7191	21519	1.9730	7549	35.0806	6773	31.4745	7677	35.6754	7047	32.7478	104879	71.4357	100878	74.9073	0.9601
ESO1241108220S1K	ESO1357103120S1K	na	NZ_CP049075.1	1754511	437647	24.9441	437349	99.9319	431996	98.7760	298	0.0681	432287	98.7753	8275	1.8908	2915	35.2266	2624	31.7100	3051	36.8701	2563	30.9728	104879	95.0152	128644	90.1309	0.9714
ESO1241108220S1K	ESO1357104120S1K	na	NZ_CP049075.1	1754511	1384642	78.9190	1382796	99.8667	1364008	98.6413	1846	0.1333	1365777	98.6376	29369	2.1211	10504	35.7656	8772	29.8682	11083	37.7371	9343	31.8125	104879	95.0152	117357	88.7437	0.9769
ESO1241108220S1K	ESO1357107120S1K	na	NZ_CP049075.1	1754511	1390806	79.2703	1377775	99.0631	1365400	99.1018	13031	0.9369	1378314	99.1018	33070	2.3778	20578	62.2256	7816	23.6347	8236	24.9047	13470	40.7318	104879	35.0328	44994	82.5066	0.9555
ESO1241108220S1K	ESO1358301120S1K	na	NZ_CP049075.1	1754511	485738	27.6851	485498	99.9506	479568	98.7786	240	0.0494	479799	98.7773	9083	1.8699	3144	34.6141	2913	32.0709	3191	35.1316	2975	32.7535	104879	66.4509	114929	67.0901	0.9526
ESO1241108220S1K	ESO1358304120S1K	na	NZ_CP049075.1	1754511	1401431	79.8759	1399496	99.8619	1380258	98.6254	1935	0.1381	1382120	98.6221	30294	2.1616	10983	36.2547	9188	30.3294	11261	37.1724	9809	32.3793	104879	42.6272	51874	73.7807	0.9464
ESO1241108220S1K	ESO1358602120S1K	na	NZ_CP049075.1	1754511	1195838	68.1579	1194648	99.9005	1180041	98.7773	1190	0.0995	1181201	98.7760	23756	1.9866	9119	38.3861	7969	33.5452	8247	34.7154	7451	31.3647	104879	63.5971	99829	68.2467	0.9572
ESO1241108220S1K	EST1212206101S1K	na	NZ_CP049075.1	1754511	1295181	73.8201	1293560	99.8748	1275729	98.6216	1621	0.1252	1277286	98.6183	28382	2.1914	10487	36.9495	8949	31.5305	9869	34.7720	9400	33.1196	104879	66.4509	85446	78.9071	0.9608
ESO1241108220S1K	EST1212704101S1K	na	NZ_CP049075.1	1754511	1200257	68.4098	1199225	99.9140	1183881	98.7205	1032	0.0860	1184880	98.7189	24010	2.0004	8633	35.9559	7636	31.8034	8442	35.1603	7881	32.8238	104879	66.4509	88279	79.5115	0.9621
ESO1241108220S1K	EST1232702101S1K	na	NZ_CP049075.1	1754511	1202578	68.5421	1201432	99.9047	1185901	98.7073	1146	0.0953	1187005	98.7050	24282	2.0192	8709	35.8661	7612	31.3483	8685	35.7672	7929	32.6538	104879	100.0000	126535	81.3885	0.9770
ESO1241108220S1K	EST1232710101S1K	na	NZ_CP049075.1	1754511	1385919	78.9918	1383523	99.8271	1363881	98.5803	2396	0.1729	1366183	98.5760	31426	2.2675	11690	37.1985	9538	30.3507	11211	35.6743	10435	33.2050	104879	95.0152	115001	88.3253	0.9786
ESO1241108220S1K	EST1232905101S1K	na	NZ_CP049075.1	1754511	1284460	73.2090	1283396	99.9172	1266751	98.7031	1064	0.0828	1267783	98.7016	25991	2.0235	9314	35.8355	8296	31.9187	9074	34.9121	8534	32.8344	104879	63.8412	90764	74.6232	0.9576
ESO1241108220S1K	EST1233822101S1K	na	NZ_CP049075.1	1754511	1259195	71.7690	1253756	99.5681	1239487	98.8619	5439	0.4319	1244839	98.8599	27612	2.1928	13256	48.0081	7953	28.8027	8356	30.2622	10071	36.4733	104879	100.0000	120979	93.1410	0.9843
ESO1241108220S1K	EST1233822201S1K	na	NZ_CP049075.1	1754511	1195213	68.1223	1193420	99.8500	1178251	98.7289	1793	0.1500	1180007	98.7278	25210	2.1092	10004	39.6827	8258	32.7568	8272	32.8124	8608	34.1452	104879	100.0000	142473	75.7877	0.9716
ESO1241108220S1K	EST1234702101S1K	na	NZ_CP049075.1	1754511	249099	14.1976	248998	99.9595	245989	98.7916	101	0.0405	246084	98.7896	4687	1.8816	1672	35.6731	1577	33.6463	1616	34.4783	1493	31.8541	104879	58.8564	100029	69.1060	0.9599
ESO1241108220S1K	EST1234704101S1K	na	NZ_CP049075.1	1754511	1445531	82.3894	1443051	99.8284	1424433	98.7098	2480	0.1716	1426850	98.7077	31516	2.1802	12835	40.7253	10490	33.2847	10261	32.5581	10445	33.1419	104879	36.4029	50396	66.1441	0.9467
ESO1241108220S1K	EST1236807101S1K	na	NZ_CP049075.1	1754511	1311398	74.7444	1310098	99.9009	1293122	98.7042	1300	0.0991	1294386	98.7028	26381	2.0117	9369	35.5142	8120	30.7797	9901	37.5308	8259	31.3066	104879	100.0000	139782	88.6573	0.9788
ESO1241108220S1K	EST1237103201S1K	na	NZ_CP049075.1	1754511	1313557	74.8674	1311453	99.8398	1293672	98.6442	2104	0.1602	1295713	98.6416	28772	2.1904	10928	37.9814	8926	31.0232	9657	33.5639	10060	34.9645	104879	57.3728	83812	77.2216	0.9519
ESO1241108220S1K	EST1238001101S1K	na	NZ_CP049075.1	1754511	1041029	59.3344	1040092	99.9100	1026925	98.7341	937	0.0900	1027839	98.7330	20223	1.9426	7033	34.7772	6121	30.2675	7613	37.6453	6400	31.6471	104879	4.9848	20057	28.7830	0.9346
ESO1241108220S1K	EST1238002101S1K	na	NZ_CP049075.1	1754511	1368888	78.0211	1366570	99.8307	1348231	98.6580	2318	0.1693	1350474	98.6548	30527	2.2301	12113	39.6796	10041	32.8922	10343	33.8815	9899	32.4270	104879	92.4055	111899	78.2098	0.9730
ESO1241108220S1K	EST1241101101S1K	na	NZ_CP049075.1	1754511	1446624	82.4517	1443640	99.7937	1425229	98.7247	2984	0.2063	1428116	98.7206	31835	2.2006	13327	41.8627	10607	33.3187	10638	33.4161	10234	32.1470	104879	95.0152	116967	87.4033	0.9797
ESO1241108220S1K	EST1241104101S1K	na	NZ_CP049075.1	1754511	1355938	77.2830	1354255	99.8759	1335715	98.6310	1683	0.1241	1337321	98.6270	27581	2.0341	8964	32.5006	7417	26.8917	12593	45.6582	7508	27.2216	104879	64.9672	93863	85.4181	0.9621
ESO1241108220S1K	EST1242101101S1K	na	NZ_CP049075.1	1754511	387815	22.1039	387532	99.9270	382810	98.7815	283	0.0730	383085	98.7803	7404	1.9092	2674	36.1156	2400	32.4149	2600	35.1162	2398	32.3879	104879	66.4509	107133	77.1144	0.9559
ESO1241108220S1K	EST1242103101S1K	na	NZ_CP049075.1	1754511	1137408	64.8276	1136241	99.8974	1122454	98.7866	1167	0.1026	1123587	98.7849	22374	1.9671	8553	38.2274	7422	33.1724	7780	34.7725	7033	31.4338	104879	95.0152	123051	87.7100	0.9770
ESO1241108220S1K	EST1242207101S1K	na	NZ_CP049075.1	1754511	736729	41.9906	736312	99.9434	727415	98.7917	417	0.0566	727815	98.7901	13819	1.8757	4905	35.4946	4505	32.6000	4924	35.6321	4397	31.8185	104879	100.0000	140321	86.9407	0.9690
ESO1241108220S1K	EST1242209101S1K	na	NZ_CP049075.1	1754511	1136187	64.7580	1134767	99.8750	1120735	98.7634	1420	0.1250	1122119	98.7618	22810	2.0076	8742	38.3253	7363	32.2797	7640	33.4941	7657	33.5686	104879	100.0000	127907	90.0224	0.9829
ESO1241108220S1K	EST1242704101S1K	na	NZ_CP049075.1	1754511	1443625	82.2808	1429971	99.0542	1416581	99.0636	13654	0.9458	1430081	99.0618	34952	2.4211	21408	61.2497	8091	23.1489	9365	26.7939	13750	39.3397	104879	58.6123	84615	79.1385	0.9604
ESO1241108220S1K	EST1242801101S1K	na	NZ_CP049075.1	1754511	1384723	78.9236	1382576	99.8450	1364561	98.6970	2147	0.1550	1366648	98.6947	28728	2.0746	10653	37.0823	8618	29.9986	10741	37.3886	9086	31.6277	104879	100.0000	106954	87.5404	0.9697
ESO1241108220S1K	EST1242802101S1K	na	NZ_CP049075.1	1754511	1364304	77.7598	1360460	99.7182	1343882	98.7814	3844	0.2818	1347671	98.7808	29448	2.1585	12815	43.5174	9085	30.8510	9704	32.9530	9748	33.1024	104879	64.9672	77610	83.2844	0.9647
ESO1241108220S1K	EST1242804101S1K	na	NZ_CP049075.1	1754511	1382443	78.7936	1375829	99.5216	1359854	98.8389	6614	0.4784	1366374	98.8376	30545	2.2095	14476	47.3924	8010	26.2236	9995	32.7222	10882	35.6261	104879	58.8526	69079	91.2578	0.9654
ESO1241108220S1K	EST1242805101S1K	na	NZ_CP049075.1	1754511	1275410	72.6932	1274218	99.9065	1257754	98.7079	1192	0.0935	1258911	98.7064	25890	2.0299	9391	36.2727	8254	31.8810	9035	34.8976	8533	32.9587	104879	100.0000	153813	80.8306	0.9703
ESO1241108220S1K	EST1247101101S1K	na	NZ_CP049075.1	1754511	914397	52.1169	913501	99.9020	901811	98.7203	896	0.0980	902680	98.7186	18216	1.9921	6499	35.6774	5635	30.9343	6548	35.9464	5946	32.6416	104879	95.0152	120859	84.6466	0.9713
ESO1241108220S1K	EST1247106101S1K	na	NZ_CP049075.1	1754511	1346071	76.7206	1343941	99.8418	1325539	98.6307	2130	0.1582	1327578	98.6261	29836	2.2165	11343	38.0178	9421	31.5759	10648	35.6884	9613	32.2195	104879	71.4357	106665	83.1857	0.9633
ESO1241108220S1K	EST1247109101S1K	na	NZ_CP049075.1	1754511	1447184	82.4836	1444886	99.8412	1424681	98.6016	2298	0.1588	1426880	98.5970	31843	2.2003	11539	36.2372	9442	29.6517	12017	37.7383	10211	32.0667	104879	100.0000	129147	91.8233	0.9851
ESO1241108220S1K	EST1247203101S1K	na	NZ_CP049075.1	1754511	1228354	70.0112	1226308	99.8334	1210780	98.7338	2046	0.1666	1212771	98.7314	25690	2.0914	10107	39.3422	8132	31.6543	8838	34.4025	8480	33.0090	104879	89.6109	93469	78.0451	0.9648
ESO1241108220S1K	EST1247206101S1K	na	NZ_CP049075.1	1754511	1248097	71.1365	1246208	99.8486	1228926	98.6132	1889	0.1514	1230732	98.6087	27535	2.2062	10170	36.9348	8431	30.6192	10054	36.5135	8793	31.9339	104879	95.0152	127972	85.0788	0.9745
ESO1241108220S1K	EST1254306101S1K	na	NZ_CP049075.1	1754511	175235	9.9877	175081	99.9121	172846	98.7234	154	0.0879	172999	98.7240	3182	1.8158	946	29.7297	793	24.9214	1501	47.1716	854	26.8385	104879	57.3728	76013	100.0000	0.9658
ESO1241108220S1K	EST1256811101S1K	na	NZ_CP049075.1	1754511	1203554	68.5977	1202369	99.9015	1186501	98.6803	1185	0.0985	1187638	98.6776	24354	2.0235	8438	34.6473	7304	29.9910	9275	38.0841	7762	31.8716	104879	100.0000	139306	88.6832	0.9791
ESO1241108220S1K	EST1350502101S1K	na	NZ_CP049075.1	1754511	689752	39.3131	688336	99.7947	680612	98.8779	1416	0.2053	682005	98.8768	13054	1.8926	5307	40.6542	3917	30.0061	4543	34.8016	4264	32.6643	104879	87.4207	126094	81.5098	0.9669
ESO1241108220S1K	EST1350510101S1K	na	NZ_CP049075.1	1754511	1139841	64.9663	1137937	99.8330	1122102	98.6084	1904	0.1670	1123938	98.6048	26089	2.2888	10186	39.0433	8404	32.2128	8902	34.1217	8569	32.8453	104879	95.0152	117862	82.7459	0.9797
ESO1241108220S1K	EST1350804101S1K	na	NZ_CP049075.1	1754511	1412160	80.4874	1408667	99.7526	1388860	98.5939	3493	0.2474	1392265	98.5912	33038	2.3395	13143	39.7815	9897	29.9564	10859	32.8682	11750	35.5651	104879	71.4357	75045	91.9555	0.9715
ESO1241108220S1K	EST1350807101S1K	na	NZ_CP049075.1	1754511	1348454	76.8564	1347201	99.9071	1329711	98.7018	1253	0.0929	1330930	98.7004	27656	2.0509	10132	36.6358	8928	32.2823	9656	34.9147	9016	32.6005	104879	100.0000	134701	81.3350	0.9757
ESO1241108220S1K	EST1356604101S1K	na	NZ_CP049075.1	1754511	1357447	77.3690	1355210	99.8352	1337223	98.6728	2237	0.1648	1339382	98.6692	28973	2.1344	10908	37.6488	8785	30.3213	10128	34.9567	9838	33.9558	104879	69.9520	91591	85.1077	0.9627
ESO1241108220S1K	EST1356611101S1K	na	NZ_CP049075.1	1754511	847673	48.3139	846840	99.9017	836013	98.7215	833	0.0983	836826	98.7204	17019	2.0077	6172	36.2654	5370	31.5530	5988	35.1842	5596	32.8809	104879	41.3877	57584	88.7087	0.9496
ESO1241108220S1K	EST1357103101S1K	na	NZ_CP049075.1	1754511	965289	55.0176	964608	99.9295	952610	98.7562	681	0.0705	953269	98.7548	18222	1.8877	6202	34.0358	5545	30.4302	6887	37.7950	5743	31.5168	104879	95.0152	133245	85.1124	0.9765
ESO1241108220S1K	EST1357107101S1K	na	NZ_CP049075.1	1754511	1386508	79.0253	1383911	99.8127	1364569	98.6024	2597	0.1873	1367058	98.5972	31707	2.2868	12257	38.6571	9886	31.1792	10801	34.0650	10761	33.9389	104879	63.8412	78769	84.4266	0.9638
ESO1241108220S1K	EST1358301101S1K	na	NZ_CP049075.1	1754511	808782	46.0973	808171	99.9245	797932	98.7331	611	0.0755	798519	98.7311	15862	1.9612	5599	35.2982	5014	31.6101	5606	35.3423	5181	32.6630	104879	66.4509	94377	72.6702	0.9600
ESO1241108220S1K	EST1358301201S1K	na	NZ_CP049075.1	1754511	1315994	75.0063	1314619	99.8955	1297498	98.6976	1375	0.1045	1298831	98.6958	27070	2.0570	9907	36.5977	8586	31.7178	9463	34.9575	8892	32.8482	104879	71.4357	102933	71.3280	0.9569
ESO1241108220S1K	EST1358302101S1K	na	NZ_CP049075.1	1754511	857133	48.8531	856531	99.9298	845373	98.6973	602	0.0702	845957	98.6961	16868	1.9680	5692	33.7444	5109	30.2881	6100	36.1631	5646	33.4717	104879	95.0152	133967	76.9869	0.9640
ESO1241108220S1K	EST1358602101S1K	na	NZ_CP049075.1	1754511	475249	27.0873	474830	99.9118	469070	98.7869	419	0.0882	469479	98.7859	9149	1.9251	3379	36.9330	2970	32.4626	3236	35.3700	2907	31.7740	104879	53.2080	80640	70.0322	0.9707
ESO1241108220S1K	EST1359005101S1K	na	NZ_CP049075.1	1754511	1370162	78.0937	1367079	99.7750	1349481	98.7127	3083	0.2250	1352502	98.7111	29348	2.1419	11688	39.8255	8715	29.6954	9921	33.8047	10157	34.6088	104879	100.0000	136370	82.5137	0.9778
ESO1241108220S1K	EST1359006101S1K	na	NZ_CP049075.1	1754511	576923	32.8823	576337	99.8984	568932	98.7152	586	0.1016	569504	98.7140	11476	1.9892	4057	35.3520	3487	30.3852	4175	36.3803	3759	32.7553	104879	95.0152	151742	74.9713	0.9592
ESO1241108220S1K	EST1359007101S1K	na	NZ_CP049075.1	1754511	1373591	78.2891	1371797	99.8694	1353296	98.6513	1794	0.1306	1355028	98.6486	28708	2.0900	10145	35.3386	8433	29.3751	10744	37.4251	9455	32.9351	104879	100.0000	147634	83.3907	0.9718
ESO1241108220S1K	EST1361001101S1K	na	NZ_CP049075.1	1754511	1173466	66.8828	1172477	99.9157	1157429	98.7166	989	0.0843	1158394	98.7156	23066	1.9656	7994	34.6571	7046	30.5471	8567	37.1412	7362	31.9171	104879	100.0000	155104	80.5118	0.9695
ESO1241108220S1K	EST1361002101S1K	na	NZ_CP049075.1	1754511	1427808	81.3793	1425153	99.8141	1406631	98.7004	2655	0.1859	1409209	98.6974	31445	2.2023	12846	40.8523	10335	32.8669	10529	33.4839	10287	32.7143	104879	100.0000	120862	89.2034	0.9838
ESO1241108220S1K	EST1361007101S1K	na	NZ_CP049075.1	1754511	1440581	82.1073	1437692	99.7995	1418754	98.6827	2889	0.2005	1421547	98.6787	31982	2.2201	12948	40.4853	10276	32.1306	10836	33.8816	10488	32.7934	104879	100.0000	126515	88.9428	0.9753
ESO1241108220S1K	EST2359005102S1K	na	NZ_CP049075.1	1754511	1356108	77.2926	1351177	99.6364	1333662	98.7037	4931	0.3636	1338495	98.7012	30977	2.2843	13364	43.1417	8678	28.0143	10202	32.9341	10996	35.4973	104879	100.0000	128523	82.7891	0.9758
ESO1242101120S1K	ESO1242208120S1K	na	NZ_CP049075.1	1754511	336189	19.1614	336006	99.9456	332072	98.8292	183	0.0544	332252	98.8289	6224	1.8513	2287	36.7449	2107	33.8528	2037	32.7281	2107	33.8528	115160	91.0750	136600	78.1794	0.9632
ESO1242101120S1K	ESO1242209120S1K	na	NZ_CP049075.1	1754511	345258	19.6783	344720	99.8442	340334	98.7277	538	0.1558	340861	98.7265	7059	2.0446	2662	37.7107	2136	30.2592	2168	30.7126	2715	38.4615	115160	51.5083	33978	84.5017	0.9435
ESO1242101120S1K	ESO1242704120S1K	na	NZ_CP049075.1	1754511	308791	17.5998	308715	99.9754	304971	98.7872	76	0.0246	305045	98.7869	5753	1.8631	2007	34.8861	1933	33.5999	1983	34.4690	1882	32.7134	115160	47.9680	79627	63.3378	0.9360
ESO1242101120S1K	ESO1242801120S1K	na	NZ_CP049075.1	1754511	335804	19.1395	335658	99.9565	331628	98.7994	146	0.0435	331772	98.7993	6123	1.8234	2091	34.1499	1950	31.8471	2149	35.0972	2054	33.5456	115160	91.0750	127121	69.0201	0.9609
ESO1242101120S1K	ESO1242805120S1K	na	NZ_CP049075.1	1754511	171596	9.7803	171570	99.9848	169572	98.8355	26	0.0152	169598	98.8356	3049	1.7768	1051	34.4703	1025	33.6176	1043	34.2079	992	32.5353	115160	100.0000	147988	69.5469	0.9600
ESO1242101120S1K	ESO1247101120S1K	na	NZ_CP049075.1	1754511	288867	16.4642	288732	99.9533	285762	98.9714	135	0.0467	285895	98.9712	5140	1.7794	2168	42.1790	2035	39.5914	1555	30.2529	1569	30.5253	115160	91.0750	127431	68.8655	0.9551
ESO1242101120S1K	ESO1247203120S1K	na	NZ_CP049075.1	1754511	330826	18.8557	329180	99.5025	325719	98.9486	1646	0.4975	327344	98.9475	6809	2.0582	3327	48.8618	1702	24.9963	1958	28.7561	2775	40.7549	115160	59.5519	91787	60.5772	0.9433
ESO1242101120S1K	ESO1247206120S1K	na	NZ_CP049075.1	1754511	325354	18.5439	321874	98.9304	319761	99.3435	3480	1.0696	323211	99.3413	7030	2.1607	4887	69.5164	1437	20.4410	1515	21.5505	3022	42.9872	115160	69.6405	70823	100.0000	0.9737
ESO1242101120S1K	ESO1247208120S1K	na	NZ_CP049075.1	1754511	333558	19.0115	333438	99.9640	329325	98.7665	120	0.0360	329437	98.7645	6061	1.8171	1940	32.0079	1828	30.1600	2324	38.3435	1949	32.1564	115160	79.4911	129263	76.8108	0.9665
ESO1242101120S1K	ESO1254306120S1K	na	NZ_CP049075.1	1754511	282151	16.0815	282026	99.9557	278557	98.7700	125	0.0443	278681	98.7702	4944	1.7523	1474	29.8139	1350	27.3058	2162	43.7298	1449	29.3083	115160	60.4333	88346	61.1165	0.9325
ESO1242101120S1K	ESO1256801120S1K	na	NZ_CP049075.1	1754511	339005	19.3219	337116	99.4428	333861	99.0345	1889	0.5572	335728	99.0333	6872	2.0271	3595	52.3137	1729	25.1601	1931	28.0995	2714	39.4936	115160	49.4173	50342	89.0946	0.9515
ESO1242101120S1K	ESO1256804120S1K	na	NZ_CP049075.1	1754511	338705	19.3048	335336	99.0053	332880	99.2676	3369	0.9947	336217	99.2654	7313	2.1591	4825	65.9784	1490	20.3747	1682	23.0001	3200	43.7577	115160	31.5691	59514	40.6980	0.9263
ESO1242101120S1K	ESO1350502120S1K	na	NZ_CP049075.1	1754511	265912	15.1559	265328	99.7804	262631	98.9835	584	0.2196	263210	98.9839	4766	1.7923	2064	43.3068	1487	31.2002	1531	32.1234	1604	33.6551	115160	69.3565	111375	67.9165	0.9573
ESO1242101120S1K	ESO1350804120S1K	na	NZ_CP049075.1	1754511	283618	16.1651	283375	99.9143	280067	98.8326	243	0.0857	280303	98.8312	5187	1.8289	1872	36.0902	1636	31.5404	1773	34.1816	1759	33.9117	115160	91.0750	145498	71.5597	0.9500
ESO1242101120S1K	ESO1350807120S1K	na	NZ_CP049075.1	1754511	241075	13.7403	240968	99.9556	238024	98.7783	107	0.0444	238129	98.7780	4347	1.8032	1401	32.2291	1296	29.8137	1535	35.3117	1547	35.5878	115160	69.6405	135115	58.9032	0.9562
ESO1242101120S1K	ESO1356601120S1K	na	NZ_CP049075.1	1754511	288241	16.4286	286435	99.3734	284150	99.2023	1806	0.6266	285943	99.2028	5896	2.0455	3598	61.0244	1807	30.6479	1406	23.8467	2164	36.7028	115160	91.0750	89625	93.7618	0.9687
ESO1242101120S1K	ESO1356602120S1K	na	NZ_CP049075.1	1754511	284034	16.1888	282347	99.4061	279503	98.9927	1687	0.5939	281173	98.9927	5936	2.0899	3075	51.8026	1406	23.6860	1713	28.8578	2389	40.2460	115160	91.0750	119872	75.3537	0.9502
ESO1242101120S1K	ESO1356803120S1K	na	NZ_CP049075.1	1754511	293239	16.7134	293179	99.9795	290444	99.0671	60	0.0205	290501	99.0663	4912	1.6751	2174	44.2590	2117	43.0985	1482	30.1710	1334	27.1580	115160	91.0750	100878	88.3731	0.9761
ESO1242101120S1K	ESO1357103120S1K	na	NZ_CP049075.1	1754511	127072	7.2426	127038	99.9732	125505	98.7933	34	0.0268	125539	98.7936	2320	1.8257	787	33.9224	753	32.4569	797	34.3534	778	33.5345	115160	81.2244	128644	72.6602	0.9642
ESO1242101120S1K	ESO1357104120S1K	na	NZ_CP049075.1	1754511	321461	18.3220	321359	99.9683	317362	98.7562	102	0.0317	317461	98.7557	5966	1.8559	1966	32.9534	1867	31.2940	2109	35.3503	2024	33.9256	115160	91.0750	117357	73.2287	0.9617
ESO1242101120S1K	ESO1357107120S1K	na	NZ_CP049075.1	1754511	342967	19.5477	339829	99.0850	337146	99.2105	3138	0.9150	340260	99.2107	7507	2.1888	4800	63.9403	1686	22.4590	1662	22.1393	3287	43.7858	115160	37.8334	44994	87.6361	0.9515
ESO1242101120S1K	ESO1358301120S1K	na	NZ_CP049075.1	1754511	158159	9.0144	158137	99.9861	156571	99.0097	22	0.0139	156592	99.0092	2659	1.6812	1092	41.0681	1071	40.2783	811	30.5002	787	29.5976	115160	100.0000	114929	100.0000	0.9943
ESO1242101120S1K	ESO1358304120S1K	na	NZ_CP049075.1	1754511	332195	18.9338	332098	99.9708	327611	98.6489	97	0.0292	327706	98.6487	6464	1.9458	1975	30.5538	1880	29.0842	2335	36.1231	2279	35.2568	115160	59.5519	51874	100.0000	0.9431
ESO1242101120S1K	ESO1358602120S1K	na	NZ_CP049075.1	1754511	299752	17.0846	299647	99.9650	296368	98.9057	105	0.0350	296472	98.9058	5225	1.7431	1945	37.2249	1841	35.2344	1767	33.8182	1613	30.8708	115160	49.4173	99829	47.1426	0.9419
ESO1242101120S1K	EST1212206101S1K	na	NZ_CP049075.1	1754511	285896	16.2949	285797	99.9654	282825	98.9601	99	0.0346	282924	98.9605	5219	1.8255	2247	43.0542	2148	41.1573	1564	29.9674	1527	29.2585	115160	91.0750	85446	100.0000	0.9748
ESO1242101120S1K	EST1212704101S1K	na	NZ_CP049075.1	1754511	318456	18.1507	318357	99.9689	315040	98.9581	99	0.0311	315137	98.9578	5709	1.7927	2390	41.8637	2293	40.1647	1753	30.7059	1692	29.6374	115160	91.0750	88279	100.0000	0.9762
ESO1242101120S1K	EST1232702101S1K	na	NZ_CP049075.1	1754511	305650	17.4208	305567	99.9728	302415	98.9685	83	0.0272	302498	98.9688	5206	1.7033	2054	39.4545	1974	37.9178	1701	32.6738	1552	29.8118	115160	91.0750	126535	67.7923	0.9603
ESO1242101120S1K	EST1232710101S1K	na	NZ_CP049075.1	1754511	307502	17.5264	307393	99.9646	303452	98.7179	109	0.0354	303554	98.7161	5873	1.9099	1925	32.7771	1823	31.0404	2050	34.9055	2027	34.5139	115160	81.2244	115001	69.4055	0.9617
ESO1242101120S1K	EST1232905101S1K	na	NZ_CP049075.1	1754511	333301	18.9968	333219	99.9754	329881	98.9983	82	0.0246	329960	98.9976	5836	1.7510	2495	42.7519	2416	41.3982	1764	30.2262	1682	28.8211	115160	80.9404	90764	88.3302	0.9750
ESO1242101120S1K	EST1233822101S1K	na	NZ_CP049075.1	1754511	296281	16.8868	295080	99.5946	292018	98.9623	1201	0.4054	293210	98.9635	5907	1.9937	2836	48.0108	1645	27.8483	1727	29.2365	2263	38.3105	115160	79.4911	120979	65.7701	0.9519
ESO1242101120S1K	EST1233822201S1K	na	NZ_CP049075.1	1754511	277336	15.8070	277093	99.9124	273780	98.8044	243	0.0876	274019	98.8040	5334	1.9233	2017	37.8140	1779	33.3521	1716	32.1710	1865	34.9644	115160	88.4161	142473	62.0602	0.9606
ESO1242101120S1K	EST1234702101S1K	na	NZ_CP049075.1	1754511	82280	4.6896	82267	99.9842	81466	99.0263	13	0.0158	81479	99.0265	1402	1.7039	601	42.8673	588	41.9401	401	28.6020	415	29.6006	115160	80.0148	100029	100.0000	0.9871
ESO1242101120S1K	EST1234704101S1K	na	NZ_CP049075.1	1754511	350572	19.9812	350315	99.9267	345911	98.7428	257	0.0733	346163	98.7423	6832	1.9488	2423	35.4655	2171	31.7769	2267	33.1821	2417	35.3776	115160	60.4333	50396	100.0000	0.9496
ESO1242101120S1K	EST1236807101S1K	na	NZ_CP049075.1	1754511	321622	18.3311	321522	99.9689	317638	98.7920	100	0.0311	317735	98.7914	5732	1.7822	1845	32.1877	1748	30.4955	2160	37.6832	1856	32.3796	115160	79.4911	139782	71.4370	0.9604
ESO1242101120S1K	EST1237103201S1K	na	NZ_CP049075.1	1754511	303007	17.2702	302780	99.9251	299202	98.8183	227	0.0749	299427	98.8185	5739	1.8940	2159	37.6198	1934	33.6993	1783	31.0681	2043	35.5985	115160	41.3737	83812	44.9458	0.9303
ESO1242101120S1K	EST1238001101S1K	na	NZ_CP049075.1	1754511	285420	16.2678	285327	99.9674	282002	98.8347	93	0.0326	282094	98.8347	5147	1.8033	1821	35.3798	1729	33.5924	1774	34.4667	1671	32.4655	115160	21.4345	20057	71.2170	0.9344
ESO1242101120S1K	EST1238002101S1K	na	NZ_CP049075.1	1754511	300264	17.1138	300166	99.9674	296532	98.7893	98	0.0326	296626	98.7884	5572	1.8557	1934	34.7093	1840	33.0223	1907	34.2247	1855	33.2915	115160	80.9404	111899	64.0310	0.9498
ESO1242101120S1K	EST1241101101S1K	na	NZ_CP049075.1	1754511	338004	19.2649	337772	99.9314	333856	98.8406	232	0.0686	334082	98.8397	6248	1.8485	2326	37.2279	2100	33.6108	2061	32.9866	2071	33.1466	115160	91.0750	116967	74.3945	0.9600
ESO1242101120S1K	EST1241104101S1K	na	NZ_CP049075.1	1754511	303662	17.3075	303590	99.9763	299993	98.8152	72	0.0237	300061	98.8141	5106	1.6815	1505	29.4751	1437	28.1434	2320	45.4367	1368	26.7920	115160	60.4333	93863	63.4691	0.9394
ESO1242101120S1K	EST1242101101S1K	na	NZ_CP049075.1	1754511	120482	6.8670	120458	99.9801	120414	99.9635	24	0.0199	120438	99.9635	1500	1.2450	1456	97.0667	1435	95.6667	38	2.5333	25	1.6667	115160	88.4161	107133	100.0000	0.9872
ESO1242101120S1K	EST1242103101S1K	na	NZ_CP049075.1	1754511	286852	16.3494	286756	99.9665	283485	98.8593	96	0.0335	283579	98.8590	5108	1.7807	1835	35.9240	1741	34.0838	1729	33.8489	1663	32.5568	115160	91.0750	123051	71.8223	0.9579
ESO1242101120S1K	EST1242207101S1K	na	NZ_CP049075.1	1754511	214148	12.2056	214108	99.9813	211768	98.9071	40	0.0187	211807	98.9068	3637	1.6984	1296	35.6338	1257	34.5615	1218	33.4891	1175	32.3068	115160	91.0750	140321	77.3263	0.9635
ESO1242101120S1K	EST1242209101S1K	na	NZ_CP049075.1	1754511	291103	16.5917	290914	99.9351	287575	98.8522	189	0.0649	287761	98.8520	5202	1.7870	1860	35.7555	1674	32.1799	1733	33.3141	1797	34.5444	115160	69.6405	127907	57.7732	0.9544
ESO1242101120S1K	EST1242704101S1K	na	NZ_CP049075.1	1754511	340429	19.4031	337652	99.1843	334926	99.1927	2777	0.8157	337678	99.1919	7119	2.0912	4368	61.3569	1617	22.7139	1792	25.1721	2942	41.3260	115160	49.4173	84615	50.7002	0.9354
ESO1242101120S1K	EST1242801101S1K	na	NZ_CP049075.1	1754511	333445	19.0050	333235	99.9370	329244	98.8023	210	0.0630	329453	98.8028	6128	1.8378	2136	34.8564	1927	31.4458	2143	34.9706	2065	33.6978	115160	91.0750	106954	62.6503	0.9428
ESO1242101120S1K	EST1242802101S1K	na	NZ_CP049075.1	1754511	309076	17.6161	308505	99.8153	305099	98.8960	571	0.1847	305661	98.8951	5770	1.8669	2355	40.8146	1793	31.0745	1919	33.2582	1946	33.7262	115160	63.0922	77610	61.4508	0.9353
ESO1242101120S1K	EST1242804101S1K	na	NZ_CP049075.1	1754511	329471	18.7785	328052	99.5693	324589	98.9444	1419	0.4307	325996	98.9453	6619	2.0090	3144	47.4996	1738	26.2577	1934	29.2189	2573	38.8729	115160	69.3565	69079	92.3160	0.9662
ESO1242101120S1K	EST1242805101S1K	na	NZ_CP049075.1	1754511	319496	18.2100	319413	99.9740	315679	98.8310	83	0.0260	315761	98.8310	5812	1.8191	2077	35.7364	1995	34.3255	1934	33.2760	1917	32.9835	115160	91.0750	153813	69.5318	0.9566
ESO1242101120S1K	EST1247101101S1K	na	NZ_CP049075.1	1754511	229447	13.0775	229383	99.9721	227233	99.0627	64	0.0279	227295	99.0621	3810	1.6605	1658	43.5171	1596	41.8898	1140	29.9213	1083	28.4252	115160	91.0750	120859	71.4543	0.9601
ESO1242101120S1K	EST1247106101S1K	na	NZ_CP049075.1	1754511	299927	17.0946	299819	99.9640	296021	98.7332	108	0.0360	296121	98.7310	5880	1.9605	2074	35.2721	1974	33.5714	1936	32.9252	1990	33.8435	115160	91.0750	106665	100.0000	0.9779
ESO1242101120S1K	EST1247109101S1K	na	NZ_CP049075.1	1754511	334591	19.0703	334495	99.9713	330331	98.7551	96	0.0287	330419	98.7531	6097	1.8222	1925	31.5729	1837	30.1296	2330	38.2155	1963	32.1962	115160	79.4911	129147	76.7900	0.9665
ESO1242101120S1K	EST1247203101S1K	na	NZ_CP049075.1	1754511	278604	15.8793	278370	99.9160	275171	98.8508	234	0.0840	275399	98.8496	5174	1.8571	1969	38.0557	1741	33.6490	1731	33.4557	1702	32.8952	115160	91.0750	93469	94.4003	0.9719
ESO1242101120S1K	EST1247206101S1K	na	NZ_CP049075.1	1754511	258372	14.7262	258285	99.9663	255097	98.7657	87	0.0337	255182	98.7653	4876	1.8872	1686	34.5775	1601	32.8343	1651	33.8597	1640	33.6341	115160	91.0750	127972	67.5640	0.9543
ESO1242101120S1K	EST1254306101S1K	na	NZ_CP049075.1	1754511	50771	2.8937	50760	99.9783	50130	98.7589	11	0.0217	50141	98.7591	849	1.6722	219	25.7951	208	24.4994	388	45.7008	254	29.9176	115160	31.5231	76013	48.8390	0.9581
ESO1242101120S1K	EST1256811101S1K	na	NZ_CP049075.1	1754511	289850	16.5203	289778	99.9752	286209	98.7684	72	0.0248	286279	98.7680	5237	1.8068	1666	31.8121	1596	30.4755	2017	38.5144	1656	31.6212	115160	79.4911	139306	71.4887	0.9571
ESO1242101120S1K	EST1350502101S1K	na	NZ_CP049075.1	1754511	182163	10.3826	181861	99.8342	180036	98.9965	302	0.1658	180333	98.9954	3107	1.7056	1277	41.1007	983	31.6382	1013	32.6038	1050	33.7947	115160	78.2815	126094	64.6541	0.9499
ESO1242101120S1K	EST1350510101S1K	na	NZ_CP049075.1	1754511	219003	12.4823	218912	99.9584	216213	98.7671	91	0.0416	216296	98.7639	4187	1.9118	1480	35.3475	1397	33.3652	1404	33.5324	1404	33.5324	115160	91.0750	117862	74.5567	0.9574
ESO1242101120S1K	EST1350804101S1K	na	NZ_CP049075.1	1754511	326827	18.6278	326407	99.8715	322374	98.7644	420	0.1285	322791	98.7651	6560	2.0072	2524	38.4756	2107	32.1189	1993	30.3811	2401	36.6006	115160	79.4911	75045	92.8363	0.9652
ESO1242101120S1K	EST1350807101S1K	na	NZ_CP049075.1	1754511	327117	18.6443	327048	99.9789	322939	98.7436	69	0.0211	323007	98.7436	6061	1.8529	1951	32.1894	1883	31.0675	2153	35.5222	2064	34.0538	115160	91.0750	134701	64.5296	0.9605
ESO1242101120S1K	EST1356604101S1K	na	NZ_CP049075.1	1754511	323553	18.4412	323292	99.9193	319445	98.8101	261	0.0807	319700	98.8092	5983	1.8492	2130	35.6009	1875	31.3388	2046	34.1969	2075	34.6816	115160	53.2416	91591	58.6717	0.9291
ESO1242101120S1K	EST1356611101S1K	na	NZ_CP049075.1	1754511	231208	13.1779	231106	99.9559	228538	98.8888	102	0.0441	228639	98.8889	4135	1.7884	1566	37.8718	1465	35.4293	1321	31.9468	1344	32.5030	115160	41.6577	57584	88.7087	0.9457
ESO1242101120S1K	EST1357103101S1K	na	NZ_CP049075.1	1754511	264663	15.0847	264617	99.9826	261504	98.8236	46	0.0174	261550	98.8238	4630	1.7494	1517	32.7646	1471	31.7711	1655	35.7451	1524	32.9158	115160	91.0750	133245	69.4458	0.9627
ESO1242101120S1K	EST1357107101S1K	na	NZ_CP049075.1	1754511	315481	17.9811	315310	99.9458	313736	99.5008	171	0.0542	313905	99.5004	4973	1.5763	3397	68.3089	3228	64.9105	858	17.2532	855	17.1928	115160	80.0148	78769	93.3083	0.9682
ESO1242101120S1K	EST1358301101S1K	na	NZ_CP049075.1	1754511	223832	12.7575	223782	99.9777	221467	98.9655	50	0.0223	221516	98.9653	3921	1.7518	1605	40.9334	1556	39.6838	1157	29.5078	1214	30.9615	115160	100.0000	94377	100.0000	0.9749
ESO1242101120S1K	EST1358301201S1K	na	NZ_CP049075.1	1754511	335256	19.1082	335143	99.9663	331579	98.9366	113	0.0337	331690	98.9363	6073	1.8115	2507	41.2811	2396	39.4533	1825	30.0510	1887	31.0720	115160	100.0000	102933	89.7856	0.9751
ESO1242101120S1K	EST1358302101S1K	na	NZ_CP049075.1	1754511	233986	13.3363	233926	99.9744	231644	99.0245	60	0.0256	231704	99.0247	3898	1.6659	1616	41.4572	1556	39.9179	1216	31.1955	1137	29.1688	115160	100.0000	133967	69.9904	0.9545
ESO1242101120S1K	EST1358602101S1K	na	NZ_CP049075.1	1754511	124535	7.0980	124495	99.9679	123134	98.9068	40	0.0321	123173	98.9063	2144	1.7216	782	36.4739	743	34.6549	765	35.6810	632	29.4776	115160	48.4917	80640	69.3477	0.9318
ESO1242101120S1K	EST1359005101S1K	na	NZ_CP049075.1	1754511	335498	19.1220	335009	99.8542	331046	98.8170	489	0.1458	331526	98.8161	6331	1.8870	2359	37.2611	1879	29.6794	2095	33.0911	2261	35.7132	115160	88.4161	136370	68.4315	0.9618
ESO1242101120S1K	EST1359006101S1K	na	NZ_CP049075.1	1754511	156588	8.9249	156524	99.9591	154640	98.7964	64	0.0409	154703	98.7962	2810	1.7945	925	32.9181	862	30.6762	1001	35.6228	947	33.7011	115160	88.4161	151742	63.3457	0.9539
ESO1242101120S1K	EST1359007101S1K	na	NZ_CP049075.1	1754511	332319	18.9408	332166	99.9540	328088	98.7723	153	0.0460	328240	98.7726	6032	1.8151	1953	32.3773	1801	29.8574	2245	37.2182	2012	33.3554	115160	91.0750	147634	71.3643	0.9597
ESO1242101120S1K	EST1361001101S1K	na	NZ_CP049075.1	1754511	302783	17.2574	302708	99.9752	299053	98.7926	75	0.0248	299125	98.7919	5405	1.7851	1747	32.3219	1675	30.9898	1961	36.2812	1789	33.0990	115160	91.0750	155104	66.7468	0.9501
ESO1242101120S1K	EST1361002101S1K	na	NZ_CP049075.1	1754511	333004	18.9799	332818	99.9441	328859	98.8105	186	0.0559	329042	98.8102	6186	1.8576	2224	35.9522	2041	32.9939	2079	33.6081	2083	33.6728	115160	91.0750	120862	70.7212	0.9602
ESO1242101120S1K	EST1361007101S1K	na	NZ_CP049075.1	1754511	333848	19.0280	333662	99.9443	329929	98.8812	186	0.0557	330115	98.8818	6054	1.8134	2321	38.3383	2135	35.2659	1997	32.9865	1917	31.6650	115160	79.4911	126515	66.6743	0.9433
ESO1242101120S1K	EST2359005102S1K	na	NZ_CP049075.1	1754511	304815	17.3732	304021	99.7395	300590	98.8715	794	0.2605	301369	98.8695	5924	1.9435	2478	41.8298	1699	28.6799	1856	31.3302	2161	36.4787	115160	88.4161	128523	66.7063	0.9578
ESO1242208120S1K	ESO1242209120S1K	na	NZ_CP049075.1	1754511	1424568	81.1946	1422037	99.8223	1403092	98.6678	2531	0.1777	1405569	98.6663	31099	2.1830	12100	38.9080	9650	31.0299	9912	31.8724	11357	36.5189	136600	49.9078	33978	100.0000	0.9403
ESO1242208120S1K	ESO1242704120S1K	na	NZ_CP049075.1	1754511	1371163	78.1507	1369769	99.8983	1351389	98.6582	1394	0.1017	1352723	98.6552	29214	2.1306	10774	36.8796	9481	32.4536	10023	34.3089	9712	33.2443	136600	68.8265	79627	100.0000	0.9641
ESO1242208120S1K	ESO1242801120S1K	na	NZ_CP049075.1	1754511	1377920	78.5358	1376712	99.9123	1358887	98.7052	1208	0.0877	1360077	98.7051	27633	2.0054	9790	35.4287	8606	31.1439	10178	36.8328	8989	32.5299	136600	100.0000	127121	100.0000	0.9879
ESO1242208120S1K	ESO1242805120S1K	na	NZ_CP049075.1	1754511	585214	33.3548	584917	99.9492	577805	98.7841	297	0.0508	578094	98.7834	10998	1.8793	3878	35.2610	3589	32.6332	3848	34.9882	3615	32.8696	136600	100.0000	147988	86.7665	0.9702
ESO1242208120S1K	ESO1247101120S1K	na	NZ_CP049075.1	1754511	1184626	67.5189	1183725	99.9239	1168693	98.7301	901	0.0761	1169572	98.7292	23791	2.0083	8737	36.7240	7860	33.0377	7897	33.1932	8194	34.4416	136600	100.0000	127431	100.0000	0.9878
ESO1242208120S1K	ESO1247203120S1K	na	NZ_CP049075.1	1754511	1381718	78.7523	1374507	99.4781	1359214	98.8874	7211	0.5219	1366324	98.8859	30885	2.2353	15491	50.1570	8402	27.2041	8882	28.7583	12118	39.2359	136600	73.9985	91787	100.0000	0.9724
ESO1242208120S1K	ESO1247206120S1K	na	NZ_CP049075.1	1754511	1399793	79.7825	1382503	98.7648	1371710	99.2193	17290	1.2352	1388839	99.2175	34602	2.4719	23648	68.3429	6582	19.0220	7996	23.1085	15197	43.9194	136600	64.9627	70823	100.0000	0.9609
ESO1242208120S1K	ESO1247208120S1K	na	NZ_CP049075.1	1754511	1418178	80.8304	1416729	99.8978	1397717	98.6580	1449	0.1022	1399122	98.6563	29384	2.0720	10328	35.1484	8947	30.4485	10826	36.8432	9743	33.1575	136600	94.8280	129263	100.0000	0.9949
ESO1242208120S1K	ESO1254306120S1K	na	NZ_CP049075.1	1754511	1283739	73.1679	1282488	99.9026	1265548	98.6791	1251	0.0974	1266758	98.6772	25245	1.9665	8264	32.7352	7060	27.9659	10926	43.2799	7350	29.1147	136600	71.7284	88346	93.1610	0.9582
ESO1242208120S1K	ESO1256801120S1K	na	NZ_CP049075.1	1754511	1415876	80.6992	1406629	99.3469	1391738	98.9414	9247	0.6531	1400888	98.9414	31994	2.2597	17006	53.1537	7886	24.6484	9256	28.9304	12460	38.9448	136600	54.1611	50342	100.0000	0.9491
ESO1242208120S1K	ESO1256804120S1K	na	NZ_CP049075.1	1754511	1404946	80.0762	1390713	98.9869	1378925	99.1524	14233	1.0131	1393029	99.1518	33067	2.3536	21150	63.9610	7078	21.4050	8164	24.6893	14170	42.8524	136600	50.8990	59514	100.0000	0.9537
ESO1242208120S1K	ESO1350502120S1K	na	NZ_CP049075.1	1754511	975945	55.6249	973516	99.7511	962872	98.9066	2429	0.2489	965278	98.9070	18676	1.9136	8009	42.8839	5604	30.0064	6029	32.2821	6522	34.9218	136600	94.8280	111375	100.0000	0.9830
ESO1242208120S1K	ESO1350804120S1K	na	NZ_CP049075.1	1754511	1133308	64.5940	1132210	99.9031	1118380	98.7785	1098	0.0969	1119462	98.7783	22125	1.9522	8279	37.4192	7198	32.5333	7561	34.1740	7345	33.1977	136600	100.0000	145498	96.4811	0.9906
ESO1242208120S1K	ESO1350807120S1K	na	NZ_CP049075.1	1754511	846490	48.2465	845823	99.9212	835096	98.7318	667	0.0788	835748	98.7310	16401	1.9375	5659	34.5040	5008	30.5347	5791	35.3088	5673	34.5894	136600	86.7833	135115	90.2490	0.9702
ESO1242208120S1K	ESO1356601120S1K	na	NZ_CP049075.1	1754511	1232723	70.2602	1224529	99.3353	1212393	99.0089	8194	0.6647	1220488	99.0075	27460	2.2276	15225	55.4443	7144	26.0160	7462	27.1741	10839	39.4720	136600	78.1794	89625	100.0000	0.9712
ESO1242208120S1K	ESO1356602120S1K	na	NZ_CP049075.1	1754511	1280216	72.9671	1272468	99.3948	1258755	98.9223	7748	0.6052	1266413	98.9218	28745	2.2453	14942	51.9812	7300	25.3957	8508	29.5982	10967	38.1527	136600	100.0000	119872	100.0000	0.9891
ESO1242208120S1K	ESO1356803120S1K	na	NZ_CP049075.1	1754511	1089010	62.0691	1088331	99.9376	1074861	98.7623	679	0.0624	1075520	98.7613	21021	1.9303	7531	35.8261	6875	32.7054	7220	34.3466	7050	33.5379	136600	78.1794	100878	93.6854	0.9690
ESO1242208120S1K	ESO1357103120S1K	na	NZ_CP049075.1	1754511	438074	24.9684	437834	99.9452	432426	98.7648	240	0.0548	432662	98.7646	8199	1.8716	2787	33.9920	2551	31.1136	3043	37.1143	2665	32.5040	136600	91.9553	128644	100.0000	0.9714
ESO1242208120S1K	ESO1357104120S1K	na	NZ_CP049075.1	1754511	1365755	77.8425	1364561	99.9126	1346361	98.6662	1194	0.0874	1347518	98.6647	27830	2.0377	9593	34.4700	8449	30.3593	10295	36.9925	9227	33.1549	136600	100.0000	117357	100.0000	0.9827
ESO1242208120S1K	ESO1357107120S1K	na	NZ_CP049075.1	1754511	1376805	78.4723	1364050	99.0736	1351609	99.0879	12755	0.9264	1364246	99.0878	32355	2.3500	19796	61.1837	7178	22.1851	8044	24.8617	13887	42.9207	136600	47.0059	44994	100.0000	0.9464
ESO1242208120S1K	ESO1358301120S1K	na	NZ_CP049075.1	1754511	489081	27.8756	488821	99.9468	482970	98.8030	260	0.0532	483224	98.8024	9071	1.8547	3214	35.4316	2960	32.6315	3136	34.5717	3037	33.4803	136600	78.1794	114929	88.2188	0.9591
ESO1242208120S1K	ESO1358304120S1K	na	NZ_CP049075.1	1754511	1389654	79.2046	1388386	99.9088	1369929	98.6706	1268	0.0912	1371157	98.6689	28678	2.0637	10181	35.5011	8976	31.2993	10236	35.6929	9564	33.3496	136600	52.1779	51874	100.0000	0.9497
ESO1242208120S1K	ESO1358602120S1K	na	NZ_CP049075.1	1754511	1190015	67.8260	1189091	99.9224	1174689	98.7888	924	0.0776	1175585	98.7874	23004	1.9331	8574	37.2718	7682	33.3942	7785	33.8419	7581	32.9551	136600	73.9985	99829	83.5358	0.9561
ESO1242208120S1K	EST1212206101S1K	na	NZ_CP049075.1	1754511	1274011	72.6135	1273002	99.9208	1256130	98.6746	1009	0.0792	1257109	98.6733	26799	2.1035	9897	36.9305	8924	33.2997	8868	33.0908	9140	34.1058	136600	78.1794	85446	100.0000	0.9692
ESO1242208120S1K	EST1212704101S1K	na	NZ_CP049075.1	1754511	1196761	68.2105	1195900	99.9281	1181274	98.7770	861	0.0719	1182121	98.7767	23290	1.9461	8650	37.1404	7806	33.5165	7881	33.8386	7739	33.2289	136600	78.1794	88279	100.0000	0.9706
ESO1242208120S1K	EST1232702101S1K	na	NZ_CP049075.1	1754511	1196654	68.2044	1195845	99.9324	1180992	98.7579	809	0.0676	1181786	98.7575	23309	1.9478	8441	36.2135	7651	32.8242	7941	34.0684	7842	33.6437	136600	100.0000	126535	95.8802	0.9867
ESO1242208120S1K	EST1232710101S1K	na	NZ_CP049075.1	1754511	1353462	77.1418	1352008	99.8926	1333608	98.6391	1454	0.1074	1335016	98.6371	29026	2.1446	10580	36.4501	9197	31.6854	9952	34.2865	9843	33.9110	136600	91.9553	115001	94.5635	0.9772
ESO1242208120S1K	EST1232905101S1K	na	NZ_CP049075.1	1754511	1278744	72.8832	1277926	99.9360	1261791	98.7374	818	0.0640	1262592	98.7369	25344	1.9819	9192	36.2689	8391	33.1084	8652	34.1383	8432	33.2702	136600	78.1794	90764	94.4317	0.9663
ESO1242208120S1K	EST1233822101S1K	na	NZ_CP049075.1	1754511	1245067	70.9638	1239831	99.5795	1225581	98.8506	5236	0.4205	1230756	98.8506	26947	2.1643	12636	46.8920	7464	27.6988	8141	30.2112	10385	38.5386	136600	94.8280	120979	100.0000	0.9824
ESO1242208120S1K	EST1233822201S1K	na	NZ_CP049075.1	1754511	1180549	67.2865	1179122	99.8791	1163498	98.6749	1427	0.1209	1164899	98.6743	24607	2.0844	8957	36.4002	7563	30.7352	8227	33.4336	8969	36.4490	136600	94.8280	142473	83.4362	0.9722
ESO1242208120S1K	EST1234702101S1K	na	NZ_CP049075.1	1754511	252114	14.3695	251989	99.9504	249021	98.8222	125	0.0496	249144	98.8220	4687	1.8591	1717	36.6332	1594	34.0090	1593	33.9876	1513	32.2808	136600	54.2731	100029	81.5963	0.9530
ESO1242208120S1K	EST1234704101S1K	na	NZ_CP049075.1	1754511	1420762	80.9777	1418949	99.8724	1400110	98.6723	1813	0.1276	1401883	98.6712	30073	2.1167	11194	37.2228	9441	31.3936	10024	33.3322	10656	35.4338	136600	49.9078	50396	87.8264	0.9424
ESO1242208120S1K	EST1236807101S1K	na	NZ_CP049075.1	1754511	1304124	74.3298	1303252	99.9331	1286768	98.7352	872	0.0669	1287620	98.7345	25496	1.9550	8992	35.2683	8142	31.9344	9381	36.7940	8120	31.8481	136600	94.8280	139782	96.3050	0.9890
ESO1242208120S1K	EST1237103201S1K	na	NZ_CP049075.1	1754511	1294922	73.8053	1293397	99.8822	1276020	98.6565	1525	0.1178	1277512	98.6555	27515	2.1248	10105	36.7254	8617	31.3175	9008	32.7385	10029	36.4492	136600	55.8668	83812	86.5210	0.9480
ESO1242208120S1K	EST1238001101S1K	na	NZ_CP049075.1	1754511	1040302	59.2930	1039578	99.9304	1026281	98.7209	724	0.0696	1026994	98.7208	20032	1.9256	6724	33.5663	6014	30.0220	7523	37.5549	6610	32.9972	136600	29.0783	20057	100.0000	0.9318
ESO1242208120S1K	EST1238002101S1K	na	NZ_CP049075.1	1754511	1338927	76.3134	1337470	99.8912	1319573	98.6619	1457	0.1088	1320989	98.6603	28661	2.1406	10723	37.4132	9347	32.6123	9607	33.5194	9756	34.0393	136600	100.0000	111899	94.3789	0.9751
ESO1242208120S1K	EST1241101101S1K	na	NZ_CP049075.1	1754511	1425070	81.2232	1422970	99.8526	1404714	98.7170	2100	0.1474	1406759	98.7151	30204	2.1195	11893	39.3756	9884	32.7241	9893	32.7539	10272	34.0087	136600	100.0000	116967	100.0000	0.9874
ESO1242208120S1K	EST1241104101S1K	na	NZ_CP049075.1	1754511	1334257	76.0472	1333182	99.9194	1315317	98.6600	1075	0.0806	1316352	98.6581	26002	1.9488	8097	31.1399	7071	27.1941	11629	44.7235	7435	28.5940	136600	71.7284	93863	93.7249	0.9616
ESO1242208120S1K	EST1242101101S1K	na	NZ_CP049075.1	1754511	390509	22.2574	390305	99.9478	385537	98.7784	204	0.0522	385736	98.7777	7372	1.8878	2599	35.2550	2400	32.5556	2538	34.4276	2455	33.3017	136600	73.0073	107133	87.4380	0.9683
ESO1242208120S1K	EST1242103101S1K	na	NZ_CP049075.1	1754511	1132992	64.5759	1132129	99.9238	1118298	98.7783	863	0.0762	1119136	98.7770	21970	1.9391	8114	36.9322	7277	33.1224	7642	34.7838	7130	32.4533	136600	100.0000	123051	100.0000	0.9851
ESO1242208120S1K	EST1242207101S1K	na	NZ_CP049075.1	1754511	752646	42.8978	752264	99.9492	752225	99.9948	382	0.0508	752607	99.9948	9498	1.2619	9459	99.5894	9077	95.5675	335	3.5271	66	0.6949	136600	100.0000	140321	100.0000	0.9943
ESO1242208120S1K	EST1242209101S1K	na	NZ_CP049075.1	1754511	1133658	64.6139	1132477	99.8958	1118440	98.7605	1181	0.1042	1119599	98.7599	22339	1.9705	8280	37.0652	7122	31.8815	7571	33.8914	7716	34.5405	136600	86.7833	127907	90.0224	0.9711
ESO1242208120S1K	EST1242704101S1K	na	NZ_CP049075.1	1754511	1426069	81.2801	1413183	99.0964	1400308	99.0889	12886	0.9036	1413070	99.0885	33281	2.3338	20282	60.9417	7543	22.6646	8618	25.8947	13711	41.1977	136600	58.1369	84615	92.5533	0.9546
ESO1242208120S1K	EST1242801101S1K	na	NZ_CP049075.1	1754511	1371675	78.1799	1370127	99.8871	1352457	98.7103	1548	0.1129	1353982	98.7101	27646	2.0155	9953	36.0016	8443	30.5397	10113	36.5803	9156	33.1187	136600	100.0000	106954	100.0000	0.9758
ESO1242208120S1K	EST1242802101S1K	na	NZ_CP049075.1	1754511	1346477	76.7437	1343268	99.7617	1326654	98.7632	3209	0.2383	1329817	98.7627	28473	2.1146	11813	41.4884	8666	30.4359	9221	32.3851	10050	35.2966	136600	76.9004	77610	100.0000	0.9641
ESO1242208120S1K	EST1242804101S1K	na	NZ_CP049075.1	1754511	1366378	77.8780	1360233	99.5503	1344780	98.8639	6145	0.4497	1350867	98.8648	29359	2.1487	13848	47.1678	7775	26.4825	9351	31.8505	10840	36.9222	136600	73.0073	69079	100.0000	0.9598
ESO1242208120S1K	EST1242805101S1K	na	NZ_CP049075.1	1754511	1281376	73.0332	1280433	99.9264	1264487	98.7546	943	0.0736	1265408	98.7538	25323	1.9762	9355	36.9427	8442	33.3373	8564	33.8191	8458	33.4005	136600	100.0000	153813	92.6190	0.9892
ESO1242208120S1K	EST1247101101S1K	na	NZ_CP049075.1	1754511	913074	52.0415	912451	99.9318	901183	98.7651	623	0.0682	901788	98.7640	17668	1.9350	6382	36.1218	5778	32.7032	6126	34.6729	5866	33.2013	136600	100.0000	120859	100.0000	0.9803
ESO1242208120S1K	EST1247106101S1K	na	NZ_CP049075.1	1754511	1342046	76.4912	1340640	99.8952	1327227	98.9995	1406	0.1048	1328603	98.9983	26269	1.9574	12826	48.8256	11505	43.7969	7483	28.4860	7174	27.3098	136600	78.1794	106665	100.0000	0.9817
ESO1242208120S1K	EST1247109101S1K	na	NZ_CP049075.1	1754511	1424702	81.2022	1423291	99.9010	1403792	98.6300	1411	0.0990	1405146	98.6274	29959	2.1028	10403	34.7241	9075	30.2914	11007	36.7402	10036	33.4991	136600	94.8280	129147	100.0000	0.9949
ESO1242208120S1K	EST1247203101S1K	na	NZ_CP049075.1	1754511	1217024	69.3654	1215371	99.8642	1199785	98.7176	1653	0.1358	1201399	98.7161	25119	2.0640	9494	37.7961	7891	31.4145	8625	34.3366	8618	34.3087	136600	96.0242	93469	100.0000	0.9728
ESO1242208120S1K	EST1247206101S1K	na	NZ_CP049075.1	1754511	1220966	69.5901	1219912	99.9137	1203394	98.6460	1054	0.0863	1204416	98.6445	25691	2.1042	9141	35.5806	8134	31.6609	9173	35.7051	8495	33.0661	136600	100.0000	127972	95.0989	0.9800
ESO1242208120S1K	EST1254306101S1K	na	NZ_CP049075.1	1754511	176766	10.0749	176650	99.9344	174468	98.7648	116	0.0656	174583	98.7650	3146	1.7798	963	30.6103	848	26.9549	1460	46.4081	848	26.9549	136600	47.8221	76013	100.0000	0.9591
ESO1242208120S1K	EST1256811101S1K	na	NZ_CP049075.1	1754511	1198528	68.3112	1197613	99.9237	1182213	98.7141	915	0.0763	1183101	98.7128	23594	1.9686	8167	34.6147	7280	30.8553	8777	37.2001	7683	32.5634	136600	94.8280	139306	96.2859	0.9891
ESO1242208120S1K	EST1350502101S1K	na	NZ_CP049075.1	1754511	692582	39.4744	691299	99.8148	683651	98.8937	1283	0.1852	684916	98.8931	12834	1.8531	5168	40.2680	3904	30.4192	4361	33.9801	4337	33.7930	136600	78.9663	126094	86.7583	0.9618
ESO1242208120S1K	EST1350510101S1K	na	NZ_CP049075.1	1754511	1114430	63.5180	1113320	99.9004	1097956	98.6200	1110	0.0996	1099021	98.6173	24563	2.2041	9154	37.2674	8104	32.9927	8266	33.6522	8260	33.6278	136600	100.0000	117862	100.0000	0.9877
ESO1242208120S1K	EST1350804101S1K	na	NZ_CP049075.1	1754511	1388039	79.1126	1385371	99.8078	1366127	98.6109	2668	0.1922	1368717	98.6080	31184	2.2466	11862	38.0387	9291	29.7941	9964	31.9523	11702	37.5257	136600	73.0073	75045	100.0000	0.9632
ESO1242208120S1K	EST1350807101S1K	na	NZ_CP049075.1	1754511	1340094	76.3799	1339205	99.9337	1321476	98.6762	889	0.0663	1322345	98.6755	27181	2.0283	9432	34.7007	8598	31.6324	9491	34.9178	9239	33.9907	136600	100.0000	134701	91.5784	0.9822
ESO1242208120S1K	EST1356604101S1K	na	NZ_CP049075.1	1754511	1356475	77.3136	1354753	99.8731	1337393	98.7186	1722	0.1269	1339079	98.7176	28005	2.0645	10609	37.8825	8935	31.9050	9348	33.3798	9760	34.8509	136600	68.8558	91591	93.1227	0.9629
ESO1242208120S1K	EST1356611101S1K	na	NZ_CP049075.1	1754511	849203	48.4011	848546	99.9226	838043	98.7622	657	0.0774	838690	98.7620	16445	1.9365	5932	36.0718	5289	32.1618	5641	34.3022	5539	33.6820	136600	41.8631	57584	88.7087	0.9491
ESO1242208120S1K	EST1357103101S1K	na	NZ_CP049075.1	1754511	965108	55.0072	964563	99.9435	952549	98.7545	545	0.0565	953084	98.7541	18029	1.8681	6005	33.3074	5471	30.3456	6799	37.7115	5856	32.4810	136600	100.0000	133245	95.4392	0.9831
ESO1242208120S1K	EST1357107101S1K	na	NZ_CP049075.1	1754511	1352492	77.0866	1350785	99.8738	1332240	98.6271	1707	0.1262	1333890	98.6246	29452	2.1776	10850	36.8396	9226	31.3255	9739	33.0674	10467	35.5392	136600	70.1347	78769	92.1492	0.9583
ESO1242208120S1K	EST1358301101S1K	na	NZ_CP049075.1	1754511	807808	46.0418	807340	99.9421	797534	98.7854	468	0.0579	797990	98.7846	15468	1.9148	5650	36.5270	5196	33.5919	5282	34.1479	5064	32.7386	136600	78.1794	94377	92.2237	0.9684
ESO1242208120S1K	EST1358301201S1K	na	NZ_CP049075.1	1754511	1307928	74.5466	1306913	99.9224	1290582	98.7504	1015	0.0776	1291576	98.7498	26125	1.9974	9773	37.4086	8782	33.6153	8716	33.3627	8747	33.4813	136600	78.1794	102933	88.9618	0.9656
ESO1242208120S1K	EST1358302101S1K	na	NZ_CP049075.1	1754511	857582	48.8787	857065	99.9397	846609	98.7800	517	0.0603	847119	98.7799	16244	1.8942	5781	35.5885	5271	32.4489	5557	34.2096	5497	33.8402	136600	100.0000	133967	90.7821	0.9730
ESO1242208120S1K	EST1358602101S1K	na	NZ_CP049075.1	1754511	475692	27.1125	475413	99.9413	469627	98.7830	279	0.0587	469900	98.7824	8970	1.8857	3178	35.4292	2905	32.3857	3119	34.7715	2982	33.2441	136600	46.1164	80640	80.1252	0.9453
ESO1242208120S1K	EST1359005101S1K	na	NZ_CP049075.1	1754511	1362304	77.6458	1359673	99.8069	1342179	98.7134	2631	0.1931	1344774	98.7132	28605	2.0998	11075	38.7170	8488	29.6731	9534	33.3298	10290	35.9727	136600	94.8280	136370	89.2484	0.9794
ESO1242208120S1K	EST1359006101S1K	na	NZ_CP049075.1	1754511	578249	32.9578	577816	99.9251	570431	98.7219	433	0.0749	570861	98.7223	11258	1.9469	3870	34.3756	3441	30.5649	4035	35.8412	3815	33.8870	136600	94.8280	151742	81.0593	0.9648
ESO1242208120S1K	EST1359007101S1K	na	NZ_CP049075.1	1754511	1370205	78.0961	1368917	99.9060	1350583	98.6607	1288	0.0940	1351844	98.6600	27915	2.0373	9554	34.2253	8296	29.7188	10241	36.6864	9478	33.9531	136600	100.0000	147634	95.7009	0.9907
ESO1242208120S1K	EST1361001101S1K	na	NZ_CP049075.1	1754511	1175937	67.0236	1175170	99.9348	1160230	98.7287	767	0.0652	1160985	98.7285	22568	1.9192	7616	33.7469	6863	30.4103	8217	36.4100	7600	33.6760	136600	100.0000	155104	89.9326	0.9838
ESO1242208120S1K	EST1361002101S1K	na	NZ_CP049075.1	1754511	1406699	80.1761	1404852	99.8687	1386319	98.6808	1847	0.1313	1388109	98.6785	30053	2.1364	11463	38.1426	9693	32.2530	9907	32.9651	10457	34.7952	136600	100.0000	120862	100.0000	0.9897
ESO1242208120S1K	EST1361007101S1K	na	NZ_CP049075.1	1754511	1419009	80.8777	1417018	99.8597	1398584	98.6991	1991	0.1403	1400525	98.6974	29945	2.1103	11461	38.2735	9559	31.9219	10098	33.7218	10183	34.0057	136600	94.8280	126515	95.0488	0.9787
ESO1242208120S1K	EST2359005102S1K	na	NZ_CP049075.1	1754511	1335795	76.1349	1331541	99.6815	1314586	98.7267	4254	0.3185	1318770	98.7255	29475	2.2066	12450	42.2392	8303	28.1696	9530	32.3325	10696	36.2884	136600	94.8280	128523	89.9209	0.9772
ESO1242209120S1K	ESO1242704120S1K	na	NZ_CP049075.1	1754511	1393630	79.4312	1391095	99.8181	1372151	98.6382	2535	0.1819	1374603	98.6347	31441	2.2561	12414	39.4835	10083	32.0696	11379	36.1916	9751	31.0136	33978	32.0972	79627	23.7495	0.9473
ESO1242209120S1K	ESO1242801120S1K	na	NZ_CP049075.1	1754511	1390759	79.2676	1388592	99.8442	1369953	98.6577	2167	0.1558	1372075	98.6566	29225	2.1014	10541	36.0684	8438	28.8725	11543	39.4970	9077	31.0590	33978	100.0000	127121	42.5390	0.9409
ESO1242209120S1K	ESO1242805120S1K	na	NZ_CP049075.1	1754511	588924	33.5663	588264	99.8879	580913	98.7504	660	0.1121	581564	98.7503	11553	1.9617	4193	36.2936	3542	30.6587	4292	37.1505	3612	31.2646	33978	84.5017	147988	26.1677	0.9247
ESO1242209120S1K	ESO1247101120S1K	na	NZ_CP049075.1	1754511	1192594	67.9730	1190895	99.8575	1175000	98.6653	1699	0.1425	1176661	98.6640	25384	2.1285	9451	37.2321	7815	30.7871	9265	36.4994	8157	32.1344	33978	100.0000	127431	31.9710	0.9457
ESO1242209120S1K	ESO1247203120S1K	na	NZ_CP049075.1	1754511	1402993	79.9649	1394677	99.4073	1378530	98.8422	8316	0.5927	1386747	98.8420	32918	2.3463	16672	50.6471	8601	26.1286	10348	31.4357	12307	37.3868	33978	49.7469	91787	25.0842	0.9470
ESO1242209120S1K	ESO1247206120S1K	na	NZ_CP049075.1	1754511	1433339	81.6945	1414632	98.6949	1403332	99.2012	18707	1.3051	1421841	99.1978	37175	2.5936	25677	69.0706	7567	20.3551	9311	25.0464	15100	40.6187	33978	67.9028	70823	33.6713	0.9623
ESO1242209120S1K	ESO1247208120S1K	na	NZ_CP049075.1	1754511	1440637	82.1105	1437934	99.8124	1417894	98.6063	2703	0.1876	1420520	98.6036	31792	2.2068	11675	36.7231	9123	28.6959	12542	39.4502	9979	31.3884	33978	100.0000	129263	38.9315	0.9446
ESO1242209120S1K	ESO1254306120S1K	na	NZ_CP049075.1	1754511	1323001	75.4057	1320765	99.8310	1302755	98.6364	2236	0.1690	1304931	98.6342	27340	2.0665	9270	33.9064	7132	26.0863	12609	46.1192	7400	27.0666	33978	84.5017	88346	46.6586	0.9619
ESO1242209120S1K	ESO1256801120S1K	na	NZ_CP049075.1	1754511	1442018	82.1892	1431577	99.2759	1415696	98.8907	10441	0.7241	1425999	98.8891	34430	2.3876	18411	53.4737	8301	24.1098	10933	31.7543	12691	36.8603	33978	16.5990	50342	11.9522	0.9582
ESO1242209120S1K	ESO1256804120S1K	na	NZ_CP049075.1	1754511	1447755	82.5162	1432661	98.9574	1420062	99.1206	15094	1.0426	1435020	99.1204	34965	2.4151	22230	63.5779	7568	21.6445	9549	27.3102	13939	39.8656	33978	49.7469	59514	37.3744	0.9657
ESO1242209120S1K	ESO1350502120S1K	na	NZ_CP049075.1	1754511	980966	55.9111	977973	99.6949	967106	98.8888	2993	0.3051	970071	98.8894	19475	1.9853	8580	44.0565	5650	29.0116	6796	34.8960	6410	32.9140	33978	82.3503	111375	28.5782	0.9453
ESO1242209120S1K	ESO1350804120S1K	na	NZ_CP049075.1	1754511	1135865	64.7397	1134017	99.8373	1119793	98.7457	1848	0.1627	1121606	98.7447	23178	2.0406	8919	38.4805	7115	30.6972	8569	36.9704	7208	31.0985	33978	100.0000	145498	45.0185	0.9352
ESO1242209120S1K	ESO1350807120S1K	na	NZ_CP049075.1	1754511	853152	48.6262	851936	99.8575	841121	98.7305	1216	0.1425	842312	98.7294	17157	2.0110	6317	36.8188	5126	29.8770	6406	37.3375	5525	32.2026	33978	83.4010	135115	28.5631	0.9320
ESO1242209120S1K	ESO1356601120S1K	na	NZ_CP049075.1	1754511	1272147	72.5072	1262537	99.2446	1248345	98.8759	9610	0.7554	1257846	98.8758	31078	2.4430	16777	53.9835	7461	24.0073	10084	32.4474	11270	36.2636	33978	100.0000	89625	41.6547	0.9676
ESO1242209120S1K	ESO1356602120S1K	na	NZ_CP049075.1	1754511	1293732	73.7375	1285052	99.3291	1270745	98.8867	8680	0.6709	1279295	98.8841	30523	2.3593	16086	52.7012	7689	25.1908	9795	32.0906	10976	35.9598	33978	82.3503	119872	28.9117	0.9433
ESO1242209120S1K	ESO1356803120S1K	na	NZ_CP049075.1	1754511	1122294	63.9662	1120254	99.8182	1105357	98.6702	2040	0.1818	1107351	98.6685	23997	2.1382	9054	37.7297	7065	29.4412	9421	39.2591	7316	30.4871	33978	100.0000	100878	41.5383	0.9610
ESO1242209120S1K	ESO1357103120S1K	na	NZ_CP049075.1	1754511	441587	25.1687	441040	99.8761	435455	98.7337	547	0.1239	435995	98.7337	8687	1.9672	3095	35.6279	2555	29.4118	3404	39.1850	2675	30.7931	33978	67.9028	128644	38.0476	0.9358
ESO1242209120S1K	ESO1357104120S1K	na	NZ_CP049075.1	1754511	1383649	78.8624	1381459	99.8417	1362548	98.6311	2190	0.1583	1364676	98.6288	29762	2.1510	10789	36.2509	8690	29.1983	11655	39.1607	9257	31.1034	33978	84.5017	117357	29.3677	0.9406
ESO1242209120S1K	ESO1357107120S1K	na	NZ_CP049075.1	1754511	1430256	81.5188	1415787	98.9884	1403873	99.1585	14469	1.0116	1418207	99.1576	34963	2.4445	22914	65.5379	8912	25.4898	8854	25.3239	12878	36.8332	33978	32.0972	44994	29.8573	0.9671
ESO1242209120S1K	ESO1358301120S1K	na	NZ_CP049075.1	1754511	501725	28.5963	500993	99.8541	494531	98.7102	732	0.1459	495251	98.7097	10225	2.0380	3751	36.6846	3031	29.6430	3848	37.6333	3279	32.0685	33978	84.5017	114929	36.5626	0.9432
ESO1242209120S1K	ESO1358304120S1K	na	NZ_CP049075.1	1754511	1434944	81.7860	1431741	99.7768	1411537	98.5889	3203	0.2232	1414633	98.5845	33087	2.3058	12776	38.6134	9733	29.4164	12770	38.5952	10232	30.9245	33978	32.0972	51874	34.2214	0.9633
ESO1242209120S1K	ESO1358602120S1K	na	NZ_CP049075.1	1754511	1202733	68.5509	1201111	99.8651	1186002	98.7421	1622	0.1349	1187597	98.7415	24518	2.0385	9382	38.2658	7812	31.8623	8900	36.2999	7569	30.8712	33978	32.0972	99829	13.2166	0.9358
ESO1242209120S1K	EST1212206101S1K	na	NZ_CP049075.1	1754511	1314653	74.9299	1311952	99.7945	1293461	98.5906	2701	0.2055	1296090	98.5880	30425	2.3143	11862	38.9877	9273	30.4782	11400	37.4692	9456	31.0797	33978	84.5017	85446	39.4015	0.9635
ESO1242209120S1K	EST1212704101S1K	na	NZ_CP049075.1	1754511	1232389	70.2412	1230094	99.8138	1213787	98.6743	2295	0.1862	1216030	98.6726	26460	2.1470	10101	38.1746	7890	29.8186	10139	38.3182	8167	30.8655	33978	84.5017	88279	40.7288	0.9621
ESO1242209120S1K	EST1232702101S1K	na	NZ_CP049075.1	1754511	1202714	68.5498	1201049	99.8616	1185569	98.7111	1665	0.1384	1187202	98.7103	24706	2.0542	9194	37.2136	7562	30.6079	9188	37.1893	7819	31.6482	33978	100.0000	126535	31.0744	0.9456
ESO1242209120S1K	EST1232710101S1K	na	NZ_CP049075.1	1754511	1376658	78.4639	1374024	99.8087	1354903	98.6084	2634	0.1913	1357476	98.6066	31076	2.2574	11894	38.2739	9461	30.4447	11337	36.4815	9979	32.1116	33978	67.9028	115001	24.6694	0.9357
ESO1242209120S1K	EST1232905101S1K	na	NZ_CP049075.1	1754511	1319451	75.2033	1317028	99.8164	1298899	98.6235	2423	0.1836	1301257	98.6211	28914	2.1914	10720	37.0755	8385	28.9998	11300	39.0814	9037	31.2548	33978	82.3503	90764	37.2207	0.9602
ESO1242209120S1K	EST1233822101S1K	na	NZ_CP049075.1	1754511	1258343	71.7204	1252338	99.5228	1237776	98.8372	6005	0.4772	1243715	98.8375	28340	2.2522	13712	48.3839	7854	27.7135	9126	32.2018	10153	35.8257	33978	100.0000	120979	32.6181	0.9494
ESO1242209120S1K	EST1233822201S1K	na	NZ_CP049075.1	1754511	1195072	68.1142	1192819	99.8115	1177055	98.6784	2253	0.1885	1179271	98.6778	26039	2.1789	10238	39.3179	8033	30.8499	9168	35.2087	8718	33.4805	33978	100.0000	142473	29.4856	0.9369
ESO1242209120S1K	EST1234702101S1K	na	NZ_CP049075.1	1754511	259203	14.7735	258792	99.8414	255542	98.7442	411	0.1586	255943	98.7423	5319	2.0521	2059	38.7103	1658	31.1713	1986	37.3378	1591	29.9116	33978	50.2531	100029	22.9174	0.9523
ESO1242209120S1K	EST1234704101S1K	na	NZ_CP049075.1	1754511	1506138	85.8437	1502371	99.7499	1481611	98.6182	3767	0.2501	1485294	98.6161	34921	2.3186	14077	40.3110	10460	29.9533	12643	36.2046	11327	32.4361	33978	84.5017	50396	72.5256	0.9844
ESO1242209120S1K	EST1236807101S1K	na	NZ_CP049075.1	1754511	1315833	74.9971	1314016	99.8619	1296851	98.6937	1817	0.1381	1298630	98.6926	27067	2.0570	9864	36.4429	8091	29.8925	10692	39.5020	8222	30.3765	33978	100.0000	139782	48.8325	0.9385
ESO1242209120S1K	EST1237103201S1K	na	NZ_CP049075.1	1754511	1341043	76.4340	1338509	99.8110	1320439	98.6500	2534	0.1890	1322926	98.6490	29588	2.2063	11471	38.7691	9026	30.5056	10246	34.6289	10080	34.0679	33978	66.8521	83812	30.8154	0.9581
ESO1242209120S1K	EST1238001101S1K	na	NZ_CP049075.1	1754511	1094661	62.3912	1092593	99.8111	1078193	98.6820	2068	0.1889	1080217	98.6805	22871	2.0893	8427	36.8458	6408	28.0180	9411	41.1482	6826	29.8457	33978	32.0972	20057	60.4776	0.9815
ESO1242209120S1K	EST1238002101S1K	na	NZ_CP049075.1	1754511	1366666	77.8944	1364041	99.8079	1345585	98.6470	2625	0.1921	1348139	98.6444	30836	2.2563	12309	39.9176	9899	32.1021	10957	35.5331	9659	31.3238	33978	82.3503	111899	22.0395	0.9441
ESO1242209120S1K	EST1241101101S1K	na	NZ_CP049075.1	1754511	1446848	82.4645	1443625	99.7772	1424422	98.6698	3223	0.2228	1427563	98.6671	32452	2.2429	13167	40.5738	10150	31.2770	11495	35.4215	10347	31.8840	33978	84.5017	116967	30.1461	0.9456
ESO1242209120S1K	EST1241104101S1K	na	NZ_CP049075.1	1754511	1377045	78.4860	1374933	99.8466	1356109	98.6309	2112	0.1534	1358168	98.6292	28264	2.0525	9387	33.2119	7378	26.1039	13253	46.8900	7516	26.5921	33978	84.5017	93863	44.3998	0.9592
ESO1242209120S1K	EST1242101101S1K	na	NZ_CP049075.1	1754511	402836	22.9600	402204	99.8431	397050	98.7186	632	0.1569	397671	98.7178	8258	2.0500	3093	37.4546	2472	29.9346	3171	38.3991	2591	31.3756	33978	84.5017	107133	57.2046	0.9482
ESO1242209120S1K	EST1242103101S1K	na	NZ_CP049075.1	1754511	1142335	65.1085	1140636	99.8513	1126282	98.7416	1699	0.1487	1127955	98.7412	23311	2.0406	8931	38.3124	7260	31.1441	8666	37.1756	7137	30.6164	33978	84.5017	123051	29.4179	0.9422
ESO1242209120S1K	EST1242207101S1K	na	NZ_CP049075.1	1754511	746659	42.5565	745933	99.9028	736931	98.7932	726	0.0972	737644	98.7926	14209	1.9030	5194	36.5543	4482	31.5434	5249	36.9414	4415	31.0719	33978	100.0000	140321	49.2350	0.9323
ESO1242209120S1K	EST1242209101S1K	na	NZ_CP049075.1	1754511	1157691	65.9837	1155716	99.8294	1153759	99.8307	1975	0.1706	1155731	99.8307	17460	1.5082	15500	88.7743	13540	77.5487	1938	11.0997	1406	8.0527	33978	83.4010	127907	22.9393	0.9390
ESO1242209120S1K	EST1242704101S1K	na	NZ_CP049075.1	1754511	1445356	82.3794	1431452	99.0380	1417916	99.0544	13904	0.9620	1431667	99.0529	35287	2.4414	21598	61.2067	8076	22.8866	9948	28.1917	13674	38.7508	33978	16.5990	84615	6.6466	0.9386
ESO1242209120S1K	EST1242801101S1K	na	NZ_CP049075.1	1754511	1386755	79.0394	1384212	99.8166	1365829	98.6720	2543	0.1834	1368328	98.6712	29319	2.1142	10892	37.1500	8425	28.7356	11447	39.0429	9143	31.1846	33978	100.0000	106954	37.3366	0.9526
ESO1242209120S1K	EST1242802101S1K	na	NZ_CP049075.1	1754511	1392121	79.3452	1387832	99.6919	1370436	98.7465	4289	0.3081	1374661	98.7458	30583	2.1969	13123	42.9095	8973	29.3398	10716	35.0391	10051	32.8647	33978	84.5017	77610	43.0408	0.9684
ESO1242209120S1K	EST1242804101S1K	na	NZ_CP049075.1	1754511	1394822	79.4992	1387496	99.4748	1370925	98.8057	7326	0.5252	1378152	98.8049	31930	2.2892	15260	47.7920	8131	25.4651	11063	34.6477	11038	34.5694	33978	82.3503	69079	35.9067	0.9630
ESO1242209120S1K	EST1242805101S1K	na	NZ_CP049075.1	1754511	1278929	72.8938	1277150	99.8609	1260494	98.6958	1779	0.1391	1262240	98.6951	26538	2.0750	9849	37.1128	8129	30.6315	9771	36.8189	8476	31.9391	33978	100.0000	153813	44.3116	0.9303
ESO1242209120S1K	EST1247101101S1K	na	NZ_CP049075.1	1754511	917254	52.2798	916014	99.8648	904314	98.7227	1240	0.1352	905529	98.7217	18596	2.0274	6871	36.9488	5656	30.4151	6981	37.5403	5845	31.4315	33978	84.5017	120859	27.9938	0.9429
ESO1242209120S1K	EST1247106101S1K	na	NZ_CP049075.1	1754511	1377737	78.5254	1374531	99.7673	1355274	98.5990	3206	0.2327	1358385	98.5954	32198	2.3370	12846	39.8969	9848	30.5858	12190	37.8595	9738	30.2441	33978	100.0000	106665	63.8326	0.9577
ESO1242209120S1K	EST1247109101S1K	na	NZ_CP049075.1	1754511	1448651	82.5672	1445925	99.8118	1425553	98.5911	2726	0.1882	1428180	98.5869	32333	2.2319	11862	36.6870	9315	28.8096	12695	39.2633	10179	31.4818	33978	100.0000	129147	38.9517	0.9446
ESO1242209120S1K	EST1247203101S1K	na	NZ_CP049075.1	1754511	1234724	70.3743	1232100	99.7875	1216577	98.7401	2624	0.2125	1219137	98.7376	26446	2.1419	10859	41.0610	8337	31.5246	9456	35.7559	8325	31.4792	33978	84.5017	93469	35.3411	0.9556
ESO1242209120S1K	EST1247206101S1K	na	NZ_CP049075.1	1754511	1239787	70.6628	1237733	99.8343	1220602	98.6159	2054	0.1657	1222602	98.6139	27479	2.2164	10294	37.4613	8345	30.3686	10353	37.6760	8598	31.2893	33978	84.5017	127972	27.4818	0.9345
ESO1242209120S1K	EST1254306101S1K	na	NZ_CP049075.1	1754511	181456	10.3423	181238	99.8799	179011	98.7712	218	0.1201	179227	98.7716	3277	1.8059	1048	31.9805	832	25.3891	1575	48.0623	850	25.9384	33978	50.2531	76013	48.8390	0.9661
ESO1242209120S1K	EST1256811101S1K	na	NZ_CP049075.1	1754511	1207748	68.8367	1205996	99.8549	1190123	98.6838	1752	0.1451	1191825	98.6816	24982	2.0685	9059	36.2621	7390	29.5813	9829	39.3443	7672	30.7101	33978	100.0000	139306	48.7768	0.9388
ESO1242209120S1K	EST1350502101S1K	na	NZ_CP049075.1	1754511	694895	39.6062	693225	99.7597	685373	98.8673	1670	0.2403	687024	98.8673	13346	1.9206	5475	41.0235	3839	28.7652	4907	36.7676	4266	31.9646	33978	66.8521	126094	19.4482	0.9373
ESO1242209120S1K	EST1350510101S1K	na	NZ_CP049075.1	1754511	1138384	64.8833	1136235	99.8112	1120307	98.5982	2149	0.1888	1122391	98.5951	26342	2.3140	10349	39.2871	8314	31.5618	9416	35.7452	8383	31.8237	33978	84.5017	117862	27.5806	0.9415
ESO1242209120S1K	EST1350804101S1K	na	NZ_CP049075.1	1754511	1442074	82.1924	1437521	99.6843	1417640	98.6170	4553	0.3157	1422084	98.6138	34960	2.4243	14970	42.8204	10657	30.4834	11990	34.2963	11577	33.1150	33978	100.0000	75045	47.8326	0.9703
ESO1242209120S1K	EST1350807101S1K	na	NZ_CP049075.1	1754511	1352557	77.0903	1350739	99.8656	1333026	98.6886	1818	0.1344	1334806	98.6876	28394	2.0993	10643	37.4833	8871	31.2425	10391	36.5958	8997	31.6863	33978	100.0000	134701	31.7956	0.9396
ESO1242209120S1K	EST1356604101S1K	na	NZ_CP049075.1	1754511	1399561	79.7693	1396797	99.8025	1378539	98.6929	2764	0.1975	1381236	98.6907	29986	2.1425	11661	38.8881	8982	29.9540	10781	35.9534	9899	33.0121	33978	83.4010	91591	42.1996	0.9598
ESO1242209120S1K	EST1356611101S1K	na	NZ_CP049075.1	1754511	892884	50.8908	891159	99.8068	879515	98.6934	1725	0.1932	881198	98.6912	19022	2.1304	7336	38.5659	5672	29.8181	7258	38.1558	5919	31.1166	33978	83.4010	57584	75.1372	0.9768
ESO1242209120S1K	EST1357103101S1K	na	NZ_CP049075.1	1754511	970278	55.3019	969178	99.8866	956773	98.7200	1100	0.1134	957851	98.7192	18972	1.9553	6545	34.4982	5467	28.8162	7594	40.0274	5844	30.8033	33978	84.5017	133245	39.8844	0.9394
ESO1242209120S1K	EST1357107101S1K	na	NZ_CP049075.1	1754511	1415655	80.6866	1412048	99.7452	1391885	98.5721	3607	0.2548	1395374	98.5674	33977	2.4001	13696	40.3096	10356	30.4794	12465	36.6866	10750	31.6390	33978	65.7514	78769	27.8244	0.9602
ESO1242209120S1K	EST1358301101S1K	na	NZ_CP049075.1	1754511	830968	47.3618	829571	99.8319	818494	98.6647	1397	0.1681	819856	98.6628	17724	2.1329	6612	37.3053	5250	29.6209	6802	38.3773	5528	31.1893	33978	84.5017	94377	36.7643	0.9588
ESO1242209120S1K	EST1358301201S1K	na	NZ_CP049075.1	1754511	1344648	76.6395	1342150	99.8142	1323749	98.6290	2498	0.1858	1326184	98.6269	29845	2.2195	11381	38.1337	8952	29.9950	11178	37.4535	9483	31.7742	33978	100.0000	102933	38.4065	0.9590
ESO1242209120S1K	EST1358302101S1K	na	NZ_CP049075.1	1754511	860258	49.0312	859232	99.8807	848346	98.7331	1026	0.1193	849356	98.7327	17094	1.9871	6192	36.2232	5183	30.3206	6377	37.3055	5439	31.8182	33978	84.5017	133967	25.6391	0.9358
ESO1242209120S1K	EST1358602101S1K	na	NZ_CP049075.1	1754511	478204	27.2557	477599	99.8735	471619	98.7479	605	0.1265	472214	98.7474	9468	1.9799	3478	36.7343	2883	30.4499	3531	37.2940	2964	31.3054	33978	0.0000	80640	0.0000	0.9443
ESO1242209120S1K	EST1359005101S1K	na	NZ_CP049075.1	1754511	1372166	78.2079	1368526	99.7347	1350744	98.7006	3640	0.2653	1354325	98.6998	30018	2.1876	12177	40.5657	8625	28.7328	10694	35.6253	10109	33.6765	33978	100.0000	136370	32.0019	0.9405
ESO1242209120S1K	EST1359006101S1K	na	NZ_CP049075.1	1754511	578598	32.9777	577776	99.8579	570242	98.6960	822	0.1421	571052	98.6958	11748	2.0304	4202	35.7678	3393	28.8815	4500	38.3044	3741	31.8437	33978	84.5017	151742	25.6488	0.9225
ESO1242209120S1K	EST1359007101S1K	na	NZ_CP049075.1	1754511	1376886	78.4769	1374677	99.8396	1355940	98.6370	2209	0.1604	1358108	98.6362	29296	2.1277	10518	35.9025	8357	28.5261	11415	38.9644	9416	32.1409	33978	100.0000	147634	33.6311	0.9338
ESO1242209120S1K	EST1361001101S1K	na	NZ_CP049075.1	1754511	1177754	67.1272	1176269	99.8739	1161213	98.7200	1485	0.1261	1162674	98.7196	23499	1.9952	8419	35.8271	6969	29.6566	9052	38.5208	7366	31.3460	33978	100.0000	155104	41.5354	0.9295
ESO1242209120S1K	EST1361002101S1K	na	NZ_CP049075.1	1754511	1427037	81.3353	1423974	99.7854	1404648	98.6428	3063	0.2146	1407645	98.6411	32252	2.2601	12860	39.8735	9943	30.8291	11538	35.7745	10421	32.3112	33978	100.0000	120862	32.1788	0.9475
ESO1242209120S1K	EST1361007101S1K	na	NZ_CP049075.1	1754511	1442911	82.2401	1439725	99.7792	1420313	98.6517	3186	0.2208	1423419	98.6491	32529	2.2544	13037	40.0781	10051	30.8986	11589	35.6267	10502	32.2850	33978	82.3503	126515	28.5342	0.9393
ESO1242209120S1K	EST2359005102S1K	na	NZ_CP049075.1	1754511	1352417	77.0823	1347057	99.6037	1329640	98.7070	5360	0.3963	1334897	98.7045	31324	2.3161	13804	44.0684	8655	27.6306	10852	34.6444	10692	34.1336	33978	100.0000	128523	33.7566	0.9450
ESO1242704120S1K	ESO1242801120S1K	na	NZ_CP049075.1	1754511	1342301	76.5057	1341180	99.9165	1323004	98.6448	1121	0.0835	1324084	98.6429	27620	2.0577	9403	34.0442	8338	30.1883	10134	36.6908	9138	33.0847	79627	100.0000	127121	69.5377	0.9616
ESO1242704120S1K	ESO1242805120S1K	na	NZ_CP049075.1	1754511	543987	31.0050	543887	99.9816	537097	98.7516	100	0.0184	537192	98.7509	10323	1.8977	3528	34.1761	3434	33.2655	3485	33.7596	3437	33.2946	79627	100.0000	147988	59.7109	0.9448
ESO1242704120S1K	ESO1247101120S1K	na	NZ_CP049075.1	1754511	1157158	65.9533	1156472	99.9407	1141565	98.7110	686	0.0593	1142221	98.7092	23507	2.0314	8570	36.4572	7920	33.6921	7613	32.3861	8072	34.3387	79627	100.0000	127431	64.5479	0.9631
ESO1242704120S1K	ESO1247203120S1K	na	NZ_CP049075.1	1754511	1376550	78.4578	1369527	99.4898	1352853	98.7825	7023	0.5102	1359751	98.7796	31831	2.3124	15032	47.2244	8198	25.7548	9147	28.7361	13049	40.9946	79627	100.0000	91787	91.9945	0.9835
ESO1242704120S1K	ESO1247206120S1K	na	NZ_CP049075.1	1754511	1389313	79.1852	1371900	98.7466	1360759	99.1879	17413	1.2534	1377950	99.1821	35438	2.5508	24075	67.9355	7046	19.8826	8174	23.0656	15305	43.1881	79627	53.8222	70823	58.8707	0.9498
ESO1242704120S1K	ESO1247208120S1K	na	NZ_CP049075.1	1754511	1384337	78.9016	1382703	99.8820	1363623	98.6201	1634	0.1180	1365173	98.6157	29680	2.1440	10516	35.4313	9025	30.4077	10719	36.1152	9955	33.5411	79627	100.0000	129263	72.5211	0.9688
ESO1242704120S1K	ESO1254306120S1K	na	NZ_CP049075.1	1754511	1285963	73.2947	1284639	99.8970	1266679	98.6019	1324	0.1030	1267934	98.5980	26238	2.0403	8209	31.2867	6966	26.5493	11586	44.1573	7721	29.4268	79627	60.4117	88346	59.9903	0.9439
ESO1242704120S1K	ESO1256801120S1K	na	NZ_CP049075.1	1754511	1399066	79.7411	1389686	99.3296	1373751	98.8533	9380	0.6704	1382980	98.8502	33125	2.3677	17039	51.4385	7925	23.9245	9788	29.5487	13220	39.9094	79627	69.8632	50342	85.5429	0.9738
ESO1242704120S1K	ESO1256804120S1K	na	NZ_CP049075.1	1754511	1388565	79.1426	1375010	99.0238	1362711	99.1055	13555	0.9762	1376123	99.1040	33174	2.3891	20732	62.4947	7389	22.2735	8103	24.4258	14129	42.5906	79627	60.4117	59514	87.6348	0.9649
ESO1242704120S1K	ESO1350502120S1K	na	NZ_CP049075.1	1754511	924269	52.6796	922294	99.7863	912131	98.8981	1975	0.2137	914082	98.8978	17688	1.9137	7501	42.4073	5551	31.3829	5568	31.4790	6115	34.5715	79627	100.0000	111375	67.8312	0.9703
ESO1242704120S1K	ESO1350804120S1K	na	NZ_CP049075.1	1754511	1094090	62.3587	1093292	99.9271	1079651	98.7523	798	0.0729	1080431	98.7516	21472	1.9625	7813	36.3869	7036	32.7683	7163	33.3597	7206	33.5600	79627	100.0000	145498	67.1906	0.9607
ESO1242704120S1K	ESO1350807120S1K	na	NZ_CP049075.1	1754511	796686	45.4079	796298	99.9513	786140	98.7243	388	0.0487	786520	98.7240	15415	1.9349	5249	34.0512	4871	31.5991	5237	33.9734	5390	34.9659	79627	90.4844	135115	63.6125	0.9529
ESO1242704120S1K	ESO1356601120S1K	na	NZ_CP049075.1	1754511	1225973	69.8755	1218062	99.3547	1205091	98.9351	7911	0.6453	1212903	98.9339	27848	2.2715	14778	53.0666	6990	25.1005	7608	27.3197	11265	40.4517	79627	63.3378	89625	50.5172	0.9511
ESO1242704120S1K	ESO1356602120S1K	na	NZ_CP049075.1	1754511	1277019	72.7849	1269379	99.4017	1254947	98.8631	7640	0.5983	1262471	98.8608	29469	2.3076	14921	50.6329	7460	25.3147	8598	29.1764	11528	39.1191	79627	100.0000	119872	65.5107	0.9714
ESO1242704120S1K	ESO1356803120S1K	na	NZ_CP049075.1	1754511	1041389	59.3549	1040988	99.9615	1027479	98.7023	401	0.0385	1027860	98.7009	20477	1.9663	6948	33.9308	6568	32.0750	6980	34.0870	7013	34.2482	79627	63.3378	100878	48.0878	0.9464
ESO1242704120S1K	ESO1357103120S1K	na	NZ_CP049075.1	1754511	413619	23.5746	413499	99.9710	408200	98.7185	120	0.0290	408314	98.7174	7873	1.9034	2568	32.6178	2454	31.1698	2887	36.6696	2553	32.4273	79627	90.4844	128644	62.0635	0.9473
ESO1242704120S1K	ESO1357104120S1K	na	NZ_CP049075.1	1754511	1346893	76.7674	1345639	99.9069	1326963	98.6121	1254	0.0931	1328159	98.6091	28365	2.1060	9631	33.9538	8456	29.8114	10395	36.6473	9463	33.3615	79627	100.0000	117357	68.0181	0.9579
ESO1242704120S1K	ESO1357107120S1K	na	NZ_CP049075.1	1754511	1357090	77.3486	1345002	99.1093	1332127	99.0428	12088	0.8907	1344102	99.0430	32272	2.3780	19284	59.7546	7388	22.8929	7736	23.9712	14016	43.4308	79627	63.3378	44994	100.0000	0.9770
ESO1242704120S1K	ESO1358301120S1K	na	NZ_CP049075.1	1754511	449138	25.5990	449048	99.9800	443386	98.7391	90	0.0200	443469	98.7378	8439	1.8789	2770	32.8238	2687	31.8403	2908	34.4591	2876	34.0799	79627	49.1039	114929	37.7581	0.9396
ESO1242704120S1K	ESO1358304120S1K	na	NZ_CP049075.1	1754511	1390720	79.2654	1389343	99.9010	1369792	98.5928	1377	0.0990	1371093	98.5887	30030	2.1593	10403	34.6420	9156	30.4895	10210	33.9993	10670	35.5311	79627	63.3378	51874	85.3935	0.9739
ESO1242704120S1K	ESO1358602120S1K	na	NZ_CP049075.1	1754511	1169216	66.6406	1168536	99.9418	1153796	98.7386	680	0.0582	1154452	98.7373	23253	1.9888	8489	36.5071	7837	33.7032	7591	32.6453	7825	33.6516	79627	100.0000	99829	76.1703	0.9804
ESO1242704120S1K	EST1212206101S1K	na	NZ_CP049075.1	1754511	1269949	72.3819	1268885	99.9162	1251177	98.6044	1064	0.0838	1252178	98.6007	27617	2.1747	9846	35.6520	8874	32.1324	9126	33.0449	9665	34.9966	79627	49.1039	85446	49.6700	0.9494
ESO1242704120S1K	EST1212704101S1K	na	NZ_CP049075.1	1754511	1148649	65.4683	1148057	99.9485	1133159	98.7023	592	0.0515	1133726	98.7008	22841	1.9885	7918	34.6657	7355	32.2009	7739	33.8821	7805	34.1710	79627	49.1039	88279	48.3252	0.9477
ESO1242704120S1K	EST1232702101S1K	na	NZ_CP049075.1	1754511	1150202	65.5568	1149586	99.9464	1134618	98.6980	616	0.0536	1135203	98.6960	22992	1.9990	7993	34.7643	7415	32.2503	7838	34.0901	7861	34.1902	79627	100.0000	126535	61.7426	0.9635
ESO1242704120S1K	EST1232710101S1K	na	NZ_CP049075.1	1754511	1366340	77.8758	1364529	99.8675	1345435	98.6007	1811	0.1325	1347150	98.5955	30570	2.2374	11380	37.2260	9856	32.2408	10306	33.7128	10341	33.8273	79627	90.4844	115001	61.9038	0.9545
ESO1242704120S1K	EST1232905101S1K	na	NZ_CP049075.1	1754511	1235084	70.3948	1234565	99.9580	1218238	98.6775	519	0.0420	1218732	98.6760	24885	2.0148	8533	34.2897	8040	32.3086	8388	33.7071	8557	34.3862	79627	63.3378	90764	52.9571	0.9526
ESO1242704120S1K	EST1233822101S1K	na	NZ_CP049075.1	1754511	1222176	69.6591	1217462	99.6143	1203344	98.8404	4714	0.3857	1207991	98.8394	26400	2.1601	12215	46.2689	7595	28.7689	7627	28.8902	10173	38.5341	79627	100.0000	120979	74.4435	0.9671
ESO1242704120S1K	EST1233822201S1K	na	NZ_CP049075.1	1754511	1164027	66.3448	1162869	99.9005	1147818	98.7057	1158	0.0995	1148948	98.7046	24131	2.0731	9052	37.5119	7935	32.8830	7505	31.1011	8754	36.2770	79627	100.0000	142473	61.7268	0.9560
ESO1242704120S1K	EST1234702101S1K	na	NZ_CP049075.1	1754511	226483	12.9086	226464	99.9916	223711	98.7844	19	0.0084	223730	98.7845	4238	1.8712	1485	35.0401	1466	34.5918	1386	32.7041	1413	33.3412	79627	39.5883	100029	31.8218	0.9506
ESO1242704120S1K	EST1234704101S1K	na	NZ_CP049075.1	1754511	1388331	79.1292	1386461	99.8653	1368078	98.6741	1870	0.1347	1369896	98.6721	30141	2.1710	11706	38.8375	9949	33.0082	9532	31.6247	10573	35.0785	79627	23.7495	50396	38.4832	0.9348
ESO1242704120S1K	EST1236807101S1K	na	NZ_CP049075.1	1754511	1256572	71.6195	1255902	99.9467	1239574	98.6999	670	0.0533	1240209	98.6978	24874	1.9795	8511	34.2165	7883	31.6917	8994	36.1582	8121	32.6485	79627	100.0000	139782	70.7595	0.9627
ESO1242704120S1K	EST1237103201S1K	na	NZ_CP049075.1	1754511	1277227	72.7968	1275819	99.8898	1258076	98.6093	1408	0.1102	1259451	98.6082	27679	2.1671	9903	35.7780	8556	30.9115	8905	32.1724	10282	37.1473	79627	46.1778	83812	50.8746	0.9464
ESO1242704120S1K	EST1238001101S1K	na	NZ_CP049075.1	1754511	1007923	57.4475	1007546	99.9626	994223	98.6777	377	0.0374	994592	98.6774	19542	1.9388	6211	31.7828	5843	29.8997	7005	35.8459	6737	34.4745	79627	23.7495	20057	60.4776	0.9560
ESO1242704120S1K	EST1238002101S1K	na	NZ_CP049075.1	1754511	1343254	76.5600	1341581	99.8755	1323427	98.6468	1673	0.1245	1325030	98.6433	29830	2.2207	11606	38.9071	10190	34.1602	9573	32.0919	10031	33.6272	79627	100.0000	111899	63.6199	0.9706
ESO1242704120S1K	EST1241101101S1K	na	NZ_CP049075.1	1754511	1398063	79.6839	1395692	99.8304	1378022	98.7340	2371	0.1696	1380284	98.7283	30459	2.1787	12680	41.6297	10566	34.6893	9522	31.2617	10077	33.0838	79627	100.0000	116967	68.2030	0.9632
ESO1242704120S1K	EST1241104101S1K	na	NZ_CP049075.1	1754511	1330510	75.8337	1329354	99.9131	1310576	98.5874	1156	0.0869	1311664	98.5836	27118	2.0382	8272	30.5037	7227	26.6502	12205	45.0070	7741	28.5456	79627	60.4117	93863	56.4514	0.9408
ESO1242704120S1K	EST1242101101S1K	na	NZ_CP049075.1	1754511	362538	20.6632	362469	99.9810	358165	98.8126	69	0.0190	358231	98.8120	6672	1.8404	2365	35.4466	2299	34.4574	2117	31.7296	2284	34.2326	79627	63.3378	107133	51.0310	0.9410
ESO1242704120S1K	EST1242103101S1K	na	NZ_CP049075.1	1754511	1085920	61.8930	1085235	99.9369	1072534	98.8297	685	0.0631	1073184	98.8272	20915	1.9260	8179	39.1059	7530	36.0029	6774	32.3882	6633	31.7141	79627	100.0000	123051	68.8918	0.9599
ESO1242704120S1K	EST1242207101S1K	na	NZ_CP049075.1	1754511	697577	39.7591	697423	99.9779	689014	98.7943	154	0.0221	689161	98.7935	12947	1.8560	4531	34.9965	4384	33.8611	4395	33.9461	4221	32.6021	79627	100.0000	140321	69.0460	0.9602
ESO1242704120S1K	EST1242209101S1K	na	NZ_CP049075.1	1754511	1083690	61.7659	1082796	99.9175	1069223	98.7465	894	0.0825	1070091	98.7451	21412	1.9758	7813	36.4889	6947	32.4444	6895	32.2016	7574	35.3727	79627	90.4844	127907	57.1353	0.9552
ESO1242704120S1K	EST1242704101S1K	na	NZ_CP049075.1	1754511	1462413	83.3516	1449245	99.0996	1448602	99.9556	13168	0.9004	1461764	99.9556	27380	1.8722	26731	97.6297	13872	50.6647	738	2.6954	6467	23.6194	79627	85.7661	84615	85.7850	0.9813
ESO1242704120S1K	EST1242801101S1K	na	NZ_CP049075.1	1754511	1340856	76.4233	1339405	99.8918	1321440	98.6587	1451	0.1082	1322841	98.6565	27646	2.0618	9631	34.8369	8249	29.8380	9986	36.1210	9280	33.5672	79627	100.0000	106954	64.0724	0.9504
ESO1242704120S1K	EST1242802101S1K	na	NZ_CP049075.1	1754511	1331745	75.9041	1328545	99.7597	1312484	98.7911	3200	0.2403	1315619	98.7891	28427	2.1346	12301	43.2722	9190	32.3284	8759	30.8123	9807	34.4989	79627	60.4117	77610	59.7165	0.9480
ESO1242704120S1K	EST1242804101S1K	na	NZ_CP049075.1	1754511	1338036	76.2626	1332260	99.5683	1316348	98.8056	5776	0.4317	1322043	98.8047	29391	2.1966	13398	45.5854	7721	26.2699	9386	31.9349	10900	37.0862	79627	63.3378	69079	62.1694	0.9627
ESO1242704120S1K	EST1242805101S1K	na	NZ_CP049075.1	1754511	1231577	70.1949	1230960	99.9499	1215170	98.7173	617	0.0501	1215768	98.7164	24559	1.9941	8750	35.6285	8162	33.2343	8116	33.0469	8371	34.0853	79627	100.0000	153813	64.8281	0.9557
ESO1242704120S1K	EST1247101101S1K	na	NZ_CP049075.1	1754511	876559	49.9603	876105	99.9482	865058	98.7391	454	0.0518	865488	98.7370	17134	1.9547	6063	35.3858	5634	32.8820	5716	33.3606	5843	34.1018	79627	85.7661	120859	63.6866	0.9573
ESO1242704120S1K	EST1247106101S1K	na	NZ_CP049075.1	1754511	1329856	75.7964	1328246	99.8789	1309946	98.6222	1610	0.1211	1311470	98.6174	29268	2.2008	10882	37.1805	9484	32.4040	9980	34.0987	9759	33.3436	79627	63.3378	106665	60.1050	0.9499
ESO1242704120S1K	EST1247109101S1K	na	NZ_CP049075.1	1754511	1392720	79.3794	1391002	99.8766	1371523	98.5996	1718	0.1234	1373141	98.5942	30367	2.1804	10788	35.5254	9265	30.5101	10947	36.0490	10203	33.5990	79627	100.0000	129147	72.5298	0.9687
ESO1242704120S1K	EST1247203101S1K	na	NZ_CP049075.1	1754511	1202742	68.5514	1201297	99.8799	1186065	98.7320	1445	0.1201	1187468	98.7301	24800	2.0620	9526	38.4113	8167	32.9315	8137	32.8105	8460	34.1129	79627	84.0971	93469	59.7235	0.9512
ESO1242704120S1K	EST1247206101S1K	na	NZ_CP049075.1	1754511	1241889	70.7826	1240578	99.8944	1222957	98.5796	1311	0.1056	1224187	98.5746	27230	2.1926	9528	34.9908	8338	30.6206	9635	35.3838	9223	33.8707	79627	100.0000	127972	65.3471	0.9561
ESO1242704120S1K	EST1254306101S1K	na	NZ_CP049075.1	1754511	168100	9.5810	168050	99.9703	165889	98.7141	50	0.0297	165939	98.7145	3028	1.8013	867	28.6328	817	26.9815	1389	45.8719	835	27.5760	79627	36.6622	76013	51.1610	0.9387
ESO1242704120S1K	EST1256811101S1K	na	NZ_CP049075.1	1754511	1167792	66.5594	1167174	99.9471	1151892	98.6907	618	0.0529	1152475	98.6884	23089	1.9772	7772	33.6611	7205	31.2053	8362	36.2164	7654	33.1500	79627	100.0000	139306	70.6552	0.9629
ESO1242704120S1K	EST1350502101S1K	na	NZ_CP049075.1	1754511	657954	37.5007	656822	99.8280	649263	98.8492	1132	0.1720	650372	98.8476	12406	1.8855	4824	38.8844	3716	29.9532	4247	34.2334	4210	33.9352	79627	85.7661	126094	59.1321	0.9541
ESO1242704120S1K	EST1350510101S1K	na	NZ_CP049075.1	1754511	1131413	64.4859	1130083	99.8824	1114501	98.6212	1330	0.1176	1115755	98.6161	25351	2.2406	9693	38.2352	8507	33.5569	8173	32.2394	8637	34.0697	79627	100.0000	117862	68.0457	0.9604
ESO1242704120S1K	EST1350804101S1K	na	NZ_CP049075.1	1754511	1372711	78.2390	1369792	99.7874	1350338	98.5798	2919	0.2126	1353161	98.5758	31916	2.3250	12366	38.7455	9691	30.3641	9890	30.9876	11930	37.3794	79627	63.3378	75045	71.6650	0.9601
ESO1242704120S1K	EST1350807101S1K	na	NZ_CP049075.1	1754511	1300859	74.1437	1300171	99.9471	1282863	98.6688	688	0.0529	1283527	98.6676	26635	2.0475	9303	34.9277	8668	32.5436	8944	33.5799	9088	34.1205	79627	100.0000	134701	62.9795	0.9584
ESO1242704120S1K	EST1356604101S1K	na	NZ_CP049075.1	1754511	1326738	75.6187	1325167	99.8816	1307172	98.6421	1571	0.1184	1308689	98.6396	28112	2.1189	10063	35.7961	8562	30.4567	9406	33.4590	10068	35.8139	79627	50.8961	91591	58.2743	0.9474
ESO1242704120S1K	EST1356611101S1K	na	NZ_CP049075.1	1754511	805587	45.9152	805122	99.9423	795065	98.7509	465	0.0577	795516	98.7499	15757	1.9560	5686	36.0855	5238	33.2424	5179	32.8679	5345	33.9214	79627	14.2339	57584	34.9073	0.9343
ESO1242704120S1K	EST1357103101S1K	na	NZ_CP049075.1	1754511	921137	52.5011	920886	99.9728	909124	98.7228	251	0.0272	909365	98.7220	17255	1.8732	5483	31.7763	5243	30.3854	6343	36.7604	5739	33.2599	79627	100.0000	133245	62.9577	0.9521
ESO1242704120S1K	EST1357107101S1K	na	NZ_CP049075.1	1754511	1361665	77.6094	1359595	99.8480	1340697	98.6100	2070	0.1520	1342658	98.6041	30944	2.2725	11937	38.5761	10098	32.6331	9800	31.6701	10879	35.1571	79627	53.8222	78769	46.7202	0.9506
ESO1242704120S1K	EST1358301101S1K	na	NZ_CP049075.1	1754511	769881	43.8801	769543	99.9561	759755	98.7281	338	0.0439	760078	98.7267	15025	1.9516	5222	34.7554	4900	32.6123	5099	33.9368	5066	33.7171	79627	49.1039	94377	45.1265	0.9474
ESO1242704120S1K	EST1358301201S1K	na	NZ_CP049075.1	1754511	1266650	72.1939	1265818	99.9343	1249048	98.6752	832	0.0657	1249845	98.6733	25912	2.0457	9107	35.1459	8321	32.1125	8681	33.5019	8935	34.4821	79627	63.3378	102933	46.7382	0.9454
ESO1242704120S1K	EST1358302101S1K	na	NZ_CP049075.1	1754511	813898	46.3889	813594	99.9626	803086	98.7084	304	0.0374	803382	98.7079	15724	1.9319	5208	33.1213	4914	31.2516	5393	34.2979	5458	34.7113	79627	85.7661	133967	57.7388	0.9498
ESO1242704120S1K	EST1358602101S1K	na	NZ_CP049075.1	1754511	461291	26.2917	461114	99.9616	455341	98.7480	177	0.0384	455511	98.7470	8840	1.9164	3060	34.6154	2890	32.6923	2933	33.1787	3041	34.4005	79627	67.4344	80640	70.0322	0.9743
ESO1242704120S1K	EST1359005101S1K	na	NZ_CP049075.1	1754511	1322175	75.3586	1319660	99.8098	1303150	98.7489	2515	0.1902	1305592	98.7458	27900	2.1102	11317	40.5627	8892	31.8710	8818	31.6057	9856	35.3262	79627	100.0000	136370	65.0216	0.9598
ESO1242704120S1K	EST1359006101S1K	na	NZ_CP049075.1	1754511	546443	31.1450	546207	99.9568	539480	98.7684	236	0.0432	539714	98.7686	10485	1.9188	3756	35.8226	3522	33.5908	3489	33.2761	3456	32.9614	79627	100.0000	151742	58.8822	0.9373
ESO1242704120S1K	EST1359007101S1K	na	NZ_CP049075.1	1754511	1332170	75.9283	1330933	99.9071	1312741	98.6331	1237	0.0929	1313925	98.6304	27681	2.0779	9436	34.0884	8266	29.8616	9973	36.0283	9454	34.1534	79627	100.0000	147634	67.9166	0.9594
ESO1242704120S1K	EST1361001101S1K	na	NZ_CP049075.1	1754511	1134134	64.6410	1133726	99.9640	1119092	98.7092	408	0.0360	1119490	98.7088	21950	1.9354	7306	33.2847	6913	31.4943	7765	35.3759	7329	33.3895	79627	100.0000	155104	62.1983	0.9527
ESO1242704120S1K	EST1361002101S1K	na	NZ_CP049075.1	1754511	1378170	78.5501	1376105	99.8502	1357382	98.6394	2065	0.1498	1359361	98.6352	30696	2.2273	11887	38.7249	9996	32.5645	9931	32.3527	10677	34.7830	79627	100.0000	120862	69.1640	0.9654
ESO1242704120S1K	EST1361007101S1K	na	NZ_CP049075.1	1754511	1426096	81.2817	1423841	99.8419	1407136	98.8268	2255	0.1581	1409315	98.8233	30634	2.1481	13853	45.2210	11895	38.8294	8929	29.1474	9543	31.1517	79627	100.0000	126515	68.4448	0.9720
ESO1242704120S1K	EST2359005102S1K	na	NZ_CP049075.1	1754511	1331725	75.9029	1327325	99.6696	1310814	98.7561	4400	0.3304	1315109	98.7523	29866	2.2427	13250	44.3648	9052	30.3087	9084	30.4159	10698	35.8200	79627	100.0000	128523	68.6819	0.9644
ESO1242801120S1K	ESO1242805120S1K	na	NZ_CP049075.1	1754511	583087	33.2336	582845	99.9585	575663	98.7678	242	0.0415	575904	98.7681	10761	1.8455	3578	33.2497	3337	31.0101	3698	34.3648	3778	35.1083	127121	95.7859	147988	86.7665	0.9759
ESO1242801120S1K	ESO1247101120S1K	na	NZ_CP049075.1	1754511	1160281	66.1313	1159556	99.9375	1144449	98.6972	725	0.0625	1145159	98.6967	22808	1.9657	7686	33.6987	6980	30.6033	7440	32.6201	8476	37.1624	127121	100.0000	127431	100.0000	0.9880
ESO1242801120S1K	ESO1247203120S1K	na	NZ_CP049075.1	1754511	1362712	77.6690	1355750	99.4891	1340418	98.8691	6962	0.5109	1347310	98.8698	29742	2.1826	14340	48.2146	7458	25.0757	8255	27.7554	12662	42.5728	127121	75.3424	91787	100.0000	0.9773
ESO1242801120S1K	ESO1247206120S1K	na	NZ_CP049075.1	1754511	1381305	78.7288	1364615	98.7917	1356139	99.3789	16690	1.2083	1372698	99.3769	31699	2.2949	23092	72.8477	6583	20.7672	5817	18.3507	14085	44.4336	127121	58.3680	70823	100.0000	0.9653
ESO1242801120S1K	ESO1247208120S1K	na	NZ_CP049075.1	1754511	1383290	78.8419	1382086	99.9130	1364757	98.7462	1204	0.0870	1365929	98.7449	26969	1.9496	9608	35.6261	8470	31.4064	9242	34.2690	9370	34.7436	127121	94.1953	129263	100.0000	0.9841
ESO1242801120S1K	ESO1254306120S1K	na	NZ_CP049075.1	1754511	1263701	72.0258	1262692	99.9202	1247891	98.8278	1009	0.0798	1248875	98.8268	22984	1.8188	8158	35.4943	7181	31.2435	9089	39.5449	6720	29.2377	127121	65.0907	88346	93.1610	0.9619
ESO1242801120S1K	ESO1256801120S1K	na	NZ_CP049075.1	1754511	1419363	80.8979	1410422	99.3701	1400674	99.3089	8941	0.6299	1409541	99.3080	28396	2.0006	18574	65.4106	9753	34.3464	5843	20.5768	10147	35.7339	127121	54.7345	50342	100.0000	0.9549
ESO1242801120S1K	ESO1256804120S1K	na	NZ_CP049075.1	1754511	1385548	78.9706	1371731	99.0028	1360641	99.1915	13817	0.9972	1374350	99.1918	31487	2.2725	20289	64.4361	6604	20.9737	7168	22.7650	14117	44.8344	127121	50.4519	59514	100.0000	0.9597
ESO1242801120S1K	ESO1350502120S1K	na	NZ_CP049075.1	1754511	963455	54.9130	961160	99.7618	950706	98.9124	2295	0.2382	952982	98.9130	17962	1.8643	7489	41.6936	5215	29.0335	5624	31.3105	6672	37.1451	127121	85.3754	111375	100.0000	0.9818
ESO1242801120S1K	ESO1350804120S1K	na	NZ_CP049075.1	1754511	1114400	63.5163	1113436	99.9135	1099750	98.7708	964	0.0865	1100696	98.7703	21184	1.9009	7480	35.3097	6537	30.8582	6947	32.7936	7652	36.1216	127121	100.0000	145498	96.4811	0.9874
ESO1242801120S1K	ESO1350807120S1K	na	NZ_CP049075.1	1754511	837303	47.7229	836734	99.9320	826408	98.7659	569	0.0680	826970	98.7659	15590	1.8619	5257	33.7203	4696	30.1219	5261	33.7460	5714	36.6517	127121	89.3479	135115	90.2490	0.9753
ESO1242801120S1K	ESO1356601120S1K	na	NZ_CP049075.1	1754511	1210868	69.0146	1203089	99.3576	1190977	98.9933	7779	0.6424	1198676	98.9931	26389	2.1793	14197	53.7989	6527	24.7338	6950	26.3367	11145	42.2335	127121	73.2342	89625	100.0000	0.9695
ESO1242801120S1K	ESO1356602120S1K	na	NZ_CP049075.1	1754511	1253466	71.4425	1246008	99.4050	1233034	98.9588	7458	0.5950	1240419	98.9591	27189	2.1691	14142	52.0137	6788	24.9660	7447	27.3898	11119	40.8952	127121	100.0000	119872	100.0000	0.9837
ESO1242801120S1K	ESO1356803120S1K	na	NZ_CP049075.1	1754511	1072881	61.1499	1072332	99.9488	1058818	98.7398	549	0.0512	1059351	98.7389	20198	1.8826	6668	33.0132	6137	30.3842	6819	33.7608	7336	36.3204	127121	73.2342	100878	93.6854	0.9642
ESO1242801120S1K	ESO1357103120S1K	na	NZ_CP049075.1	1754511	445290	25.3797	445081	99.9531	443869	99.7277	209	0.0469	444077	99.7276	6100	1.3699	4887	80.1148	4679	76.7049	814	13.3443	593	9.7213	127121	90.9386	128644	100.0000	0.9876
ESO1242801120S1K	ESO1357104120S1K	na	NZ_CP049075.1	1754511	1371830	78.1887	1370794	99.9245	1366671	99.6992	1036	0.0755	1367700	99.6989	20180	1.4710	16050	79.5342	15098	74.8167	2542	12.5966	2471	12.2448	127121	95.7859	117357	100.0000	0.9940
ESO1242801120S1K	ESO1357107120S1K	na	NZ_CP049075.1	1754511	1349662	76.9253	1337437	99.0942	1325493	99.1069	12225	0.9058	1337612	99.1072	30665	2.2721	18615	60.7044	6520	21.2620	7212	23.5187	14043	45.7949	127121	33.9519	44994	100.0000	0.9497
ESO1242801120S1K	ESO1358301120S1K	na	NZ_CP049075.1	1754511	486723	27.7412	486534	99.9612	480554	98.7709	189	0.0388	480741	98.7710	8881	1.8247	2899	32.6427	2712	30.5371	3064	34.5006	3157	35.5478	127121	69.0201	114929	88.2188	0.9514
ESO1242801120S1K	ESO1358304120S1K	na	NZ_CP049075.1	1754511	1355186	77.2401	1354098	99.9197	1336626	98.7097	1088	0.0803	1337687	98.7087	26850	1.9813	9351	34.8268	8312	30.9572	9019	33.5903	9599	35.7505	127121	48.5766	51874	100.0000	0.9496
ESO1242801120S1K	ESO1358602120S1K	na	NZ_CP049075.1	1754511	1168924	66.6239	1168160	99.9346	1153554	98.7497	764	0.0654	1154304	98.7493	22195	1.8988	7575	34.1293	6827	30.7592	7434	33.4940	7995	36.0216	127121	66.5224	99829	83.5358	0.9591
ESO1242801120S1K	EST1212206101S1K	na	NZ_CP049075.1	1754511	1240786	70.7198	1240005	99.9371	1223296	98.6525	781	0.0629	1224055	98.6516	25320	2.0406	8589	33.9218	7834	30.9400	8208	32.4171	9414	37.1801	127121	69.0201	85446	100.0000	0.9643
ESO1242801120S1K	EST1212704101S1K	na	NZ_CP049075.1	1754511	1176788	67.0721	1176062	99.9383	1161183	98.7348	726	0.0617	1161893	98.7343	22497	1.9117	7602	33.7912	6900	30.6708	7512	33.3911	8204	36.4671	127121	69.0201	88279	100.0000	0.9657
ESO1242801120S1K	EST1232702101S1K	na	NZ_CP049075.1	1754511	1177625	67.1198	1176937	99.9416	1162052	98.7353	688	0.0584	1162728	98.7350	22376	1.9001	7479	33.4242	6813	30.4478	7473	33.3974	8167	36.4989	127121	100.0000	126535	95.8802	0.9813
ESO1242801120S1K	EST1232710101S1K	na	NZ_CP049075.1	1754511	1348711	76.8710	1347560	99.9147	1332896	98.9118	1151	0.0853	1334029	98.9114	25954	1.9244	11272	43.4307	10182	39.2309	7429	28.6237	8298	31.9720	127121	90.9386	115001	94.5635	0.9832
ESO1242801120S1K	EST1232905101S1K	na	NZ_CP049075.1	1754511	1255969	71.5851	1255318	99.9482	1239015	98.7013	651	0.0518	1239650	98.7007	24268	1.9322	7949	32.7551	7314	30.1385	8135	33.5215	8925	36.7768	127121	64.4142	90764	94.4317	0.9611
ESO1242801120S1K	EST1233822101S1K	na	NZ_CP049075.1	1754511	1221297	69.6090	1216361	99.5958	1202306	98.8445	4936	0.4042	1207201	98.8458	25715	2.1055	11619	45.1837	6727	26.1598	7473	29.0609	10617	41.2872	127121	94.1953	120979	100.0000	0.9854
ESO1242801120S1K	EST1233822201S1K	na	NZ_CP049075.1	1754511	1157741	65.9865	1156436	99.8873	1141260	98.6877	1305	0.1127	1142547	98.6876	23448	2.0253	8254	35.2013	6972	29.7339	7514	32.0454	9047	38.5832	127121	94.1953	142473	83.4362	0.9673
ESO1242801120S1K	EST1234702101S1K	na	NZ_CP049075.1	1754511	252401	14.3858	252280	99.9521	249197	98.7779	121	0.0479	249317	98.7781	4622	1.8312	1538	33.2756	1418	30.6794	1547	33.4704	1679	36.3263	127121	55.3528	100029	81.5963	0.9635
ESO1242801120S1K	EST1234704101S1K	na	NZ_CP049075.1	1754511	1390786	79.2692	1389255	99.8899	1370830	98.6737	1531	0.1101	1372333	98.6732	28440	2.0449	9987	35.1160	8505	29.9051	9020	31.7159	10910	38.3615	127121	38.3249	50396	87.8264	0.9376
ESO1242801120S1K	EST1236807101S1K	na	NZ_CP049075.1	1754511	1277838	72.8316	1277091	99.9415	1261583	98.7857	747	0.0585	1262319	98.7855	23788	1.8616	8269	34.7612	7545	31.7177	8296	34.8747	8037	33.7859	127121	94.1953	139782	96.3050	0.9828
ESO1242801120S1K	EST1237103201S1K	na	NZ_CP049075.1	1754511	1269948	72.3819	1268647	99.8976	1251838	98.6750	1301	0.1024	1253120	98.6749	26001	2.0474	9173	35.2794	7905	30.4027	8162	31.3911	10053	38.6639	127121	56.2708	83812	86.5210	0.9509
ESO1242801120S1K	EST1238001101S1K	na	NZ_CP049075.1	1754511	1046580	59.6508	1045936	99.9385	1042177	99.6406	644	0.0615	1042818	99.6405	14851	1.4190	11089	74.6684	10452	70.3791	2265	15.2515	2106	14.1809	127121	14.8662	20057	100.0000	0.9370
ESO1242801120S1K	EST1238002101S1K	na	NZ_CP049075.1	1754511	1309101	74.6134	1307879	99.9067	1290494	98.6707	1222	0.0933	1291682	98.6694	26908	2.0555	9489	35.2646	8315	30.9016	8677	32.2469	9900	36.7920	127121	91.1801	111899	94.3789	0.9798
ESO1242801120S1K	EST1241101101S1K	na	NZ_CP049075.1	1754511	1398241	79.6941	1396373	99.8664	1378462	98.7173	1868	0.1336	1380281	98.7155	28485	2.0372	10525	36.9493	8735	30.6653	8985	31.5429	10583	37.1529	127121	95.7859	116967	100.0000	0.9861
ESO1242801120S1K	EST1241104101S1K	na	NZ_CP049075.1	1754511	1318516	75.1501	1317646	99.9340	1301394	98.7666	870	0.0660	1302242	98.7657	24057	1.8246	7783	32.3523	6956	28.9147	10080	41.9005	7078	29.4218	127121	65.0907	93863	93.7249	0.9649
ESO1242801120S1K	EST1242101101S1K	na	NZ_CP049075.1	1754511	387820	22.1042	387648	99.9556	382875	98.7687	172	0.0444	383042	98.7680	7164	1.8472	2386	33.3054	2225	31.0581	2407	33.5985	2566	35.8180	127121	63.2154	107133	87.4380	0.9601
ESO1242801120S1K	EST1242103101S1K	na	NZ_CP049075.1	1754511	1116641	63.6440	1115965	99.9395	1102327	98.7779	676	0.0605	1102994	98.7779	20980	1.8788	7333	34.9523	6669	31.7874	6953	33.1411	7417	35.3527	127121	95.7859	123051	100.0000	0.9886
ESO1242801120S1K	EST1242207101S1K	na	NZ_CP049075.1	1754511	733583	41.8113	733271	99.9575	724509	98.8051	312	0.0425	724820	98.8055	13178	1.7964	4415	33.5028	4104	31.1428	4459	33.8367	4693	35.6124	127121	100.0000	140321	100.0000	0.9832
ESO1242801120S1K	EST1242209101S1K	na	NZ_CP049075.1	1754511	1112135	63.3872	1111113	99.9081	1097165	98.7447	1022	0.0919	1098169	98.7442	21364	1.9210	7398	34.6283	6396	29.9382	6964	32.5969	8029	37.5819	127121	89.3479	127907	90.0224	0.9760
ESO1242801120S1K	EST1242704101S1K	na	NZ_CP049075.1	1754511	1410171	80.3740	1397499	99.1014	1386861	99.2388	12672	0.8986	1399448	99.2396	30857	2.1882	20134	65.2494	7584	24.5779	6551	21.2302	12833	41.5886	127121	62.3084	84615	92.5533	0.9652
ESO1242801120S1K	EST1242801101S1K	na	NZ_CP049075.1	1754511	1385196	78.9505	1383793	99.8987	1383733	99.9957	1403	0.1013	1385136	99.9957	18289	1.3203	18229	99.6719	16928	92.5584	466	2.5480	657	3.5923	127121	100.0000	106954	100.0000	0.9869
ESO1242801120S1K	EST1242802101S1K	na	NZ_CP049075.1	1754511	1322166	75.3581	1319151	99.7720	1304263	98.8714	3015	0.2280	1307265	98.8730	26253	1.9856	11352	43.2408	8377	31.9087	7611	28.9910	9461	36.0378	127121	70.8954	77610	100.0000	0.9651
ESO1242801120S1K	EST1242804101S1K	na	NZ_CP049075.1	1754511	1372927	78.2513	1366953	99.5649	1366632	99.9765	5974	0.4351	1372604	99.9765	20721	1.5093	20398	98.4412	14485	69.9049	653	3.1514	3173	15.3130	127121	58.6095	69079	100.0000	0.9655
ESO1242801120S1K	EST1242805101S1K	na	NZ_CP049075.1	1754511	1253579	71.4489	1252811	99.9387	1236704	98.7143	768	0.0613	1237461	98.7142	24303	1.9387	8185	33.6790	7437	30.6012	8125	33.4321	8869	36.4934	127121	100.0000	153813	92.6190	0.9829
ESO1242801120S1K	EST1247101101S1K	na	NZ_CP049075.1	1754511	893558	50.9292	893016	99.9393	881746	98.7380	542	0.0607	882277	98.7375	16907	1.8921	5626	33.2762	5097	30.1473	5745	33.9800	6120	36.1980	127121	95.7859	120859	100.0000	0.9870
ESO1242801120S1K	EST1247106101S1K	na	NZ_CP049075.1	1754511	1290100	73.5305	1288990	99.9140	1271757	98.6631	1110	0.0860	1272826	98.6610	26278	2.0369	9004	34.2644	7941	30.2192	8697	33.0961	9680	36.8369	127121	73.2342	106665	100.0000	0.9706
ESO1242801120S1K	EST1247109101S1K	na	NZ_CP049075.1	1754511	1387958	79.1080	1386815	99.9176	1369220	98.7313	1143	0.0824	1370317	98.7290	27274	1.9650	9633	35.3194	8584	31.4732	9312	34.1424	9498	34.8244	127121	94.1953	129147	100.0000	0.9841
ESO1242801120S1K	EST1247203101S1K	na	NZ_CP049075.1	1754511	1190386	67.8472	1188980	99.8819	1173445	98.6934	1406	0.1181	1174826	98.6929	23818	2.0009	8258	34.6713	6899	28.9655	8058	33.8316	8882	37.2911	127121	88.2120	93469	100.0000	0.9751
ESO1242801120S1K	EST1247206101S1K	na	NZ_CP049075.1	1754511	1214658	69.2306	1213744	99.9248	1202085	99.0394	914	0.0752	1202977	99.0383	22486	1.8512	10805	48.0521	9946	44.2320	6001	26.6877	6550	29.1292	127121	95.7859	127972	95.0989	0.9910
ESO1242801120S1K	EST1254306101S1K	na	NZ_CP049075.1	1754511	176748	10.0739	176644	99.9412	174773	98.9408	104	0.0588	174876	98.9409	2848	1.6113	976	34.2697	873	30.6531	1199	42.0997	780	27.3876	127121	51.4234	76013	100.0000	0.9694
ESO1242801120S1K	EST1256811101S1K	na	NZ_CP049075.1	1754511	1173874	66.9060	1173134	99.9370	1158918	98.7882	740	0.0630	1159648	98.7881	21931	1.8683	7705	35.1329	6987	31.8590	7666	34.9551	7391	33.7012	127121	94.1953	139306	96.2859	0.9833
ESO1242801120S1K	EST1350502101S1K	na	NZ_CP049075.1	1754511	684679	39.0239	683452	99.8208	675988	98.9079	1227	0.1792	677202	98.9080	12313	1.7984	4836	39.2756	3629	29.4729	4025	32.6890	4434	36.0107	127121	81.1613	126094	86.7583	0.9700
ESO1242801120S1K	EST1350510101S1K	na	NZ_CP049075.1	1754511	1080199	61.5670	1079354	99.9218	1064927	98.6634	845	0.0782	1065738	98.6613	22462	2.0794	8001	35.6202	7204	32.0719	7158	31.8672	8155	36.3058	127121	95.7859	117862	100.0000	0.9906
ESO1242801120S1K	EST1350804101S1K	na	NZ_CP049075.1	1754511	1349455	76.9135	1347160	99.8299	1328789	98.6363	2295	0.1701	1331029	98.6346	29046	2.1524	10620	36.5627	8398	28.9128	8818	30.3587	11628	40.0331	127121	67.4295	75045	100.0000	0.9650
ESO1242801120S1K	EST1350807101S1K	na	NZ_CP049075.1	1754511	1314079	74.8972	1313382	99.9470	1296177	98.6900	697	0.0530	1296860	98.6897	25704	1.9560	8485	33.0104	7803	30.3571	8634	33.5901	9405	36.5896	127121	100.0000	134701	91.5784	0.9805
ESO1242801120S1K	EST1356604101S1K	na	NZ_CP049075.1	1754511	1335833	76.1371	1334345	99.8886	1316732	98.6800	1488	0.1114	1318185	98.6789	26950	2.0175	9302	34.5158	7859	29.1614	8903	33.0353	10261	38.0742	127121	70.2622	91591	93.1227	0.9579
ESO1242801120S1K	EST1356611101S1K	na	NZ_CP049075.1	1754511	834057	47.5379	833437	99.9257	822897	98.7354	620	0.0743	823508	98.7352	15895	1.9057	5346	33.6332	4738	29.8081	5312	33.4193	5860	36.8669	127121	37.6916	57584	88.7087	0.9377
ESO1242801120S1K	EST1357103101S1K	na	NZ_CP049075.1	1754511	973351	55.4771	972861	99.9497	970122	99.7185	490	0.0503	970610	99.7184	13069	1.3427	10328	79.0267	9850	75.3692	1774	13.5741	1425	10.9037	127121	95.7859	133245	95.4392	0.9892
ESO1242801120S1K	EST1357107101S1K	na	NZ_CP049075.1	1754511	1325831	75.5670	1324360	99.8891	1306442	98.6470	1471	0.1109	1307854	98.6441	27749	2.0930	9772	35.2157	8379	30.1957	8762	31.5759	10604	38.2140	127121	59.5669	78769	92.1492	0.9592
ESO1242801120S1K	EST1358301101S1K	na	NZ_CP049075.1	1754511	795249	45.3260	794898	99.9559	785016	98.7568	351	0.0441	785360	98.7565	14784	1.8590	4895	33.1101	4553	30.7968	4964	33.5768	5341	36.1269	127121	69.0201	94377	92.2237	0.9638
ESO1242801120S1K	EST1358301201S1K	na	NZ_CP049075.1	1754511	1281542	73.0427	1280739	99.9373	1264287	98.7154	803	0.0627	1265076	98.7151	24899	1.9429	8433	33.8688	7649	30.7201	8178	32.8447	9194	36.9252	127121	73.2342	102933	88.9618	0.9611
ESO1242801120S1K	EST1358302101S1K	na	NZ_CP049075.1	1754511	848554	48.3641	848136	99.9507	837390	98.7330	418	0.0493	837801	98.7328	15878	1.8712	5125	32.2774	4715	29.6952	5420	34.1353	5790	36.4655	127121	95.7859	133967	90.7821	0.9799
ESO1242801120S1K	EST1358602101S1K	na	NZ_CP049075.1	1754511	467433	26.6418	467199	99.9499	461346	98.7472	234	0.0501	461577	98.7472	8668	1.8544	2812	32.4412	2582	29.7877	2999	34.5985	3120	35.9945	127121	49.8871	80640	80.1252	0.9548
ESO1242801120S1K	EST1359005101S1K	na	NZ_CP049075.1	1754511	1336530	76.1768	1334100	99.8182	1317393	98.7477	2430	0.1818	1319788	98.7474	26925	2.0145	10183	37.8199	7795	28.9508	8484	31.5097	10372	38.5218	127121	94.1953	136370	89.2484	0.9766
ESO1242801120S1K	EST1359006101S1K	na	NZ_CP049075.1	1754511	570166	32.4971	569806	99.9369	562742	98.7603	360	0.0631	563100	98.7607	10701	1.8768	3635	33.9688	3277	30.6233	3631	33.9314	3814	35.6415	127121	89.9812	151742	81.0593	0.9656
ESO1242801120S1K	EST1359007101S1K	na	NZ_CP049075.1	1754511	1351100	77.0072	1349963	99.9158	1333082	98.7495	1137	0.0842	1334197	98.7489	26096	1.9315	9193	35.2276	8082	30.9703	8844	33.8903	9271	35.5265	127121	100.0000	147634	95.7009	0.9844
ESO1242801120S1K	EST1361001101S1K	na	NZ_CP049075.1	1754511	1166882	66.5075	1166238	99.9448	1152530	98.8246	644	0.0552	1153167	98.8246	21462	1.8393	7747	36.0964	7111	33.1330	7232	33.6968	7177	33.4405	127121	100.0000	155104	89.9326	0.9823
ESO1242801120S1K	EST1361002101S1K	na	NZ_CP049075.1	1754511	1377434	78.5081	1375868	99.8863	1357633	98.6747	1566	0.1137	1359161	98.6734	28357	2.0587	10084	35.5609	8568	30.2148	9058	31.9427	10749	37.9060	127121	100.0000	120862	100.0000	0.9881
ESO1242801120S1K	EST1361007101S1K	na	NZ_CP049075.1	1754511	1394090	79.4575	1392339	99.8744	1374158	98.6942	1751	0.1256	1375868	98.6929	28530	2.0465	10308	36.1304	8632	30.2559	9218	32.3098	10634	37.2730	127121	94.1953	126515	95.0488	0.9756
ESO1242801120S1K	EST2359005102S1K	na	NZ_CP049075.1	1754511	1302055	74.2118	1298191	99.7032	1282147	98.7641	3864	0.2968	1285945	98.7627	27398	2.1042	11288	41.2001	7511	27.4144	8361	30.5168	10680	38.9809	127121	94.1953	128523	89.9209	0.9742
ESO1242805120S1K	ESO1247101120S1K	na	NZ_CP049075.1	1754511	504328	28.7446	504164	99.9675	498111	98.7994	164	0.0325	498270	98.7988	9433	1.8704	3375	35.7786	3216	34.0931	3019	32.0047	3250	34.4535	147988	86.7665	127431	95.6141	0.9761
ESO1242805120S1K	ESO1247203120S1K	na	NZ_CP049075.1	1754511	575213	32.7848	572214	99.4786	566284	98.9637	2999	0.5214	569256	98.9644	11980	2.0827	6023	50.2755	3053	25.4841	3218	26.8614	5015	41.8614	147988	64.8708	91787	93.0840	0.9561
ESO1242805120S1K	ESO1247206120S1K	na	NZ_CP049075.1	1754511	567908	32.3684	561306	98.8375	557657	99.3499	6602	1.1625	564197	99.3465	12565	2.2125	8854	70.4656	2318	18.4481	2592	20.6287	5685	45.2447	147988	51.9921	70823	100.0000	0.9527
ESO1242805120S1K	ESO1247208120S1K	na	NZ_CP049075.1	1754511	581262	33.1296	581029	99.9599	573733	98.7443	233	0.0401	573955	98.7429	10842	1.8653	3535	32.6047	3313	30.5571	3856	35.5654	3728	34.3848	147988	81.6066	129263	100.0000	0.9630
ESO1242805120S1K	ESO1254306120S1K	na	NZ_CP049075.1	1754511	496843	28.3180	496637	99.9585	490386	98.7413	206	0.0415	490586	98.7406	8895	1.7903	2638	29.6571	2438	27.4087	3711	41.7201	2768	31.1186	147988	66.8811	88346	100.0000	0.9528
ESO1242805120S1K	ESO1256801120S1K	na	NZ_CP049075.1	1754511	587691	33.4960	584222	99.4097	578571	99.0327	3469	0.5903	582013	99.0338	12091	2.0574	6413	53.0395	2973	24.5885	3270	27.0449	4911	40.6170	147988	48.7181	50342	100.0000	0.9364
ESO1242805120S1K	ESO1256804120S1K	na	NZ_CP049075.1	1754511	589660	33.6082	583683	98.9864	579360	99.2594	5977	1.0136	585290	99.2589	12907	2.1889	8537	66.1424	2607	20.1983	2916	22.5924	5712	44.2551	147988	43.1907	59514	90.9584	0.9384
ESO1242805120S1K	ESO1350502120S1K	na	NZ_CP049075.1	1754511	460850	26.2666	459786	99.7691	455085	98.9776	1064	0.2309	456140	98.9780	8310	1.8032	3600	43.3213	2545	30.6258	2519	30.3129	2955	35.5596	147988	73.1904	111375	95.1695	0.9638
ESO1242805120S1K	ESO1350804120S1K	na	NZ_CP049075.1	1754511	498393	28.4064	498063	99.9338	492276	98.8381	330	0.0662	492599	98.8375	9136	1.8331	3342	36.5806	3019	33.0451	3010	32.9466	3076	33.6690	147988	86.7665	145498	96.4811	0.9784
ESO1242805120S1K	ESO1350807120S1K	na	NZ_CP049075.1	1754511	421576	24.0281	421384	99.9545	416338	98.8025	192	0.0455	416527	98.8024	7782	1.8459	2733	35.1195	2544	32.6908	2449	31.4701	2805	36.0447	147988	82.4452	135115	91.0247	0.9753
ESO1242805120S1K	ESO1356601120S1K	na	NZ_CP049075.1	1754511	496612	28.3049	493136	99.3001	488581	99.0763	3476	0.6999	492029	99.0771	10561	2.1266	5978	56.6045	2532	23.9750	2652	25.1113	4464	42.2687	147988	62.5922	89625	93.7618	0.9550
ESO1242805120S1K	ESO1356602120S1K	na	NZ_CP049075.1	1754511	499017	28.4419	496080	99.4114	491202	99.0167	2937	0.5886	494115	99.0177	10321	2.0683	5419	52.5046	2508	24.3000	2873	27.8364	4104	39.7636	147988	86.7665	119872	100.0000	0.9617
ESO1242805120S1K	ESO1356803120S1K	na	NZ_CP049075.1	1754511	495844	28.2611	495750	99.9810	489804	98.8006	94	0.0190	489896	98.8004	8961	1.8072	3013	33.6235	2921	32.5968	3030	33.8132	3053	34.0699	147988	68.8711	100878	94.6876	0.9559
ESO1242805120S1K	ESO1357103120S1K	na	NZ_CP049075.1	1754511	217612	12.4030	217577	99.9839	214950	98.7926	35	0.0161	214985	98.7928	3966	1.8225	1339	33.7620	1304	32.8795	1396	35.1992	1289	32.5013	147988	81.3262	128644	100.0000	0.9756
ESO1242805120S1K	ESO1357104120S1K	na	NZ_CP049075.1	1754511	563527	32.1187	563362	99.9707	556329	98.7516	165	0.0293	556489	98.7511	10462	1.8565	3424	32.7280	3264	31.1986	3658	34.9646	3590	34.3147	147988	86.7665	117357	100.0000	0.9736
ESO1242805120S1K	ESO1357107120S1K	na	NZ_CP049075.1	1754511	583573	33.2613	578255	99.0887	573638	99.2016	5318	0.9113	578916	99.2020	12657	2.1689	8000	63.2061	2723	21.5138	2850	22.5172	5591	44.1732	147988	27.1204	44994	87.6361	0.9342
ESO1242805120S1K	ESO1358301120S1K	na	NZ_CP049075.1	1754511	257069	14.6519	257032	99.9856	254186	98.8927	37	0.0144	254222	98.8925	4371	1.7003	1524	34.8662	1488	34.0426	1475	33.7451	1431	32.7385	147988	69.5469	114929	100.0000	0.9605
ESO1242805120S1K	ESO1358304120S1K	na	NZ_CP049075.1	1754511	567683	32.3556	567465	99.9616	560160	98.7127	218	0.0384	560374	98.7125	10816	1.9053	3507	32.4242	3294	30.4549	3759	34.7541	3811	35.2348	147988	40.6965	51874	100.0000	0.9293
ESO1242805120S1K	ESO1358602120S1K	na	NZ_CP049075.1	1754511	523489	29.8367	523327	99.9691	517122	98.8143	162	0.0309	517283	98.8145	9528	1.8201	3322	34.8657	3161	33.1759	3162	33.1864	3212	33.7112	147988	56.4546	99829	78.2428	0.9543
ESO1242805120S1K	EST1212206101S1K	na	NZ_CP049075.1	1754511	496271	28.2854	496195	99.9847	490192	98.7902	76	0.0153	490265	98.7898	9296	1.8732	3290	35.3916	3217	34.6063	2961	31.8524	3171	34.1114	147988	62.5922	85446	100.0000	0.9560
ESO1242805120S1K	EST1212704101S1K	na	NZ_CP049075.1	1754511	534015	30.4367	533882	99.9751	527593	98.8220	133	0.0249	527725	98.8221	9669	1.8106	3379	34.9467	3247	33.5815	3219	33.2920	3262	33.7367	147988	62.5922	88279	100.0000	0.9560
ESO1242805120S1K	EST1232702101S1K	na	NZ_CP049075.1	1754511	526180	29.9901	526053	99.9759	519629	98.7788	127	0.0241	519752	98.7784	9607	1.8258	3179	33.0905	3056	31.8101	3273	34.0689	3324	34.5998	147988	86.7665	126535	91.3305	0.9701
ESO1242805120S1K	EST1232710101S1K	na	NZ_CP049075.1	1754511	539228	30.7338	539019	99.9612	532178	98.7308	209	0.0388	532374	98.7289	10341	1.9177	3487	33.7201	3291	31.8248	3423	33.1012	3632	35.1223	147988	81.3262	115001	94.5635	0.9722
ESO1242805120S1K	EST1232905101S1K	na	NZ_CP049075.1	1754511	562142	32.0398	562051	99.9838	555201	98.7812	91	0.0162	555291	98.7813	10347	1.8406	3496	33.7876	3406	32.9178	3444	33.2850	3559	34.3964	147988	54.1760	90764	88.3302	0.9562
ESO1242805120S1K	EST1233822101S1K	na	NZ_CP049075.1	1754511	517669	29.5050	515516	99.5841	509995	98.9290	2153	0.4159	512126	98.9292	10499	2.0281	4956	47.2045	2827	26.9264	3010	28.6694	4194	39.9467	147988	81.6066	120979	95.5736	0.9763
ESO1242805120S1K	EST1233822201S1K	na	NZ_CP049075.1	1754511	489869	27.9205	489434	99.9112	483275	98.7416	435	0.0888	483705	98.7417	9596	1.9589	3432	35.7649	3002	31.2839	3085	32.1488	3548	36.9737	147988	88.5612	142473	84.3163	0.9752
ESO1242805120S1K	EST1234702101S1K	na	NZ_CP049075.1	1754511	133702	7.6205	133693	99.9933	132178	98.8668	9	0.0067	132186	98.8661	2297	1.7180	781	34.0009	773	33.6526	755	32.8690	776	33.7832	147988	55.6903	100029	100.0000	0.9568
ESO1242805120S1K	EST1234704101S1K	na	NZ_CP049075.1	1754511	592988	33.7979	592596	99.9339	585248	98.7600	392	0.0661	585638	98.7605	11389	1.9206	4039	35.4640	3650	32.0485	3606	31.6621	4138	36.3333	147988	42.7068	50396	100.0000	0.9361
ESO1242805120S1K	EST1236807101S1K	na	NZ_CP049075.1	1754511	562285	32.0480	562174	99.9803	555317	98.7803	111	0.0197	555427	98.7803	10192	1.8126	3334	32.7119	3224	31.6327	3632	35.6358	3396	33.3203	147988	81.6066	139782	96.3050	0.9682
ESO1242805120S1K	EST1237103201S1K	na	NZ_CP049075.1	1754511	531414	30.2884	531039	99.9294	524120	98.6971	375	0.0706	524488	98.6967	10492	1.9744	3566	33.9878	3198	30.4804	3426	32.6535	3917	37.3332	147988	51.5103	83812	86.5210	0.9549
ESO1242805120S1K	EST1238001101S1K	na	NZ_CP049075.1	1754511	485465	27.6695	485317	99.9695	479394	98.7796	148	0.0305	479540	98.7795	8755	1.8034	2830	32.3244	2684	30.6568	3148	35.9566	2963	33.8435	147988	10.6002	20057	71.2170	0.9192
ESO1242805120S1K	EST1238002101S1K	na	NZ_CP049075.1	1754511	530191	30.2187	529988	99.9617	523520	98.7796	203	0.0383	523718	98.7791	10016	1.8891	3543	35.3734	3346	33.4065	3254	32.4880	3432	34.2652	147988	78.3503	111899	89.6371	0.9616
ESO1242805120S1K	EST1241101101S1K	na	NZ_CP049075.1	1754511	591959	33.7393	591533	99.9280	585749	99.0222	426	0.0720	586169	99.0219	10498	1.7734	4708	44.8466	4288	40.8459	3018	28.7483	3149	29.9962	147988	86.7665	116967	100.0000	0.9776
ESO1242805120S1K	EST1241104101S1K	na	NZ_CP049075.1	1754511	530414	30.2314	530278	99.9744	523666	98.7531	136	0.0256	523799	98.7529	9282	1.7500	2667	28.7330	2534	27.3002	3997	43.0618	2786	30.0151	147988	66.8811	93863	100.0000	0.9599
ESO1242805120S1K	EST1242101101S1K	na	NZ_CP049075.1	1754511	198320	11.3034	198287	99.9834	195964	98.8285	33	0.0166	195996	98.8282	3490	1.7598	1166	33.4097	1134	32.4928	1240	35.5301	1130	32.3782	147988	64.3870	107133	100.0000	0.9594
ESO1242805120S1K	EST1242103101S1K	na	NZ_CP049075.1	1754511	497884	28.3774	497706	99.9642	492920	99.0384	178	0.0358	493095	99.0381	8449	1.6970	3660	43.3187	3485	41.2475	2498	29.5656	2485	29.4118	147988	86.7665	123051	100.0000	0.9807
ESO1242805120S1K	EST1242207101S1K	na	NZ_CP049075.1	1754511	363510	20.7186	363461	99.9865	359225	98.8345	49	0.0135	359273	98.8344	6324	1.7397	2087	33.0013	2039	32.2423	2138	33.8077	2176	34.4086	147988	86.7665	140321	100.0000	0.9702
ESO1242805120S1K	EST1242209101S1K	na	NZ_CP049075.1	1754511	497927	28.3798	497529	99.9201	491567	98.8017	398	0.0799	491958	98.8012	9230	1.8537	3261	35.3304	2870	31.0943	2985	32.3402	3380	36.6197	147988	76.1663	127907	85.6349	0.9679
ESO1242805120S1K	EST1242704101S1K	na	NZ_CP049075.1	1754511	591780	33.7291	586568	99.1193	581844	99.1946	5212	0.8807	587017	99.1951	12709	2.1476	7946	62.5226	2775	21.8349	3008	23.6683	5447	42.8594	147988	56.4546	84615	92.5533	0.9518
ESO1242805120S1K	EST1242801101S1K	na	NZ_CP049075.1	1754511	578499	32.9721	578110	99.9328	571059	98.7803	389	0.0672	571440	98.7798	10754	1.8589	3695	34.3593	3314	30.8164	3713	34.5267	3726	34.6476	147988	86.7665	106954	94.9969	0.9572
ESO1242805120S1K	EST1242802101S1K	na	NZ_CP049075.1	1754511	546400	31.1426	545401	99.8172	540162	99.0394	999	0.1828	541148	99.0388	10000	1.8302	4748	47.4800	3762	37.6200	2738	27.3800	3263	32.6300	147988	65.0864	77610	100.0000	0.9516
ESO1242805120S1K	EST1242804101S1K	na	NZ_CP049075.1	1754511	572441	32.6268	569914	99.5586	564021	98.9660	2527	0.4414	566528	98.9671	11379	1.9878	5466	48.0359	2960	26.0128	3352	29.4578	4417	38.8171	147988	49.0161	69079	92.3160	0.9430
ESO1242805120S1K	EST1242805101S1K	na	NZ_CP049075.1	1754511	555563	31.6648	555405	99.9716	548830	98.8162	158	0.0284	548985	98.8160	10230	1.8414	3652	35.6989	3497	34.1838	3276	32.0235	3499	34.2033	147988	86.7665	153813	92.6190	0.9771
ESO1242805120S1K	EST1247101101S1K	na	NZ_CP049075.1	1754511	401661	22.8930	401562	99.9754	396909	98.8413	99	0.0246	397007	98.8413	7102	1.7682	2448	34.4692	2350	33.0893	2400	33.7933	2386	33.5962	147988	86.7665	120859	100.0000	0.9755
ESO1242805120S1K	EST1247106101S1K	na	NZ_CP049075.1	1754511	517164	29.4762	517039	99.9758	510798	98.7929	125	0.0242	510911	98.7909	9682	1.8721	3429	35.4162	3317	34.2595	3171	32.7515	3220	33.2576	147988	62.5922	106665	100.0000	0.9561
ESO1242805120S1K	EST1247109101S1K	na	NZ_CP049075.1	1754511	582258	33.1863	582040	99.9626	574738	98.7454	218	0.0374	574942	98.7435	10863	1.8657	3547	32.6521	3343	30.7742	3875	35.6715	3709	34.1434	147988	81.6066	129147	100.0000	0.9631
ESO1242805120S1K	EST1247203101S1K	na	NZ_CP049075.1	1754511	492026	28.0435	491635	99.9205	485858	98.8249	391	0.0795	486238	98.8236	9246	1.8792	3458	37.4000	3078	33.2901	3003	32.4789	3176	34.3500	147988	79.0301	93469	100.0000	0.9589
ESO1242805120S1K	EST1247206101S1K	na	NZ_CP049075.1	1754511	455831	25.9805	455729	99.9776	449873	98.7150	102	0.0224	449968	98.7138	8744	1.9183	2881	32.9483	2786	31.8618	2981	34.0919	3003	34.3435	147988	86.7665	127972	95.0989	0.9721
ESO1242805120S1K	EST1254306101S1K	na	NZ_CP049075.1	1754511	81159	4.6257	81152	99.9914	80181	98.8035	7	0.0086	80187	98.8024	1333	1.6425	361	27.0818	355	26.6317	616	46.2116	365	27.3818	147988	46.0700	76013	100.0000	0.9617
ESO1242805120S1K	EST1256811101S1K	na	NZ_CP049075.1	1754511	511428	29.1493	511263	99.9677	504903	98.7560	165	0.0323	505061	98.7551	9469	1.8515	3102	32.7595	2944	31.0909	3369	35.5793	3221	34.0163	147988	81.6066	139306	96.2859	0.9722
ESO1242805120S1K	EST1350502101S1K	na	NZ_CP049075.1	1754511	317639	18.1041	317186	99.8574	313842	98.9457	453	0.1426	314289	98.9453	5581	1.7570	2231	39.9749	1784	31.9656	1834	32.8615	1873	33.5603	147988	86.4239	126094	100.0000	0.9704
ESO1242805120S1K	EST1350510101S1K	na	NZ_CP049075.1	1754511	385033	21.9453	384918	99.9701	380130	98.7561	115	0.0299	380241	98.7554	7532	1.9562	2740	36.3781	2629	34.9044	2321	30.8152	2602	34.5459	147988	86.7665	117862	100.0000	0.9696
ESO1242805120S1K	EST1350804101S1K	na	NZ_CP049075.1	1754511	560551	31.9491	559893	99.8826	552429	98.6669	658	0.1174	553078	98.6668	11427	2.0385	3954	34.6023	3306	28.9315	3560	31.1543	4447	38.9166	147988	57.4324	75045	92.8363	0.9501
ESO1242805120S1K	EST1350807101S1K	na	NZ_CP049075.1	1754511	569355	32.4509	569221	99.9765	562219	98.7699	134	0.0235	562345	98.7688	10701	1.8795	3691	34.4921	3566	33.3240	3432	32.0718	3742	34.9687	147988	86.7665	134701	87.5836	0.9703
ESO1242805120S1K	EST1356604101S1K	na	NZ_CP049075.1	1754511	562686	32.0708	562278	99.9275	555309	98.7606	408	0.0725	555708	98.7599	10629	1.8890	3651	34.3494	3253	30.6049	3587	33.7473	3812	35.8641	147988	59.6461	91591	93.1227	0.9510
ESO1242805120S1K	EST1356611101S1K	na	NZ_CP049075.1	1754511	385074	21.9477	384911	99.9577	380405	98.8293	163	0.0423	380566	98.8293	6955	1.8061	2447	35.1833	2286	32.8684	2260	32.4946	2417	34.7520	147988	30.3119	57584	88.7087	0.9283
ESO1242805120S1K	EST1357103101S1K	na	NZ_CP049075.1	1754511	453490	25.8471	453432	99.9872	448035	98.8097	58	0.0128	448092	98.8097	8003	1.7648	2605	32.5503	2548	31.8381	2864	35.7866	2627	32.8252	147988	86.7665	133245	95.4392	0.9787
ESO1242805120S1K	EST1357107101S1K	na	NZ_CP049075.1	1754511	538438	30.6888	538088	99.9350	531551	98.7851	350	0.0650	531885	98.7830	10316	1.9159	3763	36.4773	3429	33.2396	3288	31.8728	3580	34.7034	147988	55.6903	78769	93.3083	0.9488
ESO1242805120S1K	EST1358301101S1K	na	NZ_CP049075.1	1754511	372566	21.2347	372513	99.9858	368306	98.8706	53	0.0142	368358	98.8705	6478	1.7388	2270	35.0417	2218	34.2390	2112	32.6027	2172	33.5289	147988	69.5469	94377	100.0000	0.9597
ESO1242805120S1K	EST1358301201S1K	na	NZ_CP049075.1	1754511	565264	32.2178	565081	99.9676	558358	98.8103	183	0.0324	558537	98.8099	10404	1.8406	3677	35.3422	3499	33.6313	3357	32.2664	3597	34.5732	147988	69.5469	102933	89.7856	0.9561
ESO1242805120S1K	EST1358302101S1K	na	NZ_CP049075.1	1754511	402664	22.9502	402592	99.9821	397870	98.8271	72	0.0179	397940	98.8268	7061	1.7536	2337	33.0973	2267	32.1059	2413	34.1736	2418	34.2444	147988	93.7211	133967	95.7183	0.9762
ESO1242805120S1K	EST1358602101S1K	na	NZ_CP049075.1	1754511	215728	12.2956	215692	99.9833	213176	98.8335	36	0.0167	213211	98.8333	3800	1.7615	1283	33.7632	1248	32.8421	1264	33.2632	1292	34.0000	147988	50.2325	80640	100.0000	0.9450
ESO1242805120S1K	EST1359005101S1K	na	NZ_CP049075.1	1754511	577129	32.8940	576233	99.8447	569406	98.8152	896	0.1553	570294	98.8157	11076	1.9192	4241	38.2900	3354	30.2817	3462	31.2568	4105	37.0621	147988	88.5612	136370	91.5817	0.9833
ESO1242805120S1K	EST1359006101S1K	na	NZ_CP049075.1	1754511	270429	15.4134	270355	99.9726	267132	98.8079	74	0.0274	267205	98.8078	4865	1.7990	1641	33.7307	1568	32.2302	1669	34.3063	1637	33.6485	147988	94.8401	151742	95.3203	0.9856
ESO1242805120S1K	EST1359007101S1K	na	NZ_CP049075.1	1754511	576260	32.8445	575964	99.9486	568810	98.7579	296	0.0514	569098	98.7572	10673	1.8521	3511	32.8961	3223	30.1977	3781	35.4258	3729	34.9386	147988	86.7665	147634	95.7009	0.9769
ESO1242805120S1K	EST1361001101S1K	na	NZ_CP049075.1	1754511	531066	30.2686	530956	99.9793	524348	98.7555	110	0.0207	524455	98.7551	9772	1.8401	3161	32.3475	3054	31.2526	3435	35.1515	3320	33.9746	147988	86.7665	155104	89.9326	0.9712
ESO1242805120S1K	EST1361002101S1K	na	NZ_CP049075.1	1754511	580288	33.0741	579965	99.9443	574348	99.0315	323	0.0557	574668	99.0315	10311	1.7769	4691	45.4951	4371	42.3916	2846	27.6016	3090	29.9680	147988	86.7665	120862	95.6496	0.9733
ESO1242805120S1K	EST1361007101S1K	na	NZ_CP049075.1	1754511	584005	33.2859	583610	99.9324	576635	98.8049	395	0.0676	577020	98.8039	10947	1.8745	3962	36.1926	3578	32.6848	3639	33.2420	3707	33.8632	147988	81.6066	126515	95.0488	0.9683
ESO1242805120S1K	EST2359005102S1K	na	NZ_CP049075.1	1754511	533250	30.3931	531914	99.7495	525724	98.8363	1336	0.2505	527039	98.8353	10578	1.9837	4367	41.2838	3053	28.8618	3218	30.4216	3962	37.4551	147988	88.5612	128523	91.1113	0.9797
ESO1247101120S1K	ESO1247203120S1K	na	NZ_CP049075.1	1754511	1163249	66.3005	1157400	99.4972	1144311	98.8691	5849	0.5028	1150100	98.8696	25609	2.2015	12460	48.6548	6682	26.0924	7576	29.5833	10133	39.5681	127431	75.5091	91787	100.0000	0.9721
ESO1247101120S1K	ESO1247206120S1K	na	NZ_CP049075.1	1754511	1179236	67.2117	1165323	98.8202	1156651	99.2558	13913	1.1798	1170430	99.2532	28023	2.3764	19217	68.5758	5467	19.5090	6410	22.8741	12077	43.0967	127431	54.3494	70823	100.0000	0.9593
ESO1247101120S1K	ESO1247208120S1K	na	NZ_CP049075.1	1754511	1183783	67.4708	1182900	99.9254	1167194	98.6722	883	0.0746	1168044	98.6704	23770	2.0080	8031	33.7863	7204	30.3071	8805	37.0425	7841	32.9870	127431	94.0721	129263	100.0000	0.9836
ESO1247101120S1K	ESO1254306120S1K	na	NZ_CP049075.1	1754511	1096661	62.5052	1095914	99.9319	1081573	98.6914	747	0.0681	1082300	98.6905	20823	1.8988	6462	31.0330	5747	27.5993	9014	43.2887	6108	29.3329	127431	64.8610	88346	93.1610	0.9584
ESO1247101120S1K	ESO1256801120S1K	na	NZ_CP049075.1	1754511	1189645	67.8049	1182284	99.3812	1170212	98.9789	7361	0.6188	1177503	98.9794	25986	2.1843	13844	53.2748	6563	25.2559	7492	28.8309	9993	38.4553	127431	58.4724	50342	100.0000	0.9548
ESO1247101120S1K	ESO1256804120S1K	na	NZ_CP049075.1	1754511	1183216	67.4385	1171622	99.0201	1161742	99.1567	11594	0.9799	1173252	99.1579	27196	2.2985	17232	63.3623	5737	21.0950	6795	24.9853	11498	42.2783	127431	50.6839	59514	100.0000	0.9546
ESO1247101120S1K	ESO1350502120S1K	na	NZ_CP049075.1	1754511	852068	48.5644	850122	99.7716	840421	98.8589	1946	0.2284	842355	98.8601	16503	1.9368	6790	41.1440	4861	29.4553	5513	33.4060	5657	34.2786	127431	89.0388	111375	100.0000	0.9842
ESO1247101120S1K	ESO1350804120S1K	na	NZ_CP049075.1	1754511	989920	56.4214	989142	99.9214	976930	98.7654	778	0.0786	977693	98.7648	19325	1.9522	7098	36.7296	6336	32.7865	6678	34.5563	6270	32.4450	127431	100.0000	145498	96.4811	0.9844
ESO1247101120S1K	ESO1350807120S1K	na	NZ_CP049075.1	1754511	745235	42.4754	744803	99.9420	734963	98.6788	432	0.0580	735388	98.6787	14638	1.9642	4791	32.7299	4366	29.8265	5334	36.4394	5025	34.3285	127431	85.4839	135115	90.2490	0.9725
ESO1247101120S1K	ESO1356601120S1K	na	NZ_CP049075.1	1754511	1083432	61.7512	1076315	99.3431	1070931	99.4998	7117	0.6569	1078020	99.5005	20952	1.9339	15540	74.1695	8505	40.5928	3403	16.2419	6330	30.2119	127431	73.2514	89625	100.0000	0.9771
ESO1247101120S1K	ESO1356602120S1K	na	NZ_CP049075.1	1754511	1088956	62.0661	1082423	99.4001	1070876	98.9332	6533	0.5999	1077320	98.9315	24042	2.2078	12406	51.6014	5968	24.8232	7042	29.2904	9300	38.6823	127431	94.9667	119872	100.0000	0.9840
ESO1247101120S1K	ESO1356803120S1K	na	NZ_CP049075.1	1754511	951683	54.2421	951258	99.9553	945610	99.4063	425	0.0447	946029	99.4059	15235	1.6008	9581	62.8881	9168	60.1772	3208	21.0568	2897	19.0154	127431	73.2514	100878	93.6854	0.9739
ESO1247101120S1K	ESO1357103120S1K	na	NZ_CP049075.1	1754511	380272	21.6740	380147	99.9671	375368	98.7429	125	0.0329	375492	98.7430	7197	1.8926	2417	33.5834	2299	31.9439	2687	37.3350	2245	31.1936	127431	87.0259	128644	100.0000	0.9743
ESO1247101120S1K	ESO1357104120S1K	na	NZ_CP049075.1	1754511	1155004	65.8305	1154224	99.9325	1138792	98.6630	780	0.0675	1139545	98.6616	23210	2.0095	7751	33.3951	6999	30.1551	8558	36.8720	7731	33.3089	127431	95.6141	117357	100.0000	0.9834
ESO1247101120S1K	ESO1357107120S1K	na	NZ_CP049075.1	1754511	1164696	66.3829	1154149	99.0944	1143902	99.1122	10547	0.9056	1154359	99.1125	26827	2.3033	16490	61.4679	6069	22.6227	6493	24.2032	11411	42.5355	127431	37.7993	44994	100.0000	0.9518
ESO1247101120S1K	ESO1358301120S1K	na	NZ_CP049075.1	1754511	426137	24.2881	425952	99.9566	423318	99.3816	185	0.0434	423501	99.3814	6731	1.5795	4095	60.8379	3912	58.1192	1535	22.8049	1296	19.2542	127431	68.8655	114929	88.2188	0.9591
ESO1247101120S1K	ESO1358304120S1K	na	NZ_CP049075.1	1754511	1169125	66.6354	1168322	99.9313	1152567	98.6515	803	0.0687	1153342	98.6500	23802	2.0359	8019	33.6904	7249	30.4554	8619	36.2112	8040	33.7787	127431	43.7272	51874	100.0000	0.9486
ESO1247101120S1K	ESO1358602120S1K	na	NZ_CP049075.1	1754511	1032479	58.8471	1031927	99.9465	1019052	98.7523	552	0.0535	1019593	98.7519	20008	1.9379	7122	35.5958	6599	32.9818	6973	34.8511	6491	32.4420	127431	70.4758	99829	83.5358	0.9618
ESO1247101120S1K	EST1212206101S1K	na	NZ_CP049075.1	1754511	1106016	63.0384	1105446	99.9485	1099578	99.4692	570	0.0515	1100145	99.4692	18372	1.6611	12501	68.0438	11984	65.2297	3199	17.4124	3179	17.3035	127431	68.8655	85446	100.0000	0.9748
ESO1247101120S1K	EST1212704101S1K	na	NZ_CP049075.1	1754511	1045609	59.5955	1045110	99.9523	1039751	99.4872	499	0.0477	1040248	99.4873	16506	1.5786	11145	67.5209	10686	64.7401	2998	18.1631	2857	17.3089	127431	68.8655	88279	100.0000	0.9743
ESO1247101120S1K	EST1232702101S1K	na	NZ_CP049075.1	1754511	1025339	58.4402	1024873	99.9546	1016790	99.2113	466	0.0454	1017253	99.2114	17434	1.7003	9348	53.6194	8886	50.9694	4413	25.3126	4174	23.9417	127431	100.0000	126535	95.8802	0.9925
ESO1247101120S1K	EST1232710101S1K	na	NZ_CP049075.1	1754511	1149678	65.5270	1148902	99.9325	1133459	98.6558	776	0.0675	1134209	98.6545	23697	2.0612	8228	34.7217	7496	31.6327	8260	34.8567	7992	33.7258	127431	87.0259	115001	94.5635	0.9730
ESO1247101120S1K	EST1232905101S1K	na	NZ_CP049075.1	1754511	1112429	63.4039	1111939	99.9560	1104972	99.3734	490	0.0440	1105460	99.3735	18381	1.6523	11412	62.0858	10929	59.4581	3918	21.3155	3538	19.2481	127431	68.2181	90764	94.4317	0.9718
ESO1247101120S1K	EST1233822101S1K	na	NZ_CP049075.1	1754511	1085463	61.8670	1081080	99.5962	1068558	98.8417	4383	0.4038	1072903	98.8429	23319	2.1483	10759	46.1383	6419	27.5269	7152	30.6703	8889	38.1191	127431	94.0721	120979	100.0000	0.9899
ESO1247101120S1K	EST1233822201S1K	na	NZ_CP049075.1	1754511	1042350	59.4097	1041250	99.8945	1027544	98.6837	1100	0.1055	1028622	98.6830	21566	2.0690	7838	36.3442	6769	31.3874	7137	33.0938	7784	36.0939	127431	94.0721	142473	83.4362	0.9753
ESO1247101120S1K	EST1234702101S1K	na	NZ_CP049075.1	1754511	213452	12.1659	213371	99.9621	212162	99.4334	81	0.0379	212243	99.4336	3335	1.5624	2126	63.7481	2045	61.3193	694	20.8096	600	17.9910	127431	55.2440	100029	81.5963	0.9636
ESO1247101120S1K	EST1234704101S1K	na	NZ_CP049075.1	1754511	1196463	68.1935	1195292	99.9021	1180092	98.7283	1171	0.0979	1181244	98.7280	24389	2.0384	9170	37.5989	8032	32.9329	7980	32.7197	8344	34.2121	127431	38.1124	50396	87.8264	0.9454
ESO1247101120S1K	EST1236807101S1K	na	NZ_CP049075.1	1754511	1111425	63.3467	1110916	99.9542	1096594	98.7108	509	0.0458	1097087	98.7099	21551	1.9390	7213	33.4694	6722	31.1911	7994	37.0934	6945	32.2259	127431	94.0721	139782	96.3050	0.9823
ESO1247101120S1K	EST1237103201S1K	na	NZ_CP049075.1	1754511	1116980	63.6633	1115867	99.9004	1103200	98.8648	1113	0.0996	1104289	98.8638	22234	1.9905	9543	42.9208	8462	38.0588	6535	29.3919	7291	32.7921	127431	59.8277	83812	86.5210	0.9611
ESO1247101120S1K	EST1238001101S1K	na	NZ_CP049075.1	1754511	902253	51.4248	901811	99.9510	890271	98.7204	442	0.0490	890708	98.7204	17269	1.9140	5724	33.1461	5293	30.6503	6484	37.5470	5583	32.3296	127431	18.9020	20057	100.0000	0.9371
ESO1247101120S1K	EST1238002101S1K	na	NZ_CP049075.1	1754511	1139445	64.9437	1138580	99.9241	1123952	98.7152	865	0.0759	1124784	98.7133	23176	2.0340	8515	36.7406	7695	33.2025	7858	33.9058	7658	33.0428	127431	94.9667	111899	94.3789	0.9808
ESO1247101120S1K	EST1241101101S1K	na	NZ_CP049075.1	1754511	1199380	68.3598	1198018	99.8864	1182576	98.7110	1362	0.1136	1183908	98.7100	24677	2.0575	9205	37.3019	7907	32.0420	8236	33.3752	8412	34.0884	127431	95.6141	116967	100.0000	0.9883
ESO1247101120S1K	EST1241104101S1K	na	NZ_CP049075.1	1754511	1127857	64.2833	1127299	99.9505	1112394	98.6778	558	0.0495	1112931	98.6766	21253	1.8844	6327	29.7699	5795	27.2667	9449	44.4596	6100	28.7018	127431	64.8610	93863	93.7249	0.9617
ESO1247101120S1K	EST1242101101S1K	na	NZ_CP049075.1	1754511	336931	19.2037	336809	99.9638	333258	98.9457	122	0.0362	333378	98.9455	6088	1.8069	2535	41.6393	2416	39.6846	1922	31.5703	1778	29.2050	127431	62.9376	107133	87.4380	0.9599
ESO1247101120S1K	EST1242103101S1K	na	NZ_CP049075.1	1754511	965949	55.0552	965419	99.9451	953419	98.7570	530	0.0549	953937	98.7565	18670	1.9328	6658	35.6615	6145	32.9138	6525	34.9491	6080	32.5656	127431	95.6141	123051	100.0000	0.9909
ESO1247101120S1K	EST1242207101S1K	na	NZ_CP049075.1	1754511	641335	36.5535	641085	99.9610	633506	98.8178	250	0.0390	633752	98.8176	11819	1.8429	4236	35.8406	3990	33.7592	4211	35.6291	3666	31.0179	127431	100.0000	140321	100.0000	0.9830
ESO1247101120S1K	EST1242209101S1K	na	NZ_CP049075.1	1754511	962692	54.8695	961912	99.9190	949916	98.7529	780	0.0810	950685	98.7528	18765	1.9492	6758	36.0139	5999	31.9691	6302	33.5838	6474	34.5004	127431	85.4839	127907	90.0224	0.9753
ESO1247101120S1K	EST1242704101S1K	na	NZ_CP049075.1	1754511	1196391	68.1894	1185903	99.1234	1175280	99.1042	10488	0.8766	1185686	99.1052	27328	2.2842	16623	60.8277	6227	22.7862	6997	25.6038	11227	41.0824	127431	66.0899	84615	92.5533	0.9651
ESO1247101120S1K	EST1242801101S1K	na	NZ_CP049075.1	1754511	1160333	66.1343	1159264	99.9079	1144287	98.7081	1069	0.0921	1145343	98.7081	23005	1.9826	8015	34.8403	6962	30.2630	8446	36.7138	7560	32.8624	127431	100.0000	106954	100.0000	0.9759
ESO1247101120S1K	EST1242802101S1K	na	NZ_CP049075.1	1754511	1152155	65.6682	1149670	99.7843	1135563	98.7730	2485	0.2157	1138018	98.7730	23879	2.0726	9742	40.7974	7294	30.5457	7757	32.4846	8346	34.9512	127431	70.7889	77610	100.0000	0.9652
ESO1247101120S1K	EST1242804101S1K	na	NZ_CP049075.1	1754511	1158455	66.0272	1153550	99.5766	1140523	98.8707	4905	0.4234	1145387	98.8719	24394	2.1057	11326	46.4294	6479	26.5598	7812	32.0243	8929	36.6033	127431	62.2902	69079	100.0000	0.9605
ESO1247101120S1K	EST1242805101S1K	na	NZ_CP049075.1	1754511	1094691	62.3929	1094119	99.9477	1080218	98.7295	572	0.0523	1080779	98.7291	21625	1.9754	7713	35.6671	7171	33.1607	7443	34.4185	7116	32.9064	127431	100.0000	153813	92.6190	0.9828
ESO1247101120S1K	EST1247101101S1K	na	NZ_CP049075.1	1754511	780750	44.4996	780389	99.9538	780267	99.9844	361	0.0462	780628	99.9844	10126	1.2970	10004	98.7952	9644	95.2400	231	2.2813	226	2.2319	127431	95.6141	120859	100.0000	0.9983
ESO1247101120S1K	EST1247106101S1K	na	NZ_CP049075.1	1754511	1124971	64.1188	1124268	99.9375	1109798	98.7129	703	0.0625	1110471	98.7111	22692	2.0171	8192	36.1008	7542	33.2364	7869	34.6774	7362	32.4432	127431	73.2514	106665	100.0000	0.9703
ESO1247101120S1K	EST1247109101S1K	na	NZ_CP049075.1	1754511	1187467	67.6808	1186659	99.9320	1170842	98.6671	808	0.0680	1171615	98.6651	23946	2.0166	8094	33.8011	7356	30.7191	8816	36.8162	7839	32.7362	127431	94.0721	129147	100.0000	0.9837
ESO1247101120S1K	EST1247203101S1K	na	NZ_CP049075.1	1754511	1066410	60.7810	1065134	99.8803	1051804	98.7485	1276	0.1197	1053050	98.7472	21663	2.0314	8303	38.3280	7065	32.6132	7310	33.7442	7230	33.3749	127431	87.9966	93469	100.0000	0.9703
ESO1247101120S1K	EST1247206101S1K	na	NZ_CP049075.1	1754511	1045155	59.5696	1044538	99.9410	1030621	98.6676	617	0.0590	1031213	98.6660	21317	2.0396	7375	34.5968	6793	31.8666	7583	35.5725	7022	32.9408	127431	95.6141	127972	95.0989	0.9800
ESO1247101120S1K	EST1254306101S1K	na	NZ_CP049075.1	1754511	151067	8.6102	151002	99.9570	149151	98.7742	65	0.0430	149216	98.7747	2642	1.7489	791	29.9394	726	27.4792	1185	44.8524	735	27.8198	127431	51.2395	76013	100.0000	0.9618
ESO1247101120S1K	EST1256811101S1K	na	NZ_CP049075.1	1754511	1047181	59.6851	1046647	99.9490	1032926	98.6891	534	0.0510	1033445	98.6883	20536	1.9611	6800	33.1126	6309	30.7217	7665	37.3247	6689	32.5721	127431	94.0721	139306	96.2859	0.9828
ESO1247101120S1K	EST1350502101S1K	na	NZ_CP049075.1	1754511	585073	33.3468	584084	99.8310	577556	98.8824	989	0.1690	578531	98.8818	10755	1.8382	4213	39.1725	3238	30.1069	3690	34.3096	3627	33.7238	127431	84.6529	126094	86.7583	0.9791
ESO1247101120S1K	EST1350510101S1K	na	NZ_CP049075.1	1754511	953330	54.3359	952705	99.9344	939750	98.6402	625	0.0656	940345	98.6379	20061	2.1043	7076	35.2724	6525	32.5258	6825	34.0212	6778	33.7869	127431	95.6141	117862	100.0000	0.9846
ESO1247101120S1K	EST1350804101S1K	na	NZ_CP049075.1	1754511	1172803	66.8450	1170991	99.8455	1155584	98.6843	1812	0.1545	1157352	98.6826	25157	2.1450	9706	38.5817	7960	31.6413	7880	31.3233	9108	36.2046	127431	67.3235	75045	100.0000	0.9637
ESO1247101120S1K	EST1350807101S1K	na	NZ_CP049075.1	1754511	1149937	65.5417	1149410	99.9542	1134084	98.6666	527	0.0458	1134591	98.6655	23032	2.0029	7686	33.3710	7182	31.1827	8175	35.4941	7817	33.9397	127431	100.0000	134701	91.5784	0.9793
ESO1247101120S1K	EST1356604101S1K	na	NZ_CP049075.1	1754511	1145411	65.2838	1144279	99.9012	1130062	98.7576	1132	0.0988	1131169	98.7566	22891	1.9985	8649	37.7834	7552	32.9911	7663	33.4760	7710	33.6814	127431	66.5866	91591	93.1227	0.9578
ESO1247101120S1K	EST1356611101S1K	na	NZ_CP049075.1	1754511	726852	41.4276	726400	99.9378	717403	98.7614	452	0.0622	717848	98.7612	13973	1.9224	4969	35.5614	4530	32.4197	4831	34.5738	4626	33.1067	127431	33.9101	57584	88.7087	0.9338
ESO1247101120S1K	EST1357103101S1K	na	NZ_CP049075.1	1754511	833952	47.5319	833649	99.9637	823019	98.7249	303	0.0363	823318	98.7249	15684	1.8807	5050	32.1984	4752	30.2984	5938	37.8602	5052	32.2112	127431	95.6141	133245	95.4392	0.9831
ESO1247101120S1K	EST1357107101S1K	na	NZ_CP049075.1	1754511	1153334	65.7354	1152321	99.9122	1139452	98.8832	1013	0.0878	1140432	98.8813	22883	1.9841	9981	43.6175	9017	39.4048	6763	29.5547	7059	30.8482	127431	59.6299	78769	92.1492	0.9637
ESO1247101120S1K	EST1358301101S1K	na	NZ_CP049075.1	1754511	698585	39.8165	698304	99.9598	693818	99.3576	281	0.0402	694097	99.3576	11357	1.6257	6869	60.4825	6593	58.0523	2507	22.0745	2274	20.0229	127431	68.8655	94377	92.2237	0.9739
ESO1247101120S1K	EST1358301201S1K	na	NZ_CP049075.1	1754511	1127070	64.2384	1126465	99.9463	1119202	99.3552	605	0.0537	1119802	99.3551	18777	1.6660	11509	61.2931	10921	58.1616	3991	21.2547	3894	20.7381	127431	73.2514	102933	88.9618	0.9715
ESO1247101120S1K	EST1358302101S1K	na	NZ_CP049075.1	1754511	748679	42.6717	748369	99.9586	743992	99.4151	310	0.0414	744302	99.4154	11843	1.5819	7466	63.0415	7162	60.4745	2434	20.5522	2274	19.2012	127431	95.6141	133967	90.7821	0.9908
ESO1247101120S1K	EST1358602101S1K	na	NZ_CP049075.1	1754511	410575	23.4011	410396	99.9564	405515	98.8107	179	0.0436	405692	98.8107	7651	1.8635	2768	36.1783	2591	33.8649	2614	34.1655	2461	32.1657	127431	49.8843	80640	80.1252	0.9549
ESO1247101120S1K	EST1359005101S1K	na	NZ_CP049075.1	1754511	1155079	65.8348	1153078	99.8268	1138611	98.7454	2001	0.1732	1140582	98.7449	23603	2.0434	9106	38.5798	7140	30.2504	7881	33.3898	8313	35.2201	127431	94.0721	136370	89.2484	0.9778
ESO1247101120S1K	EST1359006101S1K	na	NZ_CP049075.1	1754511	488280	27.8300	488018	99.9463	481868	98.7398	262	0.0537	482128	98.7401	9338	1.9124	3186	34.1187	2926	31.3343	3327	35.6286	3102	33.2191	127431	89.6862	151742	81.0593	0.9667
ESO1247101120S1K	EST1359007101S1K	na	NZ_CP049075.1	1754511	1154957	65.8279	1154151	99.9302	1139158	98.7009	806	0.0698	1139953	98.7009	22851	1.9785	7847	34.3399	7058	30.8871	8301	36.3266	7590	33.2152	127431	100.0000	147634	95.7009	0.9856
ESO1247101120S1K	EST1361001101S1K	na	NZ_CP049075.1	1754511	1023395	58.3294	1022908	99.9524	1009531	98.6923	487	0.0476	1010008	98.6919	19903	1.9448	6516	32.7388	6042	30.3572	7320	36.7784	6608	33.2010	127431	100.0000	155104	89.9326	0.9779
ESO1247101120S1K	EST1361002101S1K	na	NZ_CP049075.1	1754511	1185317	67.5583	1184208	99.9064	1168699	98.6903	1109	0.0936	1169789	98.6900	24492	2.0663	8964	36.5997	7912	32.3044	8150	33.2762	8456	34.5256	127431	100.0000	120862	100.0000	0.9904
ESO1247101120S1K	EST1361007101S1K	na	NZ_CP049075.1	1754511	1187966	67.7092	1186686	99.8923	1173169	98.8609	1280	0.1077	1174417	98.8595	23462	1.9750	9913	42.2513	8698	37.0727	7358	31.3614	7294	31.0886	127431	89.0388	126515	95.0488	0.9782
ESO1247101120S1K	EST2359005102S1K	na	NZ_CP049075.1	1754511	1138075	64.8657	1134753	99.7081	1120709	98.7624	3322	0.2919	1123965	98.7602	24235	2.1295	10125	41.7784	6874	28.3639	7819	32.2633	8765	36.1667	127431	94.0721	128523	89.9209	0.9776
ESO1247203120S1K	ESO1247206120S1K	na	NZ_CP049075.1	1754511	1386716	79.0372	1366136	98.5159	1357951	99.4009	20580	1.4841	1378388	99.3994	35040	2.5268	26712	76.2329	8505	24.2723	8954	25.5537	12749	36.3841	91787	46.4685	70823	58.8707	0.9537
ESO1247203120S1K	ESO1247208120S1K	na	NZ_CP049075.1	1754511	1386853	79.0450	1379558	99.4740	1363333	98.8239	7295	0.5260	1370534	98.8233	31092	2.2419	14773	47.5138	7596	24.4307	13314	42.8213	8866	28.5154	91787	91.9945	129263	72.5211	0.9685
ESO1247203120S1K	ESO1254306120S1K	na	NZ_CP049075.1	1754511	1262808	71.9749	1256408	99.4932	1242023	98.8551	6400	0.5068	1248331	98.8536	26944	2.1337	12467	46.2700	6193	22.9847	13101	48.6231	6643	24.6548	91787	50.6749	88346	59.9903	0.9485
ESO1247203120S1K	ESO1256801120S1K	na	NZ_CP049075.1	1754511	1410076	80.3686	1395910	98.9954	1384877	99.2096	14166	1.0046	1398971	99.2125	32951	2.3368	21846	66.2984	8736	26.5121	10285	31.2130	10211	30.9884	91787	75.0161	50342	100.0000	0.9752
ESO1247203120S1K	ESO1256804120S1K	na	NZ_CP049075.1	1754511	1400590	79.8279	1382132	98.6821	1372364	99.2933	18458	1.3179	1390695	99.2935	34767	2.4823	24872	71.5391	7874	22.6479	10229	29.4216	12681	36.4742	91787	65.5964	59514	100.0000	0.9804
ESO1247203120S1K	ESO1350502120S1K	na	NZ_CP049075.1	1754511	960131	54.7236	953781	99.3386	945151	99.0952	6350	0.6614	951454	99.0963	19910	2.0737	11233	56.4189	5181	26.0221	7587	38.1065	5639	28.3225	91787	79.9296	111375	67.8312	0.9653
ESO1247203120S1K	ESO1350804120S1K	na	NZ_CP049075.1	1754511	1109722	63.2496	1103929	99.4780	1092044	98.9234	5793	0.5220	1097779	98.9238	23707	2.1363	11764	49.6225	6077	25.6338	9608	40.5281	6795	28.6624	91787	100.0000	145498	71.9474	0.9672
ESO1247203120S1K	ESO1350807120S1K	na	NZ_CP049075.1	1754511	834096	47.5401	829680	99.4706	820670	98.9140	4416	0.5294	825045	98.9149	17762	2.1295	8711	49.0429	4344	24.4567	7433	41.8478	5124	28.8481	91787	85.8912	135115	63.6125	0.9580
ESO1247203120S1K	ESO1356601120S1K	na	NZ_CP049075.1	1754511	1219244	69.4920	1207078	99.0022	1198098	99.2561	12166	0.9978	1210183	99.2568	27891	2.2876	18830	67.5128	7773	27.8692	8148	29.2137	8790	31.5155	91787	67.4932	89625	65.7852	0.9597
ESO1247203120S1K	ESO1356602120S1K	na	NZ_CP049075.1	1754511	1259922	71.8104	1247837	99.0408	1238609	99.2605	12085	0.9592	1250601	99.2602	28527	2.2642	19206	67.3257	8109	28.4257	8788	30.8059	8350	29.2705	91787	100.0000	119872	71.8066	0.9706
ESO1247203120S1K	ESO1356803120S1K	na	NZ_CP049075.1	1754511	1068261	60.8865	1063021	99.5095	1051520	98.9181	5240	0.4905	1056708	98.9185	22592	2.1148	11039	48.8624	5857	25.9251	9265	41.0101	6361	28.1560	91787	67.4932	100878	61.5575	0.9526
ESO1247203120S1K	ESO1357103120S1K	na	NZ_CP049075.1	1754511	437181	24.9175	434969	99.4940	430170	98.8967	2212	0.5060	432367	98.8989	9222	2.1094	4408	47.7987	2211	23.9753	4030	43.6998	2505	27.1633	91787	86.9807	128644	71.9326	0.9635
ESO1247203120S1K	ESO1357104120S1K	na	NZ_CP049075.1	1754511	1353898	77.1667	1347048	99.4941	1331053	98.8126	6850	0.5059	1337812	98.8119	30240	2.2336	14154	46.8056	7419	24.5337	12865	42.5430	8659	28.6343	91787	93.0840	117357	74.1345	0.9735
ESO1247203120S1K	ESO1357107120S1K	na	NZ_CP049075.1	1754511	1371503	78.1701	1354488	98.7594	1343516	99.1900	17015	1.2406	1360401	99.1905	34529	2.5176	23427	67.8473	7620	22.0684	10620	30.7568	12808	37.0935	91787	47.4228	44994	100.0000	0.9700
ESO1247203120S1K	ESO1358301120S1K	na	NZ_CP049075.1	1754511	481577	27.4479	479160	99.4981	474166	98.9578	2417	0.5019	476555	98.9572	9861	2.0476	4839	49.0721	2451	24.8555	4092	41.4968	2766	28.0499	91787	60.5772	114929	58.1046	0.9413
ESO1247203120S1K	ESO1358304120S1K	na	NZ_CP049075.1	1754511	1378936	78.5938	1371836	99.4851	1355500	98.8092	7100	0.5149	1362507	98.8086	31373	2.2752	14944	47.6333	7977	25.4263	12996	41.4242	9041	28.8178	91787	67.4932	51874	100.0000	0.9709
ESO1247203120S1K	ESO1358602120S1K	na	NZ_CP049075.1	1754511	1185069	67.5441	1179130	99.4988	1166536	98.9319	5939	0.5012	1172416	98.9323	25278	2.1330	12625	49.9446	6786	26.8455	10170	40.2326	6899	27.2925	91787	87.9351	99829	83.5358	0.9802
ESO1247203120S1K	EST1212206101S1K	na	NZ_CP049075.1	1754511	1246785	71.0617	1240679	99.5103	1225705	98.7931	6106	0.4897	1231742	98.7935	28498	2.2857	13455	47.2138	7430	26.0720	11152	39.1326	8600	30.1776	91787	60.5772	85446	64.5425	0.9545
ESO1247203120S1K	EST1212704101S1K	na	NZ_CP049075.1	1754511	1173236	66.8697	1167391	99.5018	1154552	98.9002	5845	0.4982	1160332	98.9001	25114	2.1406	12210	48.6183	6444	25.6590	10141	40.3799	7287	29.0157	91787	60.5772	88279	62.9912	0.9532
ESO1247203120S1K	EST1232702101S1K	na	NZ_CP049075.1	1754511	1174289	66.9297	1168455	99.5032	1155400	98.8827	5834	0.4968	1161165	98.8824	25321	2.1563	12197	48.1695	6438	25.4255	10342	40.8436	7343	28.9996	91787	100.0000	126535	72.0204	0.9716
ESO1247203120S1K	EST1232710101S1K	na	NZ_CP049075.1	1754511	1341422	76.4556	1334470	99.4817	1318487	98.8023	6952	0.5183	1325344	98.8014	30914	2.3046	14836	47.9912	8057	26.0626	12213	39.5064	9120	29.5012	91787	86.9807	115001	68.1420	0.9684
ESO1247203120S1K	EST1232905101S1K	na	NZ_CP049075.1	1754511	1256036	71.5889	1249876	99.5096	1235906	98.8823	6160	0.4904	1242004	98.8828	27134	2.1603	13102	48.2863	7004	25.8126	11000	40.5395	7785	28.6909	91787	55.4283	90764	60.7675	0.9513
ESO1247203120S1K	EST1233822101S1K	na	NZ_CP049075.1	1754511	1224820	69.8098	1215055	99.2027	1203926	99.0841	9765	0.7973	1213614	99.0851	27767	2.2670	16561	59.6427	7338	26.4271	9492	34.1845	8661	31.1917	91787	91.9945	120979	74.4435	0.9698
ESO1247203120S1K	EST1233822201S1K	na	NZ_CP049075.1	1754511	1159821	66.1051	1153530	99.4576	1140311	98.8540	6291	0.5424	1146532	98.8542	26158	2.2553	12869	49.1972	6653	25.4339	10174	38.8944	8118	31.0345	91787	91.9945	142473	61.7268	0.9565
ESO1247203120S1K	EST1234702101S1K	na	NZ_CP049075.1	1754511	247558	14.1098	246245	99.4696	243780	98.9990	1313	0.5304	245074	98.9966	5091	2.0565	2607	51.2080	1313	25.7906	2087	40.9939	1414	27.7745	91787	42.4091	100029	44.3121	0.9462
ESO1247203120S1K	EST1234704101S1K	na	NZ_CP049075.1	1754511	1392166	79.3478	1384550	99.4529	1368078	98.8103	7616	0.5471	1375596	98.8098	32125	2.3076	15555	48.4202	8088	25.1767	12522	38.9790	9976	31.0537	91787	18.1682	50396	38.4832	0.9345
ESO1247203120S1K	EST1236807101S1K	na	NZ_CP049075.1	1754511	1276965	72.7818	1270603	99.5018	1256349	98.8782	6362	0.4982	1262646	98.8787	27405	2.1461	13086	47.7504	6803	24.8239	11868	43.3060	7527	27.4658	91787	91.9945	139782	70.7595	0.9624
ESO1247203120S1K	EST1237103201S1K	na	NZ_CP049075.1	1754511	1276200	72.7382	1269285	99.4582	1254165	98.8088	6915	0.5418	1260991	98.8083	29431	2.3061	14222	48.3232	7426	25.2319	11296	38.3813	9342	31.7420	91787	38.6100	83812	50.8746	0.9378
ESO1247203120S1K	EST1238001101S1K	na	NZ_CP049075.1	1754511	1037689	59.1441	1032410	99.4913	1020836	98.8789	5279	0.5087	1026062	98.8795	22189	2.1383	10562	47.6002	5342	24.0750	9709	43.7559	6095	27.4686	91787	21.0248	20057	100.0000	0.9570
ESO1247203120S1K	EST1238002101S1K	na	NZ_CP049075.1	1754511	1316815	75.0531	1309992	99.4819	1295422	98.8878	6823	0.5181	1302173	98.8881	29593	2.2473	14951	50.5221	8270	27.9458	11303	38.1948	8264	27.9255	91787	87.9351	111899	70.1213	0.9701
ESO1247203120S1K	EST1241101101S1K	na	NZ_CP049075.1	1754511	1396991	79.6228	1389167	99.4399	1373202	98.8508	7824	0.5601	1380911	98.8490	32110	2.2985	16030	49.9221	8416	26.2099	12545	39.0688	9490	29.5547	91787	93.0840	116967	74.3346	0.9764
ESO1247203120S1K	EST1241104101S1K	na	NZ_CP049075.1	1754511	1318537	75.1513	1312048	99.5079	1296840	98.8409	6489	0.4921	1303258	98.8412	27943	2.1192	12664	45.3208	6285	22.4922	13927	49.8407	6694	23.9559	91787	50.6749	93863	56.4514	0.9454
ESO1247203120S1K	EST1242101101S1K	na	NZ_CP049075.1	1754511	384405	21.9095	382391	99.4761	378378	98.9506	2014	0.5239	380374	98.9514	8068	2.0988	4037	50.0372	2042	25.3099	3347	41.4849	2218	27.4913	91787	52.5717	107133	51.0310	0.9481
ESO1247203120S1K	EST1242103101S1K	na	NZ_CP049075.1	1754511	1111981	63.3784	1106446	99.5022	1094257	98.8984	5535	0.4978	1099733	98.8985	23889	2.1483	11641	48.7295	6183	25.8822	9888	41.3914	6684	27.9794	91787	93.0840	123051	74.9437	0.9734
ESO1247203120S1K	EST1242207101S1K	na	NZ_CP049075.1	1754511	729739	41.5922	726210	99.5164	718964	99.0022	3529	0.4836	722452	99.0014	14749	2.0211	7462	50.5933	3975	26.9510	6100	41.3587	3885	26.3408	91787	100.0000	140321	74.2761	0.9643
ESO1247203120S1K	EST1242209101S1K	na	NZ_CP049075.1	1754511	1116066	63.6112	1110133	99.4684	1098169	98.9223	5933	0.5316	1104050	98.9234	24194	2.1678	12178	50.3348	6350	26.2462	9611	39.7247	7023	29.0279	91787	85.8912	127907	62.1436	0.9565
ESO1247203120S1K	EST1242704101S1K	na	NZ_CP049075.1	1754511	1431061	81.5647	1413206	98.7523	1401796	99.1926	17855	1.2477	1419516	99.1933	35950	2.5121	24405	67.8860	7815	21.7385	11423	31.7747	12749	35.4631	91787	81.0191	84615	92.5533	0.9812
ESO1247203120S1K	EST1242801101S1K	na	NZ_CP049075.1	1754511	1359539	77.4882	1352338	99.4703	1337022	98.8674	7201	0.5297	1344151	98.8681	29861	2.1964	14473	48.4679	7396	24.7681	12590	42.1620	8464	28.3447	91787	100.0000	106954	70.8725	0.9658
ESO1247203120S1K	EST1242802101S1K	na	NZ_CP049075.1	1754511	1326001	75.5767	1317523	99.3606	1303061	98.9023	8478	0.6394	1311446	98.9023	30360	2.2896	15805	52.0586	7602	25.0395	11639	38.3366	9289	30.5962	91787	58.6804	77610	69.1251	0.9631
ESO1247203120S1K	EST1242804101S1K	na	NZ_CP049075.1	1754511	1353636	77.1518	1342422	99.1716	1329125	99.0095	11214	0.8284	1340252	99.0113	31394	2.3192	18010	57.3676	7429	23.6638	11710	37.3001	9960	31.7258	91787	47.4228	69079	62.1694	0.9556
ESO1247203120S1K	EST1242805101S1K	na	NZ_CP049075.1	1754511	1253065	71.4196	1246769	99.4976	1232879	98.8859	6296	0.5024	1239112	98.8865	27130	2.1651	13177	48.5698	6952	25.6248	10951	40.3649	7868	29.0011	91787	100.0000	153813	69.5162	0.9625
ESO1247203120S1K	EST1247101101S1K	na	NZ_CP049075.1	1754511	891305	50.8008	886995	99.5164	877417	98.9202	4310	0.4836	881683	98.9205	18794	2.1086	9172	48.8028	4909	26.1200	7617	40.5289	5429	28.8869	91787	93.0840	120859	74.8773	0.9624
ESO1247203120S1K	EST1247106101S1K	na	NZ_CP049075.1	1754511	1305977	74.4354	1299210	99.4818	1283838	98.8168	6767	0.5182	1290498	98.8148	29992	2.2965	14513	48.3896	7917	26.3970	12015	40.0607	8700	29.0077	91787	67.4932	106665	66.6910	0.9556
ESO1247203120S1K	EST1247109101S1K	na	NZ_CP049075.1	1754511	1392281	79.3544	1385082	99.4829	1368523	98.8045	7199	0.5171	1375620	98.8033	31416	2.2564	14755	46.9665	7693	24.4875	13396	42.6407	9020	28.7115	91787	91.9945	129147	72.5298	0.9686
ESO1247203120S1K	EST1247203101S1K	na	NZ_CP049075.1	1754511	1201072	68.4562	1194442	99.4480	1183342	99.0707	6630	0.5520	1189934	99.0727	25302	2.1066	14164	55.9798	7630	30.1557	9228	36.4714	6380	25.2154	91787	87.0810	93469	67.6845	0.9620
ESO1247203120S1K	EST1247206101S1K	na	NZ_CP049075.1	1754511	1214000	69.1931	1208030	99.5082	1193390	98.7881	5970	0.4918	1199277	98.7872	27724	2.2837	13001	46.8944	7159	25.8224	11263	40.6255	8147	29.3861	91787	93.0840	127972	70.6584	0.9697
ESO1247203120S1K	EST1254306101S1K	na	NZ_CP049075.1	1754511	175585	10.0076	174716	99.5051	172820	98.9148	869	0.4949	173682	98.9162	3518	2.0036	1615	45.9068	755	21.4611	1864	52.9847	741	21.0631	91787	32.5068	76013	51.1610	0.9519
ESO1247203120S1K	EST1256811101S1K	na	NZ_CP049075.1	1754511	1177037	67.0863	1171062	99.4924	1157795	98.8671	5975	0.5076	1163703	98.8672	25432	2.1607	12098	47.5700	6198	24.3709	11059	43.4846	7026	27.6266	91787	91.9945	139306	70.6552	0.9627
ESO1247203120S1K	EST1350502101S1K	na	NZ_CP049075.1	1754511	678620	38.6786	674705	99.4231	668312	99.0525	3915	0.5769	672188	99.0522	13695	2.0181	7263	53.0340	3481	25.4180	5482	40.0292	3911	28.5579	91787	73.0136	126094	59.1321	0.9478
ESO1247203120S1K	EST1350510101S1K	na	NZ_CP049075.1	1754511	1099574	62.6713	1094121	99.5041	1081164	98.8158	5453	0.4959	1086536	98.8143	25405	2.3104	12367	48.6794	7033	27.6835	9671	38.0673	7373	29.0218	91787	93.0840	117862	74.2275	0.9763
ESO1247203120S1K	EST1350804101S1K	na	NZ_CP049075.1	1754511	1359638	77.4938	1351524	99.4032	1334919	98.7714	8114	0.5968	1342907	98.7695	32759	2.4094	16028	48.9270	8169	24.9367	12192	37.2173	10736	32.7727	91787	59.4877	75045	71.6650	0.9625
ESO1247203120S1K	EST1350807101S1K	na	NZ_CP049075.1	1754511	1312738	74.8207	1306242	99.5052	1291207	98.8490	6496	0.4948	1297635	98.8495	28889	2.2007	13786	47.7206	7363	25.4872	11738	40.6314	8466	29.3053	91787	100.0000	134701	68.7938	0.9703
ESO1247203120S1K	EST1356604101S1K	na	NZ_CP049075.1	1754511	1358278	77.4163	1350939	99.4597	1342377	99.3662	7339	0.5403	1349670	99.3663	26861	1.9776	18253	67.9535	11027	41.0521	8269	30.7844	5433	20.2264	91787	59.4932	91591	66.2893	0.9563
ESO1247203120S1K	EST1356611101S1K	na	NZ_CP049075.1	1754511	831446	47.3890	827247	99.4950	818272	98.9151	4199	0.5050	822430	98.9156	17737	2.1333	8721	49.1684	4602	25.9458	7178	40.4691	5075	28.6125	91787	18.9809	57584	34.9073	0.9386
ESO1247203120S1K	EST1357103101S1K	na	NZ_CP049075.1	1754511	957113	54.5516	952419	99.5096	942100	98.9165	4694	0.4904	946761	98.9184	19798	2.0685	9446	47.7119	4786	24.1742	8750	44.1964	5275	26.6441	91787	93.0840	133245	68.7395	0.9674
ESO1247203120S1K	EST1357107101S1K	na	NZ_CP049075.1	1754511	1333736	76.0175	1326606	99.4654	1310784	98.8073	7130	0.5346	1317795	98.8048	31086	2.3307	15145	48.7197	8231	26.4782	11872	38.1908	9438	30.3609	91787	49.3251	78769	54.4427	0.9505
ESO1247203120S1K	EST1358301101S1K	na	NZ_CP049075.1	1754511	792442	45.1660	788485	99.5007	779874	98.9079	3957	0.4993	783787	98.9078	16855	2.1270	8200	48.6503	4291	25.4583	6912	41.0086	4782	28.3714	91787	60.5772	94377	60.0401	0.9507
ESO1247203120S1K	EST1358301201S1K	na	NZ_CP049075.1	1754511	1281979	73.0676	1275489	99.4938	1261024	98.8659	6490	0.5062	1267437	98.8657	28242	2.2030	13700	48.5093	7294	25.8268	11310	40.0467	8265	29.2649	91787	67.4932	102933	59.1696	0.9507
ESO1247203120S1K	EST1358302101S1K	na	NZ_CP049075.1	1754511	842714	48.0313	838471	99.4965	829409	98.9192	4243	0.5035	833617	98.9205	17792	2.1113	8695	48.8703	4491	25.2417	7355	41.3388	4993	28.0632	91787	93.0840	133967	68.0697	0.9551
ESO1247203120S1K	EST1358602101S1K	na	NZ_CP049075.1	1754511	471186	26.8557	468865	99.5074	463914	98.9440	2321	0.4926	466223	98.9467	9833	2.0869	4870	49.5271	2567	26.1060	4046	41.1472	2658	27.0314	91787	68.9128	80640	80.1252	0.9789
ESO1247203120S1K	EST1359005101S1K	na	NZ_CP049075.1	1754511	1335489	76.1174	1327345	99.3902	1312506	98.8821	8144	0.6098	1320568	98.8827	30297	2.2686	15376	50.7509	7465	24.6394	11744	38.7629	9435	31.1417	91787	91.9945	136370	65.0216	0.9631
ESO1247203120S1K	EST1359006101S1K	na	NZ_CP049075.1	1754511	566201	32.2712	563304	99.4883	557036	98.8873	2897	0.5117	559901	98.8873	12171	2.1496	5871	48.2376	3012	24.7474	5075	41.6975	3500	28.7569	91787	85.0785	151742	58.8822	0.9451
ESO1247203120S1K	EST1359007101S1K	na	NZ_CP049075.1	1754511	1358125	77.4076	1351118	99.4841	1335678	98.8572	7007	0.5159	1342614	98.8579	29917	2.2028	14406	48.1532	7507	25.0928	12423	41.5249	8641	28.8832	91787	100.0000	147634	72.8443	0.9663
ESO1247203120S1K	EST1361001101S1K	na	NZ_CP049075.1	1754511	1163050	66.2891	1157251	99.5014	1144618	98.9084	5799	0.4986	1150354	98.9084	24578	2.1132	11882	48.3440	6160	25.0631	10444	42.4933	6788	27.6182	91787	100.0000	155104	66.9996	0.9619
ESO1247203120S1K	EST1361002101S1K	na	NZ_CP049075.1	1754511	1379049	78.6002	1371528	99.4546	1355387	98.8231	7521	0.5454	1362797	98.8215	31880	2.3117	15628	49.0213	8285	25.9881	12432	38.9962	9616	30.1631	91787	100.0000	120862	75.0881	0.9785
ESO1247203120S1K	EST1361007101S1K	na	NZ_CP049075.1	1754511	1398565	79.7125	1390783	99.4436	1374692	98.8430	7782	0.5564	1382388	98.8433	32254	2.3062	16077	49.8450	8480	26.2913	12561	38.9440	9668	29.9746	91787	91.9945	126515	68.4448	0.9583
ESO1247203120S1K	EST2359005102S1K	na	NZ_CP049075.1	1754511	1310657	74.7021	1301307	99.2866	1286882	98.8915	9350	0.7134	1296117	98.8906	30911	2.3584	16371	52.9617	7445	24.0853	11606	37.5465	9859	31.8948	91787	91.9945	128523	68.6819	0.9677
ESO1247206120S1K	ESO1247208120S1K	na	NZ_CP049075.1	1754511	1414743	80.6346	1397165	98.7575	1386129	99.2101	17578	1.2425	1403508	99.2059	34953	2.4706	23718	67.8568	6430	18.3961	16011	45.8072	7957	22.7649	70823	100.0000	129263	68.6291	0.9653
ESO1247206120S1K	ESO1254306120S1K	na	NZ_CP049075.1	1754511	1300259	74.1095	1284395	98.7799	1274811	99.2538	15864	1.2201	1290516	99.2507	30646	2.3569	20903	68.2079	5313	17.3367	16136	52.6529	5700	18.5995	70823	55.4439	88346	45.4350	0.9464
ESO1247206120S1K	ESO1256801120S1K	na	NZ_CP049075.1	1754511	1437189	81.9139	1414060	98.3907	1407391	99.5284	23129	1.6093	1430401	99.5277	36452	2.5363	29664	81.3783	9134	25.0576	13015	35.7045	8783	24.0947	70823	44.5561	50342	62.6852	0.9663
ESO1247206120S1K	ESO1256804120S1K	na	NZ_CP049075.1	1754511	1408162	80.2595	1382473	98.1757	1377029	99.6062	25689	1.8243	1402595	99.6047	36844	2.6165	31277	84.8903	9511	25.8142	11927	32.3716	10509	28.5230	70823	14.3146	59514	18.5200	0.9369
ESO1247206120S1K	ESO1350502120S1K	na	NZ_CP049075.1	1754511	959153	54.6678	947019	98.7349	943027	99.5785	12134	1.2651	955085	99.5759	20459	2.1330	16391	80.1163	4890	23.9015	8127	39.7233	3700	18.0850	70823	85.6854	111375	60.6797	0.9641
ESO1247206120S1K	ESO1350804120S1K	na	NZ_CP049075.1	1754511	1113500	63.4650	1100336	98.8178	1092720	99.3078	13164	1.1822	1105779	99.3066	25585	2.2977	17864	69.8222	4935	19.2886	11337	44.3111	5518	21.5673	70823	100.0000	145498	61.2428	0.9556
ESO1247206120S1K	ESO1350807120S1K	na	NZ_CP049075.1	1754511	835216	47.6039	825534	98.8408	819600	99.2812	9682	1.1592	829191	99.2786	18983	2.2728	12958	68.2611	3425	18.0425	8524	44.9033	4256	22.4201	70823	100.0000	135115	58.9032	0.9618
ESO1247206120S1K	ESO1356601120S1K	na	NZ_CP049075.1	1754511	1245178	70.9701	1225372	98.4094	1218124	99.4085	19806	1.5906	1237786	99.4063	32230	2.5884	24838	77.0648	7126	22.1098	11904	36.9345	8993	27.9026	70823	100.0000	89625	76.6047	0.9818
ESO1247206120S1K	ESO1356602120S1K	na	NZ_CP049075.1	1754511	1286478	73.3240	1266054	98.4124	1258230	99.3820	20424	1.5876	1278450	99.3760	33656	2.6161	25628	76.1469	7282	21.6366	13116	38.9708	9011	26.7738	70823	100.0000	119872	64.0517	0.9597
ESO1247206120S1K	ESO1356803120S1K	na	NZ_CP049075.1	1754511	1078385	61.4636	1066041	98.8553	1058535	99.2959	12344	1.1447	1070759	99.2928	24681	2.2887	17055	69.1017	4843	19.6224	10959	44.4026	5250	21.2714	70823	100.0000	100878	69.5950	0.9751
ESO1247206120S1K	ESO1357103120S1K	na	NZ_CP049075.1	1754511	431924	24.6179	427019	98.8644	424700	99.4569	4905	1.1356	429566	99.4541	9199	2.1298	6841	74.3668	1975	21.4697	4112	44.7005	1514	16.4583	70823	100.0000	128644	62.7911	0.9657
ESO1247206120S1K	ESO1357104120S1K	na	NZ_CP049075.1	1754511	1378921	78.5929	1362018	98.7742	1353428	99.3693	16903	1.2258	1370175	99.3657	32168	2.3328	23422	72.8115	6757	21.0053	14178	44.0749	5872	18.2542	70823	100.0000	117357	61.9724	0.9700
ESO1247206120S1K	ESO1357107120S1K	na	NZ_CP049075.1	1754511	1376471	78.4533	1351785	98.2066	1345030	99.5003	24686	1.7934	1369558	99.4978	36865	2.6782	29952	81.2478	8444	22.9052	12441	33.7475	11021	29.8956	70823	44.5561	44994	70.1427	0.9694
ESO1247206120S1K	ESO1358301120S1K	na	NZ_CP049075.1	1754511	476691	27.1695	471375	98.8848	468084	99.3018	5316	1.1152	473351	99.2993	10584	2.2203	7244	68.4429	1978	18.6886	4801	45.3609	2298	21.7120	70823	100.0000	114929	67.0901	0.9702
ESO1247206120S1K	ESO1358304120S1K	na	NZ_CP049075.1	1754511	1387939	79.1069	1370881	98.7710	1359969	99.2040	17058	1.2290	1376855	99.2014	34542	2.4887	23458	67.9115	6665	19.2954	15454	44.7397	7891	22.8447	70823	58.8707	51874	73.7807	0.9606
ESO1247206120S1K	ESO1358602120S1K	na	NZ_CP049075.1	1754511	1180891	67.3060	1167020	98.8254	1160736	99.4615	13871	1.1746	1174479	99.4570	26002	2.2019	19590	75.3404	5918	22.7598	10767	41.4084	4633	17.8179	70823	44.5561	99829	31.8535	0.9376
ESO1247206120S1K	EST1212206101S1K	na	NZ_CP049075.1	1754511	1287589	73.3873	1272036	98.7921	1261492	99.1711	15553	1.2079	1276846	99.1656	32268	2.5061	21525	66.7070	6204	19.2265	13828	42.8536	7654	23.7201	70823	100.0000	85446	78.9071	0.9831
ESO1247206120S1K	EST1212704101S1K	na	NZ_CP049075.1	1754511	1185403	67.5632	1171670	98.8415	1163076	99.2665	13733	1.1585	1176683	99.2644	27605	2.3287	18885	68.4115	5294	19.1777	12217	44.2565	6133	22.2170	70823	100.0000	88279	79.5115	0.9820
ESO1247206120S1K	EST1232702101S1K	na	NZ_CP049075.1	1754511	1183687	67.4654	1169848	98.8309	1161304	99.2696	13839	1.1691	1174996	99.2658	27600	2.3317	18909	68.5109	5252	19.0290	12238	44.3406	6213	22.5109	70823	100.0000	126535	53.3007	0.9589
ESO1247206120S1K	EST1232710101S1K	na	NZ_CP049075.1	1754511	1385258	78.9541	1367895	98.7466	1357777	99.2603	17363	1.2534	1374955	99.2562	34445	2.4865	24142	70.0885	7199	20.9000	14409	41.8319	7481	21.7187	70823	100.0000	115001	63.1673	0.9715
ESO1247206120S1K	EST1232905101S1K	na	NZ_CP049075.1	1754511	1271736	72.4838	1257013	98.8423	1247385	99.2341	14723	1.1577	1261959	99.2312	30070	2.3645	20293	67.4859	5744	19.1021	13392	44.5361	6737	22.4044	70823	85.6854	90764	68.5217	0.9736
ESO1247206120S1K	EST1233822101S1K	na	NZ_CP049075.1	1754511	1240173	70.6848	1222332	98.5614	1214319	99.3444	17841	1.4386	1232007	99.3415	31026	2.5017	22860	73.6801	6201	19.9865	12288	39.6055	8232	26.5326	70823	100.0000	120979	58.9111	0.9660
ESO1247206120S1K	EST1233822201S1K	na	NZ_CP049075.1	1754511	1177305	67.1016	1162770	98.7654	1154029	99.2483	14535	1.2346	1168426	99.2458	28623	2.4312	19744	68.9795	5380	18.7961	12165	42.5008	7031	24.5642	70823	100.0000	142473	49.8151	0.9531
ESO1247206120S1K	EST1234702101S1K	na	NZ_CP049075.1	1754511	244196	13.9182	241486	98.8902	239805	99.3039	2710	1.1098	242486	99.2997	5477	2.2429	3767	68.7785	1086	19.8284	2421	44.2030	1188	21.6907	70823	85.6854	100029	69.1060	0.9766
ESO1247206120S1K	EST1234704101S1K	na	NZ_CP049075.1	1754511	1425530	81.2494	1407579	98.7407	1396055	99.1813	17951	1.2593	1413827	99.1790	36234	2.5418	24531	67.7016	6963	19.2168	15449	42.6368	8815	24.3280	70823	55.4439	50396	66.1441	0.9643
ESO1247206120S1K	EST1236807101S1K	na	NZ_CP049075.1	1754511	1286430	73.3213	1271366	98.8290	1262193	99.2785	15064	1.1710	1277109	99.2754	29756	2.3131	20435	68.6752	5552	18.6584	13837	46.5015	6287	21.1285	70823	100.0000	139782	63.7893	0.9590
ESO1247206120S1K	EST1237103201S1K	na	NZ_CP049075.1	1754511	1295344	73.8293	1279327	98.7635	1269137	99.2035	16017	1.2365	1284968	99.1990	32237	2.4887	21861	67.8134	6091	18.8944	13598	42.1813	8018	24.8720	70823	41.1293	83812	35.6464	0.9401
ESO1247206120S1K	EST1238001101S1K	na	NZ_CP049075.1	1754511	1033266	58.8920	1021325	98.8443	1015059	99.3865	11941	1.1557	1026911	99.3850	22771	2.2038	16416	72.0917	4569	20.0650	10306	45.2593	4122	18.1020	70823	0.0000	20057	0.0000	0.9482
ESO1247206120S1K	EST1238002101S1K	na	NZ_CP049075.1	1754511	1362298	77.6455	1345229	98.7470	1336943	99.3840	17069	1.2530	1353867	99.3811	33042	2.4255	24611	74.4840	7944	24.0421	13029	39.4316	6437	19.4813	70823	85.6854	111899	52.5099	0.9614
ESO1247206120S1K	EST1241101101S1K	na	NZ_CP049075.1	1754511	1431541	81.5920	1413339	98.7285	1402388	99.2252	18202	1.2715	1420418	99.2230	36171	2.5267	25048	69.2488	7368	20.3699	15209	42.0475	8399	23.2203	70823	100.0000	116967	61.7978	0.9698
ESO1247206120S1K	EST1241104101S1K	na	NZ_CP049075.1	1754511	1351403	77.0245	1335170	98.7988	1324726	99.2178	16233	1.2012	1340801	99.2155	31924	2.3623	21322	66.7899	5315	16.6489	17191	53.8498	5895	18.4657	70823	55.4439	93863	48.8872	0.9491
ESO1247206120S1K	EST1242101101S1K	na	NZ_CP049075.1	1754511	381900	21.7667	377590	98.8714	375147	99.3530	4310	1.1286	379412	99.3485	8490	2.2231	6002	70.6949	1740	20.4947	3795	44.6996	1720	20.2591	70823	100.0000	107133	77.1144	0.9784
ESO1247206120S1K	EST1242103101S1K	na	NZ_CP049075.1	1754511	1121767	63.9362	1108446	98.8125	1100600	99.2922	13321	1.1875	1113777	99.2877	26101	2.3268	18111	69.3881	4978	19.0721	11791	45.1745	5565	21.3210	70823	100.0000	123051	59.5322	0.9662
ESO1247206120S1K	EST1242207101S1K	na	NZ_CP049075.1	1754511	723471	41.2349	715389	98.8829	710557	99.3246	8082	1.1171	718578	99.3237	15890	2.1964	10997	69.2070	2978	18.7413	7217	45.4185	3332	20.9692	70823	100.0000	140321	64.2669	0.9587
ESO1247206120S1K	EST1242209101S1K	na	NZ_CP049075.1	1754511	1125707	64.1607	1112388	98.8168	1104519	99.2926	13319	1.1832	1117730	99.2914	26173	2.3250	18196	69.5220	5139	19.6347	11413	43.6060	5862	22.3971	70823	100.0000	127907	57.7732	0.9617
ESO1247206120S1K	EST1242704101S1K	na	NZ_CP049075.1	1754511	1439716	82.0580	1414429	98.2436	1408105	99.5529	25287	1.7564	1433226	99.5492	37738	2.6212	31248	82.8025	10005	26.5117	12453	32.9986	10222	27.0868	70823	44.5561	84615	37.2854	0.9464
ESO1247206120S1K	EST1242801101S1K	na	NZ_CP049075.1	1754511	1376341	78.4458	1359454	98.7731	1351199	99.3928	16887	1.2269	1367962	99.3912	31594	2.2955	23215	73.4791	6630	20.9850	13850	43.8374	5881	18.6143	70823	100.0000	106954	50.1907	0.9541
ESO1247206120S1K	EST1242802101S1K	na	NZ_CP049075.1	1754511	1356837	77.3342	1339096	98.6925	1329641	99.2939	17741	1.3075	1347247	99.2932	33530	2.4712	23940	71.3987	7082	21.1214	13876	41.3838	7738	23.0778	70823	55.4439	77610	44.7352	0.9497
ESO1247206120S1K	EST1242804101S1K	na	NZ_CP049075.1	1754511	1376590	78.4600	1356616	98.5490	1349274	99.4588	19974	1.4510	1369107	99.4564	33569	2.4386	26086	77.7086	7760	23.1166	13206	39.3399	7501	22.3450	70823	85.6854	69079	83.5739	0.9819
ESO1247206120S1K	EST1242805101S1K	na	NZ_CP049075.1	1754511	1256297	71.6038	1241473	98.8200	1232539	99.2804	14824	1.1800	1247225	99.2779	29337	2.3352	20265	69.0766	5600	19.0885	12925	44.0570	6494	22.1359	70823	100.0000	153813	57.7435	0.9507
ESO1247206120S1K	EST1247101101S1K	na	NZ_CP049075.1	1754511	898316	51.2004	887999	98.8515	881598	99.2792	10317	1.1485	891819	99.2768	20659	2.2997	14162	68.5512	3947	19.1055	9219	44.6246	4572	22.1308	70823	100.0000	120859	56.1009	0.9625
ESO1247206120S1K	EST1247106101S1K	na	NZ_CP049075.1	1754511	1344829	76.6498	1328034	98.7511	1317245	99.1876	16795	1.2489	1333853	99.1838	34117	2.5369	23141	67.8284	6681	19.5826	14982	43.9136	7728	22.6515	70823	100.0000	106665	83.1857	0.9787
ESO1247206120S1K	EST1247109101S1K	na	NZ_CP049075.1	1754511	1422376	81.0697	1404701	98.7574	1393202	99.1814	17675	1.2426	1410658	99.1762	35637	2.5055	23919	67.1184	6600	18.5201	16271	45.6576	8202	23.0154	70823	100.0000	129147	68.6133	0.9653
ESO1247206120S1K	EST1247203101S1K	na	NZ_CP049075.1	1754511	1230908	70.1568	1215729	98.7668	1214946	99.9356	15179	1.2332	1230115	99.9356	24503	1.9906	23710	96.7637	8846	36.1017	7457	30.4330	1282	5.2320	70823	100.0000	93469	78.1478	0.9865
ESO1247206120S1K	EST1247206101S1K	na	NZ_CP049075.1	1754511	1257257	71.6585	1241671	98.7603	1238224	99.7224	15586	1.2397	1253773	99.7229	27132	2.1580	23648	87.1591	8264	30.4585	9552	35.2057	2494	9.1921	70823	100.0000	127972	57.5438	0.9647
ESO1247206120S1K	EST1254306101S1K	na	NZ_CP049075.1	1754511	175202	9.9858	173279	98.9024	172082	99.3092	1923	1.0976	173991	99.3088	3743	2.1364	2532	67.6463	624	16.6711	2076	55.4635	615	16.4307	70823	41.1293	76013	48.8390	0.9387
ESO1247206120S1K	EST1256811101S1K	na	NZ_CP049075.1	1754511	1185640	67.5767	1171595	98.8154	1163106	99.2754	14045	1.1846	1177002	99.2714	27594	2.3274	18956	68.6961	5105	18.5004	12928	46.8508	5871	21.2764	70823	100.0000	139306	63.8860	0.9593
ESO1247206120S1K	EST1350502101S1K	na	NZ_CP049075.1	1754511	682261	38.8861	674173	98.8145	670413	99.4423	8088	1.1855	678410	99.4356	14621	2.1430	10770	73.6612	3052	20.8741	6353	43.4512	3028	20.7099	70823	85.6854	126094	52.8796	0.9554
ESO1247206120S1K	EST1350510101S1K	na	NZ_CP049075.1	1754511	1148199	65.4427	1133826	98.7482	1127148	99.4110	14373	1.2518	1141368	99.4051	28001	2.4387	21170	75.6044	7111	25.3955	10766	38.4486	5117	18.2743	70823	100.0000	117862	61.7222	0.9720
ESO1247206120S1K	EST1350804101S1K	na	NZ_CP049075.1	1754511	1400281	79.8103	1381877	98.6857	1369715	99.1199	18404	1.3143	1387912	99.1167	37314	2.6648	24945	66.8516	7211	19.3252	15269	40.9203	9844	26.3815	70823	100.0000	75045	84.7918	0.9882
ESO1247206120S1K	EST1350807101S1K	na	NZ_CP049075.1	1754511	1330976	75.8602	1315261	98.8193	1304992	99.2192	15715	1.1807	1320555	99.2170	31886	2.3957	21465	67.3179	5965	18.7073	14177	44.4615	7241	22.7090	70823	100.0000	134701	54.2862	0.9564
ESO1247206120S1K	EST1356604101S1K	na	NZ_CP049075.1	1754511	1364160	77.7516	1347328	98.7661	1336588	99.2029	16832	1.2339	1353229	99.1987	33607	2.4636	22676	67.4740	6200	18.4485	14721	43.8034	8154	24.2628	70823	55.4439	91591	50.6567	0.9423
ESO1247206120S1K	EST1356611101S1K	na	NZ_CP049075.1	1754511	843825	48.0946	834071	98.8441	827861	99.2555	9754	1.1559	837527	99.2536	19612	2.3242	13314	67.8870	3696	18.8456	8741	44.5697	4355	22.2058	70823	55.4439	57584	88.7087	0.9645
ESO1247206120S1K	EST1357103101S1K	na	NZ_CP049075.1	1754511	953315	54.3351	942553	98.8711	937408	99.4541	10762	1.1289	948093	99.4522	20045	2.1027	14823	73.9486	4146	20.6835	9033	45.0636	3322	16.5727	70823	100.0000	133245	59.1189	0.9629
ESO1247206120S1K	EST1357107101S1K	na	NZ_CP049075.1	1754511	1377545	78.5145	1360377	98.7537	1349026	99.1656	17168	1.2463	1365981	99.1605	35473	2.5751	23909	67.4006	7197	20.2887	14753	41.5894	8543	24.0831	70823	85.6854	78769	77.7349	0.9805
ESO1247206120S1K	EST1358301101S1K	na	NZ_CP049075.1	1754511	798030	45.4845	788891	98.8548	783183	99.2765	9139	1.1452	792241	99.2746	18358	2.3004	12569	68.4661	3516	19.1524	8201	44.6726	4037	21.9904	70823	100.0000	94377	72.6702	0.9792
ESO1247206120S1K	EST1358301201S1K	na	NZ_CP049075.1	1754511	1302926	74.2615	1287656	98.8280	1277990	99.2493	15270	1.1720	1293121	99.2475	30977	2.3775	21172	68.3475	6063	19.5726	13526	43.6647	7027	22.6846	70823	100.0000	102933	66.0060	0.9729
ESO1247206120S1K	EST1358302101S1K	na	NZ_CP049075.1	1754511	841085	47.9384	831530	98.8640	825719	99.3012	9555	1.1360	835184	99.2984	18832	2.2390	12931	68.6650	3478	18.4686	8403	44.6209	4202	22.3131	70823	100.0000	133967	51.2589	0.9553
ESO1247206120S1K	EST1358602101S1K	na	NZ_CP049075.1	1754511	469685	26.7701	464195	98.8311	461789	99.4817	5490	1.1689	467239	99.4792	10098	2.1500	7652	75.7774	2210	21.8855	4283	42.4143	1739	17.2212	70823	44.5561	80640	39.3800	0.9487
ESO1247206120S1K	EST1359005101S1K	na	NZ_CP049075.1	1754511	1350782	76.9891	1333434	98.7157	1323416	99.2487	17348	1.2843	1340599	99.2461	33351	2.4690	23168	69.4672	6363	19.0789	14272	42.7933	8235	24.6919	70823	100.0000	136370	55.3963	0.9603
ESO1247206120S1K	EST1359006101S1K	na	NZ_CP049075.1	1754511	562033	32.0336	555524	98.8419	551451	99.2668	6509	1.1581	557910	99.2664	12931	2.3008	8808	68.1154	2368	18.3126	5892	45.5649	2883	22.2953	70823	100.0000	151742	50.6135	0.9512
ESO1247206120S1K	EST1359007101S1K	na	NZ_CP049075.1	1754511	1367685	77.9525	1351236	98.7973	1340628	99.2149	16449	1.2027	1356918	99.2128	32946	2.4089	22179	67.3192	5935	18.0143	15193	46.1149	7522	22.8313	70823	100.0000	147634	59.0541	0.9544
ESO1247206120S1K	EST1361001101S1K	na	NZ_CP049075.1	1754511	1161440	66.1974	1148119	98.8531	1139964	99.2897	13321	1.1469	1153172	99.2881	26377	2.2711	18109	68.6545	4947	18.7550	12213	46.3017	5575	21.1358	70823	100.0000	155104	57.3261	0.9499
ESO1247206120S1K	EST1361002101S1K	na	NZ_CP049075.1	1754511	1408128	80.2576	1390204	98.7271	1379107	99.2018	17924	1.2729	1396815	99.1966	35812	2.5432	24499	68.4100	6990	19.5186	15271	42.6421	8606	24.0311	70823	100.0000	120862	59.9245	0.9676
ESO1247206120S1K	EST1361007101S1K	na	NZ_CP049075.1	1754511	1427159	81.3423	1409090	98.7339	1397941	99.2088	18069	1.2661	1415829	99.2061	36282	2.5423	24952	68.7724	7362	20.2911	15354	42.3185	8716	24.0229	70823	100.0000	126515	60.5683	0.9557
ESO1247206120S1K	EST2359005102S1K	na	NZ_CP049075.1	1754511	1343437	76.5705	1324514	98.5914	1314577	99.2498	18923	1.4086	1333304	99.2457	34842	2.5935	24709	70.9173	6862	19.6946	14411	41.3610	8890	25.5152	70823	100.0000	128523	54.1693	0.9586
ESO1247208120S1K	ESO1254306120S1K	na	NZ_CP049075.1	1754511	1300037	74.0968	1298700	99.8972	1282241	98.7327	1337	0.1028	1283527	98.7300	24800	1.9076	8290	33.4274	7015	28.2863	10302	41.5403	7485	30.1815	129263	75.5746	88346	93.1610	0.9627
ESO1247208120S1K	ESO1256801120S1K	na	NZ_CP049075.1	1754511	1431431	81.5858	1421969	99.3390	1407083	98.9531	9462	0.6610	1416404	98.9502	32185	2.2484	17158	53.3105	7924	24.6202	8887	27.6122	13239	41.1341	129263	46.9709	50342	85.5429	0.9454
ESO1247208120S1K	ESO1256804120S1K	na	NZ_CP049075.1	1754511	1407794	80.2385	1393448	98.9810	1381407	99.1359	14346	1.0190	1395577	99.1322	33077	2.3496	20860	63.0650	6745	20.3918	8007	24.2072	14820	44.8045	129263	48.0957	59514	87.6348	0.9501
ESO1247208120S1K	ESO1350502120S1K	na	NZ_CP049075.1	1754511	973838	55.5048	971582	99.7683	960757	98.8858	2256	0.2317	962987	98.8857	18321	1.8813	7470	40.7729	5244	28.6229	5718	31.2101	6888	37.5962	129263	100.0000	111375	100.0000	0.9877
ESO1247208120S1K	ESO1350804120S1K	na	NZ_CP049075.1	1754511	1132748	64.5620	1131720	99.9092	1117503	98.7438	1028	0.0908	1118502	98.7424	21836	1.9277	7590	34.7591	6595	30.2024	7289	33.3807	7909	36.2200	129263	100.0000	145498	91.7243	0.9870
ESO1247208120S1K	ESO1350807120S1K	na	NZ_CP049075.1	1754511	840498	47.9050	839953	99.9352	829189	98.7185	545	0.0648	829719	98.7175	15888	1.8903	5109	32.1563	4579	28.8205	5370	33.7991	6008	37.8147	129263	91.8182	135115	90.2490	0.9781
ESO1247208120S1K	ESO1356601120S1K	na	NZ_CP049075.1	1754511	1233849	70.3244	1225704	99.3399	1212870	98.9529	8145	0.6601	1220916	98.9518	27505	2.2292	14572	52.9795	6580	23.9229	7465	27.1405	11617	42.2360	129263	76.8108	89625	91.8962	0.9673
ESO1247208120S1K	ESO1356602120S1K	na	NZ_CP049075.1	1754511	1286795	73.3421	1278994	99.3938	1265005	98.9062	7801	0.6062	1272689	98.9038	28783	2.2368	14677	50.9919	7038	24.4519	8322	28.9129	11690	40.6143	129263	100.0000	119872	93.7041	0.9849
ESO1247208120S1K	ESO1356803120S1K	na	NZ_CP049075.1	1754511	1084462	61.8099	1083894	99.9476	1070110	98.7283	568	0.0524	1070651	98.7265	20724	1.9110	6913	33.3575	6377	30.7711	6996	33.7580	7454	35.9680	129263	76.8108	100878	86.3885	0.9646
ESO1247208120S1K	ESO1357103120S1K	na	NZ_CP049075.1	1754511	437393	24.9296	437229	99.9625	432028	98.8105	164	0.0375	432188	98.8100	7910	1.8084	2705	34.1972	2545	32.1745	2704	34.1846	2691	34.0202	129263	91.8182	128644	90.1309	0.9683
ESO1247208120S1K	ESO1357104120S1K	na	NZ_CP049075.1	1754511	1378262	78.5553	1376935	99.9037	1359275	98.7174	1327	0.0963	1360558	98.7155	27489	1.9945	9785	35.5961	8558	31.1325	9526	34.6539	9454	34.3919	129263	100.0000	117357	93.8836	0.9790
ESO1247208120S1K	ESO1357107120S1K	na	NZ_CP049075.1	1754511	1385653	78.9766	1372858	99.0766	1359912	99.0570	12795	0.9234	1372573	99.0560	32568	2.3504	19488	59.8379	6866	21.0820	7984	24.5149	14665	45.0289	129263	49.3320	44994	100.0000	0.9507
ESO1247208120S1K	ESO1358301120S1K	na	NZ_CP049075.1	1754511	484427	27.6104	484284	99.9705	478187	98.7410	143	0.0295	478321	98.7395	8891	1.8354	2785	31.3238	2652	29.8279	3020	33.9669	3271	36.7900	129263	76.8108	114929	76.9945	0.9624
ESO1247208120S1K	ESO1358304120S1K	na	NZ_CP049075.1	1754511	1392316	79.3564	1390853	99.8949	1372247	98.6623	1463	0.1051	1373654	98.6596	28663	2.0587	10001	34.8917	8646	30.1643	9957	34.7382	10146	35.3976	129263	49.3320	51874	85.3935	0.9458
ESO1247208120S1K	ESO1358602120S1K	na	NZ_CP049075.1	1754511	1188515	67.7405	1187757	99.9362	1172819	98.7423	758	0.0638	1173560	98.7417	22846	1.9222	7891	34.5400	7169	31.3797	7556	33.0736	8120	35.5423	129263	72.5211	99829	76.1703	0.9520
ESO1247208120S1K	EST1212206101S1K	na	NZ_CP049075.1	1754511	1278867	72.8902	1277828	99.9188	1260075	98.6107	1039	0.0812	1261065	98.6080	26960	2.1081	9158	33.9688	8197	30.4043	8893	32.9859	9971	36.9844	129263	76.8108	85446	91.6520	0.9650
ESO1247208120S1K	EST1212704101S1K	na	NZ_CP049075.1	1754511	1191859	67.9311	1191128	99.9387	1175793	98.7126	731	0.0613	1176504	98.7117	23058	1.9346	7703	33.4071	7018	30.4363	7715	33.4591	8442	36.6120	129263	76.8108	88279	91.8667	0.9662
ESO1247208120S1K	EST1232702101S1K	na	NZ_CP049075.1	1754511	1194864	68.1024	1194014	99.9289	1178686	98.7163	850	0.0711	1179502	98.7143	23162	1.9385	7800	33.6758	6991	30.1831	7788	33.6240	8434	36.4131	129263	100.0000	126535	90.0217	0.9820
ESO1247208120S1K	EST1232710101S1K	na	NZ_CP049075.1	1754511	1369979	78.0832	1368199	99.8701	1349582	98.6393	1780	0.1299	1351283	98.6353	29322	2.1403	10626	36.2390	9012	30.7346	9617	32.7979	10651	36.3243	129263	91.8182	115001	88.3253	0.9734
ESO1247208120S1K	EST1232905101S1K	na	NZ_CP049075.1	1754511	1276228	72.7398	1275507	99.9435	1258579	98.6728	721	0.0565	1259272	98.6714	25180	1.9730	8224	32.6608	7532	29.9126	8587	34.1025	9208	36.5687	129263	76.8108	90764	86.6213	0.9620
ESO1247208120S1K	EST1233822101S1K	na	NZ_CP049075.1	1754511	1251823	71.3488	1246693	99.5902	1231809	98.8061	5130	0.4098	1236871	98.8056	26984	2.1556	12032	44.5894	6975	25.8487	8044	29.8103	11111	41.1763	129263	100.0000	120979	100.0000	0.9872
ESO1247208120S1K	EST1233822201S1K	na	NZ_CP049075.1	1754511	1188071	67.7152	1186656	99.8809	1170548	98.6426	1415	0.1191	1171926	98.6411	24658	2.0755	8513	34.5243	7138	28.9480	7996	32.4276	9650	39.1354	129263	100.0000	142473	83.4362	0.9766
ESO1247208120S1K	EST1234702101S1K	na	NZ_CP049075.1	1754511	248783	14.1796	248715	99.9727	245638	98.7628	68	0.0273	245702	98.7616	4589	1.8446	1508	32.8612	1444	31.4666	1539	33.5367	1629	35.4979	129263	51.9043	100029	69.1060	0.9565
ESO1247208120S1K	EST1234704101S1K	na	NZ_CP049075.1	1754511	1435136	81.7969	1433210	99.8658	1413621	98.6332	1926	0.1342	1415493	98.6313	30583	2.1310	10940	35.7715	9128	29.8466	9762	31.9197	11693	38.2337	129263	52.3854	50396	87.8264	0.9462
ESO1247208120S1K	EST1236807101S1K	na	NZ_CP049075.1	1754511	1325450	75.5453	1324562	99.9330	1323182	99.8958	888	0.0670	1324069	99.8958	17830	1.3452	16449	92.2546	15591	87.4425	1094	6.1357	940	5.2720	129263	100.0000	139782	96.3050	0.9935
ESO1247208120S1K	EST1237103201S1K	na	NZ_CP049075.1	1754511	1305051	74.3826	1303447	99.8771	1285322	98.6095	1604	0.1229	1286880	98.6076	27737	2.1254	9566	34.4882	8026	28.9361	8865	31.9609	10905	39.3157	129263	58.8498	83812	86.5210	0.9527
ESO1247208120S1K	EST1238001101S1K	na	NZ_CP049075.1	1754511	1040536	59.3063	1039898	99.9387	1027348	98.7932	638	0.0613	1027969	98.7923	19316	1.8564	6749	34.9399	6131	31.7405	6705	34.7122	6554	33.9304	129263	24.9066	20057	60.4776	0.9282
ESO1247208120S1K	EST1238002101S1K	na	NZ_CP049075.1	1754511	1352403	77.0815	1350718	99.8754	1331969	98.6119	1685	0.1246	1333583	98.6084	29128	2.1538	10308	35.3886	8785	30.1600	9592	32.9305	10779	37.0056	129263	100.0000	111899	87.8775	0.9715
ESO1247208120S1K	EST1241101101S1K	na	NZ_CP049075.1	1754511	1437356	81.9235	1435029	99.8381	1415887	98.6661	2327	0.1619	1418140	98.6631	30656	2.1328	11440	37.3173	9244	30.1540	9940	32.4243	11321	36.9291	129263	100.0000	116967	93.8684	0.9835
ESO1247208120S1K	EST1241104101S1K	na	NZ_CP049075.1	1754511	1353124	77.1226	1351920	99.9110	1334731	98.7285	1204	0.0890	1335878	98.7255	25697	1.8991	8451	32.8871	7326	28.5092	10894	42.3941	7548	29.3731	129263	75.5746	93863	93.7249	0.9661
ESO1247208120S1K	EST1242101101S1K	na	NZ_CP049075.1	1754511	388568	22.1468	388416	99.9609	383536	98.7436	152	0.0391	383684	98.7431	7252	1.8663	2368	32.6531	2220	30.6122	2420	33.3701	2643	36.4451	129263	76.8108	107133	87.4380	0.9716
ESO1247208120S1K	EST1242103101S1K	na	NZ_CP049075.1	1754511	1132935	64.5727	1132088	99.9252	1117779	98.7361	847	0.0748	1118598	98.7345	21823	1.9262	7486	34.3033	6668	30.5549	7408	33.9458	7754	35.5313	129263	100.0000	123051	93.9480	0.9813
ESO1247208120S1K	EST1242207101S1K	na	NZ_CP049075.1	1754511	741690	42.2733	741358	99.9552	732185	98.7627	332	0.0448	732506	98.7617	13655	1.8411	4471	32.7426	4150	30.3918	4753	34.8078	4817	35.2765	129263	100.0000	140321	94.7698	0.9863
ESO1247208120S1K	EST1242209101S1K	na	NZ_CP049075.1	1754511	1136223	64.7601	1135113	99.9023	1120314	98.6963	1110	0.0977	1121400	98.6954	22391	1.9707	7568	33.7993	6483	28.9536	7400	33.0490	8536	38.1225	129263	91.8182	127907	90.0224	0.9755
ESO1247208120S1K	EST1242704101S1K	na	NZ_CP049075.1	1754511	1435037	81.7913	1421958	99.0886	1408762	99.0720	13079	0.9114	1421700	99.0706	33493	2.3339	20156	60.1797	7266	21.6941	8397	25.0709	14491	43.2658	129263	55.7963	84615	85.7850	0.9525
ESO1247208120S1K	EST1242801101S1K	na	NZ_CP049075.1	1754511	1378972	78.5958	1377349	99.8823	1360193	98.7544	1623	0.1177	1361782	98.7534	27001	1.9581	9811	36.3357	8285	30.6840	9259	34.2913	9450	34.9987	129263	100.0000	106954	93.1999	0.9721
ESO1247208120S1K	EST1242802101S1K	na	NZ_CP049075.1	1754511	1353612	77.1504	1350253	99.7518	1333016	98.7234	3359	0.2482	1336317	98.7223	28701	2.1203	11406	39.7408	8118	28.2847	9144	31.8595	10836	37.7548	129263	75.5746	77610	90.5914	0.9604
ESO1247208120S1K	EST1242804101S1K	na	NZ_CP049075.1	1754511	1375888	78.4200	1369753	99.5541	1354502	98.8866	6135	0.4459	1360550	98.8852	29106	2.1154	13768	47.3030	7759	26.6577	8805	30.2515	11200	38.4800	129263	76.8108	69079	100.0000	0.9642
ESO1247208120S1K	EST1242805101S1K	na	NZ_CP049075.1	1754511	1274135	72.6205	1273271	99.9322	1256666	98.6959	864	0.0678	1257498	98.6943	25022	1.9638	8385	33.5105	7577	30.2814	8328	33.2827	9205	36.7876	129263	100.0000	153813	87.9308	0.9848
ESO1247208120S1K	EST1247101101S1K	na	NZ_CP049075.1	1754511	908778	51.7967	908125	99.9281	896371	98.7057	653	0.0719	897001	98.7041	17529	1.9289	5752	32.8142	5123	29.2259	6027	34.3830	6412	36.5794	129263	100.0000	120859	93.6637	0.9726
ESO1247208120S1K	EST1247106101S1K	na	NZ_CP049075.1	1754511	1342712	76.5291	1341118	99.8813	1322896	98.6413	1594	0.1187	1324417	98.6375	28459	2.1195	10164	35.7145	8718	30.6335	9635	33.8557	10151	35.6689	129263	76.8108	106665	93.4140	0.9774
ESO1247208120S1K	EST1247109101S1K	na	NZ_CP049075.1	1754511	1466486	83.5837	1464834	99.8873	1464312	99.9644	1652	0.1127	1465961	99.9642	21041	1.4348	20516	97.5049	19168	91.0983	770	3.6595	646	3.0702	129263	100.0000	129147	100.0000	0.9997
ESO1247208120S1K	EST1247203101S1K	na	NZ_CP049075.1	1754511	1221843	69.6401	1220192	99.8649	1204354	98.7020	1651	0.1351	1205968	98.7007	24819	2.0313	8944	36.0369	7353	29.6265	8314	33.4985	9117	36.7340	129263	91.1746	93469	92.0391	0.9689
ESO1247208120S1K	EST1247206101S1K	na	NZ_CP049075.1	1754511	1231869	70.2115	1230595	99.8966	1214254	98.6721	1274	0.1034	1215480	98.6696	25616	2.0794	9227	36.0205	8058	31.4569	8680	33.8851	8934	34.8766	129263	100.0000	127972	89.7876	0.9767
ESO1247208120S1K	EST1254306101S1K	na	NZ_CP049075.1	1754511	175233	9.9876	175150	99.9526	173106	98.8330	83	0.0474	173184	98.8307	2945	1.6806	896	30.4244	818	27.7759	1264	42.9202	876	29.7453	129263	50.6680	76013	100.0000	0.9558
ESO1247208120S1K	EST1256811101S1K	na	NZ_CP049075.1	1754511	1215780	69.2945	1214893	99.9270	1213939	99.9215	887	0.0730	1214825	99.9214	16333	1.3434	15378	94.1529	14570	89.2059	838	5.1307	751	4.5981	129263	100.0000	139306	96.2859	0.9937
ESO1247208120S1K	EST1350502101S1K	na	NZ_CP049075.1	1754511	687669	39.1943	686418	99.8181	678882	98.9021	1251	0.1819	680110	98.9008	12484	1.8154	4925	39.4505	3701	29.6459	4124	33.0343	4460	35.7257	129263	83.2752	126094	86.7583	0.9630
ESO1247208120S1K	EST1350510101S1K	na	NZ_CP049075.1	1754511	1130881	64.4556	1129462	99.8745	1113294	98.5685	1419	0.1255	1114652	98.5649	25084	2.2181	8855	35.3014	7542	30.0670	8400	33.4875	9162	36.5253	129263	100.0000	117862	93.8182	0.9839
ESO1247208120S1K	EST1350804101S1K	na	NZ_CP049075.1	1754511	1399475	79.7644	1396596	99.7943	1376781	98.5812	2879	0.2057	1379572	98.5778	31498	2.2507	11595	36.8119	8877	28.1827	9736	30.9099	12618	40.0597	129263	76.8108	75045	100.0000	0.9676
ESO1247208120S1K	EST1350807101S1K	na	NZ_CP049075.1	1754511	1340545	76.4056	1339680	99.9355	1321724	98.6597	865	0.0645	1322555	98.6580	26924	2.0084	8934	33.1823	8115	30.1404	9069	33.6837	9853	36.5956	129263	100.0000	134701	85.7640	0.9780
ESO1247208120S1K	EST1356604101S1K	na	NZ_CP049075.1	1754511	1360166	77.5239	1358458	99.8744	1340077	98.6469	1708	0.1256	1341729	98.6445	28163	2.0706	9726	34.5347	8097	28.7505	9348	33.1925	10724	38.0783	129263	67.3928	91591	85.1077	0.9592
ESO1247208120S1K	EST1356611101S1K	na	NZ_CP049075.1	1754511	847235	48.2890	846576	99.9222	835584	98.7016	659	0.0778	836223	98.7002	16492	1.9466	5480	33.2282	4847	29.3900	5568	33.7618	6106	37.0240	129263	44.2037	57584	88.7087	0.9534
ESO1247208120S1K	EST1357103101S1K	na	NZ_CP049075.1	1754511	964659	54.9816	964230	99.9555	952602	98.7941	429	0.0445	953015	98.7929	17438	1.8077	5794	33.2263	5388	30.8980	6132	35.1646	5978	34.2815	129263	100.0000	133245	89.6574	0.9793
ESO1247208120S1K	EST1357107101S1K	na	NZ_CP049075.1	1754511	1368364	77.9912	1366333	99.8516	1347254	98.6036	2031	0.1484	1349177	98.5978	29907	2.1856	10720	35.8445	8878	29.6854	9677	32.3570	11300	37.7838	129263	68.6291	78769	84.4266	0.9556
ESO1247208120S1K	EST1358301101S1K	na	NZ_CP049075.1	1754511	803175	45.7777	802725	99.9440	792501	98.7263	450	0.0560	792931	98.7246	15411	1.9188	5167	33.5280	4738	30.7443	5242	34.0147	5485	35.5915	129263	76.8108	94377	84.3426	0.9676
ESO1247208120S1K	EST1358301201S1K	na	NZ_CP049075.1	1754511	1307291	74.5103	1306291	99.9235	1289103	98.6842	1000	0.0765	1290065	98.6823	26065	1.9938	8839	33.9114	7878	30.2244	8719	33.4510	9576	36.7389	129263	76.8108	102933	81.9922	0.9613
ESO1247208120S1K	EST1358302101S1K	na	NZ_CP049075.1	1754511	854385	48.6965	853935	99.9473	842900	98.7077	450	0.0527	843334	98.7066	16224	1.8989	5173	31.8849	4744	29.2406	5564	34.2949	5987	36.9021	129263	100.0000	133967	85.1441	0.9687
ESO1247208120S1K	EST1358602101S1K	na	NZ_CP049075.1	1754511	474900	27.0674	474666	99.9507	468776	98.7591	234	0.0493	469001	98.7578	8858	1.8652	2959	33.4048	2734	30.8648	2952	33.3258	3197	36.0917	129263	43.1253	80640	70.0322	0.9424
ESO1247208120S1K	EST1359005101S1K	na	NZ_CP049075.1	1754511	1365030	77.8012	1362337	99.8027	1344604	98.6983	2693	0.1973	1347245	98.6971	28425	2.0824	10640	37.4318	8006	28.1653	9188	32.3237	10886	38.2973	129263	100.0000	136370	89.2484	0.9840
ESO1247208120S1K	EST1359006101S1K	na	NZ_CP049075.1	1754511	576226	32.8425	575882	99.9403	568541	98.7253	344	0.0597	568878	98.7248	10954	1.9010	3606	32.9195	3269	29.8430	3745	34.1884	3956	36.1147	129263	100.0000	151742	81.0593	0.9614
ESO1247208120S1K	EST1359007101S1K	na	NZ_CP049075.1	1754511	1372375	78.2198	1371064	99.9045	1353948	98.7516	1311	0.0955	1355226	98.7504	26901	1.9602	9752	36.2514	8490	31.5602	9038	33.5973	9450	35.1288	129263	100.0000	147634	90.7731	0.9864
ESO1247208120S1K	EST1361001101S1K	na	NZ_CP049075.1	1754511	1173081	66.8609	1172480	99.9488	1157929	98.7590	601	0.0512	1158510	98.7579	21961	1.8721	7390	33.6506	6811	31.0141	7563	34.4383	7676	34.9529	129263	100.0000	155104	85.1313	0.9799
ESO1247208120S1K	EST1361002101S1K	na	NZ_CP049075.1	1754511	1417905	80.8148	1415876	99.8569	1396422	98.6260	2029	0.1431	1398387	98.6235	30456	2.1480	10938	35.9141	9055	29.7314	9980	32.7686	11418	37.4901	129263	100.0000	120862	94.0759	0.9859
ESO1247208120S1K	EST1361007101S1K	na	NZ_CP049075.1	1754511	1431009	81.5617	1428756	99.8426	1409478	98.6507	2253	0.1574	1411651	98.6472	30630	2.1404	11272	36.8005	9187	29.9935	10041	32.7816	11375	37.1368	129263	100.0000	126515	95.0488	0.9834
ESO1247208120S1K	EST2359005102S1K	na	NZ_CP049075.1	1754511	1346770	76.7604	1342341	99.6711	1324963	98.7054	4429	0.3289	1329293	98.7023	29613	2.1988	12136	40.9820	7848	26.5019	9354	31.5875	11480	38.7668	129263	100.0000	128523	89.9209	0.9818
ESO1254306120S1K	ESO1256801120S1K	na	NZ_CP049075.1	1754511	1311149	74.7302	1302718	99.3570	1290215	99.0402	8431	0.6430	1298566	99.0403	27511	2.0982	14928	54.2619	6648	24.1649	6188	22.4928	12838	46.6650	88346	36.5167	50342	22.8577	0.9332
ESO1254306120S1K	ESO1256804120S1K	na	NZ_CP049075.1	1754511	1300569	74.1271	1288002	99.0337	1277162	99.1584	12567	0.9663	1289596	99.1563	28862	2.2192	17889	61.9812	5497	19.0458	6037	20.9168	14729	51.0325	88346	59.9903	59514	78.5933	0.9679
ESO1254306120S1K	ESO1350502120S1K	na	NZ_CP049075.1	1754511	861775	49.1177	859791	99.7698	850003	98.8616	1984	0.2302	851972	98.8625	15650	1.8160	5847	37.3610	3893	24.8754	4491	28.6965	6968	44.5240	88346	80.8967	111375	66.6586	0.9583
ESO1254306120S1K	ESO1350804120S1K	na	NZ_CP049075.1	1754511	1030042	58.7082	1029134	99.9118	1016309	98.7538	908	0.0882	1017195	98.7528	18950	1.8397	6103	32.2058	5218	27.5356	5593	29.5145	8078	42.6280	88346	93.1610	145498	69.9398	0.9585
ESO1254306120S1K	ESO1350807120S1K	na	NZ_CP049075.1	1754511	734243	41.8489	733801	99.9398	724619	98.7487	442	0.0602	725056	98.7488	13282	1.8089	4095	30.8312	3658	27.5410	3991	30.0482	5668	42.6743	88346	84.3185	135115	62.5667	0.9556
ESO1254306120S1K	ESO1356601120S1K	na	NZ_CP049075.1	1754511	1170989	66.7416	1163499	99.3604	1151491	98.9679	7490	0.6396	1158897	98.9674	24970	2.1324	12878	51.5739	5500	22.0264	5809	23.2639	12191	48.8226	88346	54.2775	89625	50.4324	0.9387
ESO1254306120S1K	ESO1356602120S1K	na	NZ_CP049075.1	1754511	1209564	68.9402	1202386	99.4066	1189623	98.9385	7178	0.5934	1196714	98.9376	25712	2.1257	12862	50.0233	5794	22.5342	6344	24.6733	12085	47.0014	88346	93.1610	119872	67.4077	0.9517
ESO1254306120S1K	ESO1356803120S1K	na	NZ_CP049075.1	1754511	967902	55.1665	967395	99.9476	955320	98.7518	507	0.0524	955812	98.7509	17609	1.8193	5519	31.3419	5027	28.5479	5232	29.7121	7388	41.9558	88346	54.2775	100878	49.7819	0.9359
ESO1254306120S1K	ESO1357103120S1K	na	NZ_CP049075.1	1754511	379448	21.6270	379280	99.9557	374906	98.8468	168	0.0443	375068	98.8457	6485	1.7091	2105	32.4595	1943	29.9614	1963	30.2699	2585	39.8612	88346	84.3185	128644	65.3874	0.9639
ESO1254306120S1K	ESO1357104120S1K	na	NZ_CP049075.1	1754511	1274381	72.6345	1273298	99.9150	1257854	98.7871	1083	0.0850	1258892	98.7846	23687	1.8587	8198	34.6097	7174	30.2867	7023	29.6492	9492	40.0726	88346	93.1610	117357	66.9819	0.9637
ESO1254306120S1K	ESO1357107120S1K	na	NZ_CP049075.1	1754511	1248080	71.1355	1236932	99.1068	1225315	99.0608	11148	0.8932	1236352	99.0603	28171	2.2571	16443	58.3685	5438	19.3035	5961	21.1601	14581	51.7589	88346	8.8425	44994	17.4934	0.9301
ESO1254306120S1K	ESO1358301120S1K	na	NZ_CP049075.1	1754511	406686	23.1795	406541	99.9643	401530	98.7674	145	0.0357	401672	98.7671	7095	1.7446	2081	29.3305	1939	27.3291	2156	30.3876	3028	42.6779	88346	61.1165	114929	60.9220	0.9334
ESO1254306120S1K	ESO1358304120S1K	na	NZ_CP049075.1	1754511	1267136	72.2216	1265995	99.9100	1250074	98.7424	1141	0.0900	1251174	98.7403	24150	1.9059	8188	33.9048	7098	29.3913	7146	29.5901	9932	41.1263	88346	21.1068	51874	34.2214	0.9271
ESO1254306120S1K	ESO1358602120S1K	na	NZ_CP049075.1	1754511	1078145	61.4499	1077399	99.9308	1063880	98.7452	746	0.0692	1064602	98.7439	19771	1.8338	6228	31.5007	5513	27.8843	5842	29.5483	8408	42.5269	88346	47.7260	99829	39.0237	0.9338
ESO1254306120S1K	EST1212206101S1K	na	NZ_CP049075.1	1754511	1208617	68.8863	1207713	99.9252	1191336	98.6440	904	0.0748	1192208	98.6423	23999	1.9857	7590	31.6263	6730	28.0428	6905	28.7720	10416	43.4018	88346	54.2775	85446	54.7270	0.9424
ESO1254306120S1K	EST1212704101S1K	na	NZ_CP049075.1	1754511	1071344	61.0623	1070684	99.9384	1057108	98.7320	660	0.0616	1057750	98.7311	19709	1.8397	6115	31.0264	5478	27.7944	5745	29.1491	8523	43.2442	88346	54.2775	88279	55.8966	0.9436
ESO1254306120S1K	EST1232702101S1K	na	NZ_CP049075.1	1754511	1071613	61.0776	1070938	99.9370	1057270	98.7237	675	0.0630	1057917	98.7219	19782	1.8460	6086	30.7653	5439	27.4947	5834	29.4915	8539	43.1655	88346	93.1610	126535	60.4505	0.9520
ESO1254306120S1K	EST1232710101S1K	na	NZ_CP049075.1	1754511	1284867	73.2322	1283475	99.8917	1266372	98.6674	1392	0.1083	1267695	98.6635	25752	2.0043	8580	33.3178	7301	28.3512	7332	28.4716	11083	43.0374	88346	84.3185	115001	60.9186	0.9540
ESO1254306120S1K	EST1232905101S1K	na	NZ_CP049075.1	1754511	1151914	65.6544	1151270	99.9441	1136395	98.7079	644	0.0559	1137018	98.7068	21407	1.8584	6511	30.4153	5903	27.5751	6306	29.4577	9240	43.1635	88346	42.0132	90764	45.6624	0.9333
ESO1254306120S1K	EST1233822101S1K	na	NZ_CP049075.1	1754511	1160562	66.1473	1155952	99.6028	1142554	98.8410	4610	0.3972	1147105	98.8405	23661	2.0388	10204	43.1258	5676	23.9888	6129	25.9034	11094	46.8873	88346	93.1610	120979	69.4782	0.9621
ESO1254306120S1K	EST1233822201S1K	na	NZ_CP049075.1	1754511	1105940	63.0341	1104608	99.8796	1090197	98.6954	1332	0.1204	1091505	98.6948	21601	1.9532	7166	33.1744	5859	27.1237	6145	28.4478	9651	44.6785	88346	100.0000	142473	61.3197	0.9495
ESO1254306120S1K	EST1234702101S1K	na	NZ_CP049075.1	1754511	202324	11.5316	202216	99.9466	199680	98.7459	108	0.0534	199786	98.7456	3634	1.7961	1096	30.1596	990	27.2427	1128	31.0402	1531	42.1299	88346	40.0097	100029	55.6879	0.9410
ESO1254306120S1K	EST1234704101S1K	na	NZ_CP049075.1	1754511	1312252	74.7930	1310688	99.8808	1293179	98.6641	1564	0.1192	1294708	98.6631	26050	1.9851	8506	32.6526	6989	26.8292	7311	28.0653	11738	45.0595	88346	54.2775	50396	87.8264	0.9654
ESO1254306120S1K	EST1236807101S1K	na	NZ_CP049075.1	1754511	1184096	67.4887	1183324	99.9348	1168985	98.7882	772	0.0652	1169737	98.7873	21307	1.7994	6948	32.6090	6205	29.1219	6615	31.0461	8505	39.9165	88346	93.1610	139782	73.7005	0.9616
ESO1254306120S1K	EST1237103201S1K	na	NZ_CP049075.1	1754511	1232615	70.2540	1231183	99.8838	1214698	98.6610	1432	0.1162	1216100	98.6602	24585	1.9945	8070	32.8249	6698	27.2443	6880	27.9845	11032	44.8729	88346	80.8967	83812	86.5210	0.9753
ESO1254306120S1K	EST1238001101S1K	na	NZ_CP049075.1	1754511	948423	54.0563	947848	99.9394	937175	98.8740	575	0.0606	937740	98.8736	16222	1.7104	5539	34.1450	4975	30.6682	4885	30.1134	6346	39.1197	88346	8.8425	20057	31.6947	0.9446
ESO1254306120S1K	EST1238002101S1K	na	NZ_CP049075.1	1754511	1260814	71.8613	1259426	99.8899	1241993	98.6158	1388	0.1101	1243324	98.6128	25658	2.0350	8168	31.8341	6876	26.7987	7406	28.8643	11398	44.4228	88346	80.8967	111899	50.2355	0.9459
ESO1254306120S1K	EST1241101101S1K	na	NZ_CP049075.1	1754511	1304004	74.3229	1302039	99.8493	1284588	98.6597	1965	0.1507	1286479	98.6561	26460	2.0291	8935	33.7680	7073	26.7309	7553	28.5450	11665	44.0854	88346	93.1610	116967	66.9274	0.9636
ESO1254306120S1K	EST1241104101S1K	na	NZ_CP049075.1	1754511	1312927	74.8315	1311900	99.9218	1302111	99.2538	1027	0.0782	1303114	99.2526	19930	1.5180	10117	50.7627	9142	45.8705	5648	28.3392	5113	25.6548	88346	100.0000	93863	100.0000	0.9963
ESO1254306120S1K	EST1242101101S1K	na	NZ_CP049075.1	1754511	327757	18.6808	327611	99.9555	323501	98.7455	146	0.0445	323641	98.7442	5806	1.7714	1690	29.1078	1551	26.7137	1746	30.0723	2520	43.4034	88346	61.1165	107133	69.7666	0.9371
ESO1254306120S1K	EST1242103101S1K	na	NZ_CP049075.1	1754511	1016319	57.9261	1015680	99.9371	1002660	98.7181	639	0.0629	1003279	98.7169	18757	1.8456	5717	30.4793	5098	27.1792	5727	30.5326	7956	42.4162	88346	93.1610	123051	68.3074	0.9660
ESO1254306120S1K	EST1242207101S1K	na	NZ_CP049075.1	1754511	642495	36.6196	642231	99.9589	634548	98.8037	264	0.0411	634806	98.8033	11180	1.7401	3491	31.2254	3234	28.9267	3347	29.9374	4646	41.5564	88346	93.1610	140321	71.9087	0.9561
ESO1254306120S1K	EST1242209101S1K	na	NZ_CP049075.1	1754511	1011397	57.6455	1010458	99.9072	997679	98.7353	939	0.0928	998600	98.7347	18807	1.8595	6010	31.9562	5094	27.0857	5349	28.4415	8384	44.5791	88346	84.3185	127907	60.7488	0.9537
ESO1254306120S1K	EST1242704101S1K	na	NZ_CP049075.1	1754511	1308051	74.5536	1296357	99.1060	1284390	99.0769	11694	0.8940	1295976	99.0769	29322	2.2417	17247	58.8193	5716	19.4939	6226	21.2332	14756	50.3240	88346	47.7260	84615	48.4997	0.9452
ESO1254306120S1K	EST1242801101S1K	na	NZ_CP049075.1	1754511	1264732	72.0846	1263408	99.8953	1248697	98.8356	1324	0.1047	1250001	98.8352	23081	1.8250	8350	36.1769	7064	30.6053	6711	29.0759	9251	40.0806	88346	93.1610	106954	77.3239	0.9739
ESO1254306120S1K	EST1242802101S1K	na	NZ_CP049075.1	1754511	1277044	72.7863	1273977	99.7598	1258079	98.7521	3067	0.2402	1261105	98.7519	25522	1.9985	9583	37.5480	6577	25.7699	7163	28.0660	11290	44.2363	88346	93.1610	77610	90.5914	0.9841
ESO1254306120S1K	EST1242804101S1K	na	NZ_CP049075.1	1754511	1262242	71.9427	1256895	99.5764	1243775	98.9562	5347	0.4236	1249066	98.9561	24906	1.9732	11730	47.0971	6478	26.0098	6315	25.3553	11015	44.2263	88346	42.0132	69079	46.5728	0.9389
ESO1254306120S1K	EST1242805101S1K	na	NZ_CP049075.1	1754511	1151812	65.6486	1151029	99.9320	1136086	98.7018	783	0.0680	1136848	98.7008	21594	1.8748	6630	30.7030	5871	27.1881	6439	29.8185	9362	43.3546	88346	93.1610	153813	67.3987	0.9532
ESO1254306120S1K	EST1247101101S1K	na	NZ_CP049075.1	1754511	806925	45.9914	806440	99.9399	796185	98.7284	485	0.0601	796661	98.7280	14746	1.8274	4482	30.3947	4009	27.1870	4431	30.0488	6321	42.8659	88346	93.1610	120859	67.5399	0.9608
ESO1254306120S1K	EST1247106101S1K	na	NZ_CP049075.1	1754511	1247791	71.1190	1246576	99.9026	1229709	98.6469	1215	0.0974	1230860	98.6431	24858	1.9922	7927	31.8891	6794	27.3312	7368	29.6404	10698	43.0364	88346	54.2775	106665	63.8326	0.9419
ESO1254306120S1K	EST1247109101S1K	na	NZ_CP049075.1	1754511	1305744	74.4221	1304402	99.8972	1287564	98.7091	1342	0.1028	1288837	98.7052	25308	1.9382	8401	33.1950	7157	28.2796	7598	30.0221	10561	41.7299	88346	93.1610	129147	75.5945	0.9630
ESO1254306120S1K	EST1247203101S1K	na	NZ_CP049075.1	1754511	1155356	65.8506	1153793	99.8647	1138808	98.7012	1563	0.1353	1140325	98.6990	22442	1.9424	7411	33.0229	5923	26.3925	6709	29.8948	9819	43.7528	88346	81.9516	93469	52.4901	0.9498
ESO1254306120S1K	EST1247206101S1K	na	NZ_CP049075.1	1754511	1189328	67.7869	1188258	99.9100	1173474	98.7558	1070	0.0900	1174502	98.7534	22889	1.9245	8063	35.2265	7080	30.9319	6501	28.4023	9282	40.5522	88346	93.1610	127972	65.1111	0.9610
ESO1254306120S1K	EST1254306101S1K	na	NZ_CP049075.1	1754511	159863	9.1115	159754	99.9318	159693	99.9618	109	0.0682	159802	99.9618	1644	1.0284	1583	96.2895	1475	89.7202	78	4.7445	67	4.0754	88346	72.0542	76013	100.0000	0.9830
ESO1254306120S1K	EST1256811101S1K	na	NZ_CP049075.1	1754511	1110450	63.2911	1109667	99.9295	1096218	98.7880	783	0.0705	1096969	98.7860	19995	1.8006	6514	32.5781	5779	28.9022	6160	30.8077	8087	40.4451	88346	93.1610	139306	73.5740	0.9621
ESO1254306120S1K	EST1350502101S1K	na	NZ_CP049075.1	1754511	609809	34.7566	608743	99.8252	602005	98.8931	1066	0.1748	603053	98.8921	10621	1.7417	3865	36.3902	2821	26.5606	3108	29.2628	4543	42.7738	88346	87.7357	126094	68.0310	0.9578
ESO1254306120S1K	EST1350510101S1K	na	NZ_CP049075.1	1754511	1093051	62.2995	1091912	99.8958	1076220	98.5629	1139	0.1042	1077287	98.5578	22850	2.0905	7086	31.0109	6033	26.4026	6717	29.3961	10164	44.4814	88346	93.1610	117862	62.6317	0.9616
ESO1254306120S1K	EST1350804101S1K	na	NZ_CP049075.1	1754511	1286115	73.3033	1283725	99.8142	1265801	98.6038	2390	0.1858	1268113	98.6003	27372	2.1283	9370	34.2321	7100	25.9389	7293	26.6440	12774	46.6681	88346	54.2775	75045	50.6962	0.9484
ESO1254306120S1K	EST1350807101S1K	na	NZ_CP049075.1	1754511	1223989	69.7624	1223210	99.9364	1207061	98.6798	779	0.0636	1207812	98.6783	23366	1.9090	7189	30.7669	6439	27.5571	6913	29.5857	10056	43.0369	88346	93.1610	134701	58.2846	0.9523
ESO1254306120S1K	EST1356604101S1K	na	NZ_CP049075.1	1754511	1263701	72.0258	1262247	99.8849	1245922	98.7067	1454	0.1151	1247341	98.7054	24411	1.9317	8051	32.9810	6651	27.2459	7004	28.6920	10748	44.0293	88346	84.3185	91591	85.1077	0.9693
ESO1254306120S1K	EST1356611101S1K	na	NZ_CP049075.1	1754511	756043	43.0914	755525	99.9315	745926	98.7295	518	0.0685	746434	98.7290	13865	1.8339	4256	30.6960	3749	27.0393	4082	29.4410	6055	43.6711	88346	45.4350	57584	88.7087	0.9598
ESO1254306120S1K	EST1357103101S1K	na	NZ_CP049075.1	1754511	859863	49.0087	859473	99.9546	849727	98.8660	390	0.0454	850110	98.8657	14541	1.6911	4788	32.9276	4407	30.3074	4404	30.2868	5743	39.4952	88346	93.1610	133245	65.8779	0.9631
ESO1254306120S1K	EST1357107101S1K	na	NZ_CP049075.1	1754511	1260431	71.8394	1258891	99.8778	1241070	98.5844	1540	0.1222	1242531	98.5799	26099	2.0706	8199	31.4150	6768	25.9320	7509	28.7712	11835	45.3466	88346	33.1707	78769	37.7065	0.9310
ESO1254306120S1K	EST1358301101S1K	na	NZ_CP049075.1	1754511	708583	40.3864	708255	99.9537	699333	98.7403	328	0.0463	699650	98.7393	12861	1.8150	3928	30.5419	3612	28.0849	3883	30.1921	5377	41.8086	88346	54.2775	94377	50.8885	0.9383
ESO1254306120S1K	EST1358301201S1K	na	NZ_CP049075.1	1754511	1178961	67.1960	1178170	99.9329	1162630	98.6810	791	0.0671	1163402	98.6803	22360	1.8966	6801	30.4159	6029	26.9633	6599	29.5125	9781	43.7433	88346	54.2775	102933	45.9182	0.9330
ESO1254306120S1K	EST1358302101S1K	na	NZ_CP049075.1	1754511	752835	42.9085	752464	99.9507	743307	98.7831	371	0.0493	743674	98.7831	13307	1.7676	4146	31.1565	3783	28.4286	3880	29.1576	5662	42.5490	88346	93.1610	133967	61.2905	0.9537
ESO1254306120S1K	EST1358602101S1K	na	NZ_CP049075.1	1754511	422772	24.0963	422557	99.9491	417225	98.7382	215	0.0509	417434	98.7374	7571	1.7908	2233	29.4941	2024	26.7336	2261	29.8640	3269	43.1779	88346	34.5132	80640	50.5270	0.9424
ESO1254306120S1K	EST1359005101S1K	na	NZ_CP049075.1	1754511	1230490	70.1329	1228187	99.8128	1212507	98.7233	2303	0.1872	1214771	98.7225	24120	1.9602	8401	34.8300	6142	25.4643	6861	28.4453	10856	45.0083	88346	100.0000	136370	68.3574	0.9582
ESO1254306120S1K	EST1359006101S1K	na	NZ_CP049075.1	1754511	501721	28.5961	501364	99.9288	495061	98.7428	357	0.0712	495413	98.7427	9116	1.8169	2808	30.8030	2456	26.9416	2823	30.9675	3826	41.9702	88346	100.0000	151742	66.7772	0.9517
ESO1254306120S1K	EST1359007101S1K	na	NZ_CP049075.1	1754511	1244205	70.9146	1243072	99.9089	1227157	98.7197	1133	0.0911	1228263	98.7187	23475	1.8867	7533	32.0895	6428	27.3823	7258	30.9180	9833	41.8871	88346	93.1610	147634	69.2950	0.9549
ESO1254306120S1K	EST1361001101S1K	na	NZ_CP049075.1	1754511	1059529	60.3888	1058886	99.9393	1046114	98.7938	643	0.0607	1046743	98.7932	18868	1.7808	6082	32.2345	5460	28.9379	5609	29.7276	7788	41.2762	88346	93.1610	155104	64.7211	0.9502
ESO1254306120S1K	EST1361002101S1K	na	NZ_CP049075.1	1754511	1288778	73.4551	1287132	99.8723	1269507	98.6307	1646	0.1277	1271098	98.6282	26262	2.0377	8582	32.6784	7020	26.7306	7580	28.8630	11624	44.2617	88346	93.1610	120862	63.6106	0.9594
ESO1254306120S1K	EST1361007101S1K	na	NZ_CP049075.1	1754511	1299968	74.0929	1298076	99.8545	1280034	98.6101	1892	0.1455	1281854	98.6066	26746	2.0574	8632	32.2740	6846	25.5964	7717	28.8529	12149	45.4236	88346	93.1610	126515	70.0747	0.9555
ESO1254306120S1K	EST2359005102S1K	na	NZ_CP049075.1	1754511	1247707	71.1142	1243716	99.6801	1228087	98.7434	3991	0.3199	1232004	98.7415	25865	2.0730	10162	39.2886	6278	24.2722	7080	27.3729	11839	45.7723	88346	93.1610	128523	61.1665	0.9546
ESO1256801120S1K	ESO1256804120S1K	na	NZ_CP049075.1	1754511	1428160	81.3993	1407986	98.5874	1399070	99.3668	20174	1.4126	1419112	99.3665	35426	2.4805	26378	74.4594	8143	22.9859	10178	28.7303	12871	36.3321	50342	37.3148	59514	63.1095	0.9579
ESO1256801120S1K	ESO1350502120S1K	na	NZ_CP049075.1	1754511	977309	55.7026	969955	99.2475	961579	99.1365	7354	0.7525	968881	99.1376	20433	2.0907	12005	58.7530	4976	24.3528	7794	38.1442	5930	29.0217	50342	85.5429	111375	57.7517	0.9558
ESO1256801120S1K	ESO1350804120S1K	na	NZ_CP049075.1	1754511	1136120	64.7542	1128938	99.3678	1117741	99.0082	7182	0.6322	1124857	99.0086	24267	2.1360	13004	53.5872	5943	24.4900	9659	39.8030	6846	28.2112	50342	100.0000	145498	57.0228	0.9433
ESO1256801120S1K	ESO1350807120S1K	na	NZ_CP049075.1	1754511	845039	48.1638	839839	99.3846	831583	99.0170	5200	0.6154	836739	99.0178	17568	2.0790	9268	52.7550	4121	23.4574	7078	40.2892	5088	28.9617	50342	73.5906	135115	50.5051	0.9352
ESO1256801120S1K	ESO1356601120S1K	na	NZ_CP049075.1	1754511	1252999	71.4159	1239363	98.9117	1229716	99.2216	13636	1.0883	1243243	99.2214	29630	2.3647	19874	67.0739	7750	26.1559	9238	31.1779	9540	32.1971	50342	89.0946	89625	52.3827	0.9706
ESO1256801120S1K	ESO1356602120S1K	na	NZ_CP049075.1	1754511	1299226	74.0506	1285437	98.9387	1274923	99.1821	13789	1.0613	1288601	99.1822	30871	2.3761	20246	65.5826	7880	25.5256	10164	32.9241	9738	31.5442	50342	100.0000	119872	57.8976	0.9591
ESO1256801120S1K	ESO1356803120S1K	na	NZ_CP049075.1	1754511	1095444	62.4359	1088850	99.3981	1078132	99.0157	6594	0.6019	1084659	99.0155	23102	2.1089	12317	53.3157	5796	25.0887	9222	39.9186	6292	27.2357	50342	89.0946	100878	50.0724	0.9640
ESO1256801120S1K	ESO1357103120S1K	na	NZ_CP049075.1	1754511	447961	25.5320	445388	99.4256	442476	99.3462	2573	0.5744	445026	99.3448	8414	1.8783	5479	65.1177	2929	34.8110	3038	36.1065	1635	19.4319	50342	88.0478	128644	61.9524	0.9437
ESO1256801120S1K	ESO1357104120S1K	na	NZ_CP049075.1	1754511	1411817	80.4678	1402781	99.3600	1392807	99.2890	9036	0.6400	1401748	99.2868	28909	2.0476	18840	65.1700	9974	34.5014	10336	35.7536	5941	20.5507	50342	100.0000	117357	56.8309	0.9605
ESO1256801120S1K	ESO1357107120S1K	na	NZ_CP049075.1	1754511	1391945	79.3352	1373226	98.6552	1363256	99.2740	18719	1.3448	1381844	99.2743	34997	2.5143	24896	71.1375	7893	22.5534	10387	29.6797	12903	36.8689	50342	74.6375	44994	87.6361	0.9882
ESO1256801120S1K	ESO1358301120S1K	na	NZ_CP049075.1	1754511	490754	27.9710	487921	99.4227	483215	99.0355	2833	0.5773	486020	99.0354	9966	2.0308	5232	52.4985	2427	24.3528	4019	40.3271	2741	27.5035	50342	89.0946	114929	48.9824	0.9516
ESO1256801120S1K	ESO1358304120S1K	na	NZ_CP049075.1	1754511	1404249	80.0365	1395180	99.3542	1380175	98.9245	9069	0.6458	1389130	98.9233	31922	2.2732	16803	52.6377	7899	24.7447	12934	40.5175	8954	28.0496	50342	89.0946	51874	77.3914	0.9869
ESO1256801120S1K	ESO1358602120S1K	na	NZ_CP049075.1	1754511	1197073	68.2283	1189810	99.3933	1177909	98.9998	7263	0.6067	1185105	99.0002	25512	2.1312	13544	53.0887	6391	25.0510	10199	39.9773	7104	27.8457	50342	100.0000	99829	63.8312	0.9705
ESO1256801120S1K	EST1212206101S1K	na	NZ_CP049075.1	1754511	1289592	73.5015	1281472	99.3703	1267512	98.9106	8120	0.6297	1275533	98.9098	29554	2.2917	15495	52.4295	7492	25.3502	11348	38.3975	8567	28.9876	50342	89.0946	85446	58.0179	0.9729
ESO1256801120S1K	EST1212704101S1K	na	NZ_CP049075.1	1754511	1205333	68.6991	1198042	99.3951	1185911	98.9874	7291	0.6049	1193129	98.9875	25852	2.1448	13648	52.7928	6442	24.9188	10215	39.5134	7293	28.2106	50342	89.0946	88279	56.4585	0.9713
ESO1256801120S1K	EST1232702101S1K	na	NZ_CP049075.1	1754511	1202843	68.5572	1195502	99.3897	1183527	98.9983	7341	0.6103	1190793	98.9982	25667	2.1339	13617	53.0526	6360	24.7789	10179	39.6579	7208	28.0828	50342	100.0000	126535	58.8312	0.9553
ESO1256801120S1K	EST1232710101S1K	na	NZ_CP049075.1	1754511	1403266	79.9805	1393888	99.3317	1381511	99.1121	9378	0.6683	1390788	99.1108	31107	2.2168	18629	59.8868	9573	30.7744	10907	35.0628	7831	25.1744	50342	88.0478	115001	52.7004	0.9550
ESO1256801120S1K	EST1232905101S1K	na	NZ_CP049075.1	1754511	1289320	73.4860	1281491	99.3928	1268275	98.9687	7829	0.6072	1276023	98.9687	27918	2.1653	14621	52.3712	6876	24.6293	11091	39.7271	7863	28.1646	50342	89.0946	90764	54.6659	0.9697
ESO1256801120S1K	EST1233822101S1K	na	NZ_CP049075.1	1754511	1253669	71.4540	1242330	99.0955	1230844	99.0754	11339	0.9045	1242089	99.0763	29045	2.3168	17465	60.1308	6938	23.8871	10104	34.7874	9444	32.5151	50342	85.5429	120979	56.7570	0.9502
ESO1256801120S1K	EST1233822201S1K	na	NZ_CP049075.1	1754511	1186806	67.6431	1178813	99.3265	1166180	98.9283	7993	0.6735	1174090	98.9286	26965	2.2721	14249	52.8426	6360	23.5861	10404	38.5833	8330	30.8919	50342	85.5429	142473	47.0145	0.9377
ESO1256801120S1K	EST1234702101S1K	na	NZ_CP049075.1	1754511	253180	14.4302	251763	99.4403	249274	99.0114	1417	0.5597	250677	99.0114	5206	2.0562	2703	51.9209	1300	24.9712	2080	39.9539	1436	27.5836	50342	77.1423	100029	44.3121	0.9603
ESO1256801120S1K	EST1234704101S1K	na	NZ_CP049075.1	1754511	1437897	81.9543	1428296	99.3323	1412254	98.8768	9601	0.6677	1421738	98.8762	33578	2.3352	17419	51.8762	8040	23.9442	12868	38.3227	10323	30.7433	50342	11.9522	50396	21.6823	0.9493
ESO1256801120S1K	EST1236807101S1K	na	NZ_CP049075.1	1754511	1308415	74.5743	1300391	99.3867	1287662	99.0211	8024	0.6133	1295593	99.0200	27713	2.1181	14891	53.7329	6991	25.2264	11584	41.7999	7266	26.2187	50342	85.5429	139782	50.9279	0.9392
ESO1256801120S1K	EST1237103201S1K	na	NZ_CP049075.1	1754511	1309751	74.6505	1301025	99.3338	1287079	98.9281	8726	0.6662	1295707	98.9277	30065	2.2955	16021	53.2879	7424	24.6932	11219	37.3158	9290	30.8997	50342	22.8577	83812	37.0496	0.9357
ESO1256801120S1K	EST1238001101S1K	na	NZ_CP049075.1	1754511	1063561	60.6187	1057119	99.3943	1049647	99.2932	6442	0.6057	1056045	99.2933	20672	1.9437	13156	63.6416	6765	32.7254	7759	37.5339	4198	20.3077	50342	26.4094	20057	71.2170	0.9748
ESO1256801120S1K	EST1238002101S1K	na	NZ_CP049075.1	1754511	1361340	77.5909	1352306	99.3364	1337388	98.8968	9034	0.6636	1346301	98.8953	31798	2.3358	16759	52.7046	7971	25.0676	12191	38.3389	9458	29.7440	50342	100.0000	111899	54.0085	0.9633
ESO1256801120S1K	EST1241101101S1K	na	NZ_CP049075.1	1754511	1447748	82.5158	1437705	99.3063	1422256	98.9254	10043	0.6937	1432161	98.9234	33704	2.3280	18117	53.7533	8377	24.8546	12790	37.9480	10019	29.7264	50342	100.0000	116967	60.3606	0.9602
ESO1256801120S1K	EST1241104101S1K	na	NZ_CP049075.1	1754511	1367353	77.9336	1358756	99.3713	1344679	98.9640	8597	0.6287	1353187	98.9640	29037	2.1236	14871	51.2140	6412	22.0822	14102	48.5656	6756	23.2669	50342	22.8577	93863	34.2595	0.9300
ESO1256801120S1K	EST1242101101S1K	na	NZ_CP049075.1	1754511	392801	22.3881	390542	99.4249	386717	99.0206	2259	0.5751	388961	99.0224	8110	2.0647	4270	52.6510	2034	25.0801	3229	39.8150	2237	27.5832	50342	74.6375	107133	40.5571	0.9561
ESO1256801120S1K	EST1242103101S1K	na	NZ_CP049075.1	1754511	1141829	65.0796	1135039	99.4053	1123793	99.0092	6790	0.5947	1130504	99.0082	24037	2.1051	12712	52.8851	6027	25.0738	9539	39.6847	6703	27.8862	50342	100.0000	123051	61.4436	0.9569
ESO1256801120S1K	EST1242207101S1K	na	NZ_CP049075.1	1754511	742767	42.3347	738515	99.4275	731511	99.0516	4252	0.5725	735728	99.0523	14989	2.0180	7950	53.0389	3733	24.9049	6066	40.4697	4020	26.8197	50342	100.0000	140321	53.7425	0.9442
ESO1256801120S1K	EST1242209101S1K	na	NZ_CP049075.1	1754511	1134414	64.6570	1127120	99.3570	1115875	99.0023	7294	0.6430	1123094	99.0021	24356	2.1470	13036	53.5227	5864	24.0762	9504	39.0212	7119	29.2289	50342	73.5906	127907	47.3797	0.9394
ESO1256801120S1K	EST1242704101S1K	na	NZ_CP049075.1	1754511	1464030	83.4438	1444758	98.6836	1436549	99.4318	19272	1.3164	1455712	99.4318	34949	2.3872	26631	76.1996	9630	27.5544	9275	26.5387	11209	32.0724	50342	100.0000	84615	70.2346	0.9776
ESO1256801120S1K	EST1242801101S1K	na	NZ_CP049075.1	1754511	1414815	80.6387	1405477	99.3400	1395866	99.3162	9338	0.6600	1405132	99.3156	28572	2.0195	18889	66.1102	9745	34.1068	10069	35.2408	5952	20.8316	50342	100.0000	106954	46.6303	0.9440
ESO1256801120S1K	EST1242802101S1K	na	NZ_CP049075.1	1754511	1364215	77.7547	1353832	99.2389	1340281	98.9991	10383	0.7611	1350566	98.9995	31226	2.2889	17577	56.2896	7649	24.4956	11589	37.1133	9389	30.0679	50342	37.3148	77610	48.0905	0.9474
ESO1256801120S1K	EST1242804101S1K	na	NZ_CP049075.1	1754511	1407449	80.2189	1394297	99.0655	1385862	99.3950	13152	0.9345	1398937	99.3952	30344	2.1560	21832	71.9483	9608	31.6636	9353	30.8232	7746	25.5273	50342	74.6375	69079	54.4854	0.9742
ESO1256801120S1K	EST1242805101S1K	na	NZ_CP049075.1	1754511	1280329	72.9736	1272451	99.3847	1259296	98.9662	7878	0.6153	1267100	98.9667	27770	2.1690	14541	52.3623	6754	24.3212	11001	39.6147	8020	28.8801	50342	100.0000	153813	48.1390	0.9392
ESO1256801120S1K	EST1247101101S1K	na	NZ_CP049075.1	1754511	914911	52.1462	909549	99.4139	900356	98.9893	5362	0.5861	905669	98.9898	19328	2.1126	10086	52.1834	4776	24.7103	7695	39.8127	5428	28.0836	50342	100.0000	120859	62.0219	0.9555
ESO1256801120S1K	EST1247106101S1K	na	NZ_CP049075.1	1754511	1342767	76.5323	1333947	99.3431	1318880	98.8705	8820	0.6569	1327588	98.8696	31468	2.3435	16289	51.7637	7697	24.4598	12532	39.8246	9128	29.0072	50342	89.0946	106665	46.3957	0.9603
ESO1256801120S1K	EST1247109101S1K	na	NZ_CP049075.1	1754511	1437794	81.9484	1428315	99.3407	1413200	98.9418	9479	0.6593	1422524	98.9380	32548	2.2637	17278	53.0847	8072	24.8003	13328	40.9488	9009	27.6791	50342	85.5429	129147	46.9930	0.9454
ESO1256801120S1K	EST1247203101S1K	na	NZ_CP049075.1	1754511	1226884	69.9274	1218591	99.3241	1205980	98.9651	8293	0.6759	1214207	98.9667	27412	2.2343	14735	53.7538	6615	24.1318	10816	39.4572	8041	29.3339	50342	100.0000	93469	55.6987	0.9704
ESO1256801120S1K	EST1247206101S1K	na	NZ_CP049075.1	1754511	1267523	72.2437	1259220	99.3449	1249914	99.2610	8303	0.6551	1258148	99.2604	26848	2.1181	17473	65.0812	9330	34.7512	9235	34.3973	5731	21.3461	50342	100.0000	127972	53.6844	0.9539
ESO1256801120S1K	EST1254306101S1K	na	NZ_CP049075.1	1754511	179897	10.2534	178822	99.4024	177269	99.1315	1075	0.5976	178341	99.1351	3425	1.9039	1869	54.5693	797	23.2701	1734	50.6277	668	19.5036	50342	10.9054	76013	51.1610	0.9387
ESO1256801120S1K	EST1256811101S1K	na	NZ_CP049075.1	1754511	1200631	68.4311	1193156	99.3774	1181558	99.0280	7475	0.6226	1188946	99.0268	25410	2.1164	13725	54.0142	6367	25.0571	10623	41.8064	6639	26.1275	50342	85.5429	139306	47.8307	0.9395
ESO1256801120S1K	EST1350502101S1K	na	NZ_CP049075.1	1754511	695647	39.6491	690928	99.3216	684894	99.1267	4719	0.6784	689574	99.1270	14023	2.0158	7950	56.6926	3404	24.2744	5521	39.3710	3934	28.0539	50342	85.5429	126094	49.9651	0.9409
ESO1256801120S1K	EST1350510101S1K	na	NZ_CP049075.1	1754511	1129780	64.3929	1122264	99.3347	1109532	98.8655	7516	0.6653	1116944	98.8638	26986	2.3886	14150	52.4346	6830	25.3094	10341	38.3199	7940	29.4227	50342	100.0000	117862	60.2272	0.9603
ESO1256801120S1K	EST1350804101S1K	na	NZ_CP049075.1	1754511	1402098	79.9139	1391787	99.2646	1375611	98.8378	10311	0.7354	1385782	98.8363	34291	2.4457	17975	52.4190	8027	23.4085	12628	36.8260	11193	32.6412	50342	74.6375	75045	50.1846	0.9682
ESO1256801120S1K	EST1350807101S1K	na	NZ_CP049075.1	1754511	1350167	76.9540	1341881	99.3863	1327482	98.9270	8286	0.6137	1335679	98.9269	29827	2.2091	15339	51.4266	7163	24.0152	11931	40.0007	8626	28.9201	50342	100.0000	134701	51.7969	0.9481
ESO1256801120S1K	EST1356604101S1K	na	NZ_CP049075.1	1754511	1377515	78.5128	1368261	99.3282	1355267	99.0503	9254	0.6718	1364443	99.0510	30161	2.1895	17089	56.6593	8014	26.5707	10998	36.4643	8231	27.2902	50342	25.3625	91591	34.6552	0.9331
ESO1256801120S1K	EST1356611101S1K	na	NZ_CP049075.1	1754511	851366	48.5244	846191	99.3922	837596	98.9843	5175	0.6078	842720	98.9845	18152	2.1321	9506	52.3689	4401	24.2453	7222	39.7862	5199	28.6415	50342	0.0000	57584	0.0000	0.9416
ESO1256801120S1K	EST1357103101S1K	na	NZ_CP049075.1	1754511	985748	56.1836	979915	99.4083	973662	99.3619	5833	0.5917	979447	99.3608	18409	1.8675	12108	65.7722	6330	34.3854	6836	37.1340	3488	18.9473	50342	100.0000	133245	52.9386	0.9514
ESO1256801120S1K	EST1357107101S1K	na	NZ_CP049075.1	1754511	1381113	78.7178	1371767	99.3233	1356289	98.8717	9346	0.6767	1365493	98.8690	32928	2.3842	17308	52.5632	8243	25.0334	12338	37.4696	9960	30.2478	50342	77.1423	78769	47.7510	0.9686
ESO1256801120S1K	EST1358301101S1K	na	NZ_CP049075.1	1754511	813333	46.3567	808464	99.4014	800492	99.0139	4869	0.5986	805301	99.0125	17098	2.1022	9066	53.0237	4260	24.9152	6789	39.7064	4742	27.7342	50342	89.0946	94377	53.0076	0.9709
ESO1256801120S1K	EST1358301201S1K	na	NZ_CP049075.1	1754511	1319609	75.2124	1311335	99.3730	1297862	98.9726	8274	0.6270	1306050	98.9725	28982	2.1963	15423	53.2158	7253	25.0259	11351	39.1657	8216	28.3486	50342	89.0946	102933	48.3858	0.9627
ESO1256801120S1K	EST1358302101S1K	na	NZ_CP049075.1	1754511	861390	49.0957	856228	99.4007	848066	99.0467	5162	0.5993	853177	99.0465	17806	2.0671	9593	53.8751	4487	25.1994	7056	39.6271	4838	27.1706	50342	100.0000	133967	55.8526	0.9479
ESO1256801120S1K	EST1358602101S1K	na	NZ_CP049075.1	1754511	476793	27.1753	473980	99.4100	469211	98.9938	2813	0.5900	472011	98.9970	9916	2.0797	5134	51.7749	2342	23.6184	4035	40.6918	2786	28.0960	50342	88.0478	80640	80.1252	0.9715
ESO1256801120S1K	EST1359005101S1K	na	NZ_CP049075.1	1754511	1371266	78.1566	1361348	99.2767	1347485	98.9817	9918	0.7233	1357319	98.9829	31146	2.2713	17199	55.2206	7560	24.2728	11752	37.7320	9441	30.3121	50342	85.5429	136370	47.8874	0.9412
ESO1256801120S1K	EST1359006101S1K	na	NZ_CP049075.1	1754511	578442	32.9688	574921	99.3913	569173	99.0002	3521	0.6087	572675	99.0030	12190	2.1074	6423	52.6907	2934	24.0689	4957	40.6645	3365	27.6046	50342	85.5429	151742	51.3721	0.9260
ESO1256801120S1K	EST1359007101S1K	na	NZ_CP049075.1	1754511	1388564	79.1425	1379642	99.3575	1365058	98.9429	8922	0.6425	1373880	98.9425	30749	2.2144	16065	52.2456	7259	23.6073	12643	41.1168	8804	28.6318	50342	100.0000	147634	53.2838	0.9429
ESO1256801120S1K	EST1361001101S1K	na	NZ_CP049075.1	1754511	1187180	67.6644	1179952	99.3912	1169061	99.0770	7228	0.6088	1176233	99.0779	24519	2.0653	13572	55.3530	6428	26.2164	9943	40.5522	6305	25.7148	50342	100.0000	155104	45.5288	0.9385
ESO1256801120S1K	EST1361002101S1K	na	NZ_CP049075.1	1754511	1425240	81.2329	1415649	99.3271	1399787	98.8795	9591	0.6729	1409249	98.8780	33433	2.3458	17442	52.1700	8110	24.2575	12832	38.3812	10225	30.5836	50342	100.0000	120862	57.0130	0.9561
ESO1256801120S1K	EST1361007101S1K	na	NZ_CP049075.1	1754511	1444055	82.3053	1433932	99.2990	1418441	98.9197	10123	0.7010	1428441	98.9187	33730	2.3358	18116	53.7089	8298	24.6012	12982	38.4880	10072	29.8607	50342	85.5429	126515	50.3498	0.9465
ESO1256801120S1K	EST2359005102S1K	na	NZ_CP049075.1	1754511	1348738	76.8726	1337313	99.1529	1323668	98.9797	11425	0.8471	1334959	98.9784	32276	2.3931	18497	57.3088	7686	23.8134	11804	36.5721	10085	31.2461	50342	85.5429	128523	44.5897	0.9458
ESO1256804120S1K	ESO1350502120S1K	na	NZ_CP049075.1	1754511	980161	55.8652	969087	98.8702	963194	99.3919	11074	1.1298	974192	99.3910	21377	2.1810	15408	72.0775	4928	23.0528	8791	41.1236	4864	22.7534	59514	69.1148	111375	39.3203	0.9481
ESO1256804120S1K	ESO1350804120S1K	na	NZ_CP049075.1	1754511	1128638	64.3278	1117159	98.9829	1108396	99.2156	11479	1.0171	1119783	99.2154	25415	2.2518	16560	65.1584	5287	20.8027	11135	43.8127	5997	23.5963	59514	100.0000	145498	50.1629	0.9487
ESO1256804120S1K	ESO1350807120S1K	na	NZ_CP049075.1	1754511	850264	48.4616	841600	98.9810	834952	99.2101	8664	1.0190	843556	99.2111	19008	2.2355	12300	64.7096	3712	19.5286	8416	44.2761	4645	24.4371	59514	77.8220	135115	40.1917	0.9373
ESO1256804120S1K	ESO1356601120S1K	na	NZ_CP049075.1	1754511	1232490	70.2469	1215132	98.5916	1207391	99.3629	17358	1.4084	1224639	99.3630	30578	2.4810	22727	74.3247	7143	23.3599	10768	35.2149	9124	29.8384	59514	49.7396	89625	30.5596	0.9425
ESO1256804120S1K	ESO1356602120S1K	na	NZ_CP049075.1	1754511	1275958	72.7244	1258321	98.6177	1249694	99.3144	17637	1.3823	1267205	99.3140	32002	2.5081	23249	72.6486	7241	22.6267	11894	37.1664	9259	28.9326	59514	100.0000	119872	45.5102	0.9520
ESO1256804120S1K	ESO1356803120S1K	na	NZ_CP049075.1	1754511	1090692	62.1650	1080008	99.0204	1071537	99.2157	10684	0.9796	1082131	99.2151	24250	2.2234	15689	64.6969	5105	21.0515	10579	43.6247	5658	23.3320	59514	49.7396	100878	30.2633	0.9358
ESO1256804120S1K	ESO1357103120S1K	na	NZ_CP049075.1	1754511	445923	25.4158	441517	99.0119	438287	99.2684	4406	0.9881	442663	99.2689	9664	2.1672	6404	66.2666	2028	20.9851	4367	45.1883	2041	21.1196	59514	81.1456	128644	47.1891	0.9458
ESO1256804120S1K	ESO1357104120S1K	na	NZ_CP049075.1	1754511	1371535	78.1719	1357946	99.0092	1346548	99.1606	13589	0.9908	1360011	99.1598	31593	2.3035	20069	63.5236	6650	21.0490	14127	44.7156	7302	23.1127	59514	90.9584	117357	47.2328	0.9562
ESO1256804120S1K	ESO1357107120S1K	na	NZ_CP049075.1	1754511	1389762	79.2108	1367382	98.3897	1359725	99.4400	22380	1.6103	1381979	99.4400	35845	2.5792	28062	78.2871	8527	23.7885	11593	32.3420	11604	32.3727	59514	18.8544	44994	29.8573	0.9527
ESO1256804120S1K	ESO1358301120S1K	na	NZ_CP049075.1	1754511	491825	28.0320	486872	98.9929	483235	99.2530	4953	1.0071	488149	99.2526	10660	2.1674	6984	65.5159	2071	19.4278	4803	45.0563	2424	22.7392	59514	40.6980	114929	30.2509	0.9243
ESO1256804120S1K	ESO1358304120S1K	na	NZ_CP049075.1	1754511	1396560	79.5982	1382785	99.0136	1370587	99.1179	13775	0.9864	1384213	99.1159	32910	2.3565	20563	62.4825	6972	21.1851	14364	43.6463	8119	24.6703	59514	49.7396	51874	48.8279	0.9582
ESO1256804120S1K	ESO1358602120S1K	na	NZ_CP049075.1	1754511	1207217	68.8065	1195394	99.0206	1186598	99.2642	11823	0.9794	1198335	99.2643	26637	2.2065	17755	66.6554	6090	22.8629	11183	41.9830	5933	22.2735	59514	81.4800	99829	51.6824	0.9627
ESO1256804120S1K	EST1212206101S1K	na	NZ_CP049075.1	1754511	1267915	72.2660	1255678	99.0349	1244399	99.1018	12237	0.9651	1256497	99.0995	30111	2.3748	18693	62.0803	6612	21.9588	12541	41.6492	7667	25.4625	59514	40.6980	85446	27.6174	0.9379
ESO1256804120S1K	EST1212704101S1K	na	NZ_CP049075.1	1754511	1196993	68.2237	1185165	99.0119	1175668	99.1987	11828	0.9881	1187381	99.1970	26859	2.2439	17247	64.2131	5547	20.6523	11661	43.4156	6431	23.9436	59514	40.6980	88279	27.0211	0.9365
ESO1256804120S1K	EST1232702101S1K	na	NZ_CP049075.1	1754511	1196340	68.1865	1184578	99.0168	1174825	99.1767	11762	0.9832	1186475	99.1754	27029	2.2593	17164	63.5022	5531	20.4632	11816	43.7160	6508	24.0778	59514	100.0000	126535	46.9989	0.9537
ESO1256804120S1K	EST1232710101S1K	na	NZ_CP049075.1	1754511	1357816	77.3900	1344314	99.0056	1332595	99.1283	13502	0.9944	1345979	99.1282	32281	2.3774	20444	63.3314	7180	22.2422	13555	41.9906	7889	24.4385	59514	81.1456	115001	40.7353	0.9510
ESO1256804120S1K	EST1232905101S1K	na	NZ_CP049075.1	1754511	1280286	72.9711	1267814	99.0258	1257306	99.1712	12472	0.9742	1269679	99.1715	29001	2.2652	18394	63.4254	6035	20.8096	12583	43.3882	6986	24.0888	59514	31.2195	90764	25.9101	0.9345
ESO1256804120S1K	EST1233822101S1K	na	NZ_CP049075.1	1754511	1240980	70.7308	1225548	98.7565	1216947	99.2982	15432	1.2435	1232275	99.2985	29812	2.4023	21107	70.8003	6674	22.3870	11261	37.7734	8319	27.9049	59514	87.6348	120979	48.3481	0.9525
ESO1256804120S1K	EST1233822201S1K	na	NZ_CP049075.1	1754511	1176348	67.0471	1164287	98.9747	1154853	99.1897	12061	1.0253	1166805	99.1888	27450	2.3335	17907	65.2350	5967	21.7377	11227	40.8998	7068	25.7486	59514	87.6348	142473	39.5254	0.9395
ESO1256804120S1K	EST1234702101S1K	na	NZ_CP049075.1	1754511	254684	14.5160	252094	98.9831	250218	99.2558	2590	1.0169	252791	99.2567	5567	2.1858	3674	65.9960	1101	19.7773	2466	44.2967	1260	22.6334	59514	12.3652	100029	12.4904	0.9291
ESO1256804120S1K	EST1234704101S1K	na	NZ_CP049075.1	1754511	1445821	82.4059	1431179	98.9873	1419061	99.1533	14642	1.0127	1433564	99.1522	34008	2.3522	21751	63.9585	7346	21.6008	13936	40.9786	8826	25.9527	59514	28.3328	50396	38.4832	0.9533
ESO1256804120S1K	EST1236807101S1K	na	NZ_CP049075.1	1754511	1295923	73.8623	1283043	99.0061	1272684	99.1926	12880	0.9939	1285428	99.1902	29177	2.2514	18682	64.0299	5950	20.3928	13328	45.6798	6548	22.4423	59514	87.6348	139782	48.1550	0.9442
ESO1256804120S1K	EST1237103201S1K	na	NZ_CP049075.1	1754511	1315362	74.9703	1302093	98.9912	1290532	99.1121	13269	1.0088	1303669	99.1110	31299	2.3795	19606	62.6410	6497	20.7579	12793	40.8735	8474	27.0743	59514	60.0733	83812	50.8746	0.9568
ESO1256804120S1K	EST1238001101S1K	na	NZ_CP049075.1	1754511	1076039	61.3299	1065526	99.0230	1057327	99.2305	10513	0.9770	1067753	99.2300	23508	2.1847	15222	64.7524	4808	20.4526	10772	45.8227	5286	22.4860	59514	31.2195	20057	100.0000	0.9754
ESO1256804120S1K	EST1238002101S1K	na	NZ_CP049075.1	1754511	1338641	76.2971	1325156	98.9926	1314720	99.2125	13485	1.0074	1328089	99.2117	31398	2.3455	20846	66.3928	7609	24.2340	12569	40.0312	7275	23.1703	59514	81.4800	111899	41.8690	0.9527
ESO1256804120S1K	EST1241101101S1K	na	NZ_CP049075.1	1754511	1426930	81.3292	1412130	98.9628	1400187	99.1543	14800	1.0372	1414822	99.1515	34143	2.3928	22035	64.5374	7596	22.2476	14121	41.3584	8578	25.1237	59514	90.9584	116967	47.3937	0.9592
ESO1256804120S1K	EST1241104101S1K	na	NZ_CP049075.1	1754511	1359272	77.4730	1346355	99.0497	1335018	99.1579	12917	0.9503	1347817	99.1573	29820	2.1938	18365	61.5862	5608	18.8062	15577	52.2368	5996	20.1073	59514	78.5933	93863	56.4514	0.9648
ESO1256804120S1K	EST1242101101S1K	na	NZ_CP049075.1	1754511	392065	22.3461	388134	98.9974	385328	99.2771	3931	1.0026	389231	99.2772	8488	2.1649	5654	66.6117	1756	20.6880	3680	43.3553	1912	22.5259	59514	28.3328	107133	20.7975	0.9309
ESO1256804120S1K	EST1242103101S1K	na	NZ_CP049075.1	1754511	1136203	64.7590	1124949	99.0095	1116122	99.2153	11254	0.9905	1127278	99.2145	25390	2.2346	16465	64.8484	5345	21.0516	11102	43.7259	5913	23.2887	59514	90.9584	123051	49.3031	0.9561
ESO1256804120S1K	EST1242207101S1K	na	NZ_CP049075.1	1754511	745021	42.4632	737552	98.9975	732099	99.2607	7469	1.0025	739500	99.2589	16147	2.1673	10626	65.8079	3228	19.9913	7333	45.4140	3608	22.3447	59514	100.0000	140321	51.4150	0.9429
ESO1256804120S1K	EST1242209101S1K	na	NZ_CP049075.1	1754511	1131262	64.4773	1119761	98.9833	1110953	99.2134	11501	1.0167	1122351	99.2123	25542	2.2578	16631	65.1124	5307	20.7775	10890	42.6357	6287	24.6144	59514	77.8220	127907	37.2575	0.9389
ESO1256804120S1K	EST1242704101S1K	na	NZ_CP049075.1	1754511	1450901	82.6955	1427601	98.3941	1420006	99.4680	23300	1.6059	1443181	99.4679	37147	2.5603	29427	79.2177	9002	24.2335	12242	32.9556	11433	30.7777	59514	72.4384	84615	55.2680	0.9638
ESO1256804120S1K	EST1242801101S1K	na	NZ_CP049075.1	1754511	1381638	78.7478	1367604	98.9842	1356650	99.1990	14034	1.0158	1370582	99.1998	31525	2.2817	20469	64.9294	6627	21.0214	13941	44.2220	7348	23.3085	59514	100.0000	106954	59.9996	0.9715
ESO1256804120S1K	EST1242802101S1K	na	NZ_CP049075.1	1754511	1375132	78.3769	1360348	98.9249	1349493	99.2020	14784	1.0751	1364152	99.2015	32338	2.3516	21358	66.0461	7237	22.3792	13192	40.7941	8288	25.6293	59514	90.9584	77610	69.1251	0.9824
ESO1256804120S1K	EST1242804101S1K	na	NZ_CP049075.1	1754511	1373654	78.2927	1356253	98.7332	1346932	99.3127	17401	1.2668	1364211	99.3126	32947	2.3985	23504	71.3388	7393	22.4391	12974	39.3784	8789	26.6762	59514	18.8544	69079	16.4261	0.9389
ESO1256804120S1K	EST1242805101S1K	na	NZ_CP049075.1	1754511	1271358	72.4622	1258738	99.0074	1248722	99.2043	12620	0.9926	1261249	99.2049	28706	2.2579	18597	64.7844	6086	21.2011	12326	42.9388	6725	23.4272	59514	100.0000	153813	48.9842	0.9441
ESO1256804120S1K	EST1247101101S1K	na	NZ_CP049075.1	1754511	913872	52.0870	905010	99.0303	897720	99.1945	8862	0.9697	906512	99.1946	20363	2.2282	13003	63.8560	4215	20.6993	8875	43.5840	4860	23.8668	59514	90.9584	120859	48.7535	0.9485
ESO1256804120S1K	EST1247106101S1K	na	NZ_CP049075.1	1754511	1317394	75.0861	1304234	99.0011	1292909	99.1317	13160	0.9989	1305932	99.1299	31181	2.3669	19719	63.2404	6803	21.8178	13305	42.6702	7539	24.1782	59514	49.7396	106665	37.1096	0.9376
ESO1256804120S1K	EST1247109101S1K	na	NZ_CP049075.1	1754511	1413916	80.5875	1399668	98.9923	1387210	99.1099	14248	1.0077	1401275	99.1060	33528	2.3713	20887	62.2972	6864	20.4724	14935	44.5449	8238	24.5705	59514	87.6348	129147	48.1242	0.9503
ESO1256804120S1K	EST1247203101S1K	na	NZ_CP049075.1	1754511	1216117	69.3137	1203660	98.9757	1194749	99.2597	12457	1.0243	1207106	99.2590	27699	2.2777	18688	67.4681	6428	23.2066	11419	41.2253	6358	22.9539	59514	81.6295	93469	33.8380	0.9451
ESO1256804120S1K	EST1247206101S1K	na	NZ_CP049075.1	1754511	1222792	69.6942	1210873	99.0253	1200182	99.1171	11919	0.9747	1211986	99.1163	28875	2.3614	18069	62.5766	6300	21.8182	12354	42.7844	6985	24.1905	59514	90.9584	127972	45.9819	0.9523
ESO1256804120S1K	EST1254306101S1K	na	NZ_CP049075.1	1754511	182532	10.4036	180756	99.0270	179423	99.2625	1776	0.9730	181188	99.2637	3761	2.0605	2417	64.2648	654	17.3890	2053	54.5865	680	18.0803	59514	50.2604	76013	51.1610	0.9701
ESO1256804120S1K	EST1256811101S1K	na	NZ_CP049075.1	1754511	1188909	67.7630	1177032	99.0010	1167538	99.1934	11877	0.9990	1179286	99.1906	26829	2.2566	17206	64.1321	5470	20.3884	12243	45.6335	6095	22.7180	59514	87.6348	139306	47.9434	0.9444
ESO1256804120S1K	EST1350502101S1K	na	NZ_CP049075.1	1754511	695646	39.6490	688299	98.9439	683800	99.3464	7347	1.0561	691097	99.3461	14782	2.1249	10233	69.2261	3187	21.5600	6352	42.9712	3401	23.0077	59514	60.0733	126094	33.8787	0.9306
ESO1256804120S1K	EST1350510101S1K	na	NZ_CP049075.1	1754511	1113218	63.4489	1102446	99.0324	1093127	99.1547	10772	0.9676	1103791	99.1532	26559	2.3858	17132	64.5054	6509	24.5077	10619	39.9827	6333	23.8450	59514	90.9584	117862	47.4606	0.9587
ESO1256804120S1K	EST1350804101S1K	na	NZ_CP049075.1	1754511	1379069	78.6013	1364300	98.9291	1351714	99.0775	14769	1.0709	1366311	99.0749	34339	2.4900	21581	62.8469	7281	21.2033	13621	39.6663	9614	27.9973	59514	37.3744	75045	29.5250	0.9455
ESO1256804120S1K	EST1350807101S1K	na	NZ_CP049075.1	1754511	1337372	76.2248	1324347	99.0261	1312972	99.1411	13025	0.9739	1325884	99.1410	30842	2.3062	19354	62.7521	6456	20.9325	13375	43.3662	7526	24.4018	59514	100.0000	134701	45.3092	0.9527
ESO1256804120S1K	EST1356604101S1K	na	NZ_CP049075.1	1754511	1382472	78.7953	1368626	98.9985	1357185	99.1641	13846	1.0015	1370900	99.1629	31863	2.3048	20291	63.6820	6651	20.8737	13326	41.8228	8192	25.7101	59514	90.1872	91591	66.2893	0.9742
ESO1256804120S1K	EST1356611101S1K	na	NZ_CP049075.1	1754511	865328	49.3202	856727	99.0060	850300	99.2498	8601	0.9940	858818	99.2477	19074	2.2043	12564	65.8698	4086	21.4218	8208	43.0324	4454	23.3512	59514	27.5616	57584	34.9073	0.9499
ESO1256804120S1K	EST1357103101S1K	na	NZ_CP049075.1	1754511	973497	55.4854	963858	99.0099	956681	99.2554	9639	0.9901	966245	99.2551	20984	2.1555	13732	65.4403	4173	19.8866	9734	46.3877	4451	21.2114	59514	90.9584	133245	44.9600	0.9501
ESO1256804120S1K	EST1357107101S1K	na	NZ_CP049075.1	1754511	1352577	77.0914	1338813	98.9824	1326970	99.1154	13764	1.0176	1340578	99.1129	32761	2.4221	20762	63.3741	7315	22.3284	13258	40.4689	8381	25.5822	59514	21.4067	78769	14.4143	0.9337
ESO1256804120S1K	EST1358301101S1K	na	NZ_CP049075.1	1754511	811741	46.2659	803685	99.0076	797409	99.2191	8056	0.9924	805409	99.2199	18083	2.2277	11751	64.9837	3758	20.7819	7979	44.1243	4180	23.1156	59514	40.6980	94377	26.5859	0.9371
ESO1256804120S1K	EST1358301201S1K	na	NZ_CP049075.1	1754511	1306283	74.4528	1293371	99.0115	1282816	99.1839	12912	0.9885	1295615	99.1833	29772	2.2791	19104	64.1677	6325	21.2448	12758	42.8523	7156	24.0360	59514	49.7396	102933	28.4175	0.9338
ESO1256804120S1K	EST1358302101S1K	na	NZ_CP049075.1	1754511	861122	49.0805	852603	99.0107	845918	99.2159	8519	0.9893	854374	99.2164	19028	2.2097	12280	64.5365	3826	20.1072	8452	44.4188	4452	23.3971	59514	90.9584	133967	44.2161	0.9446
ESO1256804120S1K	EST1358602101S1K	na	NZ_CP049075.1	1754511	481286	27.4313	476628	99.0322	473072	99.2539	4658	0.9678	477696	99.2541	10480	2.1775	6890	65.7443	2274	21.6985	4499	42.9294	2346	22.3855	59514	53.2967	80640	40.7453	0.9611
ESO1256804120S1K	EST1359005101S1K	na	NZ_CP049075.1	1754511	1358084	77.4053	1343426	98.9207	1332208	99.1650	14658	1.0793	1346754	99.1657	32205	2.3714	20875	64.8191	6642	20.6241	13442	41.7389	8473	26.3096	59514	87.6348	136370	41.7973	0.9459
ESO1256804120S1K	EST1359006101S1K	na	NZ_CP049075.1	1754511	577500	32.9152	571839	99.0197	567114	99.1737	5661	0.9803	572728	99.1737	12910	2.2355	8138	63.0364	2542	19.6902	5754	44.5701	3102	24.0279	59514	78.5933	151742	37.9559	0.9278
ESO1256804120S1K	EST1359007101S1K	na	NZ_CP049075.1	1754511	1373363	78.2761	1359563	98.9952	1348249	99.1678	13800	1.0048	1361919	99.1667	31573	2.2990	20129	63.7538	6486	20.5429	14117	44.7123	7588	24.0332	59514	100.0000	147634	51.3662	0.9479
ESO1256804120S1K	EST1361001101S1K	na	NZ_CP049075.1	1754511	1184138	67.4911	1172333	99.0031	1168371	99.6620	11805	0.9969	1180142	99.6625	22811	1.9264	18815	82.4821	7110	31.1692	8384	36.7542	2464	10.8018	59514	100.0000	155104	46.5894	0.9435
ESO1256804120S1K	EST1361002101S1K	na	NZ_CP049075.1	1754511	1406388	80.1584	1391870	98.9677	1379673	99.1237	14518	1.0323	1394048	99.1226	33837	2.4060	21497	63.5310	7224	21.3494	14051	41.5255	8669	25.6199	59514	100.0000	120862	48.9732	0.9610
ESO1256804120S1K	EST1361007101S1K	na	NZ_CP049075.1	1754511	1422447	81.0737	1407599	98.9562	1395280	99.1248	14848	1.0438	1409959	99.1221	34470	2.4233	21982	63.7714	7477	21.6913	14355	41.6449	8939	25.9327	59514	87.6348	126515	43.4707	0.9401
ESO1256804120S1K	EST2359005102S1K	na	NZ_CP049075.1	1754511	1328124	75.6977	1312680	98.8372	1301608	99.1565	15444	1.1628	1316915	99.1560	32735	2.4648	21526	65.7584	6877	21.0081	13122	40.0855	9049	27.6432	59514	87.6348	128523	44.1423	0.9504
ESO1350502120S1K	ESO1350804120S1K	na	NZ_CP049075.1	1754511	829354	47.2698	827306	99.7531	818538	98.9402	2048	0.2469	820570	98.9409	15471	1.8654	6687	43.2228	4675	30.2178	5453	35.2466	4868	31.4653	111375	100.0000	145498	91.7243	0.9789
ESO1350502120S1K	ESO1350807120S1K	na	NZ_CP049075.1	1754511	662979	37.7871	661338	99.7525	654178	98.9173	1641	0.2475	655805	98.9179	12244	1.8468	5070	41.4080	3445	28.1362	4357	35.5848	4069	33.2326	111375	92.7632	135115	81.4032	0.9721
ESO1350502120S1K	ESO1356601120S1K	na	NZ_CP049075.1	1754511	857042	48.8479	850106	99.1907	842829	99.1440	6936	0.8093	849704	99.1438	18388	2.1455	11050	60.0935	4440	24.1462	5005	27.2188	7286	39.6237	111375	72.7470	89625	84.7319	0.9704
ESO1350502120S1K	ESO1356602120S1K	na	NZ_CP049075.1	1754511	863288	49.2039	857016	99.2735	849476	99.1202	6272	0.7265	855700	99.1210	18031	2.0886	10443	57.9169	4490	24.9016	5288	29.3273	6780	37.6019	111375	100.0000	119872	93.7041	0.9855
ESO1350502120S1K	ESO1356803120S1K	na	NZ_CP049075.1	1754511	805440	45.9068	803624	99.7745	795329	98.9678	1816	0.2255	797132	98.9685	14673	1.8217	6365	43.3790	4565	31.1116	5145	35.0644	4516	30.7776	111375	72.7470	100878	80.2157	0.9653
ESO1350502120S1K	ESO1357103120S1K	na	NZ_CP049075.1	1754511	344512	19.6358	343640	99.7469	340039	98.9521	872	0.2531	340905	98.9530	6352	1.8438	2745	43.2147	1879	29.5812	2405	37.8621	1861	29.2979	111375	87.9327	128644	80.1506	0.9778
ESO1350502120S1K	ESO1357104120S1K	na	NZ_CP049075.1	1754511	941302	53.6504	939146	99.7710	928729	98.8908	2156	0.2290	930868	98.8915	17721	1.8826	7287	41.1207	5151	29.0672	6568	37.0634	5549	31.3131	111375	95.1695	117357	84.6784	0.9769
ESO1350502120S1K	ESO1357107120S1K	na	NZ_CP049075.1	1754511	967212	55.1272	957058	98.9502	950192	99.2826	10154	1.0498	960286	99.2839	21339	2.2062	14413	67.5430	4731	22.1707	5168	24.2186	8972	42.0451	111375	40.5782	44994	100.0000	0.9610
ESO1350502120S1K	ESO1358301120S1K	na	NZ_CP049075.1	1754511	400431	22.8229	399476	99.7615	395254	98.9431	955	0.2385	396203	98.9441	7320	1.8280	3092	42.2404	2144	29.2896	2651	36.2158	2280	31.1475	111375	67.9165	114929	67.8723	0.9599
ESO1350502120S1K	ESO1358304120S1K	na	NZ_CP049075.1	1754511	948802	54.0779	946598	99.7677	935839	98.8634	2204	0.2323	938017	98.8633	18106	1.9083	7321	40.4341	5148	28.4326	6701	37.0098	5867	32.4036	111375	40.5782	51874	85.3935	0.9491
ESO1350502120S1K	ESO1358602120S1K	na	NZ_CP049075.1	1754511	868736	49.5144	866669	99.7621	858867	99.0998	2067	0.2379	860915	99.0997	15465	1.7802	7644	49.4277	5609	36.2690	4988	32.2535	4321	27.9405	111375	67.8312	99829	76.1703	0.9636
ESO1350502120S1K	EST1212206101S1K	na	NZ_CP049075.1	1754511	859506	48.9884	857665	99.7858	847836	98.8540	1841	0.2142	849658	98.8542	16757	1.9496	6909	41.2305	5088	30.3634	5698	34.0037	5586	33.3353	111375	67.9165	85446	85.1274	0.9662
ESO1350502120S1K	EST1212704101S1K	na	NZ_CP049075.1	1754511	877731	50.0271	875668	99.7650	866248	98.9242	2063	0.2350	868298	98.9253	16462	1.8755	7029	42.6983	4984	30.2758	5783	35.1294	5251	31.8977	111375	67.9165	88279	85.3340	0.9671
ESO1350502120S1K	EST1232702101S1K	na	NZ_CP049075.1	1754511	856673	48.8269	854746	99.7751	845564	98.9258	1927	0.2249	847473	98.9261	15908	1.8570	6708	42.1675	4801	30.1798	5640	35.4539	5056	31.7828	111375	100.0000	126535	85.6024	0.9863
ESO1350502120S1K	EST1232710101S1K	na	NZ_CP049075.1	1754511	916263	52.2233	914254	99.7807	903990	98.8773	2009	0.2193	905989	98.8787	17499	1.9098	7225	41.2881	5233	29.9046	6217	35.5277	5571	31.8361	111375	87.9327	115001	78.9863	0.9713
ESO1350502120S1K	EST1232905101S1K	na	NZ_CP049075.1	1754511	928348	52.9121	926322	99.7818	915967	98.8821	2026	0.2182	917982	98.8834	17559	1.8914	7193	40.9647	5179	29.4948	6168	35.1273	5723	32.5930	111375	72.7470	90764	86.6213	0.9727
ESO1350502120S1K	EST1233822101S1K	na	NZ_CP049075.1	1754511	882474	50.2974	877345	99.4188	869155	99.0665	5129	0.5812	874241	99.0671	18018	2.0418	9785	54.3068	4833	26.8232	5299	29.4095	6695	37.1573	111375	100.0000	120979	92.7409	0.9877
ESO1350502120S1K	EST1233822201S1K	na	NZ_CP049075.1	1754511	837131	47.7131	834807	99.7224	825615	98.8989	2324	0.2776	827916	98.8992	16491	1.9699	7276	44.1210	4979	30.1922	5405	32.7755	5669	34.3763	111375	100.0000	142473	77.5319	0.9748
ESO1350502120S1K	EST1234702101S1K	na	NZ_CP049075.1	1754511	204828	11.6744	204324	99.7539	202195	98.9580	504	0.2461	202697	98.9596	3779	1.8450	1648	43.6094	1146	30.3255	1349	35.6973	1148	30.3784	111375	60.6797	100029	69.1060	0.9661
ESO1350502120S1K	EST1234704101S1K	na	NZ_CP049075.1	1754511	986549	56.2293	983908	99.7323	973238	98.9155	2641	0.2677	975861	98.9166	19194	1.9456	8506	44.3159	5908	30.7805	6322	32.9374	6404	33.3646	111375	39.4056	50396	71.0255	0.9443
ESO1350502120S1K	EST1236807101S1K	na	NZ_CP049075.1	1754511	931261	53.0781	929191	99.7777	919001	98.9033	2070	0.2223	921052	98.9037	17270	1.8545	7061	40.8859	5014	29.0330	6497	37.6202	5273	30.5327	111375	100.0000	139782	96.3050	0.9852
ESO1350502120S1K	EST1237103201S1K	na	NZ_CP049075.1	1754511	899694	51.2789	897331	99.7374	886872	98.8344	2363	0.2626	889221	98.8359	17936	1.9936	7463	41.6091	5114	28.5125	6030	33.6195	6350	35.4037	111375	66.6586	83812	86.5210	0.9639
ESO1350502120S1K	EST1238001101S1K	na	NZ_CP049075.1	1754511	780983	44.5129	779168	99.7676	770758	98.9206	1815	0.2324	772557	98.9211	14411	1.8452	5985	41.5308	4194	29.1028	5414	37.5685	4439	30.8029	111375	12.0673	20057	60.4776	0.9379
ESO1350502120S1K	EST1238002101S1K	na	NZ_CP049075.1	1754511	904844	51.5724	902829	99.7773	894666	99.0958	2015	0.2227	896668	99.0964	16397	1.8121	8221	50.1372	6230	37.9948	5062	30.8715	4620	28.1759	111375	100.0000	111899	87.8775	0.9793
ESO1350502120S1K	EST1241101101S1K	na	NZ_CP049075.1	1754511	979577	55.8319	976963	99.7332	966529	98.9320	2614	0.2668	969119	98.9324	18754	1.9145	8296	44.2359	5722	30.5108	6329	33.7475	6042	32.2171	111375	95.1695	116967	84.6769	0.9794
ESO1350502120S1K	EST1241104101S1K	na	NZ_CP049075.1	1754511	908385	51.7743	906483	99.7906	896384	98.8859	1902	0.2094	898270	98.8865	16171	1.7802	6056	37.4498	4175	25.8178	7369	45.5692	4310	26.6526	111375	66.6586	93863	82.1112	0.9617
ESO1350502120S1K	EST1242101101S1K	na	NZ_CP049075.1	1754511	308856	17.6035	308101	99.7555	304899	98.9607	755	0.2445	305648	98.9613	5629	1.8225	2421	43.0094	1672	29.7033	2016	35.8145	1748	31.0535	111375	67.9165	107133	76.9641	0.9620
ESO1350502120S1K	EST1242103101S1K	na	NZ_CP049075.1	1754511	811660	46.2613	809772	99.7674	801205	98.9420	1888	0.2326	803084	98.9434	15008	1.8491	6432	42.8571	4557	30.3638	5232	34.8614	4711	31.3899	111375	95.1695	123051	85.1127	0.9771
ESO1350502120S1K	EST1242207101S1K	na	NZ_CP049075.1	1754511	578462	32.9700	577131	99.7699	571283	98.9867	1331	0.2301	572602	98.9870	10312	1.7827	4452	43.1730	3133	30.3821	3759	36.4527	3071	29.7808	111375	100.0000	140321	94.7698	0.9757
ESO1350502120S1K	EST1242209101S1K	na	NZ_CP049075.1	1754511	815750	46.4944	813543	99.7295	804922	98.9403	2207	0.2705	807115	98.9415	15293	1.8747	6658	43.5363	4483	29.3141	5280	34.5256	5056	33.0609	111375	92.7632	127907	85.0141	0.9786
ESO1350502120S1K	EST1242704101S1K	na	NZ_CP049075.1	1754511	981800	55.9586	972100	99.0120	965236	99.2939	9700	0.9880	974871	99.2943	21107	2.1498	14178	67.1720	4992	23.6509	5298	25.1007	8465	40.1052	111375	63.0007	84615	85.7850	0.9634
ESO1350502120S1K	EST1242801101S1K	na	NZ_CP049075.1	1754511	959241	54.6728	956695	99.7346	946364	98.9201	2546	0.2654	948891	98.9210	18041	1.8808	7691	42.6307	5180	28.7124	6597	36.5667	5711	31.6557	111375	100.0000	106954	83.0095	0.9700
ESO1350502120S1K	EST1242802101S1K	na	NZ_CP049075.1	1754511	922555	52.5819	919093	99.6247	909617	98.9690	3462	0.3753	913056	98.9704	18132	1.9654	8633	47.6120	5267	29.0481	5865	32.3461	6140	33.8628	111375	66.6586	77610	76.7311	0.9587
ESO1350502120S1K	EST1242804101S1K	na	NZ_CP049075.1	1754511	954788	54.4190	949057	99.3998	940363	99.0839	5731	0.6002	946043	99.0841	19176	2.0084	10431	54.3961	4973	25.9335	6027	31.4299	6847	35.7061	111375	72.7470	69079	100.0000	0.9746
ESO1350502120S1K	EST1242805101S1K	na	NZ_CP049075.1	1754511	918485	52.3499	916376	99.7704	906464	98.9183	2109	0.2296	908552	98.9185	17345	1.8884	7412	42.7328	5329	30.7236	6018	34.6959	5541	31.9458	111375	100.0000	153813	87.9308	0.9762
ESO1350502120S1K	EST1247101101S1K	na	NZ_CP049075.1	1754511	658531	37.5336	657081	99.7798	649901	98.9073	1450	0.2202	651343	98.9085	12190	1.8511	5002	41.0336	3562	29.2207	4341	35.6112	3929	32.2313	111375	95.1695	120859	88.8093	0.9838
ESO1350502120S1K	EST1247106101S1K	na	NZ_CP049075.1	1754511	892004	50.8406	889993	99.7746	880334	98.9147	2011	0.2254	882319	98.9142	16976	1.9031	7291	42.9489	5310	31.2795	5905	34.7844	5310	31.2795	111375	72.7470	106665	93.4140	0.9656
ESO1350502120S1K	EST1247109101S1K	na	NZ_CP049075.1	1754511	976508	55.6570	974311	99.7750	963378	98.8779	2197	0.2250	965540	98.8768	18413	1.8856	7445	40.4334	5288	28.7188	6953	37.7614	5701	30.9618	111375	100.0000	129147	100.0000	0.9877
ESO1350502120S1K	EST1247203101S1K	na	NZ_CP049075.1	1754511	848889	48.3832	846619	99.7326	839939	99.2110	2270	0.2674	842197	99.2117	15074	1.7757	8382	55.6057	6141	40.7390	4243	28.1478	4132	27.4114	111375	89.9205	93469	80.0533	0.9616
ESO1350502120S1K	EST1247206101S1K	na	NZ_CP049075.1	1754511	804310	45.8424	802651	99.7937	793518	98.8621	1659	0.2063	795160	98.8624	15406	1.9154	6256	40.6076	4617	29.9688	5510	35.7653	4924	31.9616	111375	95.1695	127972	81.3608	0.9747
ESO1350502120S1K	EST1254306101S1K	na	NZ_CP049075.1	1754511	134290	7.6540	134026	99.8034	132683	98.9980	264	0.1966	132945	98.9984	2206	1.6427	861	39.0299	600	27.1985	992	44.9683	570	25.8386	111375	59.4218	76013	100.0000	0.9720
ESO1350502120S1K	EST1256811101S1K	na	NZ_CP049075.1	1754511	862481	49.1579	860521	99.7727	850974	98.8906	1960	0.2273	852913	98.8906	16138	1.8711	6570	40.7114	4633	28.7086	6123	37.9415	4962	30.7473	111375	100.0000	139306	96.2859	0.9854
ESO1350502120S1K	EST1350502101S1K	na	NZ_CP049075.1	1754511	508149	28.9624	506527	99.6808	503585	99.4192	1622	0.3192	505205	99.4206	7925	1.5596	4981	62.8517	3505	44.2271	1944	24.5300	1863	23.5079	111375	95.1695	126094	86.7583	0.9807
ESO1350502120S1K	EST1350510101S1K	na	NZ_CP049075.1	1754511	710569	40.4995	709168	99.8028	708341	99.8834	1401	0.1972	709740	99.8833	10087	1.4196	9258	91.7815	7864	77.9617	1006	9.9732	586	5.8095	111375	95.1695	117862	84.6354	0.9790
ESO1350502120S1K	EST1350804101S1K	na	NZ_CP049075.1	1754511	944362	53.8248	941533	99.7004	930448	98.8227	2829	0.2996	933244	98.8227	19272	2.0407	8154	42.3101	5403	28.0355	6221	32.2800	6988	36.2599	111375	72.7470	75045	85.6833	0.9632
ESO1350502120S1K	EST1350807101S1K	na	NZ_CP049075.1	1754511	948010	54.0327	945936	99.7812	935295	98.8751	2074	0.2188	937348	98.8753	18051	1.9041	7389	40.9340	5338	29.5718	6375	35.3166	5868	32.5079	111375	100.0000	134701	77.7470	0.9767
ESO1350502120S1K	EST1356604101S1K	na	NZ_CP049075.1	1754511	943007	53.7476	940478	99.7318	929946	98.8801	2529	0.2682	932447	98.8802	18319	1.9426	7759	42.3549	5274	28.7898	6317	34.4833	6228	33.9975	111375	64.2523	91591	85.1077	0.9513
ESO1350502120S1K	EST1356611101S1K	na	NZ_CP049075.1	1754511	628673	35.8318	627153	99.7582	620282	98.9044	1520	0.2418	621789	98.9050	11821	1.8803	4937	41.7647	3438	29.0838	4232	35.8007	3789	32.0531	111375	36.9993	57584	88.7087	0.9407
ESO1350502120S1K	EST1357103101S1K	na	NZ_CP049075.1	1754511	728060	41.4965	726445	99.7782	718737	98.9389	1615	0.2218	720338	98.9394	13092	1.7982	5370	41.0174	3769	28.7886	4971	37.9698	3967	30.3009	111375	95.1695	133245	81.0177	0.9768
ESO1350502120S1K	EST1357107101S1K	na	NZ_CP049075.1	1754511	917682	52.3041	915439	99.7556	905145	98.8755	2243	0.2444	907363	98.8755	17903	1.9509	7584	42.3616	5386	30.0843	5993	33.4748	6001	33.5195	111375	65.5102	78769	84.4266	0.9631
ESO1350502120S1K	EST1358301101S1K	na	NZ_CP049075.1	1754511	603188	34.3793	601808	99.7712	595425	98.9394	1380	0.2288	596796	98.9403	11069	1.8351	4677	42.2531	3311	29.9124	3912	35.3419	3475	31.3940	111375	67.9165	94377	77.3101	0.9676
ESO1350502120S1K	EST1358301201S1K	na	NZ_CP049075.1	1754511	931512	53.0924	929345	99.7674	919192	98.9075	2167	0.2326	921347	98.9088	17642	1.8939	7477	42.3818	5331	30.2177	6098	34.5652	5707	32.3489	111375	72.7470	102933	76.5304	0.9655
ESO1350502120S1K	EST1358302101S1K	na	NZ_CP049075.1	1754511	646248	36.8335	644770	99.7713	637856	98.9277	1478	0.2287	639327	98.9290	11975	1.8530	5054	42.2046	3584	29.9290	4229	35.3152	3799	31.7244	111375	95.1695	133967	80.4512	0.9763
ESO1350502120S1K	EST1358602101S1K	na	NZ_CP049075.1	1754511	346777	19.7649	345995	99.7745	342994	99.1326	782	0.2255	343770	99.1329	5994	1.7285	2987	49.8332	2214	36.9369	1978	32.9997	1582	26.3931	111375	50.5149	80640	70.0322	0.9644
ESO1350502120S1K	EST1359005101S1K	na	NZ_CP049075.1	1754511	955198	54.4424	951908	99.6556	941746	98.9325	3290	0.3444	945010	98.9334	18540	1.9410	8352	45.0485	5126	27.6483	6304	34.0022	6323	34.1046	111375	100.0000	136370	81.3031	0.9794
ESO1350502120S1K	EST1359006101S1K	na	NZ_CP049075.1	1754511	423150	24.1178	422172	99.7689	417621	98.9220	978	0.2311	418591	98.9226	7772	1.8367	3213	41.3407	2246	28.8986	2879	37.0432	2407	30.9701	111375	95.1695	151742	73.5492	0.9643
ESO1350502120S1K	EST1359007101S1K	na	NZ_CP049075.1	1754511	959806	54.7050	957440	99.7535	946763	98.8848	2366	0.2465	949111	98.8857	18187	1.8949	7492	41.1943	5147	28.3004	6705	36.8670	5869	32.2703	111375	100.0000	147634	90.7731	0.9751
ESO1350502120S1K	EST1361001101S1K	na	NZ_CP049075.1	1754511	868357	49.4928	866362	99.7703	856789	98.8950	1995	0.2297	858771	98.8961	16223	1.8682	6637	40.9111	4664	28.7493	6081	37.4838	5040	31.0670	111375	100.0000	155104	85.1313	0.9713
ESO1350502120S1K	EST1361002101S1K	na	NZ_CP049075.1	1754511	964984	55.0002	962509	99.7435	951856	98.8932	2475	0.2565	954310	98.8939	18758	1.9439	8084	43.0963	5650	30.1205	6261	33.3778	6279	33.4737	111375	100.0000	120862	85.1781	0.9785
ESO1350502120S1K	EST1361007101S1K	na	NZ_CP049075.1	1754511	971789	55.3880	969209	99.7345	958671	98.9127	2580	0.2655	961229	98.9133	18721	1.9264	8161	43.5928	5614	29.9877	6434	34.3678	6097	32.5677	111375	100.0000	126515	95.0488	0.9849
ESO1350502120S1K	EST2359005102S1K	na	NZ_CP049075.1	1754511	906928	51.6912	902991	99.5659	893600	98.9600	3937	0.4341	897496	98.9600	18056	1.9909	8624	47.7625	4820	26.6947	5891	32.6263	6287	34.8195	111375	100.0000	128523	81.5302	0.9769
ESO1350804120S1K	ESO1350807120S1K	na	NZ_CP049075.1	1754511	730116	41.6136	729489	99.9141	720562	98.7763	627	0.0859	721178	98.7758	13778	1.8871	4840	35.1285	4224	30.6576	4746	34.4462	4773	34.6422	145498	86.1641	135115	90.2490	0.9792
ESO1350804120S1K	ESO1356601120S1K	na	NZ_CP049075.1	1754511	1020616	58.1710	1013647	99.3172	1003938	99.0422	6969	0.6828	1010839	99.0420	22206	2.1757	12429	55.9714	5593	25.1869	5828	26.2452	8984	40.4575	145498	71.5597	89625	100.0000	0.9630
ESO1350804120S1K	ESO1356602120S1K	na	NZ_CP049075.1	1754511	1032647	58.8567	1026296	99.3850	1016000	98.9968	6351	0.6150	1022270	98.9951	22113	2.1414	11736	53.0729	5531	25.0124	6280	28.3996	8678	39.2439	145498	96.4811	119872	100.0000	0.9831
ESO1350804120S1K	ESO1356803120S1K	na	NZ_CP049075.1	1754511	910132	51.8738	909547	99.9357	898493	98.7847	585	0.0643	899071	98.7847	17088	1.8775	6027	35.2704	5450	31.8937	5877	34.3926	5742	33.6025	145498	71.5597	100878	93.6854	0.9634
ESO1350804120S1K	ESO1357103120S1K	na	NZ_CP049075.1	1754511	375631	21.4094	375399	99.9382	370892	98.7994	232	0.0618	371121	98.7994	6898	1.8364	2388	34.6187	2159	31.2989	2469	35.7930	2242	32.5022	145498	90.9208	128644	100.0000	0.9837
ESO1350804120S1K	ESO1357104120S1K	na	NZ_CP049075.1	1754511	1102633	62.8456	1101672	99.9128	1087929	98.7525	961	0.0872	1088866	98.7514	21217	1.9242	7450	35.1134	6523	30.7442	7610	35.8675	7005	33.0160	145498	96.4811	117357	100.0000	0.9820
ESO1350804120S1K	ESO1357107120S1K	na	NZ_CP049075.1	1754511	1111698	63.3623	1101324	99.0668	1092493	99.1981	10374	0.9332	1102771	99.1970	24683	2.2203	15756	63.8334	5580	22.6067	5694	23.0685	10697	43.3375	145498	42.2693	44994	100.0000	0.9386
ESO1350804120S1K	ESO1358301120S1K	na	NZ_CP049075.1	1754511	422184	24.0628	421904	99.9337	417103	98.8621	280	0.0663	417381	98.8623	7540	1.7860	2737	36.2997	2460	32.6260	2527	33.5146	2518	33.3952	145498	71.5597	114929	88.2188	0.9504
ESO1350804120S1K	ESO1358304120S1K	na	NZ_CP049075.1	1754511	1113587	63.4699	1112660	99.9168	1098407	98.7190	927	0.0832	1099311	98.7180	21815	1.9590	7539	34.5588	6640	30.4378	7751	35.5306	7427	34.0454	145498	47.0261	51874	100.0000	0.9438
ESO1350804120S1K	ESO1358602120S1K	na	NZ_CP049075.1	1754511	991264	56.4980	990456	99.9185	978684	98.8115	808	0.0815	979480	98.8112	18673	1.8838	6889	36.8928	6096	32.6461	6321	33.8510	6172	33.0531	145498	75.4663	99829	88.6215	0.9582
ESO1350804120S1K	EST1212206101S1K	na	NZ_CP049075.1	1754511	1032575	58.8526	1031865	99.9312	1018773	98.7312	710	0.0688	1019473	98.7311	20578	1.9929	7476	36.3301	6778	32.9381	6704	32.5785	7098	34.4931	145498	71.5597	85446	100.0000	0.9604
ESO1350804120S1K	EST1212704101S1K	na	NZ_CP049075.1	1754511	1001036	57.0550	1000296	99.9261	988196	98.7904	740	0.0739	988930	98.7907	18996	1.8976	6890	36.2708	6158	32.4174	6324	33.2912	6485	34.1388	145498	71.5597	88279	100.0000	0.9619
ESO1350804120S1K	EST1232702101S1K	na	NZ_CP049075.1	1754511	980223	55.8687	979570	99.9334	967745	98.7928	653	0.0666	968392	98.7930	18374	1.8745	6543	35.6101	5896	32.0888	6311	34.3474	6140	33.4168	145498	100.0000	126535	100.0000	0.9811
ESO1350804120S1K	EST1232710101S1K	na	NZ_CP049075.1	1754511	1086189	61.9084	1085305	99.9186	1071596	98.7369	884	0.0814	1072460	98.7360	21403	1.9705	7674	35.8548	6814	31.8367	7285	34.0373	7169	33.4953	145498	90.9208	115001	94.5635	0.9736
ESO1350804120S1K	EST1232905101S1K	na	NZ_CP049075.1	1754511	1061976	60.5283	1061268	99.9333	1048015	98.7512	708	0.0667	1048714	98.7512	20469	1.9274	7207	35.2093	6512	31.8140	6948	33.9440	6984	34.1199	145498	75.0787	90764	100.0000	0.9635
ESO1350804120S1K	EST1233822101S1K	na	NZ_CP049075.1	1754511	1033548	58.9080	1029081	99.5678	1017773	98.9012	4467	0.4322	1022202	98.9022	21617	2.0915	10271	47.5135	5886	27.2286	6248	28.9032	8507	39.3533	145498	91.7243	120979	100.0000	0.9816
ESO1350804120S1K	EST1233822201S1K	na	NZ_CP049075.1	1754511	988268	56.3273	987019	99.8736	974533	98.7350	1249	0.1264	975768	98.7352	19914	2.0150	7414	37.2301	6180	31.0334	6433	32.3039	7309	36.7028	145498	91.7243	142473	83.4362	0.9657
ESO1350804120S1K	EST1234702101S1K	na	NZ_CP049075.1	1754511	213457	12.1662	213312	99.9321	210922	98.8796	145	0.0679	211067	98.8803	3823	1.7910	1433	37.4837	1288	33.6908	1280	33.4816	1231	32.1998	145498	51.0749	100029	81.5963	0.9461
ESO1350804120S1K	EST1234704101S1K	na	NZ_CP049075.1	1754511	1136076	64.7517	1134756	99.8838	1120637	98.7558	1320	0.1162	1121936	98.7554	22610	1.9902	8470	37.4613	7174	31.7293	7263	32.1230	8088	35.7718	145498	45.0185	50396	87.8264	0.9340
ESO1350804120S1K	EST1236807101S1K	na	NZ_CP049075.1	1754511	1075518	61.3002	1074763	99.9298	1061501	98.7661	755	0.0702	1062245	98.7659	20322	1.8895	7049	34.6865	6312	31.0599	7327	36.0545	6634	32.6444	145498	95.2432	139782	100.0000	0.9929
ESO1350804120S1K	EST1237103201S1K	na	NZ_CP049075.1	1754511	1056143	60.1959	1054929	99.8851	1041244	98.7028	1214	0.1149	1042442	98.7027	21520	2.0376	7819	36.3336	6623	30.7760	6986	32.4628	7910	36.7565	145498	58.5341	83812	92.4987	0.9529
ESO1350804120S1K	EST1238001101S1K	na	NZ_CP049075.1	1754511	880391	50.1787	879706	99.9222	869015	98.7847	685	0.0778	869691	98.7846	16316	1.8533	5616	34.4202	4941	30.2832	6018	36.8840	5301	32.4896	145498	25.2416	20057	100.0000	0.9289
ESO1350804120S1K	EST1238002101S1K	na	NZ_CP049075.1	1754511	1071459	61.0688	1070531	99.9134	1057511	98.7838	928	0.0866	1058418	98.7829	20946	1.9549	7905	37.7399	7000	33.4193	6883	32.8607	6986	33.3524	145498	96.4811	111899	94.3789	0.9716
ESO1350804120S1K	EST1241101101S1K	na	NZ_CP049075.1	1754511	1137964	64.8593	1136552	99.8759	1122751	98.7857	1412	0.1241	1124127	98.7841	22511	1.9782	8674	38.5323	7313	32.4863	7254	32.2242	7751	34.4321	145498	96.4811	116967	100.0000	0.9823
ESO1350804120S1K	EST1241104101S1K	na	NZ_CP049075.1	1754511	1071758	61.0859	1070983	99.9277	1057589	98.7494	775	0.0723	1058348	98.7488	19533	1.8225	6123	31.3470	5367	27.4766	8489	43.4598	5595	28.6438	145498	69.9398	93863	93.7249	0.9619
ESO1350804120S1K	EST1242101101S1K	na	NZ_CP049075.1	1754511	330989	18.8650	330809	99.9456	326900	98.8184	180	0.0544	327078	98.8184	6067	1.8330	2156	35.5365	1980	32.6356	2034	33.5256	2039	33.6080	145498	66.8030	107133	87.4380	0.9551
ESO1350804120S1K	EST1242103101S1K	na	NZ_CP049075.1	1754511	928396	52.9148	927661	99.9208	916688	98.8171	735	0.0792	917410	98.8167	17320	1.8656	6334	36.5704	5613	32.4076	5860	33.8337	5802	33.4988	145498	96.4811	123051	100.0000	0.9887
ESO1350804120S1K	EST1242207101S1K	na	NZ_CP049075.1	1754511	638200	36.3748	637831	99.9422	630522	98.8541	369	0.0578	630888	98.8543	11512	1.8038	4200	36.4837	3834	33.3044	3957	34.3728	3694	32.0883	145498	96.4811	140321	100.0000	0.9938
ESO1350804120S1K	EST1242209101S1K	na	NZ_CP049075.1	1754511	924883	52.7146	923900	99.8937	912794	98.7979	983	0.1063	913760	98.7974	17541	1.8966	6418	36.5886	5457	31.1100	5750	32.7803	6252	35.6422	145498	86.1641	127907	90.0224	0.9760
ESO1350804120S1K	EST1242704101S1K	na	NZ_CP049075.1	1754511	1138399	64.8841	1128219	99.1058	1118828	99.1676	10180	0.8942	1128933	99.1685	25180	2.2119	15714	62.4067	5706	22.6608	6116	24.2891	10572	41.9857	145498	57.0228	84615	92.5533	0.9562
ESO1350804120S1K	EST1242801101S1K	na	NZ_CP049075.1	1754511	1112420	63.4034	1111145	99.8854	1097591	98.7802	1275	0.1146	1098844	98.7796	21232	1.9086	7656	36.0588	6407	30.1761	7578	35.6914	7108	33.4778	145498	96.4811	106954	100.0000	0.9757
ESO1350804120S1K	EST1242802101S1K	na	NZ_CP049075.1	1754511	1086151	61.9062	1083618	99.7668	1071106	98.8453	2533	0.2332	1073605	98.8449	21646	1.9929	9100	42.0401	6636	30.6569	6841	31.6040	7636	35.2767	145498	74.6966	77610	100.0000	0.9591
ESO1350804120S1K	EST1242804101S1K	na	NZ_CP049075.1	1754511	1108533	63.1819	1103550	99.5505	1091881	98.9426	4983	0.4495	1096820	98.9434	22569	2.0359	10856	48.1014	5963	26.4212	6931	30.7103	8403	37.2325	145498	66.8030	69079	100.0000	0.9542
ESO1350804120S1K	EST1242805101S1K	na	NZ_CP049075.1	1754511	1056918	60.2400	1056111	99.9236	1043102	98.7682	807	0.0764	1043896	98.7679	20303	1.9210	7281	35.8617	6488	31.9559	6758	33.2857	7022	34.5860	145498	100.0000	153813	95.9080	0.9933
ESO1350804120S1K	EST1247101101S1K	na	NZ_CP049075.1	1754511	743964	42.4029	743438	99.9293	734566	98.8066	526	0.0707	735087	98.8068	13773	1.8513	4896	35.5478	4376	31.7723	4716	34.2409	4657	33.8125	145498	96.4811	120859	100.0000	0.9836
ESO1350804120S1K	EST1247106101S1K	na	NZ_CP049075.1	1754511	1060413	60.4392	1059576	99.9211	1046265	98.7437	837	0.0789	1047078	98.7425	20838	1.9651	7503	36.0063	6692	32.1144	7101	34.0772	6991	33.5493	145498	71.5597	106665	100.0000	0.9728
ESO1350804120S1K	EST1247109101S1K	na	NZ_CP049075.1	1754511	1134534	64.6638	1133605	99.9181	1119161	98.7258	929	0.0819	1120064	98.7246	21991	1.9383	7521	34.2004	6618	30.0941	7968	36.2330	7353	33.4364	145498	91.7243	129147	100.0000	0.9869
ESO1350804120S1K	EST1247203101S1K	na	NZ_CP049075.1	1754511	1006984	57.3940	1005640	99.8665	993466	98.7894	1344	0.1335	994784	98.7885	19894	1.9756	7694	38.6750	6382	32.0800	6563	32.9898	6847	34.4174	145498	96.4811	93469	100.0000	0.9675
ESO1350804120S1K	EST1247206101S1K	na	NZ_CP049075.1	1754511	979382	55.8208	978661	99.9264	966149	98.7215	721	0.0736	966854	98.7208	19198	1.9602	6670	34.7432	5971	31.1022	6772	35.2745	6425	33.4670	145498	96.4811	127972	95.0989	0.9811
ESO1350804120S1K	EST1254306101S1K	na	NZ_CP049075.1	1754511	147359	8.3989	147272	99.9410	145580	98.8511	87	0.0590	145667	98.8518	2503	1.6986	811	32.4011	724	28.9253	1102	44.0272	667	26.6480	145498	49.4550	76013	100.0000	0.9658
ESO1350804120S1K	EST1256811101S1K	na	NZ_CP049075.1	1754511	1009412	57.5324	1008643	99.9238	996125	98.7589	769	0.0762	996881	98.7586	19124	1.8946	6593	34.4750	5842	30.5480	6921	36.1901	6327	33.0841	145498	95.2432	139306	100.0000	0.9929
ESO1350804120S1K	EST1350502101S1K	na	NZ_CP049075.1	1754511	567304	32.3340	566215	99.8080	560090	98.9183	1089	0.1920	561168	98.9184	10259	1.8084	4123	40.1891	3055	29.7787	3531	34.4186	3414	33.2781	145498	76.7997	126094	86.7583	0.9699
ESO1350804120S1K	EST1350510101S1K	na	NZ_CP049075.1	1754511	874948	49.8685	874270	99.9225	863222	98.7363	678	0.0775	863879	98.7349	17662	2.0186	6593	37.3287	5942	33.6428	5720	32.3859	5957	33.7278	145498	96.4811	117862	100.0000	0.9798
ESO1350804120S1K	EST1350804101S1K	na	NZ_CP049075.1	1754511	1105804	63.0263	1103987	99.8357	1090079	98.7402	1817	0.1643	1091880	98.7408	22832	2.0647	8908	39.0154	7139	31.2675	6922	30.3171	8379	36.6985	145498	66.8030	75045	100.0000	0.9581
ESO1350804120S1K	EST1350807101S1K	na	NZ_CP049075.1	1754511	1101329	62.7713	1100564	99.9305	1086623	98.7333	765	0.0695	1087367	98.7323	21449	1.9476	7487	34.9061	6745	31.4467	7278	33.9317	7402	34.5098	145498	100.0000	134701	95.3311	0.9845
ESO1350804120S1K	EST1356604101S1K	na	NZ_CP049075.1	1754511	1093792	62.3417	1092462	99.8784	1078642	98.7350	1330	0.1216	1079951	98.7346	21626	1.9772	7785	35.9983	6479	29.9593	7257	33.5568	7776	35.9567	145498	69.1363	91591	93.1227	0.9595
ESO1350804120S1K	EST1356611101S1K	na	NZ_CP049075.1	1754511	702775	40.0553	702186	99.9162	693909	98.8213	589	0.0838	694487	98.8207	13105	1.8648	4817	36.7570	4242	32.3693	4304	32.8424	4505	34.3762	145498	39.4583	57584	88.7087	0.9437
ESO1350804120S1K	EST1357103101S1K	na	NZ_CP049075.1	1754511	822035	46.8527	821495	99.9343	811577	98.7927	540	0.0657	812106	98.7921	14996	1.8243	5067	33.7890	4539	30.2681	5534	36.9032	4863	32.4286	145498	96.4811	133245	95.4392	0.9866
ESO1350804120S1K	EST1357107101S1K	na	NZ_CP049075.1	1754511	1083131	61.7341	1081994	99.8950	1068518	98.7545	1137	0.1050	1069623	98.7529	21625	1.9965	8117	37.5353	7017	32.4486	6980	32.2775	7488	34.6266	145498	65.9995	78769	92.1492	0.9527
ESO1350804120S1K	EST1358301101S1K	na	NZ_CP049075.1	1754511	677051	38.5892	676633	99.9383	668575	98.8091	418	0.0617	668991	98.8095	12599	1.8609	4539	36.0267	4125	32.7407	4244	33.6852	4207	33.3915	145498	71.5597	94377	92.2237	0.9595
ESO1350804120S1K	EST1358301201S1K	na	NZ_CP049075.1	1754511	1070852	61.0342	1070011	99.9215	1057065	98.7901	841	0.0785	1057899	98.7904	20572	1.9211	7619	37.0358	6787	32.9914	6754	32.8310	6983	33.9442	145498	75.0787	102933	93.8543	0.9629
ESO1350804120S1K	EST1358302101S1K	na	NZ_CP049075.1	1754511	722433	41.1757	721979	99.9372	713361	98.8063	454	0.0628	713810	98.8064	13281	1.8384	4658	35.0727	4209	31.6919	4444	33.4613	4602	34.6510	145498	96.4811	133967	90.7821	0.9763
ESO1350804120S1K	EST1358602101S1K	na	NZ_CP049075.1	1754511	392663	22.3802	392427	99.9399	387833	98.8293	236	0.0601	388068	98.8298	7152	1.8214	2557	35.7522	2322	32.4664	2436	34.0604	2369	33.1236	145498	51.4626	80640	80.1252	0.9448
ESO1350804120S1K	EST1359005101S1K	na	NZ_CP049075.1	1754511	1099454	62.6644	1097388	99.8121	1084129	98.7918	2066	0.1879	1086177	98.7924	21797	1.9825	8520	39.0879	6476	29.7105	7119	32.6605	7861	36.0646	145498	91.7243	136370	89.2484	0.9751
ESO1350804120S1K	EST1359006101S1K	na	NZ_CP049075.1	1754511	473121	26.9660	472769	99.9256	467025	98.7850	352	0.0744	467374	98.7853	8787	1.8572	3040	34.5966	2691	30.6248	3069	34.9266	2986	33.9820	145498	91.7243	151742	81.0593	0.9723
ESO1350804120S1K	EST1359007101S1K	na	NZ_CP049075.1	1754511	1104922	62.9761	1103847	99.9027	1089974	98.7432	1075	0.0973	1091027	98.7424	21285	1.9264	7390	34.7193	6337	29.7721	7591	35.6636	7334	34.4562	145498	96.4811	147634	95.7009	0.9894
ESO1350804120S1K	EST1361001101S1K	na	NZ_CP049075.1	1754511	992948	56.5940	992252	99.9299	980067	98.7720	696	0.0701	980755	98.7720	18540	1.8672	6347	34.2341	5661	30.5340	6698	36.1273	6142	33.1284	145498	96.4811	155104	89.9326	0.9842
ESO1350804120S1K	EST1361002101S1K	na	NZ_CP049075.1	1754511	1125601	64.1547	1124363	99.8900	1110656	98.7809	1238	0.1100	1111878	98.7808	22215	1.9736	8492	38.2264	7287	32.8022	7198	32.4015	7612	34.2651	145498	96.4811	120862	100.0000	0.9846
ESO1350804120S1K	EST1361007101S1K	na	NZ_CP049075.1	1754511	1135420	64.7143	1134070	99.8811	1120071	98.7656	1350	0.1189	1121391	98.7644	22472	1.9792	8443	37.5712	7136	31.7551	7482	33.2948	7760	34.5319	145498	91.7243	126515	95.0488	0.9806
ESO1350804120S1K	EST2359005102S1K	na	NZ_CP049075.1	1754511	1070703	61.0257	1067465	99.6976	1054754	98.8092	3238	0.3024	1057951	98.8090	22043	2.0587	9291	42.1494	6123	27.7775	6978	31.6563	8130	36.8825	145498	91.7243	128523	89.9209	0.9725
ESO1350807120S1K	ESO1356601120S1K	na	NZ_CP049075.1	1754511	732332	41.7399	727231	99.3035	720014	99.0076	5101	0.6965	725050	99.0056	15896	2.1706	8614	54.1897	3582	22.5340	4321	27.1829	6734	42.3629	135115	63.1647	89625	82.8430	0.9543
ESO1350807120S1K	ESO1356602120S1K	na	NZ_CP049075.1	1754511	737980	42.0619	733535	99.3977	726053	98.9800	4445	0.6023	730458	98.9807	15606	2.1147	8084	51.8006	3705	23.7409	4481	28.7133	6286	40.2794	135115	90.2490	119872	88.6979	0.9659
ESO1350807120S1K	ESO1356803120S1K	na	NZ_CP049075.1	1754511	711962	40.5789	711599	99.9490	702616	98.7376	363	0.0510	702973	98.7374	13337	1.8733	4348	32.6010	3991	29.9243	4784	35.8701	4621	34.6480	135115	68.2019	100878	81.2219	0.9537
ESO1350807120S1K	ESO1357103120S1K	na	NZ_CP049075.1	1754511	310634	17.7049	310423	99.9321	306521	98.7430	211	0.0679	306730	98.7432	5844	1.8813	1940	33.1964	1731	29.6201	2299	39.3395	1847	31.6051	135115	85.9875	128644	90.1309	0.9901
ESO1350807120S1K	ESO1357104120S1K	na	NZ_CP049075.1	1754511	812611	46.3155	812148	99.9430	801726	98.7167	463	0.0570	802176	98.7159	15429	1.8987	4994	32.3676	4544	29.4510	5701	36.9499	5260	34.0916	135115	85.9875	117357	88.7437	0.9732
ESO1350807120S1K	ESO1357107120S1K	na	NZ_CP049075.1	1754511	839791	47.8647	831842	99.0535	824914	99.1671	7949	0.9465	832806	99.1682	18779	2.2362	11794	62.8042	3917	20.8584	4582	24.3996	8309	44.2462	135115	27.6823	44994	82.5066	0.9382
ESO1350807120S1K	ESO1358301120S1K	na	NZ_CP049075.1	1754511	364043	20.7490	363890	99.9580	359406	98.7678	153	0.0420	359559	98.7683	6600	1.8130	2116	32.0606	1963	29.7424	2405	36.4394	2253	34.1364	135115	58.9032	114929	67.0901	0.9519
ESO1350807120S1K	ESO1358304120S1K	na	NZ_CP049075.1	1754511	820771	46.7806	820253	99.9369	809895	98.7372	518	0.0631	810404	98.7369	15653	1.9071	5286	33.7699	4777	30.5181	5611	35.8462	5301	33.8657	135115	36.5281	51874	73.7807	0.9307
ESO1350807120S1K	ESO1358602120S1K	na	NZ_CP049075.1	1754511	761461	43.4002	760981	99.9370	751740	98.7856	480	0.0630	752214	98.7856	14230	1.8688	4983	35.0176	4511	31.7006	4945	34.7505	4788	33.6472	135115	59.4804	99829	74.5535	0.9516
ESO1350807120S1K	EST1212206101S1K	na	NZ_CP049075.1	1754511	732252	41.7354	731923	99.9551	722285	98.6832	329	0.0449	722600	98.6819	14393	1.9656	4741	32.9396	4427	30.7580	4866	33.8081	5192	36.0731	135115	58.9032	85446	78.9071	0.9492
ESO1350807120S1K	EST1212704101S1K	na	NZ_CP049075.1	1754511	772359	44.0213	771933	99.9448	762085	98.7242	426	0.0552	762503	98.7239	14720	1.9058	4864	33.0435	4447	30.2106	5147	34.9660	5207	35.3736	135115	58.9032	88279	79.5115	0.9506
ESO1350807120S1K	EST1232702101S1K	na	NZ_CP049075.1	1754511	752366	42.8818	751963	99.9464	742493	98.7406	403	0.0536	742889	98.7404	14125	1.8774	4648	32.9062	4253	30.1097	5012	35.4832	4937	34.9522	135115	90.2490	126535	81.3885	0.9660
ESO1350807120S1K	EST1232710101S1K	na	NZ_CP049075.1	1754511	791196	45.0950	790818	99.9522	780639	98.7129	378	0.0478	781007	98.7122	15300	1.9338	5111	33.4052	4745	31.0131	5379	35.1569	5230	34.1830	135115	90.7013	115001	93.7618	0.9790
ESO1350807120S1K	EST1232905101S1K	na	NZ_CP049075.1	1754511	813805	46.3836	813413	99.9518	802877	98.7047	392	0.0482	803264	98.7047	15578	1.9142	5037	32.3341	4650	29.8498	5561	35.6978	5462	35.0623	135115	54.3189	90764	74.6232	0.9492
ESO1350807120S1K	EST1233822101S1K	na	NZ_CP049075.1	1754511	762813	43.4772	759521	99.5684	751169	98.9004	3292	0.4316	754427	98.9006	15728	2.0618	7342	46.6811	4093	26.0237	4620	29.3744	6318	40.1704	135115	90.2490	120979	93.1410	0.9780
ESO1350807120S1K	EST1233822201S1K	na	NZ_CP049075.1	1754511	723258	41.2228	722460	99.8897	713154	98.7119	798	0.1103	713939	98.7115	14476	2.0015	5157	35.6245	4372	30.2017	4797	33.1376	5375	37.1304	135115	94.9628	142473	80.2033	0.9735
ESO1350807120S1K	EST1234702101S1K	na	NZ_CP049075.1	1754511	190899	10.8805	190782	99.9387	188466	98.7860	117	0.0613	188583	98.7868	3573	1.8717	1257	35.1805	1140	31.9060	1295	36.2441	1155	32.3258	135115	50.0574	100029	69.1060	0.9519
ESO1350807120S1K	EST1234704101S1K	na	NZ_CP049075.1	1754511	855007	48.7319	854200	99.9056	843505	98.7480	807	0.0944	844302	98.7480	16671	1.9498	5966	35.7867	5169	31.0059	5541	33.2374	5986	35.9067	135115	35.4824	50396	66.1441	0.9310
ESO1350807120S1K	EST1236807101S1K	na	NZ_CP049075.1	1754511	812249	46.2949	811835	99.9490	801596	98.7388	414	0.0510	802004	98.7387	15091	1.8579	4846	32.1119	4442	29.4348	5662	37.5191	5053	33.4835	135115	90.2490	139782	88.6573	0.9809
ESO1350807120S1K	EST1237103201S1K	na	NZ_CP049075.1	1754511	776794	44.2741	776073	99.9072	765785	98.6744	721	0.0928	766491	98.6737	15641	2.0135	5338	34.1283	4632	29.6145	5194	33.2076	5923	37.8684	135115	58.4347	83812	84.7230	0.9573
ESO1350807120S1K	EST1238001101S1K	na	NZ_CP049075.1	1754511	692548	39.4724	692109	99.9366	683673	98.7811	439	0.0634	684106	98.7810	12546	1.8116	4104	32.7116	3671	29.2603	4705	37.5020	4228	33.7000	135115	4.2616	20057	28.7830	0.9174
ESO1350807120S1K	EST1238002101S1K	na	NZ_CP049075.1	1754511	774547	44.1460	774093	99.9414	764178	98.7191	454	0.0586	764610	98.7171	15110	1.9508	5173	34.2356	4743	31.3898	5160	34.1496	5277	34.9239	135115	86.1170	111899	88.4789	0.9643
ESO1350807120S1K	EST1241101101S1K	na	NZ_CP049075.1	1754511	850959	48.5012	850136	99.9033	839818	98.7863	823	0.0967	840625	98.7856	16332	1.9192	5998	36.7254	5196	31.8148	5438	33.2966	5642	34.5457	135115	85.9875	116967	87.4033	0.9712
ESO1350807120S1K	EST1241104101S1K	na	NZ_CP049075.1	1754511	779084	44.4046	778760	99.9584	768994	98.7460	324	0.0416	769307	98.7451	13849	1.7776	4072	29.4028	3759	27.1428	6091	43.9815	4063	29.3379	135115	62.5667	93863	85.4181	0.9590
ESO1350807120S1K	EST1242101101S1K	na	NZ_CP049075.1	1754511	279228	15.9149	279068	99.9427	275602	98.7580	160	0.0573	275760	98.7580	5197	1.8612	1729	33.2692	1571	30.2290	1882	36.2132	1762	33.9042	135115	58.9032	107133	77.1144	0.9608
ESO1350807120S1K	EST1242103101S1K	na	NZ_CP049075.1	1754511	712197	40.5923	711763	99.9391	703203	98.7974	434	0.0609	703634	98.7977	13159	1.8477	4596	34.9267	4166	31.6589	4593	34.9039	4432	33.6804	135115	85.9875	123051	87.7100	0.9743
ESO1350807120S1K	EST1242207101S1K	na	NZ_CP049075.1	1754511	521040	29.6972	520801	99.9541	514625	98.8141	239	0.0459	514859	98.8137	9345	1.7935	3164	33.8577	2930	31.3537	3368	36.0407	3095	33.1193	135115	90.2490	140321	86.9407	0.9704
ESO1350807120S1K	EST1242209101S1K	na	NZ_CP049075.1	1754511	724196	41.2762	723520	99.9067	714567	98.7626	676	0.0933	715233	98.7624	13830	1.9097	4867	35.1916	4234	30.6146	4670	33.7672	4924	35.6038	135115	94.9628	127907	95.0878	0.9873
ESO1350807120S1K	EST1242704101S1K	na	NZ_CP049075.1	1754511	854195	48.6856	846540	99.1038	839413	99.1581	7655	0.8962	847002	99.1579	18658	2.1843	11465	61.4482	3890	20.8490	4727	25.3350	7961	42.6680	135115	55.2189	84615	86.5851	0.9565
ESO1350807120S1K	EST1242801101S1K	na	NZ_CP049075.1	1754511	831106	47.3697	830299	99.9029	820157	98.7785	807	0.0971	820956	98.7787	15533	1.8690	5383	34.6553	4586	29.5242	5654	36.3999	5296	34.0952	135115	90.2490	106954	87.5404	0.9638
ESO1350807120S1K	EST1242802101S1K	na	NZ_CP049075.1	1754511	797730	45.4674	796081	99.7933	786580	98.8065	1649	0.2067	788210	98.8066	15766	1.9764	6246	39.6169	4617	29.2845	5094	32.3100	5719	36.2743	135115	62.5667	77610	83.2844	0.9506
ESO1350807120S1K	EST1242804101S1K	na	NZ_CP049075.1	1754511	827505	47.1644	823763	99.5478	815053	98.9427	3742	0.4522	818767	98.9441	16643	2.0112	7905	47.4974	4197	25.2178	5209	31.2984	6395	38.4246	135115	54.3189	69079	91.2578	0.9508
ESO1350807120S1K	EST1242805101S1K	na	NZ_CP049075.1	1754511	803616	45.8028	803150	99.9420	793056	98.7432	466	0.0580	793516	98.7432	15304	1.9044	5204	34.0042	4744	30.9984	5331	34.8340	5290	34.5661	135115	94.9628	153813	84.9226	0.9806
ESO1350807120S1K	EST1247101101S1K	na	NZ_CP049075.1	1754511	576784	32.8743	576443	99.9409	569188	98.7414	341	0.0591	569525	98.7415	10717	1.8581	3458	32.2665	3122	29.1313	3809	35.5417	3841	35.8403	135115	85.9875	120859	84.6466	0.9724
ESO1350807120S1K	EST1247106101S1K	na	NZ_CP049075.1	1754511	765500	43.6304	765174	99.9574	755488	98.7341	326	0.0426	755804	98.7334	14695	1.9197	4999	34.0184	4686	31.8884	5102	34.7193	4980	33.8891	135115	63.1647	106665	83.1857	0.9562
ESO1350807120S1K	EST1247109101S1K	na	NZ_CP049075.1	1754511	843551	48.0790	843041	99.9395	832072	98.6989	510	0.0605	832560	98.6971	16110	1.9098	5119	31.7753	4636	28.7772	6076	37.7157	5474	33.9789	135115	90.2490	129147	91.8233	0.9781
ESO1350807120S1K	EST1247203101S1K	na	NZ_CP049075.1	1754511	729375	41.5714	728625	99.8972	719418	98.7364	750	0.1028	720150	98.7352	14266	1.9559	5041	35.3358	4310	30.2117	4829	33.8497	5131	35.9666	135115	85.9875	93469	83.7476	0.9510
ESO1350807120S1K	EST1247206101S1K	na	NZ_CP049075.1	1754511	682026	38.8727	681769	99.9623	672959	98.7078	257	0.0377	673207	98.7069	13117	1.9232	4298	32.7666	4052	30.8912	4694	35.7856	4431	33.7806	135115	90.7013	127972	89.9798	0.9799
ESO1350807120S1K	EST1254306101S1K	na	NZ_CP049075.1	1754511	121125	6.9036	121060	99.9463	119625	98.8146	65	0.0537	119690	98.8153	2021	1.6685	586	28.9955	521	25.7793	947	46.8580	559	27.6596	135115	53.7209	76013	100.0000	0.9704
ESO1350807120S1K	EST1256811101S1K	na	NZ_CP049075.1	1754511	749211	42.7020	748776	99.9419	739155	98.7151	435	0.0581	739579	98.7144	14142	1.8876	4510	31.8908	4087	28.8997	5302	37.4912	4824	34.1112	135115	90.2490	139306	88.6832	0.9810
ESO1350807120S1K	EST1350502101S1K	na	NZ_CP049075.1	1754511	448619	25.5695	447821	99.8221	442911	98.9036	798	0.1779	443704	98.9044	7974	1.7775	3059	38.3622	2266	28.4174	2799	35.1016	2764	34.6627	135115	82.1789	126094	88.2255	0.9807
ESO1350807120S1K	EST1350510101S1K	na	NZ_CP049075.1	1754511	589153	33.5793	588910	99.9588	581081	98.6706	243	0.0412	581310	98.6688	11765	1.9969	3922	33.3362	3694	31.3982	3980	33.8292	4141	35.1976	135115	85.9875	117862	87.1655	0.9681
ESO1350807120S1K	EST1350804101S1K	na	NZ_CP049075.1	1754511	819467	46.7063	818305	99.8582	807541	98.6846	1162	0.1418	808680	98.6837	16849	2.0561	6062	35.9784	4925	29.2302	5370	31.8713	6414	38.0675	135115	63.1647	75045	91.9555	0.9542
ESO1350807120S1K	EST1350807101S1K	na	NZ_CP049075.1	1754511	834102	47.5404	833656	99.9465	833467	99.9773	446	0.0535	833913	99.9773	10862	1.3022	10673	98.2600	10230	94.1816	352	3.2407	202	1.8597	135115	94.9628	134701	86.0038	0.9766
ESO1350807120S1K	EST1356604101S1K	na	NZ_CP049075.1	1754511	826038	47.0808	825282	99.9085	814608	98.7066	756	0.0915	815346	98.7056	16120	1.9515	5428	33.6725	4742	29.4169	5555	34.4603	5840	36.2283	135115	71.5420	91591	91.9850	0.9599
ESO1350807120S1K	EST1356611101S1K	na	NZ_CP049075.1	1754511	563029	32.0904	562657	99.9339	555838	98.7881	372	0.0661	556205	98.7880	10466	1.8589	3642	34.7984	3287	31.4065	3711	35.4577	3496	33.4034	135115	44.4577	57584	100.0000	0.9489
ESO1350807120S1K	EST1357103101S1K	na	NZ_CP049075.1	1754511	644690	36.7447	644366	99.9497	636617	98.7974	324	0.0503	636935	98.7971	11467	1.7787	3712	32.3712	3394	29.5980	4348	37.9175	3773	32.9031	135115	85.9875	133245	85.1124	0.9745
ESO1350807120S1K	EST1357107101S1K	na	NZ_CP049075.1	1754511	791179	45.0940	790703	99.9398	780242	98.6770	476	0.0602	780708	98.6765	15702	1.9846	5231	33.3142	4769	30.3719	5307	33.7982	5678	36.1610	135115	54.3189	78769	84.4266	0.9491
ESO1350807120S1K	EST1358301101S1K	na	NZ_CP049075.1	1754511	535129	30.5002	534853	99.9484	528277	98.7705	276	0.0516	528549	98.7704	9893	1.8487	3313	33.4883	3041	30.7389	3477	35.1461	3410	34.4688	135115	58.9032	94377	72.6702	0.9486
ESO1350807120S1K	EST1358301201S1K	na	NZ_CP049075.1	1754511	818074	46.6269	817593	99.9412	807237	98.7334	481	0.0588	807713	98.7335	15604	1.9074	5243	33.6004	4769	30.5627	5463	35.0103	5443	34.8821	135115	63.1647	102933	71.3280	0.9485
ESO1350807120S1K	EST1358302101S1K	na	NZ_CP049075.1	1754511	579037	33.0028	578755	99.9513	571498	98.7461	282	0.0487	571778	98.7464	10710	1.8496	3451	32.2222	3171	29.6078	3885	36.2745	3702	34.5658	135115	85.9875	133967	76.9869	0.9616
ESO1350807120S1K	EST1358602101S1K	na	NZ_CP049075.1	1754511	305217	17.3961	305062	99.9492	301461	98.8196	155	0.0508	301615	98.8199	5469	1.7918	1867	34.1379	1714	31.3403	1951	35.6738	1809	33.0773	135115	50.5051	80640	70.0322	0.9501
ESO1350807120S1K	EST1359005101S1K	na	NZ_CP049075.1	1754511	830064	47.3103	828671	99.8322	818600	98.7847	1393	0.1678	819982	98.7854	16175	1.9486	6093	37.6692	4711	29.1252	5372	33.2117	5951	36.7913	135115	94.9628	136370	86.9649	0.9758
ESO1350807120S1K	EST1359006101S1K	na	NZ_CP049075.1	1754511	377733	21.5292	377509	99.9407	372908	98.7812	224	0.0593	373130	98.7814	6955	1.8412	2352	33.8174	2130	30.6254	2504	36.0029	2331	33.5155	135115	95.7384	151742	87.2679	0.9743
ESO1350807120S1K	EST1359007101S1K	na	NZ_CP049075.1	1754511	830864	47.3559	830252	99.9263	819946	98.7587	612	0.0737	820547	98.7583	15550	1.8715	5233	33.6527	4632	29.7878	5639	36.2637	5350	34.4051	135115	94.9628	147634	87.6898	0.9798
ESO1350807120S1K	EST1361001101S1K	na	NZ_CP049075.1	1754511	767452	43.7416	767035	99.9457	757299	98.7307	417	0.0543	757708	98.7303	14286	1.8615	4542	31.7934	4133	28.9304	5384	37.6872	4820	33.7393	135115	94.9628	155104	84.6729	0.9775
ESO1350807120S1K	EST1361002101S1K	na	NZ_CP049075.1	1754511	837952	47.7599	837201	99.9104	826673	98.7425	751	0.0896	827410	98.7419	16370	1.9536	5828	35.6017	5094	31.1179	5458	33.3415	5833	35.6323	135115	90.2490	120862	89.2034	0.9724
ESO1350807120S1K	EST1361007101S1K	na	NZ_CP049075.1	1754511	844534	48.1350	843698	99.9010	833307	98.7684	836	0.0990	834119	98.7668	16335	1.9342	5920	36.2412	5109	31.2764	5573	34.1169	5679	34.7658	135115	94.9628	126515	93.8940	0.9799
ESO1350807120S1K	EST2359005102S1K	na	NZ_CP049075.1	1754511	781597	44.5479	779591	99.7433	770200	98.7954	2006	0.2567	772182	98.7954	15768	2.0174	6353	40.2905	4374	27.7397	5060	32.0903	5892	37.3668	135115	94.9628	128523	87.4629	0.9732
ESO1356601120S1K	ESO1356602120S1K	na	NZ_CP049075.1	1754511	1162671	66.2675	1150668	98.9676	1141754	99.2253	12003	1.0324	1153672	99.2260	27004	2.3226	18005	66.6753	7612	28.1884	8764	32.4545	7870	29.1438	89625	92.8357	119872	75.3537	0.9714
ESO1356601120S1K	ESO1356803120S1K	na	NZ_CP049075.1	1754511	989639	56.4054	983392	99.3688	981649	99.8228	6247	0.6312	987886	99.8229	17047	1.7225	15294	89.7167	9076	53.2410	4066	23.8517	1104	6.4762	89625	100.0000	100878	93.6854	0.9924
ESO1356601120S1K	ESO1357103120S1K	na	NZ_CP049075.1	1754511	378297	21.5614	375745	99.3254	372247	99.0690	2552	0.6746	374778	99.0698	7978	2.1089	4459	55.8912	1928	24.1665	3526	44.1965	1894	23.7403	89625	84.7085	128644	72.6602	0.9608
ESO1356601120S1K	ESO1357104120S1K	na	NZ_CP049075.1	1754511	1217061	69.3675	1209240	99.3574	1196521	98.9482	7821	0.6426	1204263	98.9485	27024	2.2204	14226	52.6421	6511	24.0934	11463	42.4179	7235	26.7725	89625	93.7618	117357	73.2287	0.9681
ESO1356601120S1K	ESO1357107120S1K	na	NZ_CP049075.1	1754511	1233840	70.3239	1217243	98.6548	1208243	99.2606	16597	1.3452	1224734	99.2620	31459	2.5497	22353	71.0544	7328	23.2938	9303	29.5718	11405	36.2535	89625	50.5172	44994	100.0000	0.9738
ESO1356601120S1K	ESO1358301120S1K	na	NZ_CP049075.1	1754511	419872	23.9310	417148	99.3512	414635	99.3976	2724	0.6488	417352	99.3998	8198	1.9525	5678	69.2608	2961	36.1186	2709	33.0446	1549	18.8949	89625	93.7618	114929	88.2188	0.9731
ESO1356601120S1K	ESO1358304120S1K	na	NZ_CP049075.1	1754511	1248465	71.1574	1240459	99.3587	1226426	98.8687	8006	0.6413	1234335	98.8682	29027	2.3250	14897	51.3212	7017	24.1740	11818	40.7138	8363	28.8111	89625	58.6209	51874	100.0000	0.9704
ESO1356601120S1K	ESO1358602120S1K	na	NZ_CP049075.1	1754511	1059144	60.3669	1052234	99.3476	1041864	99.0145	6910	0.6524	1048694	99.0134	22966	2.1684	12516	54.4980	5738	24.9848	9329	40.6209	6159	26.8179	89625	58.6209	99829	52.4357	0.9474
ESO1356601120S1K	EST1212206101S1K	na	NZ_CP049075.1	1754511	1210557	68.9968	1203016	99.3771	1197439	99.5364	7541	0.6229	1204934	99.5355	23769	1.9635	18146	76.3431	10735	45.1639	6596	27.7504	3506	14.7503	89625	93.7618	85446	100.0000	0.9942
ESO1356601120S1K	EST1212704101S1K	na	NZ_CP049075.1	1754511	1094797	62.3990	1087760	99.3572	1082976	99.5602	7037	0.6428	1089986	99.5606	20697	1.8905	15886	76.7551	8913	43.0642	6055	29.2554	2978	14.3886	89625	93.7618	88279	100.0000	0.9929
ESO1356601120S1K	EST1232702101S1K	na	NZ_CP049075.1	1754511	1052882	60.0100	1046176	99.3631	1039418	99.3540	6706	0.6369	1046067	99.3527	20685	1.9646	13870	67.0534	7234	34.9722	7140	34.5178	4024	19.4537	89625	100.0000	126535	72.3420	0.9761
ESO1356601120S1K	EST1232710101S1K	na	NZ_CP049075.1	1754511	1215597	69.2841	1207748	99.3543	1194819	98.9295	7849	0.6457	1202575	98.9288	27597	2.2702	14575	52.8137	6895	24.9846	11014	39.9101	7658	27.7494	89625	84.7085	115001	69.4055	0.9625
ESO1356601120S1K	EST1232905101S1K	na	NZ_CP049075.1	1754511	1171168	66.7518	1163753	99.3669	1157990	99.5048	7415	0.6331	1165374	99.5053	22591	1.9289	16797	74.3526	9438	41.7777	6824	30.2067	3462	15.3247	89625	92.8357	90764	94.4317	0.9910
ESO1356601120S1K	EST1233822101S1K	na	NZ_CP049075.1	1754511	1138356	64.8817	1127795	99.0723	1117882	99.1210	10561	0.9277	1128364	99.1222	26470	2.3253	16478	62.2516	6731	25.4288	9297	35.1228	8096	30.5856	89625	91.8962	120979	70.1965	0.9721
ESO1356601120S1K	EST1233822201S1K	na	NZ_CP049075.1	1754511	1092888	62.2902	1085247	99.3008	1074138	98.9764	7641	0.6992	1081704	98.9767	24927	2.2808	13743	55.1330	6196	24.8566	9622	38.6007	7299	29.2815	89625	91.8962	142473	61.1800	0.9591
ESO1356601120S1K	EST1234702101S1K	na	NZ_CP049075.1	1754511	207273	11.8137	205902	99.3386	204817	99.4731	1371	0.6614	206177	99.4712	4000	1.9298	2904	72.6000	1544	38.6000	1255	31.3750	663	16.5750	89625	77.5442	100029	81.5963	0.9777
ESO1356601120S1K	EST1234704101S1K	na	NZ_CP049075.1	1754511	1274670	72.6510	1266181	99.3340	1252470	98.9171	8489	0.6660	1260876	98.9178	29730	2.3324	15936	53.6024	7622	25.6374	11229	37.7699	8780	29.5325	89625	50.4324	50396	87.8264	0.9642
ESO1356601120S1K	EST1236807101S1K	na	NZ_CP049075.1	1754511	1147877	65.4243	1140490	99.3565	1129080	98.9996	7387	0.6435	1136386	98.9989	24657	2.1481	13166	53.3966	5873	23.8188	10560	42.8276	6440	26.1183	89625	91.8962	139782	71.4370	0.9612
ESO1356601120S1K	EST1237103201S1K	na	NZ_CP049075.1	1754511	1178305	67.1586	1170260	99.3172	1159397	99.0717	8045	0.6828	1167371	99.0721	26398	2.2403	15464	58.5802	7534	28.5400	9435	35.7413	7250	27.4642	89625	43.2681	83812	44.9458	0.9395
ESO1356601120S1K	EST1238001101S1K	na	NZ_CP049075.1	1754511	946498	53.9465	940358	99.3513	931156	99.0214	6140	0.6487	937241	99.0220	20480	2.1638	11223	54.7998	5145	25.1221	8686	42.4121	5182	25.3027	89625	23.3953	20057	100.0000	0.9588
ESO1356601120S1K	EST1238002101S1K	na	NZ_CP049075.1	1754511	1205172	68.6899	1197411	99.3560	1184958	98.9600	7761	0.6440	1192633	98.9596	27235	2.2598	14696	53.9600	7045	25.8674	10615	38.9756	7536	27.6703	89625	92.8357	111899	68.7727	0.9712
ESO1356601120S1K	EST1241101101S1K	na	NZ_CP049075.1	1754511	1249229	71.2010	1240565	99.3065	1227975	98.9851	8664	0.6935	1236537	98.9840	28389	2.2725	15697	55.2925	7223	25.4430	10933	38.5114	8040	28.3208	89625	93.7618	116967	74.3945	0.9731
ESO1356601120S1K	EST1241104101S1K	na	NZ_CP049075.1	1754511	1200598	68.4292	1193077	99.3736	1180893	98.9788	7521	0.6264	1188335	98.9786	25268	2.1046	13005	51.4683	5599	22.1585	12597	49.8536	5653	22.3722	89625	50.4324	93863	57.1940	0.9418
ESO1356601120S1K	EST1242101101S1K	na	NZ_CP049075.1	1754511	341751	19.4784	339561	99.3592	336833	99.1966	2190	0.6408	339013	99.1988	7075	2.0702	4337	61.3004	2162	30.5583	2625	37.1025	1653	23.3640	89625	85.6580	107133	87.4380	0.9735
ESO1356601120S1K	EST1242103101S1K	na	NZ_CP049075.1	1754511	989460	56.3952	983219	99.3693	973846	99.0467	6241	0.6307	980032	99.0472	20951	2.1174	11523	54.9998	5357	25.5692	8457	40.3656	5482	26.1658	89625	93.7618	123051	71.8223	0.9701
ESO1356601120S1K	EST1242207101S1K	na	NZ_CP049075.1	1754511	635601	36.2267	631291	99.3219	625682	99.1115	4310	0.6781	629934	99.1084	13230	2.0815	7563	57.1655	3312	25.0340	5551	41.9577	3262	24.6561	89625	100.0000	140321	77.3263	0.9663
ESO1356601120S1K	EST1242209101S1K	na	NZ_CP049075.1	1754511	983115	56.0336	976575	99.3348	967081	99.0278	6540	0.6652	973570	99.0291	21171	2.1535	11626	54.9147	5189	24.5099	8434	39.8375	5828	27.5282	89625	82.8430	127907	62.1608	0.9578
ESO1356601120S1K	EST1242704101S1K	na	NZ_CP049075.1	1754511	1251842	71.3499	1235129	98.6649	1226633	99.3121	16713	1.3351	1243225	99.3117	30922	2.4701	22305	72.1331	7152	23.1292	9574	30.9618	10587	34.2378	89625	52.3827	84615	50.7002	0.9483
ESO1356601120S1K	EST1242801101S1K	na	NZ_CP049075.1	1754511	1212150	69.0876	1204057	99.3323	1192100	99.0069	8093	0.6677	1200119	99.0075	26460	2.1829	14429	54.5314	6476	24.4747	11074	41.8519	7033	26.5797	89625	100.0000	106954	67.6534	0.9579
ESO1356601120S1K	EST1242802101S1K	na	NZ_CP049075.1	1754511	1211516	69.0515	1202228	99.2334	1190626	99.0350	9288	0.7666	1199827	99.0352	27499	2.2698	15810	57.4930	6929	25.1973	10388	37.7759	7927	28.8265	89625	58.5361	77610	61.4508	0.9529
ESO1356601120S1K	EST1242804101S1K	na	NZ_CP049075.1	1754511	1223240	69.7197	1211706	99.0571	1200799	99.0999	11534	0.9429	1212234	99.1003	28533	2.3326	17527	61.4271	6798	23.8250	10523	36.8801	8726	30.5821	89625	84.7319	69079	100.0000	0.9821
ESO1356601120S1K	EST1242805101S1K	na	NZ_CP049075.1	1754511	1127125	64.2415	1119785	99.3488	1108583	98.9996	7340	0.6512	1115842	98.9990	24730	2.1941	13447	54.3753	6229	25.1880	10014	40.4933	6605	26.7085	89625	100.0000	153813	69.5318	0.9610
ESO1356601120S1K	EST1247101101S1K	na	NZ_CP049075.1	1754511	794542	45.2857	789576	99.3750	785884	99.5324	4966	0.6250	790827	99.5324	14521	1.8276	10806	74.4164	5866	40.3967	4516	31.0998	2294	15.7978	89625	93.7618	120859	71.4543	0.9764
ESO1356601120S1K	EST1247106101S1K	na	NZ_CP049075.1	1754511	1221044	69.5945	1213299	99.3657	1200556	98.9497	7745	0.6343	1208209	98.9489	27931	2.2875	15096	54.0475	7499	26.8483	10802	38.6739	7592	27.1813	89625	100.0000	106665	100.0000	0.9891
ESO1356601120S1K	EST1247109101S1K	na	NZ_CP049075.1	1754511	1238720	70.6020	1230634	99.3472	1217725	98.9510	8086	0.6528	1225709	98.9496	27663	2.2332	14652	52.9661	6741	24.3683	11609	41.9658	7429	26.8554	89625	91.8962	129147	76.7900	0.9673
ESO1356601120S1K	EST1247203101S1K	na	NZ_CP049075.1	1754511	1127266	64.2496	1119343	99.2971	1108103	98.9958	7923	0.7029	1115940	98.9953	25368	2.2504	14042	55.3532	6276	24.7398	10079	39.7312	7125	28.0866	89625	93.7618	93469	94.4003	0.9840
ESO1356601120S1K	EST1247206101S1K	na	NZ_CP049075.1	1754511	1129884	64.3988	1122773	99.3706	1111083	98.9588	7111	0.6294	1118095	98.9566	25258	2.2355	13469	53.3257	6479	25.6513	10211	40.4268	6782	26.8509	89625	93.7618	127972	67.5640	0.9620
ESO1356601120S1K	EST1254306101S1K	na	NZ_CP049075.1	1754511	153083	8.7251	152085	99.3481	150626	99.0407	998	0.6519	151612	99.0391	3115	2.0348	1644	52.7769	659	21.1557	1604	51.4928	651	20.8989	89625	34.2148	76013	48.8390	0.9480
ESO1356601120S1K	EST1256811101S1K	na	NZ_CP049075.1	1754511	1079947	61.5526	1072734	99.3321	1061854	98.9858	7213	0.6679	1068983	98.9848	23603	2.1856	12639	53.5483	5550	23.5140	10200	43.2148	6129	25.9670	89625	91.8962	139306	71.4887	0.9614
ESO1356601120S1K	EST1350502101S1K	na	NZ_CP049075.1	1754511	594060	33.8590	589857	99.2925	584811	99.1445	4203	0.7075	588977	99.1444	12062	2.0304	6979	57.8594	2934	24.3243	4863	40.3167	3262	27.0436	89625	78.4937	126094	58.1281	0.9603
ESO1356601120S1K	EST1350510101S1K	na	NZ_CP049075.1	1754511	1038429	59.1862	1031856	99.3670	1020520	98.9014	6573	0.6330	1027002	98.8996	24022	2.3133	12595	52.4311	6166	25.6681	9380	39.0475	6776	28.2075	89625	93.7618	117862	74.5567	0.9717
ESO1356601120S1K	EST1350804101S1K	na	NZ_CP049075.1	1754511	1254592	71.5066	1245634	99.2860	1232506	98.9461	8958	0.7140	1241364	98.9456	29867	2.3806	16639	55.7103	7997	26.7754	10735	35.9427	8981	30.0700	89625	91.8962	75045	100.0000	0.9837
ESO1356601120S1K	EST1350807101S1K	na	NZ_CP049075.1	1754511	1194221	68.0657	1186582	99.3603	1173971	98.9372	7639	0.6397	1181507	98.9354	26574	2.2252	13860	52.1562	6334	23.8353	10881	40.9460	7484	28.1629	89625	100.0000	134701	68.5244	0.9637
ESO1356601120S1K	EST1356604101S1K	na	NZ_CP049075.1	1754511	1193319	68.0143	1185196	99.3193	1175347	99.1690	8123	0.6807	1183428	99.1711	25194	2.1113	15303	60.7407	7266	28.8402	9073	36.0125	6125	24.3113	89625	55.7211	91591	58.6717	0.9453
ESO1356601120S1K	EST1356611101S1K	na	NZ_CP049075.1	1754511	749526	42.7199	744605	99.3435	737341	99.0244	4921	0.6565	742207	99.0235	16431	2.1922	9112	55.4561	4279	26.0422	6455	39.2855	4470	27.2047	89625	47.6173	57584	88.7087	0.9552
ESO1356601120S1K	EST1357103101S1K	na	NZ_CP049075.1	1754511	850898	48.4977	845412	99.3553	837245	99.0340	5486	0.6447	842686	99.0349	17841	2.0967	9629	53.9712	4193	23.5020	7881	44.1735	4405	24.6903	89625	93.7618	133245	69.4458	0.9645
ESO1356601120S1K	EST1357107101S1K	na	NZ_CP049075.1	1754511	1245347	70.9797	1237210	99.3466	1226155	99.1065	8137	0.6534	1234215	99.1061	27904	2.2407	16772	60.1061	8797	31.5259	9753	34.9520	6958	24.9355	89625	83.7824	78769	92.1492	0.9862
ESO1356601120S1K	EST1358301101S1K	na	NZ_CP049075.1	1754511	717598	40.9002	713066	99.3684	709042	99.4357	4532	0.6316	713553	99.4363	13889	1.9355	9844	70.8762	5346	38.4909	4375	31.4997	2482	17.8703	89625	93.7618	94377	92.2237	0.9933
ESO1356601120S1K	EST1358301201S1K	na	NZ_CP049075.1	1754511	1185025	67.5416	1177570	99.3709	1170409	99.3919	7455	0.6291	1177824	99.3923	23858	2.0133	16657	69.8173	9280	38.8968	7245	30.3672	4608	19.3143	89625	100.0000	102933	88.9618	0.9901
ESO1356601120S1K	EST1358302101S1K	na	NZ_CP049075.1	1754511	750120	42.7538	745143	99.3365	741758	99.5457	4977	0.6635	746719	99.5466	13801	1.8398	10400	75.3569	5444	39.4464	4375	31.7006	2024	14.6656	89625	93.7618	133967	65.0541	0.9691
ESO1356601120S1K	EST1358602101S1K	na	NZ_CP049075.1	1754511	414353	23.6164	411781	99.3793	407814	99.0366	2572	0.6207	410361	99.0366	8679	2.0946	4687	54.0039	2141	24.6687	3593	41.3988	2288	26.3625	89625	43.3294	80640	49.4730	0.9490
ESO1356601120S1K	EST1359005101S1K	na	NZ_CP049075.1	1754511	1191150	67.8907	1182307	99.2576	1170515	99.0026	8843	0.7424	1179272	99.0028	26792	2.2493	14914	55.6659	6317	23.5779	10492	39.1609	7878	29.4043	89625	91.8962	136370	66.0981	0.9611
ESO1356601120S1K	EST1359006101S1K	na	NZ_CP049075.1	1754511	492813	28.0883	489529	99.3336	484829	99.0399	3284	0.6664	488079	99.0394	10433	2.1170	5699	54.6247	2462	23.5982	4419	42.3560	2743	26.2916	89625	85.6580	151742	56.7015	0.9456
ESO1356601120S1K	EST1359007101S1K	na	NZ_CP049075.1	1754511	1199003	68.3383	1191167	99.3465	1179021	98.9803	7836	0.6535	1186786	98.9811	26274	2.1913	14057	53.5016	6303	23.9895	11046	42.0416	7086	26.9696	89625	100.0000	147634	71.3643	0.9645
ESO1356601120S1K	EST1361001101S1K	na	NZ_CP049075.1	1754511	1046400	59.6405	1039563	99.3466	1029371	99.0196	6837	0.6534	1036141	99.0196	22373	2.1381	12114	54.1456	5367	23.9887	9533	42.6094	5806	25.9509	89625	100.0000	155104	66.7468	0.9593
ESO1356601120S1K	EST1361002101S1K	na	NZ_CP049075.1	1754511	1239034	70.6199	1230668	99.3248	1218033	98.9733	8366	0.6752	1226306	98.9727	28050	2.2639	15322	54.6239	7164	25.5401	10817	38.5633	7981	28.4528	89625	100.0000	120862	75.0716	0.9752
ESO1356601120S1K	EST1361007101S1K	na	NZ_CP049075.1	1754511	1244707	70.9432	1236191	99.3158	1224248	99.0339	8516	0.6842	1232678	99.0336	27926	2.2436	15897	56.9254	7584	27.1575	10655	38.1544	7509	26.8889	89625	84.7319	126515	66.6743	0.9583
ESO1356601120S1K	EST2359005102S1K	na	NZ_CP049075.1	1754511	1198782	68.3257	1188754	99.1635	1176967	99.0085	10028	0.8365	1186894	99.0083	27958	2.3322	16070	57.4791	6515	23.3028	10553	37.7459	8510	30.4385	89625	91.8962	128523	65.5159	0.9612
ESO1356602120S1K	ESO1356803120S1K	na	NZ_CP049075.1	1754511	972162	55.4093	966532	99.4209	956513	98.9634	5630	0.5791	962072	98.9621	20701	2.1294	10611	51.2584	5067	24.4771	8287	40.0319	5874	28.3754	119872	75.3537	100878	87.5126	0.9646
ESO1356602120S1K	ESO1357103120S1K	na	NZ_CP049075.1	1754511	379683	21.6404	377432	99.4071	373687	99.0078	2251	0.5929	375913	99.0071	7921	2.0862	4151	52.4050	1925	24.3025	3341	42.1790	2080	26.2593	119872	94.9938	128644	100.0000	0.9710
ESO1356602120S1K	ESO1357104120S1K	na	NZ_CP049075.1	1754511	1260193	71.8259	1252672	99.4032	1239008	98.9092	7521	0.5968	1246433	98.9081	27932	2.2165	14172	50.7375	6778	24.2661	11495	41.1535	7861	28.1433	119872	100.0000	117357	100.0000	0.9786
ESO1356602120S1K	ESO1357107120S1K	na	NZ_CP049075.1	1754511	1243378	70.8675	1227184	98.6976	1218095	99.2594	16194	1.3024	1234165	99.2590	30909	2.4859	21696	70.1931	6990	22.6148	8996	29.1048	11578	37.4583	119872	40.8644	44994	100.0000	0.9540
ESO1356602120S1K	ESO1358301120S1K	na	NZ_CP049075.1	1754511	407146	23.2057	404708	99.4012	400719	99.0144	2438	0.5988	403134	99.0146	8345	2.0496	4333	51.9233	1918	22.9838	3372	40.4074	2333	27.9569	119872	65.7918	114929	79.0967	0.9516
ESO1356602120S1K	ESO1358304120S1K	na	NZ_CP049075.1	1754511	1280730	72.9964	1273039	99.3995	1262883	99.2022	7691	0.6005	1270507	99.2018	26580	2.0754	16357	61.5388	8798	33.1001	9297	34.9774	6078	22.8668	119872	47.1603	51874	100.0000	0.9597
ESO1356602120S1K	ESO1358602120S1K	na	NZ_CP049075.1	1754511	1076983	61.3837	1070754	99.4216	1059452	98.9445	6229	0.5784	1065617	98.9446	23327	2.1660	11961	51.2753	5816	24.9325	9224	39.5422	6720	28.8078	119872	71.8066	99829	83.5358	0.9635
ESO1356602120S1K	EST1212206101S1K	na	NZ_CP049075.1	1754511	1198637	68.3174	1191606	99.4134	1178028	98.8605	7031	0.5866	1184971	98.8599	27480	2.2926	13814	50.2693	6885	25.0546	10454	38.0422	8281	30.1346	119872	65.7918	85446	93.4754	0.9670
ESO1356602120S1K	EST1212704101S1K	na	NZ_CP049075.1	1754511	1072503	61.1283	1066237	99.4158	1055163	98.9614	6266	0.5842	1061366	98.9616	22918	2.1369	11781	51.4050	5589	24.3869	9059	39.5279	6641	28.9772	119872	65.7918	88279	93.4673	0.9661
ESO1356602120S1K	EST1232702101S1K	na	NZ_CP049075.1	1754511	1070945	61.0395	1064801	99.4263	1053794	98.9663	6144	0.5737	1059865	98.9654	22868	2.1353	11788	51.5480	5727	25.0437	9058	39.6099	6579	28.7695	119872	100.0000	126535	91.4609	0.9843
ESO1356602120S1K	EST1232710101S1K	na	NZ_CP049075.1	1754511	1265148	72.1083	1257441	99.3908	1243532	98.8939	7707	0.6092	1251121	98.8913	28960	2.2891	14933	51.5642	7450	25.7251	11098	38.3218	8454	29.1920	119872	94.9938	115001	94.5635	0.9729
ESO1356602120S1K	EST1232905101S1K	na	NZ_CP049075.1	1754511	1155741	65.8725	1149022	99.4186	1136647	98.9230	6719	0.5814	1143288	98.9225	25183	2.1789	12730	50.5500	6110	24.2624	9935	39.4512	7365	29.2459	119872	75.3537	90764	94.4317	0.9704
ESO1356602120S1K	EST1233822101S1K	na	NZ_CP049075.1	1754511	1151700	65.6422	1141795	99.1400	1131615	99.1084	9905	0.8600	1141429	99.1082	26188	2.2739	15917	60.7797	6770	25.8515	8709	33.2557	8444	32.2438	119872	93.7041	120979	100.0000	0.9800
ESO1356602120S1K	EST1233822201S1K	na	NZ_CP049075.1	1754511	1096909	62.5194	1089896	99.3607	1078469	98.9516	7013	0.6393	1085404	98.9511	24606	2.2432	13101	53.2431	6193	25.1687	9160	37.2267	7530	30.6023	119872	93.7041	142473	83.4362	0.9666
ESO1356602120S1K	EST1234702101S1K	na	NZ_CP049075.1	1754511	203567	11.6025	202420	99.4365	200390	98.9971	1147	0.5635	201527	98.9979	4255	2.0902	2215	52.0564	1078	25.3349	1728	40.6110	1166	27.4031	119872	60.7857	100029	81.5963	0.9649
ESO1356602120S1K	EST1234704101S1K	na	NZ_CP049075.1	1754511	1281827	73.0589	1273782	99.3724	1259796	98.9020	8045	0.6276	1267742	98.9012	29359	2.2904	15274	52.0249	7422	25.2802	10979	37.3957	8952	30.4915	119872	42.7614	50396	87.8264	0.9377
ESO1356602120S1K	EST1236807101S1K	na	NZ_CP049075.1	1754511	1179633	67.2343	1172744	99.4160	1160730	98.9756	6889	0.5840	1167531	98.9741	25193	2.1357	13091	51.9628	6314	25.0625	10387	41.2297	6877	27.2973	119872	93.7041	139782	96.3050	0.9787
ESO1356602120S1K	EST1237103201S1K	na	NZ_CP049075.1	1754511	1206364	68.7578	1198785	99.3717	1185357	98.8799	7579	0.6283	1192846	98.8794	27856	2.3091	14338	51.4719	6890	24.7343	10293	36.9507	8768	31.4762	119872	57.8459	83812	86.5210	0.9542
ESO1356602120S1K	EST1238001101S1K	na	NZ_CP049075.1	1754511	931707	53.1035	926268	99.4162	916594	98.9556	5439	0.5838	921984	98.9564	19749	2.1197	10026	50.7671	4651	23.5506	8305	42.0528	5454	27.6166	119872	20.8639	20057	100.0000	0.9413
ESO1356602120S1K	EST1238002101S1K	na	NZ_CP049075.1	1754511	1251406	71.3251	1243782	99.3908	1229942	98.8873	7624	0.6092	1237463	98.8858	28882	2.3080	14939	51.7243	7527	26.0612	10907	37.7640	8632	29.8871	119872	100.0000	111899	94.3789	0.9852
ESO1356602120S1K	EST1241101101S1K	na	NZ_CP049075.1	1754511	1295473	73.8367	1287148	99.3574	1273083	98.9073	8325	0.6426	1281289	98.9051	29818	2.3017	15634	52.4314	7562	25.3605	11205	37.5780	8933	29.9584	119872	100.0000	116967	100.0000	0.9829
ESO1356602120S1K	EST1241104101S1K	na	NZ_CP049075.1	1754511	1241438	70.7569	1234250	99.4210	1220936	98.9213	7188	0.5790	1228051	98.9217	26242	2.1138	12855	48.9864	5768	21.9800	12680	48.3195	6314	24.0607	119872	67.4077	93863	93.7249	0.9551
ESO1356602120S1K	EST1242101101S1K	na	NZ_CP049075.1	1754511	333618	19.0149	331568	99.3855	328251	98.9996	2050	0.6145	330280	98.9995	7056	2.1150	3718	52.6927	1691	23.9654	2822	39.9943	1989	28.1888	119872	69.0578	107133	87.4380	0.9552
ESO1356602120S1K	EST1242103101S1K	na	NZ_CP049075.1	1754511	1012449	57.7055	1006723	99.4344	996467	98.9812	5726	0.5656	1002142	98.9820	21445	2.1181	11138	51.9375	5482	25.5631	8451	39.4078	5992	27.9412	119872	100.0000	123051	100.0000	0.9771
ESO1356602120S1K	EST1242207101S1K	na	NZ_CP049075.1	1754511	647002	36.8765	643308	99.4291	637115	99.0373	3694	0.5709	640762	99.0356	13188	2.0383	6948	52.6843	3301	25.0303	5316	40.3094	3565	27.0322	119872	100.0000	140321	100.0000	0.9841
ESO1356602120S1K	EST1242209101S1K	na	NZ_CP049075.1	1754511	1008923	57.5045	1002760	99.3892	992617	98.9885	6163	0.6108	998716	98.9883	21617	2.1426	11410	52.7825	5352	24.7583	8261	38.2153	6350	29.3750	119872	88.6979	127907	85.0141	0.9714
ESO1356602120S1K	EST1242704101S1K	na	NZ_CP049075.1	1754511	1303926	74.3185	1287048	98.7056	1277514	99.2592	16878	1.2944	1294250	99.2579	32575	2.4982	22899	70.2962	7514	23.0668	9815	30.1305	11642	35.7391	119872	62.2447	84615	92.5533	0.9642
ESO1356602120S1K	EST1242801101S1K	na	NZ_CP049075.1	1754511	1252169	71.3685	1244404	99.3799	1231567	98.9684	7765	0.6201	1239253	98.9685	27225	2.1742	14309	52.5583	6672	24.5069	11094	40.7493	7534	27.6731	119872	100.0000	106954	100.0000	0.9717
ESO1356602120S1K	EST1242802101S1K	na	NZ_CP049075.1	1754511	1246624	71.0525	1237578	99.2744	1224759	98.9642	9046	0.7256	1233726	98.9654	28712	2.3032	15814	55.0780	7128	24.8259	10658	37.1204	8761	30.5134	119872	73.7036	77610	100.0000	0.9623
ESO1356602120S1K	EST1242804101S1K	na	NZ_CP049075.1	1754511	1250561	71.2769	1239409	99.1082	1228088	99.0866	11152	0.8918	1239143	99.0870	28745	2.2986	17327	60.2783	6904	24.0181	10347	35.9958	9002	31.3168	119872	69.0578	69079	100.0000	0.9677
ESO1356602120S1K	EST1242805101S1K	na	NZ_CP049075.1	1754511	1151021	65.6035	1144191	99.4066	1131994	98.9340	6830	0.5934	1138740	98.9330	25115	2.1820	12834	51.1009	6104	24.3042	9920	39.4983	7332	29.1937	119872	100.0000	153813	92.6190	0.9787
ESO1356602120S1K	EST1247101101S1K	na	NZ_CP049075.1	1754511	811420	46.2476	806905	99.4436	798583	98.9687	4515	0.5564	803049	98.9684	17029	2.0987	8658	50.8427	4197	24.6462	6786	39.8497	4869	28.5924	119872	90.4381	120859	95.1456	0.9779
ESO1356602120S1K	EST1247106101S1K	na	NZ_CP049075.1	1754511	1236153	70.4557	1228607	99.3896	1214765	98.8734	7546	0.6104	1222208	98.8719	28289	2.2885	14344	50.7052	6980	24.6739	11083	39.1778	8402	29.7006	119872	75.3537	106665	100.0000	0.9717
ESO1356602120S1K	EST1247109101S1K	na	NZ_CP049075.1	1754511	1292970	73.6940	1285149	99.3951	1270967	98.8965	7821	0.6049	1278658	98.8931	29183	2.2571	14871	50.9577	7229	24.7713	11784	40.3797	8410	28.8181	119872	93.7041	129147	100.0000	0.9849
ESO1356602120S1K	EST1247203101S1K	na	NZ_CP049075.1	1754511	1145093	65.2656	1137671	99.3518	1125719	98.9494	7422	0.6482	1133031	98.9466	25692	2.2437	13630	53.0515	6403	24.9222	9924	38.6268	7690	29.9315	119872	95.6529	93469	100.0000	0.9685
ESO1356602120S1K	EST1247206101S1K	na	NZ_CP049075.1	1754511	1169727	66.6697	1162809	99.4086	1149889	98.8889	6918	0.5914	1156705	98.8867	26518	2.2670	13496	50.8937	6715	25.3224	10398	39.2111	7637	28.7993	119872	100.0000	127972	95.0989	0.9756
ESO1356602120S1K	EST1254306101S1K	na	NZ_CP049075.1	1754511	155097	8.8399	154191	99.4158	152698	99.0317	906	0.5842	153594	99.0309	3074	1.9820	1571	51.1061	675	21.9584	1540	50.0976	679	22.0885	119872	52.8397	76013	100.0000	0.9615
ESO1356602120S1K	EST1256811101S1K	na	NZ_CP049075.1	1754511	1100530	62.7257	1093984	99.4052	1082937	98.9902	6546	0.5948	1089399	98.9886	23382	2.1246	12251	52.3950	5810	24.8482	9662	41.3224	6406	27.3971	119872	93.7041	139306	96.2859	0.9790
ESO1356602120S1K	EST1350502101S1K	na	NZ_CP049075.1	1754511	608491	34.6815	604584	99.3579	599322	99.1296	3907	0.6421	603200	99.1305	12111	1.9903	6820	56.3124	3060	25.2663	4709	38.8820	3417	28.2140	119872	84.1423	126094	86.7583	0.9667
ESO1356602120S1K	EST1350510101S1K	na	NZ_CP049075.1	1754511	1079094	61.5040	1072702	99.4077	1060241	98.8384	6392	0.5923	1066520	98.8348	25365	2.3506	12791	50.4278	6573	25.9137	9506	37.4768	7747	30.5421	119872	100.0000	117862	100.0000	0.9834
ESO1356602120S1K	EST1350804101S1K	na	NZ_CP049075.1	1754511	1268504	72.2996	1259925	99.3237	1245255	98.8356	8579	0.6763	1253696	98.8326	30434	2.3992	15626	51.3439	7381	24.2525	10968	36.0386	10055	33.0387	119872	69.0578	75045	100.0000	0.9587
ESO1356602120S1K	EST1350807101S1K	na	NZ_CP049075.1	1754511	1222448	69.6746	1215299	99.4152	1202001	98.9058	7149	0.5848	1209065	98.9052	27083	2.2155	13700	50.5852	6649	24.5505	10658	39.3531	7980	29.4650	119872	100.0000	134701	91.5784	0.9755
ESO1356602120S1K	EST1356604101S1K	na	NZ_CP049075.1	1754511	1237462	70.5303	1229758	99.3774	1218447	99.0802	7704	0.6226	1226085	99.0806	26479	2.1398	15102	57.0339	7578	28.6189	9253	34.9447	7136	26.9497	119872	68.6974	91591	93.1227	0.9610
ESO1356602120S1K	EST1356611101S1K	na	NZ_CP049075.1	1754511	749929	42.7429	745502	99.4097	737740	98.9588	4427	0.5903	742120	98.9587	16043	2.1393	8234	51.3246	3885	24.2162	6341	39.5250	4677	29.1529	119872	37.7553	57584	88.7087	0.9470
ESO1356602120S1K	EST1357103101S1K	na	NZ_CP049075.1	1754511	862646	49.1673	857621	99.4175	848999	98.9947	5025	0.5825	853974	98.9947	17822	2.0660	9150	51.3410	4178	23.4429	7603	42.6608	4774	26.7871	119872	100.0000	133245	95.4392	0.9763
ESO1356602120S1K	EST1357107101S1K	na	NZ_CP049075.1	1754511	1260481	71.8423	1252540	99.3700	1237802	98.8234	7941	0.6300	1245607	98.8200	29993	2.3795	15119	50.4084	7410	24.7058	11253	37.5188	9342	31.1473	119872	70.3475	78769	92.1492	0.9682
ESO1356602120S1K	EST1358301101S1K	na	NZ_CP049075.1	1754511	712292	40.5978	708160	99.4199	700903	98.9752	4132	0.5801	704984	98.9740	15009	2.1071	7701	51.3092	3632	24.1988	5990	39.9094	4219	28.1098	119872	65.7918	94377	85.1913	0.9648
ESO1356602120S1K	EST1358301201S1K	na	NZ_CP049075.1	1754511	1177352	67.1043	1170380	99.4078	1157974	98.9400	6972	0.5922	1164868	98.9397	25730	2.1854	13246	51.4808	6379	24.7921	10017	38.9312	7451	28.9584	119872	75.3537	102933	83.4999	0.9626
ESO1356602120S1K	EST1358302101S1K	na	NZ_CP049075.1	1754511	754421	42.9989	749976	99.4108	742356	98.9840	4445	0.5892	746753	98.9836	15861	2.1024	8193	51.6550	3796	23.9329	6394	40.3127	4490	28.3084	119872	90.4381	133967	86.0891	0.9701
ESO1356602120S1K	EST1358602101S1K	na	NZ_CP049075.1	1754511	421982	24.0513	419530	99.4189	415179	98.9629	2452	0.5811	417603	98.9623	8912	2.1119	4533	50.8640	2111	23.6872	3583	40.2042	2590	29.0619	119872	52.8914	80640	80.1252	0.9588
ESO1356602120S1K	EST1359005101S1K	na	NZ_CP049075.1	1754511	1221501	69.6206	1213093	99.3117	1200435	98.9566	8408	0.6883	1208758	98.9568	27479	2.2496	14736	53.6264	6561	23.8764	10453	38.0400	8592	31.2675	119872	93.7041	136370	89.2484	0.9721
ESO1356602120S1K	EST1359006101S1K	na	NZ_CP049075.1	1754511	501956	28.6095	499086	99.4282	493887	98.9583	2870	0.5718	496727	98.9583	10571	2.1060	5342	50.5345	2514	23.7820	4310	40.7719	3067	29.0133	119872	93.7041	151742	81.0593	0.9499
ESO1356602120S1K	EST1359007101S1K	na	NZ_CP049075.1	1754511	1239754	70.6609	1232369	99.4043	1219315	98.9407	7385	0.5957	1226632	98.9416	27046	2.1816	13924	51.4827	6628	24.5064	10989	40.6308	7646	28.2704	119872	100.0000	147634	95.7009	0.9824
ESO1356602120S1K	EST1361001101S1K	na	NZ_CP049075.1	1754511	1063752	60.6295	1057488	99.4111	1046791	98.9885	6264	0.5889	1052997	98.9890	22489	2.1141	11734	52.1766	5554	24.6965	9212	40.9622	6165	27.4134	119872	100.0000	155104	89.9326	0.9783
ESO1356602120S1K	EST1361002101S1K	na	NZ_CP049075.1	1754511	1280533	72.9852	1272532	99.3752	1258227	98.8759	8001	0.6248	1266123	98.8747	29624	2.3134	15214	51.3570	7404	24.9932	11171	37.7093	9063	30.5934	119872	100.0000	120862	100.0000	0.9850
ESO1356602120S1K	EST1361007101S1K	na	NZ_CP049075.1	1754511	1302305	74.2261	1293938	99.3575	1279520	98.8857	8367	0.6425	1287757	98.8829	30231	2.3213	15683	51.8772	7580	25.0736	11538	38.1661	9119	30.1644	119872	93.7041	126515	95.0488	0.9859
ESO1356602120S1K	EST2359005102S1K	na	NZ_CP049075.1	1754511	1231682	70.2009	1221954	99.2102	1209153	98.9524	9728	0.7898	1218771	98.9518	29027	2.3567	16116	55.5207	6883	23.7124	10607	36.5418	9304	32.0529	119872	93.7041	128523	89.9209	0.9701
ESO1356803120S1K	ESO1357103120S1K	na	NZ_CP049075.1	1754511	367578	20.9505	367506	99.9804	363051	98.7878	72	0.0196	363120	98.7872	6622	1.8015	2164	32.6789	2095	31.6370	2468	37.2697	2099	31.6974	100878	76.8919	128644	72.6602	0.9549
ESO1356803120S1K	ESO1357104120S1K	na	NZ_CP049075.1	1754511	1053099	60.0224	1052633	99.9557	1039214	98.7252	466	0.0443	1039663	98.7241	20010	1.9001	6574	32.8536	6129	30.6297	7214	36.0520	6756	33.7631	100878	88.3731	117357	73.2287	0.9628
ESO1356803120S1K	ESO1357107120S1K	na	NZ_CP049075.1	1754511	1099947	62.6925	1090095	99.1043	1080404	99.1110	9852	0.8957	1090182	99.1122	25094	2.2814	15329	61.0863	5562	22.1647	5791	23.0772	11122	44.3214	100878	48.0878	44994	100.0000	0.9671
ESO1356803120S1K	ESO1358301120S1K	na	NZ_CP049075.1	1754511	434437	24.7611	434357	99.9816	431251	99.2849	80	0.0184	431330	99.2848	6937	1.5968	3830	55.2112	3751	54.0724	1534	22.1133	1677	24.1747	100878	88.3731	114929	88.2188	0.9757
ESO1356803120S1K	ESO1358304120S1K	na	NZ_CP049075.1	1754511	1094513	62.3828	1093942	99.9478	1078823	98.6179	571	0.0522	1079364	98.6159	22336	2.0407	7187	32.1768	6655	29.7949	7681	34.3884	8139	36.4389	100878	55.3847	51874	100.0000	0.9636
ESO1356803120S1K	ESO1358602120S1K	na	NZ_CP049075.1	1754511	951866	54.2525	951471	99.9585	940061	98.8008	395	0.0415	940447	98.8004	17724	1.8620	6305	35.5732	5921	33.4067	5892	33.2431	5947	33.5534	100878	55.3847	99829	52.4357	0.9493
ESO1356803120S1K	EST1212206101S1K	na	NZ_CP049075.1	1754511	1001811	57.0992	1001482	99.9672	995879	99.4405	329	0.0328	996202	99.4401	16526	1.6496	10917	66.0595	10601	64.1474	2823	17.0822	3135	18.9701	100878	88.3731	85446	100.0000	0.9907
ESO1356803120S1K	EST1212704101S1K	na	NZ_CP049075.1	1754511	1000982	57.0519	1000607	99.9625	995190	99.4586	375	0.0375	995560	99.4583	15690	1.5675	10268	65.4430	9905	63.1294	2775	17.6864	3054	19.4646	100878	88.3731	88279	100.0000	0.9913
ESO1356803120S1K	EST1232702101S1K	na	NZ_CP049075.1	1754511	959370	54.6802	959064	99.9681	951892	99.2522	306	0.0319	952193	99.2519	15548	1.6206	8371	53.8397	8071	51.9102	3696	23.7715	3828	24.6205	100878	93.6854	126535	72.3420	0.9725
ESO1356803120S1K	EST1232710101S1K	na	NZ_CP049075.1	1754511	1030547	58.7370	1030062	99.9529	1016855	98.7178	485	0.0471	1017322	98.7167	20183	1.9585	6958	34.4746	6503	32.2202	6741	33.3994	6961	34.4894	100878	76.8919	115001	69.4055	0.9571
ESO1356803120S1K	EST1232905101S1K	na	NZ_CP049075.1	1754511	1060814	60.4621	1060533	99.9735	1054183	99.4012	281	0.0265	1054461	99.4011	16948	1.5976	10595	62.5148	10329	60.9452	3297	19.4536	3376	19.9198	100878	87.5126	90764	94.4317	0.9906
ESO1356803120S1K	EST1233822101S1K	na	NZ_CP049075.1	1754511	981449	55.9386	977476	99.5952	966652	98.8927	3973	0.4048	970603	98.8949	20389	2.0774	9543	46.8046	5601	27.4707	5869	28.7851	8029	39.3791	100878	86.3885	120979	70.1965	0.9652
ESO1356803120S1K	EST1233822201S1K	na	NZ_CP049075.1	1754511	932338	53.1395	931478	99.9078	919627	98.7277	860	0.0922	920468	98.7269	18594	1.9943	6724	36.1622	5893	31.6930	5913	31.8006	6885	37.0281	100878	86.3885	142473	61.1800	0.9555
ESO1356803120S1K	EST1234702101S1K	na	NZ_CP049075.1	1754511	225221	12.8367	225180	99.9818	223895	99.4293	41	0.0182	223935	99.4290	3447	1.5305	2161	62.6922	2121	61.5318	636	18.4508	693	20.1044	100878	70.7191	100029	81.5963	0.9787
ESO1356803120S1K	EST1234704101S1K	na	NZ_CP049075.1	1754511	1130467	64.4320	1129559	99.9197	1114738	98.6879	908	0.0803	1115631	98.6876	23032	2.0374	8196	35.5853	7314	31.7558	7347	31.8991	8415	36.5361	100878	49.7819	50396	87.8264	0.9605
ESO1356803120S1K	EST1236807101S1K	na	NZ_CP049075.1	1754511	1027109	58.5410	1026774	99.9674	1014024	98.7582	335	0.0326	1014350	98.7578	19085	1.8581	6326	33.1465	6005	31.4645	6835	35.8135	6352	33.2827	100878	86.3885	139782	71.4370	0.9587
ESO1356803120S1K	EST1237103201S1K	na	NZ_CP049075.1	1754511	1008436	57.4768	1007628	99.9199	996149	98.8608	808	0.0801	996941	98.8601	19567	1.9403	8072	41.2531	7284	37.2259	5702	29.1409	6669	34.0829	100878	43.6091	83812	44.9458	0.9392
ESO1356803120S1K	EST1238001101S1K	na	NZ_CP049075.1	1754511	878524	50.0723	878171	99.9598	867457	98.7800	353	0.0402	867805	98.7799	16320	1.8577	5601	34.3199	5263	32.2488	5818	35.6495	5314	32.5613	100878	24.0905	20057	100.0000	0.9521
ESO1356803120S1K	EST1238002101S1K	na	NZ_CP049075.1	1754511	1020084	58.1406	1019588	99.9514	1007118	98.7770	496	0.0486	1007594	98.7756	19741	1.9352	7251	36.7307	6787	34.3802	6328	32.0551	6674	33.8078	100878	87.5126	111899	68.7727	0.9647
ESO1356803120S1K	EST1241101101S1K	na	NZ_CP049075.1	1754511	1098750	62.6243	1097872	99.9201	1084211	98.7557	878	0.0799	1085073	98.7552	21368	1.9448	7691	35.9931	6831	31.9684	7061	33.0447	7393	34.5985	100878	88.3731	116967	74.3945	0.9684
ESO1356803120S1K	EST1241104101S1K	na	NZ_CP049075.1	1754511	1014280	57.8098	1013929	99.9654	1001217	98.7463	351	0.0346	1001554	98.7453	18200	1.7944	5474	30.0769	5144	28.2637	7901	43.4121	5225	28.7088	100878	49.7819	93863	57.1940	0.9391
ESO1356803120S1K	EST1242101101S1K	na	NZ_CP049075.1	1754511	343592	19.5833	343513	99.9770	340263	99.0539	79	0.0230	340340	99.0535	5880	1.7113	2628	44.6939	2551	43.3844	1668	28.3673	1674	28.4694	100878	81.0762	107133	87.4380	0.9806
ESO1356803120S1K	EST1242103101S1K	na	NZ_CP049075.1	1754511	900518	51.3259	900141	99.9581	889344	98.8005	377	0.0419	889716	98.8005	16578	1.8409	5776	34.8414	5406	32.6095	5617	33.8823	5597	33.7616	100878	88.3731	123051	71.8223	0.9661
ESO1356803120S1K	EST1242207101S1K	na	NZ_CP049075.1	1754511	619307	35.2980	619176	99.9788	611983	98.8383	131	0.0212	612110	98.8379	11013	1.7783	3816	34.6500	3689	33.4968	3766	34.1960	3609	32.7704	100878	93.6854	140321	77.3263	0.9644
ESO1356803120S1K	EST1242209101S1K	na	NZ_CP049075.1	1754511	903497	51.4957	902790	99.9217	891973	98.8018	707	0.0783	892673	98.8020	16956	1.8767	6132	36.1642	5439	32.0771	5450	32.1420	6040	35.6216	100878	74.9073	127907	62.1608	0.9530
ESO1356803120S1K	EST1242704101S1K	na	NZ_CP049075.1	1754511	1101646	62.7893	1092137	99.1368	1082673	99.1334	9509	0.8632	1092099	99.1334	24326	2.2082	14779	60.7539	5367	22.0628	6051	24.8746	10360	42.5882	100878	50.0724	84615	50.7002	0.9417
ESO1356803120S1K	EST1242801101S1K	na	NZ_CP049075.1	1754511	1066724	60.7989	1065890	99.9218	1052704	98.7629	834	0.0782	1053526	98.7628	20076	1.8820	6878	34.2598	6060	30.1853	7200	35.8637	6784	33.7916	100878	93.6854	106954	67.6534	0.9526
ESO1356803120S1K	EST1242802101S1K	na	NZ_CP049075.1	1754511	1036836	59.0954	1034861	99.8095	1022605	98.8157	1975	0.1905	1024561	98.8161	20479	1.9751	8204	40.0605	6249	30.5142	6522	31.8473	7295	35.6219	100878	57.0788	77610	61.4508	0.9461
ESO1356803120S1K	EST1242804101S1K	na	NZ_CP049075.1	1754511	1073329	61.1754	1068783	99.5765	1056935	98.8914	4546	0.4235	1061443	98.8926	22089	2.0580	10203	46.1904	5701	25.8092	6760	30.6035	8515	38.5486	100878	80.2157	69079	100.0000	0.9770
ESO1356803120S1K	EST1242805101S1K	na	NZ_CP049075.1	1754511	1014048	57.7966	1013652	99.9609	1001014	98.7532	396	0.0391	1001404	98.7531	19229	1.8963	6585	34.2452	6204	32.2638	6404	33.3039	6724	34.9680	100878	93.6854	153813	69.5318	0.9619
ESO1356803120S1K	EST1247101101S1K	na	NZ_CP049075.1	1754511	733401	41.8009	733146	99.9652	728993	99.4335	255	0.0348	729243	99.4331	11099	1.5134	6941	62.5372	6691	60.2847	2195	19.7766	2239	20.1730	100878	88.3731	120859	71.4543	0.9733
ESO1356803120S1K	EST1247106101S1K	na	NZ_CP049075.1	1754511	1033087	58.8818	1032620	99.9548	1019390	98.7188	467	0.0452	1019840	98.7177	20689	2.0026	7442	35.9708	7007	33.8682	6764	32.6937	6989	33.7812	100878	93.6854	106665	100.0000	0.9869
ESO1356803120S1K	EST1247109101S1K	na	NZ_CP049075.1	1754511	1087131	61.9621	1086650	99.9558	1072846	98.7297	481	0.0442	1073308	98.7285	20740	1.9078	6917	33.3510	6463	31.1620	7437	35.8582	6932	33.4233	100878	86.3885	129147	76.7900	0.9646
ESO1356803120S1K	EST1247203101S1K	na	NZ_CP049075.1	1754511	950402	54.1691	949441	99.8989	938056	98.8009	961	0.1011	938991	98.7994	18507	1.9473	7096	38.3422	6166	33.3171	5942	32.1068	6388	34.5167	100878	88.3731	93469	94.4003	0.9799
ESO1356803120S1K	EST1247206101S1K	na	NZ_CP049075.1	1754511	912824	52.0273	912463	99.9605	900771	98.7186	361	0.0395	901114	98.7172	17803	1.9503	6093	34.2246	5752	32.3092	6105	34.2920	5996	33.6797	100878	88.3731	127972	67.5640	0.9568
ESO1356803120S1K	EST1254306101S1K	na	NZ_CP049075.1	1754511	145090	8.2695	145054	99.9752	143365	98.8356	36	0.0248	143401	98.8359	2391	1.6479	702	29.3601	666	27.8545	1061	44.3747	673	28.1472	100878	32.1279	76013	48.8390	0.9488
ESO1356803120S1K	EST1256811101S1K	na	NZ_CP049075.1	1754511	949611	54.1240	949205	99.9572	937239	98.7394	406	0.0428	937624	98.7377	17876	1.8825	5889	32.9436	5506	30.8011	6508	36.4064	5961	33.3464	100878	86.3885	139306	71.4887	0.9589
ESO1356803120S1K	EST1350502101S1K	na	NZ_CP049075.1	1754511	555954	31.6871	555065	99.8401	549041	98.9147	889	0.1599	549917	98.9141	9829	1.7680	3792	38.5797	2916	29.6673	3295	33.5232	3446	35.0595	100878	81.2179	126094	64.8437	0.9587
ESO1356803120S1K	EST1350510101S1K	na	NZ_CP049075.1	1754511	815124	46.4588	814657	99.9427	804399	98.7408	467	0.0573	804841	98.7385	16287	1.9981	6004	36.8638	5570	34.1991	5228	32.0992	5539	34.0087	100878	88.3731	117862	74.5567	0.9649
ESO1356803120S1K	EST1350804101S1K	na	NZ_CP049075.1	1754511	1087379	61.9762	1085933	99.8670	1072173	98.7329	1446	0.1330	1073592	98.7321	22592	2.0777	8805	38.9740	7391	32.7151	6757	29.9088	8257	36.5483	100878	86.3885	75045	100.0000	0.9792
ESO1356803120S1K	EST1350807101S1K	na	NZ_CP049075.1	1754511	1055873	60.1805	1055531	99.9676	1041767	98.6960	342	0.0324	1042094	98.6950	20403	1.9323	6624	32.4658	6298	30.8680	6995	34.2842	7225	35.4115	100878	93.6854	134701	68.5244	0.9635
ESO1356803120S1K	EST1356604101S1K	na	NZ_CP049075.1	1754511	1047328	59.6934	1046469	99.9180	1033945	98.8032	859	0.0820	1034786	98.8025	19855	1.8958	7313	36.8320	6480	32.6366	6489	32.6819	6893	34.7167	100878	50.9100	91591	58.6717	0.9384
ESO1356803120S1K	EST1356611101S1K	na	NZ_CP049075.1	1754511	704032	40.1270	703681	99.9501	695139	98.7861	351	0.0499	695482	98.7856	13400	1.9033	4850	36.1940	4508	33.6418	4390	32.7612	4527	33.7836	100878	43.6131	57584	88.7087	0.9500
ESO1356803120S1K	EST1357103101S1K	na	NZ_CP049075.1	1754511	794141	45.2628	793945	99.9753	784204	98.7731	196	0.0247	784398	98.7731	14252	1.7946	4509	31.6377	4315	30.2765	5314	37.2860	4674	32.7954	100878	88.3731	133245	69.4458	0.9594
ESO1356803120S1K	EST1357107101S1K	na	NZ_CP049075.1	1754511	1065842	60.7487	1065148	99.9349	1054100	98.9628	694	0.0651	1054770	98.9612	20295	1.9041	9223	45.4447	8560	42.1779	5608	27.6324	6070	29.9088	100878	76.0314	78769	92.1492	0.9795
ESO1356803120S1K	EST1358301101S1K	na	NZ_CP049075.1	1754511	677506	38.6151	677334	99.9746	672637	99.3065	172	0.0254	672807	99.3064	10961	1.6178	6262	57.1298	6102	55.6701	2335	21.3028	2558	23.3373	100878	88.3731	94377	92.2237	0.9896
ESO1356803120S1K	EST1358301201S1K	na	NZ_CP049075.1	1754511	1068597	60.9057	1068156	99.9587	1060372	99.2713	441	0.0413	1060808	99.2711	18167	1.7001	10378	57.1256	9962	54.8357	3742	20.5978	4534	24.9573	100878	93.6854	102933	88.9618	0.9904
ESO1356803120S1K	EST1358302101S1K	na	NZ_CP049075.1	1754511	715051	40.7550	714867	99.9743	710674	99.4135	184	0.0257	710857	99.4135	10902	1.5246	6708	61.5300	6527	59.8697	2164	19.8496	2247	20.6109	100878	88.3731	133967	65.0541	0.9660
ESO1356803120S1K	EST1358602101S1K	na	NZ_CP049075.1	1754511	385860	21.9925	385763	99.9749	381287	98.8397	97	0.0251	381384	98.8400	6955	1.8025	2479	35.6434	2382	34.2487	2290	32.9260	2300	33.0697	100878	38.5912	80640	49.4730	0.9460
ESO1356803120S1K	EST1359005101S1K	na	NZ_CP049075.1	1754511	1067219	60.8271	1065550	99.8436	1052470	98.7725	1669	0.1564	1054121	98.7727	21118	1.9788	8020	37.9771	6375	30.1875	6773	32.0722	7734	36.6228	100878	86.3885	136370	66.0981	0.9584
ESO1356803120S1K	EST1359006101S1K	na	NZ_CP049075.1	1754511	466779	26.6045	466586	99.9587	460844	98.7694	193	0.0413	461034	98.7692	8664	1.8561	2919	33.6911	2729	31.4982	2987	34.4760	2965	34.2221	100878	87.3907	151742	64.3184	0.9470
ESO1356803120S1K	EST1359007101S1K	na	NZ_CP049075.1	1754511	1067072	60.8188	1066448	99.9415	1052837	98.7237	624	0.0585	1053451	98.7235	20331	1.9053	6710	33.0038	6100	30.0034	7251	35.6647	7030	34.5777	100878	93.6854	147634	71.3643	0.9608
ESO1356803120S1K	EST1361001101S1K	na	NZ_CP049075.1	1754511	949048	54.0919	948739	99.9674	936922	98.7545	309	0.0326	937223	98.7540	17408	1.8343	5583	32.0715	5288	30.3768	6279	36.0696	5898	33.8810	100878	93.6854	155104	66.7468	0.9538
ESO1356803120S1K	EST1361002101S1K	na	NZ_CP049075.1	1754511	1083331	61.7455	1082518	99.9250	1068973	98.7488	813	0.0750	1069774	98.7486	21173	1.9544	7616	35.9703	6818	32.2014	6939	32.7729	7412	35.0068	100878	93.6854	120862	75.0716	0.9704
ESO1356803120S1K	EST1361007101S1K	na	NZ_CP049075.1	1754511	1089749	62.1113	1088799	99.9128	1076141	98.8374	950	0.0872	1077064	98.8360	20878	1.9159	8193	39.2423	7279	34.8645	6618	31.6984	6923	33.1593	100878	80.2157	126515	66.6743	0.9539
ESO1356803120S1K	EST2359005102S1K	na	NZ_CP049075.1	1754511	1021645	58.2296	1019017	99.7428	1006714	98.7927	2628	0.2572	1009298	98.7915	20933	2.0490	8586	41.0166	6008	28.7011	6477	30.9416	7820	37.3573	100878	86.3885	128523	65.5159	0.9581
ESO1357103120S1K	ESO1357104120S1K	na	NZ_CP049075.1	1754511	430397	24.5309	430219	99.9586	430191	99.9935	178	0.0414	430368	99.9933	5312	1.2342	5283	99.4541	5106	96.1220	50	0.9413	102	1.9202	128644	100.0000	117357	94.8601	0.9852
ESO1357103120S1K	ESO1357107120S1K	na	NZ_CP049075.1	1754511	437726	24.9486	433635	99.0654	430145	99.1952	4091	0.9346	434202	99.1949	9574	2.1872	6050	63.1920	1993	20.8168	2123	22.1746	4462	46.6054	128644	24.7435	44994	70.1427	0.9437
ESO1357103120S1K	ESO1358301120S1K	na	NZ_CP049075.1	1754511	191202	10.8977	191174	99.9854	188920	98.8210	28	0.0146	188947	98.8206	3369	1.7620	1114	33.0662	1087	32.2648	1100	32.6506	1197	35.5298	128644	72.6602	114929	78.3144	0.9607
ESO1357103120S1K	ESO1358304120S1K	na	NZ_CP049075.1	1754511	425487	24.2510	425349	99.9676	419997	98.7417	138	0.0324	420131	98.7412	7964	1.8717	2608	32.7474	2474	31.0648	2667	33.4882	2871	36.0497	128644	44.5928	51874	88.3872	0.9357
ESO1357103120S1K	ESO1358602120S1K	na	NZ_CP049075.1	1754511	391779	22.3298	391656	99.9686	386937	98.7951	123	0.0314	387060	98.7955	7154	1.8260	2435	34.0369	2312	32.3176	2363	33.0305	2499	34.9315	128644	61.9524	99829	70.3192	0.9529
ESO1357103120S1K	EST1212206101S1K	na	NZ_CP049075.1	1754511	372148	21.2109	372061	99.9766	367315	98.7244	87	0.0234	367397	98.7234	7121	1.9135	2370	33.2818	2288	32.1303	2181	30.6277	2695	37.8458	128644	72.6602	85446	87.2551	0.9541
ESO1357103120S1K	EST1212704101S1K	na	NZ_CP049075.1	1754511	403385	22.9913	403284	99.9750	398377	98.7832	101	0.0250	398472	98.7821	7395	1.8332	2482	33.5632	2387	32.2786	2342	31.6700	2709	36.6329	128644	72.6602	88279	87.6449	0.9555
ESO1357103120S1K	EST1232702101S1K	na	NZ_CP049075.1	1754511	390901	22.2798	390790	99.9716	385998	98.7738	111	0.0284	386104	98.7728	7067	1.8079	2270	32.1211	2164	30.6212	2385	33.7484	2553	36.1257	128644	100.0000	126535	82.6973	0.9681
ESO1357103120S1K	EST1232710101S1K	na	NZ_CP049075.1	1754511	412079	23.4868	411960	99.9711	407772	98.9834	119	0.0289	407890	98.9834	7320	1.7764	3131	42.7732	3013	41.1612	2008	27.4317	2308	31.5301	128644	100.0000	115001	94.5635	0.9795
ESO1357103120S1K	EST1232905101S1K	na	NZ_CP049075.1	1754511	421751	24.0381	421674	99.9817	416344	98.7360	77	0.0183	416420	98.7360	7831	1.8568	2500	31.9244	2424	30.9539	2592	33.0992	2858	36.4960	128644	62.6800	90764	76.3320	0.9543
ESO1357103120S1K	EST1233822101S1K	na	NZ_CP049075.1	1754511	392827	22.3895	391299	99.6110	386898	98.8753	1528	0.3890	388413	98.8764	8028	2.0436	3614	45.0174	2099	26.1460	2261	28.1639	3395	42.2895	128644	90.1309	120979	88.7146	0.9777
ESO1357103120S1K	EST1233822201S1K	na	NZ_CP049075.1	1754511	372043	21.2049	371726	99.9148	366964	98.7189	317	0.0852	367275	98.7184	7252	1.9492	2484	34.2526	2173	29.9641	2268	31.2741	2850	39.2995	128644	90.1309	142473	72.0712	0.9734
ESO1357103120S1K	EST1234702101S1K	na	NZ_CP049075.1	1754511	99239	5.6562	99221	99.9819	98051	98.8208	18	0.0181	98069	98.8210	1768	1.7816	598	33.8235	580	32.8054	577	32.6357	620	35.0679	128644	62.6800	100029	81.5963	0.9591
ESO1357103120S1K	EST1234704101S1K	na	NZ_CP049075.1	1754511	445132	25.3707	444854	99.9375	439137	98.7149	278	0.0625	439409	98.7143	8584	1.9284	2861	33.3295	2589	30.1608	2708	31.5471	3303	38.4786	128644	38.0476	50396	66.1441	0.9341
ESO1357103120S1K	EST1236807101S1K	na	NZ_CP049075.1	1754511	420296	23.9552	420192	99.9753	415266	98.8277	104	0.0247	415368	98.8275	7515	1.7880	2587	34.4245	2485	33.0672	2526	33.6128	2542	33.8257	128644	90.1309	139782	88.6573	0.9743
ESO1357103120S1K	EST1237103201S1K	na	NZ_CP049075.1	1754511	397445	22.6528	397182	99.9338	392162	98.7361	263	0.0662	392421	98.7359	7703	1.9381	2679	34.7787	2420	31.4163	2348	30.4816	2956	38.3747	128644	55.4072	83812	77.2216	0.9606
ESO1357103120S1K	EST1238001101S1K	na	NZ_CP049075.1	1754511	369397	21.0541	369281	99.9686	368399	99.7612	116	0.0314	368514	99.7610	4851	1.3132	3968	81.7976	3853	79.4269	473	9.7506	525	10.8225	128644	9.8691	20057	39.5224	0.9267
ESO1357103120S1K	EST1238002101S1K	na	NZ_CP049075.1	1754511	396168	22.5800	396057	99.9720	391027	98.7300	111	0.0280	391135	98.7296	7515	1.8969	2482	33.0273	2374	31.5902	2396	31.8829	2778	36.9661	128644	90.0197	111899	84.6174	0.9649
ESO1357103120S1K	EST1241101101S1K	na	NZ_CP049075.1	1754511	441293	25.1519	440968	99.9264	435595	98.7815	325	0.0736	435915	98.7813	8311	1.8833	2933	35.2906	2613	31.4403	2594	31.2116	3058	36.7946	128644	100.0000	116967	93.5349	0.9807
ESO1357103120S1K	EST1241104101S1K	na	NZ_CP049075.1	1754511	403323	22.9878	403221	99.9747	398390	98.8019	102	0.0253	398488	98.8012	6905	1.7120	2070	29.9783	1972	28.5590	2893	41.8972	2053	29.7321	128644	65.3874	93863	85.4181	0.9711
ESO1357103120S1K	EST1242101101S1K	na	NZ_CP049075.1	1754511	151782	8.6510	151763	99.9875	149952	98.8067	19	0.0125	149971	98.8068	2668	1.7578	857	32.1214	838	31.4093	851	31.8966	988	37.0315	128644	62.7911	107133	77.1144	0.9538
ESO1357103120S1K	EST1242103101S1K	na	NZ_CP049075.1	1754511	369638	21.0679	369513	99.9662	365143	98.8174	125	0.0338	365266	98.8172	6698	1.8120	2326	34.7268	2203	32.8904	2135	31.8752	2380	35.5330	128644	100.0000	123051	93.7619	0.9840
ESO1357103120S1K	EST1242207101S1K	na	NZ_CP049075.1	1754511	268133	15.2825	268096	99.9862	264969	98.8336	37	0.0138	265006	98.8338	4645	1.7323	1518	32.6803	1481	31.8837	1603	34.5102	1593	34.2949	128644	100.0000	140321	92.1708	0.9719
ESO1357103120S1K	EST1242209101S1K	na	NZ_CP049075.1	1754511	371965	21.2005	371701	99.9290	367086	98.7584	264	0.0710	367346	98.7582	6984	1.8776	2365	33.8631	2105	30.1403	2232	31.9588	2660	38.0871	128644	90.1309	127907	85.6349	0.9802
ESO1357103120S1K	EST1242704101S1K	na	NZ_CP049075.1	1754511	449246	25.6052	445306	99.1230	442283	99.3211	3940	0.8770	446194	99.3206	9299	2.0699	6247	67.1793	2336	25.1210	1767	19.0020	3938	42.3486	128644	61.9524	84615	85.9068	0.9575
ESO1357103120S1K	EST1242801101S1K	na	NZ_CP049075.1	1754511	442443	25.2175	442113	99.9254	440946	99.7360	330	0.0746	441275	99.7360	6141	1.3880	4973	80.9803	4644	75.6229	573	9.3307	862	14.0368	128644	100.0000	106954	89.3375	0.9690
ESO1357103120S1K	EST1242802101S1K	na	NZ_CP049075.1	1754511	409837	23.3590	409117	99.8243	404707	98.9221	720	0.1757	405423	98.9230	7567	1.8463	3153	41.6678	2437	32.2056	2174	28.7300	2729	36.0645	128644	75.2565	77610	92.6930	0.9550
ESO1357103120S1K	EST1242804101S1K	na	NZ_CP049075.1	1754511	437551	24.9386	435654	99.5665	434613	99.7610	1897	0.4335	436506	99.7612	6809	1.5562	5764	84.6527	3878	56.9540	562	8.2538	1570	23.0577	128644	52.8109	69079	83.5739	0.9582
ESO1357103120S1K	EST1242805101S1K	na	NZ_CP049075.1	1754511	416105	23.7163	415978	99.9695	410966	98.7951	127	0.0305	411090	98.7948	7639	1.8358	2624	34.3500	2500	32.7268	2419	31.6664	2750	35.9995	128644	100.0000	153813	85.5188	0.9765
ESO1357103120S1K	EST1247101101S1K	na	NZ_CP049075.1	1754511	297988	16.9841	297905	99.9721	294358	98.8094	83	0.0279	294440	98.8093	5359	1.7984	1811	33.7936	1729	32.2635	1755	32.7486	1894	35.3424	128644	100.0000	120859	90.9829	0.9740
ESO1357103120S1K	EST1247106101S1K	na	NZ_CP049075.1	1754511	390235	22.2418	390169	99.9831	385323	98.7580	66	0.0169	385387	98.7577	7261	1.8607	2413	33.2323	2349	32.3509	2334	32.1443	2619	36.0694	128644	72.6602	106665	89.7717	0.9574
ESO1357103120S1K	EST1247109101S1K	na	NZ_CP049075.1	1754511	436956	24.9047	436799	99.9641	431643	98.8196	157	0.0359	431795	98.8189	7881	1.8036	2720	34.5134	2568	32.5847	2665	33.8155	2665	33.8155	128644	90.1309	129147	91.8233	0.9683
ESO1357103120S1K	EST1247203101S1K	na	NZ_CP049075.1	1754511	373303	21.2768	372969	99.9105	368452	98.7889	334	0.0895	368785	98.7897	7056	1.8902	2538	35.9694	2205	31.2500	2235	31.6752	2624	37.1882	128644	100.0000	93469	91.7085	0.9639
ESO1357103120S1K	EST1247206101S1K	na	NZ_CP049075.1	1754511	353729	20.1611	353611	99.9666	350437	99.1024	118	0.0334	350551	99.1016	6112	1.7279	2934	48.0039	2820	46.1387	1496	24.4764	1811	29.6302	128644	100.0000	127972	90.3901	0.9864
ESO1357103120S1K	EST1254306101S1K	na	NZ_CP049075.1	1754511	63761	3.6341	63740	99.9671	63083	98.9693	21	0.0329	63104	98.9696	988	1.5495	331	33.5020	310	31.3765	411	41.5992	269	27.2267	128644	55.4072	76013	100.0000	0.9783
ESO1357103120S1K	EST1256811101S1K	na	NZ_CP049075.1	1754511	383983	21.8855	383878	99.9727	379356	98.8220	105	0.0273	379456	98.8210	6884	1.7928	2357	34.2388	2257	32.7862	2312	33.5851	2359	34.2679	128644	90.1309	139306	88.6832	0.9777
ESO1357103120S1K	EST1350502101S1K	na	NZ_CP049075.1	1754511	238208	13.5769	237825	99.8392	235359	98.9631	383	0.1608	235740	98.9639	4133	1.7350	1665	40.2855	1284	31.0670	1285	31.0912	1489	36.0271	128644	80.1506	126094	81.5098	0.9724
ESO1357103120S1K	EST1350510101S1K	na	NZ_CP049075.1	1754511	300937	17.1522	300853	99.9721	297083	98.7469	84	0.0279	297163	98.7459	5771	1.9177	1997	34.6041	1917	33.2178	1783	30.8959	2089	36.1982	128644	100.0000	117862	93.3473	0.9779
ESO1357103120S1K	EST1350804101S1K	na	NZ_CP049075.1	1754511	421153	24.0040	420647	99.8799	415236	98.7136	506	0.1201	415731	98.7126	8357	1.9843	2935	35.1203	2440	29.1971	2585	30.9322	3282	39.2725	128644	62.7911	75045	84.7918	0.9573
ESO1357103120S1K	EST1350807101S1K	na	NZ_CP049075.1	1754511	426123	24.2873	426001	99.9714	420469	98.7014	122	0.0286	420586	98.7006	8143	1.9110	2606	32.0029	2489	30.5661	2626	32.2486	3075	37.7625	128644	100.0000	134701	83.1545	0.9812
ESO1357103120S1K	EST1356604101S1K	na	NZ_CP049075.1	1754511	427517	24.3667	427197	99.9251	421779	98.7317	320	0.0749	422093	98.7313	8164	1.9096	2740	33.5620	2426	29.7158	2636	32.2881	3127	38.3023	128644	75.2565	91591	93.1227	0.9492
ESO1357103120S1K	EST1356611101S1K	na	NZ_CP049075.1	1754511	294445	16.7822	294325	99.9592	290702	98.7690	120	0.0408	290821	98.7692	5435	1.8458	1811	33.3211	1692	31.1316	1818	33.4499	1945	35.7866	128644	38.0476	57584	88.7087	0.9383
ESO1357103120S1K	EST1357103101S1K	na	NZ_CP049075.1	1754511	348587	19.8680	348524	99.9819	348500	99.9931	63	0.0181	348563	99.9931	4095	1.1747	4071	99.4139	4008	97.8755	36	0.8791	36	0.8791	128644	100.0000	133245	90.8942	0.9906
ESO1357103120S1K	EST1357107101S1K	na	NZ_CP049075.1	1754511	405838	23.1311	405675	99.9598	400485	98.7207	163	0.0402	400644	98.7202	7838	1.9313	2644	33.7331	2485	31.7045	2455	31.3218	2925	37.3182	128644	62.6800	78769	85.4575	0.9602
ESO1357103120S1K	EST1358301101S1K	na	NZ_CP049075.1	1754511	282294	16.0896	282241	99.9812	278833	98.7925	53	0.0188	278883	98.7917	5081	1.7999	1670	32.8675	1620	31.8835	1606	31.6080	1884	37.0793	128644	72.6602	94377	80.5514	0.9541
ESO1357103120S1K	EST1358301201S1K	na	NZ_CP049075.1	1754511	423543	24.1402	423396	99.9653	418236	98.7813	147	0.0347	418380	98.7810	7856	1.8548	2693	34.2795	2549	32.4465	2447	31.1482	2898	36.8890	128644	72.6602	102933	72.9756	0.9543
ESO1357103120S1K	EST1358302101S1K	na	NZ_CP049075.1	1754511	300193	17.1098	300130	99.9790	296479	98.7835	63	0.0210	296542	98.7838	5377	1.7912	1726	32.0997	1663	30.9280	1758	32.6948	1980	36.8235	128644	100.0000	133967	82.6248	0.9739
ESO1357103120S1K	EST1358602101S1K	na	NZ_CP049075.1	1754511	160859	9.1683	160823	99.9776	158863	98.7813	36	0.0224	158899	98.7815	2864	1.7804	904	31.5642	868	30.3073	991	34.6020	1019	35.5796	128644	61.9524	80640	80.1252	0.9480
ESO1357103120S1K	EST1359005101S1K	na	NZ_CP049075.1	1754511	432834	24.6698	432209	99.8556	427165	98.8330	625	0.1444	427777	98.8317	8164	1.8862	3107	38.0573	2495	30.5610	2494	30.5488	3104	38.0206	128644	90.1309	136370	78.5466	0.9719
ESO1357103120S1K	EST1359006101S1K	na	NZ_CP049075.1	1754511	199204	11.3538	199119	99.9573	196792	98.8314	85	0.0427	196877	98.8319	3553	1.7836	1226	34.5061	1141	32.1137	1175	33.0706	1246	35.0690	128644	90.1309	151742	74.9713	0.9697
ESO1357103120S1K	EST1359007101S1K	na	NZ_CP049075.1	1754511	436400	24.8730	436214	99.9574	430900	98.7818	186	0.0426	431084	98.7819	7998	1.8327	2682	33.5334	2498	31.2328	2670	33.3833	2861	35.7714	128644	100.0000	147634	88.3184	0.9732
ESO1357103120S1K	EST1361001101S1K	na	NZ_CP049075.1	1754511	401175	22.8653	401063	99.9721	396407	98.8391	112	0.0279	396518	98.8392	7189	1.7920	2532	35.2205	2421	33.6765	2364	32.8836	2426	33.7460	128644	100.0000	155104	85.3131	0.9779
ESO1357103120S1K	EST1361002101S1K	na	NZ_CP049075.1	1754511	433630	24.7151	433341	99.9334	427901	98.7446	289	0.0666	428187	98.7448	8255	1.9037	2812	34.0642	2526	30.5996	2635	31.9200	3078	37.2865	128644	100.0000	120862	90.7771	0.9807
ESO1357103120S1K	EST1361007101S1K	na	NZ_CP049075.1	1754511	441378	25.1568	441113	99.9400	435602	98.7507	265	0.0600	435859	98.7496	8363	1.8947	2844	34.0069	2587	30.9339	2671	31.9383	3108	37.1637	128644	90.1309	126515	88.9428	0.9761
ESO1357103120S1K	EST2359005102S1K	na	NZ_CP049075.1	1754511	400981	22.8543	400042	99.7658	395434	98.8481	939	0.2342	396360	98.8476	7795	1.9440	3174	40.7184	2248	28.8390	2324	29.8140	2994	38.4092	128644	90.1309	128523	78.5743	0.9691
ESO1357104120S1K	ESO1357107120S1K	na	NZ_CP049075.1	1754511	1335616	76.1247	1323587	99.0994	1311462	99.0839	12029	0.9006	1323376	99.0836	30729	2.3007	18489	60.1679	6604	21.4911	7336	23.8732	13860	45.1040	117357	32.0415	44994	87.6361	0.9491
ESO1357104120S1K	ESO1358301120S1K	na	NZ_CP049075.1	1754511	465910	26.5550	465783	99.9727	459966	98.7511	127	0.0273	460089	98.7506	8536	1.8321	2715	31.8065	2592	30.3655	2915	34.1495	3070	35.9653	117357	73.2287	114929	88.2188	0.9526
ESO1357104120S1K	ESO1358304120S1K	na	NZ_CP049075.1	1754511	1348819	76.8772	1347648	99.9132	1329672	98.6661	1171	0.0868	1330792	98.6635	27372	2.0293	9345	34.1407	8253	30.1512	9379	34.2649	9799	35.7994	117357	47.3632	51874	100.0000	0.9486
ESO1357104120S1K	ESO1358602120S1K	na	NZ_CP049075.1	1754511	1153859	65.7653	1153171	99.9404	1138469	98.7251	688	0.0596	1139141	98.7245	22333	1.9355	7615	34.0975	6946	31.1020	7493	33.5512	7940	35.5528	117357	64.9292	99829	78.2428	0.9558
ESO1357104120S1K	EST1212206101S1K	na	NZ_CP049075.1	1754511	1251082	71.3066	1250282	99.9361	1232954	98.6141	800	0.0639	1233716	98.6119	26073	2.0840	8707	33.3947	7952	30.4990	8627	33.0879	9636	36.9578	117357	73.2287	85446	100.0000	0.9695
ESO1357104120S1K	EST1212704101S1K	na	NZ_CP049075.1	1754511	1159555	66.0899	1158914	99.9447	1143972	98.7107	641	0.0553	1144588	98.7092	22423	1.9338	7456	33.2516	6846	30.5312	7579	33.8001	8105	36.1459	117357	73.2287	88279	100.0000	0.9705
ESO1357104120S1K	EST1232702101S1K	na	NZ_CP049075.1	1754511	1159759	66.1016	1159145	99.9471	1144015	98.6947	614	0.0529	1144609	98.6937	22567	1.9458	7417	32.8666	6829	30.2610	7676	34.0143	8159	36.1546	117357	100.0000	126535	91.3305	0.9769
ESO1357104120S1K	EST1232710101S1K	na	NZ_CP049075.1	1754511	1354989	77.2289	1353651	99.9013	1338541	98.8838	1338	0.0987	1339836	98.8817	26853	1.9818	11700	43.5706	10458	38.9454	7614	28.3544	8688	32.3539	117357	94.8601	115001	94.5635	0.9891
ESO1357104120S1K	EST1232905101S1K	na	NZ_CP049075.1	1754511	1240161	70.6841	1239549	99.9507	1223067	98.6703	612	0.0493	1223656	98.6691	24368	1.9649	7863	32.2677	7285	29.8958	8235	33.7943	8962	36.7777	117357	64.0234	90764	88.3302	0.9599
ESO1357104120S1K	EST1233822101S1K	na	NZ_CP049075.1	1754511	1219061	69.4815	1214095	99.5926	1199561	98.8029	4966	0.4074	1204465	98.8027	26169	2.1467	11573	44.2241	6674	25.5035	7696	29.4088	10869	41.5339	117357	93.8836	120979	95.5736	0.9800
ESO1357104120S1K	EST1233822201S1K	na	NZ_CP049075.1	1754511	1159441	66.0834	1158149	99.8886	1142532	98.6516	1292	0.1114	1143791	98.6502	23928	2.0638	8278	34.5955	7026	29.3631	7719	32.2593	9283	38.7956	117357	93.8836	142473	79.7197	0.9628
ESO1357104120S1K	EST1234702101S1K	na	NZ_CP049075.1	1754511	238622	13.6005	238568	99.9774	235579	98.7471	54	0.0226	235630	98.7461	4418	1.8515	1426	32.2770	1375	31.1227	1505	34.0652	1562	35.3554	117357	58.8836	100029	81.5963	0.9644
ESO1357104120S1K	EST1234704101S1K	na	NZ_CP049075.1	1754511	1380452	78.6802	1378851	99.8840	1360111	98.6409	1601	0.1160	1361677	98.6399	28865	2.0910	10090	34.9558	8546	29.6068	9235	31.9938	11061	38.3198	117357	40.2106	50396	87.8264	0.9430
ESO1357104120S1K	EST1236807101S1K	na	NZ_CP049075.1	1754511	1264244	72.0568	1263504	99.9415	1247914	98.7661	740	0.0585	1248630	98.7650	23878	1.8887	8264	34.6093	7569	31.6986	8317	34.8312	8040	33.6712	117357	93.8836	139782	96.3050	0.9773
ESO1357104120S1K	EST1237103201S1K	na	NZ_CP049075.1	1754511	1271229	72.4549	1269895	99.8951	1252700	98.6460	1334	0.1049	1253995	98.6443	26521	2.0862	9287	35.0175	7999	30.1610	8342	31.4543	10283	38.7730	117357	57.7767	83812	86.5210	0.9550
ESO1357104120S1K	EST1238001101S1K	na	NZ_CP049075.1	1754511	1024488	58.3917	1023927	99.9452	1021501	99.7631	561	0.0548	1022058	99.7628	13883	1.3551	11453	82.4966	10898	78.4989	1460	10.5165	1453	10.4660	117357	11.2563	20057	71.2170	0.9363
ESO1357104120S1K	EST1238002101S1K	na	NZ_CP049075.1	1754511	1316273	75.0222	1314977	99.9015	1296981	98.6315	1296	0.0985	1298220	98.6285	27650	2.1006	9597	34.7089	8388	30.3363	9036	32.6799	10205	36.9078	117357	90.7948	111899	89.6371	0.9755
ESO1357104120S1K	EST1241101101S1K	na	NZ_CP049075.1	1754511	1391634	79.3175	1389682	99.8597	1371153	98.6667	1952	0.1403	1373031	98.6632	29180	2.0968	10577	36.2474	8716	29.8698	9312	31.9123	10940	37.4914	117357	100.0000	116967	100.0000	0.9886
ESO1357104120S1K	EST1241104101S1K	na	NZ_CP049075.1	1754511	1321186	75.3022	1320330	99.9352	1303331	98.7125	856	0.0648	1304144	98.7101	24821	1.8787	7779	31.3404	7008	28.2342	10461	42.1458	7440	29.9746	117357	66.9819	93863	93.7249	0.9665
ESO1357104120S1K	EST1242101101S1K	na	NZ_CP049075.1	1754511	373127	21.2667	373007	99.9678	368315	98.7421	120	0.0322	368431	98.7414	6966	1.8669	2270	32.5869	2154	30.9216	2324	33.3620	2506	35.9747	117357	67.1123	107133	87.4380	0.9608
ESO1357104120S1K	EST1242103101S1K	na	NZ_CP049075.1	1754511	1101287	62.7689	1100615	99.9390	1086860	98.7502	672	0.0610	1087518	98.7497	21038	1.9103	7269	34.5518	6613	31.4336	7083	33.6676	7394	35.1459	117357	100.0000	123051	100.0000	0.9906
ESO1357104120S1K	EST1242207101S1K	na	NZ_CP049075.1	1754511	711076	40.5284	710845	99.9675	702173	98.7800	231	0.0325	702398	98.7796	12929	1.8182	4251	32.8796	4026	31.1393	4412	34.1248	4566	35.3160	117357	100.0000	140321	100.0000	0.9808
ESO1357104120S1K	EST1242209101S1K	na	NZ_CP049075.1	1754511	1092514	62.2689	1091527	99.9097	1077619	98.7258	987	0.0903	1078572	98.7239	21204	1.9408	7262	34.2483	6313	29.7727	6945	32.7533	7968	37.5778	117357	88.7437	127907	85.6349	0.9712
ESO1357104120S1K	EST1242704101S1K	na	NZ_CP049075.1	1754511	1399208	79.7492	1386670	99.1039	1375909	99.2240	12538	0.8961	1388350	99.2240	30934	2.2108	20076	64.8995	7683	24.8367	6587	21.2937	12699	41.0519	117357	64.9292	84615	92.5533	0.9679
ESO1357104120S1K	EST1242801101S1K	na	NZ_CP049075.1	1754511	1369053	78.0305	1367642	99.8969	1363577	99.7028	1411	0.1031	1364979	99.7024	20291	1.4821	16217	79.9221	14890	73.3823	2434	11.9955	2737	13.4887	117357	100.0000	106954	94.9969	0.9821
ESO1357104120S1K	EST1242802101S1K	na	NZ_CP049075.1	1754511	1322850	75.3971	1319754	99.7660	1304082	98.8125	3096	0.2340	1307146	98.8129	27042	2.0442	11338	41.9274	8305	30.7115	8057	29.7944	9928	36.7133	117357	73.0983	77610	100.0000	0.9681
ESO1357104120S1K	EST1242804101S1K	na	NZ_CP049075.1	1754511	1360706	77.5547	1354856	99.5701	1351055	99.7195	5850	0.4299	1356885	99.7192	22741	1.6713	18920	83.1977	13138	57.7723	2409	10.5932	5012	22.0395	117357	57.9071	69079	92.3160	0.9651
ESO1357104120S1K	EST1242805101S1K	na	NZ_CP049075.1	1754511	1239227	70.6309	1238458	99.9379	1222347	98.6991	769	0.0621	1223101	98.6987	24390	1.9682	8264	33.8827	7520	30.8323	8170	33.4973	8806	36.1050	117357	100.0000	153813	92.6190	0.9776
ESO1357104120S1K	EST1247101101S1K	na	NZ_CP049075.1	1754511	879835	50.1470	879366	99.9467	868104	98.7193	469	0.0533	868557	98.7182	16830	1.9129	5552	32.9887	5101	30.3090	5727	34.0285	6059	36.0012	117357	100.0000	120859	100.0000	0.9858
ESO1357104120S1K	EST1247106101S1K	na	NZ_CP049075.1	1754511	1298942	74.0344	1297779	99.9105	1279992	98.6294	1163	0.0895	1281100	98.6264	27072	2.0842	9230	34.0943	8136	30.0532	9111	33.6547	9862	36.4288	117357	73.2287	106665	100.0000	0.9684
ESO1357104120S1K	EST1247109101S1K	na	NZ_CP049075.1	1754511	1384071	78.8864	1382811	99.9090	1364956	98.7088	1260	0.0910	1366168	98.7065	27816	2.0097	9913	35.6378	8764	31.5070	9460	34.0092	9629	34.6168	117357	93.8836	129147	100.0000	0.9790
ESO1357104120S1K	EST1247203101S1K	na	NZ_CP049075.1	1754511	1195195	68.1213	1193661	99.8717	1177799	98.6711	1534	0.1283	1179289	98.6692	24424	2.0435	8518	34.8755	7056	28.8896	8255	33.7987	9120	37.3403	117357	91.9016	93469	100.0000	0.9797
ESO1357104120S1K	EST1247206101S1K	na	NZ_CP049075.1	1754511	1232965	70.2740	1231953	99.9179	1220348	99.0580	1012	0.0821	1221331	99.0564	23013	1.8665	11379	49.4460	10445	45.3874	6087	26.4503	6468	28.1059	117357	100.0000	127972	95.0989	0.9929
ESO1357104120S1K	EST1254306101S1K	na	NZ_CP049075.1	1754511	171843	9.7944	171782	99.9645	169933	98.9236	61	0.0355	169994	98.9240	2794	1.6259	945	33.8225	885	31.6750	1144	40.9449	772	27.6306	117357	52.6368	76013	100.0000	0.9603
ESO1357104120S1K	EST1256811101S1K	na	NZ_CP049075.1	1754511	1168216	66.5836	1167451	99.9345	1153052	98.7666	765	0.0655	1153789	98.7650	22155	1.8965	7728	34.8815	7007	31.6272	7725	34.8680	7501	33.8569	117357	93.8836	139306	96.2859	0.9778
ESO1357104120S1K	EST1350502101S1K	na	NZ_CP049075.1	1754511	667645	38.0531	666533	99.8334	659283	98.9123	1112	0.1666	660383	98.9123	11986	1.7953	4724	39.4126	3627	30.2603	3861	32.2126	4277	35.6833	117357	84.6784	126094	86.7583	0.9682
ESO1357104120S1K	EST1350510101S1K	na	NZ_CP049075.1	1754511	1104798	62.9690	1103736	99.9039	1088618	98.6303	1062	0.0961	1089637	98.6277	23659	2.1415	8498	35.9187	7499	31.6962	7569	31.9921	8620	36.4343	117357	100.0000	117862	100.0000	0.9924
ESO1357104120S1K	EST1350804101S1K	na	NZ_CP049075.1	1754511	1347901	76.8249	1345396	99.8142	1326556	98.5997	2505	0.1858	1328988	98.5969	29792	2.2103	10879	36.5165	8474	28.4439	9078	30.4713	11990	40.2457	117357	67.1123	75045	92.8363	0.9645
ESO1357104120S1K	EST1350807101S1K	na	NZ_CP049075.1	1754511	1304019	74.3238	1303281	99.9434	1285731	98.6534	738	0.0566	1286438	98.6518	26056	1.9981	8475	32.5261	7775	29.8396	8782	33.7043	9590	36.8053	117357	100.0000	134701	87.5836	0.9768
ESO1357104120S1K	EST1356604101S1K	na	NZ_CP049075.1	1754511	1326388	75.5987	1324874	99.8859	1306840	98.6388	1514	0.1141	1308307	98.6368	27362	2.0629	9281	33.9193	7819	28.5761	9116	33.3163	10455	38.2099	117357	67.9585	91591	93.1227	0.9542
ESO1357104120S1K	EST1356611101S1K	na	NZ_CP049075.1	1754511	816095	46.5141	815520	99.9295	805095	98.7217	575	0.0705	805649	98.7200	15726	1.9270	5280	33.5750	4733	30.0967	5304	33.7276	5714	36.3347	117357	35.0708	57584	88.7087	0.9388
ESO1357104120S1K	EST1357103101S1K	na	NZ_CP049075.1	1754511	954557	54.4059	954152	99.9576	954089	99.9934	405	0.0424	954492	99.9932	11605	1.2157	11540	99.4399	11166	96.2171	277	2.3869	97	0.8358	117357	100.0000	133245	95.4392	0.9903
ESO1357104120S1K	EST1357107101S1K	na	NZ_CP049075.1	1754511	1330526	75.8346	1328951	99.8816	1310284	98.5954	1575	0.1184	1311780	98.5911	28690	2.1563	9944	34.6602	8475	29.5399	9189	32.0286	11007	38.3653	117357	58.8836	78769	85.4575	0.9585
ESO1357104120S1K	EST1358301101S1K	na	NZ_CP049075.1	1754511	776052	44.2318	775677	99.9517	765827	98.7301	375	0.0483	766185	98.7286	14722	1.8970	4855	32.9779	4499	30.5597	4997	33.9424	5261	35.7356	117357	73.2287	94377	92.2237	0.9653
ESO1357104120S1K	EST1358301201S1K	na	NZ_CP049075.1	1754511	1269759	72.3711	1268963	99.9373	1252381	98.6933	796	0.0627	1253154	98.6923	24999	1.9688	8394	33.5773	7624	30.4972	8276	33.1053	9200	36.8015	117357	73.2287	102933	83.6398	0.9599
ESO1357104120S1K	EST1358302101S1K	na	NZ_CP049075.1	1754511	826750	47.1214	826379	99.9551	815753	98.7141	371	0.0449	816117	98.7139	15708	1.9000	5075	32.3084	4713	30.0038	5415	34.4729	5643	35.9244	117357	100.0000	133967	90.7821	0.9784
ESO1357104120S1K	EST1358602101S1K	na	NZ_CP049075.1	1754511	458690	26.1435	458497	99.9579	452576	98.7086	193	0.0421	452768	98.7089	8702	1.8971	2780	31.9467	2588	29.7403	3034	34.8655	3103	35.6585	117357	51.6910	80640	80.1252	0.9543
ESO1357104120S1K	EST1359005101S1K	na	NZ_CP049075.1	1754511	1322505	75.3774	1320163	99.8229	1303286	98.7216	2342	0.1771	1305578	98.7201	27042	2.0448	10115	37.4048	7830	28.9550	8577	31.7173	10372	38.3552	117357	93.8836	136370	85.2812	0.9719
ESO1357104120S1K	EST1359006101S1K	na	NZ_CP049075.1	1754511	554490	31.6037	554157	99.9399	547213	98.7469	333	0.0601	547540	98.7466	10470	1.8882	3520	33.6199	3194	30.5062	3555	33.9542	3737	35.6925	117357	93.8836	151742	81.0593	0.9638
ESO1357104120S1K	EST1359007101S1K	na	NZ_CP049075.1	1754511	1339611	76.3524	1338479	99.9155	1321103	98.7018	1132	0.0845	1322202	98.7004	26527	1.9802	9118	34.3725	8025	30.2522	9071	34.1953	9498	35.8050	117357	100.0000	147634	95.7009	0.9790
ESO1357104120S1K	EST1361001101S1K	na	NZ_CP049075.1	1754511	1148039	65.4336	1147470	99.9504	1133952	98.8219	569	0.0496	1134501	98.8208	21157	1.8429	7619	36.0117	7074	33.4357	6999	33.0812	7131	33.7052	117357	100.0000	155104	89.9326	0.9769
ESO1357104120S1K	EST1361002101S1K	na	NZ_CP049075.1	1754511	1373551	78.2868	1371894	99.8794	1353188	98.6365	1657	0.1206	1354789	98.6341	28998	2.1112	10236	35.2990	8655	29.8469	9421	32.4884	10920	37.6578	117357	100.0000	120862	95.6496	0.9843
ESO1357104120S1K	EST1361007101S1K	na	NZ_CP049075.1	1754511	1386148	79.0048	1384273	99.8647	1365533	98.6462	1875	0.1353	1367348	98.6437	29184	2.1054	10384	35.5811	8623	29.5470	9430	32.3122	11063	37.9078	117357	93.8836	126515	95.0488	0.9705
ESO1357104120S1K	EST2359005102S1K	na	NZ_CP049075.1	1754511	1306466	74.4633	1302530	99.6987	1285961	98.7279	3936	0.3013	1289809	98.7250	28142	2.1541	11485	40.8109	7682	27.2973	8702	30.9218	10899	38.7286	117357	93.8836	128523	85.7061	0.9707
ESO1357107120S1K	ESO1358301120S1K	na	NZ_CP049075.1	1754511	498472	28.4109	493876	99.0780	489927	99.2004	4596	0.9220	494480	99.1992	11025	2.2118	7033	63.7914	2480	22.4943	4777	43.3288	2518	22.8390	44994	87.6361	114929	37.7581	0.9560
ESO1357107120S1K	ESO1358304120S1K	na	NZ_CP049075.1	1754511	1400014	79.7951	1387447	99.1024	1373070	98.9638	12567	0.8976	1385511	98.9641	34341	2.4529	19838	57.7677	7447	21.6854	14910	43.4175	8895	25.9020	44994	100.0000	51874	85.3935	0.9879
ESO1357107120S1K	ESO1358602120S1K	na	NZ_CP049075.1	1754511	1187297	67.6711	1176780	99.1142	1167556	99.2162	10517	0.8858	1177996	99.2166	26049	2.1940	16748	64.2942	6385	24.5115	10968	42.1053	5671	21.7705	44994	100.0000	99829	45.0701	0.9650
ESO1357107120S1K	EST1212206101S1K	na	NZ_CP049075.1	1754511	1266189	72.1676	1255006	99.1168	1242750	99.0234	11183	0.8832	1253836	99.0244	30563	2.4138	18210	59.5818	7174	23.4728	12850	42.0443	7530	24.6376	44994	87.6361	85446	49.6700	0.9699
ESO1357107120S1K	EST1212704101S1K	na	NZ_CP049075.1	1754511	1206752	68.7800	1195874	99.0986	1185077	99.0971	10878	0.9014	1195873	99.0985	27918	2.3135	17039	61.0323	6281	22.4980	12176	43.6134	6583	23.5798	44994	87.6361	88279	48.3252	0.9683
ESO1357107120S1K	EST1232702101S1K	na	NZ_CP049075.1	1754511	1176595	67.0611	1166041	99.1030	1156006	99.1394	10554	0.8970	1166478	99.1401	26369	2.2411	16252	61.6330	5793	21.9690	11514	43.6649	6270	23.7779	44994	100.0000	126535	38.2044	0.9523
ESO1357107120S1K	EST1232710101S1K	na	NZ_CP049075.1	1754511	1320801	75.2803	1308740	99.0868	1296224	99.0437	12061	0.9132	1308141	99.0415	31586	2.3914	18926	59.9190	7115	22.5258	13449	42.5790	7902	25.0174	44994	70.1427	115001	27.4067	0.9437
ESO1357107120S1K	EST1232905101S1K	na	NZ_CP049075.1	1754511	1288670	73.4490	1277088	99.1012	1265327	99.0791	11582	0.8988	1276823	99.0807	30009	2.3287	18162	60.5218	6682	22.2667	13123	43.7302	7112	23.6996	44994	100.0000	90764	52.9571	0.9732
ESO1357107120S1K	EST1233822101S1K	na	NZ_CP049075.1	1754511	1227123	69.9410	1212732	98.8273	1203332	99.2249	14391	1.1727	1217624	99.2259	29763	2.4254	20264	68.0845	6785	22.7968	11356	38.1548	8398	28.2162	44994	100.0000	120979	37.3809	0.9553
ESO1357107120S1K	EST1233822201S1K	na	NZ_CP049075.1	1754511	1165056	66.4035	1153930	99.0450	1143786	99.1209	11126	0.9550	1154816	99.1211	27419	2.3534	17179	62.6536	6170	22.5026	11307	41.2378	7122	25.9747	44994	100.0000	142473	33.5664	0.9427
ESO1357107120S1K	EST1234702101S1K	na	NZ_CP049075.1	1754511	258951	14.7592	256565	99.0786	254441	99.1721	2386	0.9214	256810	99.1732	5837	2.2541	3696	63.3202	1327	22.7343	2572	44.0637	1316	22.5458	44994	70.1427	100029	31.8218	0.9603
ESO1357107120S1K	EST1234704101S1K	na	NZ_CP049075.1	1754511	1427526	81.3632	1414097	99.0593	1400372	99.0294	13429	0.9407	1413676	99.0298	35115	2.4599	21265	60.5582	8089	23.0357	14447	41.1420	9156	26.0743	44994	17.4934	50396	21.6823	0.9544
ESO1357107120S1K	EST1236807101S1K	na	NZ_CP049075.1	1754511	1282172	73.0786	1270707	99.1058	1259422	99.1119	11465	0.8942	1270784	99.1118	28920	2.2555	17532	60.6224	6183	21.3797	13241	45.7849	6715	23.2192	44994	100.0000	139782	45.8915	0.9445
ESO1357107120S1K	EST1237103201S1K	na	NZ_CP049075.1	1754511	1276021	72.7280	1264102	99.0659	1252182	99.0570	11919	0.9341	1263996	99.0576	30478	2.3885	18453	60.5453	6676	21.9043	12513	41.0558	8250	27.0687	44994	17.4934	83812	9.2994	0.9327
ESO1357107120S1K	EST1238001101S1K	na	NZ_CP049075.1	1754511	1063687	60.6258	1054017	99.0909	1044529	99.0998	9670	0.9091	1054116	99.1002	24261	2.2808	14690	60.5499	5113	21.0750	11155	45.9791	5550	22.8762	44994	29.8573	20057	60.4776	0.9761
ESO1357107120S1K	EST1238002101S1K	na	NZ_CP049075.1	1754511	1311223	74.7344	1299286	99.0896	1287312	99.0784	11937	0.9104	1299137	99.0783	31143	2.3751	19057	61.1919	7327	23.5270	12883	41.3672	7680	24.6604	44994	100.0000	111899	38.0137	0.9579
ESO1357107120S1K	EST1241101101S1K	na	NZ_CP049075.1	1754511	1393195	79.4065	1380098	99.0599	1367660	99.0988	13097	0.9401	1380619	99.0973	32963	2.3660	20387	61.8481	7592	23.0319	13718	41.6164	8212	24.9128	44994	87.6361	116967	33.4060	0.9488
ESO1357107120S1K	EST1241104101S1K	na	NZ_CP049075.1	1754511	1304479	74.3500	1292931	99.1147	1280622	99.0480	11548	0.8853	1292065	99.0484	29382	2.2524	16968	57.7496	5559	18.9197	15555	52.9406	6084	20.7066	44994	17.4934	93863	8.3068	0.9270
ESO1357107120S1K	EST1242101101S1K	na	NZ_CP049075.1	1754511	398430	22.7089	394661	99.0540	391455	99.1877	3769	0.9460	395193	99.1876	8932	2.2418	5695	63.7595	1959	21.9324	3988	44.6485	1914	21.4286	44994	87.6361	107133	40.5571	0.9561
ESO1357107120S1K	EST1242103101S1K	na	NZ_CP049075.1	1754511	1115496	63.5787	1105589	99.1119	1096356	99.1649	9907	0.8881	1106190	99.1658	24669	2.2115	15363	62.2765	5559	22.5344	10779	43.6945	5750	23.3086	44994	87.6361	123051	31.8787	0.9454
ESO1357107120S1K	EST1242207101S1K	na	NZ_CP049075.1	1754511	736793	41.9942	730060	99.0862	724272	99.2072	6733	0.9138	730956	99.2078	15870	2.1539	10033	63.2199	3349	21.1027	7147	45.0347	3568	22.4827	44994	100.0000	140321	46.3722	0.9412
ESO1357107120S1K	EST1242209101S1K	na	NZ_CP049075.1	1754511	1123266	64.0216	1112852	99.0729	1104815	99.2778	10414	0.9271	1115152	99.2776	24422	2.1742	16308	66.7759	6074	24.8710	9756	39.9476	5347	21.8942	44994	82.5066	127907	29.2736	0.9424
ESO1357107120S1K	EST1242704101S1K	na	NZ_CP049075.1	1754511	1417084	80.7680	1395030	98.4437	1386800	99.4100	22054	1.5563	1408732	99.4106	36345	2.5648	27993	77.0202	8268	22.7487	12282	33.7928	11230	30.8983	44994	87.6361	84615	43.9319	0.9677
ESO1357107120S1K	EST1242801101S1K	na	NZ_CP049075.1	1754511	1344311	76.6203	1331804	99.0696	1320076	99.1194	12507	0.9304	1332475	99.1195	30654	2.2803	18818	61.3884	6506	21.2240	13833	45.1262	7355	23.9936	44994	100.0000	106954	21.5354	0.9387
ESO1357107120S1K	EST1242802101S1K	na	NZ_CP049075.1	1754511	1317525	75.0936	1304160	98.9856	1293004	99.1446	13365	1.0144	1306273	99.1460	31213	2.3691	19961	63.9509	7104	22.7597	12730	40.7843	8055	25.8066	44994	17.4934	77610	7.3070	0.9362
ESO1357107120S1K	EST1242804101S1K	na	NZ_CP049075.1	1754511	1348766	76.8742	1332876	98.8219	1322561	99.2261	15890	1.1781	1338341	99.2271	32506	2.4101	22081	67.9290	7480	23.0111	12916	39.7342	8707	26.7858	44994	100.0000	69079	62.1694	0.9834
ESO1357107120S1K	EST1242805101S1K	na	NZ_CP049075.1	1754511	1249733	71.2297	1238376	99.0912	1227551	99.1259	11357	0.9088	1238810	99.1260	28348	2.2683	17425	61.4682	6191	21.8393	12318	43.4528	6903	24.3509	44994	100.0000	153813	41.7409	0.9363
ESO1357107120S1K	EST1247101101S1K	na	NZ_CP049075.1	1754511	898876	51.2323	890775	99.0988	883114	99.1400	8101	0.9012	891142	99.1396	20120	2.2384	12386	61.5606	4360	21.6700	8918	44.3241	4725	23.4841	44994	87.6361	120859	35.1409	0.9525
ESO1357107120S1K	EST1247106101S1K	na	NZ_CP049075.1	1754511	1319817	75.2242	1307954	99.1012	1294978	99.0079	11863	0.8988	1306723	99.0079	32205	2.4401	19111	59.3417	7459	23.1610	13818	42.9064	7902	24.5366	44994	100.0000	106665	60.1050	0.9639
ESO1357107120S1K	EST1247109101S1K	na	NZ_CP049075.1	1754511	1390174	79.2343	1377507	99.0888	1364272	99.0392	12667	0.9112	1376793	99.0375	32825	2.3612	19444	59.2353	6971	21.2369	14760	44.9657	8068	24.5788	44994	100.0000	129147	49.3198	0.9507
ESO1357107120S1K	EST1247203101S1K	na	NZ_CP049075.1	1754511	1197110	68.2304	1185764	99.0522	1175471	99.1320	11346	0.9478	1186716	99.1317	27698	2.3137	17304	62.4738	6168	22.2688	11748	42.4146	6836	24.6805	44994	87.6361	93469	42.1380	0.9625
ESO1357107120S1K	EST1247206101S1K	na	NZ_CP049075.1	1754511	1186224	67.6099	1175757	99.1176	1164446	99.0380	10467	0.8824	1174807	99.0375	27931	2.3546	16514	59.1243	6184	22.1403	12118	43.3855	6893	24.6787	44994	87.6361	127972	29.3853	0.9429
ESO1357107120S1K	EST1254306101S1K	na	NZ_CP049075.1	1754511	173665	9.8982	172045	99.0672	170697	99.2165	1620	0.9328	172306	99.2175	3624	2.0868	2265	62.5000	658	18.1567	1985	54.7737	671	18.5155	44994	0.0000	76013	0.0000	0.9387
ESO1357107120S1K	EST1256811101S1K	na	NZ_CP049075.1	1754511	1175621	67.0056	1164970	99.0940	1154527	99.1036	10651	0.9060	1165081	99.1035	26615	2.2639	16075	60.3983	5559	20.8867	12255	46.0455	6275	23.5769	44994	100.0000	139306	45.8580	0.9448
ESO1357107120S1K	EST1350502101S1K	na	NZ_CP049075.1	1754511	679749	38.7429	673173	99.0326	668105	99.2471	6576	0.9674	674636	99.2478	14551	2.1406	9438	64.8615	3097	21.2838	6372	43.7908	3474	23.8746	44994	87.6361	126094	30.5018	0.9474
ESO1357107120S1K	EST1350510101S1K	na	NZ_CP049075.1	1754511	1083550	61.7579	1074084	99.1264	1063305	98.9964	9466	0.8736	1072668	98.9957	26292	2.4265	15410	58.6110	6139	23.3493	10885	41.4004	6759	25.7074	44994	87.6361	117862	33.4196	0.9510
ESO1357107120S1K	EST1350804101S1K	na	NZ_CP049075.1	1754511	1382659	78.8059	1369117	99.0206	1355368	98.9958	13542	0.9794	1368762	98.9949	34904	2.5244	21007	60.1851	7905	22.6478	13890	39.7949	9588	27.4696	44994	100.0000	75045	57.3483	0.9775
ESO1357107120S1K	EST1350807101S1K	na	NZ_CP049075.1	1754511	1315099	74.9553	1303415	99.1115	1291535	99.0885	11684	0.8885	1303121	99.0892	30133	2.2913	18155	60.2496	6583	21.8465	13098	43.4673	7440	24.6905	44994	100.0000	134701	31.9084	0.9428
ESO1357107120S1K	EST1356604101S1K	na	NZ_CP049075.1	1754511	1325266	75.5348	1313040	99.0775	1300995	99.0827	12226	0.9225	1313112	99.0829	30849	2.3278	18695	60.6016	6655	21.5728	13077	42.3904	8100	26.2569	44994	12.3639	91591	23.8233	0.9283
ESO1357107120S1K	EST1356611101S1K	na	NZ_CP049075.1	1754511	857522	48.8753	849751	99.0938	842240	99.1161	7771	0.9062	849950	99.1170	19701	2.2974	12129	61.5654	4452	22.5978	8460	42.9420	4685	23.7805	44994	12.3639	57584	34.9073	0.9447
ESO1357107120S1K	EST1357103101S1K	na	NZ_CP049075.1	1754511	955458	54.4572	946860	99.1001	939049	99.1751	8598	0.8999	947581	99.1756	20715	2.1681	12838	61.9744	4311	20.8110	9687	46.7632	4578	22.0999	44994	87.6361	133245	28.3245	0.9399
ESO1357107120S1K	EST1357107101S1K	na	NZ_CP049075.1	1754511	1356711	77.3270	1344279	99.0837	1331515	99.0505	12432	0.9163	1343822	99.0500	33012	2.4332	20123	60.9566	8002	24.2397	13417	40.6428	8054	24.3972	44994	82.5066	78769	46.7202	0.9708
ESO1357107120S1K	EST1358301101S1K	na	NZ_CP049075.1	1754511	818744	46.6651	811340	99.0957	804597	99.1689	7404	0.9043	811940	99.1690	18593	2.2709	11789	63.4056	4452	23.9445	7914	42.5644	4181	22.4870	44994	87.6361	94377	45.1265	0.9679
ESO1357107120S1K	EST1358301201S1K	na	NZ_CP049075.1	1754511	1312362	74.7993	1300490	99.0954	1289186	99.1308	11872	0.9046	1300962	99.1313	30623	2.3334	19223	62.7731	7466	24.3804	12699	41.4688	7243	23.6522	44994	100.0000	102933	46.7382	0.9660
ESO1357107120S1K	EST1358302101S1K	na	NZ_CP049075.1	1754511	850364	48.4673	842552	99.0813	835744	99.1920	7812	0.9187	843496	99.1923	18664	2.1948	11796	63.2019	4048	21.6888	8171	43.7795	4279	22.9265	44994	87.6361	133967	32.0109	0.9449
ESO1357107120S1K	EST1358602101S1K	na	NZ_CP049075.1	1754511	475043	27.0755	470915	99.1310	467210	99.2132	4128	0.8690	471298	99.2117	10221	2.1516	6476	63.3597	2394	23.4224	4341	42.4714	2283	22.3364	44994	70.1427	80640	39.3800	0.9715
ESO1357107120S1K	EST1359005101S1K	na	NZ_CP049075.1	1754511	1337769	76.2474	1324318	98.9945	1312856	99.1345	13451	1.0055	1326188	99.1343	31521	2.3562	19940	63.2594	6877	21.8172	13144	41.6992	8273	26.2460	44994	100.0000	136370	33.9261	0.9448
ESO1357107120S1K	EST1359006101S1K	na	NZ_CP049075.1	1754511	570981	32.5436	565745	99.0830	560941	99.1509	5236	0.9170	566141	99.1523	12776	2.2376	7936	62.1165	2762	21.6187	5610	43.9105	3094	24.2173	44994	87.6361	151742	27.0143	0.9329
ESO1357107120S1K	EST1359007101S1K	na	NZ_CP049075.1	1754511	1338274	76.2762	1325971	99.0807	1313838	99.0850	12303	0.9193	1326032	99.0852	30823	2.3032	18581	60.2829	6405	20.7799	13822	44.8431	7699	24.9781	44994	100.0000	147634	43.5801	0.9400
ESO1357107120S1K	EST1361001101S1K	na	NZ_CP049075.1	1754511	1157004	65.9445	1146455	99.0882	1136653	99.1450	10549	0.9118	1147117	99.1455	25686	2.2200	15799	61.5082	5376	20.9297	11690	45.5112	5942	23.1332	44994	100.0000	155104	39.0125	0.9346
ESO1357107120S1K	EST1361002101S1K	na	NZ_CP049075.1	1754511	1375561	78.4014	1362637	99.0605	1350155	99.0840	12924	0.9395	1362965	99.0843	32799	2.3844	20203	61.5964	7512	22.9031	13600	41.4647	8326	25.3849	44994	100.0000	120862	35.3378	0.9507
ESO1357107120S1K	EST1361007101S1K	na	NZ_CP049075.1	1754511	1386835	79.0440	1373645	99.0489	1361429	99.1107	13190	0.9511	1374481	99.1092	32968	2.3772	20614	62.5273	7721	23.4197	13705	41.5706	8244	25.0061	44994	100.0000	126515	40.0703	0.9496
ESO1357107120S1K	EST2359005102S1K	na	NZ_CP049075.1	1754511	1306150	74.4452	1291825	98.9033	1280567	99.1285	14325	1.0967	1294744	99.1267	32059	2.4545	20653	64.4218	7036	21.9470	12882	40.1822	8776	27.3745	44994	100.0000	128523	35.8862	0.9494
ESO1358301120S1K	ESO1358304120S1K	na	NZ_CP049075.1	1754511	483890	27.5798	483754	99.9719	477431	98.6929	136	0.0281	477564	98.6927	9384	1.9393	3058	32.5874	2926	31.1807	3296	35.1236	3231	34.4309	114929	48.9824	51874	77.3914	0.9462
ESO1358301120S1K	ESO1358602120S1K	na	NZ_CP049075.1	1754511	439930	25.0742	439786	99.9673	434630	98.8276	144	0.0327	434770	98.8271	7835	1.7810	2675	34.1417	2535	32.3548	2630	33.5673	2689	34.3204	114929	48.9824	99829	47.1426	0.9419
ESO1358301120S1K	EST1212206101S1K	na	NZ_CP049075.1	1754511	418665	23.8622	418540	99.9701	415819	99.3499	125	0.0299	415938	99.3486	6891	1.6459	4164	60.4266	4045	58.6998	1456	21.1290	1395	20.2438	114929	88.2188	85446	100.0000	0.9745
ESO1358301120S1K	EST1212704101S1K	na	NZ_CP049075.1	1754511	466862	26.6092	466716	99.9687	463745	99.3634	146	0.0313	463889	99.3632	7323	1.5686	4350	59.4019	4207	57.4491	1590	21.7124	1550	21.1662	114929	88.2188	88279	100.0000	0.9760
ESO1358301120S1K	EST1232702101S1K	na	NZ_CP049075.1	1754511	444831	25.3536	444720	99.9750	441485	99.2726	111	0.0250	441592	99.2719	6885	1.5478	3646	52.9557	3539	51.4016	1558	22.6289	1816	26.3762	114929	88.2188	126535	67.7923	0.9599
ESO1358301120S1K	EST1232710101S1K	na	NZ_CP049075.1	1754511	447331	25.4960	447151	99.9598	441528	98.7425	180	0.0402	441705	98.7423	8456	1.8903	2830	33.4674	2654	31.3860	2849	33.6921	2951	34.8983	114929	78.3144	115001	69.4055	0.9583
ESO1358301120S1K	EST1232905101S1K	na	NZ_CP049075.1	1754511	489150	27.8796	489053	99.9802	486330	99.4432	97	0.0198	486427	99.4433	7538	1.5410	4815	63.8764	4719	62.6028	1497	19.8594	1336	17.7235	114929	79.0967	90764	88.3302	0.9746
ESO1358301120S1K	EST1233822101S1K	na	NZ_CP049075.1	1754511	432315	24.6402	430471	99.5735	425761	98.9058	1844	0.4265	427588	98.9066	8856	2.0485	4129	46.6238	2302	25.9937	2534	28.6134	3617	40.8424	114929	76.9945	120979	65.7701	0.9589
ESO1358301120S1K	EST1233822201S1K	na	NZ_CP049075.1	1754511	408517	23.2838	408155	99.9114	402961	98.7274	362	0.0886	403316	98.7269	8026	1.9647	2825	35.1981	2470	30.7750	2561	31.9088	3034	37.8021	114929	88.7757	142473	65.8616	0.9631
ESO1358301120S1K	EST1234702101S1K	na	NZ_CP049075.1	1754511	125488	7.1523	125483	99.9960	124593	99.2907	5	0.0040	124598	99.2908	2004	1.5970	1114	55.5888	1109	55.3393	481	24.0020	422	21.0579	114929	80.9735	100029	100.0000	0.9943
ESO1358301120S1K	EST1234704101S1K	na	NZ_CP049075.1	1754511	508579	28.9869	508204	99.9263	501610	98.7025	375	0.0737	501979	98.7023	10129	1.9916	3529	34.8406	3160	31.1976	3298	32.5600	3684	36.3708	114929	60.9220	50396	100.0000	0.9562
ESO1358301120S1K	EST1236807101S1K	na	NZ_CP049075.1	1754511	470202	26.7996	470091	99.9764	464393	98.7879	111	0.0236	464502	98.7878	8407	1.7880	2707	32.1994	2598	30.9028	3037	36.1247	2824	33.5911	114929	76.9945	139782	71.4370	0.9562
ESO1358301120S1K	EST1237103201S1K	na	NZ_CP049075.1	1754511	442477	25.2194	442168	99.9302	437301	98.8993	309	0.0698	437603	98.8985	8173	1.8471	3299	40.3646	2997	36.6695	2417	29.5730	2794	34.1857	114929	40.0186	83812	44.9458	0.9343
ESO1358301120S1K	EST1238001101S1K	na	NZ_CP049075.1	1754511	423989	24.1657	423866	99.9710	418496	98.7331	123	0.0290	418618	98.7332	7862	1.8543	2491	31.6840	2369	30.1323	2903	36.9244	2631	33.4648	114929	21.1287	20057	71.2170	0.9387
ESO1358301120S1K	EST1238002101S1K	na	NZ_CP049075.1	1754511	434496	24.7645	434369	99.9708	429082	98.7828	127	0.0292	429205	98.7823	8099	1.8640	2808	34.6709	2685	33.1522	2661	32.8559	2777	34.2882	114929	79.0967	111899	64.0310	0.9546
ESO1358301120S1K	EST1241101101S1K	na	NZ_CP049075.1	1754511	490368	27.9490	490030	99.9311	484211	98.8125	338	0.0689	484535	98.8105	9049	1.8453	3216	35.5398	2892	31.9593	2955	32.6555	3164	34.9652	114929	88.2188	116967	74.3945	0.9622
ESO1358301120S1K	EST1241104101S1K	na	NZ_CP049075.1	1754511	439660	25.0588	439599	99.9861	434131	98.7561	61	0.0139	434190	98.7559	7614	1.7318	2144	28.1587	2086	27.3969	3359	44.1161	2218	29.1305	114929	60.9220	93863	63.4691	0.9397
ESO1358301120S1K	EST1242101101S1K	na	NZ_CP049075.1	1754511	178963	10.2002	178937	99.9855	177100	98.9734	26	0.0145	177126	98.9735	3033	1.6948	1196	39.4329	1170	38.5757	958	31.5859	917	30.2341	114929	88.7757	107133	100.0000	0.9867
ESO1358301120S1K	EST1242103101S1K	na	NZ_CP049075.1	1754511	415541	23.6841	415405	99.9673	410587	98.8402	136	0.0327	410719	98.8396	7378	1.7755	2556	34.6435	2424	32.8544	2476	33.5592	2510	34.0201	114929	88.2188	123051	71.8223	0.9599
ESO1358301120S1K	EST1242207101S1K	na	NZ_CP049075.1	1754511	319751	18.2245	319709	99.9869	316059	98.8583	42	0.0131	316101	98.8585	5493	1.7179	1843	33.5518	1801	32.7872	1909	34.7533	1819	33.1149	114929	88.2188	140321	77.3263	0.9594
ESO1358301120S1K	EST1242209101S1K	na	NZ_CP049075.1	1754511	422027	24.0538	421726	99.9287	416910	98.8580	301	0.0713	417208	98.8581	7599	1.8006	2780	36.5838	2482	32.6622	2432	32.0042	2684	35.3204	114929	67.0901	127907	57.7732	0.9523
ESO1358301120S1K	EST1242704101S1K	na	NZ_CP049075.1	1754511	493644	28.1357	489475	99.1555	485399	99.1673	4169	0.8445	489529	99.1664	10507	2.1285	6392	60.8356	2263	21.5380	2574	24.4980	4532	43.1331	114929	48.9824	84615	50.7002	0.9311
ESO1358301120S1K	EST1242801101S1K	na	NZ_CP049075.1	1754511	482497	27.5004	482201	99.9387	476328	98.7820	296	0.0613	476623	98.7826	8845	1.8332	2971	33.5896	2676	30.2544	3108	35.1385	3070	34.7089	114929	88.2188	106954	62.6503	0.9336
ESO1358301120S1K	EST1242802101S1K	na	NZ_CP049075.1	1754511	450312	25.6660	449461	99.8110	444509	98.8982	851	0.1890	445352	98.8985	8424	1.8707	3464	41.1206	2621	31.1135	2617	31.0660	3027	35.9330	114929	60.3651	77610	61.4508	0.9331
ESO1358301120S1K	EST1242804101S1K	na	NZ_CP049075.1	1754511	483026	27.5305	480913	99.5625	475747	98.9258	2113	0.4375	477844	98.9272	9760	2.0206	4578	46.9057	2481	25.4201	2915	29.8668	3834	39.2828	114929	67.8723	69079	92.3160	0.9646
ESO1358301120S1K	EST1242805101S1K	na	NZ_CP049075.1	1754511	468731	26.7158	468576	99.9669	462841	98.7761	155	0.0331	462991	98.7754	8638	1.8428	2898	33.5494	2748	31.8129	2902	33.5957	3038	35.1702	114929	88.2188	153813	69.5318	0.9524
ESO1358301120S1K	EST1247101101S1K	na	NZ_CP049075.1	1754511	340491	19.4066	340405	99.9747	338327	99.3896	86	0.0253	338412	99.3894	5059	1.4858	2980	58.9049	2896	57.2445	1064	21.0318	1119	22.1190	114929	88.2188	120859	71.4543	0.9583
ESO1358301120S1K	EST1247106101S1K	na	NZ_CP049075.1	1754511	438613	24.9992	438471	99.9676	432735	98.6918	142	0.0324	432868	98.6902	8685	1.9801	2940	33.8515	2807	32.3201	3012	34.6805	2883	33.1952	114929	88.2188	106665	100.0000	0.9737
ESO1358301120S1K	EST1247109101S1K	na	NZ_CP049075.1	1754511	486363	27.7207	486237	99.9741	480106	98.7391	126	0.0259	480222	98.7374	8949	1.8400	2808	31.3778	2692	30.0816	3298	36.8533	3007	33.6015	114929	76.9945	129147	76.7900	0.9623
ESO1358301120S1K	EST1247203101S1K	na	NZ_CP049075.1	1754511	408152	23.2630	407778	99.9084	402893	98.8020	374	0.0916	403258	98.8009	7718	1.8910	2824	36.5898	2459	31.8606	2454	31.7958	2780	36.0197	114929	88.2188	93469	94.4003	0.9729
ESO1358301120S1K	EST1247206101S1K	na	NZ_CP049075.1	1754511	371611	21.1803	371511	99.9731	366889	98.7559	100	0.0269	366985	98.7551	6917	1.8614	2291	33.1213	2195	31.7334	2405	34.7694	2330	33.6851	114929	88.2188	127972	67.5640	0.9509
ESO1358301120S1K	EST1254306101S1K	na	NZ_CP049075.1	1754511	68175	3.8857	68166	99.9868	67399	98.8748	9	0.0132	67408	98.8750	1091	1.6003	324	29.6975	315	28.8726	471	43.1714	311	28.5060	114929	30.1142	76013	48.8390	0.9493
ESO1358301120S1K	EST1256811101S1K	na	NZ_CP049075.1	1754511	430323	24.5267	430177	99.9661	424773	98.7438	146	0.0339	424907	98.7414	7897	1.8351	2481	31.4170	2347	29.7201	2925	37.0394	2679	33.9243	114929	76.9945	139306	71.4887	0.9529
ESO1358301120S1K	EST1350502101S1K	na	NZ_CP049075.1	1754511	270863	15.4381	270478	99.8579	267670	98.9618	385	0.1421	268049	98.9611	4640	1.7130	1826	39.3534	1447	31.1853	1531	32.9957	1563	33.6853	114929	79.6535	126094	64.6541	0.9445
ESO1358301120S1K	EST1350510101S1K	na	NZ_CP049075.1	1754511	311511	17.7549	311357	99.9506	307265	98.6858	154	0.0494	307407	98.6826	6235	2.0015	2131	34.1780	1989	31.9006	2034	32.6223	2234	35.8300	114929	88.2188	117862	74.5567	0.9584
ESO1358301120S1K	EST1350804101S1K	na	NZ_CP049075.1	1754511	475852	27.1216	475361	99.8968	469073	98.6772	491	0.1032	469558	98.6773	9672	2.0326	3378	34.9256	2893	29.9111	3177	32.8474	3522	36.4144	114929	76.9945	75045	92.8363	0.9677
ESO1358301120S1K	EST1350807101S1K	na	NZ_CP049075.1	1754511	476058	27.1334	475949	99.9771	469852	98.7190	109	0.0229	469955	98.7180	8891	1.8676	2788	31.3576	2685	30.1991	3036	34.1469	3209	36.0927	114929	88.2188	134701	64.5296	0.9626
ESO1358301120S1K	EST1356604101S1K	na	NZ_CP049075.1	1754511	469364	26.7518	468998	99.9220	463447	98.8164	366	0.0780	463808	98.8163	8679	1.8491	3123	35.9834	2762	31.8239	2844	32.7688	3082	35.5110	114929	50.4607	91591	58.6717	0.9309
ESO1358301120S1K	EST1356611101S1K	na	NZ_CP049075.1	1754511	339040	19.3239	338912	99.9622	334625	98.7351	128	0.0378	334751	98.7350	6369	1.8785	2080	32.6582	1954	30.6799	2188	34.3539	2239	35.1547	114929	39.2364	57584	88.7087	0.9460
ESO1358301120S1K	EST1357103101S1K	na	NZ_CP049075.1	1754511	386793	22.0456	386743	99.9871	382095	98.7982	50	0.0129	382145	98.7983	6709	1.7345	2061	30.7199	2011	29.9747	2453	36.5628	2283	34.0289	114929	88.2188	133245	69.4458	0.9573
ESO1358301120S1K	EST1357107101S1K	na	NZ_CP049075.1	1754511	458584	26.1374	458402	99.9603	453120	98.8477	182	0.0397	453298	98.8473	8683	1.8934	3397	39.1224	3220	37.0840	2738	31.5329	2739	31.5444	114929	80.9735	78769	93.3083	0.9683
ESO1358301120S1K	EST1358301101S1K	na	NZ_CP049075.1	1754511	331288	18.8821	331227	99.9816	331135	99.9722	61	0.0184	331196	99.9722	4228	1.2762	4136	97.8240	4075	96.3813	49	1.1589	98	2.3179	114929	100.0000	94377	100.0000	0.9746
ESO1358301120S1K	EST1358301201S1K	na	NZ_CP049075.1	1754511	491939	28.0385	491775	99.9667	491664	99.9774	164	0.0333	491828	99.9774	6478	1.3168	6367	98.2865	6203	95.7549	79	1.2195	186	2.8713	114929	100.0000	102933	89.7856	0.9752
ESO1358301120S1K	EST1358302101S1K	na	NZ_CP049075.1	1754511	351031	20.0073	350969	99.9823	348866	99.4008	62	0.0177	348928	99.4009	5156	1.4688	3053	59.2126	2991	58.0101	1064	20.6362	1109	21.5089	114929	100.0000	133967	69.9904	0.9585
ESO1358301120S1K	EST1358602101S1K	na	NZ_CP049075.1	1754511	185755	10.5873	185726	99.9844	183621	98.8666	29	0.0156	183650	98.8668	3171	1.7071	1066	33.6172	1037	32.7026	1031	32.5134	1111	35.0363	114929	50.8592	80640	69.3477	0.9403
ESO1358301120S1K	EST1359005101S1K	na	NZ_CP049075.1	1754511	483881	27.5793	483150	99.8489	477397	98.8093	731	0.1511	478117	98.8088	9120	1.8848	3356	36.7982	2636	28.9035	2957	32.4232	3413	37.4232	114929	88.7757	136370	68.4315	0.9683
ESO1358301120S1K	EST1359006101S1K	na	NZ_CP049075.1	1754511	225844	12.8722	225776	99.9699	223157	98.8400	68	0.0301	223225	98.8403	3895	1.7246	1276	32.7599	1208	31.0141	1351	34.6855	1345	34.5315	114929	88.7757	151742	63.3457	0.9553
ESO1358301120S1K	EST1359007101S1K	na	NZ_CP049075.1	1754511	484403	27.6090	484173	99.9525	478148	98.7556	230	0.0475	478376	98.7558	8938	1.8452	2911	32.5688	2683	30.0179	3150	35.2428	3146	35.1980	114929	88.2188	147634	71.3643	0.9554
ESO1358301120S1K	EST1361001101S1K	na	NZ_CP049075.1	1754511	450324	25.6666	450213	99.9754	444578	98.7484	111	0.0246	444688	98.7485	8191	1.8189	2555	31.1928	2445	29.8498	2939	35.8808	2843	34.7088	114929	88.2188	155104	66.7468	0.9406
ESO1358301120S1K	EST1361002101S1K	na	NZ_CP049075.1	1754511	481479	27.4423	481214	99.9450	475421	98.7962	265	0.0550	475682	98.7960	8957	1.8603	3160	35.2797	2899	32.3657	2935	32.7677	3122	34.8554	114929	88.2188	120862	70.7212	0.9579
ESO1358301120S1K	EST1361007101S1K	na	NZ_CP049075.1	1754511	485886	27.6935	485577	99.9364	479924	98.8358	309	0.0636	480222	98.8343	8996	1.8515	3332	37.0387	3034	33.7261	2876	31.9698	3056	33.9707	114929	67.8723	126515	57.6841	0.9449
ESO1358301120S1K	EST2359005102S1K	na	NZ_CP049075.1	1754511	440523	25.1080	439380	99.7405	434196	98.8202	1143	0.2595	435318	98.8184	8695	1.9738	3490	40.1380	2368	27.2340	2738	31.4894	3323	38.2174	114929	88.7757	128523	66.7063	0.9615
ESO1358304120S1K	ESO1358602120S1K	na	NZ_CP049075.1	1754511	1185765	67.5838	1184987	99.9344	1169560	98.6981	778	0.0656	1170310	98.6966	23502	1.9820	8047	34.2396	7303	31.0740	8045	34.2311	8223	34.9885	51874	100.0000	99829	52.4357	0.9638
ESO1358304120S1K	EST1212206101S1K	na	NZ_CP049075.1	1754511	1292988	73.6951	1292060	99.9282	1273012	98.5258	928	0.0718	1273903	98.5240	28531	2.2066	9446	33.1078	8564	30.0165	9838	34.4818	10236	35.8768	51874	77.3914	85446	58.0179	0.9662
ESO1358304120S1K	EST1212704101S1K	na	NZ_CP049075.1	1754511	1200922	68.4477	1200210	99.9407	1183632	98.6187	712	0.0593	1184323	98.6178	24661	2.0535	8062	32.6913	7382	29.9339	8711	35.3230	8693	35.2500	51874	77.3914	88279	56.4585	0.9646
ESO1358304120S1K	EST1232702101S1K	na	NZ_CP049075.1	1754511	1176608	67.0619	1175946	99.9437	1160581	98.6934	662	0.0563	1161224	98.6925	23053	1.9593	7669	33.2668	7026	30.4776	7892	34.2342	8238	35.7350	51874	100.0000	126535	44.0629	0.9490
ESO1358304120S1K	EST1232710101S1K	na	NZ_CP049075.1	1754511	1345040	76.6618	1343555	99.8896	1324980	98.6175	1485	0.1104	1326403	98.6144	28841	2.1442	10204	35.3802	8856	30.7063	9767	33.8650	10246	35.5258	51874	88.3872	115001	42.9840	0.9431
ESO1358304120S1K	EST1232905101S1K	na	NZ_CP049075.1	1754511	1288468	73.4374	1287779	99.9465	1269747	98.5998	689	0.0535	1270412	98.5986	26796	2.0797	8740	32.6168	8079	30.1500	9518	35.5202	9332	34.8261	51874	100.0000	90764	60.7675	0.9694
ESO1358304120S1K	EST1233822101S1K	na	NZ_CP049075.1	1754511	1224330	69.7818	1219411	99.5982	1205031	98.8207	4919	0.4018	1209890	98.8206	26362	2.1532	11922	45.2242	7069	26.8151	7851	29.7815	10492	39.7997	51874	85.3935	120979	44.6400	0.9448
ESO1358304120S1K	EST1233822201S1K	na	NZ_CP049075.1	1754511	1166125	66.4644	1164768	99.8836	1149271	98.6695	1357	0.1164	1150609	98.6694	24151	2.0710	8635	35.7542	7311	30.2720	7842	32.4707	9090	37.6382	51874	85.3935	142473	39.4706	0.9318
ESO1358304120S1K	EST1234702101S1K	na	NZ_CP049075.1	1754511	248427	14.1593	248372	99.9779	245033	98.6556	55	0.0221	245088	98.6559	4919	1.9801	1580	32.1203	1525	31.0022	1675	34.0516	1754	35.6577	51874	65.7786	100029	44.3121	0.9575
ESO1358304120S1K	EST1234704101S1K	na	NZ_CP049075.1	1754511	1428480	81.4176	1426713	99.8763	1406215	98.5633	1767	0.1237	1407930	98.5614	31690	2.2184	11140	35.1530	9477	29.9053	10581	33.3891	11711	36.9549	51874	34.2214	50396	38.4832	0.9494
ESO1358304120S1K	EST1236807101S1K	na	NZ_CP049075.1	1754511	1274917	72.6651	1274152	99.9400	1257964	98.7295	765	0.0600	1258703	98.7282	24583	1.9282	8369	34.0439	7638	31.0703	8765	35.6547	8284	33.6981	51874	85.3935	139782	45.8915	0.9397
ESO1358304120S1K	EST1237103201S1K	na	NZ_CP049075.1	1754511	1285316	73.2578	1283855	99.8863	1265934	98.6041	1461	0.1137	1267358	98.6028	27500	2.1396	9542	34.6982	8129	29.5600	8952	32.5527	10466	38.0582	51874	11.6128	83812	9.2994	0.9288
ESO1358304120S1K	EST1238001101S1K	na	NZ_CP049075.1	1754511	1055123	60.1377	1054505	99.9414	1040117	98.6356	618	0.0586	1040718	98.6348	21207	2.0099	6802	32.0743	6211	29.2875	8013	37.7847	7115	33.5502	51874	48.8279	20057	100.0000	0.9805
ESO1358304120S1K	EST1238002101S1K	na	NZ_CP049075.1	1754511	1338625	76.2962	1337083	99.8848	1318035	98.5754	1542	0.1152	1319524	98.5731	29413	2.1973	10312	35.0593	8888	30.2179	9975	33.9136	10577	35.9603	51874	100.0000	111899	44.5151	0.9565
ESO1358304120S1K	EST1241101101S1K	na	NZ_CP049075.1	1754511	1406693	80.1758	1404648	99.8546	1385417	98.6309	2045	0.1454	1387393	98.6280	30194	2.1465	10894	36.0800	8960	29.6748	10082	33.3907	10988	36.3913	51874	100.0000	116967	48.7291	0.9483
ESO1358304120S1K	EST1241104101S1K	na	NZ_CP049075.1	1754511	1312706	74.8189	1311792	99.9304	1294694	98.6966	914	0.0696	1295567	98.6944	24992	1.9039	7853	31.4221	7024	28.1050	10713	42.8657	7362	29.4574	51874	34.2214	93863	19.9205	0.9241
ESO1358304120S1K	EST1242101101S1K	na	NZ_CP049075.1	1754511	389729	22.2130	389575	99.9605	384334	98.6547	154	0.0395	384481	98.6534	7694	1.9742	2446	31.7910	2299	29.8804	2749	35.7291	2691	34.9753	51874	85.3935	107133	51.0310	0.9480
ESO1358304120S1K	EST1242103101S1K	na	NZ_CP049075.1	1754511	1110649	63.3025	1109864	99.9293	1095546	98.7099	785	0.0707	1096308	98.7088	21725	1.9561	7384	33.9885	6627	30.5040	7582	34.8999	7571	34.8493	51874	100.0000	123051	46.7660	0.9452
ESO1358304120S1K	EST1242207101S1K	na	NZ_CP049075.1	1754511	721353	41.1142	721101	99.9651	712379	98.7905	252	0.0349	712622	98.7896	13173	1.8262	4442	33.7205	4199	31.8758	4522	34.3278	4518	34.2974	51874	100.0000	140321	51.6024	0.9478
ESO1358304120S1K	EST1242209101S1K	na	NZ_CP049075.1	1754511	1104998	62.9804	1103925	99.9029	1089842	98.7243	1073	0.0971	1090885	98.7228	21804	1.9732	7691	35.2733	6651	30.5036	7254	33.2691	7899	36.2273	51874	73.7807	127907	29.2736	0.9330
ESO1358304120S1K	EST1242704101S1K	na	NZ_CP049075.1	1754511	1438536	81.9907	1425439	99.0896	1411818	99.0444	13097	0.9104	1424757	99.0422	34113	2.3714	20334	59.6078	7447	21.8304	8992	26.3595	14219	41.6821	51874	77.3914	84615	50.7002	0.9646
ESO1358304120S1K	EST1242801101S1K	na	NZ_CP049075.1	1754511	1349925	76.9402	1348503	99.8947	1331286	98.7233	1422	0.1053	1332676	98.7222	26810	1.9860	9561	35.6621	8233	30.7087	9459	35.2816	9121	34.0209	51874	100.0000	106954	38.5259	0.9384
ESO1358304120S1K	EST1242802101S1K	na	NZ_CP049075.1	1754511	1334762	76.0760	1331622	99.7648	1314220	98.6932	3140	0.2352	1317320	98.6933	28629	2.1449	11187	39.0758	8111	28.3314	9380	32.7640	10599	37.0219	51874	48.8279	77610	30.5760	0.9413
ESO1358304120S1K	EST1242804101S1K	na	NZ_CP049075.1	1754511	1356233	77.2998	1350279	99.5610	1334897	98.8608	5954	0.4390	1340781	98.8607	29132	2.1480	13680	46.9587	7814	26.8227	9042	31.0380	10933	37.5292	51874	85.3935	69079	62.1694	0.9736
ESO1358304120S1K	EST1242805101S1K	na	NZ_CP049075.1	1754511	1250818	71.2915	1250059	99.9393	1233553	98.6796	759	0.0607	1234283	98.6781	24822	1.9845	8287	33.3857	7562	30.4649	8423	33.9336	8936	36.0003	51874	100.0000	153813	46.4291	0.9397
ESO1358304120S1K	EST1247101101S1K	na	NZ_CP049075.1	1754511	896498	51.0967	895969	99.9410	884277	98.6950	529	0.0590	884792	98.6943	17432	1.9445	5726	32.8476	5212	29.8990	6068	34.8095	6234	35.7618	51874	77.3914	120859	41.4773	0.9460
ESO1358304120S1K	EST1247106101S1K	na	NZ_CP049075.1	1754511	1345857	76.7084	1344474	99.8972	1324914	98.5452	1383	0.1028	1326230	98.5417	29890	2.2209	10263	34.3359	8987	30.0669	10480	35.0619	10503	35.1388	51874	100.0000	106665	66.6910	0.9671
ESO1358304120S1K	EST1247109101S1K	na	NZ_CP049075.1	1754511	1397991	79.6798	1396607	99.9010	1377747	98.6496	1384	0.0990	1379066	98.6463	28957	2.0713	10032	34.6445	8790	30.3554	10233	35.3386	10000	34.5340	51874	85.3935	129147	49.3198	0.9459
ESO1358304120S1K	EST1247203101S1K	na	NZ_CP049075.1	1754511	1206549	68.7684	1204914	99.8645	1189158	98.6924	1635	0.1355	1190748	98.6904	24902	2.0639	9101	36.5473	7559	30.3550	8396	33.7162	8941	35.9047	51874	100.0000	93469	62.0848	0.9623
ESO1358304120S1K	EST1247206101S1K	na	NZ_CP049075.1	1754511	1215465	69.2766	1214444	99.9160	1197647	98.6169	1021	0.0840	1198619	98.6140	25544	2.1016	8698	34.0510	7748	30.3320	9008	35.2646	8880	34.7635	51874	100.0000	127972	43.1235	0.9420
ESO1358304120S1K	EST1254306101S1K	na	NZ_CP049075.1	1754511	170438	9.7143	170367	99.9583	168353	98.8178	71	0.0417	168421	98.8166	2944	1.7273	927	31.4878	859	29.1780	1324	44.9728	772	26.2228	51874	0.0000	76013	0.0000	0.9415
ESO1358304120S1K	EST1256811101S1K	na	NZ_CP049075.1	1754511	1175387	66.9923	1174606	99.9336	1159761	98.7362	781	0.0664	1160513	98.7345	22634	1.9257	7760	34.2847	7009	30.9667	8048	35.5571	7700	34.0196	51874	85.3935	139306	45.8580	0.9400
ESO1358304120S1K	EST1350502101S1K	na	NZ_CP049075.1	1754511	674014	38.4161	672829	99.8242	665132	98.8560	1185	0.1758	666299	98.8554	12486	1.8525	4771	38.2108	3608	28.8964	4244	33.9901	4440	35.5598	51874	62.7848	126094	30.5018	0.9312
ESO1358304120S1K	EST1350510101S1K	na	NZ_CP049075.1	1754511	1114140	63.5015	1112965	99.8945	1097027	98.5680	1175	0.1055	1098153	98.5651	24491	2.1982	8504	34.7230	7401	30.2193	8205	33.5021	8922	36.4297	51874	100.0000	117862	48.7842	0.9483
ESO1358304120S1K	EST1350804101S1K	na	NZ_CP049075.1	1754511	1394136	79.4601	1391466	99.8085	1370798	98.5147	2670	0.1915	1373375	98.5108	32461	2.3284	11700	36.0433	9197	28.3325	10565	32.5467	12485	38.4615	51874	85.3935	75045	71.6650	0.9687
ESO1358304120S1K	EST1350807101S1K	na	NZ_CP049075.1	1754511	1316835	75.0542	1316062	99.9413	1298600	98.6732	773	0.0587	1299350	98.6722	26511	2.0132	9026	34.0462	8300	31.3078	8895	33.5521	9406	35.4796	51874	100.0000	134701	45.7398	0.9423
ESO1358304120S1K	EST1356604101S1K	na	NZ_CP049075.1	1754511	1331919	75.9140	1330315	99.8796	1312907	98.6914	1604	0.1204	1314462	98.6893	27379	2.0556	9922	36.2395	8392	30.6512	8995	32.8536	9937	36.2942	51874	37.2152	91591	31.8383	0.9393
ESO1358304120S1K	EST1356611101S1K	na	NZ_CP049075.1	1754511	848679	48.3713	848092	99.9308	836333	98.6135	587	0.0692	836908	98.6130	17450	2.0561	5679	32.5444	5112	29.2951	6256	35.8510	6151	35.2493	51874	22.6086	57584	34.9073	0.9507
ESO1358304120S1K	EST1357103101S1K	na	NZ_CP049075.1	1754511	944008	53.8046	943622	99.9591	931764	98.7434	386	0.0409	932138	98.7426	17453	1.8488	5583	31.9888	5209	29.8459	6395	36.6413	5930	33.9770	51874	100.0000	133245	42.7461	0.9405
ESO1358304120S1K	EST1357107101S1K	na	NZ_CP049075.1	1754511	1384384	78.9043	1382564	99.8685	1361905	98.5057	1820	0.1315	1363640	98.5016	31705	2.2902	10961	34.5718	9294	29.3140	10859	34.2501	11547	36.4201	51874	88.3872	78769	54.4427	0.9681
ESO1358304120S1K	EST1358301101S1K	na	NZ_CP049075.1	1754511	808109	46.0589	807743	99.9547	797033	98.6741	366	0.0453	797389	98.6734	16188	2.0032	5468	33.7781	5116	31.6037	5560	34.3464	5605	34.6244	51874	77.3914	94377	53.0076	0.9611
ESO1358304120S1K	EST1358301201S1K	na	NZ_CP049075.1	1754511	1315318	74.9678	1314401	99.9303	1296056	98.6043	917	0.0697	1296940	98.6028	27805	2.1139	9427	33.9040	8554	30.7643	9420	33.8788	9948	35.7777	51874	100.0000	102933	53.7078	0.9623
ESO1358304120S1K	EST1358302101S1K	na	NZ_CP049075.1	1754511	839873	47.8693	839459	99.9507	828557	98.7013	414	0.0493	828960	98.7006	16148	1.9227	5235	32.4189	4832	29.9232	5623	34.8216	5733	35.5028	51874	77.3914	133967	37.6488	0.9384
ESO1358304120S1K	EST1358602101S1K	na	NZ_CP049075.1	1754511	471025	26.8465	470796	99.9514	464689	98.7028	229	0.0486	464913	98.7024	9033	1.9177	2921	32.3370	2697	29.8572	3159	34.9718	3211	35.5474	51874	65.7786	80640	49.4730	0.9619
ESO1358304120S1K	EST1359005101S1K	na	NZ_CP049075.1	1754511	1338658	76.2981	1336080	99.8074	1318797	98.7064	2578	0.1926	1321335	98.7059	28002	2.0918	10679	38.1366	8151	29.1086	9208	32.8834	10335	36.9081	51874	85.3935	136370	41.8714	0.9355
ESO1358304120S1K	EST1359006101S1K	na	NZ_CP049075.1	1754511	563718	32.1296	563295	99.9250	556006	98.7060	423	0.0750	556419	98.7052	11040	1.9584	3741	33.8859	3328	30.1449	3937	35.6612	3765	34.1033	51874	85.3935	151742	34.5244	0.9173
ESO1358304120S1K	EST1359007101S1K	na	NZ_CP049075.1	1754511	1346884	76.7669	1345762	99.9167	1328252	98.6989	1122	0.0833	1329350	98.6982	26873	1.9952	9339	34.7524	8253	30.7111	9283	34.5440	9388	34.9347	51874	100.0000	147634	48.5078	0.9434
ESO1358304120S1K	EST1361001101S1K	na	NZ_CP049075.1	1754511	1150031	65.5471	1149409	99.9459	1135173	98.7615	622	0.0541	1135776	98.7605	21688	1.8859	7433	34.2724	6838	31.5290	7619	35.1300	7309	33.7007	51874	100.0000	155104	43.8138	0.9392
ESO1358304120S1K	EST1361002101S1K	na	NZ_CP049075.1	1754511	1389098	79.1729	1387261	99.8678	1367967	98.6092	1837	0.1322	1369739	98.6064	30109	2.1675	10750	35.7036	9005	29.9080	10003	33.2226	11047	36.6900	51874	100.0000	120862	50.1597	0.9501
ESO1358304120S1K	EST1361007101S1K	na	NZ_CP049075.1	1754511	1406031	80.1381	1404056	99.8595	1384541	98.6101	1975	0.1405	1386452	98.6075	30404	2.1624	10825	35.6039	8977	29.5257	10211	33.5844	11184	36.7846	51874	85.3935	126515	40.0703	0.9466
ESO1358304120S1K	EST2359005102S1K	na	NZ_CP049075.1	1754511	1323719	75.4466	1319584	99.6876	1302532	98.7078	4135	0.3124	1306587	98.7058	29172	2.2038	12040	41.2725	8060	27.6292	9268	31.7702	10989	37.6697	51874	85.3935	128523	44.2769	0.9401
ESO1358602120S1K	EST1212206101S1K	na	NZ_CP049075.1	1754511	1077432	61.4092	1076929	99.9533	1063116	98.7174	503	0.0467	1063608	98.7169	21419	1.9880	7595	35.4592	7123	33.2555	6891	32.1724	7474	34.8943	99829	47.1426	85446	58.0179	0.9461
ESO1358602120S1K	EST1212704101S1K	na	NZ_CP049075.1	1754511	1046123	59.6248	1045617	99.9516	1032983	98.7917	506	0.0484	1033484	98.7918	19633	1.8767	6994	35.6237	6513	33.1737	6494	33.0770	6660	33.9225	99829	47.1426	88279	56.4585	0.9447
ESO1358602120S1K	EST1232702101S1K	na	NZ_CP049075.1	1754511	1028470	58.6186	1027992	99.9535	1015412	98.7763	478	0.0465	1015883	98.7761	19214	1.8682	6627	34.4905	6156	32.0391	6524	33.9544	6583	34.2615	99829	88.6215	126535	71.7209	0.9683
ESO1358602120S1K	EST1232710101S1K	na	NZ_CP049075.1	1754511	1138944	64.9152	1138273	99.9411	1123640	98.7145	671	0.0589	1124293	98.7136	22583	1.9828	7932	35.1238	7288	32.2721	7621	33.7466	7667	33.9503	99829	76.6260	115001	64.2394	0.9595
ESO1358602120S1K	EST1232905101S1K	na	NZ_CP049075.1	1754511	1113633	63.4726	1113141	99.9558	1099490	98.7737	492	0.0442	1099972	98.7733	21225	1.9059	7564	35.6372	7082	33.3663	6989	32.9282	7195	33.8987	99829	57.5214	90764	66.3358	0.9549
ESO1358602120S1K	EST1233822101S1K	na	NZ_CP049075.1	1754511	1076961	61.3824	1072567	99.5920	1061007	98.9222	4394	0.4080	1065364	98.9232	22239	2.0650	10642	47.8529	6304	28.3466	6352	28.5624	8612	38.7248	99829	76.1703	120979	67.1844	0.9563
ESO1358602120S1K	EST1233822201S1K	na	NZ_CP049075.1	1754511	1026359	58.4983	1025261	99.8930	1012517	98.7570	1098	0.1070	1013599	98.7568	20540	2.0012	7780	37.8773	6698	32.6095	6438	31.3437	7450	36.2707	99829	82.4770	142473	60.2381	0.9533
ESO1358602120S1K	EST1234702101S1K	na	NZ_CP049075.1	1754511	226741	12.9233	226677	99.9718	224011	98.8239	64	0.0282	224075	98.8242	4093	1.8051	1427	34.8644	1363	33.3008	1368	33.4229	1364	33.3252	99829	39.2191	100029	44.3121	0.9506
ESO1358602120S1K	EST1234704101S1K	na	NZ_CP049075.1	1754511	1203813	68.6125	1202584	99.8979	1187867	98.7762	1229	0.1021	1189069	98.7752	23809	1.9778	9065	38.0738	7873	33.0673	7504	31.5175	8398	35.2724	99829	7.9235	50396	21.6823	0.9230
ESO1358602120S1K	EST1236807101S1K	na	NZ_CP049075.1	1754511	1117798	63.7099	1117302	99.9556	1103757	98.7877	496	0.0444	1104246	98.7876	20775	1.8586	7223	34.7677	6743	32.4573	7364	35.4465	6686	32.1829	99829	81.2559	139782	74.4545	0.9520
ESO1358602120S1K	EST1237103201S1K	na	NZ_CP049075.1	1754511	1110830	63.3128	1109743	99.9021	1095505	98.7170	1087	0.0979	1096576	98.7168	22618	2.0361	8364	36.9794	7296	32.2575	7077	31.2892	8276	36.5903	99829	50.4162	83812	64.3536	0.9469
ESO1358602120S1K	EST1238001101S1K	na	NZ_CP049075.1	1754511	922115	52.5568	921648	99.9494	910231	98.7612	467	0.0506	910690	98.7610	17180	1.8631	5755	33.4983	5297	30.8324	6272	36.5076	5673	33.0210	99829	20.5822	20057	100.0000	0.9579
ESO1358602120S1K	EST1238002101S1K	na	NZ_CP049075.1	1754511	1135508	64.7193	1134739	99.9323	1122904	98.9570	769	0.0677	1123657	98.9563	21372	1.8822	9521	44.5489	8780	41.0818	6158	28.8134	6365	29.7820	99829	89.8426	111899	75.7424	0.9743
ESO1358602120S1K	EST1241101101S1K	na	NZ_CP049075.1	1754511	1202259	68.5239	1200976	99.8933	1186580	98.8013	1283	0.1067	1187827	98.7996	23665	1.9684	9233	39.0154	7994	33.7798	7458	31.5149	8061	34.0630	99829	78.2428	116967	65.1432	0.9610
ESO1358602120S1K	EST1241104101S1K	na	NZ_CP049075.1	1754511	1124639	64.0999	1124083	99.9506	1109679	98.7186	556	0.0494	1110216	98.7175	20541	1.8265	6118	29.7843	5590	27.2139	9045	44.0339	5960	29.0151	99829	39.0237	93863	44.8377	0.9305
ESO1358602120S1K	EST1242101101S1K	na	NZ_CP049075.1	1754511	346587	19.7541	346461	99.9636	342393	98.8258	126	0.0364	342518	98.8260	6309	1.8203	2240	35.5048	2115	33.5235	2127	33.7137	2078	32.9371	99829	39.7770	107133	40.5571	0.9465
ESO1358602120S1K	EST1242103101S1K	na	NZ_CP049075.1	1754511	975352	55.5911	974820	99.9455	963351	98.8235	532	0.0545	963875	98.8233	18190	1.8650	6713	36.9049	6190	34.0297	5987	32.9137	6009	33.0346	99829	78.2428	123051	66.1084	0.9640
ESO1358602120S1K	EST1242207101S1K	na	NZ_CP049075.1	1754511	662456	37.7573	662226	99.9653	654600	98.8484	230	0.0347	654822	98.8476	11868	1.7915	4234	35.6758	4012	33.8052	4068	34.2770	3828	32.2548	99829	83.5358	140321	74.2761	0.9590
ESO1358602120S1K	EST1242209101S1K	na	NZ_CP049075.1	1754511	978174	55.7519	977281	99.9087	965812	98.8264	893	0.0913	966698	98.8268	18416	1.8827	6940	37.6846	6055	32.8790	5966	32.3957	6313	34.2800	99829	74.5535	127907	62.2007	0.9587
ESO1358602120S1K	EST1242704101S1K	na	NZ_CP049075.1	1754511	1223673	69.7444	1212919	99.1212	1202451	99.1370	10754	0.8788	1213108	99.1366	27429	2.2415	16864	61.4824	6265	22.8408	6758	24.6382	11432	41.6785	99829	84.5496	84615	100.0000	0.9854
ESO1358602120S1K	EST1242801101S1K	na	NZ_CP049075.1	1754511	1165876	66.4502	1164771	99.9052	1150362	98.7629	1105	0.0948	1151452	98.7628	22305	1.9132	7881	35.3329	6808	30.5223	7940	35.5974	7513	33.6830	99829	83.5358	106954	60.6822	0.9481
ESO1358602120S1K	EST1242802101S1K	na	NZ_CP049075.1	1754511	1143511	65.1755	1141137	99.7924	1127986	98.8476	2374	0.2076	1130334	98.8477	22813	1.9950	9636	42.2391	7306	32.0256	6917	30.3204	8031	35.2036	99829	46.3893	77610	55.2648	0.9459
ESO1358602120S1K	EST1242804101S1K	na	NZ_CP049075.1	1754511	1163806	66.3322	1158826	99.5721	1146379	98.9259	4980	0.4279	1151316	98.9268	23714	2.0376	11224	47.3307	6303	26.5792	7231	30.4925	8868	37.3956	99829	45.0701	69079	62.1694	0.9511
ESO1358602120S1K	EST1242805101S1K	na	NZ_CP049075.1	1754511	1099221	62.6511	1098640	99.9471	1085255	98.7817	581	0.0529	1085824	98.7812	20911	1.9023	7514	35.9332	6960	33.2839	6873	32.8679	7124	34.0682	99829	94.9283	153813	76.8973	0.9606
ESO1358602120S1K	EST1247101101S1K	na	NZ_CP049075.1	1754511	789086	44.9747	788725	99.9543	779212	98.7939	361	0.0457	779566	98.7935	14691	1.8618	5171	35.1984	4819	32.8024	4995	34.0004	4910	33.4218	99829	78.2428	120859	70.0229	0.9686
ESO1358602120S1K	EST1247106101S1K	na	NZ_CP049075.1	1754511	1112698	63.4193	1112015	99.9386	1098446	98.7798	683	0.0614	1099097	98.7777	21630	1.9439	8029	37.1197	7395	34.1886	7102	32.8340	7114	32.8895	99829	52.4357	106665	66.6910	0.9395
ESO1358602120S1K	EST1247109101S1K	na	NZ_CP049075.1	1754511	1192655	67.9765	1191868	99.9340	1176866	98.7413	787	0.0660	1177628	98.7400	23054	1.9330	8027	34.8183	7292	31.6301	8150	35.3518	7609	33.0051	99829	76.1703	129147	72.5298	0.9520
ESO1358602120S1K	EST1247203101S1K	na	NZ_CP049075.1	1754511	1050362	59.8664	1049201	99.8895	1039026	99.0302	1161	0.1105	1040170	99.0297	19403	1.8473	9211	47.4720	8074	41.6121	5440	28.0369	5782	29.7995	99829	63.8312	93469	55.6987	0.9475
ESO1358602120S1K	EST1247206101S1K	na	NZ_CP049075.1	1754511	1023401	58.3297	1022836	99.9448	1010043	98.7493	565	0.0552	1010584	98.7476	20057	1.9598	7240	36.0971	6705	33.4297	6756	33.6840	6624	33.0259	99829	84.5496	127972	67.1327	0.9609
ESO1358602120S1K	EST1254306101S1K	na	NZ_CP049075.1	1754511	153539	8.7511	153492	99.9694	151660	98.8065	47	0.0306	151706	98.8062	2576	1.6777	743	28.8432	697	27.0575	1166	45.2640	719	27.9115	99829	31.1002	76013	51.1610	0.9386
ESO1358602120S1K	EST1256811101S1K	na	NZ_CP049075.1	1754511	1036434	59.0725	1035893	99.9478	1023130	98.7679	541	0.0522	1023661	98.7676	19470	1.8786	6697	34.3965	6184	31.7617	6957	35.7319	6349	32.6091	99829	81.2559	139306	74.3694	0.9521
ESO1358602120S1K	EST1350502101S1K	na	NZ_CP049075.1	1754511	603158	34.3776	602109	99.8261	596139	99.0085	1049	0.1739	597174	99.0079	10493	1.7397	4509	42.9715	3483	33.1936	3303	31.4781	3463	33.0030	99829	70.8772	126094	59.1321	0.9607
ESO1358602120S1K	EST1350510101S1K	na	NZ_CP049075.1	1754511	923157	52.6162	922584	99.9379	913016	98.9629	573	0.0621	913569	98.9614	17663	1.9133	8075	45.7170	7545	42.7164	4884	27.6510	5205	29.4684	99829	78.2428	117862	65.0447	0.9585
ESO1358602120S1K	EST1350804101S1K	na	NZ_CP049075.1	1754511	1167372	66.5355	1165690	99.8559	1150370	98.6858	1682	0.1441	1152025	98.6853	24443	2.0938	9096	37.2131	7456	30.5036	7530	30.8064	9175	37.5363	99829	45.0701	75045	57.3483	0.9480
ESO1358602120S1K	EST1350807101S1K	na	NZ_CP049075.1	1754511	1152908	65.7111	1152382	99.9544	1137941	98.7469	526	0.0456	1138453	98.7462	22345	1.9381	7890	35.3099	7379	33.0230	7382	33.0365	7597	33.9987	99829	94.9283	134701	69.1984	0.9699
ESO1358602120S1K	EST1356604101S1K	na	NZ_CP049075.1	1754511	1149312	65.5061	1148171	99.9007	1133639	98.7343	1141	0.0993	1134764	98.7342	22617	1.9679	8069	35.6767	6950	30.7291	7503	33.1742	8093	35.7828	99829	50.0656	91591	73.1666	0.9462
ESO1358602120S1K	EST1356611101S1K	na	NZ_CP049075.1	1754511	739358	42.1404	738917	99.9404	730098	98.8065	441	0.0596	730534	98.8065	13805	1.8672	4981	36.0811	4548	32.9446	4539	32.8794	4709	34.1108	99829	11.5998	57584	46.1986	0.9260
ESO1358602120S1K	EST1357103101S1K	na	NZ_CP049075.1	1754511	847178	48.2857	846866	99.9632	836523	98.7787	312	0.0368	836832	98.7788	15392	1.8169	5046	32.7833	4737	30.7757	5681	36.9088	5000	32.4844	99829	83.3145	133245	64.6606	0.9589
ESO1358602120S1K	EST1357107101S1K	na	NZ_CP049075.1	1754511	1145118	65.2671	1144162	99.9165	1130222	98.7816	956	0.0835	1131149	98.7801	22769	1.9884	8800	38.6490	7877	34.5953	7062	31.0159	7745	34.0155	99829	44.5121	78769	54.4427	0.9458
ESO1358602120S1K	EST1358301101S1K	na	NZ_CP049075.1	1754511	709917	40.4624	709595	99.9546	701174	98.8133	322	0.0454	701491	98.8131	13057	1.8392	4631	35.4676	4314	33.0397	4345	33.2772	4387	33.5988	99829	47.1426	94377	53.0076	0.9500
ESO1358602120S1K	EST1358301201S1K	na	NZ_CP049075.1	1754511	1128107	64.2975	1127479	99.9443	1113673	98.7755	628	0.0557	1114292	98.7754	21544	1.9097	7729	35.8754	7110	33.0022	7110	33.0022	7363	34.1766	99829	57.5214	102933	58.6003	0.9478
ESO1358602120S1K	EST1358302101S1K	na	NZ_CP049075.1	1754511	759622	43.2954	759299	99.9575	750095	98.7878	323	0.0425	750414	98.7878	14057	1.8505	4849	34.4953	4530	32.2259	4744	33.7483	4817	34.2676	99829	83.3145	133967	67.6585	0.9613
ESO1358602120S1K	EST1358602101S1K	na	NZ_CP049075.1	1754511	422363	24.0730	422194	99.9600	422138	99.9867	169	0.0400	422307	99.9867	5281	1.2503	5225	98.9396	5064	95.8909	96	1.8178	55	1.0415	99829	63.6078	80640	80.1252	0.9809
ESO1358602120S1K	EST1359005101S1K	na	NZ_CP049075.1	1754511	1160737	66.1573	1158788	99.8321	1144709	98.7850	1949	0.1679	1146630	98.7847	22980	1.9798	8873	38.6118	6952	30.2524	7381	32.1192	8324	36.2228	99829	82.4770	136370	61.5275	0.9567
ESO1358602120S1K	EST1359006101S1K	na	NZ_CP049075.1	1754511	499555	28.4726	499314	99.9518	493163	98.7681	241	0.0482	493402	98.7683	9312	1.8641	3159	33.9240	2921	31.3681	3239	34.7831	3154	33.8703	99829	77.1840	151742	56.0517	0.9436
ESO1358602120S1K	EST1359007101S1K	na	NZ_CP049075.1	1754511	1163906	66.3379	1163042	99.9258	1148242	98.7275	864	0.0742	1149090	98.7270	22451	1.9289	7635	34.0074	6788	30.2347	7918	35.2679	7771	34.6132	99829	89.8426	147634	77.1435	0.9587
ESO1358602120S1K	EST1361001101S1K	na	NZ_CP049075.1	1754511	1024779	58.4082	1024300	99.9533	1011384	98.7390	479	0.0467	1011855	98.7389	19150	1.8687	6226	32.5117	5756	30.0574	6884	35.9478	6524	34.0679	99829	89.8426	155104	71.1606	0.9518
ESO1358602120S1K	EST1361002101S1K	na	NZ_CP049075.1	1754511	1187466	67.6807	1186331	99.9044	1171726	98.7689	1135	0.0956	1172838	98.7681	23582	1.9859	8954	37.9696	7868	33.3644	7442	31.5580	8187	34.7172	99829	83.5358	120862	66.1904	0.9632
ESO1358602120S1K	EST1361007101S1K	na	NZ_CP049075.1	1754511	1197887	68.2747	1196627	99.8948	1181825	98.7630	1260	0.1052	1183052	98.7616	23854	1.9913	9019	37.8092	7817	32.7702	7677	32.1833	8273	34.6818	99829	82.4770	126515	73.3960	0.9625
ESO1358602120S1K	EST2359005102S1K	na	NZ_CP049075.1	1754511	1126420	64.2014	1123273	99.7206	1109875	98.8072	3147	0.2794	1112964	98.8054	23208	2.0603	9752	42.0200	6686	28.8090	7174	30.9118	8597	37.0433	99829	82.4770	128523	64.9650	0.9611
EST1212206101S1K	EST1212704101S1K	na	NZ_CP049075.1	1754511	1112318	63.3976	1111824	99.9556	1110491	99.8801	494	0.0444	1110984	99.8801	16110	1.4483	14776	91.7194	14332	88.9634	809	5.0217	888	5.5121	85446	100.0000	88279	100.0000	0.9983
EST1212206101S1K	EST1232702101S1K	na	NZ_CP049075.1	1754511	1082934	61.7228	1082494	99.9594	1074430	99.2551	440	0.0406	1074862	99.2546	18571	1.7149	10499	56.5344	10068	54.2136	4339	23.3644	4190	22.5621	85446	100.0000	126535	67.7923	0.9751
EST1212206101S1K	EST1232710101S1K	na	NZ_CP049075.1	1754511	1259614	71.7929	1258431	99.9061	1240747	98.5948	1183	0.0939	1241871	98.5914	27369	2.1728	9626	35.1712	8528	31.1593	9577	34.9921	9230	33.7243	85446	87.2551	115001	69.4055	0.9639
EST1212206101S1K	EST1232905101S1K	na	NZ_CP049075.1	1754511	1190526	67.8551	1190059	99.9608	1183180	99.4220	467	0.0392	1183642	99.4218	20131	1.6909	13247	65.8040	12796	63.5637	3828	19.0154	3512	17.4457	85446	93.4754	90764	88.3302	0.9901
EST1212206101S1K	EST1233822101S1K	na	NZ_CP049075.1	1754511	1158477	66.0285	1154006	99.6141	1140205	98.8041	4471	0.3859	1144637	98.8053	25364	2.1894	11524	45.4345	7099	27.9885	7762	30.6024	9609	37.8844	85446	91.6520	120979	65.7701	0.9670
EST1212206101S1K	EST1233822201S1K	na	NZ_CP049075.1	1754511	1112186	63.3901	1111082	99.9007	1096139	98.6551	1104	0.0993	1097218	98.6542	23518	2.1146	8550	36.3551	7477	31.7927	7795	33.1448	8386	35.6578	85446	91.6520	142473	57.4635	0.9575
EST1212206101S1K	EST1234702101S1K	na	NZ_CP049075.1	1754511	206677	11.7797	206638	99.9811	205447	99.4236	39	0.0189	205486	99.4237	3377	1.6340	2186	64.7320	2147	63.5771	661	19.5736	574	16.9973	85446	80.7305	100029	81.5963	0.9774
EST1212206101S1K	EST1234704101S1K	na	NZ_CP049075.1	1754511	1315764	74.9932	1314365	99.8937	1295842	98.5907	1399	0.1063	1297202	98.5893	29236	2.2220	10674	36.5098	9334	31.9264	9604	32.8499	10306	35.2511	85446	54.7270	50396	87.8264	0.9689
EST1212206101S1K	EST1236807101S1K	na	NZ_CP049075.1	1754511	1170459	66.7114	1169999	99.9607	1154551	98.6797	460	0.0393	1154992	98.6786	23195	1.9817	7728	33.3175	7292	31.4378	8610	37.1201	7419	31.9853	85446	91.6520	139782	71.4370	0.9587
EST1212206101S1K	EST1237103201S1K	na	NZ_CP049075.1	1754511	1209138	68.9160	1207996	99.9056	1194023	98.8433	1142	0.0944	1195142	98.8425	24806	2.0515	10810	43.5782	9706	39.1276	7192	28.9930	7981	32.1737	85446	48.2024	83812	44.9458	0.9444
EST1212206101S1K	EST1238001101S1K	na	NZ_CP049075.1	1754511	945271	53.8766	944894	99.9601	932733	98.7130	377	0.0399	933102	98.7126	18623	1.9701	6454	34.6561	6089	32.6961	6695	35.9502	5941	31.9014	85446	21.0929	20057	71.2170	0.9549
EST1212206101S1K	EST1238002101S1K	na	NZ_CP049075.1	1754511	1255516	71.5593	1254311	99.9040	1237304	98.6441	1205	0.0960	1238448	98.6406	27225	2.1684	10157	37.3076	9041	33.2084	9128	33.5280	9086	33.3737	85446	93.4754	111899	64.0310	0.9672
EST1212206101S1K	EST1241101101S1K	na	NZ_CP049075.1	1754511	1298652	74.0179	1296927	99.8672	1279343	98.6442	1725	0.1328	1281020	98.6423	28289	2.1783	10657	37.6719	9023	31.8958	9446	33.3911	9632	34.0486	85446	100.0000	116967	74.3945	0.9767
EST1212206101S1K	EST1241104101S1K	na	NZ_CP049075.1	1754511	1235504	70.4187	1234747	99.9387	1217991	98.6430	757	0.0613	1218715	98.6411	24366	1.9722	7577	31.0966	6861	28.1581	10745	44.0983	6827	28.0186	85446	54.7270	93863	57.1940	0.9455
EST1212206101S1K	EST1242101101S1K	na	NZ_CP049075.1	1754511	339145	19.3299	339049	99.9717	335495	98.9518	96	0.0283	335589	98.9515	6251	1.8432	2695	43.1131	2602	41.6253	1842	29.4673	1831	29.2913	85446	91.6520	107133	87.4380	0.9795
EST1212206101S1K	EST1242103101S1K	na	NZ_CP049075.1	1754511	1014511	57.8230	1014002	99.9498	1001122	98.7298	509	0.0502	1001624	98.7297	19943	1.9658	7056	35.3808	6556	32.8737	7023	35.2154	6445	32.3171	85446	100.0000	123051	71.8223	0.9736
EST1212206101S1K	EST1242207101S1K	na	NZ_CP049075.1	1754511	636683	36.2883	636495	99.9705	628765	98.7855	188	0.0295	628950	98.7854	11921	1.8724	4188	35.1313	4003	33.5794	4206	35.2823	3783	31.7339	85446	100.0000	140321	77.3263	0.9639
EST1212206101S1K	EST1242209101S1K	na	NZ_CP049075.1	1754511	1004105	57.2299	1003381	99.9279	990813	98.7474	724	0.0721	991524	98.7470	19893	1.9812	7312	36.7566	6603	33.1926	6603	33.1926	6701	33.6852	85446	78.9071	127907	57.7732	0.9532
EST1212206101S1K	EST1242704101S1K	na	NZ_CP049075.1	1754511	1290350	73.5447	1279006	99.1209	1266419	99.0159	11344	0.8791	1277625	99.0138	30857	2.3914	18132	58.7614	6937	22.4811	8341	27.0311	12583	40.7784	85446	58.0179	84615	50.7002	0.9508
EST1212206101S1K	EST1242801101S1K	na	NZ_CP049075.1	1754511	1240731	70.7166	1239691	99.9162	1223150	98.6657	1040	0.0838	1224173	98.6655	25334	2.0419	8776	34.6412	7755	30.6110	9290	36.6701	8316	32.8255	85446	100.0000	106954	62.6503	0.9530
EST1212206101S1K	EST1242802101S1K	na	NZ_CP049075.1	1754511	1253096	71.4214	1250327	99.7790	1234119	98.7037	2769	0.2210	1236859	98.7042	27151	2.1667	10914	40.1974	8184	30.1425	8981	33.0780	9469	34.8753	85446	63.0749	77610	61.4508	0.9542
EST1212206101S1K	EST1242804101S1K	na	NZ_CP049075.1	1754511	1249808	71.2340	1244631	99.5858	1229586	98.7912	5177	0.4142	1234704	98.7915	27521	2.2020	12417	45.1183	7307	26.5506	8891	32.3062	10099	36.6956	85446	85.1274	69079	92.3160	0.9784
EST1212206101S1K	EST1242805101S1K	na	NZ_CP049075.1	1754511	1146449	65.3429	1145900	99.9521	1130922	98.6929	549	0.0479	1131454	98.6920	23137	2.0181	8142	35.1904	7628	32.9688	7992	34.5421	7639	33.0164	85446	100.0000	153813	69.5318	0.9590
EST1212206101S1K	EST1247101101S1K	na	NZ_CP049075.1	1754511	817568	46.5981	817232	99.9589	812885	99.4681	336	0.0411	813218	99.4679	12959	1.5851	8609	66.4326	8288	63.9556	2375	18.3270	2306	17.7946	85446	100.0000	120859	71.4543	0.9752
EST1212206101S1K	EST1247106101S1K	na	NZ_CP049075.1	1754511	1265760	72.1432	1264721	99.9179	1247761	98.6590	1039	0.0821	1248758	98.6568	27357	2.1613	10355	37.8514	9428	34.4628	9159	33.4795	8760	32.0211	85446	100.0000	106665	100.0000	0.9871
EST1212206101S1K	EST1247109101S1K	na	NZ_CP049075.1	1754511	1283186	73.1364	1282206	99.9236	1264193	98.5952	980	0.0764	1265114	98.5916	27286	2.1264	9214	33.7682	8348	30.5944	10080	36.9420	8966	32.8593	85446	91.6520	129147	76.7900	0.9649
EST1212206101S1K	EST1247203101S1K	na	NZ_CP049075.1	1754511	1151700	65.6422	1150284	99.8771	1135542	98.7184	1416	0.1229	1136921	98.7168	23921	2.0770	9142	38.2175	7782	32.5321	8065	33.7151	8067	33.7235	85446	100.0000	93469	94.4003	0.9875
EST1212206101S1K	EST1247206101S1K	na	NZ_CP049075.1	1754511	1171463	66.7686	1170687	99.9338	1154413	98.6099	776	0.0662	1155137	98.6064	24947	2.1296	8621	34.5573	7926	31.7714	8979	35.9923	8166	32.7334	85446	100.0000	127972	67.5640	0.9631
EST1212206101S1K	EST1254306101S1K	na	NZ_CP049075.1	1754511	152686	8.7025	152654	99.9790	150693	98.7154	32	0.0210	150724	98.7150	2769	1.8135	807	29.1441	776	28.0246	1277	46.1177	722	26.0744	85446	35.4575	76013	48.8390	0.9480
EST1212206101S1K	EST1256811101S1K	na	NZ_CP049075.1	1754511	1098432	62.6062	1097895	99.9511	1083360	98.6761	537	0.0489	1083866	98.6739	21856	1.9897	7290	33.3547	6816	31.1859	8162	37.3444	6998	32.0187	85446	91.6520	139306	71.4887	0.9590
EST1212206101S1K	EST1350502101S1K	na	NZ_CP049075.1	1754511	605635	34.5187	604681	99.8425	597779	98.8586	954	0.1575	598723	98.8587	11325	1.8699	4413	38.9669	3469	30.6313	3910	34.5254	3736	32.9890	85446	85.1274	126094	58.1281	0.9591
EST1212206101S1K	EST1350510101S1K	na	NZ_CP049075.1	1754511	1085089	61.8457	1084161	99.9145	1068941	98.5961	928	0.0855	1069818	98.5927	24034	2.2149	8763	36.4608	7941	33.0407	8122	33.7938	8049	33.4901	85446	100.0000	117862	74.5567	0.9729
EST1212206101S1K	EST1350804101S1K	na	NZ_CP049075.1	1754511	1301920	74.2042	1299634	99.8244	1281969	98.6408	2286	0.1756	1284197	98.6387	29704	2.2816	11981	40.3346	9786	32.9451	9161	30.8410	10534	35.4632	85446	91.6520	75045	92.8363	0.9813
EST1212206101S1K	EST1350807101S1K	na	NZ_CP049075.1	1754511	1223039	69.7083	1222475	99.9539	1205593	98.6190	564	0.0461	1206123	98.6169	25330	2.0711	8414	33.2175	7898	31.1804	9032	35.6573	8573	33.8452	85446	100.0000	134701	64.5296	0.9610
EST1212206101S1K	EST1356604101S1K	na	NZ_CP049075.1	1754511	1223042	69.7084	1221826	99.9006	1206253	98.7254	1216	0.0994	1207427	98.7233	25250	2.0645	9635	38.1584	8470	33.5446	8351	33.0733	8402	33.2752	85446	50.3300	91591	58.6717	0.9403
EST1212206101S1K	EST1356611101S1K	na	NZ_CP049075.1	1754511	760621	43.3523	760221	99.9474	750556	98.7287	400	0.0526	750948	98.7283	15287	2.0098	5614	36.7240	5227	34.1925	5106	33.4009	4984	32.6029	85446	41.9821	57584	88.7087	0.9502
EST1212206101S1K	EST1357103101S1K	na	NZ_CP049075.1	1754511	851893	48.5544	851653	99.9718	840624	98.7050	240	0.0282	840859	98.7048	16285	1.9116	5251	32.2444	5019	30.8198	6139	37.6973	5209	31.9865	85446	100.0000	133245	69.4458	0.9657
EST1212206101S1K	EST1357107101S1K	na	NZ_CP049075.1	1754511	1298660	74.0183	1297287	99.8943	1282509	98.8609	1373	0.1057	1283831	98.8581	27460	2.1145	12631	45.9978	11360	41.3693	7755	28.2411	8148	29.6723	85446	80.7305	78769	85.4575	0.9825
EST1212206101S1K	EST1358301101S1K	na	NZ_CP049075.1	1754511	730864	41.6563	730623	99.9670	725927	99.3573	241	0.0330	726161	99.3565	12316	1.6851	7613	61.8139	7380	59.9221	2419	19.6411	2528	20.5261	85446	100.0000	94377	92.2237	0.9910
EST1212206101S1K	EST1358301201S1K	na	NZ_CP049075.1	1754511	1217352	69.3841	1216754	99.9509	1208684	99.3368	598	0.0491	1209272	99.3363	21522	1.7679	13442	62.4570	12876	59.8272	4155	19.3058	4496	20.8903	85446	100.0000	102933	83.6398	0.9891
EST1212206101S1K	EST1358302101S1K	na	NZ_CP049075.1	1754511	758742	43.2452	758494	99.9673	754475	99.4701	248	0.0327	754722	99.4702	11961	1.5764	7941	66.3908	7701	64.3842	2237	18.7024	2033	16.9969	85446	100.0000	133967	65.0541	0.9675
EST1212206101S1K	EST1358602101S1K	na	NZ_CP049075.1	1754511	421837	24.0430	421740	99.9770	416518	98.7618	97	0.0230	416611	98.7611	8017	1.9005	2791	34.8135	2698	33.6535	2721	33.9404	2623	32.7180	85446	45.2730	80640	49.4730	0.9476
EST1212206101S1K	EST1359005101S1K	na	NZ_CP049075.1	1754511	1229561	70.0800	1227503	99.8326	1211330	98.6824	2058	0.1674	1213353	98.6818	26163	2.1278	9955	38.0499	7935	30.3291	8815	33.6926	9206	35.1871	85446	91.6520	136370	62.1310	0.9591
EST1212206101S1K	EST1359006101S1K	na	NZ_CP049075.1	1754511	502118	28.6187	501908	99.9582	495296	98.6826	210	0.0418	495504	98.6828	9949	1.9814	3335	33.5210	3127	31.4303	3622	36.4057	3241	32.5761	85446	91.6520	151742	56.7015	0.9469
EST1212206101S1K	EST1359007101S1K	na	NZ_CP049075.1	1754511	1227981	69.9899	1227169	99.9339	1210258	98.6220	812	0.0661	1211053	98.6215	25378	2.0666	8450	33.2966	7660	30.1836	9339	36.7996	8485	33.4345	85446	100.0000	147634	71.3643	0.9624
EST1212206101S1K	EST1361001101S1K	na	NZ_CP049075.1	1754511	1049985	59.8449	1049562	99.9597	1035712	98.6804	423	0.0403	1036121	98.6796	20592	1.9612	6728	32.6729	6323	30.7061	7557	36.6987	6784	32.9448	85446	100.0000	155104	66.7468	0.9539
EST1212206101S1K	EST1361002101S1K	na	NZ_CP049075.1	1754511	1287473	73.3807	1286093	99.8928	1268529	98.6343	1380	0.1072	1269879	98.6334	27934	2.1697	10340	37.0158	9035	32.3441	9352	33.4789	9530	34.1161	85446	100.0000	120862	70.7212	0.9725
EST1212206101S1K	EST1361007101S1K	na	NZ_CP049075.1	1754511	1287595	73.3877	1285974	99.8741	1269637	98.7296	1621	0.1259	1271207	98.7272	27462	2.1328	11074	40.3248	9542	34.7462	8912	32.4521	8892	32.3793	85446	85.1274	126515	57.6841	0.9565
EST1212206101S1K	EST2359005102S1K	na	NZ_CP049075.1	1754511	1245722	71.0011	1241974	99.6991	1225748	98.6935	3748	0.3009	1229419	98.6913	27931	2.2422	11628	41.6312	7972	28.5418	9087	32.5337	10140	36.3037	85446	91.6520	128523	61.3011	0.9593
EST1212704101S1K	EST1232702101S1K	na	NZ_CP049075.1	1754511	1048954	59.7861	1048499	99.9566	1041218	99.3056	455	0.0434	1041669	99.3055	16975	1.6183	9690	57.0839	9242	54.4448	3890	22.9161	3899	22.9691	88279	100.0000	126535	67.7923	0.9737
EST1212704101S1K	EST1232710101S1K	na	NZ_CP049075.1	1754511	1136839	64.7952	1136181	99.9421	1121519	98.7095	658	0.0579	1122146	98.7076	22517	1.9807	7824	34.7471	7209	32.0158	7707	34.2275	7648	33.9654	88279	87.6449	115001	69.4055	0.9648
EST1212704101S1K	EST1232905101S1K	na	NZ_CP049075.1	1754511	1159200	66.0697	1158749	99.9611	1152219	99.4365	451	0.0389	1152667	99.4364	18607	1.6052	12074	64.8896	11631	62.5087	3632	19.5195	3368	18.1007	88279	93.4673	90764	88.3302	0.9888
EST1212704101S1K	EST1233822101S1K	na	NZ_CP049075.1	1754511	1077903	61.4361	1073563	99.5974	1061585	98.8843	4340	0.4026	1065890	98.8855	22494	2.0868	10481	46.5946	6178	27.4651	6652	29.5723	8776	39.0148	88279	91.8667	120979	65.7701	0.9659
EST1212704101S1K	EST1233822201S1K	na	NZ_CP049075.1	1754511	1030187	58.7165	1029133	99.8977	1016035	98.7273	1054	0.1023	1017070	98.7267	20744	2.0136	7627	36.7673	6594	31.7875	6685	32.2262	7578	36.5310	88279	91.8667	142473	57.4635	0.9567
EST1212704101S1K	EST1234702101S1K	na	NZ_CP049075.1	1754511	240900	13.7303	240832	99.9718	239506	99.4494	68	0.0282	239574	99.4496	3788	1.5724	2462	64.9947	2394	63.1996	730	19.2714	680	17.9514	88279	81.1122	100029	81.5963	0.9789
EST1212704101S1K	EST1234704101S1K	na	NZ_CP049075.1	1754511	1240813	70.7213	1239682	99.9089	1223273	98.6764	1131	0.0911	1224391	98.6765	25682	2.0698	9260	36.0564	8151	31.7382	8353	32.5247	9238	35.9707	88279	55.8966	50396	87.8264	0.9675
EST1212704101S1K	EST1236807101S1K	na	NZ_CP049075.1	1754511	1126157	64.1864	1125718	99.9610	1111611	98.7468	439	0.0390	1112043	98.7467	21151	1.8782	7037	33.2703	6610	31.2515	7749	36.6366	6903	32.6368	88279	91.8667	139782	71.4370	0.9601
EST1212704101S1K	EST1237103201S1K	na	NZ_CP049075.1	1754511	1113255	63.4510	1112219	99.9069	1100146	98.9145	1036	0.0931	1101162	98.9137	21473	1.9288	9380	43.6828	8367	38.9652	6106	28.4357	7061	32.8832	88279	49.3639	83812	44.9458	0.9466
EST1212704101S1K	EST1238001101S1K	na	NZ_CP049075.1	1754511	955297	54.4480	954829	99.9510	942878	98.7484	468	0.0490	943339	98.7482	18168	1.9018	6210	34.1810	5763	31.7206	6581	36.2230	5929	32.6343	88279	20.4885	20057	71.2170	0.9533
EST1212704101S1K	EST1238002101S1K	na	NZ_CP049075.1	1754511	1126110	64.1837	1125347	99.9322	1111111	98.7350	763	0.0678	1111842	98.7330	22437	1.9924	8169	36.4086	7449	33.1996	7341	32.7183	7712	34.3718	88279	93.4673	111899	64.0310	0.9660
EST1212704101S1K	EST1241101101S1K	na	NZ_CP049075.1	1754511	1207594	68.8280	1206433	99.9039	1191302	98.7458	1161	0.0961	1192433	98.7445	23844	1.9745	8683	36.4159	7558	31.6977	7927	33.2453	8256	34.6251	88279	100.0000	116967	74.3945	0.9753
EST1212704101S1K	EST1241104101S1K	na	NZ_CP049075.1	1754511	1120248	63.8496	1119748	99.9554	1105584	98.7351	500	0.0446	1106065	98.7339	20226	1.8055	6043	29.8774	5569	27.5339	9042	44.7048	5687	28.1173	88279	55.8966	93863	57.1940	0.9468
EST1212704101S1K	EST1242101101S1K	na	NZ_CP049075.1	1754511	370065	21.0922	369954	99.9700	366183	98.9807	111	0.0300	366294	98.9810	6578	1.7775	2807	42.6725	2696	40.9851	1993	30.2980	1911	29.0514	88279	91.8667	107133	87.4380	0.9810
EST1212704101S1K	EST1242103101S1K	na	NZ_CP049075.1	1754511	984541	56.1148	984033	99.9484	972322	98.8099	508	0.0516	972822	98.8097	18279	1.8566	6560	35.8882	6069	33.2020	6225	34.0555	6064	33.1747	88279	100.0000	123051	71.8223	0.9729
EST1212704101S1K	EST1242207101S1K	na	NZ_CP049075.1	1754511	676719	38.5702	676509	99.9690	668687	98.8438	210	0.0310	668894	98.8437	12083	1.7855	4258	35.2396	4051	33.5264	4186	34.6437	3915	32.4009	88279	100.0000	140321	77.3263	0.9654
EST1212704101S1K	EST1242209101S1K	na	NZ_CP049075.1	1754511	986828	56.2452	985997	99.9158	974231	98.8067	831	0.0842	975054	98.8069	18607	1.8855	6833	36.7227	6014	32.3212	6126	32.9231	6478	34.8149	88279	79.5115	127907	57.7732	0.9544
EST1212704101S1K	EST1242704101S1K	na	NZ_CP049075.1	1754511	1208566	68.8834	1198050	99.1299	1187372	99.1087	10516	0.8701	1197786	99.1080	27128	2.2446	16348	60.2625	5946	21.9183	6876	25.3465	11544	42.5538	88279	56.4585	84615	50.7002	0.9491
EST1212704101S1K	EST1242801101S1K	na	NZ_CP049075.1	1754511	1172714	66.8399	1171701	99.9136	1157055	98.7500	1013	0.0864	1158055	98.7500	22531	1.9213	7872	34.9385	6880	30.5357	8072	35.8262	7590	33.6869	88279	100.0000	106954	62.6503	0.9543
EST1212704101S1K	EST1242802101S1K	na	NZ_CP049075.1	1754511	1143091	65.1515	1140709	99.7916	1127018	98.7998	2382	0.2084	1129382	98.8007	22930	2.0060	9221	40.2137	6862	29.9259	7384	32.2024	8207	35.7915	88279	64.0300	77610	61.4508	0.9528
EST1212704101S1K	EST1242804101S1K	na	NZ_CP049075.1	1754511	1177518	67.1137	1172441	99.5688	1159380	98.8860	5077	0.4312	1164413	98.8871	24569	2.0865	11464	46.6604	6446	26.2363	7623	31.0269	9273	37.7427	88279	85.3340	69079	92.3160	0.9792
EST1212704101S1K	EST1242805101S1K	na	NZ_CP049075.1	1754511	1110995	63.3222	1110464	99.9522	1096759	98.7658	531	0.0478	1097281	98.7656	21282	1.9156	7568	35.5606	7063	33.1877	7112	33.4179	7211	33.8831	88279	100.0000	153813	69.5318	0.9604
EST1212704101S1K	EST1247101101S1K	na	NZ_CP049075.1	1754511	803926	45.8205	803570	99.9557	799518	99.4958	356	0.0443	799871	99.4956	12117	1.5072	8062	66.5346	7713	63.6544	2201	18.1646	2214	18.2718	88279	100.0000	120859	71.4543	0.9738
EST1212704101S1K	EST1247106101S1K	na	NZ_CP049075.1	1754511	1139807	64.9644	1139173	99.9444	1124749	98.7338	634	0.0556	1125363	98.7328	22928	2.0116	8484	37.0028	7893	34.4252	7523	32.8114	7526	32.8245	88279	100.0000	106665	100.0000	0.9885
EST1212704101S1K	EST1247109101S1K	na	NZ_CP049075.1	1754511	1195069	68.1141	1194463	99.9493	1179062	98.7106	606	0.0507	1179648	98.7096	23084	1.9316	7663	33.1962	7110	30.8006	8437	36.5491	7636	33.0792	88279	91.8667	129147	76.7900	0.9662
EST1212704101S1K	EST1247203101S1K	na	NZ_CP049075.1	1754511	1048162	59.7410	1047046	99.8935	1034274	98.7802	1116	0.1065	1035374	98.7800	20541	1.9597	7753	37.7440	6662	32.4327	6735	32.7881	7134	34.7305	88279	100.0000	93469	94.4003	0.9867
EST1212704101S1K	EST1247206101S1K	na	NZ_CP049075.1	1754511	1015062	57.8544	1014549	99.9495	1001351	98.6991	513	0.0505	1001841	98.6975	20063	1.9765	6842	34.1026	6359	31.6952	7040	35.0895	6765	33.7188	88279	100.0000	127972	67.5640	0.9644
EST1212704101S1K	EST1254306101S1K	na	NZ_CP049075.1	1754511	156066	8.8951	156015	99.9673	154164	98.8136	51	0.0327	154215	98.8140	2626	1.6826	775	29.5126	724	27.5704	1185	45.1257	724	27.5704	88279	37.0088	76013	48.8390	0.9490
EST1212704101S1K	EST1256811101S1K	na	NZ_CP049075.1	1754511	1043305	59.4641	1042819	99.9534	1029512	98.7239	486	0.0466	1029985	98.7233	19845	1.9021	6525	32.8798	6081	30.6425	7319	36.8808	6563	33.0713	88279	91.8667	139306	71.4887	0.9604
EST1212704101S1K	EST1350502101S1K	na	NZ_CP049075.1	1754511	606365	34.5603	605358	99.8339	598878	98.9296	1007	0.1661	599879	98.9303	10833	1.7865	4347	40.1274	3346	30.8871	3560	32.8625	3696	34.1180	88279	85.3340	126094	58.1281	0.9592
EST1212704101S1K	EST1350510101S1K	na	NZ_CP049075.1	1754511	909647	51.8462	909123	99.9424	897294	98.6989	524	0.0576	897793	98.6969	18499	2.0336	6645	35.9209	6179	33.4018	6050	32.7045	6319	34.1586	88279	100.0000	117862	74.5567	0.9722
EST1212704101S1K	EST1350804101S1K	na	NZ_CP049075.1	1754511	1193946	68.0501	1192182	99.8523	1176975	98.7244	1764	0.1477	1178705	98.7235	25165	2.1077	9924	39.4357	8205	32.6048	7655	30.4192	9132	36.2885	88279	91.8667	75045	92.8363	0.9799
EST1212704101S1K	EST1350807101S1K	na	NZ_CP049075.1	1754511	1158157	66.0102	1157703	99.9608	1142413	98.6793	454	0.0392	1142858	98.6790	22751	1.9644	7452	32.7546	7011	30.8162	7923	34.8248	7950	34.9435	88279	100.0000	134701	64.5296	0.9621
EST1212704101S1K	EST1356604101S1K	na	NZ_CP049075.1	1754511	1149963	65.5432	1148890	99.9067	1135238	98.8117	1073	0.0933	1136290	98.8110	22145	1.9257	8472	38.2569	7429	33.5471	7161	32.3369	7548	34.0844	88279	51.6748	91591	58.6717	0.9390
EST1212704101S1K	EST1356611101S1K	na	NZ_CP049075.1	1754511	769707	43.8702	769299	99.9470	759792	98.7642	408	0.0530	760199	98.7647	14749	1.9162	5241	35.5346	4837	32.7954	4997	33.8803	4963	33.6497	88279	43.5415	57584	88.7087	0.9546
EST1212704101S1K	EST1357103101S1K	na	NZ_CP049075.1	1754511	867383	49.4373	867090	99.9662	856427	98.7703	293	0.0338	856715	98.7701	15848	1.8271	5180	32.6855	4894	30.8809	5884	37.1277	5145	32.4647	88279	100.0000	133245	69.4458	0.9672
EST1212704101S1K	EST1357107101S1K	na	NZ_CP049075.1	1754511	1172700	66.8391	1171830	99.9258	1159065	98.9107	870	0.0742	1159911	98.9094	22855	1.9489	10066	44.0429	9232	40.3938	6545	28.6371	7046	30.8291	88279	81.1122	78769	85.4575	0.9808
EST1212704101S1K	EST1358301101S1K	na	NZ_CP049075.1	1754511	742807	42.3370	742551	99.9655	738056	99.3947	256	0.0345	738309	99.3945	11953	1.6092	7455	62.3693	7211	60.3280	2335	19.5348	2437	20.3882	88279	100.0000	94377	92.2237	0.9897
EST1212704101S1K	EST1358301201S1K	na	NZ_CP049075.1	1754511	1171530	66.7725	1170924	99.9483	1163519	99.3676	606	0.0517	1164121	99.3676	19625	1.6752	12216	62.2471	11632	59.2713	3830	19.5159	4215	21.4777	88279	100.0000	102933	83.6398	0.9914
EST1212704101S1K	EST1358302101S1K	na	NZ_CP049075.1	1754511	776661	44.2665	776387	99.9647	772558	99.5068	274	0.0353	772831	99.5069	11560	1.4884	7730	66.8685	7459	64.5242	2078	17.9758	2039	17.6384	88279	100.0000	133967	65.0541	0.9697
EST1212704101S1K	EST1358602101S1K	na	NZ_CP049075.1	1754511	420914	23.9904	420769	99.9656	415783	98.8150	145	0.0344	415927	98.8152	7653	1.8182	2666	34.8360	2524	32.9805	2637	34.4571	2509	32.7845	88279	44.1034	80640	49.4730	0.9462
EST1212704101S1K	EST1359005101S1K	na	NZ_CP049075.1	1754511	1169764	66.6718	1167816	99.8335	1153452	98.7700	1948	0.1665	1155378	98.7702	23304	1.9922	8918	38.2681	6998	30.0292	7650	32.8270	8422	36.1397	88279	91.8667	136370	62.1310	0.9593
EST1212704101S1K	EST1359006101S1K	na	NZ_CP049075.1	1754511	507150	28.9055	506931	99.9568	500692	98.7693	219	0.0432	500909	98.7694	9416	1.8566	3175	33.7192	2958	31.4146	3395	36.0556	3104	32.9652	88279	91.8667	151742	56.7015	0.9470
EST1212704101S1K	EST1359007101S1K	na	NZ_CP049075.1	1754511	1167019	66.5153	1166243	99.9335	1151402	98.7275	776	0.0665	1152170	98.7276	22438	1.9227	7589	33.8221	6828	30.4305	8067	35.9524	7654	34.1118	88279	100.0000	147634	71.3643	0.9621
EST1212704101S1K	EST1361001101S1K	na	NZ_CP049075.1	1754511	1038892	59.2126	1038461	99.9585	1025367	98.7391	431	0.0415	1025790	98.7388	19466	1.8737	6364	32.6929	5951	30.5713	7085	36.3968	6493	33.3556	88279	100.0000	155104	66.7468	0.9553
EST1212704101S1K	EST1361002101S1K	na	NZ_CP049075.1	1754511	1192670	67.9773	1191661	99.9154	1176738	98.7477	1009	0.0846	1177737	98.7479	23633	1.9815	8700	36.8129	7737	32.7381	7716	32.6493	8191	34.6592	88279	100.0000	120862	70.7212	0.9711
EST1212704101S1K	EST1361007101S1K	na	NZ_CP049075.1	1754511	1196312	68.1849	1195197	99.9068	1181206	98.8294	1115	0.0932	1182298	98.8286	23212	1.9403	9198	39.6261	8134	35.0422	7410	31.9231	7602	32.7503	88279	85.3340	126515	57.6841	0.9557
EST1212704101S1K	EST2359005102S1K	na	NZ_CP049075.1	1754511	1127653	64.2716	1124450	99.7160	1110978	98.8019	3203	0.2840	1114125	98.8003	23273	2.0638	9745	41.8726	6601	28.3633	7351	31.5860	8605	36.9742	88279	91.8667	128523	61.3011	0.9588
EST1232702101S1K	EST1232710101S1K	na	NZ_CP049075.1	1754511	1137713	64.8450	1137069	99.9434	1121964	98.6716	644	0.0566	1122588	98.6706	22794	2.0035	7669	33.6448	7045	30.9073	7887	34.6012	7876	34.5530	126535	82.6973	115001	94.5635	0.9712
EST1232702101S1K	EST1232905101S1K	na	NZ_CP049075.1	1754511	1114567	63.5258	1114190	99.9662	1105234	99.1962	377	0.0338	1105606	99.1960	18692	1.6771	9731	52.0597	9362	50.0856	4737	25.3424	4634	24.7914	126535	72.0425	90764	100.0000	0.9751
EST1232702101S1K	EST1233822101S1K	na	NZ_CP049075.1	1754511	1067244	60.8286	1063084	99.6102	1051013	98.8645	4160	0.3898	1055127	98.8646	22192	2.0794	10075	45.3992	5969	26.8971	6628	29.8666	8749	39.4241	126535	90.0217	120979	100.0000	0.9841
EST1232702101S1K	EST1233822201S1K	na	NZ_CP049075.1	1754511	1012869	57.7294	1011891	99.9034	998821	98.7084	978	0.0966	999783	98.7080	20338	2.0080	7252	35.6574	6290	30.9273	6639	32.6433	7524	36.9948	126535	90.0217	142473	83.4362	0.9742
EST1232702101S1K	EST1234702101S1K	na	NZ_CP049075.1	1754511	231123	13.1731	231065	99.9749	229489	99.3179	58	0.0251	229547	99.3181	3607	1.5606	2031	56.3072	1973	54.6992	847	23.4821	806	22.3454	126535	54.7398	100029	81.5963	0.9630
EST1232702101S1K	EST1234704101S1K	na	NZ_CP049075.1	1754511	1215950	69.3042	1214846	99.9092	1199405	98.7290	1104	0.0908	1200490	98.7286	24327	2.0007	8867	36.4492	7784	31.9974	7861	32.3139	8683	35.6929	126535	36.9123	50396	87.8264	0.9449
EST1232702101S1K	EST1236807101S1K	na	NZ_CP049075.1	1754511	1115330	63.5693	1114899	99.9614	1100845	98.7394	431	0.0386	1101260	98.7385	20847	1.8691	6777	32.5083	6363	30.5224	7669	36.7871	6945	33.3141	126535	94.1415	139782	100.0000	0.9821
EST1232702101S1K	EST1237103201S1K	na	NZ_CP049075.1	1754511	1105271	62.9960	1104343	99.9160	1091581	98.8444	928	0.0840	1092491	98.8437	21612	1.9554	8832	40.8662	7922	36.6556	6330	29.2893	7438	34.4161	126535	60.1509	83812	92.4987	0.9557
EST1232702101S1K	EST1238001101S1K	na	NZ_CP049075.1	1754511	911560	51.9552	911161	99.9562	899842	98.7577	399	0.0438	900234	98.7575	16833	1.8466	5507	32.7155	5115	30.3867	6208	36.8799	5587	33.1908	126535	19.0414	20057	100.0000	0.9379
EST1232702101S1K	EST1238002101S1K	na	NZ_CP049075.1	1754511	1127510	64.2635	1126808	99.9377	1112595	98.7386	702	0.0623	1113269	98.7370	22319	1.9795	8078	36.1934	7408	33.1915	7377	33.0526	7609	34.0920	126535	91.4609	111899	94.3789	0.9810
EST1232702101S1K	EST1241101101S1K	na	NZ_CP049075.1	1754511	1210135	68.9728	1208941	99.9013	1193489	98.7219	1194	0.0987	1194652	98.7206	24253	2.0042	8770	36.1605	7620	31.4188	8043	33.1629	8478	34.9565	126535	91.3305	116967	100.0000	0.9875
EST1232702101S1K	EST1241104101S1K	na	NZ_CP049075.1	1754511	1119912	63.8304	1119438	99.9577	1105200	98.7281	474	0.0423	1105650	98.7265	20327	1.8151	6065	29.8372	5615	27.6234	8944	44.0006	5838	28.7204	126535	60.4505	93863	93.7249	0.9552
EST1232702101S1K	EST1242101101S1K	na	NZ_CP049075.1	1754511	352078	20.0670	351974	99.9705	348357	98.9724	104	0.0295	348461	98.9727	6178	1.7547	2561	41.4535	2460	39.8187	1861	30.1230	1882	30.4629	126535	61.9339	107133	87.4380	0.9650
EST1232702101S1K	EST1242103101S1K	na	NZ_CP049075.1	1754511	982576	56.0028	982102	99.9518	970234	98.7916	474	0.0482	970701	98.7914	18293	1.8617	6418	35.0845	5952	32.5370	6203	33.9091	6193	33.8545	126535	91.3305	123051	100.0000	0.9876
EST1232702101S1K	EST1242207101S1K	na	NZ_CP049075.1	1754511	660232	37.6305	660057	99.9735	652392	98.8387	175	0.0265	652561	98.8381	11749	1.7795	4078	34.7093	3909	33.2709	4057	34.5306	3859	32.8453	126535	95.8802	140321	100.0000	0.9782
EST1232702101S1K	EST1242209101S1K	na	NZ_CP049075.1	1754511	977883	55.7354	977104	99.9203	965340	98.7960	779	0.0797	966109	98.7960	18464	1.8882	6690	36.2327	5924	32.0841	6019	32.5986	6522	35.3228	126535	81.3885	127907	90.0224	0.9702
EST1232702101S1K	EST1242704101S1K	na	NZ_CP049075.1	1754511	1212287	69.0954	1201621	99.1202	1191044	99.1198	10666	0.8798	1201589	99.1175	27229	2.2461	16531	60.7110	6001	22.0390	6863	25.2047	11623	42.6861	126535	63.0513	84615	92.5533	0.9605
EST1232702101S1K	EST1242801101S1K	na	NZ_CP049075.1	1754511	1171995	66.7990	1171011	99.9160	1156341	98.7472	984	0.0840	1157311	98.7471	22435	1.9143	7751	34.5487	6787	30.2518	8097	36.0909	7530	33.5636	126535	95.8802	106954	100.0000	0.9696
EST1232702101S1K	EST1242802101S1K	na	NZ_CP049075.1	1754511	1143807	65.1924	1141433	99.7924	1127617	98.7896	2374	0.2076	1129967	98.7900	23117	2.0211	9277	40.1306	6931	29.9823	7406	32.0370	8296	35.8870	126535	66.3089	77610	100.0000	0.9643
EST1232702101S1K	EST1242804101S1K	na	NZ_CP049075.1	1754511	1166130	66.4647	1161190	99.5764	1148432	98.9013	4940	0.4236	1153325	98.9019	23983	2.0566	11178	46.6080	6298	26.2603	7501	31.2763	9035	37.6725	126535	62.0643	69079	100.0000	0.9601
EST1232702101S1K	EST1242805101S1K	na	NZ_CP049075.1	1754511	1096713	62.5082	1096223	99.9553	1082356	98.7350	490	0.0447	1082833	98.7344	21068	1.9210	7188	34.1181	6713	31.8635	7213	34.2368	7258	34.4504	126535	100.0000	153813	95.9080	0.9794
EST1232702101S1K	EST1247101101S1K	na	NZ_CP049075.1	1754511	797806	45.4717	797459	99.9565	791340	99.2327	347	0.0435	791685	99.2328	13132	1.6460	7011	53.3887	6667	50.7691	3291	25.0609	3199	24.3603	126535	91.3305	120859	100.0000	0.9897
EST1232702101S1K	EST1247106101S1K	na	NZ_CP049075.1	1754511	1111206	63.3342	1110589	99.9445	1096389	98.7214	617	0.0555	1096987	98.7204	21938	1.9743	7719	35.1855	7123	32.4688	7517	34.2647	7366	33.5764	126535	72.3420	106665	100.0000	0.9692
EST1232702101S1K	EST1247109101S1K	na	NZ_CP049075.1	1754511	1197744	68.2665	1197038	99.9411	1181524	98.7040	706	0.0589	1182195	98.7018	23287	1.9442	7738	33.2288	7073	30.3732	8488	36.4495	7800	33.4951	126535	90.0217	129147	100.0000	0.9821
EST1232702101S1K	EST1247203101S1K	na	NZ_CP049075.1	1754511	1031347	58.7826	1030314	99.8998	1017870	98.7922	1033	0.1002	1018888	98.7920	20021	1.9412	7562	37.7703	6548	32.7057	6583	32.8805	6899	34.4588	126535	87.1103	93469	100.0000	0.9692
EST1232702101S1K	EST1247206101S1K	na	NZ_CP049075.1	1754511	1019920	58.1313	1019383	99.9473	1005872	98.6746	537	0.0527	1006385	98.6729	20349	1.9952	6814	33.4857	6301	30.9647	7197	35.3678	6883	33.8248	126535	91.3305	127972	95.0989	0.9735
EST1232702101S1K	EST1254306101S1K	na	NZ_CP049075.1	1754511	154557	8.8091	154490	99.9567	152585	98.7669	67	0.0433	152648	98.7649	2675	1.7308	766	28.6355	703	26.2804	1248	46.6542	730	27.2897	126535	47.3980	76013	100.0000	0.9614
EST1232702101S1K	EST1256811101S1K	na	NZ_CP049075.1	1754511	1025679	58.4595	1025197	99.9530	1012245	98.7366	482	0.0470	1012712	98.7358	19295	1.8812	6328	32.7961	5863	30.3861	7127	36.9370	6400	33.1692	126535	94.1415	139306	100.0000	0.9825
EST1232702101S1K	EST1350502101S1K	na	NZ_CP049075.1	1754511	603007	34.3689	601981	99.8299	595525	98.9275	1026	0.1701	596535	98.9267	10782	1.7880	4310	39.9740	3303	30.6344	3551	32.9345	3688	34.2052	126535	81.0527	126094	86.7583	0.9730
EST1232702101S1K	EST1350510101S1K	na	NZ_CP049075.1	1754511	913217	52.0497	912716	99.9451	900965	98.7125	501	0.0549	901441	98.7105	18481	2.0237	6705	36.2805	6229	33.7049	6053	32.7526	6265	33.8997	126535	91.3305	117862	100.0000	0.9836
EST1232702101S1K	EST1350804101S1K	na	NZ_CP049075.1	1754511	1170185	66.6958	1168431	99.8501	1153094	98.6874	1754	0.1499	1154800	98.6853	24540	2.0971	9155	37.3064	7454	30.3749	7658	31.2062	9214	37.5469	126535	66.4836	75045	100.0000	0.9633
EST1232702101S1K	EST1350807101S1K	na	NZ_CP049075.1	1754511	1149184	65.4988	1148754	99.9626	1133811	98.6992	430	0.0374	1134230	98.6987	22303	1.9408	7349	32.9507	6931	31.0765	7644	34.2734	7836	35.1343	126535	100.0000	134701	95.3311	0.9812
EST1232702101S1K	EST1356604101S1K	na	NZ_CP049075.1	1754511	1151377	65.6238	1150335	99.9095	1136141	98.7661	1042	0.0905	1137160	98.7652	22428	1.9479	8211	36.6105	7196	32.0849	7437	33.1594	7820	34.8671	126535	62.2255	91591	93.1227	0.9570
EST1232702101S1K	EST1356611101S1K	na	NZ_CP049075.1	1754511	743186	42.3586	742798	99.9478	733874	98.7986	388	0.0522	734257	98.7986	13739	1.8487	4810	35.0098	4430	32.2440	4684	34.0927	4657	33.8962	126535	32.8289	57584	88.7087	0.9389
EST1232702101S1K	EST1357103101S1K	na	NZ_CP049075.1	1754511	846705	48.2587	846470	99.9722	836069	98.7713	235	0.0278	836300	98.7711	15262	1.8025	4857	31.8241	4626	30.3106	5610	36.7580	5089	33.3443	126535	91.3305	133245	95.4392	0.9796
EST1232702101S1K	EST1357107101S1K	na	NZ_CP049075.1	1754511	1150006	65.5457	1149053	99.9171	1135734	98.8409	953	0.0829	1136667	98.8401	22572	1.9628	9233	40.9047	8325	36.8820	6773	30.0062	7420	32.8726	126535	59.2895	78769	92.1492	0.9642
EST1232702101S1K	EST1358301101S1K	na	NZ_CP049075.1	1754511	714627	40.7308	714398	99.9680	709004	99.2450	229	0.0320	709227	99.2444	11571	1.6192	6171	53.3316	5948	51.4044	2870	24.8034	2783	24.0515	126535	67.7923	94377	92.2237	0.9767
EST1232702101S1K	EST1358301201S1K	na	NZ_CP049075.1	1754511	1135779	64.7348	1135262	99.9545	1126511	99.2292	517	0.0455	1127022	99.2290	19041	1.6765	10284	54.0098	9777	51.3471	4604	24.1794	4713	24.7519	126535	76.4618	102933	93.8543	0.9738
EST1232702101S1K	EST1358302101S1K	na	NZ_CP049075.1	1754511	758645	43.2397	758402	99.9680	752646	99.2410	243	0.0320	752889	99.2413	12238	1.6131	6482	52.9662	6240	50.9887	3070	25.0858	2974	24.3014	126535	91.3305	133967	90.7821	0.9785
EST1232702101S1K	EST1358602101S1K	na	NZ_CP049075.1	1754511	415185	23.6639	415045	99.9663	410091	98.8064	140	0.0337	410228	98.8061	7589	1.8279	2632	34.6818	2497	32.9029	2587	34.0888	2519	33.1928	126535	50.1980	80640	80.1252	0.9613
EST1232702101S1K	EST1359005101S1K	na	NZ_CP049075.1	1754511	1171117	66.7489	1169206	99.8368	1154781	98.7663	1911	0.1632	1156667	98.7661	23264	1.9865	8814	37.8869	6930	29.7885	7585	32.6040	8467	36.3953	126535	90.0217	136370	89.2484	0.9761
EST1232702101S1K	EST1359006101S1K	na	NZ_CP049075.1	1754511	505952	28.8372	505709	99.9520	499293	98.7313	243	0.0480	499531	98.7309	9571	1.8917	3150	32.9119	2913	30.4357	3433	35.8688	3245	33.9045	126535	85.4720	151742	81.0593	0.9606
EST1232702101S1K	EST1359007101S1K	na	NZ_CP049075.1	1754511	1167617	66.5494	1166864	99.9355	1151677	98.6985	753	0.0645	1152414	98.6979	22614	1.9368	7411	32.7717	6679	29.5348	8210	36.3049	7809	34.5317	126535	95.8802	147634	95.7009	0.9803
EST1232702101S1K	EST1361001101S1K	na	NZ_CP049075.1	1754511	1020906	58.1875	1020573	99.9674	1007898	98.7581	333	0.0326	1008225	98.7579	18920	1.8533	6239	32.9757	5913	31.2526	6735	35.5973	6323	33.4197	126535	95.8802	155104	89.9326	0.9712
EST1232702101S1K	EST1361002101S1K	na	NZ_CP049075.1	1754511	1194301	68.0703	1193241	99.9112	1177879	98.7126	1060	0.0888	1178911	98.7114	24006	2.0100	8616	35.8910	7591	31.6213	7934	33.0501	8488	35.3578	126535	95.8802	120862	100.0000	0.9896
EST1232702101S1K	EST1361007101S1K	na	NZ_CP049075.1	1754511	1199365	68.3589	1198198	99.9027	1183790	98.7975	1167	0.0973	1184929	98.7964	23536	1.9624	9100	38.6642	7967	33.8503	7591	32.2527	7910	33.6081	126535	85.6024	126515	95.0488	0.9738
EST1232702101S1K	EST2359005102S1K	na	NZ_CP049075.1	1754511	1130631	64.4414	1127554	99.7279	1113929	98.7916	3077	0.2721	1116964	98.7912	23308	2.0615	9641	41.3635	6613	28.3722	7339	31.4870	8626	37.0088	126535	90.0217	128523	89.9209	0.9759
EST1232710101S1K	EST1232905101S1K	na	NZ_CP049075.1	1754511	1221304	69.6094	1220622	99.9442	1204396	98.6707	682	0.0558	1205052	98.6693	24651	2.0184	8399	34.0716	7757	31.4673	8543	34.6558	8403	34.0879	115001	60.0664	90764	76.3320	0.9544
EST1232710101S1K	EST1233822101S1K	na	NZ_CP049075.1	1754511	1209466	68.9346	1204611	99.5986	1190069	98.7928	4855	0.4014	1194869	98.7931	26603	2.1996	12006	45.1302	7266	27.3127	8011	30.1131	10318	38.7851	115001	88.3253	120979	88.7146	0.9715
EST1232710101S1K	EST1233822201S1K	na	NZ_CP049075.1	1754511	1152918	65.7116	1151586	99.8845	1135975	98.6444	1332	0.1155	1137280	98.6436	24406	2.1169	8768	35.9256	7494	30.7056	8063	33.0370	8885	36.4050	115001	93.7618	142473	76.4868	0.9662
EST1232710101S1K	EST1234702101S1K	na	NZ_CP049075.1	1754511	223516	12.7395	223472	99.9803	220675	98.7484	44	0.0197	220718	98.7482	4294	1.9211	1496	34.8393	1453	33.8379	1483	34.5366	1376	32.0447	115001	60.0664	100029	81.5963	0.9644
EST1232710101S1K	EST1234704101S1K	na	NZ_CP049075.1	1754511	1369699	78.0673	1367762	99.8586	1348504	98.5920	1937	0.1414	1350391	98.5903	30259	2.2092	10951	36.1909	9145	30.2224	10042	33.1868	10894	36.0025	115001	35.7606	50396	66.1441	0.9376
EST1232710101S1K	EST1236807101S1K	na	NZ_CP049075.1	1754511	1242960	70.8437	1242073	99.9286	1226110	98.7148	887	0.0714	1226964	98.7131	24614	1.9803	8618	35.0126	7778	31.5999	8969	36.4386	7870	31.9737	115001	88.3253	139782	88.6573	0.9673
EST1232710101S1K	EST1237103201S1K	na	NZ_CP049075.1	1754511	1267558	72.2457	1266036	99.8799	1248230	98.5936	1522	0.1201	1249717	98.5925	27577	2.1756	9736	35.3048	8280	30.0250	9141	33.1472	10115	36.6791	115001	57.0160	83812	84.7230	0.9542
EST1232710101S1K	EST1238001101S1K	na	NZ_CP049075.1	1754511	991745	56.5254	991264	99.9515	980646	98.9288	481	0.0485	981124	98.9291	18058	1.8208	7437	41.1840	6962	38.5535	5861	32.4565	5237	29.0010	115001	6.2382	20057	39.5224	0.9309
EST1232710101S1K	EST1238002101S1K	na	NZ_CP049075.1	1754511	1332455	75.9445	1330609	99.8615	1312266	98.6215	1846	0.1385	1314045	98.6183	29571	2.2193	11161	37.7431	9598	32.4575	9823	33.2184	10117	34.2126	115001	90.6610	111899	90.2385	0.9796
EST1232710101S1K	EST1241101101S1K	na	NZ_CP049075.1	1754511	1386958	79.0510	1384551	99.8265	1365575	98.6294	2407	0.1735	1367907	98.6264	30827	2.2226	11776	38.2003	9582	31.0831	10211	33.1236	10750	34.8720	115001	94.5635	116967	93.5349	0.9834
EST1232710101S1K	EST1241104101S1K	na	NZ_CP049075.1	1754511	1322090	75.3538	1320819	99.9039	1302668	98.6258	1271	0.0961	1303882	98.6228	26564	2.0092	8356	31.4561	7180	27.0291	11789	44.3796	7574	28.5123	115001	60.9186	93863	85.4181	0.9568
EST1232710101S1K	EST1242101101S1K	na	NZ_CP049075.1	1754511	356472	20.3175	356349	99.9655	351864	98.7414	123	0.0345	351981	98.7402	6779	1.9017	2288	33.7513	2172	32.0401	2314	34.1348	2318	34.1938	115001	63.1673	107133	77.1144	0.9665
EST1232710101S1K	EST1242103101S1K	na	NZ_CP049075.1	1754511	1078284	61.4578	1077446	99.9223	1063591	98.7141	838	0.0777	1064396	98.7120	21433	1.9877	7545	35.2027	6754	31.5122	7521	35.0907	7164	33.4251	115001	94.5635	123051	93.7619	0.9807
EST1232710101S1K	EST1242207101S1K	na	NZ_CP049075.1	1754511	687714	39.1969	687470	99.9645	679149	98.7896	244	0.0355	679383	98.7886	12753	1.8544	4422	34.6742	4188	32.8393	4379	34.3370	4224	33.1216	115001	94.5635	140321	92.1708	0.9766
EST1232710101S1K	EST1242209101S1K	na	NZ_CP049075.1	1754511	1073572	61.1892	1072546	99.9044	1058880	98.7258	1026	0.0956	1059871	98.7238	21346	1.9883	7645	35.8147	6667	31.2330	7108	33.2990	7514	35.2010	115001	93.7618	127907	90.7003	0.9774
EST1232710101S1K	EST1242704101S1K	na	NZ_CP049075.1	1754511	1396148	79.5748	1383425	99.0887	1371528	99.1400	12723	0.9113	1384134	99.1395	32689	2.3414	20675	63.2476	8239	25.2042	7807	23.8827	12777	39.0865	115001	64.2394	84615	93.3534	0.9671
EST1232710101S1K	EST1242801101S1K	na	NZ_CP049075.1	1754511	1348071	76.8346	1346561	99.8880	1332001	98.9187	1510	0.1120	1333484	98.9179	26111	1.9369	11524	44.1347	10092	38.6504	8258	31.6265	7592	29.0759	115001	94.5635	106954	89.3375	0.9719
EST1232710101S1K	EST1242802101S1K	na	NZ_CP049075.1	1754511	1322100	75.3543	1318936	99.7607	1302022	98.7176	3164	0.2393	1305136	98.7169	28581	2.1618	11617	40.6459	8553	29.9255	9230	32.2942	10132	35.4501	115001	67.1568	77610	92.6930	0.9629
EST1232710101S1K	EST1242804101S1K	na	NZ_CP049075.1	1754511	1342806	76.5345	1336958	99.5645	1324101	99.0383	5848	0.4355	1329891	99.0382	28009	2.0859	15094	53.8898	9356	33.4035	7809	27.8803	9255	33.0430	115001	53.8282	69079	83.5739	0.9594
EST1232710101S1K	EST1242805101S1K	na	NZ_CP049075.1	1754511	1218804	69.4669	1218119	99.9438	1202078	98.6831	685	0.0562	1202751	98.6829	24531	2.0127	8478	34.5604	7840	31.9596	8307	33.8633	8434	34.3810	115001	100.0000	153813	89.6108	0.9763
EST1232710101S1K	EST1247101101S1K	na	NZ_CP049075.1	1754511	863465	49.2140	862940	99.9392	851527	98.6774	525	0.0608	852028	98.6755	17194	1.9913	5757	33.4826	5259	30.5863	6107	35.5182	5860	34.0817	115001	94.5635	120859	90.9829	0.9754
EST1232710101S1K	EST1247106101S1K	na	NZ_CP049075.1	1754511	1312574	74.8114	1310912	99.8734	1292695	98.6104	1662	0.1266	1294281	98.6063	28865	2.1991	10572	36.6257	9161	31.7374	9895	34.2803	9728	33.7017	115001	69.4055	106665	89.7717	0.9628
EST1232710101S1K	EST1247109101S1K	na	NZ_CP049075.1	1754511	1379879	78.6475	1377977	99.8622	1358961	98.6200	1902	0.1378	1360776	98.6156	30049	2.1777	10946	36.4272	9245	30.7664	10876	36.1942	9864	32.8264	115001	88.3253	129147	91.8233	0.9734
EST1232710101S1K	EST1247203101S1K	na	NZ_CP049075.1	1754511	1198806	68.3271	1197278	99.8725	1182092	98.7316	1528	0.1275	1183576	98.7296	24608	2.0527	9378	38.1096	7983	32.4407	8169	33.1965	8383	34.0662	115001	88.4610	93469	91.7085	0.9744
EST1232710101S1K	EST1247206101S1K	na	NZ_CP049075.1	1754511	1255277	71.5457	1253918	99.8917	1238874	98.8002	1359	0.1083	1240192	98.7983	26117	2.0806	11032	42.2407	9826	37.6230	8342	31.9409	7812	29.9116	115001	100.0000	127972	95.2912	0.9916
EST1232710101S1K	EST1254306101S1K	na	NZ_CP049075.1	1754511	166670	9.4995	166593	99.9538	164502	98.7448	77	0.0462	164578	98.7448	2976	1.7856	884	29.7043	808	27.1505	1349	45.3293	810	27.2177	115001	51.5796	76013	100.0000	0.9604
EST1232710101S1K	EST1256811101S1K	na	NZ_CP049075.1	1754511	1160293	66.1320	1159467	99.9288	1144510	98.7100	826	0.0712	1145312	98.7089	22971	1.9798	7990	34.7830	7213	31.4005	8385	36.5025	7407	32.2450	115001	88.3253	139306	88.6832	0.9675
EST1232710101S1K	EST1350502101S1K	na	NZ_CP049075.1	1754511	651091	37.1095	649953	99.8252	642408	98.8391	1138	0.1748	643524	98.8378	12326	1.8931	4759	38.6094	3646	29.5798	4271	34.6503	4174	33.8634	115001	78.9863	126094	81.5098	0.9668
EST1232710101S1K	EST1350510101S1K	na	NZ_CP049075.1	1754511	1130647	64.4423	1129229	99.8746	1113414	98.5995	1418	0.1254	1114767	98.5955	25503	2.2556	9623	37.7328	8390	32.8981	8456	33.1569	8624	33.8156	115001	94.5635	117862	93.3473	0.9867
EST1232710101S1K	EST1350804101S1K	na	NZ_CP049075.1	1754511	1358979	77.4563	1356043	99.7840	1336456	98.5556	2936	0.2160	1339313	98.5529	31698	2.3325	12032	37.9582	9336	29.4530	10097	31.8537	11887	37.5008	115001	63.1673	75045	84.7918	0.9614
EST1232710101S1K	EST1350807101S1K	na	NZ_CP049075.1	1754511	1292805	73.6846	1291986	99.9366	1274228	98.6255	819	0.0634	1275020	98.6243	26822	2.0747	9037	33.6925	8262	30.8031	9276	34.5836	9318	34.7401	115001	100.0000	134701	87.8234	0.9826
EST1232710101S1K	EST1356604101S1K	na	NZ_CP049075.1	1754511	1319566	75.2099	1317867	99.8712	1299788	98.6282	1699	0.1288	1301445	98.6267	28182	2.1357	10061	35.7001	8432	29.9198	9525	33.7982	10137	35.9698	115001	72.5933	91591	100.0000	0.9643
EST1232710101S1K	EST1356611101S1K	na	NZ_CP049075.1	1754511	796082	45.3734	795534	99.9312	784959	98.6707	548	0.0688	785492	98.6697	16015	2.0117	5425	33.8745	4899	30.5901	5616	35.0671	5484	34.2429	115001	41.1970	57584	100.0000	0.9473
EST1232710101S1K	EST1357103101S1K	na	NZ_CP049075.1	1754511	920182	52.4466	919790	99.9574	910339	98.9725	392	0.0426	910720	98.9717	16230	1.7638	6768	41.7006	6395	39.4023	5316	32.7542	4544	27.9975	115001	94.5635	133245	90.8942	0.9795
EST1232710101S1K	EST1357107101S1K	na	NZ_CP049075.1	1754511	1340473	76.4015	1338350	99.8416	1318905	98.5471	2123	0.1584	1320927	98.5419	30734	2.2928	11188	36.4027	9324	30.3377	10286	33.4678	10946	35.6153	115001	60.0664	78769	85.4575	0.9599
EST1232710101S1K	EST1358301101S1K	na	NZ_CP049075.1	1754511	761063	43.3775	760672	99.9486	750879	98.7126	391	0.0514	751259	98.7118	14912	1.9594	5108	34.2543	4738	31.7731	5132	34.4152	5069	33.9928	115001	69.4055	94377	80.5514	0.9596
EST1232710101S1K	EST1358301201S1K	na	NZ_CP049075.1	1754511	1252780	71.4034	1251930	99.9322	1235282	98.6702	850	0.0678	1236103	98.6688	25604	2.0438	8927	34.8656	8126	31.7372	8676	33.8853	8821	34.4516	115001	69.4055	102933	72.9756	0.9543
EST1232710101S1K	EST1358302101S1K	na	NZ_CP049075.1	1754511	805884	45.9321	805439	99.9448	795107	98.7172	445	0.0552	795535	98.7158	15648	1.9417	5299	33.8638	4874	31.1478	5473	34.9757	5291	33.8126	115001	94.5635	133967	82.6248	0.9682
EST1232710101S1K	EST1358602101S1K	na	NZ_CP049075.1	1754511	449800	25.6368	449522	99.9382	443747	98.7153	278	0.0618	444009	98.7125	8754	1.9462	2963	33.8474	2701	30.8545	3090	35.2981	2968	33.9045	115001	52.7004	80640	80.1252	0.9598
EST1232710101S1K	EST1359005101S1K	na	NZ_CP049075.1	1754511	1304972	74.3781	1302454	99.8070	1285271	98.6807	2518	0.1930	1287739	98.6794	27940	2.1410	10707	38.3214	8267	29.5884	9210	32.9635	10058	35.9986	115001	93.7618	136370	82.9977	0.9750
EST1232710101S1K	EST1359006101S1K	na	NZ_CP049075.1	1754511	540099	30.7834	539746	99.9346	532682	98.6912	353	0.0654	533023	98.6899	10707	1.9824	3631	33.9124	3291	30.7369	3795	35.4441	3576	33.3987	115001	93.7618	151742	79.6510	0.9582
EST1232710101S1K	EST1359007101S1K	na	NZ_CP049075.1	1754511	1327836	75.6813	1326581	99.9055	1308577	98.6428	1255	0.0945	1309791	98.6410	27508	2.0716	9463	34.4009	8271	30.0676	9946	36.1568	9266	33.6847	115001	100.0000	147634	92.6176	0.9778
EST1232710101S1K	EST1361001101S1K	na	NZ_CP049075.1	1754511	1128720	64.3325	1128204	99.9543	1114087	98.7487	516	0.0457	1114592	98.7483	21732	1.9254	7604	34.9899	7104	32.6891	7638	35.1463	7022	32.3118	115001	100.0000	155104	89.4742	0.9755
EST1232710101S1K	EST1361002101S1K	na	NZ_CP049075.1	1754511	1367844	77.9616	1365684	99.8421	1346206	98.5738	2160	0.1579	1348288	98.5703	30829	2.2538	11273	36.5662	9262	30.0431	10445	33.8804	10997	35.6710	115001	94.5635	120862	90.7771	0.9814
EST1232710101S1K	EST1361007101S1K	na	NZ_CP049075.1	1754511	1388184	79.1208	1385833	99.8306	1366339	98.5933	2351	0.1694	1368603	98.5895	31142	2.2434	11561	37.1235	9472	30.4155	10487	33.6748	11057	35.5051	115001	93.7618	126515	93.8940	0.9698
EST1232710101S1K	EST2359005102S1K	na	NZ_CP049075.1	1754511	1316435	75.0314	1311963	99.6603	1294696	98.6839	4472	0.3397	1299059	98.6801	30042	2.2821	12666	42.1610	8407	27.9842	9691	32.2582	10942	36.4223	115001	93.7618	128523	83.2481	0.9738
EST1232905101S1K	EST1233822101S1K	na	NZ_CP049075.1	1754511	1155227	65.8432	1150716	99.6095	1137495	98.8511	4511	0.3905	1141969	98.8523	24413	2.1133	11155	45.6929	6693	27.4157	7274	29.7956	9468	38.7826	90764	86.6213	120979	62.9374	0.9637
EST1232905101S1K	EST1233822201S1K	na	NZ_CP049075.1	1754511	1101353	62.7726	1100325	99.9067	1086019	98.6998	1028	0.0933	1087027	98.6992	22358	2.0300	8032	35.9245	7034	31.4608	7322	32.7489	8123	36.3315	90764	86.6213	142473	55.2757	0.9543
EST1232905101S1K	EST1234702101S1K	na	NZ_CP049075.1	1754511	251244	14.3199	251206	99.9849	249669	99.3882	38	0.0151	249707	99.3882	3988	1.5873	2451	61.4594	2413	60.5065	783	19.6339	808	20.2608	90764	76.3320	100029	81.5963	0.9776
EST1232905101S1K	EST1234704101S1K	na	NZ_CP049075.1	1754511	1325475	75.5467	1324333	99.9138	1306548	98.6571	1142	0.0862	1307672	98.6569	27622	2.0839	9819	35.5478	8715	31.5509	8990	32.5465	9995	36.1849	90764	45.6624	50396	71.0255	0.9595
EST1232905101S1K	EST1236807101S1K	na	NZ_CP049075.1	1754511	1202468	68.5358	1202035	99.9640	1186701	98.7243	433	0.0360	1187124	98.7240	22874	1.9023	7530	32.9195	7110	31.0833	8310	36.3295	7555	33.0288	90764	92.1896	139782	75.1320	0.9617
EST1232905101S1K	EST1237103201S1K	na	NZ_CP049075.1	1754511	1195052	68.1131	1194013	99.9131	1180294	98.8510	1039	0.0869	1181314	98.8504	23483	1.9650	9745	41.4981	8743	37.2312	6854	29.1871	7964	33.9139	90764	51.2307	83812	50.9235	0.9471
EST1232905101S1K	EST1238001101S1K	na	NZ_CP049075.1	1754511	1010956	57.6204	1010552	99.9600	997805	98.7386	404	0.0400	998205	98.7387	19322	1.9113	6571	34.0079	6174	31.9532	6915	35.7882	6321	32.7140	90764	25.9101	20057	100.0000	0.9609
EST1232905101S1K	EST1238002101S1K	na	NZ_CP049075.1	1754511	1212347	69.0989	1211730	99.9491	1195949	98.6976	617	0.0509	1196541	98.6962	24368	2.0100	8562	35.1362	7987	32.7766	8153	33.4578	8311	34.1062	90764	94.4317	111899	68.7727	0.9704
EST1232905101S1K	EST1241101101S1K	na	NZ_CP049075.1	1754511	1292321	73.6570	1291133	99.9081	1274561	98.7165	1188	0.0919	1275715	98.7150	26049	2.0157	9443	36.2509	8291	31.8285	8612	33.0608	9056	34.7653	90764	88.3302	116967	65.2030	0.9670
EST1232905101S1K	EST1241104101S1K	na	NZ_CP049075.1	1754511	1202021	68.5103	1201517	99.9581	1185816	98.6932	504	0.0419	1186302	98.6923	22225	1.8490	6506	29.2733	6022	27.0956	9870	44.4094	6411	28.8459	90764	45.6624	93863	45.5803	0.9364
EST1232905101S1K	EST1242101101S1K	na	NZ_CP049075.1	1754511	388966	22.1695	388863	99.9735	384814	98.9588	103	0.0265	384917	98.9590	6982	1.7950	2933	42.0080	2830	40.5328	2096	30.0201	2091	29.9484	90764	80.5198	107133	76.9641	0.9797
EST1232905101S1K	EST1242103101S1K	na	NZ_CP049075.1	1754511	1047865	59.7240	1047413	99.9569	1034597	98.7764	452	0.0431	1035039	98.7760	19719	1.8818	6893	34.9561	6451	32.7146	6781	34.3882	6538	33.1558	90764	88.3302	123051	62.9869	0.9671
EST1232905101S1K	EST1242207101S1K	na	NZ_CP049075.1	1754511	707932	40.3492	707788	99.9797	699453	98.8224	144	0.0203	699594	98.8222	12788	1.8064	4450	34.7982	4309	33.6957	4380	34.2509	4162	32.5461	90764	94.4317	140321	77.3263	0.9641
EST1232905101S1K	EST1242209101S1K	na	NZ_CP049075.1	1754511	1047156	59.6836	1046368	99.9247	1033474	98.7677	788	0.0753	1034251	98.7676	19958	1.9059	7053	35.3392	6276	31.4460	6644	33.2899	7030	35.2240	90764	74.6232	127907	57.1525	0.9531
EST1232905101S1K	EST1242704101S1K	na	NZ_CP049075.1	1754511	1297640	73.9602	1286443	99.1371	1274886	99.1016	11197	0.8629	1285960	99.0999	29240	2.2533	17560	60.0547	6494	22.2093	7474	25.5609	12308	42.0930	90764	54.6659	84615	50.7002	0.9477
EST1232905101S1K	EST1242801101S1K	na	NZ_CP049075.1	1754511	1251279	71.3178	1250292	99.9211	1234228	98.7152	987	0.0789	1235205	98.7154	24286	1.9409	8212	33.8137	7236	29.7949	8841	36.4037	8193	33.7355	90764	94.4317	106954	57.4630	0.9498
EST1232905101S1K	EST1242802101S1K	na	NZ_CP049075.1	1754511	1224465	69.7895	1221992	99.7980	1206920	98.7666	2473	0.2020	1209360	98.7664	24938	2.0366	9833	39.4298	7393	29.6455	8051	32.2841	9007	36.1176	90764	53.4727	77610	47.5905	0.9447
EST1232905101S1K	EST1242804101S1K	na	NZ_CP049075.1	1754511	1257670	71.6821	1252392	99.5803	1238030	98.8532	5278	0.4197	1243264	98.8545	26403	2.0994	11997	45.4380	6774	25.6562	8281	31.3639	10055	38.0828	90764	86.6213	69079	100.0000	0.9816
EST1232905101S1K	EST1242805101S1K	na	NZ_CP049075.1	1754511	1183727	67.4676	1183250	99.9597	1168394	98.7445	477	0.0403	1168859	98.7440	22897	1.9343	8029	35.0657	7574	33.0786	7712	33.6813	7758	33.8822	90764	100.0000	153813	72.8209	0.9619
EST1232905101S1K	EST1247101101S1K	na	NZ_CP049075.1	1754511	849950	48.4437	849648	99.9645	844414	99.3840	302	0.0355	844715	99.3841	13353	1.5710	8118	60.7953	7817	58.5412	2773	20.7669	2776	20.7893	90764	88.3302	120859	66.5999	0.9750
EST1232905101S1K	EST1247106101S1K	na	NZ_CP049075.1	1754511	1222955	69.7035	1222312	99.9474	1206410	98.6990	643	0.0526	1207026	98.6975	25056	2.0488	9127	36.4264	8525	34.0238	8156	32.5511	8409	33.5608	90764	94.4317	106665	100.0000	0.9842
EST1232905101S1K	EST1247109101S1K	na	NZ_CP049075.1	1754511	1280121	72.9617	1279460	99.9484	1262434	98.6693	661	0.0516	1263068	98.6679	25355	1.9807	8302	32.7430	7672	30.2583	9208	36.3163	8588	33.8710	90764	86.6213	129147	76.7900	0.9620
EST1232905101S1K	EST1247203101S1K	na	NZ_CP049075.1	1754511	1126885	64.2279	1125708	99.8956	1111704	98.7560	1177	0.1044	1112857	98.7552	22417	1.9893	8389	37.4225	7238	32.2880	7406	33.0374	7748	34.5631	90764	88.3302	93469	82.4145	0.9781
EST1232905101S1K	EST1247206101S1K	na	NZ_CP049075.1	1754511	1094790	62.3986	1094328	99.9578	1079965	98.6875	462	0.0422	1080408	98.6863	21787	1.9901	7405	33.9882	6978	32.0283	7540	34.6078	7354	33.7541	90764	88.3302	127972	59.1372	0.9537
EST1232905101S1K	EST1254306101S1K	na	NZ_CP049075.1	1754511	166250	9.4756	166211	99.9765	164181	98.7787	39	0.0235	164220	98.7789	2819	1.6956	789	27.9886	750	26.6052	1281	45.4416	802	28.4498	90764	33.6642	76013	48.8390	0.9480
EST1232905101S1K	EST1256811101S1K	na	NZ_CP049075.1	1754511	1110203	63.2771	1109758	99.9599	1095389	98.7052	445	0.0401	1095818	98.7043	21305	1.9190	6920	32.4806	6492	30.4717	7831	36.7566	7110	33.3724	90764	92.1896	139306	75.2028	0.9621
EST1232905101S1K	EST1350502101S1K	na	NZ_CP049075.1	1754511	642250	36.6056	641230	99.8412	634142	98.8946	1020	0.1588	635153	98.8950	11576	1.8024	4479	38.6921	3468	29.9585	3918	33.8459	3980	34.3815	90764	80.5198	126094	58.1281	0.9593
EST1232905101S1K	EST1350510101S1K	na	NZ_CP049075.1	1754511	989442	56.3942	988916	99.9468	975520	98.6454	526	0.0532	976023	98.6438	20590	2.0810	7171	34.8276	6673	32.4089	6880	33.4143	7104	34.5022	90764	88.3302	117862	65.3739	0.9633
EST1232905101S1K	EST1350804101S1K	na	NZ_CP049075.1	1754511	1281215	73.0241	1279482	99.8647	1262995	98.7114	1733	0.1353	1264697	98.7108	27121	2.1168	10603	39.0952	8919	32.8860	8202	30.2422	9774	36.0385	90764	86.6213	75045	85.6833	0.9780
EST1232905101S1K	EST1350807101S1K	na	NZ_CP049075.1	1754511	1238970	70.6163	1238544	99.9656	1221862	98.6531	426	0.0344	1222274	98.6524	24583	1.9841	7887	32.0831	7480	30.4275	8605	35.0039	8642	35.1544	90764	100.0000	134701	64.2601	0.9638
EST1232905101S1K	EST1356604101S1K	na	NZ_CP049075.1	1754511	1231144	70.1702	1230090	99.9144	1215011	98.7742	1054	0.0856	1216039	98.7731	23979	1.9477	8874	37.0074	7846	32.7203	7900	32.9455	8239	34.3592	90764	47.5761	91591	58.6717	0.9371
EST1232905101S1K	EST1356611101S1K	na	NZ_CP049075.1	1754511	815810	46.4979	815432	99.9537	805453	98.7762	378	0.0463	805823	98.7758	15691	1.9234	5704	36.3520	5343	34.0514	5095	32.4708	5264	33.5479	90764	39.7658	57584	88.7087	0.9503
EST1232905101S1K	EST1357103101S1K	na	NZ_CP049075.1	1754511	914328	52.1130	914116	99.9768	902549	98.7346	212	0.0232	902759	98.7347	16790	1.8363	5221	31.0959	5012	29.8511	6286	37.4390	5562	33.1269	90764	88.3302	133245	60.8060	0.9593
EST1232905101S1K	EST1357107101S1K	na	NZ_CP049075.1	1754511	1261858	71.9208	1260953	99.9283	1247192	98.9087	905	0.0717	1248072	98.9075	24783	1.9640	10997	44.3732	10126	40.8587	7037	28.3945	7555	30.4846	90764	82.4336	78769	92.1492	0.9855
EST1232905101S1K	EST1358301101S1K	na	NZ_CP049075.1	1754511	784485	44.7125	784278	99.9736	779651	99.4100	207	0.0264	779857	99.4101	12629	1.6098	8001	63.3542	7807	61.8180	2301	18.2200	2539	20.1045	90764	88.3302	94377	85.1913	0.9910
EST1232905101S1K	EST1358301201S1K	na	NZ_CP049075.1	1754511	1248011	71.1316	1247484	99.9578	1239954	99.3964	527	0.0422	1240479	99.3965	20862	1.6716	13330	63.8961	12820	61.4514	3655	17.5199	4425	21.2108	90764	100.0000	102933	88.3924	0.9919
EST1232905101S1K	EST1358302101S1K	na	NZ_CP049075.1	1754511	823701	46.9476	823484	99.9737	818159	99.3534	217	0.0263	818376	99.3535	13019	1.5805	7694	59.0982	7477	57.4314	2829	21.7298	2733	20.9924	90764	88.3302	133967	60.3611	0.9675
EST1232905101S1K	EST1358602101S1K	na	NZ_CP049075.1	1754511	446679	25.4589	446548	99.9707	441197	98.8017	131	0.0293	441324	98.8012	8192	1.8340	2837	34.6313	2710	33.0811	2765	33.7524	2726	33.2764	90764	42.6678	80640	49.4730	0.9474
EST1232905101S1K	EST1359005101S1K	na	NZ_CP049075.1	1754511	1250233	71.2582	1248255	99.8418	1232424	98.7317	1978	0.1582	1234377	98.7318	25345	2.0272	9489	37.4393	7536	29.7337	8329	32.8625	9250	36.4964	90764	86.6213	136370	58.1528	0.9562
EST1232905101S1K	EST1359006101S1K	na	NZ_CP049075.1	1754511	541075	30.8391	540866	99.9614	533934	98.7184	209	0.0386	534142	98.7187	10268	1.8977	3335	32.4795	3127	30.4538	3692	35.9564	3486	33.9501	90764	80.5198	151742	49.1914	0.9513
EST1232905101S1K	EST1359007101S1K	na	NZ_CP049075.1	1754511	1250181	71.2552	1249421	99.9392	1233318	98.7112	760	0.0608	1234062	98.7107	24247	1.9395	8128	33.5217	7385	30.4574	8639	35.6291	8317	34.3012	90764	94.4317	147634	71.3643	0.9594
EST1232905101S1K	EST1361001101S1K	na	NZ_CP049075.1	1754511	1105951	63.0347	1105575	99.9660	1091396	98.7175	376	0.0340	1091761	98.7169	20953	1.8946	6763	32.2770	6402	30.5541	7630	36.4148	7001	33.4129	90764	94.4317	155104	66.7468	0.9510
EST1232905101S1K	EST1361002101S1K	na	NZ_CP049075.1	1754511	1274197	72.6241	1273190	99.9210	1256776	98.7108	1007	0.0790	1257763	98.7102	25596	2.0088	9162	35.7947	8178	31.9503	8457	33.0403	8955	34.9859	90764	94.4317	120862	66.1738	0.9690
EST1232905101S1K	EST1361007101S1K	na	NZ_CP049075.1	1754511	1284879	73.2329	1283745	99.9117	1268349	98.8007	1134	0.0883	1269455	98.7996	25207	1.9618	9783	38.8106	8692	34.4825	8143	32.3045	8286	32.8718	90764	86.6213	126515	66.6743	0.9600
EST1232905101S1K	EST2359005102S1K	na	NZ_CP049075.1	1754511	1210961	69.0199	1207649	99.7265	1192610	98.7547	3312	0.2735	1195866	98.7535	25462	2.1026	10367	40.7156	7116	27.9475	8078	31.7257	9491	37.2752	90764	86.6213	128523	57.1252	0.9561
EST1233822101S1K	EST1233822201S1K	na	NZ_CP049075.1	1754511	1106446	63.0629	1101425	99.5462	1101137	99.9739	5021	0.4538	1106156	99.9738	17892	1.6171	17602	98.3792	12611	70.4840	2405	13.4418	969	5.4158	120979	100.0000	142473	83.4362	0.9804
EST1233822101S1K	EST1234702101S1K	na	NZ_CP049075.1	1754511	214450	12.2228	213610	99.6083	211261	98.9003	840	0.3917	212095	98.9018	4374	2.0396	2019	46.1591	1185	27.0919	1754	40.1006	1251	28.6008	120979	51.6519	100029	69.1060	0.9608
EST1233822101S1K	EST1234704101S1K	na	NZ_CP049075.1	1754511	1268892	72.3217	1263419	99.5687	1253679	99.2291	5473	0.4313	1259113	99.2293	25266	1.9912	15487	61.2958	10115	40.0340	7704	30.4916	5960	23.5890	120979	39.6747	50396	87.8264	0.9484
EST1233822101S1K	EST1236807101S1K	na	NZ_CP049075.1	1754511	1172174	66.8092	1167606	99.6103	1154266	98.8575	4568	0.3897	1158793	98.8584	24391	2.0808	11010	45.1396	6489	26.6041	10103	41.4210	6993	28.6704	120979	100.0000	139782	96.3050	0.9865
EST1233822101S1K	EST1237103201S1K	na	NZ_CP049075.1	1754511	1177237	67.0977	1172111	99.5646	1157971	98.7936	5126	0.4354	1163048	98.7947	26366	2.2397	12177	46.1845	7109	26.9628	9768	37.0477	8488	32.1930	120979	62.2191	83812	86.5210	0.9607
EST1233822101S1K	EST1238001101S1K	na	NZ_CP049075.1	1754511	940178	53.5863	936349	99.5927	925578	98.8497	3829	0.4073	929378	98.8513	19501	2.0742	8701	44.6182	4902	25.1372	8270	42.4081	5566	28.5421	120979	11.2854	20057	60.4776	0.9325
EST1233822101S1K	EST1238002101S1K	na	NZ_CP049075.1	1754511	1197119	68.2309	1192384	99.6045	1179106	98.8864	4735	0.3955	1183783	98.8860	25680	2.1452	12344	48.0685	7710	30.0234	9619	37.4572	7385	28.7578	120979	92.7409	111899	87.8775	0.9780
EST1233822101S1K	EST1241101101S1K	na	NZ_CP049075.1	1754511	1257646	71.6807	1252117	99.5604	1238191	98.8878	5529	0.4396	1243653	98.8874	27174	2.1607	13181	48.5059	7771	28.5972	10092	37.1384	8100	29.8079	120979	95.5736	116967	93.8684	0.9839
EST1233822101S1K	EST1241104101S1K	na	NZ_CP049075.1	1754511	1196661	68.2048	1192033	99.6133	1178102	98.8313	4628	0.3867	1182680	98.8317	24284	2.0293	10303	42.4271	5747	23.6658	11722	48.2705	6063	24.9671	120979	69.4782	93863	93.7249	0.9655
EST1233822101S1K	EST1242101101S1K	na	NZ_CP049075.1	1754511	347193	19.7886	345773	99.5910	342191	98.9641	1420	0.4090	343599	98.9648	6937	1.9980	3343	48.1909	1939	27.9516	2703	38.9650	2009	28.9606	120979	65.7701	107133	87.4380	0.9566
EST1233822101S1K	EST1242103101S1K	na	NZ_CP049075.1	1754511	1007954	57.4493	1003898	99.5976	993208	98.9352	4056	0.4024	997228	98.9359	20538	2.0376	9812	47.7749	5806	28.2695	8079	39.3368	5804	28.2598	120979	95.5736	123051	93.9480	0.9862
EST1233822101S1K	EST1242207101S1K	na	NZ_CP049075.1	1754511	661463	37.7007	658640	99.5732	651658	98.9399	2823	0.4268	654459	98.9411	13384	2.0234	6380	47.6689	3579	26.7409	5479	40.9369	3756	28.0634	120979	100.0000	140321	94.7698	0.9790
EST1233822101S1K	EST1242209101S1K	na	NZ_CP049075.1	1754511	1009074	57.5131	1004731	99.5696	993764	98.9085	4343	0.4304	998070	98.9095	21063	2.0874	10059	47.7567	5783	27.4557	7978	37.8768	6384	30.3091	120979	93.1410	127907	90.0224	0.9817
EST1233822101S1K	EST1242704101S1K	na	NZ_CP049075.1	1754511	1261286	71.8882	1246692	98.8429	1237064	99.2277	14594	1.1571	1251556	99.2286	30208	2.3950	20478	67.7900	6727	22.2689	8895	29.4458	11114	36.7916	120979	62.7580	84615	85.7850	0.9638
EST1233822101S1K	EST1242801101S1K	na	NZ_CP049075.1	1754511	1221119	69.5988	1215901	99.5727	1201932	98.8511	5218	0.4273	1207114	98.8531	25865	2.1181	11860	45.8535	6700	25.9037	10557	40.8158	7632	29.5071	120979	100.0000	106954	93.1999	0.9737
EST1233822101S1K	EST1242802101S1K	na	NZ_CP049075.1	1754511	1208046	68.8537	1201576	99.4644	1188569	98.9175	6470	0.5356	1194988	98.9191	26489	2.1927	13431	50.7041	7161	27.0339	9691	36.5850	8245	31.1261	120979	69.4782	77610	90.5914	0.9629
EST1233822101S1K	EST1242804101S1K	na	NZ_CP049075.1	1754511	1220301	69.5522	1211245	99.2579	1199159	99.0022	9056	0.7421	1208137	99.0032	27365	2.2425	15201	55.5491	6574	24.0234	9900	36.1776	8998	32.8814	120979	62.9374	69079	100.0000	0.9634
EST1233822101S1K	EST1242805101S1K	na	NZ_CP049075.1	1754511	1145292	65.2770	1140696	99.5987	1128409	98.9229	4596	0.4013	1132964	98.9236	23817	2.0796	11489	48.2387	6961	29.2270	9011	37.8343	6779	28.4629	120979	100.0000	153813	87.9308	0.9785
EST1233822101S1K	EST1247101101S1K	na	NZ_CP049075.1	1754511	811639	46.2601	808478	99.6105	799362	98.8724	3161	0.3895	802498	98.8738	16789	2.0685	7648	45.5536	4512	26.8747	6619	39.4246	5068	30.1864	120979	95.5736	120859	93.6637	0.9900
EST1233822101S1K	EST1247106101S1K	na	NZ_CP049075.1	1754511	1185216	67.5525	1180503	99.6024	1166824	98.8413	4713	0.3976	1171466	98.8399	25668	2.1657	11918	46.4314	7323	28.5297	9834	38.3123	7590	29.5699	120979	70.1965	106665	93.4140	0.9650
EST1233822101S1K	EST1247109101S1K	na	NZ_CP049075.1	1754511	1254877	71.5229	1249821	99.5971	1234724	98.7921	5056	0.4029	1239713	98.7916	27229	2.1699	12065	44.3094	7095	26.0568	11205	41.1510	8092	29.7183	120979	100.0000	129147	100.0000	0.9871
EST1233822101S1K	EST1247203101S1K	na	NZ_CP049075.1	1754511	1115917	63.6027	1110875	99.5482	1098564	98.8918	5042	0.4518	1103548	98.8916	23914	2.1430	11545	48.2772	6613	27.6533	9121	38.1408	7169	29.9783	120979	89.5726	93469	92.0391	0.9657
EST1233822101S1K	EST1247206101S1K	na	NZ_CP049075.1	1754511	1106321	63.0558	1101976	99.6073	1088672	98.7927	4345	0.3927	1092961	98.7924	24138	2.1818	10778	44.6516	6497	26.9161	9555	39.5849	7235	29.9735	120979	95.5736	127972	89.7876	0.9793
EST1233822101S1K	EST1254306101S1K	na	NZ_CP049075.1	1754511	156706	8.9316	156065	99.5910	154375	98.9171	641	0.4090	155015	98.9209	3061	1.9533	1370	44.7566	731	23.8811	1511	49.3630	712	23.2604	120979	55.3600	76013	100.0000	0.9639
EST1233822101S1K	EST1256811101S1K	na	NZ_CP049075.1	1754511	1095931	62.4636	1091475	99.5934	1078963	98.8537	4456	0.4066	1083373	98.8541	22968	2.0958	10410	45.3239	6007	26.1538	9583	41.7233	6593	28.7052	120979	100.0000	139306	96.2859	0.9864
EST1233822101S1K	EST1350502101S1K	na	NZ_CP049075.1	1754511	609183	34.7210	606127	99.4983	600409	99.0566	3056	0.5017	603435	99.0564	11890	1.9518	6142	51.6569	3174	26.6947	4658	39.1758	3399	28.5870	120979	88.3145	126094	86.7583	0.9802
EST1233822101S1K	EST1350510101S1K	na	NZ_CP049075.1	1754511	1008222	57.4646	1004350	99.6160	992554	98.8255	3872	0.3840	996370	98.8245	22233	2.2052	10381	46.6919	6607	29.7171	8125	36.5448	6653	29.9240	120979	95.5736	117862	93.8182	0.9827
EST1233822101S1K	EST1350804101S1K	na	NZ_CP049075.1	1754511	1234390	70.3552	1228476	99.5209	1213502	98.7811	5914	0.4791	1219320	98.7792	28349	2.2966	13279	46.8412	7548	26.6253	10117	35.6873	9461	33.3733	120979	70.1965	75045	100.0000	0.9675
EST1233822101S1K	EST1350807101S1K	na	NZ_CP049075.1	1754511	1206398	68.7598	1201712	99.6116	1187828	98.8446	4686	0.3884	1192473	98.8457	25586	2.1209	11661	45.5757	7031	27.4799	9974	38.9823	7582	29.6334	120979	100.0000	134701	85.7640	0.9755
EST1233822101S1K	EST1356604101S1K	na	NZ_CP049075.1	1754511	1203950	68.6203	1198687	99.5629	1186371	98.9725	5263	0.4371	1191576	98.9722	25005	2.0769	12631	50.5139	7455	29.8140	8978	35.9048	7077	28.3023	120979	67.0455	91591	85.1077	0.9571
EST1233822101S1K	EST1356611101S1K	na	NZ_CP049075.1	1754511	752791	42.9060	749601	99.5762	741193	98.8783	3190	0.4238	744347	98.8783	15759	2.0934	7315	46.4179	4171	26.4674	6251	39.6662	4702	29.8369	120979	37.2420	57584	88.7087	0.9398
EST1233822101S1K	EST1357103101S1K	na	NZ_CP049075.1	1754511	869836	49.5771	866330	99.5969	856578	98.8743	3506	0.4031	860050	98.8750	17717	2.0368	7931	44.7649	4459	25.1679	7580	42.7838	4974	28.0747	120979	95.5736	133245	89.6574	0.9807
EST1233822101S1K	EST1357107101S1K	na	NZ_CP049075.1	1754511	1214166	69.2025	1209095	99.5823	1194876	98.8240	5071	0.4177	1199864	98.8221	26915	2.2167	12613	46.8623	7651	28.4265	9906	36.8048	8333	30.9604	120979	56.0783	78769	84.4266	0.9605
EST1233822101S1K	EST1358301101S1K	na	NZ_CP049075.1	1754511	721407	41.1173	718473	99.5933	710540	98.8959	2934	0.4067	713447	98.8966	14915	2.0675	6955	46.6309	4059	27.2142	5885	39.4569	4366	29.2725	120979	65.7701	94377	84.3426	0.9663
EST1233822101S1K	EST1358301201S1K	na	NZ_CP049075.1	1754511	1173477	66.8834	1168816	99.6028	1155264	98.8405	4661	0.3972	1159884	98.8416	25058	2.1354	11465	45.7539	6866	27.4004	9700	38.7102	7571	30.2139	120979	70.1965	102933	81.9922	0.9626
EST1233822101S1K	EST1358302101S1K	na	NZ_CP049075.1	1754511	769981	43.8858	766872	99.5962	758308	98.8833	3109	0.4038	761396	98.8850	15822	2.0549	7237	45.7401	4149	26.2230	6346	40.1087	4621	29.2062	120979	95.5736	133967	85.1441	0.9824
EST1233822101S1K	EST1358602101S1K	na	NZ_CP049075.1	1754511	426384	24.3022	424708	99.6069	420118	98.9193	1676	0.3931	421782	98.9207	8685	2.0369	4083	47.0121	2420	27.8641	3466	39.9079	2438	28.0714	120979	49.8979	80640	70.0322	0.9546
EST1233822101S1K	EST1359005101S1K	na	NZ_CP049075.1	1754511	1211888	69.0727	1205800	99.4976	1192358	98.8852	6088	0.5024	1198388	98.8860	26329	2.1726	12829	48.7257	6872	26.1005	9761	37.0732	8428	32.0103	120979	100.0000	136370	89.2484	0.9824
EST1233822101S1K	EST1359006101S1K	na	NZ_CP049075.1	1754511	511400	29.1477	509313	99.5919	503711	98.9001	2087	0.4081	505781	98.9013	10446	2.0426	4827	46.2091	2763	26.4503	4225	40.4461	3047	29.1691	120979	95.5736	151742	81.0593	0.9757
EST1233822101S1K	EST1359007101S1K	na	NZ_CP049075.1	1754511	1211215	69.0343	1206188	99.5850	1192345	98.8523	5027	0.4150	1197316	98.8525	25590	2.1128	11691	45.6858	6726	26.2837	10332	40.3751	7594	29.6757	120979	100.0000	147634	90.7731	0.9830
EST1233822101S1K	EST1361001101S1K	na	NZ_CP049075.1	1754511	1066080	60.7622	1061728	99.5918	1050030	98.8982	4352	0.4082	1054343	98.8991	21968	2.0606	10231	46.5723	5918	26.9392	8933	40.6637	6243	28.4186	120979	100.0000	155104	85.1313	0.9770
EST1233822101S1K	EST1361002101S1K	na	NZ_CP049075.1	1754511	1243613	70.8809	1238298	99.5726	1224155	98.8579	5315	0.4274	1229417	98.8585	27031	2.1736	12835	47.4825	7627	28.2158	10089	37.3238	8183	30.2726	120979	100.0000	120862	94.0759	0.9863
EST1233822101S1K	EST1361007101S1K	na	NZ_CP049075.1	1754511	1252596	71.3929	1247054	99.5576	1232589	98.8401	5542	0.4424	1238058	98.8394	27585	2.2022	13047	47.2974	7632	27.6672	10489	38.0243	8473	30.7160	120979	100.0000	126515	95.0488	0.9830
EST1233822101S1K	EST2359005102S1K	na	NZ_CP049075.1	1754511	1199424	68.3623	1192117	99.3908	1178914	98.8925	7307	0.6092	1186144	98.8928	27142	2.2629	13862	51.0721	6840	25.2008	9728	35.8411	8950	32.9747	120979	100.0000	128523	89.9209	0.9817
EST1233822201S1K	EST1234702101S1K	na	NZ_CP049075.1	1754511	200447	11.4247	200284	99.9187	197763	98.7413	163	0.0813	197924	98.7413	3965	1.9781	1442	36.3682	1281	32.3077	1452	36.6204	1249	31.5006	142473	52.3089	100029	87.5096	0.9634
EST1233822201S1K	EST1234704101S1K	na	NZ_CP049075.1	1754511	1206325	68.7556	1204505	99.8491	1194250	99.1486	1820	0.1509	1196052	99.1484	23037	1.9097	12764	55.4065	10992	47.7145	6013	26.1015	5943	25.7976	142473	39.8588	50396	100.0000	0.9459
EST1233822201S1K	EST1236807101S1K	na	NZ_CP049075.1	1754511	1115277	63.5663	1114166	99.9004	1099631	98.6954	1111	0.0996	1100724	98.6951	22331	2.0023	7778	34.8305	6687	29.9449	8742	39.1474	7021	31.4406	142473	83.4362	139782	96.3050	0.9706
EST1233822201S1K	EST1237103201S1K	na	NZ_CP049075.1	1754511	1126568	64.2098	1124919	99.8536	1109692	98.6464	1649	0.1464	1111309	98.6455	24491	2.1739	9232	37.6955	7626	31.1380	8408	34.3310	8560	34.9516	142473	56.0296	83812	94.0223	0.9529
EST1233822201S1K	EST1238001101S1K	na	NZ_CP049075.1	1754511	893671	50.9356	892758	99.8978	881169	98.7019	913	0.1022	882068	98.7016	17683	1.9787	6080	34.3833	5182	29.3050	6955	39.3316	5622	31.7932	142473	11.3650	20057	60.4776	0.9201
EST1233822201S1K	EST1238002101S1K	na	NZ_CP049075.1	1754511	1142316	65.1074	1140935	99.8791	1126545	98.7388	1381	0.1209	1127897	98.7377	23710	2.0756	9291	39.1860	7959	33.5681	8290	34.9642	7507	31.6617	142473	81.9475	111899	93.4986	0.9726
EST1233822201S1K	EST1241101101S1K	na	NZ_CP049075.1	1754511	1194515	68.0825	1192741	99.8515	1177735	98.7419	1774	0.1485	1179473	98.7407	24929	2.0870	9887	39.6606	8165	32.7530	8611	34.5421	8086	32.4361	142473	79.7197	116967	93.8684	0.9729
EST1233822201S1K	EST1241104101S1K	na	NZ_CP049075.1	1754511	1139429	64.9428	1138264	99.8978	1123105	98.6682	1165	0.1022	1124240	98.6670	22226	1.9506	7037	31.6611	5907	26.5770	10218	45.9732	6180	27.8053	142473	61.3197	93863	100.0000	0.9527
EST1233822201S1K	EST1242101101S1K	na	NZ_CP049075.1	1754511	327961	18.6924	327644	99.9033	323657	98.7831	317	0.0967	323968	98.7825	6375	1.9438	2382	37.3647	2073	32.5176	2282	35.7961	2046	32.0941	142473	65.8616	107133	100.0000	0.9654
EST1233822201S1K	EST1242103101S1K	na	NZ_CP049075.1	1754511	957079	54.5496	956089	99.8966	944445	98.7821	990	0.1034	945421	98.7819	18766	1.9608	7108	37.8770	6138	32.7081	6845	36.4755	5843	31.1361	142473	79.7197	123051	93.9480	0.9702
EST1233822201S1K	EST1242207101S1K	na	NZ_CP049075.1	1754511	626758	35.7227	626186	99.9087	618172	98.7202	572	0.0913	618741	98.7209	12258	1.9558	4241	34.5978	3672	29.9559	4736	38.6360	3931	32.0689	142473	83.4362	140321	94.7698	0.9753
EST1233822201S1K	EST1242209101S1K	na	NZ_CP049075.1	1754511	957793	54.5903	956493	99.8643	944474	98.7434	1300	0.1357	945757	98.7434	19368	2.0221	7332	37.8563	6056	31.2681	6867	35.4554	6429	33.1939	142473	80.2033	127907	95.0878	0.9706
EST1233822201S1K	EST1242704101S1K	na	NZ_CP049075.1	1754511	1195977	68.1658	1184898	99.0736	1174354	99.1101	11079	0.9264	1185343	99.1109	27831	2.3271	17197	61.7908	6223	22.3600	7636	27.4370	11059	39.7363	142473	56.5216	84615	93.2317	0.9536
EST1233822201S1K	EST1242801101S1K	na	NZ_CP049075.1	1754511	1158017	66.0023	1156430	99.8630	1141307	98.6923	1587	0.1370	1142878	98.6927	23672	2.0442	8533	36.0468	6966	29.4272	9012	38.0703	7695	32.5068	142473	83.4362	106954	93.1999	0.9559
EST1233822201S1K	EST1242802101S1K	na	NZ_CP049075.1	1754511	1150864	65.5946	1147798	99.7336	1133697	98.7715	3066	0.2664	1136735	98.7723	24458	2.1252	10329	42.2316	7294	29.8226	8366	34.2056	8311	33.9807	142473	57.5183	77610	90.5914	0.9500
EST1233822201S1K	EST1242804101S1K	na	NZ_CP049075.1	1754511	1157399	65.9670	1151895	99.5245	1138682	98.8529	5504	0.4755	1144133	98.8538	25218	2.1789	11952	47.3947	6512	25.8228	8467	33.5752	9105	36.1052	142473	55.2757	69079	100.0000	0.9511
EST1233822201S1K	EST1242805101S1K	na	NZ_CP049075.1	1754511	1093888	62.3472	1092749	99.8959	1079482	98.7859	1139	0.1041	1080600	98.7853	21838	1.9964	8550	39.1519	7449	34.1103	7608	34.8384	6875	31.4818	142473	87.8517	153813	92.0228	0.9712
EST1233822201S1K	EST1247101101S1K	na	NZ_CP049075.1	1754511	769311	43.8476	768533	99.8989	758724	98.7237	778	0.1011	759492	98.7237	15286	1.9870	5467	35.7648	4701	30.7536	5649	36.9554	5015	32.8078	142473	79.7197	120859	93.6637	0.9812
EST1233822201S1K	EST1247106101S1K	na	NZ_CP049075.1	1754511	1132328	64.5381	1131066	99.8885	1116359	98.6997	1262	0.1115	1117586	98.6981	23537	2.0786	8795	37.3667	7581	32.2089	8516	36.1813	7516	31.9327	142473	61.1800	106665	93.4140	0.9549
EST1233822201S1K	EST1247109101S1K	na	NZ_CP049075.1	1754511	1190529	67.8553	1189196	99.8880	1172905	98.6301	1333	0.1120	1174202	98.6286	24880	2.0898	8553	34.3770	7267	29.2082	9719	39.0635	8019	32.2307	142473	83.4362	129147	100.0000	0.9764
EST1233822201S1K	EST1247203101S1K	na	NZ_CP049075.1	1754511	1072454	61.1255	1070651	99.8319	1057199	98.7436	1803	0.1681	1058970	98.7427	22186	2.0687	8702	39.2229	6944	31.2990	7964	35.8965	7294	32.8766	142473	74.6282	93469	92.0391	0.9553
EST1233822201S1K	EST1247206101S1K	na	NZ_CP049075.1	1754511	1061920	60.5251	1060741	99.8890	1046457	98.6534	1179	0.1110	1047608	98.6523	22313	2.1012	8001	35.8580	6855	30.7220	8218	36.8305	7317	32.7925	142473	84.1352	127972	94.6887	0.9694
EST1233822201S1K	EST1254306101S1K	na	NZ_CP049075.1	1754511	147281	8.3944	147151	99.9117	145270	98.7217	130	0.0883	145399	98.7222	2728	1.8522	846	31.0117	717	26.2830	1285	47.1041	734	26.9062	142473	43.9655	76013	100.0000	0.9616
EST1233822201S1K	EST1256811101S1K	na	NZ_CP049075.1	1754511	1047224	59.6875	1046088	99.8915	1032236	98.6758	1136	0.1085	1033339	98.6741	21236	2.0278	7351	34.6157	6250	29.4312	8353	39.3341	6758	31.8233	142473	83.4362	139306	96.2859	0.9707
EST1233822201S1K	EST1350502101S1K	na	NZ_CP049075.1	1754511	581011	33.1153	579722	99.7781	573277	98.8883	1289	0.2219	574552	98.8883	10952	1.8850	4493	41.0245	3219	29.3919	4021	36.7148	3513	32.0763	142473	77.6168	126094	93.2844	0.9730
EST1233822201S1K	EST1350510101S1K	na	NZ_CP049075.1	1754511	971058	55.3464	969987	99.8897	957360	98.6982	1071	0.1103	958402	98.6967	20542	2.1154	7886	38.3896	6860	33.3950	7117	34.6461	6603	32.1439	142473	79.7197	117862	93.8182	0.9695
EST1233822201S1K	EST1350804101S1K	na	NZ_CP049075.1	1754511	1174279	66.9291	1171958	99.8023	1155886	98.6286	2321	0.1977	1158158	98.6272	26174	2.2289	10053	38.4083	7800	29.8006	8820	33.6976	9420	35.9899	142473	61.1800	75045	100.0000	0.9570
EST1233822201S1K	EST1350807101S1K	na	NZ_CP049075.1	1754511	1150402	65.5682	1149330	99.9068	1134318	98.6938	1072	0.0932	1135372	98.6935	23492	2.0421	8462	36.0208	7419	31.5810	8491	36.1442	7700	32.7771	142473	87.8517	134701	90.4329	0.9724
EST1233822201S1K	EST1356604101S1K	na	NZ_CP049075.1	1754511	1142636	65.1256	1140978	99.8549	1126138	98.6994	1658	0.1451	1127758	98.6979	23674	2.0719	8796	37.1547	7181	30.3329	8493	35.8748	8020	33.8768	142473	58.0019	91591	91.9850	0.9511
EST1233822201S1K	EST1356611101S1K	na	NZ_CP049075.1	1754511	713090	40.6432	712273	99.8854	703083	98.7098	817	0.1146	703884	98.7090	14347	2.0119	5141	35.8333	4353	30.3408	5284	36.8300	4734	32.9964	142473	35.7457	57584	100.0000	0.9405
EST1233822201S1K	EST1357103101S1K	na	NZ_CP049075.1	1754511	825662	47.0594	824915	99.9095	814314	98.7149	747	0.0905	815049	98.7146	16074	1.9468	5461	33.9741	4726	29.4015	6388	39.7412	5026	31.2679	142473	79.7197	133245	89.6574	0.9657
EST1233822201S1K	EST1357107101S1K	na	NZ_CP049075.1	1754511	1159210	66.0703	1157645	99.8650	1142282	98.6729	1565	0.1350	1143811	98.6716	24788	2.1384	9389	37.8772	7877	31.7775	8623	34.7870	8332	33.6130	142473	52.2239	78769	92.2774	0.9548
EST1233822201S1K	EST1358301101S1K	na	NZ_CP049075.1	1754511	684532	39.0155	683908	99.9088	675303	98.7418	624	0.0912	675916	98.7413	13483	1.9697	4867	36.0973	4265	31.6324	4969	36.8538	4321	32.0478	142473	62.0602	94377	92.1188	0.9705
EST1233822201S1K	EST1358301201S1K	na	NZ_CP049075.1	1754511	1115377	63.5720	1114220	99.8963	1099602	98.6881	1157	0.1037	1100740	98.6877	22932	2.0560	8295	36.1722	7173	31.2794	8334	36.3422	7550	32.9234	142473	65.7767	102933	88.1379	0.9603
EST1233822201S1K	EST1358302101S1K	na	NZ_CP049075.1	1754511	735412	41.9155	734703	99.9036	725259	98.7146	709	0.0964	725954	98.7139	14662	1.9937	5204	35.4931	4509	30.7530	5440	37.1027	4785	32.6354	142473	84.3163	133967	90.0804	0.9820
EST1233822201S1K	EST1358602101S1K	na	NZ_CP049075.1	1754511	406254	23.1548	405873	99.9062	400807	98.7518	381	0.0938	401183	98.7518	7985	1.9655	2914	36.4934	2538	31.7846	3025	37.8835	2458	30.7827	142473	47.7641	80640	89.9070	0.9559
EST1233822201S1K	EST1359005101S1K	na	NZ_CP049075.1	1754511	1151273	65.6179	1148756	99.7814	1134267	98.7387	2517	0.2186	1136755	98.7390	24110	2.0942	9592	39.7843	7110	29.4898	8372	34.7242	8356	34.6578	142473	92.4484	136370	100.0000	0.9873
EST1233822201S1K	EST1359006101S1K	na	NZ_CP049075.1	1754511	481438	27.4400	480953	99.8993	474822	98.7252	485	0.1007	475303	98.7257	9505	1.9743	3370	35.4550	2889	30.3945	3580	37.6644	3069	32.2883	142473	88.7319	151742	92.3831	0.9747
EST1233822201S1K	EST1359007101S1K	na	NZ_CP049075.1	1754511	1148971	65.4867	1147578	99.8788	1132568	98.6920	1393	0.1212	1133940	98.6918	23366	2.0336	8335	35.6715	6970	29.8297	8892	38.0553	7614	32.5858	142473	87.8517	147634	95.0723	0.9747
EST1233822201S1K	EST1361001101S1K	na	NZ_CP049075.1	1754511	1012918	57.7322	1011918	99.9013	999212	98.7444	1000	0.0987	1000195	98.7439	19896	1.9642	7173	36.0525	6191	31.1168	7532	37.8569	6262	31.4737	142473	87.8517	155104	89.2923	0.9660
EST1233822201S1K	EST1361002101S1K	na	NZ_CP049075.1	1754511	1181890	67.3629	1180183	99.8556	1164966	98.7106	1707	0.1444	1166649	98.7105	24905	2.1072	9664	38.8035	7997	32.1100	8605	34.5513	8275	33.2263	142473	83.4362	120862	94.0759	0.9753
EST1233822201S1K	EST1361007101S1K	na	NZ_CP049075.1	1754511	1190297	67.8421	1188425	99.8427	1172861	98.6904	1872	0.1573	1174689	98.6887	25294	2.1250	9686	38.2937	7881	31.1576	8995	35.5618	8426	33.3122	142473	87.8517	126515	100.0000	0.9742
EST1233822201S1K	EST2359005102S1K	na	NZ_CP049075.1	1754511	1145422	65.2844	1141557	99.6626	1127446	98.7639	3865	0.3374	1131255	98.7632	24948	2.1781	10781	43.2139	6981	27.9822	8353	33.4816	8836	35.4177	142473	92.4484	128523	100.0000	0.9870
EST1234702101S1K	EST1234704101S1K	na	NZ_CP049075.1	1754511	263322	15.0083	263192	99.9506	259892	98.7462	130	0.0494	260022	98.7468	5125	1.9463	1825	35.6098	1695	33.0732	1646	32.1171	1790	34.9268	100029	55.6879	50396	61.5168	0.9523
EST1234702101S1K	EST1236807101S1K	na	NZ_CP049075.1	1754511	241233	13.7493	241188	99.9813	238311	98.8072	45	0.0187	238356	98.8074	4357	1.8061	1480	33.9683	1435	32.9355	1535	35.2307	1410	32.3617	100029	69.1060	139782	48.1500	0.9504
EST1234702101S1K	EST1237103201S1K	na	NZ_CP049075.1	1754511	221739	12.6382	221587	99.9315	219166	98.9074	152	0.0685	219314	98.9064	4161	1.8765	1736	41.7207	1588	38.1639	1199	28.8152	1397	33.5737	100029	37.2842	83812	35.6464	0.9394
EST1234702101S1K	EST1238001101S1K	na	NZ_CP049075.1	1754511	221232	12.6093	221160	99.9675	218357	98.7326	72	0.0325	218428	98.7326	4166	1.8831	1362	32.6932	1291	30.9890	1483	35.5977	1417	34.0134	100029	12.4904	20057	39.5224	0.9430
EST1234702101S1K	EST1238002101S1K	na	NZ_CP049075.1	1754511	219644	12.5188	219586	99.9736	216941	98.7955	58	0.0264	216995	98.7940	4146	1.8876	1497	36.1071	1443	34.8046	1307	31.5244	1417	34.1775	100029	81.5963	111899	59.0113	0.9587
EST1234702101S1K	EST1241101101S1K	na	NZ_CP049075.1	1754511	253904	14.4715	253779	99.9508	250757	98.8092	125	0.0492	250881	98.8094	4761	1.8751	1738	36.5049	1614	33.9004	1486	31.2119	1659	34.8456	100029	81.5963	116967	58.7379	0.9629
EST1234702101S1K	EST1241104101S1K	na	NZ_CP049075.1	1754511	222157	12.6620	222127	99.9865	219492	98.8137	30	0.0135	219520	98.8130	3795	1.7083	1158	30.5138	1130	29.7760	1654	43.5837	1032	27.1937	100029	55.6879	93863	43.5486	0.9478
EST1234702101S1K	EST1242101101S1K	na	NZ_CP049075.1	1754511	95078	5.4191	95066	99.9874	94110	98.9944	12	0.0126	94122	98.9945	1611	1.6944	655	40.6580	643	39.9131	445	27.6226	529	32.8367	100029	87.5096	107133	79.2025	0.9874
EST1234702101S1K	EST1242103101S1K	na	NZ_CP049075.1	1754511	216030	12.3128	215954	99.9648	213468	98.8488	76	0.0352	213544	98.8492	3863	1.7882	1377	35.6459	1301	33.6785	1226	31.7370	1340	34.6881	100029	81.5963	123051	56.7488	0.9607
EST1234702101S1K	EST1242207101S1K	na	NZ_CP049075.1	1754511	165118	9.4111	165107	99.9933	163234	98.8656	11	0.0067	163245	98.8657	2819	1.7073	946	33.5580	935	33.1678	936	33.2033	963	34.1611	100029	81.5963	140321	53.8152	0.9528
EST1234702101S1K	EST1242209101S1K	na	NZ_CP049075.1	1754511	219723	12.5233	219551	99.9217	217094	98.8809	172	0.0783	217265	98.8813	3986	1.8141	1528	38.3342	1357	34.0442	1228	30.8078	1397	35.0477	100029	69.1060	127907	52.7649	0.9634
EST1234702101S1K	EST1242704101S1K	na	NZ_CP049075.1	1754511	255570	14.5665	253426	99.1611	251376	99.1911	2144	0.8389	253489	99.1857	5399	2.1125	3318	61.4558	1205	22.3189	1302	24.1156	2285	42.3227	100029	44.3121	84615	44.0537	0.9507
EST1234702101S1K	EST1242801101S1K	na	NZ_CP049075.1	1754511	248608	14.1696	248398	99.9155	245384	98.7866	210	0.0845	245593	98.7872	4611	1.8547	1596	34.6129	1387	30.0802	1653	35.8491	1566	33.9623	100029	81.5963	106954	46.8005	0.9454
EST1234702101S1K	EST1242802101S1K	na	NZ_CP049075.1	1754511	229616	13.0872	229153	99.7984	226534	98.8571	463	0.2016	226990	98.8564	4475	1.9489	1849	41.3184	1393	31.1285	1314	29.3631	1646	36.7821	100029	49.7746	77610	40.2835	0.9382
EST1234702101S1K	EST1242804101S1K	na	NZ_CP049075.1	1754511	247346	14.0977	246255	99.5589	243639	98.9377	1091	0.4411	244721	98.9387	5020	2.0295	2395	47.7092	1313	26.1554	1505	29.9801	1913	38.1076	100029	69.1060	69079	83.5739	0.9749
EST1234702101S1K	EST1242805101S1K	na	NZ_CP049075.1	1754511	238897	13.6162	238833	99.9732	236056	98.8373	64	0.0268	236119	98.8372	4320	1.8083	1542	35.6944	1479	34.2361	1398	32.3611	1462	33.8426	100029	81.5963	153813	48.3230	0.9531
EST1234702101S1K	EST1247101101S1K	na	NZ_CP049075.1	1754511	179390	10.2245	179344	99.9744	178380	99.4625	46	0.0256	178426	99.4626	2675	1.4912	1711	63.9626	1665	62.2430	475	17.7570	541	20.2243	100029	81.5963	120859	57.5828	0.9628
EST1234702101S1K	EST1247106101S1K	na	NZ_CP049075.1	1754511	222674	12.6915	222637	99.9834	219819	98.7343	37	0.0166	219855	98.7340	4374	1.9643	1555	35.5510	1519	34.7279	1466	33.5162	1416	32.3731	100029	81.5963	106665	69.4764	0.9675
EST1234702101S1K	EST1247109101S1K	na	NZ_CP049075.1	1754511	249782	14.2366	249723	99.9764	246630	98.7614	59	0.0236	246681	98.7585	4607	1.8444	1506	32.6894	1455	31.5824	1658	35.9887	1522	33.0367	100029	69.1060	129147	51.8758	0.9564
EST1234702101S1K	EST1247203101S1K	na	NZ_CP049075.1	1754511	203459	11.5963	203269	99.9066	200855	98.8124	190	0.0934	201040	98.8111	3845	1.8898	1426	37.0871	1241	32.2757	1246	32.4057	1332	34.6424	100029	81.5963	93469	74.1230	0.9682
EST1234702101S1K	EST1247206101S1K	na	NZ_CP049075.1	1754511	185711	10.5848	185662	99.9736	183315	98.7359	49	0.0264	183360	98.7341	3504	1.8868	1153	32.9053	1108	31.6210	1226	34.9886	1184	33.7900	100029	81.5963	127972	54.4283	0.9635
EST1234702101S1K	EST1254306101S1K	na	NZ_CP049075.1	1754511	39027	2.2244	39025	99.9949	38589	98.8828	2	0.0051	38591	98.8828	607	1.5553	171	28.1713	169	27.8418	260	42.8336	179	29.4893	100029	37.2842	76013	48.8390	0.9400
EST1234702101S1K	EST1256811101S1K	na	NZ_CP049075.1	1754511	212944	12.1369	212884	99.9718	210226	98.7514	60	0.0282	210286	98.7518	3985	1.8714	1327	33.2999	1267	31.7942	1400	35.1317	1338	33.5759	100029	69.1060	139306	48.3425	0.9532
EST1234702101S1K	EST1350502101S1K	na	NZ_CP049075.1	1754511	137431	7.8330	137226	99.8508	135792	98.9550	205	0.1492	135997	98.9566	2322	1.6896	888	38.2429	683	29.4143	766	32.9888	814	35.0560	100029	87.5096	126094	59.4057	0.9655
EST1234702101S1K	EST1350510101S1K	na	NZ_CP049075.1	1754511	151880	8.6565	151865	99.9901	149909	98.7120	15	0.0099	149923	98.7115	3023	1.9904	1066	35.2630	1052	34.7999	938	31.0288	1044	34.5352	100029	81.5963	117862	58.7212	0.9538
EST1234702101S1K	EST1350804101S1K	na	NZ_CP049075.1	1754511	242498	13.8214	242223	99.8866	239051	98.6905	275	0.1134	239324	98.6911	5067	2.0895	1893	37.3594	1620	31.9716	1500	29.6033	1901	37.5173	100029	69.1060	75045	70.4750	0.9680
EST1234702101S1K	EST1350807101S1K	na	NZ_CP049075.1	1754511	243966	13.9051	243925	99.9832	240880	98.7517	41	0.0168	240919	98.7511	4587	1.8802	1540	33.5731	1501	32.7229	1494	32.5703	1615	35.2082	100029	81.5963	134701	52.0835	0.9577
EST1234702101S1K	EST1356604101S1K	na	NZ_CP049075.1	1754511	242032	13.7948	241843	99.9219	238958	98.8071	189	0.0781	239144	98.8068	4614	1.9064	1726	37.4079	1540	33.3767	1452	31.4694	1636	35.4573	100029	49.7746	91591	34.8484	0.9255
EST1234702101S1K	EST1356611101S1K	na	NZ_CP049075.1	1754511	183277	10.4460	183221	99.9694	180985	98.7796	56	0.0306	181040	98.7794	3474	1.8955	1237	35.6074	1182	34.0242	1117	32.1531	1193	34.3408	100029	37.2842	57584	53.8014	0.9438
EST1234702101S1K	EST1357103101S1K	na	NZ_CP049075.1	1754511	198579	11.3182	198552	99.9864	196263	98.8472	27	0.0136	196290	98.8473	3394	1.7091	1105	32.5575	1078	31.7619	1244	36.6529	1087	32.0271	100029	81.5963	133245	56.2610	0.9655
EST1234702101S1K	EST1357107101S1K	na	NZ_CP049075.1	1754511	233294	13.2968	233192	99.9563	230541	98.8632	102	0.0437	230643	98.8637	4468	1.9152	1817	40.6670	1715	38.3841	1357	30.3715	1396	31.2444	100029	100.0000	78769	93.3083	0.9771
EST1234702101S1K	EST1358301101S1K	na	NZ_CP049075.1	1754511	176644	10.0680	176623	99.9881	175493	99.3602	21	0.0119	175514	99.3603	2787	1.5777	1657	59.4546	1636	58.7011	574	20.5956	588	21.0980	100029	100.0000	94377	81.2952	0.9775
EST1234702101S1K	EST1358301201S1K	na	NZ_CP049075.1	1754511	252424	14.3871	252339	99.9663	250676	99.3410	85	0.0337	250759	99.3404	4133	1.6373	2468	59.7145	2385	57.7063	806	19.5016	957	23.1551	100029	100.0000	102933	73.6596	0.9777
EST1234702101S1K	EST1358302101S1K	na	NZ_CP049075.1	1754511	185424	10.5684	185397	99.9854	184400	99.4622	27	0.0146	184427	99.4623	2676	1.4432	1679	62.7429	1652	61.7339	491	18.3483	539	20.1420	100029	100.0000	133967	57.1402	0.9632
EST1234702101S1K	EST1358602101S1K	na	NZ_CP049075.1	1754511	90012	5.1303	89993	99.9789	88897	98.7821	19	0.0211	88916	98.7824	1585	1.7609	489	30.8517	470	29.6530	556	35.0789	562	35.4574	100029	62.7158	80640	69.3477	0.9502
EST1234702101S1K	EST1359005101S1K	na	NZ_CP049075.1	1754511	252652	14.4001	252310	99.8646	249346	98.8253	342	0.1354	249686	98.8261	4801	1.9002	1835	38.2212	1495	31.1393	1506	31.3685	1742	36.2841	100029	87.5096	136370	53.7516	0.9645
EST1234702101S1K	EST1359006101S1K	na	NZ_CP049075.1	1754511	119137	6.7903	119104	99.9723	117643	98.7733	33	0.0277	117675	98.7728	2126	1.7845	664	31.2324	632	29.7272	775	36.4534	731	34.3838	100029	87.5096	151742	49.7476	0.9575
EST1234702101S1K	EST1359007101S1K	na	NZ_CP049075.1	1754511	249870	14.2416	249762	99.9568	246703	98.7752	108	0.0432	246811	98.7758	4606	1.8434	1547	33.5866	1439	31.2419	1617	35.1064	1573	34.1511	100029	81.5963	147634	49.2624	0.9495
EST1234702101S1K	EST1361001101S1K	na	NZ_CP049075.1	1754511	228207	13.0069	228174	99.9855	225363	98.7680	33	0.0145	225395	98.7678	4097	1.7953	1285	31.3644	1253	30.5834	1490	36.3681	1370	33.4391	100029	81.5963	155104	48.1445	0.9531
EST1234702101S1K	EST1361002101S1K	na	NZ_CP049075.1	1754511	247745	14.1205	247629	99.9532	244662	98.8018	116	0.0468	244777	98.8020	4619	1.8644	1651	35.7437	1536	33.2540	1483	32.1065	1599	34.6179	100029	81.5963	120862	56.9509	0.9630
EST1234702101S1K	EST1361007101S1K	na	NZ_CP049075.1	1754511	249841	14.2399	249693	99.9408	246869	98.8690	148	0.0592	247011	98.8673	4646	1.8596	1816	39.0874	1674	36.0310	1427	30.7146	1543	33.2114	100029	69.1060	126515	51.5781	0.9648
EST1234702101S1K	EST2359005102S1K	na	NZ_CP049075.1	1754511	222944	12.7069	222484	99.7937	219924	98.8494	460	0.2063	220380	98.8499	4352	1.9521	1788	41.0846	1332	30.6066	1351	31.0432	1553	35.6847	100029	87.5096	128523	51.1838	0.9607
EST1234704101S1K	EST1236807101S1K	na	NZ_CP049075.1	1754511	1317555	75.0953	1316356	99.9090	1299247	98.7003	1199	0.0910	1300415	98.6991	26444	2.0071	9304	35.1838	8142	30.7896	10130	38.3074	8238	31.1526	50396	87.8264	139782	48.8325	0.9402
EST1234704101S1K	EST1237103201S1K	na	NZ_CP049075.1	1754511	1340422	76.3986	1338504	99.8569	1320668	98.6675	1918	0.1431	1322554	98.6670	28791	2.1479	10923	37.9389	9054	31.4473	9706	33.7119	10017	34.7921	50396	71.0255	83812	44.9458	0.9597
EST1234704101S1K	EST1238001101S1K	na	NZ_CP049075.1	1754511	1099980	62.6944	1098979	99.9090	1084618	98.6932	1001	0.0910	1085605	98.6932	21935	1.9941	7560	34.4655	6576	29.9795	8454	38.5411	6900	31.4566	50396	21.6823	20057	31.6947	0.9670
EST1234704101S1K	EST1238002101S1K	na	NZ_CP049075.1	1754511	1359370	77.4786	1357464	99.8598	1339409	98.6699	1906	0.1402	1341276	98.6689	29653	2.1814	11559	38.9809	9776	32.9680	10167	34.2866	9614	32.4217	50396	71.0255	111899	29.2773	0.9373
EST1234704101S1K	EST1241101101S1K	na	NZ_CP049075.1	1754511	1446476	82.4433	1443930	99.8240	1425162	98.7002	2546	0.1760	1427654	98.6988	31363	2.1682	12541	39.9866	10108	32.2291	10653	33.9668	10329	32.9337	50396	87.8264	116967	41.3219	0.9497
EST1234704101S1K	EST1241104101S1K	na	NZ_CP049075.1	1754511	1367721	77.9545	1366295	99.8957	1347892	98.6531	1426	0.1043	1349278	98.6516	26935	1.9693	8492	31.5278	7133	26.4823	12448	46.2150	7376	27.3844	50396	87.8264	93863	57.1940	0.9637
EST1234704101S1K	EST1242101101S1K	na	NZ_CP049075.1	1754511	407322	23.2157	407031	99.9286	401869	98.7318	291	0.0714	402154	98.7312	8052	1.9768	2884	35.8172	2601	32.3025	2939	36.5002	2535	31.4829	50396	100.0000	107133	69.7666	0.9542
EST1234704101S1K	EST1242103101S1K	na	NZ_CP049075.1	1754511	1148964	65.4863	1147827	99.9010	1133413	98.7442	1137	0.0990	1134533	98.7440	22910	1.9940	8479	37.0100	7364	32.1432	8270	36.0978	7251	31.6499	50396	87.8264	123051	40.1297	0.9466
EST1234704101S1K	EST1242207101S1K	na	NZ_CP049075.1	1754511	748200	42.6444	747628	99.9235	738401	98.7658	572	0.0765	738958	98.7648	14193	1.8970	4951	34.8834	4395	30.9660	5303	37.3635	4533	31.9383	50396	87.8264	140321	49.2350	0.9402
EST1234704101S1K	EST1242209101S1K	na	NZ_CP049075.1	1754511	1148364	65.4521	1146846	99.8678	1132341	98.7352	1518	0.1322	1133842	98.7354	23286	2.0278	8764	37.6363	7268	31.2119	8107	34.8149	7796	33.4793	50396	66.1441	127907	32.8872	0.9324
EST1234704101S1K	EST1242704101S1K	na	NZ_CP049075.1	1754511	1447926	82.5259	1434447	99.0691	1421412	99.0913	13479	0.9309	1434766	99.0911	34406	2.3762	21246	61.7509	7998	23.2459	9233	26.8354	13541	39.3565	50396	21.6823	84615	6.6466	0.9292
EST1234704101S1K	EST1242801101S1K	na	NZ_CP049075.1	1754511	1387037	79.0555	1385150	99.8640	1366864	98.6799	1887	0.1360	1368724	98.6797	28605	2.0623	10292	35.9797	8477	29.6347	10872	38.0073	9150	31.9874	50396	87.8264	106954	44.9773	0.9492
EST1234704101S1K	EST1242802101S1K	na	NZ_CP049075.1	1754511	1390894	79.2753	1387330	99.7438	1370042	98.7539	3564	0.2562	1373558	98.7536	29740	2.1382	12404	41.7081	8916	29.9798	10171	34.1997	9981	33.5609	50396	87.8264	77610	52.0423	0.9697
EST1234704101S1K	EST1242804101S1K	na	NZ_CP049075.1	1754511	1390344	79.2440	1383845	99.5326	1367485	98.8178	6499	0.4674	1373911	98.8181	30910	2.2232	14477	46.8360	8097	26.1954	10295	33.3064	11091	35.8816	50396	71.0255	69079	46.5728	0.9568
EST1234704101S1K	EST1242805101S1K	na	NZ_CP049075.1	1754511	1285731	73.2814	1284484	99.9030	1268813	98.7800	1247	0.0970	1270039	98.7795	25611	1.9919	9919	38.7295	8721	34.0518	8793	34.3329	8064	31.4865	50396	87.8264	153813	44.3116	0.9323
EST1234704101S1K	EST1247101101S1K	na	NZ_CP049075.1	1754511	926921	52.8307	926047	99.9057	914463	98.7491	874	0.0943	915326	98.7491	18257	1.9696	6662	36.4901	5799	31.7632	6574	36.0081	5894	32.2835	50396	87.8264	120859	38.9942	0.9482
EST1234704101S1K	EST1247106101S1K	na	NZ_CP049075.1	1754511	1372214	78.2106	1370430	99.8700	1351277	98.6024	1784	0.1300	1353009	98.6004	30683	2.2360	11478	37.4083	9821	32.0080	10925	35.6060	9865	32.1514	50396	87.8264	106665	63.8326	0.9598
EST1234704101S1K	EST1247109101S1K	na	NZ_CP049075.1	1754511	1441129	82.1385	1439233	99.8684	1419200	98.6081	1896	0.1316	1421035	98.6057	31062	2.1554	10968	35.3100	9197	29.6085	11826	38.0722	10028	32.2838	50396	87.8264	129147	52.3845	0.9463
EST1234704101S1K	EST1247203101S1K	na	NZ_CP049075.1	1754511	1226120	69.8839	1224212	99.8444	1208729	98.7353	1908	0.1556	1210603	98.7345	25407	2.0721	9890	38.9263	8056	31.7078	8878	34.9431	8387	33.0106	50396	87.8264	93469	52.5928	0.9601
EST1234704101S1K	EST1247206101S1K	na	NZ_CP049075.1	1754511	1233529	70.3061	1232008	99.8767	1215000	98.6195	1521	0.1233	1216479	98.6178	26682	2.1631	9632	36.0992	8195	30.7136	9818	36.7963	8630	32.3439	50396	87.8264	127972	37.5762	0.9369
EST1234704101S1K	EST1254306101S1K	na	NZ_CP049075.1	1754511	182131	10.3807	181987	99.9209	179880	98.8422	144	0.0791	180021	98.8415	3120	1.7131	1010	32.3718	869	27.8526	1408	45.1282	826	26.4744	50396	49.3432	76013	48.8390	0.9661
EST1234704101S1K	EST1256811101S1K	na	NZ_CP049075.1	1754511	1204707	68.6634	1203494	99.8993	1187860	98.7009	1213	0.1007	1189034	98.6990	24210	2.0096	8537	35.2623	7370	30.4420	9306	38.4387	7569	31.2639	50396	87.8264	139306	48.7768	0.9404
EST1234704101S1K	EST1350502101S1K	na	NZ_CP049075.1	1754511	699470	39.8669	697962	99.7844	689931	98.8494	1508	0.2156	691423	98.8496	13406	1.9166	5359	39.9746	3872	28.8826	4865	36.2897	4385	32.7092	50396	71.0255	126094	32.8747	0.9377
EST1234704101S1K	EST1350510101S1K	na	NZ_CP049075.1	1754511	1120873	63.8852	1119363	99.8653	1104264	98.6511	1510	0.1347	1105727	98.6487	24837	2.2159	9691	39.0184	8269	33.2931	8475	34.1225	8021	32.2946	50396	87.8264	117862	41.6080	0.9460
EST1234704101S1K	EST1350804101S1K	na	NZ_CP049075.1	1754511	1440670	82.1123	1437504	99.7802	1416482	98.5376	3166	0.2198	1419571	98.5355	34169	2.3717	13070	38.2510	10070	29.4712	11485	33.6123	12243	35.8307	50396	87.8264	75045	50.6962	0.9677
EST1234704101S1K	EST1350807101S1K	na	NZ_CP049075.1	1754511	1352211	77.0705	1351023	99.9121	1333360	98.6926	1188	0.0879	1334526	98.6921	27601	2.0412	9916	35.9262	8764	31.7525	9890	35.8320	9000	32.6075	50396	87.8264	134701	35.2306	0.9356
EST1234704101S1K	EST1356604101S1K	na	NZ_CP049075.1	1754511	1391040	79.2836	1388933	99.8485	1370636	98.6827	2107	0.1515	1372690	98.6808	29172	2.0971	10822	37.0972	8797	30.1556	10295	35.2907	10003	34.2897	50396	66.1441	91591	50.6567	0.9558
EST1234704101S1K	EST1356611101S1K	na	NZ_CP049075.1	1754511	899116	51.2460	898169	99.8947	886442	98.6943	947	0.1053	887375	98.6942	18396	2.0460	6655	36.1763	5731	31.1535	6666	36.2361	5965	32.4255	50396	66.1441	57584	88.7087	0.9760
EST1234704101S1K	EST1357103101S1K	na	NZ_CP049075.1	1754511	974787	55.5589	974079	99.9274	961725	98.7317	708	0.0726	962424	98.7317	18563	1.9043	6200	33.3998	5502	29.6396	7236	38.9808	5837	31.4443	50396	87.8264	133245	39.8844	0.9388
EST1234704101S1K	EST1357107101S1K	na	NZ_CP049075.1	1754511	1415456	80.6752	1413235	99.8431	1393397	98.5963	2221	0.1569	1395551	98.5937	32335	2.2844	12430	38.4413	10342	31.9839	11064	34.2168	10805	33.4158	50396	61.5168	78769	45.5573	0.9605
EST1234704101S1K	EST1358301101S1K	na	NZ_CP049075.1	1754511	840753	47.9195	840052	99.9166	828967	98.6804	701	0.0834	829660	98.6806	17185	2.0440	6092	35.4495	5414	31.5042	6158	35.8336	5642	32.8310	50396	100.0000	94377	58.6647	0.9718
EST1234704101S1K	EST1358301201S1K	na	NZ_CP049075.1	1754511	1358913	77.4525	1357554	99.9000	1339052	98.6371	1359	0.1000	1340388	98.6368	29100	2.1414	10575	36.3402	9258	31.8144	10176	34.9691	9716	33.3883	50396	100.0000	102933	52.0640	0.9654
EST1234704101S1K	EST1358302101S1K	na	NZ_CP049075.1	1754511	870597	49.6205	869880	99.9176	859058	98.7559	717	0.0824	859763	98.7556	16841	1.9344	6007	35.6689	5305	31.5005	6001	35.6333	5556	32.9909	50396	100.0000	133967	40.4988	0.9480
EST1234704101S1K	EST1358602101S1K	na	NZ_CP049075.1	1754511	481416	27.4388	481018	99.9173	475033	98.7558	398	0.0827	475421	98.7547	9387	1.9499	3392	36.1351	3004	32.0017	3455	36.8062	2944	31.3625	50396	12.1736	80640	19.8748	0.9332
EST1234704101S1K	EST1359005101S1K	na	NZ_CP049075.1	1754511	1384862	78.9315	1381826	99.7808	1363995	98.7096	3036	0.2192	1366986	98.7092	29563	2.1347	11687	39.5325	8723	29.5065	10142	34.3064	10250	34.6717	50396	100.0000	136370	45.2072	0.9475
EST1234704101S1K	EST1359006101S1K	na	NZ_CP049075.1	1754511	586601	33.4339	586025	99.9018	578540	98.7228	576	0.0982	579107	98.7225	11621	1.9811	4127	35.5133	3565	30.6772	4304	37.0364	3732	32.1143	50396	100.0000	151742	42.4194	0.9352
EST1234704101S1K	EST1359007101S1K	na	NZ_CP049075.1	1754511	1377209	78.4953	1375545	99.8792	1357237	98.6690	1664	0.1208	1358871	98.6685	28422	2.0637	10084	35.4796	8461	29.7692	10618	37.3584	9369	32.9639	50396	87.8264	147634	44.9585	0.9358
EST1234704101S1K	EST1361001101S1K	na	NZ_CP049075.1	1754511	1184600	67.5174	1183561	99.9123	1168325	98.7127	1039	0.0877	1169343	98.7121	23230	1.9610	7973	34.3220	6957	29.9483	8805	37.9036	7470	32.1567	50396	87.8264	155104	41.5354	0.9273
EST1234704101S1K	EST1361002101S1K	na	NZ_CP049075.1	1754511	1426312	81.2940	1424081	99.8436	1405089	98.6664	2231	0.1564	1407276	98.6654	31089	2.1797	12053	38.7693	9924	31.9213	10714	34.4624	10328	33.2208	50396	87.8264	120862	38.6821	0.9456
EST1234704101S1K	EST1361007101S1K	na	NZ_CP049075.1	1754511	1438512	81.9893	1436004	99.8257	1417161	98.6878	2508	0.1743	1419611	98.6861	31365	2.1804	12464	39.7386	10072	32.1122	10713	34.1559	10353	33.0081	50396	87.8264	126515	41.7002	0.9356
EST1234704101S1K	EST2359005102S1K	na	NZ_CP049075.1	1754511	1358704	77.4406	1353968	99.6514	1336510	98.7106	4736	0.3486	1341172	98.7097	30664	2.2569	13132	42.8255	8549	27.8796	10161	33.1366	10820	35.2857	50396	100.0000	128523	42.1668	0.9489
EST1236807101S1K	EST1237103201S1K	na	NZ_CP049075.1	1754511	1211652	69.0592	1210574	99.9110	1194316	98.6570	1078	0.0890	1195369	98.6561	24693	2.0380	8410	34.0582	7362	29.8141	7582	30.7051	9844	39.8655	139782	61.7562	83812	92.4987	0.9574
EST1236807101S1K	EST1238001101S1K	na	NZ_CP049075.1	1754511	988490	56.3399	988083	99.9588	976288	98.8063	407	0.0412	976687	98.8060	17858	1.8066	6055	33.9064	5658	31.6833	6175	34.5783	6131	34.3320	139782	23.2870	20057	60.4776	0.9222
EST1236807101S1K	EST1238002101S1K	na	NZ_CP049075.1	1754511	1226577	69.9099	1225774	99.9345	1209907	98.7056	803	0.0655	1210673	98.7034	24280	1.9795	8376	34.4975	7624	31.4003	7803	32.1376	8921	36.7422	139782	96.3050	111899	87.8775	0.9653
EST1236807101S1K	EST1241101101S1K	na	NZ_CP049075.1	1754511	1312490	74.8066	1311178	99.9000	1294591	98.7350	1312	0.1000	1295865	98.7333	26027	1.9830	9402	36.1240	8139	31.2714	8266	31.7593	9571	36.7734	139782	96.3050	116967	93.8684	0.9774
EST1236807101S1K	EST1241104101S1K	na	NZ_CP049075.1	1754511	1235929	70.4429	1235371	99.9549	1220366	98.7854	558	0.0451	1220898	98.7838	21995	1.7796	6964	31.6617	6446	29.3067	9068	41.2276	6590	29.9614	139782	73.7005	93863	93.7249	0.9650
EST1236807101S1K	EST1242101101S1K	na	NZ_CP049075.1	1754511	373639	21.2959	373523	99.9690	368977	98.7829	116	0.0310	369088	98.7820	6793	1.8181	2242	33.0046	2131	31.3705	2236	32.9162	2466	36.3021	139782	71.4370	107133	87.4380	0.9654
EST1236807101S1K	EST1242103101S1K	na	NZ_CP049075.1	1754511	1060975	60.4713	1060486	99.9539	1047473	98.7729	489	0.0461	1047954	98.7727	19721	1.8588	6700	33.9739	6222	31.5501	6521	33.0663	7045	35.7233	139782	96.3050	123051	93.9480	0.9836
EST1236807101S1K	EST1242207101S1K	na	NZ_CP049075.1	1754511	715156	40.7610	714952	99.9715	706434	98.8086	204	0.0285	706632	98.8081	12800	1.7898	4276	33.4062	4078	31.8594	4298	33.5781	4474	34.9531	139782	96.3050	140321	94.7698	0.9872
EST1236807101S1K	EST1242209101S1K	na	NZ_CP049075.1	1754511	1060854	60.4644	1060054	99.9246	1046823	98.7519	800	0.0754	1047607	98.7513	20112	1.8958	6865	34.1339	6084	30.2506	6455	32.0953	7602	37.7983	139782	88.6573	127907	90.0224	0.9780
EST1236807101S1K	EST1242704101S1K	na	NZ_CP049075.1	1754511	1313934	74.8889	1302469	99.1274	1291283	99.1412	11465	0.8726	1302650	99.1412	28954	2.2036	17670	61.0278	6323	21.8381	6784	23.4303	12782	44.1459	139782	55.1201	84615	85.7850	0.9512
EST1236807101S1K	EST1242801101S1K	na	NZ_CP049075.1	1754511	1273615	72.5909	1272527	99.9146	1257281	98.8019	1088	0.0854	1258348	98.8013	23758	1.8654	8491	35.7395	7442	31.3242	7950	33.4624	8369	35.2260	139782	96.3050	106954	93.1999	0.9710
EST1236807101S1K	EST1242802101S1K	na	NZ_CP049075.1	1754511	1241777	70.7762	1239190	99.7917	1224127	98.7844	2587	0.2083	1226687	98.7848	24916	2.0065	9826	39.4365	7286	29.2423	7658	30.7353	9503	38.1402	139782	73.7005	77610	90.5914	0.9544
EST1236807101S1K	EST1242804101S1K	na	NZ_CP049075.1	1754511	1269547	72.3590	1264141	99.5742	1250871	98.9503	5406	0.4258	1256220	98.9503	25549	2.0125	12222	47.8375	6881	26.9326	7372	28.8544	10028	39.2501	139782	71.4370	69079	100.0000	0.9580
EST1236807101S1K	EST1242805101S1K	na	NZ_CP049075.1	1754511	1196482	68.1946	1195943	99.9550	1180972	98.7482	539	0.0450	1181499	98.7477	22584	1.8875	7601	33.6566	7076	31.3319	7308	32.3592	8295	36.7295	139782	100.0000	153813	91.2199	0.9895
EST1236807101S1K	EST1247101101S1K	na	NZ_CP049075.1	1754511	850924	48.4992	850612	99.9633	839839	98.7335	312	0.0367	840146	98.7334	15897	1.8682	5119	32.2010	4813	30.2762	5354	33.6793	5814	36.5729	139782	96.3050	120859	93.6637	0.9815
EST1236807101S1K	EST1247106101S1K	na	NZ_CP049075.1	1754511	1219497	69.5064	1218772	99.9405	1202934	98.7005	725	0.0595	1203620	98.6981	24139	1.9794	8262	34.2268	7584	31.4180	7935	32.8721	8707	36.0703	139782	71.4370	106665	93.4140	0.9711
EST1236807101S1K	EST1247109101S1K	na	NZ_CP049075.1	1754511	1328591	75.7243	1327842	99.9436	1326345	99.8873	749	0.0564	1327093	99.8872	17998	1.3547	16500	91.6769	15806	87.8209	975	5.4173	1020	5.6673	139782	96.3050	129147	100.0000	0.9934
EST1236807101S1K	EST1247203101S1K	na	NZ_CP049075.1	1754511	1138118	64.8681	1136863	99.8897	1122630	98.7480	1255	0.1103	1123859	98.7471	22312	1.9604	8053	36.0927	6835	30.6337	7204	32.2876	8259	37.0160	139782	92.1127	93469	92.0391	0.9627
EST1236807101S1K	EST1247206101S1K	na	NZ_CP049075.1	1754511	1116774	63.6516	1116174	99.9463	1101890	98.7203	600	0.0537	1102474	98.7195	21793	1.9514	7493	34.3826	6925	31.7763	7216	33.1115	7710	35.3783	139782	96.3050	127972	89.7876	0.9751
EST1236807101S1K	EST1254306101S1K	na	NZ_CP049075.1	1754511	166765	9.5049	166719	99.9724	164806	98.8526	46	0.0276	164852	98.8529	2745	1.6460	832	30.3097	786	28.6339	1147	41.7851	825	30.0546	139782	50.4135	76013	100.0000	0.9616
EST1236807101S1K	EST1256811101S1K	na	NZ_CP049075.1	1754511	1143004	65.1466	1142460	99.9524	1141744	99.9373	544	0.0476	1142287	99.9373	14753	1.2907	14036	95.1400	13512	91.5882	569	3.8568	598	4.0534	139782	100.0000	139306	100.0000	0.9991
EST1236807101S1K	EST1350502101S1K	na	NZ_CP049075.1	1754511	646566	36.8516	645524	99.8388	638663	98.9371	1042	0.1612	639691	98.9367	11289	1.7460	4414	39.1000	3386	29.9938	3593	31.8274	4121	36.5046	139782	80.6656	126094	86.7583	0.9686
EST1236807101S1K	EST1350510101S1K	na	NZ_CP049075.1	1754511	1011083	57.6276	1010462	99.9386	996806	98.6485	621	0.0614	997396	98.6463	20799	2.0571	7112	34.1940	6535	31.4198	6657	32.0063	7704	37.0402	139782	96.3050	117862	93.8182	0.9777
EST1236807101S1K	EST1350804101S1K	na	NZ_CP049075.1	1754511	1275845	72.7180	1274025	99.8573	1256655	98.6366	1820	0.1427	1258435	98.6354	26866	2.1057	9456	35.1969	7685	28.6049	8122	30.2315	10859	40.4191	139782	71.4370	75045	100.0000	0.9614
EST1236807101S1K	EST1350807101S1K	na	NZ_CP049075.1	1754511	1252423	71.3830	1251949	99.9622	1235760	98.7069	474	0.0378	1236221	98.7063	24119	1.9258	7917	32.8247	7461	30.9341	7904	32.7708	8864	36.7511	139782	100.0000	134701	89.5168	0.9779
EST1236807101S1K	EST1356604101S1K	na	NZ_CP049075.1	1754511	1254617	71.5081	1253473	99.9088	1237293	98.7092	1144	0.0912	1238402	98.7076	24656	1.9652	8441	34.2351	7339	29.7656	7889	31.9963	9464	38.3842	139782	66.0529	91591	85.1077	0.9534
EST1236807101S1K	EST1356611101S1K	na	NZ_CP049075.1	1754511	798295	45.4996	797900	99.9505	787867	98.7426	395	0.0495	788257	98.7426	14957	1.8736	4919	32.8876	4531	30.2935	4930	32.9612	5554	37.1331	139782	41.1848	57584	88.7087	0.9471
EST1236807101S1K	EST1357103101S1K	na	NZ_CP049075.1	1754511	920150	52.4448	919859	99.9684	909011	98.8207	291	0.0316	909293	98.8201	16298	1.7712	5441	33.3845	5160	31.6603	5638	34.5932	5557	34.0962	139782	96.3050	133245	89.6574	0.9817
EST1236807101S1K	EST1357107101S1K	na	NZ_CP049075.1	1754511	1243077	70.8503	1242032	99.9159	1225734	98.6878	1045	0.0841	1226741	98.6858	25083	2.0178	8747	34.8722	7759	30.9333	7818	31.1685	9482	37.8025	139782	63.7893	78769	84.4266	0.9493
EST1236807101S1K	EST1358301101S1K	na	NZ_CP049075.1	1754511	762808	43.4770	762533	99.9639	753080	98.7603	275	0.0361	753348	98.7598	14192	1.8605	4732	33.3427	4467	31.4755	4719	33.2511	5060	35.6539	139782	71.4370	94377	84.3426	0.9614
EST1236807101S1K	EST1358301201S1K	na	NZ_CP049075.1	1754511	1219231	69.4912	1218649	99.9523	1203171	98.7299	582	0.0477	1203740	98.7294	23359	1.9159	7868	33.6829	7303	31.2642	7564	32.3815	8600	36.8166	139782	75.1320	102933	86.8847	0.9611
EST1236807101S1K	EST1358302101S1K	na	NZ_CP049075.1	1754511	815798	46.4972	815524	99.9664	805162	98.7294	274	0.0336	805431	98.7292	15154	1.8576	4787	31.5890	4518	29.8139	5136	33.8920	5583	36.8418	139782	96.3050	133967	85.1441	0.9741
EST1236807101S1K	EST1358602101S1K	na	NZ_CP049075.1	1754511	445488	25.3910	445385	99.9769	440061	98.8046	103	0.0231	440163	98.8047	8025	1.8014	2700	33.6449	2598	32.3738	2621	32.6604	2835	35.3271	139782	43.2803	80640	70.0322	0.9428
EST1236807101S1K	EST1359005101S1K	na	NZ_CP049075.1	1754511	1261882	71.9221	1259856	99.8394	1244341	98.7685	2026	0.1606	1246342	98.7685	24784	1.9641	9244	37.2983	7247	29.2406	7774	31.3670	9493	38.3029	139782	96.3050	136370	89.2484	0.9781
EST1236807101S1K	EST1359006101S1K	na	NZ_CP049075.1	1754511	541524	30.8647	541276	99.9542	534628	98.7718	248	0.0458	534874	98.7720	9939	1.8354	3289	33.0919	3044	30.6268	3349	33.6955	3568	35.8990	139782	96.3050	151742	81.0593	0.9674
EST1236807101S1K	EST1359007101S1K	na	NZ_CP049075.1	1754511	1268299	72.2879	1267490	99.9362	1252224	98.7956	809	0.0638	1253022	98.7955	23736	1.8715	8459	35.6378	7663	32.2843	7825	32.9668	8336	35.1196	139782	96.3050	147634	90.7731	0.9858
EST1236807101S1K	EST1361001101S1K	na	NZ_CP049075.1	1754511	1114272	63.5090	1113837	99.9610	1100278	98.7827	435	0.0390	1100706	98.7825	20418	1.8324	6852	33.5586	6425	31.4673	6915	33.8672	7158	35.0573	139782	96.3050	155104	85.1313	0.9791
EST1236807101S1K	EST1361002101S1K	na	NZ_CP049075.1	1754511	1294283	73.7689	1293173	99.9142	1276507	98.7112	1110	0.0858	1277593	98.7105	25744	1.9891	9054	35.1694	7986	31.0208	8203	31.8637	9591	37.2553	139782	96.3050	120862	94.0759	0.9797
EST1236807101S1K	EST1361007101S1K	na	NZ_CP049075.1	1754511	1307788	74.5386	1306422	99.8955	1289909	98.7360	1366	0.1045	1291236	98.7344	25968	1.9856	9416	36.2600	8110	31.2307	8253	31.7814	9611	37.0109	139782	96.3050	126515	95.0488	0.9823
EST1236807101S1K	EST2359005102S1K	na	NZ_CP049075.1	1754511	1228092	69.9963	1224704	99.7241	1209791	98.7823	3388	0.2759	1213113	98.7803	25268	2.0575	10289	40.7195	6983	27.6357	7665	30.3348	9851	38.9861	139782	96.3050	128523	89.9209	0.9757
EST1237103201S1K	EST1238001101S1K	na	NZ_CP049075.1	1754511	980178	55.8662	979318	99.9123	966697	98.7112	860	0.0877	967544	98.7111	19294	1.9684	6660	34.5185	5814	30.1337	7535	39.0536	5999	31.0926	83812	9.2994	20057	31.6947	0.9500
EST1237103201S1K	EST1238002101S1K	na	NZ_CP049075.1	1754511	1260316	71.8329	1258778	99.8780	1241566	98.6326	1538	0.1220	1243068	98.6315	27360	2.1709	10112	36.9591	8635	31.5607	9755	35.6542	8931	32.6425	83812	94.0223	111899	60.5046	0.9611
EST1237103201S1K	EST1241101101S1K	na	NZ_CP049075.1	1754511	1317494	75.0918	1315352	99.8374	1297728	98.6601	2142	0.1626	1299814	98.6581	28561	2.1678	10881	38.0974	8828	30.9093	10159	35.5695	9438	33.0451	83812	86.5210	116967	57.7359	0.9583
EST1237103201S1K	EST1241104101S1K	na	NZ_CP049075.1	1754511	1269367	72.3488	1268076	99.8983	1250931	98.6480	1291	0.1017	1252188	98.6466	25200	1.9852	8021	31.8294	6773	26.8770	11614	46.0873	6898	27.3730	83812	86.5210	93863	82.1112	0.9786
EST1237103201S1K	EST1242101101S1K	na	NZ_CP049075.1	1754511	352675	20.1010	352354	99.9090	348182	98.8160	321	0.0910	348498	98.8156	6812	1.9315	2635	38.6817	2319	34.0429	2410	35.3787	2106	30.9160	83812	44.9458	107133	46.7307	0.9350
EST1237103201S1K	EST1242103101S1K	na	NZ_CP049075.1	1754511	1045280	59.5767	1044295	99.9058	1031014	98.7282	985	0.0942	1031982	98.7278	20933	2.0026	7635	36.4735	6667	31.8492	7779	37.1614	6546	31.2712	83812	86.5210	123051	59.4721	0.9638
EST1237103201S1K	EST1242207101S1K	na	NZ_CP049075.1	1754511	675380	38.4939	674863	99.9235	666185	98.7141	517	0.0765	666693	98.7138	13266	1.9642	4579	34.5168	4071	30.6875	5144	38.7758	4129	31.1247	83812	86.5210	140321	56.2268	0.9503
EST1237103201S1K	EST1242209101S1K	na	NZ_CP049075.1	1754511	1047064	59.6784	1045781	99.8775	1032301	98.7110	1283	0.1225	1033567	98.7110	21433	2.0470	7936	37.0270	6675	31.1436	7633	35.6133	7107	33.1591	83812	84.7230	127907	60.8059	0.9604
EST1237103201S1K	EST1242704101S1K	na	NZ_CP049075.1	1754511	1317274	75.0793	1305163	99.0806	1292572	99.0353	12111	0.9194	1304568	99.0354	31528	2.3934	18822	59.6993	6859	21.7553	8944	28.3684	12535	39.7583	83812	58.3759	84615	55.9463	0.9553
EST1237103201S1K	EST1242801101S1K	na	NZ_CP049075.1	1754511	1270104	72.3908	1268470	99.8713	1251809	98.6865	1634	0.1287	1253420	98.6864	26180	2.0612	9496	36.2720	7900	30.1757	9997	38.1856	8271	31.5928	83812	86.5210	106954	67.1335	0.9633
EST1237103201S1K	EST1242802101S1K	na	NZ_CP049075.1	1754511	1286066	73.3005	1282772	99.7439	1266627	98.7414	3294	0.2561	1269883	98.7417	27625	2.1480	11442	41.4190	8201	29.6869	9584	34.6932	9300	33.6652	83812	86.5210	77610	76.7311	0.9737
EST1237103201S1K	EST1242804101S1K	na	NZ_CP049075.1	1754511	1268027	72.2724	1262082	99.5312	1247376	98.8348	5945	0.4688	1253266	98.8359	27957	2.2048	13196	47.2011	7324	26.1974	9430	33.7304	9920	35.4831	83812	44.9458	69079	46.5728	0.9427
EST1237103201S1K	EST1242805101S1K	na	NZ_CP049075.1	1754511	1184962	67.5380	1183834	99.9048	1167939	98.6573	1128	0.0952	1169046	98.6568	24581	2.0744	8665	35.2508	7567	30.7839	9052	36.8252	8049	32.7448	83812	100.0000	153813	60.6711	0.9575
EST1237103201S1K	EST1247101101S1K	na	NZ_CP049075.1	1754511	839349	47.8395	838586	99.9091	829327	98.8959	763	0.0909	830075	98.8951	15969	1.9025	6695	41.9250	5948	37.2472	5438	34.0535	4607	28.8496	83812	86.5210	120859	62.6854	0.9645
EST1237103201S1K	EST1247106101S1K	na	NZ_CP049075.1	1754511	1237402	70.5269	1235963	99.8837	1219136	98.6386	1439	0.1163	1220537	98.6371	26564	2.1468	9699	36.5118	8316	31.3055	9729	36.6248	8495	31.9794	83812	44.9458	106665	43.5372	0.9329
EST1237103201S1K	EST1247109101S1K	na	NZ_CP049075.1	1754511	1310565	74.6969	1308993	99.8801	1290743	98.6058	1572	0.1199	1292255	98.6029	28016	2.1377	9706	34.6445	8233	29.3868	10942	39.0563	8894	31.7461	83812	86.5210	129147	58.8570	0.9526
EST1237103201S1K	EST1247203101S1K	na	NZ_CP049075.1	1754511	1157763	65.9878	1155930	99.8417	1140905	98.7002	1833	0.1583	1142706	98.6995	24449	2.1117	9392	38.4147	7615	31.1465	8820	36.0751	7952	32.5248	83812	72.6960	93469	46.2068	0.9420
EST1237103201S1K	EST1247206101S1K	na	NZ_CP049075.1	1754511	1159432	66.0829	1158238	99.8970	1142243	98.6190	1194	0.1030	1143402	98.6174	24955	2.1523	8925	35.7644	7811	31.3003	9318	37.3392	7878	31.5688	83812	94.0223	127972	61.5853	0.9592
EST1237103201S1K	EST1254306101S1K	na	NZ_CP049075.1	1754511	163189	9.3011	163047	99.9130	160989	98.7378	142	0.0870	161129	98.7377	2996	1.8359	936	31.2417	796	26.5688	1413	47.1629	788	26.3017	83812	77.2216	76013	100.0000	0.9797
EST1237103201S1K	EST1256811101S1K	na	NZ_CP049075.1	1754511	1123146	64.0148	1122076	99.9047	1106829	98.6412	1070	0.0953	1107867	98.6396	23051	2.0524	7772	33.7165	6741	29.2439	9231	40.0460	7194	31.2091	83812	92.4987	139306	61.7446	0.9577
EST1237103201S1K	EST1350502101S1K	na	NZ_CP049075.1	1754511	631447	35.9899	630131	99.7916	622738	98.8268	1316	0.2084	624039	98.8268	12194	1.9311	4786	39.2488	3486	28.5878	4469	36.6492	4022	32.9834	83812	86.5210	126094	61.5049	0.9658
EST1237103201S1K	EST1350510101S1K	na	NZ_CP049075.1	1754511	1064239	60.6573	1062941	99.8780	1048070	98.6010	1298	0.1220	1049322	98.5983	23656	2.2228	8739	36.9420	7510	31.7467	8473	35.8176	7747	32.7486	83812	86.5210	117862	57.8685	0.9519
EST1237103201S1K	EST1350804101S1K	na	NZ_CP049075.1	1754511	1298419	74.0046	1295796	99.7980	1278211	98.6429	2623	0.2020	1280771	98.6408	29372	2.2621	11724	39.9156	9219	31.3870	9671	32.9259	10281	35.0027	83812	44.9458	75045	36.3795	0.9386
EST1237103201S1K	EST1350807101S1K	na	NZ_CP049075.1	1754511	1255144	71.5381	1254007	99.9094	1236926	98.6379	1137	0.0906	1238033	98.6367	26316	2.0967	9205	34.9787	8104	30.7950	9747	37.0383	8604	32.6949	83812	100.0000	134701	58.6892	0.9595
EST1237103201S1K	EST1356604101S1K	na	NZ_CP049075.1	1754511	1275177	72.6799	1273388	99.8597	1256753	98.6936	1789	0.1403	1258493	98.6916	26680	2.0923	9996	37.4663	8274	31.0120	9586	35.9295	8844	33.1484	83812	84.7230	91591	68.1617	0.9684
EST1237103201S1K	EST1356611101S1K	na	NZ_CP049075.1	1754511	787698	44.8956	786897	99.8983	776875	98.7264	801	0.1017	777664	98.7262	15704	1.9937	5670	36.1055	4895	31.1704	5725	36.4557	5098	32.4631	83812	43.1478	57584	65.0927	0.9579
EST1237103201S1K	EST1357103101S1K	na	NZ_CP049075.1	1754511	891301	50.8005	890629	99.9246	879088	98.7042	672	0.0754	879744	98.7034	17323	1.9436	5766	33.2852	5111	29.5041	6854	39.5659	5418	31.2763	83812	86.5210	133245	57.2382	0.9556
EST1237103201S1K	EST1357107101S1K	na	NZ_CP049075.1	1754511	1275585	72.7032	1273930	99.8703	1257282	98.6932	1655	0.1297	1258893	98.6914	27624	2.1656	10932	39.5743	9347	33.8365	9406	34.0501	8832	31.9722	83812	35.6464	78769	37.7065	0.9388
EST1237103201S1K	EST1358301101S1K	na	NZ_CP049075.1	1754511	742175	42.3010	741609	99.9237	733368	98.8888	566	0.0763	733926	98.8885	14105	1.9005	5856	41.5172	5301	37.5824	4739	33.5980	4100	29.0677	83812	44.9458	94377	43.8560	0.9418
EST1237103201S1K	EST1358301201S1K	na	NZ_CP049075.1	1754511	1216888	69.3577	1215727	99.9046	1201606	98.8385	1161	0.0954	1202749	98.8381	24292	1.9962	10153	41.7957	9019	37.1274	8150	33.5501	7199	29.6353	83812	50.9235	102933	45.3489	0.9401
EST1237103201S1K	EST1358302101S1K	na	NZ_CP049075.1	1754511	790993	45.0834	790360	99.9200	781612	98.8932	633	0.0800	782240	98.8934	14919	1.8861	6166	41.3298	5540	37.1339	5062	33.9299	4358	29.2111	83812	86.5210	133967	56.5975	0.9568
EST1237103201S1K	EST1358602101S1K	na	NZ_CP049075.1	1754511	438268	24.9795	437961	99.9300	432516	98.7567	307	0.0700	432816	98.7560	8457	1.9296	3005	35.5327	2705	31.9853	3095	36.5969	2680	31.6897	83812	27.7502	80640	30.6523	0.9429
EST1237103201S1K	EST1359005101S1K	na	NZ_CP049075.1	1754511	1255226	71.5428	1252533	99.7855	1236300	98.7040	2693	0.2145	1238964	98.7045	26772	2.1328	10510	39.2574	7861	29.3628	9397	35.1001	9216	34.4240	83812	94.0223	136370	58.5627	0.9572
EST1237103201S1K	EST1359006101S1K	na	NZ_CP049075.1	1754511	523111	29.8152	522640	99.9100	515766	98.6848	471	0.0900	516232	98.6850	10422	1.9923	3543	33.9954	3078	29.5337	3946	37.8622	3405	32.6713	83812	94.0223	151742	57.3025	0.9529
EST1237103201S1K	EST1359007101S1K	na	NZ_CP049075.1	1754511	1264163	72.0522	1262725	99.8862	1245579	98.6421	1438	0.1138	1246985	98.6412	26303	2.0807	9125	34.6919	7726	29.3731	10129	38.5089	8548	32.4982	83812	94.0223	147634	58.8746	0.9545
EST1237103201S1K	EST1361001101S1K	na	NZ_CP049075.1	1754511	1091552	62.2140	1090583	99.9112	1076249	98.6857	969	0.0888	1077200	98.6852	21877	2.0042	7525	34.3969	6583	30.0910	8450	38.6250	6877	31.4348	83812	94.0223	155104	54.8993	0.9520
EST1237103201S1K	EST1361002101S1K	na	NZ_CP049075.1	1754511	1303441	74.2908	1301611	99.8596	1284003	98.6472	1830	0.1404	1285797	98.6464	28253	2.1676	10609	37.5500	8836	31.2746	10034	35.5148	9376	33.1859	83812	86.5210	120862	54.7128	0.9544
EST1237103201S1K	EST1361007101S1K	na	NZ_CP049075.1	1754511	1311768	74.7654	1309717	99.8436	1292318	98.6715	2051	0.1564	1294315	98.6695	28426	2.1670	10973	38.6020	9014	31.7104	10031	35.2881	9268	32.6040	83812	94.0223	126515	66.0356	0.9670
EST1237103201S1K	EST2359005102S1K	na	NZ_CP049075.1	1754511	1249560	71.2198	1245375	99.6651	1229263	98.7063	4185	0.3349	1233393	98.7062	28035	2.2436	11868	42.3328	7763	27.6904	9523	33.9683	9879	35.2381	83812	94.0223	128523	57.4496	0.9586
EST1238001101S1K	EST1238002101S1K	na	NZ_CP049075.1	1754511	970115	55.2926	969581	99.9450	957098	98.7125	534	0.0550	957620	98.7120	18907	1.9489	6412	33.9134	5902	31.2160	6095	32.2367	6955	36.7853	20057	100.0000	111899	16.2629	0.9449
EST1238001101S1K	EST1241101101S1K	na	NZ_CP049075.1	1754511	1050206	59.8575	1049227	99.9068	1036066	98.7456	979	0.0932	1037020	98.7444	20281	1.9311	7095	34.9835	6144	30.2944	6465	31.8771	7586	37.4045	20057	71.2170	116967	12.5967	0.9361
EST1238001101S1K	EST1241104101S1K	na	NZ_CP049075.1	1754511	995559	56.7428	995141	99.9580	983150	98.7950	418	0.0420	983556	98.7943	17224	1.7301	5221	30.3124	4820	27.9842	7221	41.9241	5233	30.3820	20057	31.6947	93863	8.3068	0.9415
EST1238001101S1K	EST1242101101S1K	na	NZ_CP049075.1	1754511	332323	18.9411	332194	99.9612	328186	98.7935	129	0.0388	328313	98.7933	6157	1.8527	2147	34.8709	2020	32.8082	2014	32.7107	2146	34.8546	20057	31.6947	107133	10.3236	0.9389
EST1238001101S1K	EST1242103101S1K	na	NZ_CP049075.1	1754511	868165	49.4819	867750	99.9522	857370	98.8038	415	0.0478	857781	98.8039	15799	1.8198	5415	34.2743	5007	31.6919	5196	32.8882	5647	35.7428	20057	71.2170	123051	12.2900	0.9329
EST1238001101S1K	EST1242207101S1K	na	NZ_CP049075.1	1754511	605790	34.5276	605608	99.9700	598315	98.7958	182	0.0300	598496	98.7960	10740	1.7729	3446	32.0857	3265	30.4004	3695	34.4041	3844	35.7914	20057	100.0000	140321	28.7412	0.9269
EST1238001101S1K	EST1242209101S1K	na	NZ_CP049075.1	1754511	863848	49.2358	863110	99.9146	852501	98.7708	738	0.0854	853231	98.7710	16065	1.8597	5448	33.9122	4725	29.4118	5182	32.2565	6171	38.4127	20057	28.7830	127907	4.3876	0.9216
EST1238001101S1K	EST1242704101S1K	na	NZ_CP049075.1	1754511	1070715	61.0264	1061386	99.1287	1053570	99.2636	9329	0.8713	1062830	99.2636	22519	2.1032	14634	64.9851	5382	23.8998	4836	21.4752	9395	41.7203	20057	71.2170	84615	13.4149	0.9530
EST1238001101S1K	EST1242801101S1K	na	NZ_CP049075.1	1754511	1040849	59.3242	1039914	99.9102	1036188	99.6417	935	0.0898	1037119	99.6416	14917	1.4332	11187	74.9950	10263	68.8007	2107	14.1248	2394	16.0488	20057	100.0000	106954	17.4626	0.9483
EST1238001101S1K	EST1242802101S1K	na	NZ_CP049075.1	1754511	1009364	57.5296	1007217	99.7873	995913	98.8777	2147	0.2127	998046	98.8787	19238	1.9060	7920	41.1685	5790	30.0967	5743	29.8524	7151	37.1712	20057	71.2170	77610	16.7156	0.9587
EST1238001101S1K	EST1242804101S1K	na	NZ_CP049075.1	1754511	1043119	59.4535	1038591	99.5659	1034939	99.6484	4528	0.4341	1039455	99.6487	17142	1.6433	13478	78.6256	8975	52.3568	2093	12.2098	4415	25.7555	20057	60.4776	69079	16.4261	0.9619
EST1238001101S1K	EST1242805101S1K	na	NZ_CP049075.1	1754511	977542	55.7159	977068	99.9515	964704	98.7346	474	0.0485	965170	98.7344	18506	1.8931	6134	33.1460	5670	30.6387	6061	32.7515	6868	37.1123	20057	100.0000	153813	25.8970	0.9250
EST1238001101S1K	EST1247101101S1K	na	NZ_CP049075.1	1754511	697073	39.7303	696768	99.9562	688137	98.7613	305	0.0438	688437	98.7611	12797	1.8358	4161	32.5154	3861	30.1711	4293	33.5469	4706	36.7742	20057	71.2170	120859	15.3534	0.9380
EST1238001101S1K	EST1247106101S1K	na	NZ_CP049075.1	1754511	979264	55.8141	978737	99.9462	966047	98.7034	527	0.0538	966556	98.7023	19438	1.9850	6730	34.6229	6225	32.0249	6222	32.0095	7046	36.2486	20057	100.0000	106665	37.1096	0.9491
EST1238001101S1K	EST1247109101S1K	na	NZ_CP049075.1	1754511	1042322	59.4081	1041798	99.9497	1029142	98.7852	524	0.0503	1029652	98.7844	19325	1.8540	6655	34.4373	6148	31.8137	6582	34.0595	6668	34.5045	20057	60.4776	129147	24.9142	0.9283
EST1238001101S1K	EST1247203101S1K	na	NZ_CP049075.1	1754511	905215	51.5936	904279	99.8966	892669	98.7161	936	0.1034	893590	98.7158	17641	1.9488	6016	34.1024	5096	28.8873	5852	33.1727	6712	38.0477	20057	71.2170	93469	16.2524	0.9497
EST1238001101S1K	EST1247206101S1K	na	NZ_CP049075.1	1754511	877512	50.0146	877070	99.9496	868698	99.0455	442	0.0504	869130	99.0448	15517	1.7683	7135	45.9818	6717	43.2880	4173	26.8931	4628	29.8254	20057	71.2170	127972	10.0202	0.9297
EST1238001101S1K	EST1254306101S1K	na	NZ_CP049075.1	1754511	147227	8.3913	147176	99.9654	145629	98.9489	51	0.0346	145680	98.9492	2295	1.5588	748	32.5926	697	30.3704	979	42.6580	624	27.1895	20057	0.0000	76013	0.0000	0.9567
EST1238001101S1K	EST1256811101S1K	na	NZ_CP049075.1	1754511	913446	52.0627	913019	99.9533	902120	98.8063	427	0.0467	902539	98.8060	16602	1.8175	5695	34.3031	5277	31.7853	5715	34.4236	5725	34.4838	20057	60.4776	139306	23.1462	0.9225
EST1238001101S1K	EST1350502101S1K	na	NZ_CP049075.1	1754511	534630	30.4717	533673	99.8210	527956	98.9287	957	0.1790	528904	98.9290	9435	1.7648	3709	39.3111	2761	29.2634	3059	32.4218	3435	36.4070	20057	31.6947	126094	5.2485	0.9236
EST1238001101S1K	EST1350510101S1K	na	NZ_CP049075.1	1754511	766983	43.7149	766585	99.9481	756487	98.6827	398	0.0519	756869	98.6813	15290	1.9935	5176	33.8522	4796	31.3669	4902	32.0602	5653	36.9719	20057	71.2170	117862	12.8345	0.9361
EST1238001101S1K	EST1350804101S1K	na	NZ_CP049075.1	1754511	1032003	58.8200	1030588	99.8629	1017482	98.7283	1415	0.1371	1018869	98.7273	21073	2.0420	7939	37.6738	6558	31.1204	6215	29.4927	8161	38.7273	20057	60.4776	75045	15.2082	0.9563
EST1238001101S1K	EST1350807101S1K	na	NZ_CP049075.1	1754511	1011007	57.6233	1010617	99.9614	997526	98.7047	390	0.0386	997904	98.7040	19251	1.9041	6148	31.9360	5774	29.9932	6473	33.6242	7124	37.0059	20057	100.0000	134701	14.2382	0.9338
EST1238001101S1K	EST1356604101S1K	na	NZ_CP049075.1	1754511	1029774	58.6929	1028872	99.9124	1015789	98.7284	902	0.0876	1016678	98.7283	19670	1.9101	6574	33.4215	5695	28.9527	6417	32.6233	7617	38.7239	20057	68.3053	91591	31.8383	0.9508
EST1238001101S1K	EST1356611101S1K	na	NZ_CP049075.1	1754511	696606	39.7037	696177	99.9384	687792	98.7956	429	0.0616	688217	98.7957	12920	1.8547	4531	35.0697	4108	31.7957	4179	32.3452	4662	36.0836	20057	28.7830	57584	34.9073	0.9622
EST1238001101S1K	EST1357103101S1K	na	NZ_CP049075.1	1754511	782044	44.5733	781776	99.9657	779979	99.7701	268	0.0343	780247	99.7702	10029	1.2824	8232	82.0820	7965	79.4197	1105	11.0180	942	9.3928	20057	71.2170	133245	10.3268	0.9274
EST1238001101S1K	EST1357107101S1K	na	NZ_CP049075.1	1754511	1010830	57.6132	1010075	99.9253	997107	98.7161	755	0.0747	997842	98.7151	20243	2.0026	7255	35.8395	6522	32.2185	6359	31.4133	7388	36.4966	20057	68.3053	78769	14.4143	0.9563
EST1238001101S1K	EST1358301101S1K	na	NZ_CP049075.1	1754511	651553	37.1359	651330	99.9658	642961	98.7151	223	0.0342	643179	98.7148	12377	1.8996	4003	32.3422	3791	30.6294	4028	32.5442	4623	37.3515	20057	71.2170	94377	19.5535	0.9534
EST1238001101S1K	EST1358301201S1K	na	NZ_CP049075.1	1754511	1015382	57.8726	1014832	99.9458	1001457	98.6820	550	0.0542	1001996	98.6817	19921	1.9619	6535	32.8046	6005	30.1441	6419	32.2223	7609	38.1959	20057	100.0000	102933	22.9557	0.9539
EST1238001101S1K	EST1358302101S1K	na	NZ_CP049075.1	1754511	685179	39.0524	684922	99.9625	676398	98.7555	257	0.0375	676654	98.7558	12550	1.8316	4025	32.0717	3770	30.0398	4270	34.0239	4585	36.5339	20057	71.2170	133967	13.7952	0.9271
EST1238001101S1K	EST1358602101S1K	na	NZ_CP049075.1	1754511	373234	21.2728	373101	99.9644	368481	98.7617	133	0.0356	368614	98.7622	6848	1.8348	2228	32.5350	2095	30.5929	2267	33.1046	2517	36.7553	20057	39.5224	80640	10.0930	0.9540
EST1238001101S1K	EST1359005101S1K	na	NZ_CP049075.1	1754511	1017101	57.9706	1015414	99.8341	1003312	98.8082	1687	0.1659	1004981	98.8084	19625	1.9295	7505	38.2420	5840	29.7580	6059	30.8739	7512	38.2777	20057	60.4776	136370	10.7018	0.9237
EST1238001101S1K	EST1359006101S1K	na	NZ_CP049075.1	1754511	451907	25.7569	451682	99.9502	446355	98.8206	225	0.0498	446579	98.8210	8141	1.8015	2813	34.5535	2589	31.8020	2698	33.1409	2869	35.2414	20057	31.6947	151742	6.0880	0.9090
EST1238001101S1K	EST1359007101S1K	na	NZ_CP049075.1	1754511	1022890	58.3006	1022244	99.9368	1009793	98.7820	646	0.0632	1010430	98.7819	18927	1.8503	6467	34.1681	5833	30.8184	6333	33.4601	6835	36.1124	20057	100.0000	147634	27.0297	0.9256
EST1238001101S1K	EST1361001101S1K	na	NZ_CP049075.1	1754511	926127	52.7855	925760	99.9604	915055	98.8437	367	0.0396	915418	98.8437	16576	1.7898	5867	35.3945	5511	33.2469	5429	32.7522	5683	34.2845	20057	100.0000	155104	23.4037	0.9213
EST1238001101S1K	EST1361002101S1K	na	NZ_CP049075.1	1754511	1033917	58.9291	1033077	99.9188	1019880	98.7226	840	0.0812	1020704	98.7220	20145	1.9484	6932	34.4105	6111	30.3351	6499	32.2611	7569	37.5726	20057	100.0000	120862	15.1470	0.9379
EST1238001101S1K	EST1361007101S1K	na	NZ_CP049075.1	1754511	1045332	59.5797	1044375	99.9085	1031014	98.7207	957	0.0915	1031947	98.7195	20404	1.9519	7019	34.4001	6093	29.8618	6623	32.4593	7676	37.6201	20057	60.4776	126515	15.0962	0.9291
EST1238001101S1K	EST2359005102S1K	na	NZ_CP049075.1	1754511	969724	55.2703	967089	99.7283	955859	98.8388	2635	0.2717	958452	98.8376	19304	1.9907	8032	41.6080	5441	28.1859	5805	30.0715	7439	38.5361	20057	60.4776	128523	11.3466	0.9283
EST1238002101S1K	EST1241101101S1K	na	NZ_CP049075.1	1754511	1370822	78.1313	1368420	99.8248	1350363	98.6804	2402	0.1752	1352689	98.6772	30274	2.2085	12141	40.1037	9973	32.9425	9919	32.7641	10105	33.3785	111899	89.6371	116967	90.8085	0.9804
EST1238002101S1K	EST1241104101S1K	na	NZ_CP049075.1	1754511	1294016	73.7537	1292775	99.9041	1274667	98.5993	1241	0.0959	1275857	98.5967	26193	2.0242	8034	30.6723	6901	26.3467	11907	45.4587	7397	28.2404	111899	54.8834	93863	82.1112	0.9486
EST1238002101S1K	EST1242101101S1K	na	NZ_CP049075.1	1754511	348233	19.8479	348093	99.9598	343984	98.8196	140	0.0402	344121	98.8192	6487	1.8628	2375	36.6117	2238	34.4998	2171	33.4669	2095	32.2954	111899	57.5296	107133	76.9641	0.9545
EST1238002101S1K	EST1242103101S1K	na	NZ_CP049075.1	1754511	1065880	60.7508	1065130	99.9296	1051822	98.7506	750	0.0704	1052547	98.7491	21040	1.9740	7707	36.6302	6987	33.2082	7278	34.5913	6795	32.2956	111899	89.6371	123051	91.1646	0.9741
EST1238002101S1K	EST1242207101S1K	na	NZ_CP049075.1	1754511	674401	38.4381	674174	99.9663	666139	98.8082	227	0.0337	666361	98.8078	12493	1.8525	4453	35.6440	4231	33.8670	4294	34.3712	4005	32.0580	111899	94.3789	140321	100.0000	0.9620
EST1238002101S1K	EST1242209101S1K	na	NZ_CP049075.1	1754511	1061354	60.4929	1060324	99.9030	1047018	98.7451	1030	0.0970	1048021	98.7438	21244	2.0016	7911	37.2387	6923	32.5880	7108	33.4589	7154	33.6754	111899	88.4789	127907	90.0795	0.9743
EST1238002101S1K	EST1242704101S1K	na	NZ_CP049075.1	1754511	1372492	78.2265	1359950	99.0862	1347336	99.0725	12542	0.9138	1359741	99.0710	33077	2.4100	20326	61.4506	8019	24.2434	8551	25.8518	13089	39.5713	111899	71.0006	84615	100.0000	0.9756
EST1238002101S1K	EST1242801101S1K	na	NZ_CP049075.1	1754511	1307772	74.5377	1306156	99.8764	1288952	98.6829	1616	0.1236	1290534	98.6819	27036	2.0673	9798	36.2406	8251	30.5186	9867	36.4958	8760	32.4012	111899	94.3789	106954	89.8096	0.9685
EST1238002101S1K	EST1242802101S1K	na	NZ_CP049075.1	1754511	1311662	74.7594	1308430	99.7536	1292143	98.7552	3232	0.2464	1295314	98.7536	28331	2.1599	11983	42.2964	8851	31.2414	9206	32.4944	9633	34.0016	111899	61.3848	77610	86.1397	0.9598
EST1238002101S1K	EST1242804101S1K	na	NZ_CP049075.1	1754511	1306143	74.4448	1300330	99.5549	1285016	98.8223	5813	0.4451	1290752	98.8216	28772	2.2028	13381	46.5070	7695	26.7448	9269	32.2153	10384	36.0906	111899	62.2713	69079	100.0000	0.9681
EST1238002101S1K	EST1242805101S1K	na	NZ_CP049075.1	1754511	1202304	68.5264	1201556	99.9378	1186231	98.7246	748	0.0622	1186952	98.7231	24065	2.0016	8713	36.2061	8005	33.2641	8146	33.8500	8016	33.3098	111899	100.0000	153813	96.7109	0.9743
EST1238002101S1K	EST1247101101S1K	na	NZ_CP049075.1	1754511	857188	48.8562	856573	99.9283	845928	98.7573	615	0.0717	846517	98.7551	16829	1.9633	6158	36.5916	5571	33.1036	5799	34.4584	5497	32.6639	111899	89.6371	120859	95.1456	0.9718
EST1238002101S1K	EST1247106101S1K	na	NZ_CP049075.1	1754511	1303475	74.2928	1301824	99.8733	1284494	98.6688	1651	0.1267	1286075	98.6651	28438	2.1817	11038	38.8143	9631	33.8667	9758	34.3132	9052	31.8306	111899	68.7727	106665	100.0000	0.9611
EST1238002101S1K	EST1247109101S1K	na	NZ_CP049075.1	1754511	1360613	77.5494	1358842	99.8698	1339776	98.5969	1771	0.1302	1341451	98.5917	29630	2.1777	10468	35.3291	8874	29.9494	10933	36.8984	9781	33.0105	111899	87.8775	129147	100.0000	0.9714
EST1238002101S1K	EST1247203101S1K	na	NZ_CP049075.1	1754511	1194226	68.0660	1192574	99.8617	1181480	99.0697	1652	0.1383	1183100	99.0684	22817	1.9106	11691	51.2381	10179	44.6115	6177	27.0719	6284	27.5409	111899	78.2661	93469	88.0142	0.9692
EST1238002101S1K	EST1247206101S1K	na	NZ_CP049075.1	1754511	1220898	69.5862	1219560	99.8904	1202236	98.5795	1338	0.1096	1203527	98.5772	26701	2.1870	9330	34.9425	8105	30.3547	9621	36.0324	8936	33.4669	111899	95.2582	127972	91.5732	0.9817
EST1238002101S1K	EST1254306101S1K	na	NZ_CP049075.1	1754511	161497	9.2047	161441	99.9653	159378	98.7221	56	0.0347	159432	98.7213	2897	1.7938	832	28.7194	778	26.8554	1332	45.9786	792	27.3386	111899	49.8637	76013	100.0000	0.9387
EST1238002101S1K	EST1256811101S1K	na	NZ_CP049075.1	1754511	1143515	65.1757	1142768	99.9347	1127869	98.6962	747	0.0653	1128582	98.6941	22709	1.9859	7776	34.2419	7074	31.1506	8355	36.7916	7377	32.4849	111899	87.8775	139306	96.2859	0.9656
EST1238002101S1K	EST1350502101S1K	na	NZ_CP049075.1	1754511	641920	36.5868	640768	99.8205	633803	98.9130	1152	0.1795	634931	98.9112	11984	1.8669	4995	41.6806	3869	32.2847	4001	33.3862	3849	32.1178	111899	83.1357	126094	86.7583	0.9661
EST1238002101S1K	EST1350510101S1K	na	NZ_CP049075.1	1754511	1136614	64.7824	1135118	99.8684	1122611	98.8982	1496	0.1316	1124039	98.8936	24137	2.1236	11562	47.9016	10266	42.5322	6892	28.5537	6914	28.6448	111899	89.6371	117862	90.8172	0.9805
EST1238002101S1K	EST1350804101S1K	na	NZ_CP049075.1	1754511	1345614	76.6945	1342756	99.7876	1323673	98.5788	2858	0.2124	1326460	98.5766	31424	2.3353	12270	39.0466	9642	30.6836	10029	31.9151	11399	36.2748	111899	57.6234	75045	85.6833	0.9629
EST1238002101S1K	EST1350807101S1K	na	NZ_CP049075.1	1754511	1280034	72.9567	1279238	99.9378	1262134	98.6630	796	0.0622	1262894	98.6610	26410	2.0632	9270	35.1003	8537	32.3249	9072	34.3506	8892	33.6691	111899	100.0000	134701	88.2302	0.9795
EST1238002101S1K	EST1356604101S1K	na	NZ_CP049075.1	1754511	1290672	73.5631	1288991	99.8698	1271798	98.6662	1681	0.1302	1273432	98.6643	27376	2.1211	10136	37.0251	8554	31.2463	9288	33.9275	9394	34.3147	111899	66.7280	91591	100.0000	0.9609
EST1238002101S1K	EST1356611101S1K	na	NZ_CP049075.1	1754511	787471	44.8826	786896	99.9270	776948	98.7358	575	0.0730	777508	98.7348	15614	1.9828	5651	36.1919	5098	32.6502	5337	34.1809	5173	33.1305	111899	34.6205	57584	100.0000	0.9403
EST1238002101S1K	EST1357103101S1K	na	NZ_CP049075.1	1754511	893819	50.9441	893462	99.9601	882177	98.7369	357	0.0399	882520	98.7359	16793	1.8788	5494	32.7160	5154	30.6914	6238	37.1464	5461	32.5195	111899	89.6371	133245	86.7995	0.9714
EST1238002101S1K	EST1357107101S1K	na	NZ_CP049075.1	1754511	1337966	76.2586	1335921	99.8472	1317531	98.6234	2045	0.1528	1319486	98.6188	30223	2.2589	11743	38.8545	9946	32.9087	9830	32.5249	10272	33.9874	111899	63.7530	78769	92.1492	0.9695
EST1238002101S1K	EST1358301101S1K	na	NZ_CP049075.1	1754511	751477	42.8311	751063	99.9449	741594	98.7393	414	0.0551	741988	98.7373	14656	1.9503	5167	35.2552	4779	32.6078	5084	34.6889	4845	33.0581	111899	64.0310	94377	85.1913	0.9624
EST1238002101S1K	EST1358301201S1K	na	NZ_CP049075.1	1754511	1243274	70.8616	1242419	99.9312	1226221	98.6963	855	0.0688	1227049	98.6950	25424	2.0449	9199	36.1823	8384	32.9767	8599	33.8224	8490	33.3936	111899	68.7727	102933	83.4999	0.9631
EST1238002101S1K	EST1358302101S1K	na	NZ_CP049075.1	1754511	791550	45.1151	791164	99.9512	781356	98.7603	386	0.0488	781730	98.7594	15228	1.9238	5408	35.5135	5037	33.0772	5250	34.4760	4977	32.6832	111899	89.6371	133967	86.0891	0.9644
EST1238002101S1K	EST1358602101S1K	na	NZ_CP049075.1	1754511	444949	25.3603	444667	99.9366	440092	98.9711	282	0.0634	440368	98.9704	8181	1.8386	3600	44.0044	3324	40.6307	2542	31.0720	2307	28.1995	111899	54.0657	80640	80.1252	0.9677
EST1238002101S1K	EST1359005101S1K	na	NZ_CP049075.1	1754511	1290189	73.5355	1287673	99.8050	1270896	98.6971	2516	0.1950	1273364	98.6959	27518	2.1329	10693	38.8582	8250	29.9804	9275	33.7052	9637	35.0207	111899	93.4986	136370	85.7542	0.9761
EST1238002101S1K	EST1359006101S1K	na	NZ_CP049075.1	1754511	533144	30.3870	532803	99.9360	525854	98.6958	341	0.0640	526184	98.6945	10534	1.9758	3574	33.9282	3244	30.7955	3845	36.5009	3438	32.6372	111899	88.7568	151742	78.2288	0.9469
EST1238002101S1K	EST1359007101S1K	na	NZ_CP049075.1	1754511	1298632	74.0167	1297369	99.9027	1279626	98.6324	1263	0.0973	1280859	98.6314	27048	2.0828	9275	34.2909	8054	29.7767	9894	36.5794	9110	33.6809	111899	100.0000	147634	100.0000	0.9782
EST1238002101S1K	EST1361001101S1K	na	NZ_CP049075.1	1754511	1101773	62.7966	1101223	99.9501	1087046	98.7126	550	0.0499	1087579	98.7117	21420	1.9441	7226	33.7348	6703	31.2932	7667	35.7937	7086	33.0812	111899	100.0000	155104	94.0936	0.9737
EST1238002101S1K	EST1361002101S1K	na	NZ_CP049075.1	1754511	1356897	77.3376	1354799	99.8454	1336502	98.6495	2098	0.1546	1338535	98.6468	30162	2.2229	11800	39.1221	9837	32.6139	9974	33.0681	10234	33.9301	111899	94.3789	120862	91.1022	0.9828
EST1238002101S1K	EST1361007101S1K	na	NZ_CP049075.1	1754511	1369055	78.0306	1366737	99.8307	1348331	98.6533	2318	0.1693	1350564	98.6494	30523	2.2295	12032	39.4195	9952	32.6049	10097	33.0800	10390	34.0399	111899	93.4986	126515	100.0000	0.9822
EST1238002101S1K	EST2359005102S1K	na	NZ_CP049075.1	1754511	1303059	74.2691	1298610	99.6586	1281658	98.6946	4449	0.3414	1286012	98.6918	29667	2.2767	12620	42.5388	8358	28.1727	9703	32.7064	10685	36.0164	111899	93.4986	128523	86.2040	0.9757
EST1241101101S1K	EST1241104101S1K	na	NZ_CP049075.1	1754511	1356407	77.3097	1354646	99.8702	1336502	98.6606	1761	0.1298	1338206	98.6581	27161	2.0024	8960	32.9885	7289	26.8363	12152	44.7406	7528	27.7162	116967	66.9274	93863	93.7249	0.9669
EST1241101101S1K	EST1242101101S1K	na	NZ_CP049075.1	1754511	391925	22.3381	391674	99.9360	386999	98.8064	251	0.0640	387245	98.8059	7328	1.8697	2648	36.1354	2403	32.7920	2432	33.1878	2470	33.7063	116967	68.2628	107133	87.4380	0.9648
EST1241101101S1K	EST1242103101S1K	na	NZ_CP049075.1	1754511	1155312	65.8481	1154069	99.8924	1146683	99.3600	1243	0.1076	1147905	99.3589	19349	1.6748	11942	61.7190	10726	55.4344	4310	22.2751	3971	20.5230	116967	100.0000	123051	100.0000	0.9963
EST1241101101S1K	EST1242207101S1K	na	NZ_CP049075.1	1754511	744684	42.4440	744196	99.9345	735419	98.8206	488	0.0655	735896	98.8199	13799	1.8530	5011	36.3142	4535	32.8647	4871	35.2997	4384	31.7704	116967	100.0000	140321	100.0000	0.9824
EST1241101101S1K	EST1242209101S1K	na	NZ_CP049075.1	1754511	1137926	64.8572	1136424	99.8680	1122431	98.7687	1502	0.1320	1123899	98.7673	22661	1.9914	8634	38.1007	7186	31.7109	7691	33.9394	7633	33.6834	116967	87.4033	127907	85.6349	0.9700
EST1241101101S1K	EST1242704101S1K	na	NZ_CP049075.1	1754511	1450102	82.6499	1436406	99.0555	1423945	99.1325	13696	0.9445	1437506	99.1314	34162	2.3558	21566	63.1286	8238	24.1145	8662	25.3557	13353	39.0873	116967	65.1432	84615	92.5533	0.9664
EST1241101101S1K	EST1242801101S1K	na	NZ_CP049075.1	1754511	1393324	79.4138	1391142	99.8434	1373485	98.7308	2182	0.1566	1375622	98.7295	28448	2.0417	10746	37.7742	8644	30.3853	10367	36.4419	9080	31.9179	116967	100.0000	106954	94.9969	0.9744
EST1241101101S1K	EST1242802101S1K	na	NZ_CP049075.1	1754511	1385722	78.9805	1381847	99.7204	1372551	99.3273	3875	0.2796	1376393	99.3268	26166	1.8883	16837	64.3469	13133	50.1911	5706	21.8069	6075	23.2172	116967	73.0591	77610	100.0000	0.9763
EST1241101101S1K	EST1242804101S1K	na	NZ_CP049075.1	1754511	1389072	79.1715	1382358	99.5167	1366829	98.8766	6714	0.4833	1373462	98.8762	30249	2.1776	14639	48.3950	8086	26.7315	9664	31.9482	10736	35.4921	116967	59.0714	69079	92.3160	0.9589
EST1241101101S1K	EST1242805101S1K	na	NZ_CP049075.1	1754511	1280140	72.9628	1278887	99.9021	1263401	98.7891	1253	0.0979	1264631	98.7885	25296	1.9760	9787	38.6899	8565	33.8591	8436	33.3491	8185	32.3569	116967	100.0000	153813	92.6190	0.9774
EST1241101101S1K	EST1247101101S1K	na	NZ_CP049075.1	1754511	922549	52.5815	921604	99.8976	909995	98.7403	945	0.1024	910915	98.7389	18240	1.9771	6606	36.2171	5690	31.1952	6470	35.4715	6017	32.9879	116967	100.0000	120859	100.0000	0.9883
EST1241101101S1K	EST1247106101S1K	na	NZ_CP049075.1	1754511	1345676	76.6981	1343550	99.8420	1326643	98.7416	2126	0.1580	1328700	98.7385	28881	2.1462	11905	41.2209	9959	34.4829	9758	33.7869	8921	30.8888	116967	74.3945	106665	100.0000	0.9701
EST1241101101S1K	EST1247109101S1K	na	NZ_CP049075.1	1754511	1447801	82.5188	1445481	99.8398	1425883	98.6442	2320	0.1602	1428116	98.6404	31374	2.1670	11689	37.2570	9552	30.4456	11514	36.6992	10174	32.4281	116967	93.8684	129147	100.0000	0.9837
EST1241101101S1K	EST1247203101S1K	na	NZ_CP049075.1	1754511	1232578	70.2519	1230457	99.8279	1215042	98.7472	2121	0.1721	1217110	98.7451	25799	2.0931	10331	40.0442	8304	32.1873	8771	33.9974	8499	32.9431	116967	95.2175	93469	100.0000	0.9805
EST1241101101S1K	EST1247206101S1K	na	NZ_CP049075.1	1754511	1246568	71.0493	1244673	99.8480	1227785	98.6432	1895	0.1520	1229620	98.6404	27118	2.1754	10170	37.5028	8388	30.9315	9759	35.9872	8744	32.2443	116967	100.0000	127972	95.0989	0.9850
EST1241101101S1K	EST1254306101S1K	na	NZ_CP049075.1	1754511	177083	10.0930	176920	99.9080	174785	98.7932	163	0.0920	174942	98.7910	3137	1.7715	996	31.7501	839	26.7453	1469	46.8282	817	26.0440	116967	51.2709	76013	100.0000	0.9613
EST1241101101S1K	EST1256811101S1K	na	NZ_CP049075.1	1754511	1204973	68.6786	1203655	99.8906	1188368	98.7300	1318	0.1094	1189642	98.7277	24041	1.9951	8710	36.2298	7451	30.9929	8941	37.1906	7597	31.6002	116967	93.8684	139306	96.2859	0.9777
EST1241101101S1K	EST1350502101S1K	na	NZ_CP049075.1	1754511	694461	39.5815	693014	99.7916	685355	98.8948	1447	0.2084	686774	98.8931	13007	1.8730	5320	40.9011	3907	30.0377	4503	34.6198	4288	32.9669	116967	84.6769	126094	86.7583	0.9678
EST1241101101S1K	EST1350510101S1K	na	NZ_CP049075.1	1754511	1141626	65.0680	1139673	99.8289	1124462	98.6653	1953	0.1711	1126348	98.6617	25818	2.2615	10540	40.8242	8747	33.8795	8553	33.1281	8297	32.1365	116967	100.0000	117862	100.0000	0.9929
EST1241101101S1K	EST1350804101S1K	na	NZ_CP049075.1	1754511	1415296	80.6661	1411745	99.7491	1392466	98.6344	3551	0.2509	1395910	98.6303	32723	2.3121	13337	40.7573	10009	30.5870	10443	31.9133	11742	35.8830	116967	68.2628	75045	92.8363	0.9684
EST1241101101S1K	EST1350807101S1K	na	NZ_CP049075.1	1754511	1355853	77.2781	1354461	99.8973	1337324	98.7348	1392	0.1027	1338667	98.7325	27565	2.0330	10379	37.6528	9068	32.8968	9410	34.1375	8962	32.5122	116967	100.0000	134701	87.5836	0.9831
EST1241101101S1K	EST1356604101S1K	na	NZ_CP049075.1	1754511	1364015	77.7433	1361791	99.8370	1343801	98.6789	2224	0.1630	1345969	98.6770	28845	2.1147	10799	37.4380	8666	30.0433	9930	34.4254	10018	34.7305	116967	66.5940	91591	93.1227	0.9621
EST1241101101S1K	EST1356611101S1K	na	NZ_CP049075.1	1754511	851990	48.5600	851140	99.9002	840993	98.8078	850	0.0998	841824	98.8068	16438	1.9294	6272	38.1555	5454	33.1792	5475	33.3070	5404	32.8750	116967	34.8568	57584	88.7087	0.9420
EST1241101101S1K	EST1357103101S1K	na	NZ_CP049075.1	1754511	973776	55.5013	973073	99.9278	960977	98.7569	703	0.0722	961662	98.7560	18387	1.8882	6273	34.1165	5590	30.4019	6952	37.8093	5798	31.5331	116967	100.0000	133245	95.4392	0.9876
EST1241101101S1K	EST1357107101S1K	na	NZ_CP049075.1	1754511	1393051	79.3982	1390492	99.8163	1371907	98.6634	2559	0.1837	1374382	98.6598	31369	2.2518	12700	40.4858	10392	33.1282	10134	32.3058	10521	33.5395	116967	58.7379	78769	85.4575	0.9637
EST1241101101S1K	EST1358301101S1K	na	NZ_CP049075.1	1754511	814934	46.4479	814189	99.9086	804427	98.8010	745	0.0914	805147	98.7990	15724	1.9295	5937	37.7576	5220	33.1977	5431	34.5396	4993	31.7540	116967	74.3945	94377	92.2237	0.9761
EST1241101101S1K	EST1358301201S1K	na	NZ_CP049075.1	1754511	1322291	75.3652	1320862	99.8919	1304277	98.7444	1429	0.1081	1305671	98.7431	26673	2.0172	10053	37.6898	8664	32.4823	9039	33.8882	8815	33.0484	116967	74.3945	102933	83.6398	0.9659
EST1241101101S1K	EST1358302101S1K	na	NZ_CP049075.1	1754511	866737	49.4005	866008	99.9159	855316	98.7654	729	0.0841	856034	98.7651	16598	1.9150	5895	35.5163	5183	31.2267	5792	34.8958	5539	33.3715	116967	100.0000	133967	90.7821	0.9809
EST1241101101S1K	EST1358602101S1K	na	NZ_CP049075.1	1754511	479522	27.3308	479100	99.9120	473415	98.8134	422	0.0880	473825	98.8119	9147	1.9075	3450	37.7173	3040	33.2349	3175	34.7108	2898	31.6825	116967	53.8955	80640	80.1252	0.9614
EST1241101101S1K	EST1359005101S1K	na	NZ_CP049075.1	1754511	1379616	78.6325	1376337	99.7623	1359279	98.7606	3279	0.2377	1362489	98.7586	29263	2.1211	12136	41.4722	8986	30.7077	9717	33.2058	10016	34.2275	116967	93.8684	136370	85.2812	0.9795
EST1241101101S1K	EST1359006101S1K	na	NZ_CP049075.1	1754511	581835	33.1622	581273	99.9034	574148	98.7742	562	0.0966	574702	98.7741	11310	1.9439	4177	36.9319	3624	32.0424	3943	34.8630	3666	32.4138	116967	93.8684	151742	81.0593	0.9668
EST1241101101S1K	EST1359007101S1K	na	NZ_CP049075.1	1754511	1380374	78.6757	1378606	99.8719	1360461	98.6838	1768	0.1281	1362191	98.6827	28377	2.0557	10194	35.9235	8477	29.8728	10348	36.4662	9439	33.2629	116967	100.0000	147634	95.7009	0.9813
EST1241101101S1K	EST1361001101S1K	na	NZ_CP049075.1	1754511	1179870	67.2478	1178775	99.9072	1163931	98.7407	1095	0.0928	1165002	98.7399	22971	1.9469	8103	35.2749	7043	30.6604	8456	36.8116	7413	32.2711	116967	100.0000	155104	89.9326	0.9744
EST1241101101S1K	EST1361002101S1K	na	NZ_CP049075.1	1754511	1454966	82.9272	1452274	99.8150	1441389	99.2505	2692	0.1850	1444029	99.2483	28044	1.9275	17107	61.0006	14635	52.1859	6360	22.6786	6412	22.8641	116967	100.0000	120862	95.6496	0.9954
EST1241101101S1K	EST1361007101S1K	na	NZ_CP049075.1	1754511	1442323	82.2066	1439439	99.8000	1420699	98.6981	2884	0.2000	1423484	98.6938	31685	2.1968	12846	40.5428	10148	32.0278	10666	33.6626	10528	33.2271	116967	93.8684	126515	95.0488	0.9731
EST1241101101S1K	EST2359005102S1K	na	NZ_CP049075.1	1754511	1362673	77.6668	1357582	99.6264	1340773	98.7618	5091	0.3736	1345765	98.7592	30692	2.2523	13784	44.9107	8979	29.2552	9846	32.0800	10717	34.9179	116967	93.8684	128523	85.7061	0.9796
EST1241104101S1K	EST1242101101S1K	na	NZ_CP049075.1	1754511	352679	20.1013	352609	99.9802	348278	98.7717	70	0.0198	348345	98.7711	6147	1.7429	1813	29.4941	1747	28.4204	1753	28.5180	2672	43.4684	93863	63.4691	107133	69.7666	0.9441
EST1241104101S1K	EST1242103101S1K	na	NZ_CP049075.1	1754511	1061525	60.5026	1061003	99.9508	1047296	98.7081	522	0.0492	1047803	98.7073	19504	1.8374	5782	29.6452	5278	27.0611	5803	29.7529	8499	43.5757	93863	93.7249	123051	68.3074	0.9694
EST1241104101S1K	EST1242207101S1K	na	NZ_CP049075.1	1754511	682308	38.8888	682108	99.9707	673776	98.7785	200	0.0293	673970	98.7780	11753	1.7225	3415	29.0564	3221	27.4058	3459	29.4308	5139	43.7250	93863	93.7249	140321	71.9087	0.9631
EST1241104101S1K	EST1242209101S1K	na	NZ_CP049075.1	1754511	1059439	60.3837	1058617	99.9224	1045141	98.7270	822	0.0776	1045949	98.7267	19603	1.8503	6113	31.1840	5308	27.0775	5554	28.3324	8766	44.7176	93863	85.4181	127907	60.7488	0.9569
EST1241104101S1K	EST1242704101S1K	na	NZ_CP049075.1	1754511	1364800	77.7881	1352804	99.1210	1339789	99.0379	11996	0.8790	1351653	99.0367	30638	2.2449	17491	57.0892	5643	18.4183	6549	21.3754	15881	51.8343	93863	44.8377	84615	48.4997	0.9419
EST1241104101S1K	EST1242801101S1K	na	NZ_CP049075.1	1754511	1317155	75.0725	1315945	99.9081	1299745	98.7689	1210	0.0919	1300934	98.7685	24271	1.8427	8050	33.1672	6895	28.4084	7092	29.2201	10266	42.2974	93863	93.7249	106954	77.3239	0.9769
EST1241104101S1K	EST1242802101S1K	na	NZ_CP049075.1	1754511	1314083	74.8974	1311215	99.7817	1295199	98.7785	2868	0.2183	1298036	98.7788	25755	1.9599	9708	37.6937	6897	26.7793	6863	26.6473	11519	44.7253	93863	93.7249	77610	90.5914	0.9817
EST1241104101S1K	EST1242804101S1K	na	NZ_CP049075.1	1754511	1314102	74.8985	1308664	99.5862	1294347	98.9060	5438	0.4138	1299736	98.9068	26091	1.9855	11725	44.9389	6370	24.4145	6640	25.4494	12024	46.0849	93863	45.5803	69079	46.5728	0.9416
EST1241104101S1K	EST1242805101S1K	na	NZ_CP049075.1	1754511	1201690	68.4914	1201116	99.9522	1185473	98.6976	574	0.0478	1186027	98.6966	22178	1.8456	6515	29.3760	5976	26.9456	6453	29.0964	9837	44.3548	93863	93.7249	153813	67.3987	0.9565
EST1241104101S1K	EST1247101101S1K	na	NZ_CP049075.1	1754511	848059	48.3359	847721	99.9601	836934	98.7275	338	0.0399	837264	98.7271	15226	1.7954	4431	29.1015	4102	26.9408	4448	29.2132	6755	44.3649	93863	93.7249	120859	67.5399	0.9641
EST1241104101S1K	EST1247106101S1K	na	NZ_CP049075.1	1754511	1281230	73.0249	1280214	99.9207	1262883	98.6462	1016	0.0793	1263836	98.6424	25230	1.9692	7836	31.0583	6926	27.4514	7283	28.8664	11057	43.8248	93863	57.1940	106665	63.8326	0.9451
EST1241104101S1K	EST1247109101S1K	na	NZ_CP049075.1	1754511	1359526	77.4875	1358330	99.9120	1340711	98.7029	1196	0.0880	1341837	98.6989	26232	1.9295	8543	32.5671	7461	28.4424	7688	29.3077	11169	42.5778	93863	93.7249	129147	75.5945	0.9663
EST1241104101S1K	EST1247203101S1K	na	NZ_CP049075.1	1754511	1182003	67.3694	1180651	99.8856	1165250	98.6956	1352	0.1144	1166566	98.6940	22700	1.9205	7263	31.9956	5988	26.3789	6484	28.5639	10204	44.9515	93863	83.1467	93469	58.1926	0.9525
EST1241104101S1K	EST1247206101S1K	na	NZ_CP049075.1	1754511	1211134	69.0297	1210207	99.9235	1194302	98.6858	927	0.0765	1195197	98.6841	23528	1.9426	7591	32.2637	6720	28.5617	6728	28.5957	10094	42.9021	93863	93.7249	127972	65.1111	0.9639
EST1241104101S1K	EST1254306101S1K	na	NZ_CP049075.1	1754511	168921	9.6278	168865	99.9668	167785	99.3604	56	0.0332	167840	99.3601	2201	1.3030	1120	50.8860	1065	48.3871	566	25.7156	566	25.7156	93863	73.8044	76013	100.0000	0.9832
EST1241104101S1K	EST1256811101S1K	na	NZ_CP049075.1	1754511	1146716	65.3582	1146135	99.9493	1131988	98.7657	581	0.0507	1132532	98.7631	20666	1.8022	6482	31.3655	5946	28.7719	6239	30.1897	8619	41.7062	93863	93.7249	139306	73.5740	0.9656
EST1241104101S1K	EST1350502101S1K	na	NZ_CP049075.1	1754511	646337	36.8386	645274	99.8355	638124	98.8919	1063	0.1645	639168	98.8908	11025	1.7058	3856	34.9751	2815	25.5329	3063	27.7823	4976	45.1338	93863	88.3863	126094	68.0310	0.9611
EST1241104101S1K	EST1350510101S1K	na	NZ_CP049075.1	1754511	1108793	63.1967	1107828	99.9130	1092086	98.5790	965	0.0870	1093004	98.5760	22881	2.0636	7092	30.9951	6206	27.1229	6421	28.0626	10260	44.8407	93863	93.7249	117862	67.0513	0.9644
EST1241104101S1K	EST1350804101S1K	na	NZ_CP049075.1	1754511	1329751	75.7904	1327477	99.8290	1308675	98.5836	2274	0.1710	1310880	98.5809	28202	2.1208	9331	33.0863	7184	25.4734	7372	26.1400	13418	47.5782	93863	57.1940	75045	50.6962	0.9452
EST1241104101S1K	EST1350807101S1K	na	NZ_CP049075.1	1754511	1272049	72.5016	1271467	99.9542	1254568	98.6709	582	0.0458	1255124	98.6695	24073	1.8925	7148	29.6930	6599	27.4125	7017	29.1488	10539	43.7793	93863	93.7249	134701	58.2846	0.9555
EST1241104101S1K	EST1356604101S1K	na	NZ_CP049075.1	1754511	1315984	75.0057	1314613	99.8958	1297327	98.6851	1371	0.1042	1298662	98.6837	25369	1.9278	8047	31.7198	6724	26.5048	7124	28.0815	11538	45.4807	93863	85.4181	91591	85.1077	0.9676
EST1241104101S1K	EST1356611101S1K	na	NZ_CP049075.1	1754511	795724	45.3530	795237	99.9388	785056	98.7198	487	0.0612	785531	98.7190	14462	1.8175	4269	29.5187	3795	26.2412	4179	28.8964	6511	45.0214	93863	48.8872	57584	88.7087	0.9582
EST1241104101S1K	EST1357103101S1K	na	NZ_CP049075.1	1754511	906170	51.6480	905897	99.9699	895044	98.8020	273	0.0301	895306	98.8011	15439	1.7038	4575	29.6327	4322	27.9940	4755	30.7986	6405	41.4858	93863	93.7249	133245	65.8779	0.9665
EST1241104101S1K	EST1357107101S1K	na	NZ_CP049075.1	1754511	1302131	74.2162	1300751	99.8940	1282299	98.5814	1380	0.1060	1283609	98.5776	26736	2.0532	8214	30.7226	6953	26.0061	7439	27.8239	12341	46.1587	93863	37.2735	78769	37.7065	0.9336
EST1241104101S1K	EST1358301101S1K	na	NZ_CP049075.1	1754511	746288	42.5354	746044	99.9673	736627	98.7377	244	0.0327	736859	98.7365	13343	1.7879	3914	29.3337	3683	27.6025	3903	29.2513	5788	43.3786	93863	57.1940	94377	50.8885	0.9449
EST1241104101S1K	EST1358301201S1K	na	NZ_CP049075.1	1754511	1228848	70.0393	1228223	99.9491	1212045	98.6828	625	0.0509	1212649	98.6818	23028	1.8740	6829	29.6552	6233	27.0670	6611	28.7085	10263	44.5675	93863	57.1940	102933	45.9182	0.9357
EST1241104101S1K	EST1358302101S1K	na	NZ_CP049075.1	1754511	792336	45.1599	792056	99.9647	782257	98.7628	280	0.0353	782528	98.7621	13983	1.7648	4175	29.8577	3905	27.9268	4073	29.1282	6046	43.2382	93863	93.7249	133967	61.2905	0.9570
EST1241104101S1K	EST1358602101S1K	na	NZ_CP049075.1	1754511	443006	25.2495	442855	99.9659	437274	98.7398	151	0.0341	437422	98.7395	7818	1.7648	2234	28.5751	2086	26.6820	2301	29.4321	3449	44.1161	93863	32.2278	80640	50.5270	0.9352
EST1241104101S1K	EST1359005101S1K	na	NZ_CP049075.1	1754511	1282876	73.1187	1280721	99.8320	1264345	98.7213	2155	0.1680	1266461	98.7205	24883	1.9396	8468	34.0313	6360	25.5596	6784	27.2636	11474	46.1118	93863	100.0000	136370	68.3574	0.9615
EST1241104101S1K	EST1359006101S1K	na	NZ_CP049075.1	1754511	530929	30.2608	530658	99.9490	523993	98.7440	271	0.0510	524262	98.7443	9475	1.7846	2808	29.6359	2544	26.8496	2805	29.6042	4134	43.6306	93863	100.0000	151742	66.7772	0.9587
EST1241104101S1K	EST1359007101S1K	na	NZ_CP049075.1	1754511	1299911	74.0896	1298940	99.9253	1282513	98.7354	971	0.0747	1283460	98.7345	24161	1.8587	7710	31.9109	6770	28.0204	7089	29.3407	10383	42.9742	93863	93.7249	147634	69.2950	0.9582
EST1241104101S1K	EST1361001101S1K	na	NZ_CP049075.1	1754511	1110412	63.2890	1109931	99.9567	1096534	98.7930	481	0.0433	1096998	98.7920	19553	1.7609	6139	31.3967	5683	29.0646	5756	29.4379	8129	41.5742	93863	93.7249	155104	64.7211	0.9536
EST1241104101S1K	EST1361002101S1K	na	NZ_CP049075.1	1754511	1337647	76.2404	1336182	99.8905	1317819	98.6257	1465	0.1095	1319234	98.6235	26998	2.0183	8585	31.7987	7193	26.6427	7587	28.1021	12166	45.0626	93863	93.7249	120862	63.6106	0.9626
EST1241104101S1K	EST1361007101S1K	na	NZ_CP049075.1	1754511	1357440	77.3686	1355656	99.8686	1337299	98.6459	1784	0.1314	1339021	98.6431	27471	2.0237	9052	32.9511	7376	26.8501	7515	27.3561	12526	45.5972	93863	93.7249	126515	70.0747	0.9588
EST1241104101S1K	EST2359005102S1K	na	NZ_CP049075.1	1754511	1285324	73.2582	1281448	99.6984	1265290	98.7391	3876	0.3016	1269095	98.7374	26348	2.0499	10119	38.4052	6370	24.1764	6984	26.5068	12319	46.7550	93863	93.7249	128523	61.1665	0.9578
EST1242101101S1K	EST1242103101S1K	na	NZ_CP049075.1	1754511	329671	18.7899	329547	99.9624	325722	98.8393	124	0.0376	325843	98.8388	5935	1.8003	2107	35.5013	1987	33.4794	2011	33.8837	1937	32.6369	107133	87.4380	123051	65.7703	0.9626
EST1242101101S1K	EST1242207101S1K	na	NZ_CP049075.1	1754511	249007	14.1924	248959	99.9807	246103	98.8528	48	0.0193	246150	98.8526	4380	1.7590	1523	34.7717	1476	33.6986	1501	34.2694	1418	32.3744	107133	87.4380	140321	72.0961	0.9682
EST1242101101S1K	EST1242209101S1K	na	NZ_CP049075.1	1754511	333461	19.0059	333139	99.9034	329209	98.8203	322	0.0966	329527	98.8203	6163	1.8482	2229	36.1675	1913	31.0401	2029	32.9223	2219	36.0052	107133	77.1144	127907	57.7732	0.9594
EST1242101101S1K	EST1242704101S1K	na	NZ_CP049075.1	1754511	394874	22.5062	391548	99.1577	388449	99.2085	3326	0.8423	391746	99.2078	8312	2.1050	5184	62.3677	1890	22.7382	2025	24.3624	3449	41.4942	107133	40.5571	84615	43.9319	0.9400
EST1242101101S1K	EST1242801101S1K	na	NZ_CP049075.1	1754511	384116	21.8931	383836	99.9271	379129	98.7737	280	0.0729	379404	98.7733	7168	1.8661	2456	34.2634	2181	30.4269	2556	35.6585	2435	33.9704	107133	87.4380	106954	55.8502	0.9418
EST1242101101S1K	EST1242802101S1K	na	NZ_CP049075.1	1754511	362027	20.6341	361388	99.8235	357209	98.8436	639	0.1765	357843	98.8443	6912	1.9092	2728	39.4676	2094	30.2951	2269	32.8270	2392	34.6065	107133	57.2046	77610	52.0423	0.9399
EST1242101101S1K	EST1242804101S1K	na	NZ_CP049075.1	1754511	385021	21.9446	383465	99.5959	379320	98.9191	1556	0.4041	380865	98.9206	7724	2.0061	3568	46.1937	2023	26.1911	2361	30.5671	2952	38.2185	107133	76.9641	69079	92.3160	0.9709
EST1242101101S1K	EST1242805101S1K	na	NZ_CP049075.1	1754511	371799	21.1910	371695	99.9720	367168	98.7821	104	0.0280	367272	98.7824	6932	1.8644	2405	34.6942	2301	33.1939	2331	33.6267	2340	33.7565	107133	87.4380	153813	64.8437	0.9616
EST1242101101S1K	EST1247101101S1K	na	NZ_CP049075.1	1754511	270190	15.3997	270098	99.9659	267372	98.9907	92	0.0341	267462	98.9903	4655	1.7229	1927	41.3963	1837	39.4629	1405	30.1826	1428	30.6767	107133	87.4380	120859	65.1180	0.9591
EST1242101101S1K	EST1247106101S1K	na	NZ_CP049075.1	1754511	355699	20.2734	355589	99.9691	351184	98.7612	110	0.0309	351292	98.7610	6882	1.9348	2475	35.9634	2367	34.3941	2198	31.9384	2333	33.9000	107133	87.4380	106665	93.4140	0.9830
EST1242101101S1K	EST1247109101S1K	na	NZ_CP049075.1	1754511	388235	22.1278	388123	99.9712	383256	98.7460	112	0.0288	383364	98.7453	7219	1.8594	2348	32.5253	2241	31.0431	2616	36.2377	2400	33.2456	107133	87.4380	129147	76.7900	0.9716
EST1242101101S1K	EST1247203101S1K	na	NZ_CP049075.1	1754511	327954	18.6920	327635	99.9027	323873	98.8518	319	0.0973	324182	98.8498	6295	1.9195	2523	40.0794	2214	35.1708	1940	30.8181	2158	34.2812	107133	87.4380	93469	86.4394	0.9761
EST1242101101S1K	EST1247206101S1K	na	NZ_CP049075.1	1754511	303806	17.3157	303721	99.9720	299838	98.7215	85	0.0280	299919	98.7206	5832	1.9196	1945	33.3505	1865	31.9787	2006	34.3964	1988	34.0878	107133	87.4380	127972	62.2527	0.9591
EST1242101101S1K	EST1254306101S1K	na	NZ_CP049075.1	1754511	58373	3.3270	58349	99.9589	57636	98.7780	24	0.0411	57660	98.7785	987	1.6909	274	27.7609	250	25.3293	456	46.2006	285	28.8754	107133	36.4071	76013	48.8390	0.9571
EST1242101101S1K	EST1256811101S1K	na	NZ_CP049075.1	1754511	340559	19.4105	340462	99.9715	336198	98.7476	97	0.0285	336293	98.7474	6305	1.8514	2039	32.3394	1944	30.8327	2304	36.5424	2095	33.2276	107133	87.4380	139306	71.4887	0.9622
EST1242101101S1K	EST1350502101S1K	na	NZ_CP049075.1	1754511	210347	11.9889	209975	99.8231	207844	98.9851	372	0.1769	208211	98.9845	3597	1.7100	1461	40.6172	1099	30.5532	1155	32.1101	1269	35.2794	107133	89.5261	126094	64.6541	0.9546
EST1242101101S1K	EST1350510101S1K	na	NZ_CP049075.1	1754511	255985	14.5901	255860	99.9512	252631	98.7380	125	0.0488	252749	98.7359	5040	1.9689	1804	35.7937	1688	33.4921	1630	32.3413	1745	34.6230	107133	87.4380	117862	68.3749	0.9620
EST1242101101S1K	EST1350804101S1K	na	NZ_CP049075.1	1754511	381671	21.7537	381191	99.8742	376332	98.7253	480	0.1258	376806	98.7253	7797	2.0429	2932	37.6042	2459	31.5378	2391	30.6656	2901	37.2066	107133	87.4380	75045	92.8363	0.9700
EST1242101101S1K	EST1350807101S1K	na	NZ_CP049075.1	1754511	379102	21.6073	379015	99.9771	374149	98.7161	87	0.0229	374235	98.7162	7190	1.8966	2323	32.3088	2237	31.1127	2451	34.0890	2522	35.0765	107133	87.4380	134701	58.7152	0.9652
EST1242101101S1K	EST1356604101S1K	na	NZ_CP049075.1	1754511	375853	21.4221	375510	99.9087	370956	98.7872	343	0.0913	371294	98.7870	7132	1.8976	2573	36.0768	2236	31.3517	2330	32.6697	2568	36.0067	107133	46.8810	91591	50.6567	0.9339
EST1242101101S1K	EST1356611101S1K	na	NZ_CP049075.1	1754511	271259	15.4607	271131	99.9528	267982	98.8386	128	0.0472	268108	98.8384	4985	1.8377	1834	36.7904	1708	34.2628	1593	31.9559	1686	33.8215	107133	46.8810	57584	88.7087	0.9507
EST1242101101S1K	EST1357103101S1K	na	NZ_CP049075.1	1754511	298316	17.0028	298256	99.9799	294647	98.7900	60	0.0201	294706	98.7899	5341	1.7904	1731	32.4097	1672	31.3050	1988	37.2215	1704	31.9041	107133	87.4380	133245	63.6639	0.9621
EST1242101101S1K	EST1357107101S1K	na	NZ_CP049075.1	1754511	369626	21.0672	369484	99.9616	367609	99.4925	142	0.0384	367749	99.4922	5845	1.5813	3968	67.8871	3828	65.4919	964	16.4927	1027	17.5706	107133	79.2025	78769	85.5857	0.9729
EST1242101101S1K	EST1358301101S1K	na	NZ_CP049075.1	1754511	257270	14.6633	257211	99.9771	254438	98.9219	59	0.0229	254497	98.9221	4603	1.7892	1830	39.7567	1771	38.4749	1409	30.6105	1433	31.1319	107133	100.0000	94377	92.1188	0.9795
EST1242101101S1K	EST1358301201S1K	na	NZ_CP049075.1	1754511	389905	22.2230	389764	99.9638	385479	98.9006	141	0.0362	385617	98.9002	7226	1.8533	2938	40.6587	2801	38.7628	2119	29.3247	2341	32.3969	107133	100.0000	102933	82.8160	0.9799
EST1242101101S1K	EST1358302101S1K	na	NZ_CP049075.1	1754511	277477	15.8151	277426	99.9816	274613	98.9860	51	0.0184	274664	98.9862	4748	1.7111	1935	40.7540	1884	39.6799	1449	30.5181	1440	30.3286	107133	100.0000	133967	64.3524	0.9593
EST1242101101S1K	EST1358602101S1K	na	NZ_CP049075.1	1754511	149671	8.5306	149628	99.9713	147844	98.8077	43	0.0287	147886	98.8074	2728	1.8227	943	34.5674	902	33.0645	933	34.2009	901	33.0279	107133	42.7954	80640	59.2547	0.9403
EST1242101101S1K	EST1359005101S1K	na	NZ_CP049075.1	1754511	386345	22.0201	385678	99.8274	381121	98.8184	667	0.1726	381772	98.8163	7474	1.9345	2901	38.8146	2250	30.1044	2386	31.9240	2746	36.7407	107133	100.0000	136370	68.4315	0.9719
EST1242101101S1K	EST1359006101S1K	na	NZ_CP049075.1	1754511	176430	10.0558	176374	99.9683	174164	98.7470	56	0.0317	174220	98.7474	3314	1.8784	1104	33.3132	1048	31.6234	1168	35.2444	1109	33.4641	107133	100.0000	151742	63.3457	0.9631
EST1242101101S1K	EST1359007101S1K	na	NZ_CP049075.1	1754511	385934	21.9967	385738	99.9492	380830	98.7276	196	0.0508	381022	98.7272	7196	1.8646	2284	31.7399	2093	29.0856	2645	36.7565	2490	34.6026	107133	87.4380	147634	66.4366	0.9647
EST1242101101S1K	EST1361001101S1K	na	NZ_CP049075.1	1754511	355044	20.2361	354927	99.9670	350486	98.7488	117	0.0330	350602	98.7489	6580	1.8533	2138	32.4924	2022	30.7295	2347	35.6687	2219	33.7234	107133	87.4380	155104	61.9455	0.9497
EST1242101101S1K	EST1361002101S1K	na	NZ_CP049075.1	1754511	384806	21.9324	384545	99.9322	379791	98.7637	261	0.0678	380049	98.7638	7358	1.9121	2601	35.3493	2344	31.8565	2428	32.9981	2581	35.0775	107133	87.4380	120862	64.7970	0.9649
EST1242101101S1K	EST1361007101S1K	na	NZ_CP049075.1	1754511	386942	22.0541	386684	99.9333	382355	98.8805	258	0.0667	382606	98.8794	7062	1.8251	2726	38.6010	2476	35.0609	2310	32.7103	2261	32.0164	107133	87.4380	126515	66.6743	0.9483
EST1242101101S1K	EST2359005102S1K	na	NZ_CP049075.1	1754511	353523	20.1494	352653	99.7539	348563	98.8402	870	0.2461	349414	98.8377	6971	1.9719	2862	41.0558	2013	28.8768	2167	31.0859	2594	37.2113	107133	100.0000	128523	66.7063	0.9732
EST1242103101S1K	EST1242207101S1K	na	NZ_CP049075.1	1754511	624338	35.5847	624120	99.9651	616940	98.8496	218	0.0349	617154	98.8493	11091	1.7764	3907	35.2268	3693	33.2973	3755	33.8563	3676	33.1440	123051	100.0000	140321	100.0000	0.9803
EST1242103101S1K	EST1242209101S1K	na	NZ_CP049075.1	1754511	929715	52.9900	928959	99.9187	917688	98.7867	756	0.0813	918431	98.7863	17637	1.8970	6353	36.0209	5615	31.8365	5745	32.5736	6295	35.6920	123051	87.7100	127907	85.6349	0.9723
EST1242103101S1K	EST1242704101S1K	na	NZ_CP049075.1	1754511	1144911	65.2553	1135048	99.1385	1126051	99.2073	9863	0.8615	1135845	99.2081	24772	2.1637	15706	63.4022	5950	24.0191	5783	23.3449	10257	41.4056	123051	66.1084	84615	92.5533	0.9678
EST1242103101S1K	EST1242801101S1K	na	NZ_CP049075.1	1754511	1111693	63.3620	1110712	99.9118	1097324	98.7946	981	0.0882	1098298	98.7951	20978	1.8870	7583	36.1474	6612	31.5187	7288	34.7412	7013	33.4303	123051	100.0000	106954	94.9969	0.9774
EST1242103101S1K	EST1242802101S1K	na	NZ_CP049075.1	1754511	1090224	62.1383	1087968	99.7931	1082211	99.4708	2256	0.2069	1084450	99.4704	18086	1.6589	12312	68.0748	10084	55.7558	3240	17.9144	4040	22.3377	123051	74.3594	77610	100.0000	0.9729
EST1242103101S1K	EST1242804101S1K	na	NZ_CP049075.1	1754511	1105867	63.0299	1101193	99.5773	1089599	98.9471	4674	0.4227	1094238	98.9484	22345	2.0206	10716	47.9570	6092	27.2634	6723	30.0873	8352	37.3775	123051	56.9349	69079	92.3160	0.9563
EST1242103101S1K	EST1242805101S1K	na	NZ_CP049075.1	1754511	1037862	59.1539	1037300	99.9459	1024815	98.7964	562	0.0541	1025367	98.7961	19601	1.8886	7106	36.2533	6554	33.4371	6449	32.9014	6635	33.8503	123051	100.0000	153813	92.6190	0.9831
EST1242103101S1K	EST1247101101S1K	na	NZ_CP049075.1	1754511	746467	42.5456	746116	99.9530	737172	98.8013	351	0.0470	737514	98.8006	13748	1.8417	4795	34.8778	4453	32.3902	4653	33.8449	4692	34.1286	123051	100.0000	120859	100.0000	0.9905
EST1242103101S1K	EST1247106101S1K	na	NZ_CP049075.1	1754511	1049958	59.8433	1049236	99.9312	1036235	98.7609	722	0.0688	1036927	98.7589	20550	1.9572	7519	36.5888	6831	33.2409	6831	33.2409	6921	33.6788	123051	71.8223	106665	100.0000	0.9676
EST1242103101S1K	EST1247109101S1K	na	NZ_CP049075.1	1754511	1136584	64.7807	1135784	99.9296	1121358	98.7299	800	0.0704	1122116	98.7271	22022	1.9376	7554	34.3021	6803	30.8918	7796	35.4010	7448	33.8207	123051	93.9480	129147	100.0000	0.9814
EST1242103101S1K	EST1247203101S1K	na	NZ_CP049075.1	1754511	978481	55.7694	977402	99.8897	965348	98.7667	1079	0.1103	966403	98.7656	19148	1.9569	7070	36.9229	6018	31.4289	6256	32.6718	6890	35.9829	123051	95.3353	93469	100.0000	0.9778
EST1242103101S1K	EST1247206101S1K	na	NZ_CP049075.1	1754511	962710	54.8706	962171	99.9440	949764	98.7105	539	0.0560	950281	98.7090	18964	1.9699	6535	34.4600	6018	31.7338	6530	34.4337	6459	34.0593	123051	100.0000	127972	95.0989	0.9872
EST1242103101S1K	EST1254306101S1K	na	NZ_CP049075.1	1754511	146406	8.3445	146348	99.9604	144665	98.8500	58	0.0396	144721	98.8491	2417	1.6509	732	30.2855	676	27.9686	1051	43.4837	703	29.0856	123051	53.2340	76013	100.0000	0.9643
EST1242103101S1K	EST1256811101S1K	na	NZ_CP049075.1	1754511	972078	55.4045	971549	99.9456	959517	98.7616	529	0.0544	960030	98.7606	18205	1.8728	6157	33.8204	5645	31.0080	6577	36.1274	6059	33.2821	123051	93.9480	139306	96.2859	0.9836
EST1242103101S1K	EST1350502101S1K	na	NZ_CP049075.1	1754511	572567	32.6340	571553	99.8229	565615	98.9611	1014	0.1771	566622	98.9617	10094	1.7629	4149	41.1036	3145	31.1571	3275	32.4450	3445	34.1292	123051	85.1127	126094	86.7583	0.9705
EST1242103101S1K	EST1350510101S1K	na	NZ_CP049075.1	1754511	867071	49.4195	866396	99.9222	855249	98.7134	675	0.0778	855900	98.7116	17706	2.0420	6535	36.9084	5891	33.2712	5630	31.7971	6182	34.9147	123051	100.0000	117862	100.0000	0.9867
EST1242103101S1K	EST1350804101S1K	na	NZ_CP049075.1	1754511	1107206	63.1062	1105547	99.8502	1090955	98.6801	1659	0.1498	1092585	98.6795	23228	2.0979	8607	37.0544	6979	30.0456	7095	30.5450	8950	38.5311	123051	65.7703	75045	92.8363	0.9648
EST1242103101S1K	EST1350807101S1K	na	NZ_CP049075.1	1754511	1090562	62.1576	1090067	99.9546	1076412	98.7473	495	0.0454	1076891	98.7464	20894	1.9159	7223	34.5697	6749	32.3011	6963	33.3254	7222	34.5649	123051	100.0000	134701	87.5836	0.9837
EST1242103101S1K	EST1356604101S1K	na	NZ_CP049075.1	1754511	1088036	62.0136	1086990	99.9039	1073486	98.7577	1046	0.0961	1074498	98.7557	21188	1.9474	7650	36.1053	6645	31.3621	6927	32.6930	7666	36.1809	123051	68.1213	91591	93.1227	0.9591
EST1242103101S1K	EST1356611101S1K	na	NZ_CP049075.1	1754511	701897	40.0053	701516	99.9457	693138	98.8057	381	0.0543	693514	98.8057	12968	1.8476	4585	35.3563	4211	32.4722	4385	33.8140	4390	33.8526	123051	33.8916	57584	88.7087	0.9361
EST1242103101S1K	EST1357103101S1K	na	NZ_CP049075.1	1754511	803546	45.7989	803252	99.9634	793690	98.8096	294	0.0366	793980	98.8095	14449	1.7982	4883	33.7947	4593	31.7877	5180	35.8502	4723	32.6874	123051	100.0000	133245	95.4392	0.9909
EST1242103101S1K	EST1357107101S1K	na	NZ_CP049075.1	1754511	1081421	61.6366	1080422	99.9076	1066703	98.7302	999	0.0924	1067667	98.7282	21818	2.0175	8064	36.9603	7103	32.5557	6800	31.1669	7826	35.8695	123051	56.7488	78769	85.4575	0.9602
EST1242103101S1K	EST1358301101S1K	na	NZ_CP049075.1	1754511	670366	38.2081	670097	99.9599	662345	98.8432	269	0.0401	662613	98.8435	12138	1.8107	4385	36.1262	4125	33.9842	4004	32.9873	4028	33.1850	123051	71.8223	94377	92.2237	0.9730
EST1242103101S1K	EST1358301201S1K	na	NZ_CP049075.1	1754511	1067405	60.8377	1066845	99.9475	1053856	98.7825	560	0.0525	1054409	98.7825	20163	1.8890	7167	35.5453	6625	32.8572	6627	32.8671	6985	34.6427	123051	71.8223	102933	83.6398	0.9664
EST1242103101S1K	EST1358302101S1K	na	NZ_CP049075.1	1754511	715459	40.7783	715168	99.9593	706644	98.8081	291	0.0407	706931	98.8080	13036	1.8220	4508	34.5812	4221	32.3796	4357	33.4228	4495	34.4814	123051	100.0000	133967	90.7821	0.9863
EST1242103101S1K	EST1358602101S1K	na	NZ_CP049075.1	1754511	397677	22.6660	397531	99.9633	392931	98.8429	146	0.0367	393076	98.8430	7154	1.7989	2553	35.6863	2409	33.6735	2349	32.8348	2403	33.5896	123051	55.2056	80640	80.1252	0.9582
EST1242103101S1K	EST1359005101S1K	na	NZ_CP049075.1	1754511	1107612	63.1294	1105732	99.8303	1092484	98.8019	1880	0.1697	1094344	98.8021	21840	1.9718	8572	39.2491	6724	30.7875	6984	31.9780	7862	35.9982	123051	93.9480	136370	85.2812	0.9773
EST1242103101S1K	EST1359006101S1K	na	NZ_CP049075.1	1754511	478494	27.2722	478220	99.9427	472524	98.8089	274	0.0573	472795	98.8090	8818	1.8429	3119	35.3708	2848	32.2976	3041	34.4863	2926	33.1821	123051	93.9480	151742	81.0593	0.9700
EST1242103101S1K	EST1359007101S1K	na	NZ_CP049075.1	1754511	1105969	63.0357	1105167	99.9275	1091338	98.7487	802	0.0725	1092128	98.7485	21087	1.9067	7246	34.3624	6465	30.6587	7361	34.9078	7328	34.7513	123051	100.0000	147634	95.7009	0.9837
EST1242103101S1K	EST1361001101S1K	na	NZ_CP049075.1	1754511	963981	54.9430	963547	99.9550	951812	98.7821	434	0.0450	952241	98.7821	17696	1.8357	5956	33.6573	5528	31.2387	6306	35.6352	5914	33.4200	123051	100.0000	155104	89.9326	0.9777
EST1242103101S1K	EST1361002101S1K	na	NZ_CP049075.1	1754511	1140498	65.0038	1139352	99.8995	1130984	99.2655	1146	0.1005	1132114	99.2649	19782	1.7345	11398	57.6180	10279	51.9614	4362	22.0503	5015	25.3513	123051	100.0000	120862	95.6496	0.9921
EST1242103101S1K	EST1361007101S1K	na	NZ_CP049075.1	1754511	1134506	64.6622	1133236	99.8881	1119241	98.7650	1270	0.1119	1120472	98.7630	22499	1.9832	8465	37.6239	7242	32.1881	7325	32.5570	7902	35.1216	123051	93.9480	126515	95.0488	0.9750
EST1242103101S1K	EST2359005102S1K	na	NZ_CP049075.1	1754511	1067426	60.8389	1064377	99.7144	1051895	98.8273	3049	0.2856	1054894	98.8260	21850	2.0470	9318	42.6453	6328	28.9611	6686	30.5995	8080	36.9794	123051	93.9480	128523	85.7061	0.9771
EST1242207101S1K	EST1242209101S1K	na	NZ_CP049075.1	1754511	630565	35.9396	630125	99.9302	622842	98.8442	440	0.0698	623274	98.8437	11358	1.8012	4067	35.8074	3635	32.0039	3688	32.4705	4059	35.7369	140321	86.9407	127907	90.0224	0.9678
EST1242207101S1K	EST1242704101S1K	na	NZ_CP049075.1	1754511	748626	42.6686	742229	99.1455	736363	99.2097	6397	0.8545	742709	99.2096	15820	2.1132	9903	62.5980	3557	22.4842	3690	23.3249	6840	43.2364	140321	58.5942	84615	92.5533	0.9476
EST1242207101S1K	EST1242801101S1K	na	NZ_CP049075.1	1754511	729375	41.5714	728871	99.9309	720168	98.8060	504	0.0691	720666	98.8060	13271	1.8195	4562	34.3757	4064	30.6232	4651	35.0463	4582	34.5264	140321	100.0000	106954	100.0000	0.9641
EST1242207101S1K	EST1242802101S1K	na	NZ_CP049075.1	1754511	692889	39.4919	691556	99.8076	683685	98.8618	1333	0.1924	685006	98.8623	13216	1.9074	5333	40.3526	4012	30.3571	4037	30.5463	4898	37.0611	140321	77.1388	77610	100.0000	0.9562
EST1242207101S1K	EST1242804101S1K	na	NZ_CP049075.1	1754511	725255	41.3366	722272	99.5887	714788	98.9638	2983	0.4113	717751	98.9653	14152	1.9513	6648	46.9757	3688	26.0599	4243	29.9816	5447	38.4893	140321	72.0961	69079	100.0000	0.9547
EST1242207101S1K	EST1242805101S1K	na	NZ_CP049075.1	1754511	701609	39.9889	701356	99.9639	693086	98.8209	253	0.0361	693334	98.8206	12828	1.8284	4553	35.4927	4305	33.5594	4111	32.0471	4472	34.8612	140321	100.0000	153813	92.6190	0.9919
EST1242207101S1K	EST1247101101S1K	na	NZ_CP049075.1	1754511	507874	28.9468	507725	99.9707	501977	98.8679	149	0.0293	502125	98.8680	8926	1.7575	3177	35.5927	3029	33.9346	2893	32.4109	3039	34.0466	140321	100.0000	120859	100.0000	0.9783
EST1242207101S1K	EST1247106101S1K	na	NZ_CP049075.1	1754511	671242	38.2581	671012	99.9657	664895	99.0884	230	0.0343	665120	99.0880	11530	1.7177	5408	46.9037	5183	44.9523	3082	26.7303	3288	28.5169	140321	77.3263	106665	100.0000	0.9796
EST1242207101S1K	EST1247109101S1K	na	NZ_CP049075.1	1754511	744177	42.4151	743873	99.9591	734674	98.7634	304	0.0409	734964	98.7620	13707	1.8419	4494	32.7862	4204	30.6705	4837	35.2885	4724	34.4641	140321	94.7698	129147	100.0000	0.9862
EST1242207101S1K	EST1247203101S1K	na	NZ_CP049075.1	1754511	630322	35.9258	629851	99.9253	622314	98.8034	471	0.0747	622777	98.8030	11829	1.8767	4284	36.2161	3821	32.3020	3875	32.7585	4155	35.1255	140321	95.1483	93469	100.0000	0.9653
EST1242207101S1K	EST1247206101S1K	na	NZ_CP049075.1	1754511	593372	33.8198	593195	99.9702	585844	98.7608	177	0.0298	586015	98.7601	11019	1.8570	3662	33.2335	3491	31.6816	3783	34.3316	3800	34.4859	140321	100.0000	127972	95.0989	0.9796
EST1242207101S1K	EST1254306101S1K	na	NZ_CP049075.1	1754511	104515	5.9569	104496	99.9818	103299	98.8545	19	0.0182	103318	98.8547	1694	1.6208	497	29.3388	478	28.2172	743	43.8607	481	28.3943	140321	48.3976	76013	100.0000	0.9593
EST1242207101S1K	EST1256811101S1K	na	NZ_CP049075.1	1754511	655671	37.3706	655424	99.9623	647430	98.7803	247	0.0377	647669	98.7796	11927	1.8191	3925	32.9085	3686	30.9047	4198	35.1975	4106	34.4261	140321	94.7698	139306	96.2859	0.9904
EST1242207101S1K	EST1350502101S1K	na	NZ_CP049075.1	1754511	395328	22.5321	394683	99.8368	390510	98.9427	645	0.1632	391151	98.9434	6897	1.7446	2720	39.4374	2079	30.1435	2212	32.0719	2453	35.5662	140321	79.0879	126094	86.7583	0.9654
EST1242207101S1K	EST1350510101S1K	na	NZ_CP049075.1	1754511	514108	29.3021	513918	99.9630	507485	98.7482	190	0.0370	507667	98.7472	9993	1.9438	3552	35.5449	3370	33.7236	3162	31.6421	3499	35.0145	140321	100.0000	117862	100.0000	0.9797
EST1242207101S1K	EST1350804101S1K	na	NZ_CP049075.1	1754511	713447	40.6636	712604	99.8818	703588	98.7348	843	0.1182	704417	98.7343	14058	1.9704	5028	35.7661	4200	29.8762	4305	30.6231	5423	38.5759	140321	72.0961	75045	100.0000	0.9581
EST1242207101S1K	EST1350807101S1K	na	NZ_CP049075.1	1754511	721959	41.1487	721775	99.9745	712835	98.7614	184	0.0255	713017	98.7614	13417	1.8584	4475	33.3532	4293	31.9967	4434	33.0476	4768	35.5370	140321	100.0000	134701	91.5784	0.9818
EST1242207101S1K	EST1356604101S1K	na	NZ_CP049075.1	1754511	716169	40.8187	715616	99.9228	707098	98.8097	553	0.0772	707643	98.8095	13291	1.8558	4765	35.8513	4220	31.7508	4203	31.6229	4908	36.9272	140321	69.3097	91591	93.1227	0.9626
EST1242207101S1K	EST1356611101S1K	na	NZ_CP049075.1	1754511	487328	27.7757	487155	99.9645	481511	98.8414	173	0.0355	481681	98.8412	8701	1.7855	3054	35.0994	2884	33.1456	2790	32.0653	3043	34.9730	140321	41.4058	57584	88.7087	0.9437
EST1242207101S1K	EST1357103101S1K	na	NZ_CP049075.1	1754511	564558	32.1775	564459	99.9825	557743	98.8102	99	0.0175	557841	98.8102	9880	1.7500	3163	32.0142	3065	31.0223	3576	36.1943	3303	33.4312	140321	100.0000	133245	95.4392	0.9818
EST1242207101S1K	EST1357107101S1K	na	NZ_CP049075.1	1754511	684541	39.0161	684199	99.9500	675985	98.7995	342	0.0500	676319	98.7989	12823	1.8732	4601	35.8808	4267	33.2761	4019	31.3421	4552	35.4987	140321	69.4971	78769	92.1492	0.9531
EST1242207101S1K	EST1358301101S1K	na	NZ_CP049075.1	1754511	470602	26.8224	470501	99.9785	465107	98.8536	101	0.0215	465206	98.8534	8254	1.7539	2858	34.6256	2759	33.4262	2703	32.7478	2830	34.2864	140321	77.3263	94377	92.2237	0.9633
EST1242207101S1K	EST1358301201S1K	na	NZ_CP049075.1	1754511	710412	40.4906	710146	99.9626	701921	98.8418	266	0.0374	702183	98.8417	12897	1.8154	4668	36.1945	4406	34.1630	4052	31.4182	4496	34.8608	140321	77.3263	102933	88.9618	0.9605
EST1242207101S1K	EST1358302101S1K	na	NZ_CP049075.1	1754511	508129	28.9613	508021	99.9787	502060	98.8266	108	0.0213	502167	98.8267	9043	1.7797	3081	34.0706	2974	32.8873	2983	32.9868	3130	34.6124	140321	100.0000	133967	90.7821	0.9786
EST1242207101S1K	EST1358602101S1K	na	NZ_CP049075.1	1754511	269483	15.3594	269434	99.9818	266320	98.8442	49	0.0182	266369	98.8445	4718	1.7508	1604	33.9975	1555	32.9589	1624	34.4214	1553	32.9165	140321	45.9133	80640	80.1252	0.9447
EST1242207101S1K	EST1359005101S1K	na	NZ_CP049075.1	1754511	728242	41.5068	727172	99.8531	718457	98.8015	1070	0.1469	719520	98.8023	13882	1.9062	5160	37.1704	4097	29.5130	4404	31.7245	5224	37.6315	140321	94.7698	136370	89.2484	0.9759
EST1242207101S1K	EST1359006101S1K	na	NZ_CP049075.1	1754511	334041	19.0390	333951	99.9731	329847	98.7711	90	0.0269	329937	98.7714	6038	1.8076	1934	32.0305	1844	30.5399	2048	33.9185	2157	35.7237	140321	94.7698	151742	81.0593	0.9609
EST1242207101S1K	EST1359007101S1K	na	NZ_CP049075.1	1754511	731540	41.6948	731162	99.9483	722241	98.7799	378	0.0517	722615	98.7800	13416	1.8339	4491	33.4750	4117	30.6872	4635	34.5483	4715	35.1446	140321	100.0000	147634	95.7009	0.9906
EST1242207101S1K	EST1361001101S1K	na	NZ_CP049075.1	1754511	668797	38.1187	668611	99.9722	660402	98.7722	186	0.0278	660584	98.7720	12040	1.8002	3827	31.7857	3645	30.2741	4272	35.4817	4190	34.8007	140321	100.0000	155104	89.9326	0.9836
EST1242207101S1K	EST1361002101S1K	na	NZ_CP049075.1	1754511	732730	41.7626	732252	99.9348	723519	98.8074	478	0.0652	723988	98.8069	13743	1.8756	5001	36.3894	4532	32.9768	4293	31.2377	4925	35.8364	140321	100.0000	120862	100.0000	0.9779
EST1242207101S1K	EST1361007101S1K	na	NZ_CP049075.1	1754511	741047	42.2367	740500	99.9262	731814	98.8270	547	0.0738	732347	98.8260	13700	1.8487	5000	36.4964	4467	32.6058	4456	32.5255	4760	34.7445	140321	94.7698	126515	95.0488	0.9782
EST1242207101S1K	EST2359005102S1K	na	NZ_CP049075.1	1754511	678441	38.6684	676697	99.7429	668810	98.8345	1744	0.2571	670531	98.8341	13332	1.9651	5422	40.6691	3701	27.7603	4067	30.5056	5089	38.1713	140321	94.7698	128523	89.9209	0.9734
EST1242209101S1K	EST1242704101S1K	na	NZ_CP049075.1	1754511	1144785	65.2481	1134547	99.1057	1124872	99.1472	10238	0.8943	1135032	99.1480	25505	2.2279	15752	61.7604	5668	22.2231	6691	26.2341	10474	41.0665	127907	57.8131	84615	86.5851	0.9600
EST1242209101S1K	EST1242801101S1K	na	NZ_CP049075.1	1754511	1107341	63.1139	1106003	99.8792	1092252	98.7567	1338	0.1208	1093571	98.7565	21429	1.9352	7659	35.7413	6357	29.6654	7946	37.0806	7046	32.8807	127907	90.0224	106954	87.5404	0.9648
EST1242209101S1K	EST1242802101S1K	na	NZ_CP049075.1	1754511	1076350	61.3476	1073819	99.7649	1061091	98.8147	2531	0.2351	1063597	98.8152	21665	2.0128	8912	41.1355	6436	29.7069	7174	33.1133	7595	35.0565	127907	60.7488	77610	83.2844	0.9495
EST1242209101S1K	EST1242804101S1K	na	NZ_CP049075.1	1754511	1101019	62.7536	1096083	99.5517	1084172	98.9133	4936	0.4483	1089056	98.9135	22677	2.0596	10714	47.2461	5864	25.8588	7352	32.4205	8344	36.7950	127907	57.1525	69079	91.2578	0.9576
EST1242209101S1K	EST1242805101S1K	na	NZ_CP049075.1	1754511	1040635	59.3120	1039763	99.9162	1026926	98.7654	872	0.0838	1027783	98.7650	19990	1.9209	7138	35.7079	6281	31.4207	7012	35.0775	6721	33.6218	127907	95.0878	153813	84.9226	0.9775
EST1242209101S1K	EST1247101101S1K	na	NZ_CP049075.1	1754511	748363	42.6537	747777	99.9217	738876	98.8097	586	0.0783	739456	98.8098	13909	1.8586	5002	35.9623	4423	31.7996	4959	35.6532	4536	32.6120	127907	85.6349	120859	84.6466	0.9758
EST1242209101S1K	EST1247106101S1K	na	NZ_CP049075.1	1754511	1048764	59.7753	1047848	99.9127	1034688	98.7441	916	0.0873	1035578	98.7427	20664	1.9703	7478	36.1885	6592	31.9009	7294	35.2981	6774	32.7816	127907	62.1608	106665	83.1857	0.9540
EST1242209101S1K	EST1247109101S1K	na	NZ_CP049075.1	1754511	1138724	64.9026	1137696	99.9097	1122870	98.6968	1028	0.0903	1123863	98.6949	22389	1.9661	7528	33.6237	6545	29.2331	8521	38.0589	7354	32.8465	127907	90.0224	129147	91.8233	0.9754
EST1242209101S1K	EST1247203101S1K	na	NZ_CP049075.1	1754511	976429	55.6525	975112	99.8651	963412	98.8001	1317	0.1349	964709	98.7997	19051	1.9511	7331	38.4809	6054	31.7779	6434	33.7725	6469	33.9562	127907	80.2669	93469	83.7476	0.9553
EST1242209101S1K	EST1247206101S1K	na	NZ_CP049075.1	1754511	955112	54.4375	954311	99.9161	941969	98.7067	801	0.0839	942750	98.7057	18964	1.9855	6602	34.8133	5829	30.7372	6898	36.3742	6224	32.8201	127907	90.7003	127972	89.9798	0.9779
EST1242209101S1K	EST1254306101S1K	na	NZ_CP049075.1	1754511	150262	8.5643	150132	99.9135	148337	98.8044	130	0.0865	148465	98.8041	2591	1.7243	794	30.6445	666	25.7044	1231	47.5106	698	26.9394	127907	55.7405	76013	100.0000	0.9743
EST1242209101S1K	EST1256811101S1K	na	NZ_CP049075.1	1754511	974153	55.5228	973390	99.9217	961044	98.7316	763	0.0783	961782	98.7301	18630	1.9124	6259	33.5963	5524	29.6511	7075	37.9764	6065	32.5550	127907	90.0224	139306	88.6832	0.9779
EST1242209101S1K	EST1350502101S1K	na	NZ_CP049075.1	1754511	580313	33.0755	579190	99.8065	572785	98.8941	1123	0.1935	573903	98.8954	10584	1.8238	4174	39.4369	3058	28.8927	3743	35.3647	3553	33.5695	127907	80.6265	126094	81.5098	0.9801
EST1242209101S1K	EST1350510101S1K	na	NZ_CP049075.1	1754511	859779	49.0039	859021	99.9118	848011	98.7183	758	0.0882	848741	98.7162	17418	2.0259	6380	36.6288	5658	32.4836	5897	33.8558	5841	33.5343	127907	85.6349	117862	87.1655	0.9698
EST1242209101S1K	EST1350804101S1K	na	NZ_CP049075.1	1754511	1110598	63.2996	1108691	99.8283	1094755	98.7430	1907	0.1717	1096633	98.7426	23187	2.0878	9222	39.7723	7364	31.7592	7262	31.3193	8280	35.7097	127907	62.1608	75045	91.9555	0.9563
EST1242209101S1K	EST1350807101S1K	na	NZ_CP049075.1	1754511	1087704	61.9947	1086902	99.9263	1073219	98.7411	802	0.0737	1074007	98.7407	21132	1.9428	7435	35.1836	6648	31.4594	7385	34.9470	7126	33.7214	127907	95.0878	134701	86.0038	0.9785
EST1242209101S1K	EST1356604101S1K	na	NZ_CP049075.1	1754511	1102969	62.8648	1101618	99.8775	1087922	98.7567	1351	0.1225	1089250	98.7562	21822	1.9785	8103	37.1323	6854	31.4087	7348	33.6724	7609	34.8685	127907	70.2018	91591	91.9850	0.9574
EST1242209101S1K	EST1356611101S1K	na	NZ_CP049075.1	1754511	710224	40.4799	709519	99.9007	701215	98.8296	705	0.0993	701911	98.8295	13269	1.8683	4956	37.3502	4309	32.4742	4591	34.5994	4314	32.5119	127907	42.3401	57584	100.0000	0.9486
EST1242209101S1K	EST1357103101S1K	na	NZ_CP049075.1	1754511	802660	45.7484	802075	99.9271	792323	98.7842	585	0.0729	792903	98.7844	14686	1.8297	4929	33.5626	4349	29.6132	5692	38.7580	4659	31.7241	127907	85.6349	133245	85.1124	0.9715
EST1242209101S1K	EST1357107101S1K	na	NZ_CP049075.1	1754511	1078940	61.4952	1077772	99.8917	1063979	98.7202	1168	0.1083	1065101	98.7174	21941	2.0336	8102	36.9263	7017	31.9812	7337	33.4397	7568	34.4925	127907	57.1525	78769	84.4266	0.9563
EST1242209101S1K	EST1358301101S1K	na	NZ_CP049075.1	1754511	675308	38.4898	674764	99.9194	666701	98.8051	544	0.0806	667238	98.8050	12646	1.8726	4576	36.1854	4044	31.9785	4468	35.3313	4107	32.4767	127907	57.7732	94377	72.6702	0.9523
EST1242209101S1K	EST1358301201S1K	na	NZ_CP049075.1	1754511	1066376	60.7791	1065435	99.9118	1052535	98.7892	941	0.0882	1053466	98.7894	20456	1.9183	7546	36.8889	6622	32.3719	7085	34.6353	6744	32.9683	127907	62.1608	102933	71.3280	0.9524
EST1242209101S1K	EST1358302101S1K	na	NZ_CP049075.1	1754511	718023	40.9244	717487	99.9254	708951	98.8103	536	0.0746	709483	98.8106	13256	1.8462	4716	35.5763	4187	31.5857	4755	35.8705	4303	32.4608	127907	85.6349	133967	76.9869	0.9686
EST1242209101S1K	EST1358602101S1K	na	NZ_CP049075.1	1754511	394674	22.4948	394365	99.9217	389696	98.8161	309	0.0783	390002	98.8162	7298	1.8491	2626	35.9825	2323	31.8306	2585	35.4207	2354	32.2554	127907	47.3797	80640	70.0322	0.9619
EST1242209101S1K	EST1359005101S1K	na	NZ_CP049075.1	1754511	1106037	63.0396	1103824	99.7999	1090419	98.7856	2213	0.2001	1092609	98.7859	22157	2.0033	8729	39.3961	6548	29.5527	7416	33.4702	7869	35.5147	127907	95.0878	136370	86.9649	0.9770
EST1242209101S1K	EST1359006101S1K	na	NZ_CP049075.1	1754511	480152	27.3667	479768	99.9200	473807	98.7575	384	0.0800	474186	98.7575	9086	1.8923	3120	34.3385	2742	30.1783	3290	36.2096	3034	33.3920	127907	90.7003	151742	79.6510	0.9631
EST1242209101S1K	EST1359007101S1K	na	NZ_CP049075.1	1754511	1107044	63.0970	1105903	99.8969	1091739	98.7192	1141	0.1031	1092864	98.7191	21644	1.9551	7464	34.4853	6348	29.3291	7973	36.8370	7349	33.9540	127907	95.0878	147634	87.6898	0.9773
EST1242209101S1K	EST1361001101S1K	na	NZ_CP049075.1	1754511	966088	55.0631	965279	99.9163	953461	98.7757	809	0.0837	954262	98.7759	18060	1.8694	6234	34.5183	5438	30.1107	6742	37.3311	5863	32.4640	127907	100.0000	155104	90.5792	0.9821
EST1242209101S1K	EST1361002101S1K	na	NZ_CP049075.1	1754511	1123486	64.0341	1122036	99.8709	1108019	98.7508	1450	0.1291	1109445	98.7502	22590	2.0107	8549	37.8442	7130	31.5626	7597	33.6299	7754	34.3249	127907	90.0224	120862	89.2034	0.9742
EST1242209101S1K	EST1361007101S1K	na	NZ_CP049075.1	1754511	1137426	64.8287	1135921	99.8677	1121478	98.7285	1505	0.1323	1122950	98.7273	23021	2.0240	8545	37.1183	7082	30.7632	7965	34.5988	7887	34.2600	127907	90.0795	126515	93.8940	0.9819
EST1242209101S1K	EST2359005102S1K	na	NZ_CP049075.1	1754511	1064475	60.6708	1061104	99.6833	1048427	98.8053	3371	0.3167	1051750	98.8046	22207	2.0862	9482	42.6982	6177	27.8156	7227	32.5438	8062	36.3039	127907	95.0878	128523	87.4629	0.9745
EST1242704101S1K	EST1242801101S1K	na	NZ_CP049075.1	1754511	1405281	80.0953	1392381	99.0820	1381937	99.2499	12900	0.9180	1394754	99.2509	30787	2.1908	20260	65.8070	7575	24.6045	12632	41.0303	6621	21.5058	84615	92.5533	106954	55.6791	0.9541
EST1242704101S1K	EST1242802101S1K	na	NZ_CP049075.1	1754511	1369355	78.0477	1355540	98.9911	1344460	99.1826	13815	1.0089	1358178	99.1838	32090	2.3434	20913	65.1698	7767	24.2038	12423	38.7130	8277	25.7931	84615	55.2680	77610	55.2648	0.9532
EST1242704101S1K	EST1242804101S1K	na	NZ_CP049075.1	1754511	1397839	79.6711	1381522	98.8327	1372487	99.3460	16317	1.1673	1388710	99.3469	32391	2.3172	23262	71.8162	8274	25.5441	11788	36.3928	8156	25.1798	84615	43.9319	69079	54.4854	0.9538
EST1242704101S1K	EST1242805101S1K	na	NZ_CP049075.1	1754511	1290095	73.5302	1278856	99.1288	1267762	99.1325	11239	0.8712	1278904	99.1325	28844	2.2358	17653	61.2016	6532	22.6460	11940	41.3951	7319	25.3744	84615	100.0000	153813	59.4995	0.9583
EST1242704101S1K	EST1247101101S1K	na	NZ_CP049075.1	1754511	925317	52.7393	917308	99.1345	909325	99.1297	8009	0.8655	917277	99.1311	20500	2.2155	12460	60.7805	4516	22.0293	8729	42.5805	5101	24.8829	84615	92.5533	120859	70.0229	0.9625
EST1242704101S1K	EST1247106101S1K	na	NZ_CP049075.1	1754511	1349566	76.9198	1337385	99.0974	1324512	99.0374	12181	0.9026	1336541	99.0349	32228	2.3880	19203	59.5848	7262	22.5332	13366	41.4733	8315	25.8005	84615	50.7002	106665	46.3957	0.9384
EST1242704101S1K	EST1247109101S1K	na	NZ_CP049075.1	1754511	1441494	82.1593	1428391	99.0910	1414907	99.0560	13103	0.9090	1427854	99.0538	33819	2.3461	20179	59.6676	7293	21.5648	14641	43.2922	8511	25.1663	84615	85.7850	129147	55.7922	0.9526
EST1242704101S1K	EST1247203101S1K	na	NZ_CP049075.1	1754511	1228830	70.0383	1217441	99.0732	1206838	99.1291	11389	0.9268	1218122	99.1286	28330	2.3054	17622	62.2026	6415	22.6438	11683	41.2390	7316	25.8242	84615	70.2346	93469	55.6987	0.9520
EST1242704101S1K	EST1247206101S1K	na	NZ_CP049075.1	1754511	1258810	71.7471	1247517	99.1029	1237009	99.1577	11293	0.8971	1248197	99.1569	29052	2.3079	18439	63.4690	7302	25.1342	11575	39.8424	6594	22.6972	84615	100.0000	127972	67.1327	0.9734
EST1242704101S1K	EST1254306101S1K	na	NZ_CP049075.1	1754511	181325	10.3348	179786	99.1512	178392	99.2246	1539	0.8488	179920	99.2251	3652	2.0141	2247	61.5279	725	19.8521	1927	52.7656	648	17.7437	84615	41.8531	76013	51.1610	0.9387
EST1242704101S1K	EST1256811101S1K	na	NZ_CP049075.1	1754511	1202630	68.5450	1192067	99.1217	1181606	99.1224	10563	0.8783	1192058	99.1209	26751	2.2244	16179	60.4800	5742	21.4646	11833	44.2339	6427	24.0253	84615	85.7850	139306	55.1118	0.9516
EST1242704101S1K	EST1350502101S1K	na	NZ_CP049075.1	1754511	701020	39.9553	694519	99.0726	689311	99.2501	6501	0.9274	695775	99.2518	14879	2.1225	9634	64.7490	3363	22.6023	6306	42.3819	3656	24.5715	84615	85.7850	126094	59.1321	0.9649
EST1242704101S1K	EST1350510101S1K	na	NZ_CP049075.1	1754511	1130344	64.4250	1120227	99.1050	1109327	99.0270	10117	0.8950	1119332	99.0258	27546	2.4370	16534	60.0232	6598	23.9527	10864	39.4395	7288	26.4576	84615	92.5533	117862	65.0447	0.9659
EST1242704101S1K	EST1350804101S1K	na	NZ_CP049075.1	1754511	1411753	80.4642	1397849	99.0151	1383791	98.9943	13904	0.9849	1397530	98.9925	35468	2.5123	21245	59.8991	7806	22.0086	13551	38.2063	10478	29.5421	84615	43.9319	75045	50.1846	0.9483
EST1242704101S1K	EST1350807101S1K	na	NZ_CP049075.1	1754511	1355819	77.2762	1344005	99.1286	1331796	99.0916	11814	0.8714	1343499	99.0913	30900	2.2791	18580	60.1294	6898	22.3236	12927	41.8350	7805	25.2589	84615	100.0000	134701	61.4509	0.9627
EST1242704101S1K	EST1356604101S1K	na	NZ_CP049075.1	1754511	1380497	78.6827	1367779	99.0787	1355174	99.0784	12718	0.9213	1367755	99.0770	32193	2.3320	19451	60.4200	6963	21.6289	13227	41.0866	8681	26.9655	84615	56.0681	91591	49.3433	0.9476
EST1242704101S1K	EST1356611101S1K	na	NZ_CP049075.1	1754511	858933	48.9557	851328	99.1146	844284	99.1726	7605	0.8854	851821	99.1720	18876	2.1976	11764	62.3225	4257	22.5524	7850	41.5872	4638	24.5709	84615	7.4467	57584	11.2913	0.9259
EST1242704101S1K	EST1357103101S1K	na	NZ_CP049075.1	1754511	982620	56.0053	974139	99.1369	967608	99.3296	8481	0.8631	976028	99.3291	19910	2.0262	13318	66.8910	4911	24.6660	8437	42.3757	3816	19.1662	84615	92.5533	133245	60.0998	0.9615
EST1242704101S1K	EST1357107101S1K	na	NZ_CP049075.1	1754511	1392144	79.3466	1379169	99.0680	1365672	99.0214	12975	0.9320	1378491	99.0193	34282	2.4625	20629	60.1744	7961	23.2221	13405	39.1022	9398	27.4138	84615	44.0537	78769	47.7510	0.9482
EST1242704101S1K	EST1358301101S1K	na	NZ_CP049075.1	1754511	820412	46.7602	813486	99.1558	806496	99.1407	6926	0.8442	813364	99.1409	17946	2.1874	10898	60.7266	4041	22.5176	7582	42.2490	4435	24.7130	84615	50.7002	94377	53.0076	0.9393
EST1242704101S1K	EST1358301201S1K	na	NZ_CP049075.1	1754511	1328134	75.6982	1316513	99.1250	1304762	99.1074	11621	0.8750	1316268	99.1066	30159	2.2708	18293	60.6552	6810	22.5803	12521	41.5166	7706	25.5512	84615	50.7002	102933	48.3858	0.9406
EST1242704101S1K	EST1358302101S1K	na	NZ_CP049075.1	1754511	869431	49.5540	861929	99.1371	854525	99.1410	7502	0.8629	861967	99.1415	18973	2.1822	11509	60.6599	4072	21.4621	8188	43.1561	4758	25.0777	84615	92.5533	133967	63.3768	0.9583
EST1242704101S1K	EST1358602101S1K	na	NZ_CP049075.1	1754511	487416	27.7807	483209	99.1369	479062	99.1418	4207	0.8631	483235	99.1422	10649	2.1848	6468	60.7381	2302	21.6171	4566	42.8773	2655	24.9319	84615	72.6833	80640	80.1252	0.9744
EST1242704101S1K	EST1359005101S1K	na	NZ_CP049075.1	1754511	1385092	78.9446	1371483	99.0175	1359945	99.1587	13609	0.9825	1373438	99.1586	32265	2.3294	20611	63.8804	7403	22.9444	12790	39.6405	8474	26.2638	84615	93.2317	136370	57.5603	0.9572
EST1242704101S1K	EST1359006101S1K	na	NZ_CP049075.1	1754511	584883	33.3360	579937	99.1544	575086	99.1635	4946	0.8456	580003	99.1656	12706	2.1724	7826	61.5929	2929	23.0521	5351	42.1140	3074	24.1933	84615	93.2317	151742	56.0517	0.9498
EST1242704101S1K	EST1359007101S1K	na	NZ_CP049075.1	1754511	1392710	79.3788	1380246	99.1051	1367560	99.0809	12464	0.8949	1379899	99.0801	31969	2.2955	19158	59.9268	6844	21.4082	13847	43.3138	8185	25.6029	84615	100.0000	147634	62.4240	0.9620
EST1242704101S1K	EST1361001101S1K	na	NZ_CP049075.1	1754511	1192430	67.9637	1182181	99.1405	1172374	99.1704	10249	0.8595	1182553	99.1717	25878	2.1702	16001	61.8324	5853	22.6177	11225	43.3766	6040	23.3403	84615	100.0000	155104	57.1778	0.9576
EST1242704101S1K	EST1361002101S1K	na	NZ_CP049075.1	1754511	1427524	81.3631	1414190	99.0659	1400953	99.0640	13334	0.9341	1414167	99.0643	34315	2.4038	20958	61.0753	7878	22.9579	13668	39.8310	9197	26.8017	84615	92.5533	120862	61.8399	0.9624
EST1242704101S1K	EST1361007101S1K	na	NZ_CP049075.1	1754511	1473958	84.0096	1459941	99.0490	1448117	99.1901	14017	0.9510	1461999	99.1886	34747	2.3574	22788	65.5826	9118	26.2411	13282	38.2249	8318	23.9388	84615	93.2317	126515	64.4058	0.9680
EST1242704101S1K	EST2359005102S1K	na	NZ_CP049075.1	1754511	1359765	77.5011	1345070	98.9193	1333750	99.1584	14695	1.0807	1348324	99.1586	33042	2.4300	21601	65.3744	7677	23.2341	12525	37.9063	8990	27.2078	84615	93.2317	128523	60.7502	0.9616
EST1242801101S1K	EST1242802101S1K	na	NZ_CP049075.1	1754511	1322348	75.3685	1318980	99.7453	1304336	98.8897	3368	0.2547	1307693	98.8917	26338	1.9918	11683	44.3580	8406	31.9159	7648	29.0379	9322	35.3937	106954	84.1240	77610	100.0000	0.9771
EST1242801101S1K	EST1242804101S1K	na	NZ_CP049075.1	1754511	1369788	78.0724	1363519	99.5423	1363224	99.9784	6269	0.4577	1369492	99.9784	20884	1.5246	20588	98.5826	14444	69.1630	808	3.8690	3143	15.0498	106954	50.6629	69079	100.0000	0.9543
EST1242801101S1K	EST1242805101S1K	na	NZ_CP049075.1	1754511	1249228	71.2009	1248101	99.9098	1232165	98.7232	1127	0.0902	1233271	98.7227	24398	1.9530	8441	34.5971	7341	30.0885	8261	33.8593	8819	36.1464	106954	100.0000	153813	92.6190	0.9706
EST1242801101S1K	EST1247101101S1K	na	NZ_CP049075.1	1754511	889926	50.7222	889184	99.9166	878057	98.7486	742	0.0834	878788	98.7484	16917	1.9009	5779	34.1609	5051	29.8575	5761	34.0545	6078	35.9284	106954	94.9969	120859	100.0000	0.9688
EST1242801101S1K	EST1247106101S1K	na	NZ_CP049075.1	1754511	1288247	73.4248	1286840	99.8908	1269851	98.6798	1407	0.1092	1271222	98.6784	26274	2.0395	9249	35.2021	7902	30.0754	8845	33.6645	9481	36.0851	106954	67.6534	106665	100.0000	0.9587
EST1242801101S1K	EST1247109101S1K	na	NZ_CP049075.1	1754511	1382873	78.8181	1381323	99.8879	1363989	98.7451	1550	0.1121	1365490	98.7430	27231	1.9692	9848	36.1647	8430	30.9574	9489	34.8463	9324	34.2404	106954	93.1999	129147	100.0000	0.9721
EST1242801101S1K	EST1247203101S1K	na	NZ_CP049075.1	1754511	1190788	67.8701	1189060	99.8549	1173784	98.7153	1728	0.1451	1175488	98.7151	23868	2.0044	8568	35.8974	6896	28.8922	8053	33.7397	8836	37.0203	106954	85.9482	93469	100.0000	0.9635
EST1242801101S1K	EST1247206101S1K	na	NZ_CP049075.1	1754511	1217301	69.3812	1216040	99.8964	1204562	99.0561	1261	0.1036	1205801	99.0553	22544	1.8520	11044	48.9886	9852	43.7012	6146	27.2622	6412	28.4422	106954	94.9969	127972	95.0989	0.9792
EST1242801101S1K	EST1254306101S1K	na	NZ_CP049075.1	1754511	176655	10.0686	176504	99.9145	174673	98.9626	151	0.0855	174824	98.9635	2863	1.6207	1032	36.0461	881	30.7719	1205	42.0887	770	26.8949	106954	61.4741	76013	100.0000	0.9805
EST1242801101S1K	EST1256811101S1K	na	NZ_CP049075.1	1754511	1173052	66.8592	1171976	99.9083	1158000	98.8075	1076	0.0917	1159058	98.8070	21972	1.8731	7978	36.3098	6928	31.5310	7760	35.3177	7297	33.2104	106954	93.1999	139306	96.2859	0.9712
EST1242801101S1K	EST1350502101S1K	na	NZ_CP049075.1	1754511	680111	38.7636	678675	99.7889	671376	98.9245	1436	0.2111	672799	98.9249	12301	1.8087	4989	40.5577	3571	29.0302	4103	33.3550	4341	35.2898	106954	78.0064	126094	86.7583	0.9519
EST1242801101S1K	EST1350510101S1K	na	NZ_CP049075.1	1754511	1082883	61.7199	1081704	99.8911	1067472	98.6843	1179	0.1089	1068614	98.6823	22561	2.0834	8292	36.7537	7168	31.7716	7190	31.8692	8131	36.0401	106954	94.9969	117862	100.0000	0.9787
EST1242801101S1K	EST1350804101S1K	na	NZ_CP049075.1	1754511	1346711	76.7571	1344059	99.8031	1325845	98.6449	2652	0.1969	1328441	98.6434	29081	2.1594	10811	37.1755	8246	28.3553	8936	30.7280	11561	39.7545	106954	60.8533	75045	100.0000	0.9538
EST1242801101S1K	EST1350807101S1K	na	NZ_CP049075.1	1754511	1311393	74.7441	1310347	99.9202	1293312	98.7000	1046	0.0798	1294342	98.6998	25778	1.9657	8727	33.8544	7700	29.8704	8735	33.8855	9355	36.2906	106954	100.0000	134701	91.5784	0.9689
EST1242801101S1K	EST1356604101S1K	na	NZ_CP049075.1	1754511	1334451	76.0583	1332591	99.8606	1315113	98.6884	1860	0.1394	1316941	98.6878	27163	2.0355	9653	35.5373	7861	28.9401	9036	33.2658	10215	37.6063	106954	83.4677	91591	93.1227	0.9698
EST1242801101S1K	EST1356611101S1K	na	NZ_CP049075.1	1754511	830308	47.3242	829443	99.8958	819052	98.7472	865	0.1042	819910	98.7477	15914	1.9166	5516	34.6613	4664	29.3075	5386	33.8444	5809	36.5025	106954	44.3209	57584	88.7087	0.9490
EST1242801101S1K	EST1357103101S1K	na	NZ_CP049075.1	1754511	967309	55.1327	966589	99.9256	963901	99.7219	720	0.0744	964621	99.7221	13118	1.3561	10430	79.5091	9715	74.0585	1871	14.2628	1405	10.7105	106954	94.9969	133245	95.4392	0.9774
EST1242801101S1K	EST1357107101S1K	na	NZ_CP049075.1	1754511	1324021	75.4638	1322179	99.8609	1304396	98.6550	1842	0.1391	1306185	98.6529	27888	2.1063	10052	36.0442	8293	29.7368	8878	31.8345	10593	37.9841	106954	51.8036	78769	92.1492	0.9482
EST1242801101S1K	EST1357108101S1K	na	NZ_AAFJ01000001.1	291266	19778	6.7904	19775	99.9848	19728	99.7623	3	0.0152	19731	99.7624	187	0.9455	140	74.8663	137	73.2620	27	14.4385	23	12.2995	0	0.0000	0	0.0000	1.0000
EST1242801101S1K	EST1357108101S1K	na	NZ_AAFJ01000002.1	190041	7958	4.1875	7957	99.9874	7932	99.6858	1	0.0126	7933	99.6859	87	1.0932	62	71.2644	61	70.1149	13	14.9425	13	14.9425	0	0.0000	0	0.0000	1.0000
EST1242801101S1K	EST1357108101S1K	na	NZ_AAFJ01000003.1	179952	16155	8.9774	16155	100.0000	16093	99.6162	0	0.0000	16093	99.6162	164	1.0152	102	62.1951	102	62.1951	28	17.0732	34	20.7317	0	0.0000	0	0.0000	1.0000
EST1242801101S1K	EST1357108101S1K	na	NZ_AAFJ01000004.1	154728	7926	5.1225	7926	100.0000	7891	99.5584	0	0.0000	7891	99.5584	125	1.5771	90	72.0000	90	72.0000	25	20.0000	10	8.0000	0	0.0000	0	0.0000	1.0000
EST1242801101S1K	EST1357108101S1K	na	NZ_AAFJ01000005.1	153933	14149	9.1917	14147	99.9859	14101	99.6748	2	0.0141	14103	99.6749	160	1.1308	114	71.2500	112	70.0000	30	18.7500	18	11.2500	0	0.0000	0	0.0000	1.0000
EST1242801101S1K	EST1357108101S1K	na	NZ_AAFJ01000006.1	136031	10089	7.4167	10088	99.9901	10058	99.7026	1	0.0099	10059	99.7026	102	1.0110	72	70.5882	71	69.6078	15	14.7059	16	15.6863	0	0.0000	0	0.0000	1.0000
EST1242801101S1K	EST1357108101S1K	na	NZ_AAFJ01000007.1	123154	8799	7.1447	8799	100.0000	8777	99.7500	0	0.0000	8777	99.7500	83	0.9433	61	73.4940	61	73.4940	14	16.8675	8	9.6386	0	0.0000	0	0.0000	1.0000
EST1242801101S1K	EST1357108101S1K	na	NZ_AAFJ01000008.1	115076	8564	7.4420	8563	99.9883	8505	99.3227	1	0.0117	8506	99.3227	178	2.0785	120	67.4157	119	66.8539	24	13.4831	36	20.2247	0	0.0000	0	0.0000	1.0000
EST1242801101S1K	EST1357108101S1K	na	NZ_AAFJ01000009.1	102965	11208	10.8853	11206	99.9822	11176	99.7323	2	0.0178	11178	99.7323	84	0.7495	54	64.2857	52	61.9048	17	20.2381	15	17.8571	0	0.0000	0	0.0000	1.0000
EST1242801101S1K	EST1357108101S1K	na	NZ_AAFJ01000010.1	95930	0	0.0000	0	0.0000	0	0.0000	0	0.0000	0	0.0000	0	0.0000	0	0.0000	0	0.0000	0	0.0000	0	0.0000	0	0.0000	0	0.0000	1.0000
EST1242801101S1K	EST1357108101S1K	na	NZ_AAFJ01000011.1	68753	4414	6.4201	4414	100.0000	4403	99.7508	0	0.0000	4403	99.7508	47	1.0648	36	76.5957	36	76.5957	6	12.7660	5	10.6383	0	0.0000	0	0.0000	1.0000
EST1242801101S1K	EST1357108101S1K	na	NZ_AAFJ01000012.1	39918	6856	17.1752	6852	99.9417	6755	98.5844	4	0.0583	6759	98.5852	243	3.5443	146	60.0823	142	58.4362	65	26.7490	40	16.4609	0	0.0000	0	0.0000	1.0000
EST1242801101S1K	EST1357108101S1K	na	NZ_AAFJ01000013.1	38817	3146	8.1047	3146	100.0000	3108	98.7921	0	0.0000	3108	98.7921	53	1.6847	15	28.3019	15	28.3019	12	22.6415	26	49.0566	0	0.0000	0	0.0000	1.0000
EST1242801101S1K	EST1357108101S1K	na	NZ_AAFJ01000014.1	26020	4239	16.2913	4222	99.5990	4129	97.7973	17	0.4010	4146	97.8061	292	6.8884	199	68.1507	182	62.3288	44	15.0685	57	19.5205	0	0.0000	0	0.0000	1.0000
EST1242801101S1K	EST1357108101S1K	na	NZ_AAFJ01000015.1	17938	843	4.6995	843	100.0000	842	99.8814	0	0.0000	842	99.8814	11	1.3049	10	90.9091	10	90.9091	0	0.0000	1	9.0909	0	0.0000	0	0.0000	1.0000
EST1242801101S1K	EST1357108101S1K	na	NZ_AAFJ01000016.1	14674	206	1.4038	206	100.0000	206	100.0000	0	0.0000	206	100.0000	0	0.0000	0	0.0000	0	0.0000	0	0.0000	0	0.0000	0	0.0000	0	0.0000	1.0000
EST1242801101S1K	EST1357108101S1K	na	NZ_AAFJ01000017.1	14328	0	0.0000	0	0.0000	0	0.0000	0	0.0000	0	0.0000	0	0.0000	0	0.0000	0	0.0000	0	0.0000	0	0.0000	14328	100.0000	14328	100.0000	1.0000
EST1242801101S1K	EST1357108101S1K	na	NZ_AAFJ01000018.1	4123	1333	32.3308	1331	99.8500	1293	97.1450	2	0.1500	1295	97.1493	106	7.9520	68	64.1509	66	62.2642	16	15.0943	26	24.5283	0	0.0000	0	0.0000	1.0000
EST1242801101S1K	EST1357108101S1K	na	NZ_AAFJ01000019.1	3196	0	0.0000	0	0.0000	0	0.0000	0	0.0000	0	0.0000	0	0.0000	0	0.0000	0	0.0000	0	0.0000	0	0.0000	0	0.0000	0	0.0000	1.0000
EST1242801101S1K	EST1357108101S1K	na	NZ_AAFJ01000020.1	2991	0	0.0000	0	0.0000	0	0.0000	0	0.0000	0	0.0000	0	0.0000	0	0.0000	0	0.0000	0	0.0000	0	0.0000	0	0.0000	0	0.0000	1.0000
EST1242801101S1K	EST1358301101S1K	na	NZ_CP049075.1	1754511	790250	45.0410	789644	99.9233	779885	98.7641	606	0.0767	780485	98.7643	14884	1.8835	5119	34.3926	4523	30.3883	5057	33.9761	5281	35.4811	106954	62.6503	94377	92.2237	0.9457
EST1242801101S1K	EST1358301201S1K	na	NZ_CP049075.1	1754511	1279550	72.9292	1278395	99.9097	1262201	98.7333	1155	0.0903	1263344	98.7335	24974	1.9518	8768	35.1085	7629	30.5478	8269	33.1104	9063	36.2897	106954	67.6534	102933	88.9618	0.9496
EST1242801101S1K	EST1358302101S1K	na	NZ_CP049075.1	1754511	843611	48.0824	842964	99.9233	832468	98.7549	647	0.0767	833113	98.7556	15831	1.8766	5333	33.6871	4688	29.6128	5416	34.2114	5706	36.0432	106954	94.9969	133967	90.7821	0.9679
EST1242801101S1K	EST1358602101S1K	na	NZ_CP049075.1	1754511	466336	26.5793	465971	99.9217	460144	98.7495	365	0.0783	460507	98.7500	8781	1.8830	2952	33.6180	2590	29.4955	3040	34.6202	3123	35.5654	106954	40.9709	80640	80.1252	0.9373
EST1242801101S1K	EST1359005101S1K	na	NZ_CP049075.1	1754511	1332715	75.9593	1329942	99.7919	1313419	98.7576	2773	0.2081	1316167	98.7583	27017	2.0272	10469	38.7497	7737	28.6375	8620	31.9058	10243	37.9132	106954	93.1999	136370	89.2484	0.9651
EST1242801101S1K	EST1359006101S1K	na	NZ_CP049075.1	1754511	567796	32.3621	567244	99.9028	560273	98.7711	552	0.0972	560824	98.7721	10765	1.8959	3793	35.2346	3244	30.1347	3713	34.4914	3763	34.9559	106954	88.1968	151742	81.0593	0.9479
EST1242801101S1K	EST1359007101S1K	na	NZ_CP049075.1	1754511	1348295	76.8473	1346811	99.8899	1329990	98.7510	1484	0.1101	1331449	98.7506	26337	1.9534	9491	36.0368	8037	30.5160	9066	34.4231	9240	35.0837	106954	100.0000	147634	95.7009	0.9727
EST1242801101S1K	EST1361001101S1K	na	NZ_CP049075.1	1754511	1162181	66.2396	1161198	99.9154	1147607	98.8296	983	0.0846	1148580	98.8297	21564	1.8555	7963	36.9273	6993	32.4290	7394	34.2886	7147	33.1432	106954	100.0000	155104	89.9326	0.9705
EST1242801101S1K	EST1361002101S1K	na	NZ_CP049075.1	1754511	1374347	78.3322	1372405	99.8587	1354433	98.6905	1942	0.1413	1356341	98.6899	28449	2.0700	10443	36.7078	8556	30.0749	9170	32.2331	10585	37.2069	106954	100.0000	120862	100.0000	0.9766
EST1242801101S1K	EST1361007101S1K	na	NZ_CP049075.1	1754511	1388908	79.1621	1386741	99.8440	1368688	98.6982	2167	0.1560	1370811	98.6970	28695	2.0660	10598	36.9333	8513	29.6672	9377	32.6782	10621	37.0134	106954	93.1999	126515	95.0488	0.9640
EST1242801101S1K	EST2359005102S1K	na	NZ_CP049075.1	1754511	1301537	74.1823	1297330	99.6768	1281462	98.7769	4207	0.3232	1285609	98.7762	27500	2.1129	11572	42.0800	7495	27.2545	8423	30.6291	10573	38.4473	106954	93.1999	128523	89.9209	0.9628
EST1242802101S1K	EST1242804101S1K	na	NZ_CP049075.1	1754511	1315659	74.9872	1308228	99.4352	1295401	99.0195	7431	0.5648	1302789	99.0218	27965	2.1256	15095	53.9782	8016	28.6644	8641	30.8993	9211	32.9376	77610	38.1819	69079	46.5728	0.9396
EST1242802101S1K	EST1242805101S1K	na	NZ_CP049075.1	1754511	1214686	69.2322	1212083	99.7857	1197603	98.8054	2603	0.2143	1200182	98.8059	24598	2.0251	10094	41.0359	7526	30.5960	8703	35.3809	7865	31.9741	77610	100.0000	153813	72.0869	0.9544
EST1242802101S1K	EST1247101101S1K	na	NZ_CP049075.1	1754511	868604	49.5069	866852	99.7983	856578	98.8148	1752	0.2017	858317	98.8157	17211	1.9815	6924	40.2301	5189	30.1493	6195	35.9944	5473	31.7994	77610	100.0000	120859	73.8762	0.9620
EST1242802101S1K	EST1247106101S1K	na	NZ_CP049075.1	1754511	1288937	73.4642	1285841	99.7598	1269996	98.7677	3096	0.2402	1273039	98.7666	27527	2.1356	11629	42.2458	8604	31.2566	9705	35.2563	8623	31.3256	77610	61.4508	106665	70.4186	0.9476
EST1242802101S1K	EST1247109101S1K	na	NZ_CP049075.1	1754511	1359748	77.5001	1356526	99.7630	1339068	98.7130	3222	0.2370	1342220	98.7109	29000	2.1327	11472	39.5586	8353	28.8034	10921	37.6586	9169	31.6172	77610	90.5914	129147	75.5945	0.9606
EST1242802101S1K	EST1247203101S1K	na	NZ_CP049075.1	1754511	1195715	68.1509	1192399	99.7227	1178256	98.8139	3316	0.2773	1181526	98.8133	25053	2.0952	10864	43.3641	7617	30.4035	8710	34.7663	8067	32.1997	77610	92.8257	93469	66.1535	0.9579
EST1242802101S1K	EST1247206101S1K	na	NZ_CP049075.1	1754511	1208675	68.8896	1205752	99.7582	1190536	98.7380	2923	0.2418	1193415	98.7375	25863	2.1398	10603	40.9968	7762	30.0120	9373	36.2410	8125	31.4155	77610	100.0000	127972	70.4224	0.9641
EST1242802101S1K	EST1254306101S1K	na	NZ_CP049075.1	1754511	169047	9.6350	168732	99.8137	166760	98.8313	315	0.1863	167074	98.8329	3064	1.8125	1091	35.6070	777	25.3590	1467	47.8786	768	25.0653	77610	69.4240	76013	100.0000	0.9798
EST1242802101S1K	EST1256811101S1K	na	NZ_CP049075.1	1754511	1153461	65.7426	1150909	99.7788	1136893	98.7822	2552	0.2212	1139403	98.7812	23308	2.0207	9250	39.6859	6746	28.9429	8958	38.4332	7150	30.6762	77610	90.5914	139306	73.5740	0.9547
EST1242802101S1K	EST1350502101S1K	na	NZ_CP049075.1	1754511	650564	37.0795	648577	99.6946	641851	98.9630	1987	0.3054	643820	98.9634	12225	1.8791	5481	44.8344	3548	29.0225	4335	35.4601	3913	32.0082	77610	76.7311	126094	61.5049	0.9438
EST1242802101S1K	EST1350510101S1K	na	NZ_CP049075.1	1754511	1111103	63.3284	1108417	99.7583	1094303	98.7267	2686	0.2417	1096942	98.7255	24596	2.2137	10435	42.4256	7822	31.8019	8338	33.8998	7908	32.1516	77610	100.0000	117862	73.2331	0.9719
EST1242802101S1K	EST1350804101S1K	na	NZ_CP049075.1	1754511	1343814	76.5919	1339440	99.6745	1321892	98.6899	4374	0.3255	1326191	98.6886	30602	2.2772	12979	42.4123	8750	28.5929	9994	32.6580	10931	35.7199	77610	52.0423	75045	50.6962	0.9520
EST1242802101S1K	EST1350807101S1K	na	NZ_CP049075.1	1754511	1291185	73.5923	1288527	99.7941	1272717	98.7730	2658	0.2059	1275348	98.7735	26611	2.0610	10774	40.4870	8159	30.6603	9399	35.3200	8503	31.9530	77610	100.0000	134701	64.0990	0.9614
EST1242802101S1K	EST1356604101S1K	na	NZ_CP049075.1	1754511	1324255	75.4772	1320888	99.7457	1304279	98.7426	3367	0.2543	1307584	98.7411	27855	2.1034	11184	40.1508	7909	28.3935	9837	35.3150	9588	34.4211	77610	92.6930	91591	93.1227	0.9847
EST1242802101S1K	EST1356611101S1K	na	NZ_CP049075.1	1754511	811448	46.2492	809845	99.8025	800488	98.8446	1603	0.1975	802072	98.8445	15764	1.9427	6388	40.5227	4814	30.5379	5556	35.2449	5071	32.1682	77610	44.7352	57584	88.7087	0.9631
EST1242802101S1K	EST1357103101S1K	na	NZ_CP049075.1	1754511	916132	52.2158	914331	99.8034	904298	98.9027	1801	0.1966	906094	98.9043	17076	1.8639	7038	41.2157	5249	30.7390	6361	37.2511	4934	28.8944	77610	100.0000	133245	71.6597	0.9667
EST1242802101S1K	EST1357107101S1K	na	NZ_CP049075.1	1754511	1324398	75.4853	1320955	99.7400	1304075	98.7221	3443	0.2600	1307446	98.7200	29202	2.2049	12250	41.9492	8964	30.6965	9764	33.4361	9786	33.5114	77610	40.2835	78769	45.4290	0.9438
EST1242802101S1K	EST1358301101S1K	na	NZ_CP049075.1	1754511	765239	43.6155	763817	99.8142	754911	98.8340	1422	0.1858	756322	98.8347	15024	1.9633	6107	40.6483	4699	31.2766	5347	35.5897	4665	31.0503	77610	61.4508	94377	58.7696	0.9504
EST1242802101S1K	EST1358301201S1K	na	NZ_CP049075.1	1754511	1253324	71.4344	1250627	99.7848	1235596	98.7981	2697	0.2152	1238267	98.7986	25607	2.0431	10550	41.1997	7883	30.7846	9022	35.2326	8160	31.8663	77610	61.4508	102933	52.8878	0.9437
EST1242802101S1K	EST1358302101S1K	na	NZ_CP049075.1	1754511	812114	46.2872	810587	99.8120	800961	98.8125	1527	0.1880	802473	98.8129	15839	1.9503	6198	39.1313	4688	29.5978	5726	36.1513	5131	32.3947	77610	100.0000	133967	66.9284	0.9548
EST1242802101S1K	EST1358602101S1K	na	NZ_CP049075.1	1754511	450658	25.6857	449797	99.8089	444667	98.8595	861	0.1911	445520	98.8599	8663	1.9223	3525	40.6903	2673	30.8554	3104	35.8305	2672	30.8438	77610	40.7834	80640	40.7453	0.9514
EST1242802101S1K	EST1359005101S1K	na	NZ_CP049075.1	1754511	1304336	74.3419	1300045	99.6710	1285435	98.8762	4291	0.3290	1289684	98.8767	27311	2.0939	12659	46.3513	8483	31.0607	9018	33.0197	8872	32.4851	77610	90.5914	136370	62.0569	0.9564
EST1242802101S1K	EST1359006101S1K	na	NZ_CP049075.1	1754511	543880	30.9990	542781	99.7979	536736	98.8863	1099	0.2021	537831	98.8878	10499	1.9304	4450	42.3850	3359	31.9935	3639	34.6604	3240	30.8601	77610	90.5914	151742	60.1330	0.9372
EST1242802101S1K	EST1359007101S1K	na	NZ_CP049075.1	1754511	1308092	74.5559	1305113	99.7723	1288824	98.7519	2979	0.2277	1291767	98.7520	26916	2.0577	10591	39.3483	7655	28.4403	10006	37.1749	8779	32.6163	77610	100.0000	147634	74.2227	0.9582
EST1242802101S1K	EST1361001101S1K	na	NZ_CP049075.1	1754511	1122111	63.9558	1119867	99.8000	1106359	98.7938	2244	0.2000	1108580	98.7941	22181	1.9767	8650	38.9973	6437	29.0203	8392	37.8342	6908	31.1438	77610	100.0000	155104	69.5224	0.9537
EST1242802101S1K	EST1361002101S1K	na	NZ_CP049075.1	1754511	1370505	78.1132	1366842	99.7327	1356782	99.2640	3663	0.2673	1360413	99.2636	26250	1.9154	16158	61.5543	12580	47.9238	6454	24.5867	6110	23.2762	77610	100.0000	120862	69.5347	0.9720
EST1242802101S1K	EST1361007101S1K	na	NZ_CP049075.1	1754511	1362809	77.6746	1358966	99.7180	1342109	98.7596	3843	0.2820	1345893	98.7587	29588	2.1711	12672	42.8282	8921	30.1507	10084	34.0814	9832	33.2297	77610	90.5914	126515	70.0747	0.9504
EST1242802101S1K	EST2359005102S1K	na	NZ_CP049075.1	1754511	1302863	74.2579	1296989	99.5491	1282557	98.8873	5874	0.4509	1288371	98.8877	28535	2.1902	14043	49.2132	8384	29.3815	9061	31.7540	9524	33.3766	77610	90.5914	128523	61.1665	0.9581
EST1242804101S1K	EST1242805101S1K	na	NZ_CP049075.1	1754511	1242609	70.8237	1237258	99.5694	1223516	98.8893	5351	0.4306	1228817	98.8901	25879	2.0826	12087	46.7058	6800	26.2761	9711	37.5246	8119	31.3729	69079	100.0000	153813	64.8437	0.9497
EST1242804101S1K	EST1247101101S1K	na	NZ_CP049075.1	1754511	885209	50.4533	881443	99.5746	871892	98.9164	3766	0.4254	875623	98.9171	17956	2.0284	8370	46.6139	4644	25.8632	6864	38.2268	5533	30.8142	69079	92.3160	120859	60.2636	0.9603
EST1242804101S1K	EST1247106101S1K	na	NZ_CP049075.1	1754511	1298285	73.9970	1292633	99.5647	1277352	98.8178	5652	0.4353	1282928	98.8171	28538	2.1981	13181	46.1875	7632	26.7433	10540	36.9332	9032	31.6490	69079	100.0000	106665	93.4140	0.9776
EST1242804101S1K	EST1247109101S1K	na	NZ_CP049075.1	1754511	1381151	78.7200	1375010	99.5554	1359662	98.8838	6141	0.4446	1365710	98.8820	29352	2.1252	13911	47.3937	7906	26.9351	11228	38.2529	8847	30.1410	69079	100.0000	129147	76.7900	0.9642
EST1242804101S1K	EST1247203101S1K	na	NZ_CP049075.1	1754511	1192071	67.9432	1186405	99.5247	1172954	98.8662	5666	0.4753	1178549	98.8657	25556	2.1438	12034	47.0887	6474	25.3326	9540	37.3298	8327	32.5833	69079	92.3160	93469	74.4536	0.9762
EST1242804101S1K	EST1247206101S1K	na	NZ_CP049075.1	1754511	1212469	69.1058	1207426	99.5841	1197070	99.1423	5043	0.4159	1202069	99.1422	24346	2.0080	13946	57.2825	8978	36.8767	7813	32.0915	6112	25.1047	69079	92.3160	127972	53.8258	0.9588
EST1242804101S1K	EST1254306101S1K	na	NZ_CP049075.1	1754511	174695	9.9569	173960	99.5793	172342	99.0699	735	0.4207	173071	99.0704	3127	1.7900	1503	48.0652	775	24.7841	1455	46.5302	749	23.9527	69079	37.8306	76013	48.8390	0.9387
EST1242804101S1K	EST1256811101S1K	na	NZ_CP049075.1	1754511	1172565	66.8314	1167590	99.5757	1155324	98.9495	4975	0.4243	1160235	98.9485	23642	2.0163	11312	47.8471	6414	27.1297	9275	39.2310	6853	28.9865	69079	100.0000	139306	71.4887	0.9583
EST1242804101S1K	EST1350502101S1K	na	NZ_CP049075.1	1754511	674470	38.4421	670846	99.4627	664692	99.0827	3624	0.5373	668286	99.0831	13051	1.9350	6867	52.6167	3356	25.7145	4834	37.0393	3988	30.5570	69079	92.3160	126094	58.1281	0.9585
EST1242804101S1K	EST1350510101S1K	na	NZ_CP049075.1	1754511	1084965	61.8386	1080494	99.5879	1067698	98.8157	4471	0.4121	1072092	98.8135	24058	2.2174	11185	46.4918	6821	28.3523	8493	35.3022	7709	32.0434	69079	92.3160	117862	59.1921	0.9625
EST1242804101S1K	EST1350804101S1K	na	NZ_CP049075.1	1754511	1355579	77.2625	1348534	99.4803	1332033	98.7764	7045	0.5197	1338975	98.7751	31366	2.3138	14762	47.0637	7956	25.3650	10746	34.2600	11067	35.2834	69079	100.0000	75045	85.6833	0.9818
EST1242804101S1K	EST1350807101S1K	na	NZ_CP049075.1	1754511	1305563	74.4118	1300064	99.5788	1285244	98.8601	5499	0.4212	1290689	98.8607	27494	2.1059	12620	45.9009	7184	26.1293	10402	37.8337	8662	31.5051	69079	100.0000	134701	54.6930	0.9540
EST1242804101S1K	EST1356604101S1K	na	NZ_CP049075.1	1754511	1325734	75.5615	1319543	99.5330	1304383	98.8511	6191	0.4670	1310514	98.8520	28590	2.1565	13370	46.7646	7279	25.4600	10563	36.9465	9376	32.7947	69079	45.5146	91591	50.6567	0.9319
EST1242804101S1K	EST1356611101S1K	na	NZ_CP049075.1	1754511	830678	47.3453	826974	99.5541	817857	98.8975	3704	0.4459	821535	98.8993	17134	2.0627	7991	46.6383	4331	25.2772	6545	38.1989	5388	31.4462	69079	45.5146	57584	88.7087	0.9549
EST1242804101S1K	EST1357103101S1K	na	NZ_CP049075.1	1754511	959779	54.7035	955794	99.5848	953353	99.7446	3985	0.4152	957330	99.7448	14742	1.5360	12293	83.3876	8323	56.4577	3494	23.7010	1353	9.1779	69079	92.3160	133245	55.0242	0.9589
EST1242804101S1K	EST1357107101S1K	na	NZ_CP049075.1	1754511	1333497	76.0039	1327448	99.5464	1311362	98.7882	6049	0.4536	1317327	98.7874	30025	2.2516	13855	46.1449	7942	26.4513	10763	35.8468	9916	33.0258	69079	91.2578	78769	84.4266	0.9811
EST1242804101S1K	EST1358301101S1K	na	NZ_CP049075.1	1754511	793805	45.2437	790477	99.5808	781758	98.8970	3328	0.4192	785068	98.8994	16297	2.0530	7560	46.3889	4256	26.1152	6165	37.8290	5048	30.9750	69079	92.3160	94377	77.3101	0.9760
EST1242804101S1K	EST1358301201S1K	na	NZ_CP049075.1	1754511	1281127	73.0190	1275624	99.5705	1261122	98.8631	5503	0.4295	1266584	98.8648	27120	2.1169	12577	46.3754	7128	26.2832	10031	36.9875	8641	31.8621	69079	100.0000	102933	76.5304	0.9750
EST1242804101S1K	EST1358302101S1K	na	NZ_CP049075.1	1754511	838102	47.7684	834371	99.5548	825405	98.9254	3731	0.4452	829109	98.9270	16951	2.0225	7958	46.9471	4260	25.1313	6544	38.6054	5226	30.8300	69079	92.3160	133967	54.7232	0.9528
EST1242804101S1K	EST1358602101S1K	na	NZ_CP049075.1	1754511	463877	26.4391	461941	99.5826	457015	98.9336	1936	0.4174	458940	98.9357	9232	1.9902	4295	46.5230	2372	25.6932	3535	38.2907	2809	30.4268	69079	45.7433	80640	39.3800	0.9563
EST1242804101S1K	EST1359005101S1K	na	NZ_CP049075.1	1754511	1324533	75.4930	1317443	99.4647	1303083	98.9100	7090	0.5353	1310112	98.9112	28585	2.1581	14164	49.5505	7269	25.4294	10166	35.5641	9531	33.3427	69079	100.0000	136370	58.1528	0.9571
EST1242804101S1K	EST1359006101S1K	na	NZ_CP049075.1	1754511	560688	31.9569	558050	99.5295	552238	98.9585	2638	0.4705	554863	98.9611	11389	2.0313	5564	48.8542	2958	25.9724	4426	38.8621	3413	29.9675	69079	92.3160	151742	49.1914	0.9417
EST1242804101S1K	EST1359007101S1K	na	NZ_CP049075.1	1754511	1337501	76.2321	1331675	99.5644	1317135	98.9081	5826	0.4356	1322904	98.9086	27780	2.0770	13183	47.4550	7423	26.7207	10565	38.0310	8565	30.8315	69079	100.0000	147634	66.4366	0.9512
EST1242804101S1K	EST1361001101S1K	na	NZ_CP049075.1	1754511	1155523	65.8601	1150655	99.5787	1139045	98.9910	4868	0.4213	1143876	98.9921	22895	1.9814	11248	49.1286	6431	28.0891	8735	38.1524	6570	28.6962	69079	100.0000	155104	61.9455	0.9490
EST1242804101S1K	EST1361002101S1K	na	NZ_CP049075.1	1754511	1369282	78.0435	1362871	99.5318	1346988	98.8346	6411	0.4682	1353316	98.8340	30237	2.2082	14271	47.1971	7991	26.4279	10819	35.7807	9989	33.0357	69079	100.0000	120862	60.2497	0.9609
EST1242804101S1K	EST1361007101S1K	na	NZ_CP049075.1	1754511	1382412	78.7919	1375727	99.5164	1359955	98.8536	6685	0.4836	1366543	98.8521	30372	2.1970	14503	47.7512	7965	26.2248	11050	36.3822	9875	32.5135	69079	100.0000	126515	66.6743	0.9632
EST1242804101S1K	EST2359005102S1K	na	NZ_CP049075.1	1754511	1299544	74.0687	1291244	99.3613	1277336	98.9229	8300	0.6387	1285537	98.9222	29180	2.2454	15173	51.9979	7232	24.7841	9979	34.1981	9944	34.0781	69079	100.0000	128523	57.1252	0.9561
EST1242805101S1K	EST1247101101S1K	na	NZ_CP049075.1	1754511	835713	47.6322	835326	99.9537	825055	98.7704	387	0.0463	825434	98.7700	15708	1.8796	5429	34.5620	5051	32.1556	5450	34.6957	5263	33.5052	153813	92.6190	120859	100.0000	0.9813
EST1242805101S1K	EST1247106101S1K	na	NZ_CP049075.1	1754511	1195207	68.1219	1194508	99.9415	1179524	98.7456	699	0.0585	1180192	98.7437	23688	1.9819	8673	36.6135	8033	33.9117	7951	33.5655	7755	32.7381	153813	69.5318	106665	100.0000	0.9714
EST1242805101S1K	EST1247109101S1K	na	NZ_CP049075.1	1754511	1277361	72.8044	1276639	99.9435	1259903	98.6891	722	0.0565	1260600	98.6878	25096	1.9647	8335	33.2125	7664	30.5387	9236	36.8027	8281	32.9973	153813	87.9308	129147	100.0000	0.9847
EST1242805101S1K	EST1247203101S1K	na	NZ_CP049075.1	1754511	1113603	63.4708	1112399	99.8919	1098692	98.7678	1204	0.1081	1099873	98.7671	22055	1.9805	8325	37.7465	7148	32.4099	7347	33.3122	7575	34.3460	153813	85.3504	93469	100.0000	0.9627
EST1242805101S1K	EST1247206101S1K	na	NZ_CP049075.1	1754511	1096993	62.5241	1096384	99.9445	1081793	98.6692	609	0.0555	1082386	98.6685	22018	2.0071	7411	33.6588	6840	31.0655	7860	35.6981	7381	33.5226	153813	96.7109	127972	100.0000	0.9838
EST1242805101S1K	EST1254306101S1K	na	NZ_CP049075.1	1754511	165764	9.4479	165707	99.9656	163709	98.7943	57	0.0344	163766	98.7947	2811	1.6958	813	28.9221	756	26.8943	1267	45.0729	798	28.3885	153813	46.1899	76013	100.0000	0.9590
EST1242805101S1K	EST1256811101S1K	na	NZ_CP049075.1	1754511	1106612	63.0724	1106039	99.9482	1091846	98.7168	573	0.0518	1092400	98.7157	21317	1.9263	7105	33.3302	6573	30.8345	7876	36.9470	6973	32.7110	153813	91.2199	139306	100.0000	0.9902
EST1242805101S1K	EST1350502101S1K	na	NZ_CP049075.1	1754511	636088	36.2544	634993	99.8279	628002	98.8990	1095	0.1721	629086	98.8992	11532	1.8130	4530	39.2820	3446	29.8821	3940	34.1658	3935	34.1224	153813	73.8221	126094	86.7583	0.9683
EST1242805101S1K	EST1350510101S1K	na	NZ_CP049075.1	1754511	983124	56.0341	982553	99.9419	969881	98.7103	571	0.0581	970431	98.7089	20097	2.0442	7404	36.8413	6879	34.2290	6544	32.5621	6726	33.4677	153813	92.6190	117862	100.0000	0.9779
EST1242805101S1K	EST1350804101S1K	na	NZ_CP049075.1	1754511	1242502	70.8176	1240684	99.8537	1223878	98.6454	1818	0.1463	1225654	98.6440	26444	2.1283	9596	36.2880	7832	29.6173	8401	31.7690	10033	37.9406	153813	64.8437	75045	100.0000	0.9530
EST1242805101S1K	EST1350807101S1K	na	NZ_CP049075.1	1754511	1228995	70.0477	1228444	99.9552	1212486	98.7010	551	0.0448	1213023	98.7004	24203	1.9693	8231	34.0082	7701	31.8184	8319	34.3718	8284	34.2272	153813	100.0000	134701	100.0000	0.9870
EST1242805101S1K	EST1356604101S1K	na	NZ_CP049075.1	1754511	1230962	70.1598	1229769	99.9031	1213978	98.7159	1193	0.0969	1215136	98.7143	24483	1.9889	8657	35.3592	7504	30.6498	8290	33.8602	8712	35.5839	153813	69.0787	91591	100.0000	0.9622
EST1242805101S1K	EST1356611101S1K	na	NZ_CP049075.1	1754511	787972	44.9112	787501	99.9402	777643	98.7482	471	0.0598	778110	98.7484	15107	1.9172	5245	34.7190	4784	31.6674	5225	34.5866	5117	33.8717	153813	41.3034	57584	100.0000	0.9459
EST1242805101S1K	EST1357103101S1K	na	NZ_CP049075.1	1754511	906887	51.6889	906536	99.9613	895296	98.7601	351	0.0387	895643	98.7602	16782	1.8505	5538	32.9996	5195	30.9558	6241	37.1887	5418	32.2846	153813	92.6190	133245	95.4392	0.9812
EST1242805101S1K	EST1357107101S1K	na	NZ_CP049075.1	1754511	1216246	69.3211	1215213	99.9151	1199506	98.7075	1033	0.0849	1200507	98.7059	24780	2.0374	9041	36.4851	8051	32.4899	8076	32.5908	8674	35.0040	153813	62.4317	78769	92.1492	0.9480
EST1242805101S1K	EST1358301101S1K	na	NZ_CP049075.1	1754511	751929	42.8569	751672	99.9658	742554	98.7870	257	0.0342	742806	98.7867	14009	1.8631	4886	34.8776	4646	33.1644	4713	33.6427	4721	33.6998	153813	69.5318	94377	92.2237	0.9578
EST1242805101S1K	EST1358301201S1K	na	NZ_CP049075.1	1754511	1199885	68.3886	1199256	99.9476	1184078	98.7344	629	0.0524	1184694	98.7340	23454	1.9547	8263	35.2307	7663	32.6725	7927	33.7981	7993	34.0795	153813	72.8209	102933	93.8543	0.9613
EST1242805101S1K	EST1358302101S1K	na	NZ_CP049075.1	1754511	805341	45.9012	805050	99.9639	795008	98.7526	291	0.0361	795295	98.7526	15110	1.8762	5064	33.5142	4778	31.6214	5244	34.7055	5169	34.2091	153813	92.6190	133967	90.7821	0.9744
EST1242805101S1K	EST1358602101S1K	na	NZ_CP049075.1	1754511	442422	25.2163	442232	99.9571	436778	98.7667	190	0.0429	436963	98.7661	8295	1.8749	2836	34.1893	2651	31.9590	2936	35.3948	2732	32.9355	153813	41.0388	80640	80.1252	0.9387
EST1242805101S1K	EST1359005101S1K	na	NZ_CP049075.1	1754511	1239767	70.6617	1237683	99.8319	1222203	98.7493	2084	0.1681	1224254	98.7487	25000	2.0165	9487	37.9480	7440	29.7600	8196	32.7840	9080	36.3200	153813	92.0228	136370	93.6995	0.9784
EST1242805101S1K	EST1359006101S1K	na	NZ_CP049075.1	1754511	533349	30.3987	533090	99.9514	526349	98.7355	259	0.0486	526606	98.7357	10174	1.9076	3431	33.7232	3174	31.1972	3627	35.6497	3393	33.3497	153813	92.0228	151742	85.7390	0.9670
EST1242805101S1K	EST1359007101S1K	na	NZ_CP049075.1	1754511	1246010	71.0175	1245121	99.9287	1229183	98.7200	889	0.0713	1230059	98.7198	24250	1.9462	8299	34.2227	7423	30.6103	8712	35.9258	8188	33.7649	153813	96.7109	147634	100.0000	0.9949
EST1242805101S1K	EST1361001101S1K	na	NZ_CP049075.1	1754511	1099580	62.6716	1099117	99.9579	1085231	98.7366	463	0.0421	1085687	98.7365	20828	1.8942	6935	33.2965	6482	31.1216	7526	36.1341	6892	33.0901	153813	96.7109	155104	94.0936	0.9881
EST1242805101S1K	EST1361002101S1K	na	NZ_CP049075.1	1754511	1265368	72.1208	1264249	99.9116	1248694	98.7696	1119	0.0884	1249801	98.7698	25193	1.9910	9626	38.2090	8546	33.9221	8107	32.1796	8500	33.7395	153813	92.6190	120862	100.0000	0.9798
EST1242805101S1K	EST1361007101S1K	na	NZ_CP049075.1	1754511	1280957	73.0093	1279702	99.9020	1263631	98.7442	1255	0.0980	1264861	98.7434	25669	2.0039	9573	37.2940	8371	32.6113	8527	33.2191	8769	34.1618	153813	92.0228	126515	100.0000	0.9827
EST1242805101S1K	EST2359005102S1K	na	NZ_CP049075.1	1754511	1203407	68.5893	1200043	99.7205	1185282	98.7700	3364	0.2795	1188596	98.7692	25244	2.0977	10433	41.3286	7127	28.2325	8028	31.8016	9262	36.6899	153813	92.0228	128523	94.5947	0.9759
EST1247101101S1K	EST1247106101S1K	na	NZ_CP049075.1	1754511	841971	47.9889	841477	99.9413	830859	98.7382	494	0.0587	831336	98.7369	16425	1.9508	5790	35.2511	5315	32.3592	5610	34.1553	5529	33.6621	120859	71.4543	106665	100.0000	0.9660
EST1247101101S1K	EST1247109101S1K	na	NZ_CP049075.1	1754511	911860	51.9723	911392	99.9487	899535	98.6990	468	0.0513	899987	98.6979	17562	1.9260	5689	32.3938	5238	29.8258	6412	36.5106	5986	34.0850	120859	93.6637	129147	100.0000	0.9726
EST1247101101S1K	EST1247203101S1K	na	NZ_CP049075.1	1754511	780582	44.4900	779788	99.8983	770400	98.7961	794	0.1017	771178	98.7953	15020	1.9242	5616	37.3901	4839	32.2170	4948	32.9427	5205	34.6538	120859	91.9989	93469	100.0000	0.9670
EST1247101101S1K	EST1247206101S1K	na	NZ_CP049075.1	1754511	768459	43.7990	768076	99.9502	757987	98.6865	383	0.0498	758353	98.6849	15190	1.9767	5084	33.4694	4720	31.0731	5313	34.9770	5195	34.2001	120859	100.0000	127972	95.0989	0.9824
EST1247101101S1K	EST1254306101S1K	na	NZ_CP049075.1	1754511	119940	6.8361	119906	99.9717	118474	98.8057	34	0.0283	118507	98.8052	2012	1.6775	579	28.7773	546	27.1372	933	46.3718	540	26.8390	120859	53.6683	76013	100.0000	0.9616
EST1247101101S1K	EST1256811101S1K	na	NZ_CP049075.1	1754511	774253	44.1293	773876	99.9513	764064	98.7321	377	0.0487	764430	98.7313	14481	1.8703	4658	32.1663	4293	29.6457	5330	36.8069	4931	34.0515	120859	93.6637	139306	96.2859	0.9816
EST1247101101S1K	EST1350502101S1K	na	NZ_CP049075.1	1754511	466169	26.5697	465403	99.8357	460396	98.9242	766	0.1643	461156	98.9246	8177	1.7541	3164	38.6939	2406	29.4240	2717	33.2273	2875	35.1596	120859	88.8093	126094	86.7583	0.9784
EST1247101101S1K	EST1350510101S1K	na	NZ_CP049075.1	1754511	691790	39.4292	691373	99.9397	682221	98.6763	417	0.0603	682612	98.6733	14092	2.0370	4914	34.8708	4525	32.1104	4615	32.7491	4988	35.3960	120859	100.0000	117862	100.0000	0.9812
EST1247101101S1K	EST1350804101S1K	na	NZ_CP049075.1	1754511	890462	50.7527	889000	99.8358	877565	98.7137	1462	0.1642	878995	98.7122	18511	2.0788	7044	38.0530	5615	30.3333	5684	30.7061	7045	38.0585	120859	65.1180	75045	92.8363	0.9638
EST1247101101S1K	EST1350807101S1K	na	NZ_CP049075.1	1754511	875649	49.9084	875296	99.9597	863926	98.7010	353	0.0403	864265	98.6999	16845	1.9237	5461	32.4191	5122	30.4066	5860	34.7878	5950	35.3221	120859	100.0000	134701	87.5836	0.9815
EST1247101101S1K	EST1356604101S1K	na	NZ_CP049075.1	1754511	872644	49.7372	871859	99.9100	861477	98.8092	785	0.0900	862245	98.8083	16618	1.9043	6219	37.4233	5452	32.8078	5446	32.7717	5751	34.6071	120859	64.8591	91591	93.1227	0.9546
EST1247101101S1K	EST1356611101S1K	na	NZ_CP049075.1	1754511	568847	32.4220	568518	99.9422	561718	98.8039	329	0.0578	562043	98.8039	10468	1.8402	3664	35.0019	3341	31.9163	3446	32.9194	3691	35.2598	120859	29.9771	57584	88.7087	0.9329
EST1247101101S1K	EST1357103101S1K	na	NZ_CP049075.1	1754511	645461	36.7887	645281	99.9721	637468	98.7892	180	0.0279	637646	98.7892	11487	1.7797	3672	31.9666	3494	30.4170	4199	36.5544	3827	33.3159	120859	100.0000	133245	95.4392	0.9859
EST1247101101S1K	EST1357107101S1K	na	NZ_CP049075.1	1754511	871141	49.6515	870418	99.9170	861109	98.9305	723	0.0830	861808	98.9286	16461	1.8896	7128	43.3024	6431	39.0681	4789	29.0930	5190	31.5291	120859	57.5828	78769	85.4575	0.9646
EST1247101101S1K	EST1358301101S1K	na	NZ_CP049075.1	1754511	549251	31.3051	549065	99.9661	545656	99.3791	186	0.0339	545841	99.3792	8435	1.5357	5025	59.5732	4840	57.3800	1844	21.8613	1770	20.9840	120859	71.4543	94377	92.2237	0.9704
EST1247101101S1K	EST1358301201S1K	na	NZ_CP049075.1	1754511	864916	49.2967	864510	99.9531	858966	99.3587	406	0.0469	859370	99.3588	13874	1.6041	8328	60.0259	7926	57.1284	2930	21.1186	3042	21.9259	120859	71.4543	102933	83.6398	0.9709
EST1247101101S1K	EST1358302101S1K	na	NZ_CP049075.1	1754511	583351	33.2486	583153	99.9661	579866	99.4363	198	0.0339	580064	99.4365	8771	1.5036	5484	62.5242	5286	60.2668	1781	20.3056	1723	19.6443	120859	100.0000	133967	90.7821	0.9947
EST1247101101S1K	EST1358602101S1K	na	NZ_CP049075.1	1754511	318017	18.1257	317911	99.9667	314148	98.8163	106	0.0333	314252	98.8161	5738	1.8043	1973	34.3848	1869	32.5723	1949	33.9665	1937	33.7574	120859	53.0047	80640	80.1252	0.9552
EST1247101101S1K	EST1359005101S1K	na	NZ_CP049075.1	1754511	893192	50.9083	891697	99.8326	880836	98.7820	1495	0.1674	882309	98.7816	17686	1.9801	6803	38.4655	5331	30.1425	5664	32.0253	6486	36.6731	120859	93.6637	136370	85.2812	0.9769
EST1247101101S1K	EST1359006101S1K	na	NZ_CP049075.1	1754511	385466	21.9700	385276	99.9507	380591	98.7840	190	0.0493	380780	98.7843	7071	1.8344	2385	33.7293	2196	31.0564	2471	34.9456	2419	34.2102	120859	93.6637	151742	81.0593	0.9664
EST1247101101S1K	EST1359007101S1K	na	NZ_CP049075.1	1754511	889889	50.7201	889298	99.9336	877889	98.7171	591	0.0664	878471	98.7169	17117	1.9235	5699	33.2944	5118	29.9001	6065	35.4326	5977	34.9185	120859	100.0000	147634	95.7009	0.9826
EST1247101101S1K	EST1361001101S1K	na	NZ_CP049075.1	1754511	776227	44.2418	775944	99.9635	766259	98.7518	283	0.0365	766538	98.7518	14273	1.8388	4584	32.1166	4306	30.1689	5183	36.3133	4830	33.8401	120859	100.0000	155104	89.9326	0.9737
EST1247101101S1K	EST1361002101S1K	na	NZ_CP049075.1	1754511	911324	51.9418	910489	99.9084	898884	98.7254	835	0.0916	899700	98.7245	18071	1.9829	6447	35.6759	5632	31.1660	5969	33.0308	6476	35.8364	120859	100.0000	120862	95.6496	0.9872
EST1247101101S1K	EST1361007101S1K	na	NZ_CP049075.1	1754511	917581	52.2984	916618	99.8951	906593	98.9063	963	0.1049	907528	98.9044	17410	1.8974	7357	42.2573	6424	36.8983	5267	30.2527	5621	32.2860	120859	88.8093	126515	86.0586	0.9756
EST1247101101S1K	EST2359005102S1K	na	NZ_CP049075.1	1754511	857935	48.8988	855497	99.7158	845303	98.8084	2438	0.2842	847707	98.8078	17556	2.0463	7328	41.7407	4934	28.1044	5478	31.2030	6585	37.5085	120859	93.6637	128523	85.7061	0.9768
EST1247106101S1K	EST1247109101S1K	na	NZ_CP049075.1	1754511	1349919	76.9399	1348300	99.8801	1329598	98.6129	1619	0.1199	1331139	98.6088	29117	2.1569	10337	35.5016	8884	30.5114	10309	35.4054	9916	34.0557	106665	93.4140	129147	76.7900	0.9774
EST1247106101S1K	EST1247203101S1K	na	NZ_CP049075.1	1754511	1179229	67.2113	1177640	99.8653	1162669	98.7287	1589	0.1347	1164193	98.7249	24359	2.0657	9323	38.2733	7842	32.1934	8041	33.0104	8462	34.7387	106665	100.0000	93469	94.4003	0.9846
EST1247106101S1K	EST1247206101S1K	na	NZ_CP049075.1	1754511	1203986	68.6223	1202727	99.8954	1186081	98.6160	1259	0.1046	1187274	98.6119	25911	2.1521	9199	35.5023	8052	31.0756	9050	34.9273	8726	33.6768	106665	100.0000	127972	67.5640	0.9626
EST1247106101S1K	EST1254306101S1K	na	NZ_CP049075.1	1754511	160482	9.1468	160428	99.9664	158376	98.7209	54	0.0336	158427	98.7195	2880	1.7946	825	28.6458	774	26.8750	1314	45.6250	799	27.7431	106665	33.3090	76013	48.8390	0.9455
EST1247106101S1K	EST1256811101S1K	na	NZ_CP049075.1	1754511	1136626	64.7831	1135887	99.9350	1121194	98.7065	739	0.0650	1121893	98.7038	22422	1.9727	7689	34.2922	7015	31.2862	8033	35.8264	7477	33.3467	106665	93.4140	139306	71.4887	0.9714
EST1247106101S1K	EST1350502101S1K	na	NZ_CP049075.1	1754511	633065	36.0821	631963	99.8259	624873	98.8781	1102	0.1741	625957	98.8772	11810	1.8655	4702	39.8137	3619	30.6435	3946	33.4124	3998	33.8527	106665	73.1186	126094	58.1281	0.9480
EST1247106101S1K	EST1350510101S1K	na	NZ_CP049075.1	1754511	1114933	63.5467	1113609	99.8812	1098719	98.6629	1324	0.1188	1099981	98.6589	24628	2.2089	9676	39.2886	8512	34.5623	7807	31.6997	8238	33.4497	106665	100.0000	117862	74.5567	0.9703
EST1247106101S1K	EST1350804101S1K	na	NZ_CP049075.1	1754511	1359933	77.5107	1357101	99.7918	1337979	98.5910	2832	0.2082	1340706	98.5862	31862	2.3429	12635	39.6554	9971	31.2943	9841	30.8863	11723	36.7930	106665	93.4140	75045	100.0000	0.9811
EST1247106101S1K	EST1350807101S1K	na	NZ_CP049075.1	1754511	1263130	71.9933	1262395	99.9418	1245687	98.6765	735	0.0582	1246391	98.6748	25767	2.0399	9028	35.0371	8346	32.3903	8651	33.5740	8821	34.2337	106665	100.0000	134701	68.5244	0.9647
EST1247106101S1K	EST1356604101S1K	na	NZ_CP049075.1	1754511	1283398	73.1485	1281813	99.8765	1264555	98.6536	1585	0.1235	1266090	98.6514	27072	2.1094	9764	36.0668	8262	30.5186	8983	33.1819	9713	35.8784	106665	60.1903	91591	58.6717	0.9461
EST1247106101S1K	EST1356611101S1K	na	NZ_CP049075.1	1754511	799954	45.5941	799456	99.9377	789135	98.7090	498	0.0623	789621	98.7083	16290	2.0364	5957	36.5684	5480	33.6403	5422	33.2842	5375	32.9957	106665	53.6043	57584	88.7087	0.9634
EST1247106101S1K	EST1357103101S1K	na	NZ_CP049075.1	1754511	882126	50.2776	881772	99.9599	870713	98.7458	354	0.0401	871045	98.7438	16472	1.8673	5391	32.7283	5060	30.7188	6021	36.5529	5443	33.0440	106665	100.0000	133245	69.4458	0.9659
EST1247106101S1K	EST1357107101S1K	na	NZ_CP049075.1	1754511	1339329	76.3363	1337415	99.8571	1318939	98.6185	1914	0.1429	1320762	98.6137	30285	2.2612	11718	38.6924	10045	33.1682	9575	31.6163	10446	34.4923	106665	89.7717	78769	92.1492	0.9760
EST1247106101S1K	EST1358301101S1K	na	NZ_CP049075.1	1754511	757547	43.1771	757180	99.9516	747314	98.6970	367	0.0484	747667	98.6958	15359	2.0275	5479	35.6729	5136	33.4397	5162	33.6090	5101	33.2118	106665	100.0000	94377	92.2237	0.9829
EST1247106101S1K	EST1358301201S1K	na	NZ_CP049075.1	1754511	1251901	71.3533	1251031	99.9305	1234118	98.6481	870	0.0695	1234956	98.6465	26447	2.1125	9502	35.9285	8679	32.8166	8602	32.5254	9204	34.8017	106665	100.0000	102933	88.9618	0.9836
EST1247106101S1K	EST1358302101S1K	na	NZ_CP049075.1	1754511	779465	44.4263	779148	99.9593	769491	98.7606	317	0.0407	769798	98.7598	14795	1.8981	5128	34.6604	4824	32.6056	4926	33.2950	5063	34.2210	106665	100.0000	133967	65.0541	0.9588
EST1247106101S1K	EST1358602101S1K	na	NZ_CP049075.1	1754511	439981	25.0771	439783	99.9550	434453	98.7880	198	0.0450	434644	98.7870	8276	1.8810	2939	35.5123	2748	33.2044	2775	33.5307	2760	33.3494	106665	36.1674	80640	49.4730	0.9320
EST1247106101S1K	EST1359005101S1K	na	NZ_CP049075.1	1754511	1275651	72.7069	1273284	99.8144	1256787	98.7044	2367	0.1856	1259108	98.7032	27009	2.1173	10466	38.7500	8173	30.2603	8708	32.2411	9810	36.3212	106665	93.4140	136370	66.0981	0.9620
EST1247106101S1K	EST1359006101S1K	na	NZ_CP049075.1	1754511	522315	29.7698	522051	99.9495	515314	98.7095	264	0.0505	515569	98.7084	10146	1.9425	3400	33.5107	3148	31.0270	3539	34.8807	3478	34.2795	106665	93.4140	151742	56.7015	0.9508
EST1247106101S1K	EST1359007101S1K	na	NZ_CP049075.1	1754511	1284409	73.2061	1283282	99.9123	1266161	98.6658	1127	0.0877	1267258	98.6647	26310	2.0484	9159	34.8119	8086	30.7336	9331	35.4656	8930	33.9415	106665	100.0000	147634	71.3643	0.9729
EST1247106101S1K	EST1361001101S1K	na	NZ_CP049075.1	1754511	1092034	62.2415	1091601	99.9603	1077766	98.7326	433	0.0397	1078183	98.7316	20850	1.9093	6999	33.5683	6592	31.6163	7323	35.1223	6996	33.5540	106665	100.0000	155104	66.7468	0.9661
EST1247106101S1K	EST1361002101S1K	na	NZ_CP049075.1	1754511	1332440	75.9437	1330577	99.8602	1312789	98.6631	1863	0.1398	1314591	98.6604	29119	2.1854	11270	38.7033	9566	32.8514	9324	32.0203	10133	34.7986	106665	100.0000	120862	75.0716	0.9721
EST1247106101S1K	EST1361007101S1K	na	NZ_CP049075.1	1754511	1347566	76.8058	1345458	99.8436	1327518	98.6666	2108	0.1564	1329548	98.6629	29367	2.1793	11349	38.6454	9429	32.1075	9513	32.3935	10264	34.9508	106665	93.4140	126515	66.6743	0.9613
EST1247106101S1K	EST2359005102S1K	na	NZ_CP049075.1	1754511	1287729	73.3953	1283471	99.6693	1266949	98.7127	4258	0.3307	1271108	98.7093	28999	2.2519	12378	42.6842	8303	28.6320	9102	31.3873	10710	36.9323	106665	93.4140	128523	65.5159	0.9600
EST1247109101S1K	EST1247203101S1K	na	NZ_CP049075.1	1754511	1225371	69.8412	1223736	99.8666	1207582	98.6799	1635	0.1334	1209169	98.6778	25240	2.0598	9038	35.8082	7490	29.6751	8454	33.4945	9293	36.8185	129147	91.2007	93469	92.0391	0.9689
EST1247109101S1K	EST1247206101S1K	na	NZ_CP049075.1	1754511	1238979	70.6168	1237657	99.8933	1220889	98.6452	1322	0.1067	1222140	98.6409	26219	2.1162	9380	35.7756	8207	31.3017	8913	33.9944	9127	34.8106	129147	100.0000	127972	89.7876	0.9766
EST1247109101S1K	EST1254306101S1K	na	NZ_CP049075.1	1754511	176096	10.0368	176056	99.9773	173972	98.8163	40	0.0227	174010	98.8154	2942	1.6707	856	29.0959	818	27.8042	1257	42.7260	877	29.8097	129147	50.6802	76013	100.0000	0.9559
EST1247109101S1K	EST1256811101S1K	na	NZ_CP049075.1	1754511	1218867	69.4705	1218086	99.9359	1217062	99.9159	781	0.0641	1217842	99.9159	16391	1.3448	15366	93.7466	14689	89.6163	733	4.4720	768	4.6855	129147	100.0000	139306	96.2859	0.9937
EST1247109101S1K	EST1350502101S1K	na	NZ_CP049075.1	1754511	689894	39.3212	688716	99.8292	681151	98.9016	1178	0.1708	682304	98.8998	12491	1.8106	4901	39.2363	3753	30.0456	4065	32.5434	4476	35.8338	129147	83.2625	126094	86.7583	0.9630
EST1247109101S1K	EST1350510101S1K	na	NZ_CP049075.1	1754511	1136793	64.7926	1135358	99.8738	1118936	98.5536	1435	0.1262	1120291	98.5484	25560	2.2484	9058	35.4382	7803	30.5282	8490	33.2160	9303	36.3967	129147	100.0000	117862	93.8182	0.9840
EST1247109101S1K	EST1350804101S1K	na	NZ_CP049075.1	1754511	1409122	80.3142	1406202	99.7928	1385864	98.5537	2920	0.2072	1388684	98.5496	32198	2.2850	11760	36.5240	9004	27.9645	10053	31.2224	12868	39.9652	129147	76.7900	75045	100.0000	0.9677
EST1247109101S1K	EST1350807101S1K	na	NZ_CP049075.1	1754511	1345135	76.6672	1344364	99.9427	1326207	98.6494	771	0.0573	1326940	98.6473	27114	2.0157	8919	32.8944	8204	30.2574	9100	33.5620	9929	36.6195	129147	100.0000	134701	85.7640	0.9779
EST1247109101S1K	EST1356604101S1K	na	NZ_CP049075.1	1754511	1363971	77.7408	1362366	99.8823	1343821	98.6388	1605	0.1177	1345362	98.6357	28283	2.0736	9674	34.2043	8173	28.8972	9329	32.9845	10766	38.0653	129147	67.4177	91591	85.1077	0.9592
EST1247109101S1K	EST1356611101S1K	na	NZ_CP049075.1	1754511	849357	48.4099	848766	99.9304	837695	98.6956	591	0.0696	838266	98.6942	16550	1.9485	5459	32.9849	4895	29.5770	5553	33.5529	6126	37.0151	129147	44.2078	57584	88.7087	0.9501
EST1247109101S1K	EST1357103101S1K	na	NZ_CP049075.1	1754511	966594	55.0919	966252	99.9646	954564	98.7904	342	0.0354	954890	98.7892	17463	1.8067	5759	32.9783	5439	31.1459	6135	35.1314	5950	34.0720	129147	100.0000	133245	89.6574	0.9794
EST1247109101S1K	EST1357107101S1K	na	NZ_CP049075.1	1754511	1376741	78.4686	1374671	99.8496	1355116	98.5775	2070	0.1504	1357075	98.5716	30666	2.2274	11000	35.8703	9116	29.7267	9873	32.1953	11578	37.7552	129147	68.6133	78769	84.4266	0.9556
EST1247109101S1K	EST1358301101S1K	na	NZ_CP049075.1	1754511	805214	45.8939	804820	99.9511	794598	98.7299	394	0.0489	794968	98.7275	15368	1.9086	5122	33.3290	4755	30.9409	5152	33.5242	5501	35.7952	129147	76.7900	94377	84.3426	0.9675
EST1247109101S1K	EST1358301201S1K	na	NZ_CP049075.1	1754511	1310712	74.7053	1309789	99.9296	1292400	98.6724	923	0.0704	1293288	98.6706	26257	2.0033	8833	33.6406	7953	30.2891	8777	33.4273	9614	36.6150	129147	76.7900	102933	81.9922	0.9613
EST1247109101S1K	EST1358302101S1K	na	NZ_CP049075.1	1754511	856187	48.7992	855743	99.9481	844696	98.7091	444	0.0519	845124	98.7079	16278	1.9012	5215	32.0371	4795	29.4569	5570	34.2180	5957	36.5954	129147	100.0000	133967	85.1441	0.9686
EST1247109101S1K	EST1358602101S1K	na	NZ_CP049075.1	1754511	474854	27.0647	474616	99.9499	468736	98.7611	238	0.0501	468963	98.7594	8856	1.8650	2965	33.4801	2739	30.9282	2935	33.1414	3196	36.0885	129147	43.2143	80640	70.0322	0.9424
EST1247109101S1K	EST1359005101S1K	na	NZ_CP049075.1	1754511	1368474	77.9975	1365920	99.8134	1347911	98.6815	2554	0.1866	1350414	98.6803	28590	2.0892	10530	36.8311	8045	28.1392	9247	32.3435	10967	38.3596	129147	100.0000	136370	89.2484	0.9840
EST1247109101S1K	EST1359006101S1K	na	NZ_CP049075.1	1754511	576806	32.8756	576499	99.9468	569115	98.7192	307	0.0532	569415	98.7186	10972	1.9022	3581	32.6376	3282	29.9125	3715	33.8589	3987	36.3380	129147	100.0000	151742	81.0593	0.9614
EST1247109101S1K	EST1359007101S1K	na	NZ_CP049075.1	1754511	1377023	78.4847	1375812	99.9121	1358385	98.7333	1211	0.0879	1359556	98.7315	27138	1.9708	9671	35.6364	8520	31.3951	9210	33.9377	9487	34.9584	129147	100.0000	147634	90.7731	0.9864
EST1247109101S1K	EST1361001101S1K	na	NZ_CP049075.1	1754511	1175865	67.0195	1175320	99.9537	1160701	98.7562	545	0.0463	1161219	98.7544	22049	1.8751	7403	33.5752	6892	31.2577	7536	34.1784	7694	34.8950	129147	100.0000	155104	85.1313	0.9798
EST1247109101S1K	EST1361002101S1K	na	NZ_CP049075.1	1754511	1426608	81.3109	1424576	99.8576	1404680	98.6034	2032	0.1424	1406643	98.6005	31180	2.1856	11215	35.9686	9336	29.9423	10145	32.5369	11646	37.3509	129147	100.0000	120862	94.0759	0.9859
EST1247109101S1K	EST1361007101S1K	na	NZ_CP049075.1	1754511	1439428	82.0415	1437182	99.8440	1417459	98.6277	2246	0.1560	1419620	98.6239	31203	2.1677	11395	36.5189	9355	29.9811	10317	33.0641	11517	36.9099	129147	100.0000	126515	95.0488	0.9833
EST1247109101S1K	EST2359005102S1K	na	NZ_CP049075.1	1754511	1352971	77.1139	1348546	99.6729	1330745	98.6800	4425	0.3271	1335044	98.6750	30199	2.2321	12272	40.6371	8045	26.6400	9582	31.7295	11706	38.7629	129147	100.0000	128523	89.9209	0.9818
EST1247203101S1K	EST1247206101S1K	na	NZ_CP049075.1	1754511	1109888	63.2591	1108446	99.8701	1093656	98.6657	1442	0.1299	1095057	98.6637	23139	2.0848	8308	35.9047	6930	29.9494	8296	35.8529	7897	34.1285	93469	100.0000	127972	86.5517	0.9739
EST1247203101S1K	EST1254306101S1K	na	NZ_CP049075.1	1754511	149673	8.5308	149560	99.9245	147664	98.7323	113	0.0755	147774	98.7312	2710	1.8106	811	29.9262	701	25.8672	1253	46.2362	762	28.1181	93469	37.9152	76013	100.0000	0.9386
EST1247203101S1K	EST1256811101S1K	na	NZ_CP049075.1	1754511	1069484	60.9562	1068260	99.8856	1054733	98.7337	1224	0.1144	1055937	98.7333	21074	1.9705	7527	35.7170	6339	30.0797	7932	37.6388	6820	32.3622	93469	92.0391	139306	89.0048	0.9630
EST1247203101S1K	EST1350502101S1K	na	NZ_CP049075.1	1754511	588105	33.5196	586854	99.7873	580923	98.9894	1251	0.2127	582160	98.9891	10702	1.8197	4757	44.4496	3531	32.9938	3524	32.9284	3395	31.7230	93469	80.0533	126094	77.5913	0.9505
EST1247203101S1K	EST1350510101S1K	na	NZ_CP049075.1	1754511	1039373	59.2400	1037967	99.8647	1028540	99.0918	1406	0.1353	1029918	99.0903	20172	1.9408	10717	53.1281	9430	46.7480	5328	26.4128	5298	26.2641	93469	100.0000	117862	95.1825	0.9815
EST1247203101S1K	EST1350804101S1K	na	NZ_CP049075.1	1754511	1217930	69.4171	1215274	99.7819	1198941	98.6560	2656	0.2181	1201550	98.6551	26850	2.2046	10470	38.9944	7925	29.5158	8610	32.0670	10020	37.3184	93469	80.7369	75045	92.8363	0.9827
EST1247203101S1K	EST1350807101S1K	na	NZ_CP049075.1	1754511	1180101	67.2610	1178892	99.8976	1163682	98.7098	1209	0.1024	1164862	98.7087	23985	2.0325	8746	36.4645	7587	31.6323	8339	34.7676	8066	33.6294	93469	100.0000	134701	82.5985	0.9664
EST1247203101S1K	EST1356604101S1K	na	NZ_CP049075.1	1754511	1178527	67.1713	1176718	99.8465	1161852	98.7367	1809	0.1535	1163608	98.7341	23927	2.0302	9008	37.6478	7275	30.4050	8165	34.1246	8412	35.1569	93469	57.8620	91591	85.3119	0.9441
EST1247203101S1K	EST1356611101S1K	na	NZ_CP049075.1	1754511	726250	41.3933	725407	99.8839	716537	98.7772	843	0.1161	717363	98.7763	14153	1.9488	5266	37.2077	4442	31.3856	4889	34.5439	4792	33.8585	93469	44.3013	57584	88.7087	0.9575
EST1247203101S1K	EST1357103101S1K	na	NZ_CP049075.1	1754511	833993	47.5342	833237	99.9094	822727	98.7387	756	0.0906	823465	98.7376	15909	1.9076	5381	33.8236	4646	29.2036	6098	38.3305	5200	32.6859	93469	100.0000	133245	88.2780	0.9699
EST1247203101S1K	EST1357107101S1K	na	NZ_CP049075.1	1754511	1199881	68.3883	1198040	99.8466	1183143	98.7566	1841	0.1534	1184937	98.7545	25050	2.0877	10106	40.3433	8365	33.3932	7982	31.8643	8504	33.9481	93469	74.1230	78769	85.4575	0.9743
EST1247203101S1K	EST1358301101S1K	na	NZ_CP049075.1	1754511	694026	39.5567	693377	99.9065	684983	98.7894	649	0.0935	685621	98.7890	13383	1.9283	4978	37.1964	4342	32.4441	4661	34.8278	4373	32.6758	93469	94.4003	94377	92.2237	0.9836
EST1247203101S1K	EST1358301201S1K	na	NZ_CP049075.1	1754511	1141712	65.0729	1140429	99.8876	1126399	98.7698	1283	0.1124	1127659	98.7691	22645	1.9834	8592	37.9422	7336	32.3957	7642	33.7470	7617	33.6366	93469	94.4003	102933	83.6398	0.9775
EST1247203101S1K	EST1358302101S1K	na	NZ_CP049075.1	1754511	739376	42.1414	738595	99.8944	729655	98.7896	781	0.1056	730420	98.7887	14206	1.9213	5250	36.9562	4491	31.6134	4963	34.9359	4712	33.1691	93469	100.0000	133967	83.2578	0.9599
EST1247203101S1K	EST1358602101S1K	na	NZ_CP049075.1	1754511	409567	23.3437	409163	99.9014	405286	99.0525	404	0.0986	405683	99.0517	7275	1.7763	3391	46.6117	2994	41.1546	2232	30.6804	2019	27.7526	93469	47.4072	80640	80.1252	0.9506
EST1247203101S1K	EST1359005101S1K	na	NZ_CP049075.1	1754511	1175614	67.0052	1172941	99.7726	1158440	98.7637	2673	0.2274	1161083	98.7640	24311	2.0679	9780	40.2287	7149	29.4064	8037	33.0591	8754	36.0084	93469	92.0391	136370	80.0594	0.9633
EST1247203101S1K	EST1359006101S1K	na	NZ_CP049075.1	1754511	486541	27.7309	485995	99.8878	479932	98.7525	546	0.1122	480470	98.7522	9453	1.9429	3382	35.7770	2850	30.1492	3441	36.4011	3145	33.2699	93469	92.0391	151742	81.0593	0.9487
EST1247203101S1K	EST1359007101S1K	na	NZ_CP049075.1	1754511	1182090	67.3743	1180549	99.8696	1165251	98.7042	1541	0.1304	1166764	98.7035	23724	2.0070	8398	35.3988	6892	29.0508	8804	37.1101	8043	33.9024	93469	100.0000	147634	90.8598	0.9662
EST1247203101S1K	EST1361001101S1K	na	NZ_CP049075.1	1754511	1032278	58.8357	1031222	99.8977	1018050	98.7227	1056	0.1023	1019092	98.7226	20129	1.9500	6943	34.4925	5902	29.3209	7523	37.3739	6698	33.2754	93469	100.0000	155104	82.4447	0.9598
EST1247203101S1K	EST1361002101S1K	na	NZ_CP049075.1	1754511	1221182	69.6024	1219195	99.8373	1203544	98.7163	1987	0.1627	1205490	98.7150	25657	2.1010	9965	38.8393	8058	31.4066	8610	33.5581	8891	34.6533	93469	100.0000	120862	90.8226	0.9763
EST1247203101S1K	EST1361007101S1K	na	NZ_CP049075.1	1754511	1223166	69.7155	1221150	99.8352	1206237	98.7788	2016	0.1648	1208217	98.7778	25250	2.0643	10301	40.7960	8383	33.2000	8324	32.9663	8408	33.2990	93469	92.0391	126515	85.9440	0.9581
EST1247203101S1K	EST2359005102S1K	na	NZ_CP049075.1	1754511	1183204	67.4378	1178910	99.6371	1164570	98.7836	4294	0.3629	1168803	98.7829	25673	2.1698	11272	43.9060	7085	27.5971	8204	31.9558	9472	36.8948	93469	92.0391	128523	74.2194	0.9614
EST1247206101S1K	EST1254306101S1K	na	NZ_CP049075.1	1754511	145009	8.2649	144962	99.9676	143283	98.8418	47	0.0324	143328	98.8408	2541	1.7523	860	33.8449	816	32.1133	1090	42.8965	638	25.1082	127972	51.9754	76013	100.0000	0.9621
EST1247206101S1K	EST1256811101S1K	na	NZ_CP049075.1	1754511	1049868	59.8382	1049173	99.9338	1035857	98.7308	695	0.0662	1036526	98.7292	20470	1.9498	7128	34.8217	6474	31.6268	7281	35.5691	6776	33.1021	127972	89.7876	139306	96.2859	0.9756
EST1247206101S1K	EST1350502101S1K	na	NZ_CP049075.1	1754511	576547	32.8608	575673	99.8484	569121	98.8619	874	0.1516	569985	98.8618	10675	1.8515	4113	38.5293	3251	30.4543	3519	32.9649	3725	34.8946	127972	81.3608	126094	86.7583	0.9712
EST1247206101S1K	EST1350510101S1K	na	NZ_CP049075.1	1754511	1077070	61.3886	1075939	99.8950	1060615	98.5758	1131	0.1050	1061676	98.5708	23845	2.2139	8451	35.4414	7443	31.2141	7852	32.9293	8587	36.0117	127972	95.0989	117862	100.0000	0.9894
EST1247206101S1K	EST1350804101S1K	na	NZ_CP049075.1	1754511	1231552	70.1935	1229238	99.8121	1211774	98.5793	2314	0.1879	1214013	98.5759	28030	2.2760	10491	37.4278	8314	29.6611	8689	30.9989	10774	38.4374	127972	62.2527	75045	92.8363	0.9583
EST1247206101S1K	EST1350807101S1K	na	NZ_CP049075.1	1754511	1169150	66.6368	1168547	99.9484	1152526	98.6290	603	0.0516	1153100	98.6272	24092	2.0606	8042	33.3804	7474	31.0227	8125	33.7249	8579	35.6093	127972	100.0000	134701	92.2525	0.9821
EST1247206101S1K	EST1356604101S1K	na	NZ_CP049075.1	1754511	1191588	67.9157	1190256	99.8882	1173814	98.6186	1332	0.1118	1175096	98.6160	25287	2.1221	8795	34.7807	7536	29.8019	8495	33.5943	9307	36.8055	127972	70.6147	91591	100.0000	0.9591
EST1247206101S1K	EST1356611101S1K	na	NZ_CP049075.1	1754511	702469	40.0379	702001	99.9334	692519	98.6493	468	0.0666	692968	98.6475	14163	2.0162	4662	32.9168	4216	29.7677	4917	34.7172	5071	35.8046	127972	37.7684	57584	100.0000	0.9407
EST1247206101S1K	EST1357103101S1K	na	NZ_CP049075.1	1754511	812082	46.2854	811801	99.9654	804743	99.1306	281	0.0346	805020	99.1304	13671	1.6835	6609	48.3432	6337	46.3536	3898	28.5129	3455	25.2725	127972	95.0989	133245	95.4392	0.9872
EST1247206101S1K	EST1357107101S1K	na	NZ_CP049075.1	1754511	1222395	69.6715	1220931	99.8802	1203371	98.5618	1464	0.1198	1204759	98.5573	27197	2.2249	9561	35.1546	8216	30.2092	8891	32.6911	10002	36.7761	127972	54.4283	78769	85.4575	0.9522
EST1247206101S1K	EST1358301101S1K	na	NZ_CP049075.1	1754511	666540	37.9901	666281	99.9611	657825	98.7309	259	0.0389	658069	98.7291	12838	1.9261	4367	34.0162	4124	32.1234	4349	33.8760	4424	34.4602	127972	67.5640	94377	92.2237	0.9592
EST1247206101S1K	EST1358301201S1K	na	NZ_CP049075.1	1754511	1126014	64.1782	1125385	99.9441	1110620	98.6880	629	0.0559	1111228	98.6869	22686	2.0147	7900	34.8232	7296	32.1608	7461	32.8881	8011	35.3125	127972	67.5640	102933	83.6398	0.9537
EST1247206101S1K	EST1358302101S1K	na	NZ_CP049075.1	1754511	705749	40.2248	705503	99.9651	696488	98.7222	246	0.0349	696728	98.7218	13495	1.9122	4474	33.1530	4239	31.4116	4550	33.7162	4740	35.1241	127972	95.0989	133967	90.7821	0.9753
EST1247206101S1K	EST1358602101S1K	na	NZ_CP049075.1	1754511	396092	22.5756	395918	99.9561	391126	98.7896	174	0.0439	391296	98.7892	7435	1.8771	2639	35.4943	2469	33.2078	2478	33.3289	2472	33.2482	127972	48.9756	80640	80.1252	0.9542
EST1247206101S1K	EST1359005101S1K	na	NZ_CP049075.1	1754511	1174894	66.9642	1172791	99.8210	1157526	98.6984	2103	0.1790	1159580	98.6966	24709	2.1031	9395	38.0226	7349	29.7422	7942	32.1421	9131	36.9541	127972	94.6887	136370	89.7323	0.9784
EST1247206101S1K	EST1359006101S1K	na	NZ_CP049075.1	1754511	472539	26.9328	472315	99.9526	466242	98.7142	224	0.0474	466463	98.7142	9158	1.9380	3082	33.6536	2863	31.2623	3165	34.5599	3150	34.3962	127972	94.6887	151742	85.7390	0.9709
EST1247206101S1K	EST1359007101S1K	na	NZ_CP049075.1	1754511	1193432	68.0208	1192488	99.9209	1176602	98.6678	944	0.0791	1177514	98.6662	24388	2.0435	8470	34.7302	7564	31.0153	8541	35.0213	8343	34.2094	127972	100.0000	147634	100.0000	0.9853
EST1247206101S1K	EST1361001101S1K	na	NZ_CP049075.1	1754511	1007599	57.4291	1007163	99.9567	994930	98.7854	436	0.0433	995351	98.7844	19108	1.8964	6860	35.9012	6442	33.7136	6408	33.5357	6309	33.0176	127972	100.0000	155104	94.0936	0.9832
EST1247206101S1K	EST1361002101S1K	na	NZ_CP049075.1	1754511	1234659	70.3705	1233029	99.8680	1215654	98.5909	1630	0.1320	1217227	98.5881	27172	2.2008	9740	35.8457	8205	30.1965	8874	32.6586	10044	36.9645	127972	95.0989	120862	95.6496	0.9811
EST1247206101S1K	EST1361007101S1K	na	NZ_CP049075.1	1754511	1252736	71.4009	1250912	99.8544	1233588	98.6151	1824	0.1456	1235349	98.6121	27406	2.1877	10019	36.5577	8328	30.3875	8981	32.7702	9989	36.4482	127972	94.6887	126515	100.0000	0.9772
EST1247206101S1K	EST2359005102S1K	na	NZ_CP049075.1	1754511	1205288	68.6965	1201517	99.6871	1185825	98.6940	3771	0.3129	1189507	98.6907	26881	2.2303	11100	41.2931	7458	27.7445	8375	31.1558	10172	37.8409	127972	94.6887	128523	90.3799	0.9761
EST1254306101S1K	EST1256811101S1K	na	NZ_CP049075.1	1754511	153124	8.7274	153070	99.9647	151282	98.8319	54	0.0353	151336	98.8323	2563	1.6738	775	30.2380	721	28.1311	750	29.2626	1106	43.1526	76013	100.0000	139306	50.4278	0.9592
EST1254306101S1K	EST1350502101S1K	na	NZ_CP049075.1	1754511	97870	5.5782	97683	99.8089	96667	98.9599	187	0.1911	96853	98.9609	1590	1.6246	573	36.0377	387	24.3396	426	26.7925	739	46.4780	76013	100.0000	126094	56.2564	0.9714
EST1254306101S1K	EST1350510101S1K	na	NZ_CP049075.1	1754511	125517	7.1540	125483	99.9729	123818	98.6731	34	0.0271	123852	98.6735	2319	1.8476	654	28.2018	621	26.7788	646	27.8568	1059	45.6662	76013	100.0000	117862	51.2158	0.9519
EST1254306101S1K	EST1350804101S1K	na	NZ_CP049075.1	1754511	170357	9.7097	170160	99.8844	168001	98.7312	197	0.1156	168195	98.7309	3142	1.8444	980	31.1903	786	25.0159	813	25.8752	1519	48.3450	76013	48.8390	75045	28.3350	0.9387
EST1254306101S1K	EST1350807101S1K	na	NZ_CP049075.1	1754511	169934	9.6855	169893	99.9759	167742	98.7339	41	0.0241	167782	98.7336	2976	1.7513	824	27.6882	784	26.3441	834	28.0242	1369	46.0013	76013	100.0000	134701	45.8386	0.9634
EST1254306101S1K	EST1356604101S1K	na	NZ_CP049075.1	1754511	175847	10.0226	175711	99.9227	173562	98.7770	136	0.0773	173695	98.7762	3109	1.7680	957	30.7816	824	26.5037	830	26.6967	1452	46.7031	76013	100.0000	91591	61.2844	0.9576
EST1254306101S1K	EST1356611101S1K	na	NZ_CP049075.1	1754511	118652	6.7627	118579	99.9385	117197	98.8345	73	0.0615	117268	98.8336	2021	1.7033	637	31.5190	566	28.0059	546	27.0163	913	45.1757	76013	48.8390	57584	53.8014	0.9579
EST1254306101S1K	EST1357103101S1K	na	NZ_CP049075.1	1754511	131541	7.4973	131515	99.9802	130168	98.9758	26	0.0198	130194	98.9760	2024	1.5387	677	33.4486	651	32.1640	577	28.5079	802	39.6245	76013	100.0000	133245	52.6932	0.9722
EST1254306101S1K	EST1357107101S1K	na	NZ_CP049075.1	1754511	164562	9.3794	164424	99.9161	162227	98.6638	138	0.0839	162359	98.6613	3089	1.8771	886	28.6824	754	24.4092	827	26.7724	1512	48.9479	76013	48.8390	78769	37.7065	0.9387
EST1254306101S1K	EST1358301101S1K	na	NZ_CP049075.1	1754511	108569	6.1880	108543	99.9761	107230	98.7903	26	0.0239	107256	98.7906	1813	1.6699	500	27.5786	474	26.1445	490	27.0270	855	47.1594	76013	48.8390	94377	32.1837	0.9479
EST1254306101S1K	EST1358301201S1K	na	NZ_CP049075.1	1754511	168254	9.5898	168184	99.9584	166103	98.7627	70	0.0416	166172	98.7626	2943	1.7491	861	29.2559	792	26.9113	811	27.5569	1351	45.9055	76013	48.8390	102933	29.7922	0.9481
EST1254306101S1K	EST1358302101S1K	na	NZ_CP049075.1	1754511	119207	6.7943	119174	99.9723	117821	98.8647	33	0.0277	117854	98.8650	1959	1.6434	606	30.9342	573	29.2496	535	27.3099	854	43.5937	76013	100.0000	133967	48.4403	0.9612
EST1254306101S1K	EST1358602101S1K	na	NZ_CP049075.1	1754511	65716	3.7455	65706	99.9848	64966	98.8738	10	0.0152	64976	98.8739	1007	1.5324	267	26.5144	257	25.5214	297	29.4935	455	45.1837	76013	51.1610	80640	30.6523	0.9520
EST1254306101S1K	EST1359005101S1K	na	NZ_CP049075.1	1754511	173823	9.9072	173561	99.8493	171433	98.7739	262	0.1507	171690	98.7729	3183	1.8312	1050	32.9877	793	24.9136	803	25.2278	1556	48.8847	76013	100.0000	136370	47.3770	0.9620
EST1254306101S1K	EST1359006101S1K	na	NZ_CP049075.1	1754511	78584	4.4790	78539	99.9427	77584	98.7840	45	0.0573	77629	98.7847	1356	1.7255	401	29.5723	356	26.2537	380	28.0236	622	45.8702	76013	100.0000	151742	46.5349	0.9691
EST1254306101S1K	EST1359007101S1K	na	NZ_CP049075.1	1754511	176444	10.0566	176359	99.9518	174283	98.8229	85	0.0482	174367	98.8229	2997	1.6986	920	30.6974	836	27.8946	835	27.8612	1335	44.5445	76013	100.0000	147634	47.1931	0.9510
EST1254306101S1K	EST1361001101S1K	na	NZ_CP049075.1	1754511	157342	8.9679	157258	99.9466	155447	98.8484	84	0.0534	155529	98.8477	2623	1.6671	810	30.8807	728	27.7545	725	27.6401	1167	44.4910	76013	100.0000	155104	46.1187	0.9590
EST1254306101S1K	EST1361002101S1K	na	NZ_CP049075.1	1754511	173963	9.9152	173842	99.9304	171620	98.7218	121	0.0696	171740	98.7221	3179	1.8274	956	30.0723	836	26.2976	818	25.7314	1521	47.8452	76013	100.0000	120862	49.8403	0.9613
EST1254306101S1K	EST1361007101S1K	na	NZ_CP049075.1	1754511	178366	10.1661	178242	99.9305	175931	98.7034	124	0.0695	176053	98.7032	3252	1.8232	939	28.8745	817	25.1230	896	27.5523	1539	47.3247	76013	100.0000	126515	54.9785	0.9613
EST1254306101S1K	EST2359005102S1K	na	NZ_CP049075.1	1754511	162253	9.2478	161877	99.7683	159902	98.7799	376	0.2317	160270	98.7778	3069	1.8915	1086	35.3861	718	23.3952	768	25.0244	1513	49.2994	76013	100.0000	128523	45.6440	0.9484
EST1256811101S1K	EST1350502101S1K	na	NZ_CP049075.1	1754511	592902	33.7930	591918	99.8340	585432	98.9042	984	0.1660	586399	98.9032	10534	1.7767	4031	38.2666	3064	29.0868	3439	32.6467	3852	36.5673	139306	80.7424	126094	86.7583	0.9724
EST1256811101S1K	EST1350510101S1K	na	NZ_CP049075.1	1754511	953787	54.3620	953157	99.9339	940256	98.6465	630	0.0661	940861	98.6448	19611	2.0561	6685	34.0880	6121	31.2121	6257	31.9056	7329	37.3719	139306	96.2859	117862	93.8182	0.9780
EST1256811101S1K	EST1350804101S1K	na	NZ_CP049075.1	1754511	1178231	67.1544	1176543	99.8567	1160492	98.6357	1688	0.1433	1162136	98.6340	24805	2.1053	8710	35.1139	7084	28.5588	7530	30.3568	10032	40.4435	139306	71.4887	75045	100.0000	0.9617
EST1256811101S1K	EST1350807101S1K	na	NZ_CP049075.1	1754511	1155584	65.8636	1155067	99.9553	1139964	98.6925	517	0.0447	1140468	98.6919	22401	1.9385	7285	32.5209	6788	30.3022	7427	33.1548	8296	37.0341	139306	100.0000	134701	89.5168	0.9782
EST1256811101S1K	EST1356604101S1K	na	NZ_CP049075.1	1754511	1159442	66.0835	1158345	99.9054	1143504	98.7188	1097	0.0946	1144570	98.7173	22665	1.9548	7793	34.3834	6730	29.6934	7368	32.5083	8599	37.9396	139306	65.9713	91591	85.1077	0.9535
EST1256811101S1K	EST1356611101S1K	na	NZ_CP049075.1	1754511	727802	41.4818	727359	99.9391	718124	98.7303	443	0.0609	718555	98.7295	13757	1.8902	4510	32.7833	4082	29.6722	4577	33.2703	5143	37.3846	139306	41.1741	57584	88.7087	0.9473
EST1256811101S1K	EST1357103101S1K	na	NZ_CP049075.1	1754511	849449	48.4151	849145	99.9642	839009	98.8063	304	0.0358	839299	98.8051	15209	1.7905	5059	33.2632	4773	31.3827	5308	34.9004	5197	34.1706	139306	96.2859	133245	89.6574	0.9818
EST1256811101S1K	EST1357107101S1K	na	NZ_CP049075.1	1754511	1153003	65.7165	1151938	99.9076	1136754	98.6819	1065	0.0924	1137762	98.6781	23407	2.0301	8166	34.8870	7174	30.6490	7326	31.2983	8907	38.0527	139306	63.8860	78769	84.4266	0.9496
EST1256811101S1K	EST1358301101S1K	na	NZ_CP049075.1	1754511	697155	39.7350	696867	99.9587	688100	98.7419	288	0.0413	688374	98.7405	13070	1.8748	4289	32.8156	4016	30.7269	4381	33.5195	4734	36.2204	139306	71.4887	94377	84.3426	0.9581
EST1256811101S1K	EST1358301201S1K	na	NZ_CP049075.1	1754511	1123491	64.0344	1122887	99.9462	1108428	98.7123	604	0.0538	1109009	98.7110	21676	1.9293	7194	33.1888	6615	30.5176	7113	32.8151	8075	37.2532	139306	75.2028	102933	86.8847	0.9614
EST1256811101S1K	EST1358302101S1K	na	NZ_CP049075.1	1754511	749804	42.7358	749460	99.9541	739763	98.7061	344	0.0459	740090	98.7045	14166	1.8893	4452	31.4274	4131	29.1614	4867	34.3569	5248	37.0464	139306	96.2859	133967	85.1441	0.9746
EST1256811101S1K	EST1358602101S1K	na	NZ_CP049075.1	1754511	409797	23.3568	409643	99.9624	404692	98.7914	154	0.0376	404840	98.7904	7492	1.8282	2535	33.8361	2387	31.8607	2474	33.0219	2661	35.5179	139306	40.2280	80640	70.0322	0.9394
EST1256811101S1K	EST1359005101S1K	na	NZ_CP049075.1	1754511	1158798	66.0468	1156860	99.8328	1142298	98.7412	1938	0.1672	1144207	98.7409	23114	1.9947	8523	36.8738	6614	28.6147	7268	31.4441	9026	39.0499	139306	96.2859	136370	89.2484	0.9783
EST1256811101S1K	EST1359006101S1K	na	NZ_CP049075.1	1754511	491392	28.0073	491157	99.9522	485008	98.7481	235	0.0478	485241	98.7482	9120	1.8560	2969	32.5548	2736	30.0000	3093	33.9145	3327	36.4803	139306	96.2859	151742	81.0593	0.9710
EST1256811101S1K	EST1359007101S1K	na	NZ_CP049075.1	1754511	1164634	66.3794	1163827	99.9307	1149859	98.7998	807	0.0693	1150644	98.7988	21748	1.8674	7758	35.6722	6974	32.0673	7256	33.3640	7620	35.0377	139306	96.2859	147634	90.7731	0.9858
EST1256811101S1K	EST1361001101S1K	na	NZ_CP049075.1	1754511	1032146	58.8281	1031688	99.9556	1019020	98.7721	458	0.0444	1019460	98.7709	19106	1.8511	6420	33.6020	5983	31.3148	6511	34.0783	6703	35.0832	139306	96.2859	155104	85.1313	0.9794
EST1256811101S1K	EST1361002101S1K	na	NZ_CP049075.1	1754511	1191898	67.9333	1190712	99.9005	1175176	98.6952	1186	0.0995	1176328	98.6937	24078	2.0201	8508	35.3352	7401	30.7376	7590	31.5226	9137	37.9475	139306	96.2859	120862	94.0759	0.9799
EST1256811101S1K	EST1361007101S1K	na	NZ_CP049075.1	1754511	1197996	68.2809	1196718	99.8933	1181330	98.7141	1278	0.1067	1182568	98.7122	23858	1.9915	8430	35.3341	7249	30.3839	7816	32.7605	8865	37.1573	139306	96.2859	126515	95.0488	0.9828
EST1256811101S1K	EST2359005102S1K	na	NZ_CP049075.1	1754511	1144180	65.2136	1140874	99.7111	1126811	98.7673	3306	0.2889	1130047	98.7648	23751	2.0758	9618	40.4951	6392	26.9126	7238	30.4745	9417	39.6489	139306	96.2859	128523	89.9209	0.9759
EST1350502101S1K	EST1350510101S1K	na	NZ_CP049075.1	1754511	507781	28.9415	506946	99.8356	502746	99.1715	835	0.1644	503579	99.1725	8671	1.7076	4469	51.5396	3639	41.9675	2425	27.9668	2286	26.3637	126094	86.7583	117862	84.6354	0.9646
EST1350502101S1K	EST1350804101S1K	na	NZ_CP049075.1	1754511	668545	38.1043	666839	99.7448	658820	98.7975	1706	0.2552	660503	98.7971	13465	2.0141	5423	40.2748	3768	27.9837	4153	30.8429	5203	38.6409	126094	58.1281	75045	78.5196	0.9507
EST1350502101S1K	EST1350807101S1K	na	NZ_CP049075.1	1754511	663556	37.8200	662490	99.8394	654854	98.8474	1066	0.1606	655909	98.8476	12352	1.8615	4705	38.0910	3651	29.5580	4181	33.8488	4313	34.9174	126094	86.7583	134701	73.7522	0.9678
EST1350502101S1K	EST1356604101S1K	na	NZ_CP049075.1	1754511	667254	38.0308	665918	99.7998	658576	98.8975	1336	0.2002	659888	98.8961	12211	1.8300	4845	39.6773	3539	28.9821	4183	34.2560	4227	34.6163	126094	56.2564	91591	61.2844	0.9416
EST1350502101S1K	EST1356611101S1K	na	NZ_CP049075.1	1754511	439439	25.0462	438694	99.8305	433903	98.9079	745	0.1695	434645	98.9091	7872	1.7914	3078	39.1006	2337	29.6875	2763	35.0991	2600	33.0285	126094	27.6262	57584	53.8014	0.9282
EST1350502101S1K	EST1357103101S1K	na	NZ_CP049075.1	1754511	504305	28.7433	503501	99.8406	498267	98.9605	804	0.1594	499065	98.9609	8664	1.7180	3424	39.5199	2627	30.3209	3197	36.8998	2680	30.9326	126094	86.7583	133245	81.0177	0.9721
EST1350502101S1K	EST1357107101S1K	na	NZ_CP049075.1	1754511	649153	36.9991	647930	99.8116	640582	98.8659	1223	0.1884	641779	98.8641	12363	1.9045	4989	40.3543	3797	30.7126	3960	32.0311	4347	35.1614	126094	52.8796	78769	77.7349	0.9617
EST1350502101S1K	EST1358301101S1K	na	NZ_CP049075.1	1754511	417602	23.8016	416913	99.8350	412510	98.9439	689	0.1650	413190	98.9435	7372	1.7653	2960	40.1519	2280	30.9278	2478	33.6137	2442	33.1253	126094	58.1281	94377	77.3101	0.9506
EST1350502101S1K	EST1358301201S1K	na	NZ_CP049075.1	1754511	655112	37.3387	653973	99.8261	646815	98.9055	1139	0.1739	647941	98.9054	11932	1.8214	4761	39.9011	3637	30.4811	3999	33.5149	4055	33.9842	126094	58.1281	102933	71.2085	0.9592
EST1350502101S1K	EST1358302101S1K	na	NZ_CP049075.1	1754511	444754	25.3492	444028	99.8368	439267	98.9278	726	0.1632	439989	98.9286	7803	1.7545	3038	38.9337	2317	29.6937	2746	35.1916	2556	32.7566	126094	86.7583	133967	80.4512	0.9749
EST1350502101S1K	EST1358602101S1K	na	NZ_CP049075.1	1754511	245209	13.9759	244800	99.8332	242267	98.9653	409	0.1668	242672	98.9654	4290	1.7495	1753	40.8625	1348	31.4219	1486	34.6387	1368	31.8881	126094	51.2427	80640	89.9070	0.9579
EST1350502101S1K	EST1359005101S1K	na	NZ_CP049075.1	1754511	675292	38.4889	673430	99.7243	666047	98.9037	1862	0.2757	667898	98.9051	12819	1.8983	5425	42.3200	3601	28.0911	4145	32.3348	4699	36.6565	126094	93.2844	136370	83.6364	0.9738
EST1350502101S1K	EST1359006101S1K	na	NZ_CP049075.1	1754511	297215	16.9400	296736	99.8388	293449	98.8923	479	0.1612	293925	98.8931	5318	1.7893	2028	38.1346	1554	29.2215	1853	34.8439	1808	33.9977	126094	100.0000	151742	87.8102	0.9705
EST1350502101S1K	EST1359007101S1K	na	NZ_CP049075.1	1754511	678037	38.6454	676746	99.8096	669118	98.8728	1291	0.1904	670397	98.8732	12450	1.8362	4810	38.6345	3531	28.3614	4463	35.8474	4269	34.2892	126094	86.7583	147634	76.0536	0.9683
EST1350502101S1K	EST1361001101S1K	na	NZ_CP049075.1	1754511	597857	34.0754	596834	99.8289	590407	98.9232	1023	0.1711	591421	98.9235	10528	1.7610	4092	38.8678	3078	29.2363	3824	36.3222	3413	32.4183	126094	86.7583	155104	71.1484	0.9605
EST1350502101S1K	EST1361002101S1K	na	NZ_CP049075.1	1754511	685942	39.0959	684540	99.7956	676858	98.8778	1402	0.2044	678238	98.8769	13042	1.9013	5338	40.9293	3965	30.4018	4220	32.3570	4612	35.3627	126094	86.7583	120862	80.8277	0.9652
EST1350502101S1K	EST1361007101S1K	na	NZ_CP049075.1	1754511	695129	39.6195	693704	99.7950	685804	98.8612	1425	0.2050	687204	98.8599	13232	1.9035	5307	40.1073	3913	29.5722	4392	33.1923	4646	35.1119	126094	86.7583	126515	86.0586	0.9806
EST1350502101S1K	EST2359005102S1K	na	NZ_CP049075.1	1754511	641901	36.5857	639554	99.6344	632725	98.9322	2347	0.3656	635043	98.9316	12508	1.9486	5650	45.1711	3377	26.9987	3897	31.1561	4615	36.8964	126094	86.7583	128523	77.3153	0.9700
EST1350510101S1K	EST1350804101S1K	na	NZ_CP049075.1	1754511	1130370	64.4265	1128061	99.7957	1111532	98.5347	2309	0.2043	1113764	98.5309	26907	2.3804	10301	38.2837	8120	30.1780	8655	32.1664	9910	36.8306	117862	63.9553	75045	92.8363	0.9655
EST1350510101S1K	EST1350807101S1K	na	NZ_CP049075.1	1754511	1061579	60.5057	1060926	99.9385	1046357	98.6268	653	0.0615	1046978	98.6246	22624	2.1312	8023	35.4623	7428	32.8324	7840	34.6535	7412	32.7617	117862	100.0000	134701	87.5836	0.9785
EST1350510101S1K	EST1356604101S1K	na	NZ_CP049075.1	1754511	1075893	61.3215	1074728	99.8917	1060052	98.6344	1165	0.1083	1061170	98.6316	23081	2.1453	8358	36.2116	7266	31.4804	7853	34.0237	7936	34.3833	117862	66.5804	91591	93.1227	0.9580
EST1350510101S1K	EST1356611101S1K	na	NZ_CP049075.1	1754511	621256	35.4091	620850	99.9346	612359	98.6324	406	0.0654	612748	98.6305	12953	2.0850	4445	34.3164	4069	31.4136	4608	35.5748	4319	33.3436	117862	34.9553	57584	88.7087	0.9405
EST1350510101S1K	EST1357103101S1K	na	NZ_CP049075.1	1754511	703334	40.0872	702977	99.9492	694095	98.7365	357	0.0508	694434	98.7346	13537	1.9247	4637	34.2543	4298	31.7500	5011	37.0171	4273	31.5653	117862	100.0000	133245	95.4392	0.9850
EST1350510101S1K	EST1357107101S1K	na	NZ_CP049075.1	1754511	1128058	64.2947	1126419	99.8547	1110705	98.6050	1639	0.1453	1112256	98.5992	25826	2.2894	10024	38.8136	8526	33.0132	8318	32.2079	8861	34.3104	117862	58.7212	78769	85.4575	0.9598
EST1350510101S1K	EST1358301101S1K	na	NZ_CP049075.1	1754511	587784	33.5013	587444	99.9422	579873	98.7112	340	0.0578	580194	98.7087	11782	2.0045	4192	35.5797	3875	32.8892	4153	35.2487	3793	32.1932	117862	74.5567	94377	92.2237	0.9693
EST1350510101S1K	EST1358301201S1K	na	NZ_CP049075.1	1754511	1014819	57.8406	1014100	99.9291	1000620	98.6707	719	0.0709	1001312	98.6690	21212	2.0902	7705	36.3238	7023	33.1086	7200	33.9431	7030	33.1416	117862	74.5567	102933	83.6398	0.9626
EST1350510101S1K	EST1358302101S1K	na	NZ_CP049075.1	1754511	620467	35.3641	620203	99.9575	612138	98.6996	264	0.0425	612397	98.6994	12266	1.9769	4196	34.2084	3940	32.1213	4223	34.4285	4104	33.4583	117862	100.0000	133967	90.7821	0.9740
EST1350510101S1K	EST1358602101S1K	na	NZ_CP049075.1	1754511	350426	19.9729	350268	99.9549	346594	98.9511	158	0.0451	346748	98.9504	6589	1.8803	2911	44.1797	2758	41.8576	2010	30.5054	1817	27.5763	117862	53.5745	80640	80.1252	0.9642
EST1350510101S1K	EST1359005101S1K	na	NZ_CP049075.1	1754511	1064445	60.6690	1062499	99.8172	1048679	98.6993	1946	0.1828	1050584	98.6978	22881	2.1496	9020	39.4214	7136	31.1874	7610	33.2590	7893	34.4959	117862	93.8182	136370	85.2812	0.9761
EST1350510101S1K	EST1359006101S1K	na	NZ_CP049075.1	1754511	413830	23.5866	413630	99.9517	408203	98.6880	200	0.0483	408397	98.6871	8277	2.0001	2844	34.3603	2656	32.0889	2985	36.0638	2651	32.0285	117862	93.8182	151742	81.0593	0.9604
EST1350510101S1K	EST1359007101S1K	na	NZ_CP049075.1	1754511	1074065	61.2173	1073072	99.9075	1058091	98.6039	993	0.0925	1059054	98.6024	22727	2.1160	7716	33.9508	6760	29.7444	8426	37.0748	7601	33.4448	117862	100.0000	147634	95.7009	0.9816
EST1350510101S1K	EST1361001101S1K	na	NZ_CP049075.1	1754511	889736	50.7113	889329	99.9543	877589	98.6799	407	0.0457	877973	98.6779	17717	1.9913	5954	33.6061	5574	31.4613	6415	36.2082	5801	32.7426	117862	100.0000	155104	89.9326	0.9762
EST1350510101S1K	EST1361002101S1K	na	NZ_CP049075.1	1754511	1133101	64.5822	1131405	99.8503	1115916	98.6310	1696	0.1497	1117570	98.6293	25704	2.2685	10173	39.5775	8624	33.5512	8355	32.5047	8649	33.6485	117862	100.0000	120862	95.6496	0.9887
EST1350510101S1K	EST1361007101S1K	na	NZ_CP049075.1	1754511	1129962	64.4032	1128072	99.8327	1112629	98.6310	1890	0.1673	1114453	98.6275	25606	2.2661	10097	39.4322	8356	32.6330	8443	32.9727	8722	34.0623	117862	93.8182	126515	95.0488	0.9706
EST1350510101S1K	EST2359005102S1K	na	NZ_CP049075.1	1754511	1111114	63.3290	1107463	99.6714	1093023	98.6961	3651	0.3286	1096582	98.6921	25495	2.2945	10963	43.0006	7458	29.2528	8205	32.1828	9013	35.3520	117862	93.8182	128523	85.7061	0.9741
EST1350804101S1K	EST1350807101S1K	na	NZ_CP049075.1	1754511	1323110	75.4119	1321210	99.8564	1303160	98.6338	1900	0.1436	1305015	98.6324	28597	2.1613	10502	36.7241	8669	30.3144	10717	37.4760	8991	31.4404	75045	100.0000	134701	62.7100	0.9609
EST1350804101S1K	EST1356604101S1K	na	NZ_CP049075.1	1754511	1330639	75.8410	1327844	99.7900	1309470	98.6163	2795	0.2100	1312190	98.6135	29712	2.2329	11263	37.9072	8574	28.8570	11176	37.6144	9734	32.7612	75045	49.8154	91591	50.6567	0.9455
EST1350804101S1K	EST1356611101S1K	na	NZ_CP049075.1	1754511	842873	48.0403	841585	99.8472	830617	98.6967	1288	0.1528	831885	98.6964	17915	2.1255	6927	38.6659	5680	31.7053	6531	36.4555	5529	30.8624	75045	49.8154	57584	88.7087	0.9611
EST1350804101S1K	EST1357103101S1K	na	NZ_CP049075.1	1754511	932653	53.1574	931486	99.8749	919353	98.6975	1167	0.1251	920500	98.6969	18545	1.9884	6392	34.4675	5245	28.2826	7540	40.6579	5654	30.4880	75045	92.8363	133245	63.6639	0.9566
EST1350804101S1K	EST1357107101S1K	na	NZ_CP049075.1	1754511	1392236	79.3518	1389074	99.7729	1369517	98.5921	3162	0.2271	1372576	98.5879	33084	2.3763	13424	40.5755	10520	31.7978	11572	34.9776	10604	32.0517	75045	77.6388	78769	84.4266	0.9778
EST1350804101S1K	EST1358301101S1K	na	NZ_CP049075.1	1754511	803099	45.7734	801896	99.8502	791277	98.6758	1203	0.1498	792444	98.6733	17126	2.1325	6471	37.7847	5307	30.9880	6436	37.5803	5255	30.6843	75045	92.8363	94377	84.3426	0.9804
EST1350804101S1K	EST1358301201S1K	na	NZ_CP049075.1	1754511	1308566	74.5829	1306489	99.8413	1288544	98.6265	2077	0.1587	1290569	98.6247	28948	2.2122	10951	37.8299	8939	30.8795	10517	36.3307	9257	31.9780	75045	100.0000	102933	81.9922	0.9774
EST1350804101S1K	EST1358302101S1K	na	NZ_CP049075.1	1754511	830517	47.3361	829476	99.8747	818916	98.7269	1041	0.1253	819936	98.7260	16745	2.0162	6164	36.8110	5152	30.7674	6286	37.5396	5191	31.0003	75045	92.8363	133967	59.4161	0.9567
EST1350804101S1K	EST1358602101S1K	na	NZ_CP049075.1	1754511	463572	26.4217	462990	99.8745	457021	98.7108	582	0.1255	457595	98.7107	9372	2.0217	3395	36.2249	2821	30.1003	3575	38.1455	2880	30.7298	75045	42.1400	80640	39.3800	0.9573
EST1350804101S1K	EST1359005101S1K	na	NZ_CP049075.1	1754511	1341891	76.4823	1338080	99.7160	1320200	98.6638	3811	0.2840	1323935	98.6619	30110	2.2438	12154	40.3653	8466	28.1169	10957	36.3899	10026	33.2979	75045	100.0000	136370	66.0981	0.9635
EST1350804101S1K	EST1359006101S1K	na	NZ_CP049075.1	1754511	559498	31.8891	558671	99.8522	551185	98.6600	827	0.1478	552001	98.6600	11644	2.0812	4147	35.6149	3337	28.6585	4550	39.0759	3651	31.3552	75045	92.8363	151742	56.7015	0.9479
EST1350804101S1K	EST1359007101S1K	na	NZ_CP049075.1	1754511	1340047	76.3772	1337710	99.8256	1319139	98.6117	2337	0.1744	1321423	98.6102	29156	2.1757	10532	36.1229	8262	28.3372	11458	39.2989	9227	31.6470	75045	100.0000	147634	66.4366	0.9567
EST1350804101S1K	EST1361001101S1K	na	NZ_CP049075.1	1754511	1143381	65.1681	1141829	99.8643	1126582	98.6647	1552	0.1357	1128108	98.6642	23466	2.0523	8193	34.9143	6675	28.4454	9332	39.7682	7288	31.0577	75045	100.0000	155104	61.9455	0.9499
EST1350804101S1K	EST1361002101S1K	na	NZ_CP049075.1	1754511	1396355	79.5866	1393112	99.7678	1373566	98.5970	3243	0.2322	1376726	98.5943	32438	2.3230	12809	39.4876	9737	30.0173	11803	36.3863	10486	32.3263	75045	100.0000	120862	69.1475	0.9722
EST1350804101S1K	EST1361007101S1K	na	NZ_CP049075.1	1754511	1405163	80.0886	1401612	99.7473	1381704	98.5796	3551	0.2527	1385161	98.5765	32900	2.3414	12898	39.2036	9541	29.0000	12135	36.8845	10810	32.8571	75045	100.0000	126515	66.6743	0.9573
EST1350804101S1K	EST2359005102S1K	na	NZ_CP049075.1	1754511	1341958	76.4862	1336401	99.5859	1318591	98.6673	5557	0.4141	1324037	98.6646	31808	2.3703	13887	43.6588	8598	27.0309	11176	35.1358	10752	33.8028	75045	100.0000	128523	65.5159	0.9640
EST1350807101S1K	EST1356604101S1K	na	NZ_CP049075.1	1754511	1290882	73.5750	1289722	99.9101	1272419	98.6584	1160	0.0899	1273548	98.6572	26247	2.0333	8913	33.9582	7792	29.6872	9007	34.3163	9449	36.0003	134701	68.3336	91591	100.0000	0.9641
EST1350807101S1K	EST1356611101S1K	na	NZ_CP049075.1	1754511	816231	46.5219	815815	99.9490	805489	98.7343	416	0.0510	805900	98.7343	15714	1.9252	5383	34.2561	4980	31.6915	5418	34.4788	5339	33.9761	134701	39.4652	57584	100.0000	0.9427
EST1350807101S1K	EST1357103101S1K	na	NZ_CP049075.1	1754511	937932	53.4583	937693	99.9745	925717	98.7228	239	0.0255	925945	98.7220	17416	1.8569	5429	31.1725	5203	29.8748	6506	37.3565	5789	33.2395	134701	87.5836	133245	95.4392	0.9787
EST1350807101S1K	EST1357107101S1K	na	NZ_CP049075.1	1754511	1293102	73.7016	1292045	99.9183	1274412	98.6353	1057	0.0817	1275425	98.6330	27137	2.0986	9460	34.8602	8469	31.2083	8965	33.0361	9682	35.6782	134701	56.0783	78769	92.1492	0.9558
EST1350807101S1K	EST1358301101S1K	na	NZ_CP049075.1	1754511	782478	44.5981	782263	99.9725	772254	98.7205	215	0.0275	772463	98.7201	14870	1.9004	4855	32.6496	4651	31.2777	5168	34.7545	5117	34.4116	134701	64.5296	94377	92.2237	0.9634
EST1350807101S1K	EST1358301201S1K	na	NZ_CP049075.1	1754511	1260359	71.8353	1259808	99.9563	1243203	98.6819	551	0.0437	1243742	98.6816	24903	1.9759	8286	33.2731	7756	31.1448	8533	34.2649	8743	35.1082	134701	72.2771	102933	93.8543	0.9632
EST1350807101S1K	EST1358302101S1K	na	NZ_CP049075.1	1754511	832831	47.4680	832579	99.9697	821858	98.7123	252	0.0303	822104	98.7120	15838	1.9017	5111	32.2705	4866	30.7236	5645	35.6421	5399	34.0889	134701	87.5836	133967	90.7821	0.9744
EST1350807101S1K	EST1358602101S1K	na	NZ_CP049075.1	1754511	459770	26.2050	459630	99.9695	454049	98.7858	140	0.0305	454185	98.7853	8502	1.8492	2917	34.3096	2781	32.7100	2919	34.3331	2834	33.3333	134701	47.3679	80640	80.1252	0.9610
EST1350807101S1K	EST1359005101S1K	na	NZ_CP049075.1	1754511	1304215	74.3350	1302135	99.8405	1285442	98.7180	2080	0.1595	1287499	98.7183	26636	2.0423	9920	37.2428	7866	29.5315	8808	33.0680	9693	36.3906	134701	90.4329	136370	93.6995	0.9799
EST1350807101S1K	EST1359006101S1K	na	NZ_CP049075.1	1754511	554241	31.5895	554034	99.9627	546963	98.7237	207	0.0373	547165	98.7233	10556	1.9046	3480	32.9670	3278	31.0534	3772	35.7332	3531	33.4502	134701	86.4381	151742	85.7390	0.9596
EST1350807101S1K	EST1359007101S1K	na	NZ_CP049075.1	1754511	1301213	74.1639	1300440	99.9406	1283496	98.6971	773	0.0594	1284253	98.6966	25482	1.9583	8522	33.4432	7769	30.4882	9136	35.8528	8694	34.1182	134701	96.2472	147634	100.0000	0.9827
EST1350807101S1K	EST1361001101S1K	na	NZ_CP049075.1	1754511	1142196	65.1005	1141807	99.9659	1126718	98.6785	389	0.0341	1127098	98.6782	22090	1.9340	6992	31.6523	6614	29.9411	8170	36.9851	7406	33.5265	134701	96.2472	155104	94.0936	0.9780
EST1350807101S1K	EST1361002101S1K	na	NZ_CP049075.1	1754511	1340317	76.3926	1339156	99.9134	1321736	98.6992	1161	0.0866	1322873	98.6985	27490	2.0510	10046	36.5442	8936	32.5064	8984	32.6810	9569	34.8090	134701	91.5784	120862	100.0000	0.9873
EST1350807101S1K	EST1361007101S1K	na	NZ_CP049075.1	1754511	1348270	76.8459	1346877	99.8967	1329430	98.7046	1393	0.1033	1330790	98.7035	27649	2.0507	10169	36.7789	8849	32.0048	9169	33.1621	9609	34.7535	134701	90.4329	126515	100.0000	0.9743
EST1350807101S1K	EST2359005102S1K	na	NZ_CP049075.1	1754511	1276030	72.7285	1272455	99.7198	1256358	98.7350	3575	0.2802	1259874	98.7339	27263	2.1365	11107	40.7402	7600	27.8766	8711	31.9517	10101	37.0502	134701	90.4329	128523	94.5947	0.9832
EST1356604101S1K	EST1356611101S1K	na	NZ_CP049075.1	1754511	836604	47.6830	835729	99.8954	825155	98.7348	875	0.1046	826008	98.7335	16320	1.9507	5724	35.0735	4916	30.1225	5957	36.5012	5447	33.3762	91591	57.5340	57584	100.0000	0.9722
EST1356604101S1K	EST1357103101S1K	na	NZ_CP049075.1	1754511	937539	53.4359	936798	99.9210	925014	98.7421	741	0.0790	925742	98.7417	17620	1.8794	5823	33.0477	5097	28.9274	6888	39.0919	5672	32.1907	91591	93.1227	133245	67.1147	0.9537
EST1356604101S1K	EST1357107101S1K	na	NZ_CP049075.1	1754511	1307689	74.5330	1305971	99.8686	1288161	98.6363	1718	0.1314	1289806	98.6325	28190	2.1557	10307	36.5626	8714	30.9117	9636	34.1823	9794	34.7428	91591	58.6717	78769	52.1208	0.9423
EST1356604101S1K	EST1358301101S1K	na	NZ_CP049075.1	1754511	778763	44.3863	778095	99.9142	768721	98.7953	668	0.0858	769371	98.7940	14897	1.9129	5505	36.9537	4863	32.6442	5202	34.9198	4820	32.3555	91591	58.6717	94377	47.0973	0.9364
EST1356604101S1K	EST1358301201S1K	na	NZ_CP049075.1	1754511	1257539	71.6746	1256284	99.9002	1240539	98.7467	1255	0.0998	1241763	98.7455	25111	1.9968	9335	37.1749	8124	32.3524	8661	34.4909	8335	33.1926	91591	58.6717	102933	47.5455	0.9360
EST1356604101S1K	EST1358302101S1K	na	NZ_CP049075.1	1754511	826232	47.0919	825549	99.9173	815896	98.8307	683	0.0827	816566	98.8301	15479	1.8734	5813	37.5541	5147	33.2515	5366	34.6663	4988	32.2243	91591	93.1227	133967	58.7712	0.9475
EST1356604101S1K	EST1358602101S1K	na	NZ_CP049075.1	1754511	456732	26.0319	456372	99.9212	450532	98.7203	360	0.0788	450887	98.7203	8772	1.9206	2927	33.3675	2573	29.3320	3243	36.9699	2939	33.5043	91591	34.6552	80640	40.7453	0.9452
EST1356604101S1K	EST1359005101S1K	na	NZ_CP049075.1	1754511	1308609	74.5854	1305724	99.7795	1289062	98.7239	2885	0.2205	1291898	98.7230	27310	2.0869	10599	38.8100	7790	28.5244	9378	34.3391	9746	35.6866	91591	91.9850	136370	63.7406	0.9576
EST1356604101S1K	EST1359006101S1K	na	NZ_CP049075.1	1754511	553625	31.5544	553064	99.8987	545900	98.7047	561	0.1013	546449	98.7038	10859	1.9614	3683	33.9166	3135	28.8701	4066	37.4436	3643	33.5482	91591	91.9850	151742	58.7247	0.9389
EST1356604101S1K	EST1359007101S1K	na	NZ_CP049075.1	1754511	1337269	76.2189	1335705	99.8830	1318184	98.6883	1564	0.1170	1319714	98.6872	27066	2.0240	9511	35.1400	7991	29.5241	10056	37.1536	9069	33.5070	91591	100.0000	147634	71.1394	0.9660
EST1356604101S1K	EST1361001101S1K	na	NZ_CP049075.1	1754511	1146591	65.3510	1145580	99.9118	1130834	98.7128	1011	0.0882	1131828	98.7124	22284	1.9435	7521	33.7507	6533	29.3170	8482	38.0632	7295	32.7365	91591	100.0000	155104	69.0640	0.9616
EST1356604101S1K	EST1361002101S1K	na	NZ_CP049075.1	1754511	1344912	76.6545	1342898	99.8503	1325156	98.6788	2014	0.1497	1327117	98.6769	28432	2.1140	10637	37.4121	8708	30.6275	9810	34.5034	9813	34.5139	91591	93.1227	120862	69.0126	0.9662
EST1356604101S1K	EST1361007101S1K	na	NZ_CP049075.1	1754511	1373709	78.2958	1371436	99.8345	1353230	98.6725	2273	0.1655	1355450	98.6708	29250	2.1293	10991	37.5761	8803	30.0957	10199	34.8684	10056	34.3795	91591	91.9850	126515	68.9199	0.9580
EST1356604101S1K	EST2359005102S1K	na	NZ_CP049075.1	1754511	1285922	73.2923	1281527	99.6582	1265377	98.7398	4395	0.3418	1269680	98.7369	28132	2.1877	11890	42.2650	7650	27.1932	9342	33.2077	10247	36.4247	91591	91.9850	128523	62.9234	0.9586
EST1356611101S1K	EST1357103101S1K	na	NZ_CP049075.1	1754511	611744	34.8669	611479	99.9567	604069	98.7882	265	0.0433	604332	98.7884	11021	1.8016	3609	32.7466	3347	30.3693	4107	37.2652	3575	32.4381	57584	88.7087	133245	35.3394	0.9362
EST1356611101S1K	EST1357107101S1K	na	NZ_CP049075.1	1754511	823391	46.9299	822712	99.9175	812693	98.7822	679	0.0825	813349	98.7804	16500	2.0039	6458	39.1394	5828	35.3212	5281	32.0061	5391	32.6727	57584	88.7087	78769	44.3982	0.9533
EST1356611101S1K	EST1358301101S1K	na	NZ_CP049075.1	1754511	534373	30.4571	534110	99.9508	527326	98.7298	263	0.0492	527587	98.7301	10287	1.9251	3501	34.0332	3243	31.5252	3456	33.5958	3605	35.0442	57584	88.7087	94377	39.2161	0.9492
EST1356611101S1K	EST1358301201S1K	na	NZ_CP049075.1	1754511	825476	47.0488	824957	99.9371	814302	98.7084	519	0.0629	814814	98.7084	16386	1.9850	5724	34.9323	5217	31.8382	5409	33.0099	5810	35.4571	57584	88.7087	102933	40.5759	0.9496
EST1356611101S1K	EST1358302101S1K	na	NZ_CP049075.1	1754511	550526	31.3777	550283	99.9559	543575	98.7810	243	0.0441	543815	98.7810	10116	1.8375	3405	33.6595	3166	31.2970	3571	35.3005	3397	33.5805	57584	88.7087	133967	27.4053	0.9258
EST1356611101S1K	EST1358602101S1K	na	NZ_CP049075.1	1754511	297264	16.9428	297133	99.9559	293735	98.8564	131	0.0441	293864	98.8562	5309	1.7860	1909	35.9578	1780	33.5280	1800	33.9047	1738	32.7369	57584	0.0000	80640	0.0000	0.9294
EST1356611101S1K	EST1359005101S1K	na	NZ_CP049075.1	1754511	828727	47.2341	827302	99.8280	817314	98.7927	1425	0.1720	818725	98.7931	16256	1.9616	6254	38.4719	4854	29.8597	5347	32.8925	5822	35.8145	57584	100.0000	136370	40.5903	0.9408
EST1356611101S1K	EST1359006101S1K	na	NZ_CP049075.1	1754511	371859	21.1945	371656	99.9454	367031	98.7556	203	0.0546	367234	98.7562	6952	1.8695	2327	33.4724	2126	30.5811	2460	35.3855	2363	33.9902	57584	100.0000	151742	34.3669	0.9257
EST1356611101S1K	EST1359007101S1K	na	NZ_CP049075.1	1754511	829432	47.2743	828808	99.9248	818390	98.7430	624	0.0752	819006	98.7430	15883	1.9149	5457	34.3575	4844	30.4980	5630	35.4467	5436	34.2253	57584	100.0000	147634	41.8752	0.9444
EST1356611101S1K	EST1361001101S1K	na	NZ_CP049075.1	1754511	737635	42.0422	737234	99.9456	728204	98.7752	401	0.0544	728600	98.7751	13646	1.8500	4611	33.7901	4217	30.9028	4976	36.4649	4469	32.7495	57584	100.0000	155104	41.0770	0.9422
EST1356611101S1K	EST1361002101S1K	na	NZ_CP049075.1	1754511	838841	47.8105	837967	99.8958	827514	98.7526	874	0.1042	828367	98.7514	16641	1.9838	6167	37.0591	5325	31.9993	5438	32.6783	5829	35.0279	57584	88.7087	120862	38.1601	0.9396
EST1356611101S1K	EST1361007101S1K	na	NZ_CP049075.1	1754511	850732	48.4883	849807	99.8913	839118	98.7422	925	0.1087	840023	98.7412	16961	1.9937	6252	36.8610	5358	31.5901	5661	33.3766	5879	34.6619	57584	100.0000	126515	40.5454	0.9469
EST1356611101S1K	EST2359005102S1K	na	NZ_CP049075.1	1754511	786570	44.8313	784321	99.7141	774996	98.8111	2249	0.2859	777213	98.8104	16069	2.0429	6712	41.7699	4504	28.0291	5151	32.0555	5879	36.5860	57584	100.0000	128523	38.5184	0.9392
EST1357103101S1K	EST1357107101S1K	na	NZ_CP049075.1	1754511	911018	51.9243	910483	99.9413	898623	98.6974	535	0.0587	899145	98.6967	17694	1.9422	5821	32.8982	5301	29.9593	5526	31.2309	6853	38.7306	133245	56.2610	78769	85.4575	0.9573
EST1357103101S1K	EST1358301101S1K	na	NZ_CP049075.1	1754511	594156	33.8645	594017	99.9766	586748	98.7763	139	0.0234	586883	98.7759	10671	1.7960	3398	31.8433	3264	30.5876	3496	32.7617	3948	36.9975	133245	69.4458	94377	92.2237	0.9618
EST1357103101S1K	EST1358301201S1K	na	NZ_CP049075.1	1754511	920689	52.4755	920337	99.9618	908863	98.7533	352	0.0382	909210	98.7532	16957	1.8418	5478	32.3052	5131	30.2589	5468	32.2463	6434	37.9430	133245	69.4458	102933	83.6398	0.9588
EST1357103101S1K	EST1358302101S1K	na	NZ_CP049075.1	1754511	635518	36.2219	635364	99.9758	627529	98.7668	154	0.0242	627682	98.7670	11385	1.7915	3549	31.1726	3396	29.8287	3838	33.7110	4197	36.8643	133245	100.0000	133967	95.0637	0.9850
EST1357103101S1K	EST1358602101S1K	na	NZ_CP049075.1	1754511	344149	19.6151	344089	99.9826	339921	98.7887	60	0.0174	339981	98.7889	6027	1.7513	1859	30.8445	1799	29.8490	2020	33.5158	2225	36.9172	133245	48.3936	80640	80.1252	0.9519
EST1357103101S1K	EST1359005101S1K	na	NZ_CP049075.1	1754511	944021	53.8054	942641	99.8538	931478	98.8158	1380	0.1462	932840	98.8156	17757	1.8810	6576	37.0333	5218	29.3856	5512	31.0413	6873	38.7059	133245	89.6574	136370	85.2812	0.9717
EST1357103101S1K	EST1359006101S1K	na	NZ_CP049075.1	1754511	417312	23.7851	417161	99.9638	412144	98.7973	151	0.0362	412295	98.7978	7426	1.7795	2409	32.4401	2258	30.4067	2491	33.5443	2707	36.4530	133245	89.6574	151742	81.0593	0.9681
EST1357103101S1K	EST1359007101S1K	na	NZ_CP049075.1	1754511	954983	54.4302	954471	99.9464	942835	98.7809	512	0.0536	943338	98.7806	17408	1.8229	5763	33.1055	5261	30.2217	5809	33.3697	6414	36.8451	133245	95.4392	147634	95.7009	0.9804
EST1357103101S1K	EST1361001101S1K	na	NZ_CP049075.1	1754511	863839	49.2353	863607	99.9731	853755	98.8592	232	0.0269	853984	98.8592	15048	1.7420	5193	34.5096	4965	32.9944	4910	32.6289	5216	34.6624	133245	95.4392	155104	89.9326	0.9783
EST1357103101S1K	EST1361002101S1K	na	NZ_CP049075.1	1754511	957685	54.5842	957090	99.9379	945064	98.7435	595	0.0621	945649	98.7432	18082	1.8881	6046	33.4366	5464	30.2179	5782	31.9766	6859	37.9328	133245	95.4392	120862	95.6496	0.9865
EST1357103101S1K	EST1361007101S1K	na	NZ_CP049075.1	1754511	969155	55.2379	968473	99.9296	956406	98.7540	682	0.0704	957070	98.7530	18214	1.8794	6129	33.6499	5470	30.0318	5879	32.2774	6862	37.6743	133245	89.6574	126515	95.0488	0.9712
EST1357103101S1K	EST2359005102S1K	na	NZ_CP049075.1	1754511	897675	51.1638	895435	99.7505	885066	98.8420	2240	0.2495	887263	98.8401	17425	1.9411	7013	40.2468	4817	27.6442	5242	30.0832	6828	39.1851	133245	89.6574	128523	85.7061	0.9692
EST1357107101S1K	EST1358301101S1K	na	NZ_CP049075.1	1754511	786203	44.8104	785628	99.9269	776500	98.8381	575	0.0731	777057	98.8367	15550	1.9779	6404	41.1833	5851	37.6270	4964	31.9228	4695	30.1929	78769	93.3083	94377	81.2952	0.9876
EST1357107101S1K	EST1358301201S1K	na	NZ_CP049075.1	1754511	1290764	73.5683	1289648	99.9135	1274227	98.8042	1116	0.0865	1275304	98.8023	26640	2.0639	11180	41.9670	10120	37.9880	8298	31.1486	8218	30.8483	78769	100.0000	102933	78.9815	0.9856
EST1357107101S1K	EST1358302101S1K	na	NZ_CP049075.1	1754511	810293	46.1834	809818	99.9414	801058	98.9183	475	0.0586	801521	98.9174	15022	1.8539	6250	41.6056	5794	38.5701	4752	31.6336	4450	29.6232	78769	93.3083	133967	57.1402	0.9640
EST1357107101S1K	EST1358602101S1K	na	NZ_CP049075.1	1754511	451662	25.7429	451333	99.9272	445826	98.7798	329	0.0728	446143	98.7781	8697	1.9256	3178	36.5413	2861	32.8964	3040	34.9546	2757	31.7006	78769	55.6018	80640	69.3477	0.9543
EST1357107101S1K	EST1359005101S1K	na	NZ_CP049075.1	1754511	1312925	74.8314	1309998	99.7771	1292871	98.6926	2927	0.2229	1295730	98.6903	28589	2.1775	11394	39.8545	8570	29.9766	9753	34.1145	9803	34.2894	78769	92.2774	136370	57.7187	0.9585
EST1357107101S1K	EST1359006101S1K	na	NZ_CP049075.1	1754511	543002	30.9489	542536	99.9142	535422	98.6888	466	0.0858	535881	98.6886	10926	2.0121	3805	34.8252	3346	30.6242	3980	36.4269	3571	32.6835	78769	85.5857	151742	49.7476	0.9465
EST1357107101S1K	EST1359007101S1K	na	NZ_CP049075.1	1754511	1310759	74.7079	1309382	99.8949	1291045	98.5996	1377	0.1051	1292374	98.5974	27758	2.1177	9373	33.7668	8070	29.0727	10487	37.7801	9186	33.0932	78769	92.1492	147634	63.9819	0.9516
EST1357107101S1K	EST1361001101S1K	na	NZ_CP049075.1	1754511	1117266	63.6796	1116507	99.9321	1101811	98.6838	759	0.0679	1102547	98.6826	22173	1.9846	7454	33.6175	6733	30.3658	8313	37.4915	7116	32.0931	78769	92.1492	155104	62.1273	0.9473
EST1357107101S1K	EST1361002101S1K	na	NZ_CP049075.1	1754511	1374698	78.3522	1372317	99.8268	1353510	98.6295	2381	0.1732	1355792	98.6247	31081	2.2609	12175	39.1718	9964	32.0582	10589	34.0690	10318	33.1971	78769	92.1492	120862	61.3013	0.9676
EST1357107101S1K	EST1361007101S1K	na	NZ_CP049075.1	1754511	1384032	78.8842	1381444	99.8130	1362928	98.6597	2588	0.1870	1365430	98.6560	31133	2.2494	12531	40.2499	10136	32.5571	10552	33.8933	10170	32.6663	78769	84.4266	126515	60.5683	0.9572
EST1357107101S1K	EST2359005102S1K	na	NZ_CP049075.1	1754511	1321587	75.3251	1316812	99.6387	1299446	98.6812	4775	0.3613	1304099	98.6767	30702	2.3231	13214	43.0395	8632	28.1154	10232	33.3268	10808	35.2029	78769	92.2774	128523	55.3986	0.9588
EST1358301101S1K	EST1358301201S1K	na	NZ_CP049075.1	1754511	799420	45.5637	799110	99.9612	799023	99.9891	310	0.0388	799333	99.9891	10693	1.3376	10606	99.1864	10320	96.5117	126	1.1783	220	2.0574	94377	100.0000	102933	89.7856	0.9942
EST1358301101S1K	EST1358302101S1K	na	NZ_CP049075.1	1754511	534092	30.4411	533962	99.9757	530879	99.4226	130	0.0243	531009	99.4228	8027	1.5029	4944	61.5921	4814	59.9726	1610	20.0573	1613	20.0947	94377	100.0000	133967	69.9904	0.9775
EST1358301101S1K	EST1358602101S1K	na	NZ_CP049075.1	1754511	290149	16.5373	290072	99.9735	286733	98.8489	77	0.0265	286809	98.8489	5099	1.7574	1759	34.4970	1683	33.0065	1722	33.7713	1694	33.2222	94377	49.1115	80640	69.3477	0.9475
EST1358301101S1K	EST1359005101S1K	na	NZ_CP049075.1	1754511	794548	45.2860	793321	99.8456	783695	98.7866	1227	0.1544	784897	98.7853	15578	1.9606	5927	38.0472	4728	30.3505	4998	32.0837	5687	36.5066	94377	92.1188	136370	68.4315	0.9659
EST1358301101S1K	EST1359006101S1K	na	NZ_CP049075.1	1754511	353777	20.1639	353643	99.9621	349343	98.7841	134	0.0379	349476	98.7843	6489	1.8342	2188	33.7186	2055	31.6690	2223	34.2580	2216	34.1501	94377	92.1188	151742	63.3457	0.9507
EST1358301101S1K	EST1359007101S1K	na	NZ_CP049075.1	1754511	794343	45.2743	793904	99.9447	783818	98.7296	439	0.0553	784251	98.7295	15157	1.9081	5065	33.4169	4641	30.6195	5318	35.0861	5254	34.6639	94377	92.2237	147634	71.3643	0.9586
EST1358301101S1K	EST1361001101S1K	na	NZ_CP049075.1	1754511	707368	40.3171	707157	99.9702	698252	98.7407	211	0.0298	698458	98.7404	13110	1.8533	4200	32.0366	3995	30.4729	4757	36.2853	4406	33.6079	94377	92.2237	155104	66.7468	0.9498
EST1358301101S1K	EST1361002101S1K	na	NZ_CP049075.1	1754511	802641	45.7473	801987	99.9185	792048	98.7607	654	0.0815	792693	98.7606	15684	1.9540	5736	36.5723	5098	32.5045	5039	32.1283	5529	35.2525	94377	92.2237	120862	70.7212	0.9718
EST1358301101S1K	EST1361007101S1K	na	NZ_CP049075.1	1754511	810021	46.1679	809285	99.9091	799876	98.8374	736	0.0909	800589	98.8356	15539	1.9183	6107	39.3011	5399	34.7448	4884	31.4306	5204	33.4899	94377	77.3101	126515	57.6841	0.9513
EST1358301101S1K	EST2359005102S1K	na	NZ_CP049075.1	1754511	758486	43.2306	756480	99.7355	747440	98.8050	2006	0.2645	749414	98.8039	15467	2.0392	6395	41.3461	4422	28.5899	4805	31.0661	5765	37.2729	94377	92.1188	128523	66.7063	0.9663
EST1358301201S1K	EST1358302101S1K	na	NZ_CP049075.1	1754511	827834	47.1832	827517	99.9617	822508	99.3947	317	0.0383	822823	99.3947	12976	1.5675	7965	61.3826	7650	58.9550	2740	21.1159	2606	20.0832	102933	89.7856	133967	69.9904	0.9705
EST1358301201S1K	EST1358602101S1K	na	NZ_CP049075.1	1754511	450324	25.6666	450146	99.9605	444755	98.8024	178	0.0395	444932	98.8026	8298	1.8427	2906	35.0205	2732	32.9236	2822	34.0082	2763	33.2972	102933	43.8674	80640	69.3477	0.9473
EST1358301201S1K	EST1359005101S1K	na	NZ_CP049075.1	1754511	1279190	72.9086	1277010	99.8296	1260823	98.7324	2180	0.1704	1262971	98.7321	26166	2.0455	9947	38.0150	7810	29.8479	8644	33.0352	9443	36.0888	102933	88.1379	136370	72.3986	0.9629
EST1358301201S1K	EST1359006101S1K	na	NZ_CP049075.1	1754511	546767	31.1635	546484	99.9482	539668	98.7528	283	0.0518	539950	98.7532	10366	1.8959	3549	34.2369	3268	31.5261	3674	35.4428	3453	33.3108	102933	82.8160	151742	63.3457	0.9471
EST1358301201S1K	EST1359007101S1K	na	NZ_CP049075.1	1754511	1275219	72.6823	1274291	99.9272	1257685	98.6968	928	0.0728	1258601	98.6969	25196	1.9758	8578	34.0451	7673	30.4532	9048	35.9105	8580	34.0530	102933	88.9618	147634	71.3643	0.9582
EST1358301201S1K	EST1361001101S1K	na	NZ_CP049075.1	1754511	1113938	63.4899	1113429	99.9543	1099127	98.7155	509	0.0457	1099628	98.7154	21257	1.9083	6947	32.6810	6451	30.3477	7847	36.9149	7025	33.0479	102933	88.9618	155104	66.7468	0.9534
EST1358301201S1K	EST1361002101S1K	na	NZ_CP049075.1	1754511	1306951	74.4909	1305674	99.9023	1288869	98.7129	1277	0.0977	1290129	98.7129	26647	2.0389	9825	36.8709	8572	32.1687	8831	33.1407	9223	34.6118	102933	88.9618	120862	75.0716	0.9679
EST1358301201S1K	EST1361007101S1K	na	NZ_CP049075.1	1754511	1314372	74.9139	1312947	99.8916	1297056	98.7897	1425	0.1084	1298447	98.7884	26364	2.0058	10439	39.5957	9071	34.4068	8503	32.2523	8726	33.0982	102933	76.5304	126515	66.6743	0.9521
EST1358301201S1K	EST2359005102S1K	na	NZ_CP049075.1	1754511	1241777	70.7762	1238260	99.7168	1222703	98.7436	3517	0.2832	1226158	98.7422	26555	2.1385	10936	41.1825	7486	28.1905	8518	32.0768	9774	36.8066	102933	88.1379	128523	70.9212	0.9630
EST1358302101S1K	EST1358602101S1K	na	NZ_CP049075.1	1754511	308453	17.5806	308369	99.9728	304708	98.8128	84	0.0272	304792	98.8131	5572	1.8064	1911	34.2965	1827	32.7889	1867	33.5068	1890	33.9196	133967	52.6316	80640	100.0000	0.9552
EST1358302101S1K	EST1359005101S1K	na	NZ_CP049075.1	1754511	846558	48.2504	845267	99.8475	834806	98.7624	1291	0.1525	836077	98.7619	16538	1.9536	6057	36.6247	4787	28.9455	5457	32.9967	6151	37.1931	133967	90.0804	136370	91.5817	0.9773
EST1358302101S1K	EST1359006101S1K	na	NZ_CP049075.1	1754511	381081	21.7201	380911	99.9554	376134	98.7459	170	0.0446	376304	98.7465	7043	1.8482	2266	32.1738	2096	29.7600	2549	36.1920	2428	34.4739	133967	90.0804	151742	87.7035	0.9664
EST1358302101S1K	EST1359007101S1K	na	NZ_CP049075.1	1754511	843577	48.0805	843084	99.9416	832480	98.7422	493	0.0584	832964	98.7419	15914	1.8865	5301	33.3103	4817	30.2689	5677	35.6730	5484	34.4602	133967	90.7821	147634	95.7009	0.9753
EST1358302101S1K	EST1361001101S1K	na	NZ_CP049075.1	1754511	763055	43.4910	762782	99.9642	753232	98.7480	273	0.0358	753503	98.7482	14061	1.8427	4509	32.0674	4238	30.1401	5084	36.1567	4785	34.0303	133967	90.7821	155104	89.9326	0.9666
EST1358302101S1K	EST1361002101S1K	na	NZ_CP049075.1	1754511	852884	48.6109	852259	99.9267	841687	98.7595	625	0.0733	842307	98.7599	16407	1.9237	5830	35.5336	5215	31.7852	5416	33.0103	5779	35.2228	133967	90.7821	120862	95.6496	0.9834
EST1358302101S1K	EST1361007101S1K	na	NZ_CP049075.1	1754511	855769	48.7754	855026	99.9132	845207	98.8516	743	0.0868	845935	98.8509	16092	1.8804	6258	38.8889	5535	34.3960	5089	31.6244	5358	33.2960	133967	80.4512	126515	86.0586	0.9681
EST1358302101S1K	EST2359005102S1K	na	NZ_CP049075.1	1754511	800088	45.6018	798009	99.7402	788292	98.7823	2079	0.2598	790343	98.7820	16196	2.0243	6451	39.8308	4401	27.1734	5199	32.1005	6146	37.9476	133967	90.0804	128523	91.1113	0.9775
EST1358602101S1K	EST1359005101S1K	na	NZ_CP049075.1	1754511	464302	26.4633	463609	99.8507	457936	98.7763	693	0.1493	458622	98.7767	8983	1.9347	3303	36.7695	2619	29.1551	2930	32.6172	3319	36.9476	80640	89.9070	136370	47.4533	0.9521
EST1358602101S1K	EST1359006101S1K	na	NZ_CP049075.1	1754511	205416	11.7079	205339	99.9625	202830	98.7781	77	0.0375	202907	98.7786	3709	1.8056	1200	32.3537	1123	30.2777	1313	35.4004	1279	34.4837	80640	89.9070	151742	51.9283	0.9375
EST1358602101S1K	EST1359007101S1K	na	NZ_CP049075.1	1754511	467522	26.6469	467259	99.9437	461496	98.7666	263	0.0563	461756	98.7667	8701	1.8611	2935	33.7318	2675	30.7436	3050	35.0534	3005	34.5363	80640	80.1252	147634	45.9014	0.9437
EST1358602101S1K	EST1361001101S1K	na	NZ_CP049075.1	1754511	417433	23.7920	417305	99.9693	412010	98.7311	128	0.0307	412136	98.7311	7710	1.8470	2413	31.2970	2287	29.6628	2682	34.7860	2754	35.7198	80640	100.0000	155104	46.8157	0.9409
EST1358602101S1K	EST1361002101S1K	na	NZ_CP049075.1	1754511	474080	27.0206	473691	99.9179	467815	98.7595	389	0.0821	468196	98.7589	9106	1.9208	3222	35.3833	2841	31.1992	2997	32.9124	3259	35.7896	80640	80.1252	120862	52.1405	0.9614
EST1358602101S1K	EST1361007101S1K	na	NZ_CP049075.1	1754511	476627	27.1658	476163	99.9026	470367	98.7828	464	0.0974	470822	98.7821	9236	1.9378	3431	37.1481	2977	32.2326	2925	31.6696	3313	35.8705	80640	70.0322	126515	44.2438	0.9522
EST1358602101S1K	EST2359005102S1K	na	NZ_CP049075.1	1754511	444455	25.3321	443274	99.7343	437960	98.8012	1181	0.2657	439119	98.7994	8969	2.0180	3633	40.5062	2476	27.6062	2811	31.3413	3400	37.9084	80640	89.9070	128523	48.8737	0.9533
EST1359005101S1K	EST1359006101S1K	na	NZ_CP049075.1	1754511	574443	32.7409	573371	99.8134	572758	99.8931	1072	0.1866	573830	99.8933	8115	1.4127	7502	92.4461	6434	79.2853	881	10.8564	365	4.4978	136370	96.0329	151742	92.3831	0.9835
EST1359005101S1K	EST1359007101S1K	na	NZ_CP049075.1	1754511	1325694	75.5592	1323190	99.8111	1306273	98.7215	2504	0.1889	1308740	98.7211	27048	2.0403	10094	37.3188	7636	28.2313	10207	37.7366	8864	32.7714	136370	93.6995	147634	95.0723	0.9809
EST1359005101S1K	EST1361001101S1K	na	NZ_CP049075.1	1754511	1144268	65.2186	1142406	99.8373	1128204	98.7568	1862	0.1627	1130049	98.7574	22446	1.9616	8227	36.6524	6392	28.4772	8624	38.4211	7126	31.7473	136370	93.6995	155104	89.2923	0.9746
EST1359005101S1K	EST1361002101S1K	na	NZ_CP049075.1	1754511	1362425	77.6527	1359435	99.7805	1342052	98.7213	2990	0.2195	1344989	98.7202	29044	2.1318	11608	39.9669	8705	29.9718	10141	34.9160	9789	33.7040	136370	89.2484	120862	94.0759	0.9818
EST1359005101S1K	EST1361007101S1K	na	NZ_CP049075.1	1754511	1371165	78.1508	1368007	99.7697	1351145	98.7674	3158	0.2303	1354252	98.7665	29090	2.1216	12177	41.8597	9095	31.2650	9970	34.2729	9551	32.8326	136370	93.6995	126515	100.0000	0.9795
EST1359005101S1K	EST2359005102S1K	na	NZ_CP049075.1	1754511	1314010	74.8932	1309404	99.6495	1309201	99.9845	4606	0.3505	1313807	99.9846	20396	1.5522	20193	99.0047	16382	80.3197	910	4.4617	1296	6.3542	136370	100.0000	128523	100.0000	0.9946
EST1359006101S1K	EST1359007101S1K	na	NZ_CP049075.1	1754511	565117	32.2094	564703	99.9267	557597	98.7416	414	0.0733	558004	98.7413	10747	1.9017	3634	33.8141	3227	30.0270	3761	34.9958	3783	35.2005	151742	85.7390	147634	95.0723	0.9670
EST1359006101S1K	EST1361001101S1K	na	NZ_CP049075.1	1754511	499427	28.4653	499195	99.9535	492932	98.7454	232	0.0465	493162	98.7456	9215	1.8451	2950	32.0130	2720	29.5171	3320	36.0282	3160	34.2919	151742	85.7390	155104	89.2923	0.9608
EST1359006101S1K	EST1361002101S1K	na	NZ_CP049075.1	1754511	573551	32.6901	573013	99.9062	565827	98.7459	538	0.0938	566357	98.7457	11274	1.9656	4080	36.1895	3552	31.5061	3668	32.5350	4022	35.6750	151742	81.0593	120862	89.7255	0.9625
EST1359006101S1K	EST1361007101S1K	na	NZ_CP049075.1	1754511	577881	32.9369	577345	99.9072	570446	98.8050	536	0.0928	570976	98.8051	11050	1.9122	4145	37.5113	3615	32.7149	3574	32.3439	3798	34.3710	151742	85.7390	126515	100.0000	0.9654
EST1359006101S1K	EST2359005102S1K	na	NZ_CP049075.1	1754511	540090	30.7829	538637	99.7310	538237	99.9257	1453	0.2690	539690	99.9259	7824	1.4486	7424	94.8875	5985	76.4954	226	2.8885	816	10.4294	151742	92.3831	128523	95.7852	0.9706
EST1359007101S1K	EST1361001101S1K	na	NZ_CP049075.1	1754511	1161949	66.2264	1161207	99.9361	1147066	98.7822	742	0.0639	1147799	98.7822	21706	1.8681	7556	34.8107	6824	31.4383	7569	34.8705	7380	33.9998	147634	100.0000	155104	94.0936	0.9903
EST1359007101S1K	EST1361002101S1K	na	NZ_CP049075.1	1754511	1361947	77.6254	1360312	99.8800	1341937	98.6492	1635	0.1200	1343535	98.6481	28291	2.0772	9879	34.9192	8292	29.3097	9453	33.4135	10505	37.1320	147634	95.7009	120862	100.0000	0.9835
EST1359007101S1K	EST1361007101S1K	na	NZ_CP049075.1	1754511	1385828	78.9866	1384036	99.8707	1365325	98.6481	1792	0.1293	1367069	98.6464	28939	2.0882	10180	35.1774	8463	29.2443	9669	33.4117	10774	37.2300	147634	95.0723	126515	100.0000	0.9866
EST1359007101S1K	EST2359005102S1K	na	NZ_CP049075.1	1754511	1292078	73.6432	1288139	99.6951	1271809	98.7323	3939	0.3049	1275683	98.7311	27596	2.1358	11201	40.5892	7346	26.6198	8745	31.6894	10596	38.3969	147634	95.0723	128523	94.5947	0.9785
EST1361001101S1K	EST1361002101S1K	na	NZ_CP049075.1	1754511	1163940	66.3399	1163067	99.9250	1148327	98.7327	873	0.0750	1149188	98.7326	22643	1.9454	7891	34.8496	7034	31.0648	7302	32.2484	8300	36.6559	155104	89.9326	120862	100.0000	0.9768
EST1361001101S1K	EST1361007101S1K	na	NZ_CP049075.1	1754511	1185025	67.5416	1184020	99.9152	1168930	98.7255	1005	0.0848	1169913	98.7248	23151	1.9536	8039	34.7242	7059	30.4911	7536	32.5515	8518	36.7932	155104	89.2923	126515	100.0000	0.9798
EST1361001101S1K	EST2359005102S1K	na	NZ_CP049075.1	1754511	1103492	62.8946	1100503	99.7291	1087179	98.7893	2989	0.2709	1090123	98.7885	22343	2.0248	8974	40.1647	6048	27.0689	6848	30.6494	8696	38.9205	155104	89.2923	128523	94.5947	0.9721
EST1361002101S1K	EST1361007101S1K	na	NZ_CP049075.1	1754511	1420278	80.9501	1417729	99.8205	1398775	98.6631	2549	0.1795	1401249	98.6602	31401	2.2109	12372	39.4000	9970	31.7506	10677	34.0021	10598	33.7505	120862	94.0759	126515	95.0488	0.9755
EST1361002101S1K	EST2359005102S1K	na	NZ_CP049075.1	1754511	1349656	76.9249	1344840	99.6432	1327540	98.7136	4816	0.3568	1332271	98.7119	30755	2.2787	13370	43.4726	8718	28.3466	10071	32.7459	10902	35.4479	120862	94.0759	128523	89.9209	0.9819
EST1361007101S1K	EST2359005102S1K	na	NZ_CP049075.1	1754511	1352155	77.0673	1347134	99.6287	1330645	98.7760	5021	0.3713	1335568	98.7733	30397	2.2480	13810	45.4321	8967	29.4996	9685	31.8617	10640	35.0035	126515	100.0000	128523	94.5947	0.9773
stools_11009101	stools_11009150	na	NZ_CP049075.1	1754511	852766	48.6042	851794	99.8860	851540	99.9702	972	0.1140	852512	99.9702	11750	1.3779	11496	97.8383	10532	89.6340	702	5.9745	212	1.8043	120781	91.4929	122830	94.1618	0.9924
stools_11009101	stools_11010101	na	NZ_CP049075.1	1754511	1208059	68.8545	1206458	99.8675	1191232	98.7380	1601	0.1325	1192809	98.7376	23974	1.9845	8724	36.3894	7148	29.8156	9152	38.1747	7561	31.5383	120781	86.3422	129784	83.9002	0.9662
stools_11009101	stools_11011101	na	NZ_CP049075.1	1754511	1237640	70.5405	1231939	99.5394	1216698	98.7628	5701	0.4606	1222304	98.7609	29235	2.3622	13899	47.5423	8383	28.6745	9132	31.2365	10582	36.1963	120781	86.3422	101970	94.6798	0.9805
stools_11009101	stools_11021101	na	NZ_CP049075.1	1754511	417976	23.8229	417422	99.8675	412493	98.8192	554	0.1325	413038	98.8186	7996	1.9130	3058	38.2441	2516	31.4657	3026	37.8439	2406	30.0900	120781	72.0113	109772	91.7320	0.9680
stools_11009101	stools_11022101	na	NZ_CP049075.1	1754511	1347780	76.8180	1345880	99.8590	1344472	99.8954	1900	0.1410	1346368	99.8952	20499	1.5209	19087	93.1119	17268	84.2383	1813	8.8443	896	4.3709	120781	100.0000	134328	91.4724	0.9914
stools_11009101	stools_11035101	na	NZ_CP049075.1	1754511	1301514	74.1810	1297852	99.7186	1282339	98.8047	3662	0.2814	1285949	98.8041	27459	2.1098	11894	43.3155	8308	30.2560	9237	33.6392	9678	35.2453	120781	41.4279	57562	89.0709	0.9539
stools_11009101	stools_11036101	na	NZ_CP049075.1	1754511	1266923	72.2095	1259118	99.3839	1251150	99.3672	7805	0.6161	1258937	99.3697	24881	1.9639	16895	67.9032	9219	37.0524	5274	21.1969	7415	29.8019	120781	54.1857	73171	90.7190	0.9626
stools_11009101	stools_11042501	na	NZ_CP049075.1	1754511	1383147	78.8338	1380482	99.8073	1362265	98.6804	2665	0.1927	1364872	98.6787	28126	2.0335	9851	35.0245	7294	25.9333	12705	45.1717	8106	28.8203	120781	79.6185	114886	86.1376	0.9696
stools_11009101	stools_11055101	na	NZ_CP049075.1	1754511	1430261	81.5191	1427330	99.7951	1408808	98.7023	2931	0.2049	1411663	98.6997	31378	2.1939	12780	40.7292	9976	31.7930	10957	34.9194	10230	32.6025	120781	35.2117	39233	100.0000	0.9525
stools_11009101	stools_11107101	na	NZ_CP049075.1	1754511	1334434	76.0573	1332118	99.8264	1314288	98.6615	2316	0.1736	1316539	98.6590	29108	2.1813	11213	38.5221	9008	30.9468	10268	35.2755	9665	33.2039	120781	76.3605	102436	92.7721	0.9766
stools_11009101	stools_12089102	na	NZ_CP049075.1	1754511	850308	48.4641	849073	99.8548	839215	98.8390	1235	0.1452	840431	98.8384	16404	1.9292	6527	39.7891	5316	32.4067	5649	34.4367	5331	32.4982	120781	77.3276	126369	83.4429	0.9699
stools_11009101	stools_12091101	na	NZ_CP049075.1	1754511	1294461	73.7790	1292068	99.8151	1274388	98.6317	2393	0.1849	1276723	98.6297	27828	2.1498	10090	36.2584	7774	27.9359	10550	37.9115	9314	33.4699	120781	90.6914	149751	79.4819	0.9649
stools_11009101	stools_12091150	na	NZ_CP049075.1	1754511	1260360	71.8354	1257846	99.8005	1241251	98.6807	2514	0.1995	1243716	98.6794	26419	2.0961	9775	36.9999	7316	27.6922	9915	37.5298	9100	34.4449	120781	90.6914	151557	79.4915	0.9639
stools_11009101	stools_12095102	na	NZ_CP049075.1	1754511	1038680	59.2005	1037553	99.8915	1024681	98.7594	1127	0.1085	1025795	98.7595	19683	1.8950	6798	34.5374	5689	28.9031	8168	41.4977	5768	29.3045	120781	90.6914	153756	79.1546	0.9653
stools_11009101	stools_12096102	na	NZ_CP049075.1	1754511	1375402	78.3923	1372907	99.8186	1354184	98.6363	2495	0.1814	1356610	98.6337	29764	2.1640	10972	36.8633	8586	28.8469	11380	38.2341	9702	32.5964	120781	46.2846	60000	100.0000	0.9545
stools_11009101	stools_12101102	na	NZ_CP049075.1	1754511	1263727	72.0273	1262148	99.8751	1245877	98.7108	1579	0.1249	1247413	98.7091	25253	1.9983	8939	35.3978	7407	29.3312	9875	39.1043	7908	31.3151	120781	90.6914	135917	100.0000	0.9767
stools_11009101	stools_12117101	na	NZ_CP049075.1	1754511	1222632	69.6851	1220366	99.8147	1202950	98.5729	2266	0.1853	1205144	98.5696	27549	2.2533	10061	36.5204	7910	28.7125	10610	38.5132	8956	32.5093	120781	46.2846	58115	100.0000	0.9535
stools_11009101	stools_12118101	na	NZ_CP049075.1	1754511	1375924	78.4221	1373736	99.8410	1354889	98.6280	2188	0.1590	1357012	98.6255	29565	2.1487	10653	36.0325	8587	29.0445	11387	38.5151	9475	32.0480	120781	71.2099	99333	100.0000	0.9707
stools_11009101	stools_12118150	na	NZ_CP049075.1	1754511	856909	48.8403	855920	99.8846	845824	98.8205	989	0.1154	846795	98.8197	16401	1.9140	6287	38.3330	5320	32.4370	6039	36.8209	4960	30.2421	120781	100.0000	133373	94.3572	0.9830
stools_11009150	stools_11010101	na	NZ_CP049075.1	1754511	744636	42.4412	744339	99.9601	735183	98.7699	297	0.0399	735480	98.7704	13810	1.8546	4654	33.7002	4359	31.5641	4964	35.9450	4514	32.6865	122830	94.4623	129784	89.3646	0.9748
stools_11009150	stools_11011101	na	NZ_CP049075.1	1754511	679741	38.7425	677466	99.6653	669548	98.8312	2275	0.3347	671786	98.8297	14535	2.1383	6580	45.2700	4343	29.8796	4128	28.4004	5548	38.1699	122830	94.4623	101970	100.0000	0.9841
stools_11009150	stools_11021101	na	NZ_CP049075.1	1754511	263720	15.0310	263617	99.9609	260552	98.8373	103	0.0391	260654	98.8374	4712	1.7867	1646	34.9321	1544	32.7674	1629	34.5713	1540	32.6825	122830	74.2937	109772	91.7320	0.9638
stools_11009150	stools_11022101	na	NZ_CP049075.1	1754511	785910	44.7937	785659	99.9681	784861	99.8984	251	0.0319	785111	99.8983	10711	1.3629	9912	92.5404	9663	90.2157	520	4.8548	464	4.3320	122830	100.0000	134328	92.2838	0.9953
stools_11009150	stools_11035101	na	NZ_CP049075.1	1754511	790822	45.0736	789286	99.8058	779972	98.8199	1536	0.1942	781491	98.8201	15797	1.9975	6466	40.9318	4947	31.3161	4845	30.6704	6014	38.0705	122830	32.7876	57562	70.5969	0.9477
stools_11009150	stools_11036101	na	NZ_CP049075.1	1754511	774854	44.1635	770448	99.4314	765803	99.3971	4406	0.5686	770207	99.4003	14411	1.8598	9764	67.7538	5370	37.2632	2546	17.6671	4669	32.3989	122830	51.6242	73171	85.7731	0.9645
stools_11009150	stools_11042501	na	NZ_CP049075.1	1754511	803268	45.7830	802603	99.9172	792458	98.7360	665	0.0828	793112	98.7357	14819	1.8448	4663	31.4664	4010	27.0599	6338	42.7694	4507	30.4137	122830	87.5926	114886	94.8079	0.9789
stools_11009150	stools_11055101	na	NZ_CP049075.1	1754511	823443	46.9329	822901	99.9342	812748	98.7662	542	0.0658	813272	98.7648	16093	1.9544	5922	36.7986	5398	33.5425	5281	32.8155	5428	33.7290	122830	34.8278	39233	100.0000	0.9513
stools_11009150	stools_11107101	na	NZ_CP049075.1	1754511	768350	43.7928	767931	99.9455	758106	98.7206	419	0.0545	758514	98.7199	15200	1.9783	5364	35.2895	4957	32.6118	5030	33.0921	5238	34.4605	122830	74.2937	102436	87.6362	0.9728
stools_11009150	stools_12089102	na	NZ_CP049075.1	1754511	550537	31.3784	550173	99.9339	543672	98.8184	364	0.0661	544030	98.8181	10368	1.8833	3861	37.2396	3503	33.7867	3284	31.6744	3610	34.8187	122830	85.5524	126369	89.2877	0.9754
stools_11009150	stools_12091101	na	NZ_CP049075.1	1754511	753773	42.9620	753185	99.9220	743133	98.6654	588	0.0780	743705	98.6643	14941	1.9822	4873	32.6150	4302	28.7933	5402	36.1555	5233	35.0244	122830	94.4623	149751	87.1053	0.9713
stools_11009150	stools_12091150	na	NZ_CP049075.1	1754511	772383	44.0227	771557	99.8931	761549	98.7029	826	0.1069	762360	98.7023	15217	1.9701	5194	34.1329	4383	28.8033	5419	35.6115	5499	36.1372	122830	94.4623	151557	87.2114	0.9683
stools_11009150	stools_12095102	na	NZ_CP049075.1	1754511	663730	37.8299	663595	99.9797	655349	98.7574	135	0.0203	655483	98.7575	11975	1.8042	3728	31.1315	3594	30.0125	4698	39.2317	3738	31.2150	122830	94.4623	153756	86.8708	0.9677
stools_11009150	stools_12096102	na	NZ_CP049075.1	1754511	791444	45.1091	790998	99.9436	780763	98.7061	446	0.0564	781202	98.7059	15436	1.9504	5194	33.6486	4756	30.8111	5509	35.6893	5221	33.8235	122830	41.6975	60000	100.0000	0.9477
stools_11009150	stools_12101102	na	NZ_CP049075.1	1754511	775231	44.1850	775050	99.9767	765339	98.7470	181	0.0233	765514	98.7466	14396	1.8570	4679	32.5021	4504	31.2865	5283	36.6977	4680	32.5090	122830	94.4623	135917	100.0000	0.9820
stools_11009150	stools_12117101	na	NZ_CP049075.1	1754511	669407	38.1535	669131	99.9588	660120	98.6533	276	0.0412	660388	98.6527	13474	2.0128	4455	33.0637	4189	31.0895	4810	35.6984	4549	33.7613	122830	41.6975	58115	100.0000	0.9467
stools_11009150	stools_12118101	na	NZ_CP049075.1	1754511	791399	45.1065	791162	99.9701	780878	98.7001	237	0.0299	781104	98.6991	15250	1.9270	4955	32.4918	4731	31.0230	5519	36.1902	5058	33.1672	122830	68.7560	99333	100.0000	0.9663
stools_11009150	stools_12118150	na	NZ_CP049075.1	1754511	558302	31.8209	558200	99.9817	551544	98.8076	102	0.0183	551646	98.8078	10195	1.8261	3539	34.7131	3437	33.7126	3482	34.1540	3300	32.3688	122830	94.1618	133373	85.3599	0.9820
stools_11010101	stools_11011101	na	NZ_LR134497.1	1801392	705348	39.1557	704777	99.9190	704631	99.9793	571	0.0810	705202	99.9793	1581	0.2241	1435	90.7653	864	54.6490	339	21.4421	373	23.5927	5824	100.0000	5517	100.0000	0.9968
stools_11010101	stools_11011101	na	NZ_CP049075.1	1754511	1022446	58.2753	1018844	99.6477	1006276	98.7664	3602	0.3523	1009834	98.7665	22215	2.1727	9603	43.2275	6066	27.3059	6316	28.4312	9102	40.9723	129784	89.3646	101970	100.0000	0.9781
stools_11010101	stools_11021101	na	NZ_CP049075.1	1754511	363225	20.7023	363066	99.9562	358922	98.8586	159	0.0438	359080	98.8588	6340	1.7455	2195	34.6215	2037	32.1293	2101	33.1388	2214	34.9211	129784	61.7326	109772	82.3871	0.9531
stools_11010101	stools_11022101	na	NZ_CP049075.1	1754511	1120467	63.8621	1119931	99.9522	1105540	98.7150	536	0.0478	1106067	98.7148	21655	1.9327	7255	33.5027	6732	31.0875	7074	32.6668	7883	36.4027	129784	89.3646	134328	87.4122	0.9730
stools_11010101	stools_11035101	na	NZ_CP049075.1	1754511	1116829	63.6547	1114575	99.7982	1101334	98.8120	2254	0.2018	1103559	98.8118	22048	1.9742	8778	39.8131	6559	29.7487	6686	30.3247	8804	39.9311	129784	38.0370	57562	81.5260	0.9477
stools_11010101	stools_11036101	na	NZ_CP049075.1	1754511	1084770	61.8275	1078866	99.4557	1068313	99.0218	5904	0.5443	1074175	99.0233	22101	2.0374	11506	52.0610	5662	25.6188	5880	26.6051	9160	41.4461	129784	52.0403	73171	85.7731	0.9542
stools_11010101	stools_11042501	na	NZ_CP049075.1	1754511	1171752	66.7851	1170602	99.9019	1156603	98.8041	1150	0.0981	1157728	98.8032	21161	1.8059	7137	33.7271	6018	28.4391	8551	40.4092	6621	31.2887	129784	80.6294	114886	94.8079	0.9749
stools_11010101	stools_11055101	na	NZ_CP049075.1	1754511	1189284	67.7844	1188370	99.9231	1173043	98.7103	914	0.0769	1173934	98.7093	23428	1.9699	8078	34.4801	7191	30.6940	7594	32.4142	8656	36.9472	129784	29.1284	39233	100.0000	0.9448
stools_11010101	stools_11107101	na	NZ_CP049075.1	1754511	1120343	63.8550	1119610	99.9346	1105262	98.7185	733	0.0654	1105974	98.7174	22045	1.9677	7676	34.8197	6971	31.6217	6964	31.5899	8182	37.1150	129784	67.4744	102436	88.8662	0.9584
stools_11010101	stools_12089102	na	NZ_CP049075.1	1754511	752584	42.8942	752030	99.9264	742974	98.7958	554	0.0736	743523	98.7960	13872	1.8432	4811	34.6814	4262	30.7238	4521	32.5908	5117	36.8873	129784	89.5380	126369	94.7202	0.9814
stools_11010101	stools_12091101	na	NZ_CP049075.1	1754511	1108483	63.1790	1107521	99.9132	1093292	98.7152	962	0.0868	1094241	98.7152	21688	1.9565	7446	34.3323	6499	29.9659	7238	33.3733	7917	36.5041	129784	100.0000	149751	96.1763	0.9835
stools_11010101	stools_12091150	na	NZ_CP049075.1	1754511	1102898	62.8607	1101595	99.8819	1087821	98.7496	1303	0.1181	1089108	98.7497	21366	1.9373	7576	35.4582	6295	29.4627	7089	33.1789	8056	37.7048	129784	100.0000	151557	96.1790	0.9842
stools_11010101	stools_12095102	na	NZ_CP049075.1	1754511	926771	52.8222	926460	99.9664	915404	98.8066	311	0.0336	915710	98.8065	16306	1.7594	5245	32.1661	4940	30.2956	6165	37.8082	5267	32.3010	129784	100.0000	153756	95.7342	0.9840
stools_11010101	stools_12096102	na	NZ_CP049075.1	1754511	1146937	65.3708	1146105	99.9275	1131984	98.7679	832	0.0725	1132793	98.7668	21843	1.9045	7699	35.2470	6902	31.5982	7305	33.4432	7696	35.2333	129784	37.8637	60000	100.0000	0.9443
stools_11010101	stools_12101102	na	NZ_CP049075.1	1754511	1090272	62.1411	1089867	99.9629	1076856	98.8062	405	0.0371	1077253	98.8059	19765	1.8129	6746	34.1310	6351	32.1326	6808	34.4447	6668	33.7364	129784	89.3646	135917	100.0000	0.9787
stools_11010101	stools_12117101	na	NZ_CP049075.1	1754511	1002282	57.1260	1001629	99.9348	988795	98.7187	653	0.0652	989427	98.7174	19655	1.9610	6800	34.5968	6176	31.4220	6519	33.1671	6995	35.5889	129784	37.8637	58115	100.0000	0.9405
stools_11010101	stools_12118101	na	NZ_CP049075.1	1754511	1149379	65.5099	1148780	99.9479	1134538	98.7603	599	0.0521	1135120	98.7594	21690	1.8871	7431	34.2600	6862	31.6367	7361	33.9373	7536	34.7441	129784	61.7326	99333	100.0000	0.9579
stools_11010101	stools_12118150	na	NZ_CP049075.1	1754511	759409	43.2832	759160	99.9672	750121	98.8093	249	0.0328	750370	98.8097	13584	1.7888	4545	33.4585	4297	31.6328	4563	33.5910	4778	35.1737	129784	89.6420	133373	85.9379	0.9695
stools_11011101	stools_11021101	na	NZ_CP049075.1	1754511	340382	19.4004	339328	99.6903	335776	98.9532	1054	0.3097	336825	98.9550	6750	1.9831	3193	47.3037	2150	31.8519	2579	38.2074	1708	25.3037	101970	70.8051	109772	82.3871	0.9460
stools_11011101	stools_11022101	na	NZ_CP049075.1	1754511	1167879	66.5644	1163626	99.6358	1149326	98.7711	4253	0.3642	1153510	98.7696	26363	2.2573	11994	45.4956	7837	29.7273	9946	37.7271	7595	28.8093	101970	100.0000	134328	87.4122	0.9803
stools_11011101	stools_11035101	na	NZ_CP049075.1	1754511	1110224	63.2783	1104860	99.5169	1092829	98.9111	5364	0.4831	1098114	98.9092	24565	2.2126	12455	50.7022	7255	29.5339	8702	35.4244	7586	30.8813	101970	39.1193	57562	70.5969	0.9535
stools_11011101	stools_11036101	na	NZ_CP049075.1	1754511	1068543	60.9026	1060280	99.2267	1050752	99.1014	8263	0.7733	1058951	99.1023	24271	2.2714	14679	60.4796	6864	28.2807	7515	30.9629	7801	32.1412	101970	60.1599	73171	85.7731	0.9690
stools_11011101	stools_11042501	na	NZ_CP049075.1	1754511	1215984	69.3061	1210771	99.5713	1194939	98.6924	5213	0.4287	1200041	98.6889	27421	2.2550	11478	41.8584	6418	23.4054	13021	47.4855	7262	26.4834	101970	91.8456	114886	94.8079	0.9805
stools_11011101	stools_11055101	na	NZ_CP049075.1	1754511	1242710	70.8294	1237339	99.5678	1221504	98.7202	5371	0.4322	1226777	98.7179	29616	2.3832	13683	46.2014	8524	28.7817	10969	37.0374	9005	30.4059	101970	37.3218	39233	100.0000	0.9609
stools_11011101	stools_11107101	na	NZ_CP049075.1	1754511	1185750	67.5829	1181059	99.6044	1165951	98.7208	4691	0.3956	1170556	98.7186	27803	2.3448	12609	45.3512	8089	29.0940	10374	37.3125	8497	30.5615	101970	70.8051	102436	81.6383	0.9642
stools_11011101	stools_12089102	na	NZ_CP049075.1	1754511	691521	39.4139	689034	99.6404	681001	98.8342	2487	0.3596	683440	98.8314	14656	2.1194	6575	44.8622	4137	28.2273	5660	38.6190	4370	29.8171	101970	93.6432	126369	89.2877	0.9743
stools_11011101	stools_12091101	na	NZ_CP049075.1	1754511	1166474	66.4843	1161749	99.5949	1146168	98.6588	4725	0.4051	1150802	98.6565	27315	2.3417	11643	42.6249	7125	26.0846	11037	40.4064	8300	30.3862	101970	100.0000	149751	87.1053	0.9706
stools_11011101	stools_12091150	na	NZ_CP049075.1	1754511	1085758	61.8838	1081378	99.5966	1067325	98.7005	4380	0.4034	1071647	98.7004	24673	2.2724	10562	42.8079	6273	25.4246	9911	40.1694	7766	31.4757	101970	100.0000	151557	87.2114	0.9694
stools_11011101	stools_12095102	na	NZ_CP049075.1	1754511	863189	49.1983	860259	99.6606	849932	98.7995	2930	0.3394	852822	98.7990	17997	2.0849	7630	42.3960	4742	26.3488	7943	44.1351	4785	26.5878	101970	100.0000	153756	86.8708	0.9675
stools_11011101	stools_12096102	na	NZ_CP049075.1	1754511	1202996	68.5659	1198092	99.5924	1182345	98.6857	4904	0.4076	1187166	98.6841	28199	2.3441	12369	43.8633	7634	27.0719	11282	40.0085	8455	29.9833	101970	45.4761	60000	100.0000	0.9580
stools_11011101	stools_12101102	na	NZ_CP049075.1	1754511	1066132	60.7652	1062538	99.6629	1049473	98.7704	3594	0.3371	1053013	98.7695	22996	2.1570	9877	42.9509	6342	27.5787	9516	41.3811	6453	28.0614	101970	100.0000	135917	100.0000	0.9794
stools_11011101	stools_12117101	na	NZ_CP049075.1	1754511	1140267	64.9906	1135618	99.5923	1120124	98.6356	4649	0.4077	1124689	98.6338	27430	2.4056	11852	43.2082	7378	26.8976	10991	40.0693	8273	30.1604	101970	45.4761	58115	100.0000	0.9541
stools_11011101	stools_12118101	na	NZ_CP049075.1	1754511	1208789	68.8961	1204156	99.6167	1188012	98.6593	4633	0.3833	1192549	98.6565	28333	2.3439	12093	42.6817	7641	26.9686	11481	40.5217	8439	29.7851	101970	70.8051	99333	100.0000	0.9661
stools_11011101	stools_12118150	na	NZ_CP049075.1	1754511	688821	39.2600	686701	99.6922	678812	98.8512	2120	0.3078	680904	98.8506	14314	2.0780	6397	44.6905	4308	30.0964	5497	38.4030	3987	27.8538	101970	94.6798	133373	80.2951	0.9768
stools_11019101	stools_11109101	na	NZ_AAFJ01000001.1	291266	55535	19.0668	55528	99.9874	55458	99.8739	7	0.0126	55465	99.8740	521	0.9381	451	86.5643	444	85.2207	31	5.9501	46	8.8292	0	0.0000	0	0.0000	1.0000
stools_11019101	stools_11109101	na	NZ_AAFJ01000002.1	190041	33882	17.8288	33879	99.9911	33820	99.8259	3	0.0089	33823	99.8259	398	1.1747	339	85.1759	336	84.4221	26	6.5327	36	9.0452	0	0.0000	0	0.0000	1.0000
stools_11019101	stools_11109101	na	NZ_AAFJ01000003.1	179952	33852	18.8117	33845	99.9793	33766	99.7666	7	0.0207	33773	99.7666	379	1.1196	300	79.1557	293	77.3087	41	10.8179	45	11.8734	0	0.0000	0	0.0000	1.0000
stools_11019101	stools_11109101	na	NZ_AAFJ01000004.1	154728	21806	14.0931	21804	99.9908	21748	99.7432	2	0.0092	21750	99.7432	236	1.0823	180	76.2712	178	75.4237	23	9.7458	36	15.2542	0	0.0000	0	0.0000	1.0000
stools_11019101	stools_11109101	na	NZ_AAFJ01000005.1	153933	32738	21.2677	32735	99.9908	32700	99.8931	3	0.0092	32703	99.8931	296	0.9041	261	88.1757	258	87.1622	13	4.3919	25	8.4459	0	0.0000	0	0.0000	1.0000
stools_11019101	stools_11109101	na	NZ_AAFJ01000006.1	136031	29319	21.5532	29314	99.9829	29218	99.6725	5	0.0171	29223	99.6726	310	1.0573	214	69.0323	209	67.4194	60	19.3548	41	13.2258	0	0.0000	0	0.0000	1.0000
stools_11019101	stools_11109101	na	NZ_AAFJ01000007.1	123154	25225	20.4825	25225	100.0000	25193	99.8731	0	0.0000	25193	99.8731	211	0.8365	179	84.8341	179	84.8341	12	5.6872	21	9.9526	0	0.0000	0	0.0000	1.0000
stools_11019101	stools_11109101	na	NZ_AAFJ01000008.1	115076	22528	19.5766	22525	99.9867	22476	99.7825	3	0.0133	22479	99.7825	312	1.3849	263	84.2949	260	83.3333	20	6.4103	33	10.5769	0	0.0000	0	0.0000	1.0000
stools_11019101	stools_11109101	na	NZ_AAFJ01000009.1	102965	26340	25.5815	26337	99.9886	26327	99.9620	3	0.0114	26330	99.9620	194	0.7365	184	94.8454	181	93.2990	7	3.6082	6	3.0928	0	0.0000	0	0.0000	1.0000
stools_11019101	stools_11109101	na	NZ_AAFJ01000010.1	95930	6650	6.9321	6650	100.0000	6607	99.3534	0	0.0000	6607	99.3534	110	1.6541	67	60.9091	67	60.9091	20	18.1818	23	20.9091	25778	100.0000	38758	100.0000	0.8150
stools_11019101	stools_11109101	na	NZ_AAFJ01000011.1	68753	12502	18.1839	12502	100.0000	12499	99.9760	0	0.0000	12499	99.9760	100	0.7999	97	97.0000	97	97.0000	2	2.0000	1	1.0000	0	0.0000	0	0.0000	1.0000
stools_11019101	stools_11109101	na	NZ_AAFJ01000012.1	39918	7612	19.0691	7611	99.9869	7568	99.4350	1	0.0131	7569	99.4351	185	2.4304	142	76.7568	141	76.2162	23	12.4324	23	12.4324	0	0.0000	0	0.0000	1.0000
stools_11019101	stools_11109101	na	NZ_AAFJ01000013.1	38817	6863	17.6804	6863	100.0000	6819	99.3589	0	0.0000	6819	99.3589	91	1.3260	47	51.6484	47	51.6484	22	24.1758	22	24.1758	0	0.0000	0	0.0000	1.0000
stools_11019101	stools_11109101	na	NZ_AAFJ01000014.1	26020	2481	9.5350	2480	99.9597	2445	98.5887	1	0.0403	2446	98.5893	147	5.9250	112	76.1905	111	75.5102	24	16.3265	13	8.8435	0	0.0000	0	0.0000	1.0000
stools_11019101	stools_11109101	na	NZ_AAFJ01000015.1	17938	3283	18.3019	3282	99.9695	3282	100.0000	1	0.0305	3283	100.0000	25	0.7615	25	100.0000	24	96.0000	0	0.0000	1	4.0000	0	0.0000	0	0.0000	1.0000
stools_11019101	stools_11109101	na	NZ_AAFJ01000016.1	14674	2435	16.5940	2435	100.0000	2435	100.0000	0	0.0000	2435	100.0000	17	0.6982	17	100.0000	17	100.0000	0	0.0000	0	0.0000	0	0.0000	0	0.0000	1.0000
stools_11019101	stools_11109101	na	NZ_AAFJ01000017.1	14328	1829	12.7652	1829	100.0000	1815	99.2346	0	0.0000	1815	99.2346	41	2.2417	27	65.8537	27	65.8537	6	14.6341	8	19.5122	0	0.0000	0	0.0000	1.0000
stools_11019101	stools_11109101	na	NZ_AAFJ01000018.1	4123	1264	30.6573	1264	100.0000	1228	97.1519	0	0.0000	1228	97.1519	107	8.4652	71	66.3551	71	66.3551	19	17.7570	19	17.7570	0	0.0000	0	0.0000	1.0000
stools_11019101	stools_11109101	na	NZ_AAFJ01000019.1	3196	0	0.0000	0	0.0000	0	0.0000	0	0.0000	0	0.0000	0	0.0000	0	0.0000	0	0.0000	0	0.0000	0	0.0000	0	0.0000	0	0.0000	1.0000
stools_11019101	stools_11109101	na	NZ_AAFJ01000020.1	2991	147	4.9147	147	100.0000	147	100.0000	0	0.0000	147	100.0000	3	2.0408	3	100.0000	3	100.0000	0	0.0000	0	0.0000	0	0.0000	0	0.0000	1.0000
stools_11021101	stools_11022101	na	NZ_CP049075.1	1754511	383263	21.8444	383136	99.9669	378550	98.8030	127	0.0331	378670	98.8016	7018	1.8311	2425	34.5540	2305	32.8441	2226	31.7184	2495	35.5514	109772	91.7320	134328	65.6393	0.9568
stools_11021101	stools_11035101	na	NZ_CP049075.1	1754511	398774	22.7285	397996	99.8049	393726	98.9271	778	0.1951	394488	98.9252	7716	1.9349	3430	44.4531	2668	34.5775	2111	27.3587	2934	38.0249	109772	38.6875	57562	70.5969	0.9547
stools_11021101	stools_11036101	na	NZ_CP049075.1	1754511	372074	21.2067	369985	99.4386	366983	99.1886	2089	0.5614	369060	99.1899	7182	1.9303	4168	58.0340	2096	29.1841	1660	23.1133	2892	40.2673	109772	29.2606	73171	43.2056	0.9405
stools_11021101	stools_11042501	na	NZ_CP049075.1	1754511	395709	22.5538	395337	99.9060	390594	98.8003	372	0.0940	390958	98.7994	7038	1.7786	2287	32.4950	1923	27.3231	2769	39.3436	2340	33.2481	109772	82.3051	114886	70.0773	0.9529
stools_11021101	stools_11055101	na	NZ_CP049075.1	1754511	419714	23.9220	419453	99.9378	414425	98.8013	261	0.0622	414679	98.8004	8004	1.9070	2969	37.0940	2715	33.9205	2493	31.1469	2797	34.9450	109772	39.7615	39233	100.0000	0.9546
stools_11021101	stools_11107101	na	NZ_CP049075.1	1754511	390473	22.2554	390253	99.9437	385092	98.6775	220	0.0563	385302	98.6757	7743	1.9830	2572	33.2171	2362	30.5050	2453	31.6802	2946	38.0473	109772	91.7320	102436	87.6362	0.9821
stools_11021101	stools_12089102	na	NZ_CP049075.1	1754511	260811	14.8652	260622	99.9275	257568	98.8282	189	0.0725	257755	98.8283	4682	1.7952	1626	34.7287	1439	30.7347	1492	31.8667	1752	37.4199	109772	71.8863	126369	60.2774	0.9585
stools_11021101	stools_12091101	na	NZ_CP049075.1	1754511	371946	21.1994	371646	99.9193	367038	98.7601	300	0.0807	367330	98.7590	6877	1.8489	2261	32.8777	1969	28.6317	2366	34.4045	2540	36.9347	109772	82.3871	149751	63.2316	0.9516
stools_11021101	stools_12091150	na	NZ_CP049075.1	1754511	372599	21.2366	372181	99.8878	367688	98.7928	418	0.1122	368102	98.7931	6860	1.8411	2363	34.4461	1949	28.4111	2299	33.5131	2633	38.3819	109772	82.3871	151557	63.4052	0.9512
stools_11021101	stools_12095102	na	NZ_CP049075.1	1754511	322732	18.3944	322631	99.9687	318884	98.8386	101	0.0313	318985	98.8390	5531	1.7138	1784	32.2546	1683	30.4285	2023	36.5757	1835	33.1766	109772	82.3871	153756	63.3302	0.9510
stools_11021101	stools_12096102	na	NZ_CP049075.1	1754511	405363	23.1040	405079	99.9299	399737	98.6812	284	0.0701	400013	98.6802	8050	1.9859	2700	33.5404	2424	30.1118	2650	32.9193	2996	37.2174	109772	49.1883	60000	100.0000	0.9495
stools_11021101	stools_12101102	na	NZ_CP049075.1	1754511	376011	21.4311	375888	99.9673	371337	98.7893	123	0.0327	371459	98.7894	6733	1.7906	2181	32.3927	2059	30.5807	2323	34.5017	2363	35.0958	109772	82.3871	135917	73.3131	0.9571
stools_11021101	stools_12117101	na	NZ_CP049075.1	1754511	346459	19.7468	346241	99.9371	341545	98.6437	218	0.0629	341752	98.6414	7079	2.0432	2372	33.5076	2165	30.5834	2247	31.7418	2687	37.9573	109772	49.1883	58115	100.0000	0.9524
stools_11021101	stools_12118101	na	NZ_CP049075.1	1754511	405425	23.1076	405234	99.9529	399877	98.6780	191	0.0471	400061	98.6769	7976	1.9673	2612	32.7482	2429	30.4539	2636	33.0491	2933	36.7728	109772	82.3871	99333	100.0000	0.9789
stools_11021101	stools_12118150	na	NZ_CP049075.1	1754511	269810	15.3781	269733	99.9715	266632	98.8503	77	0.0285	266709	98.8507	4663	1.7283	1562	33.4977	1485	31.8465	1623	34.8059	1564	33.5406	109772	91.7320	133373	67.1298	0.9613
stools_11022101	stools_11035101	na	NZ_CP049075.1	1754511	1213486	69.1638	1211162	99.8085	1196327	98.7751	2324	0.1915	1198623	98.7752	25050	2.0643	10187	40.6667	7902	31.5449	8009	31.9721	9114	36.3832	134328	37.5610	57562	89.0709	0.9466
stools_11022101	stools_11036101	na	NZ_CP049075.1	1754511	1180030	67.2569	1173695	99.4631	1166374	99.3762	6335	0.5369	1172701	99.3789	22335	1.8927	15006	67.1860	8689	38.9031	4053	18.1464	6848	30.6604	134328	57.9388	73171	100.0000	0.9605
stools_11022101	stools_11042501	na	NZ_CP049075.1	1754511	1285964	73.2947	1284668	99.8992	1267520	98.6652	1296	0.1008	1268787	98.6643	25185	1.9585	8008	31.7967	6757	26.8295	10940	43.4386	7562	30.0258	134328	81.1454	114886	94.8079	0.9747
stools_11022101	stools_11055101	na	NZ_CP049075.1	1754511	1315274	74.9653	1313985	99.9020	1296935	98.7024	1289	0.0980	1298177	98.7001	27416	2.0844	10319	37.6386	9094	33.1704	9064	33.0610	9238	33.6957	134328	31.6836	39233	100.0000	0.9446
stools_11022101	stools_11107101	na	NZ_CP049075.1	1754511	1244185	70.9135	1243280	99.9273	1226593	98.6578	905	0.0727	1227463	98.6560	26045	2.0933	9323	35.7957	8487	32.5859	8560	32.8662	9059	34.7821	134328	69.6258	102436	92.7721	0.9688
stools_11022101	stools_12089102	na	NZ_CP049075.1	1754511	787178	44.8659	786666	99.9350	776899	98.7584	512	0.0650	777398	98.7576	15135	1.9227	5355	35.3816	4856	32.0846	5062	33.4457	5270	34.8200	134328	79.3066	126369	89.2877	0.9771
stools_11022101	stools_12091101	na	NZ_CP049075.1	1754511	1213307	69.1536	1212228	99.9111	1195682	98.6351	1079	0.0889	1196731	98.6338	25085	2.0675	8509	33.9207	7497	29.8864	8922	35.5671	8670	34.5625	134328	91.3987	149751	87.1053	0.9718
stools_11022101	stools_12091150	na	NZ_CP049075.1	1754511	1173946	66.9102	1172673	99.8916	1157074	98.6698	1273	0.1084	1158321	98.6690	23878	2.0340	8253	34.5632	7017	29.3869	8459	35.4259	8480	35.5139	134328	91.3987	151557	87.2114	0.9708
stools_11022101	stools_12095102	na	NZ_CP049075.1	1754511	965936	55.0544	965656	99.9710	953290	98.7194	280	0.0290	953563	98.7191	18025	1.8661	5652	31.3564	5381	29.8530	7146	39.6449	5573	30.9182	134328	91.3987	153756	86.8708	0.9727
stools_11022101	stools_12096102	na	NZ_CP049075.1	1754511	1273010	72.5564	1271926	99.9148	1254498	98.6298	1084	0.0852	1255548	98.6283	26475	2.0797	9013	34.0434	7997	30.2059	9532	36.0038	9019	34.0661	134328	41.9369	60000	100.0000	0.9470
stools_11022101	stools_12101102	na	NZ_CP049075.1	1754511	1175449	66.9958	1175063	99.9672	1159575	98.6819	386	0.0328	1159948	98.6813	22902	1.9484	7401	32.3160	7032	30.7047	8522	37.2107	7473	32.6303	134328	91.3987	135917	100.0000	0.9873
stools_11022101	stools_12117101	na	NZ_CP049075.1	1754511	1152960	65.7140	1152112	99.9265	1135665	98.5724	848	0.0735	1136478	98.5705	24709	2.1431	8227	33.2956	7439	30.1064	8969	36.2985	8387	33.9431	134328	41.9369	58115	100.0000	0.9461
stools_11022101	stools_12118101	na	NZ_CP049075.1	1754511	1275594	72.7037	1274829	99.9400	1257240	98.6203	765	0.0600	1257976	98.6188	26310	2.0626	8692	33.0369	7974	30.3079	9628	36.5945	8771	33.3371	134328	64.7542	99333	100.0000	0.9635
stools_11022101	stools_12118150	na	NZ_CP049075.1	1754511	789641	45.0063	789429	99.9732	779884	98.7909	212	0.0268	780086	98.7900	14844	1.8798	5289	35.6306	5088	34.2765	5147	34.6739	4665	31.4268	134328	91.4724	133373	94.3572	0.9771
stools_11035101	stools_11036101	na	NZ_CP049075.1	1754511	1179714	67.2389	1171594	99.3117	1164236	99.3720	8120	0.6883	1172317	99.3730	23705	2.0094	16308	68.7956	8302	35.0221	5857	24.7079	7529	31.7612	57562	73.6684	73171	57.4326	0.9727
stools_11035101	stools_11042501	na	NZ_CP049075.1	1754511	1248314	71.1488	1245230	99.7529	1230087	98.7839	3084	0.2471	1233130	98.7836	24502	1.9628	9318	38.0295	6312	25.7612	11154	45.5228	7004	28.5854	57562	55.1944	114886	27.5003	0.9366
stools_11035101	stools_11055101	na	NZ_CP049075.1	1754511	1325325	75.5381	1322243	99.7675	1305107	98.7040	3082	0.2325	1308127	98.7024	28931	2.1829	11733	40.5551	8734	30.1891	10673	36.8912	9441	32.6328	57562	55.1944	39233	80.3431	0.9804
stools_11035101	stools_11107101	na	NZ_CP049075.1	1754511	1233038	70.2782	1230304	99.7783	1214323	98.7011	2734	0.2217	1217008	98.7000	26690	2.1646	10660	39.9401	7995	29.9550	9809	36.7516	8815	33.0274	57562	80.3429	102436	46.5588	0.9593
stools_11035101	stools_12089102	na	NZ_CP049075.1	1754511	798408	45.5060	796593	99.7727	787084	98.8063	1815	0.2273	788879	98.8065	16023	2.0069	6494	40.5292	4703	29.3516	6103	38.0890	5209	32.5095	57562	81.5260	126369	39.6284	0.9529
stools_11035101	stools_12091101	na	NZ_CP049075.1	1754511	1187562	67.6862	1184779	99.7657	1169630	98.7214	2783	0.2343	1172365	98.7203	24719	2.0815	9522	38.5210	6813	27.5618	9626	38.9417	8174	33.0677	57562	91.2720	149751	39.7734	0.9398
stools_11035101	stools_12091150	na	NZ_CP049075.1	1754511	1172680	66.8380	1169574	99.7351	1154878	98.7435	3106	0.2649	1157941	98.7431	24373	2.0784	9634	39.5273	6581	27.0012	9505	38.9981	8281	33.9761	57562	91.2720	151557	39.3667	0.9387
stools_11035101	stools_12095102	na	NZ_CP049075.1	1754511	976691	55.6674	974800	99.8064	963228	98.8129	1891	0.1936	965106	98.8139	18704	1.9150	7119	38.0614	5243	28.0314	8075	43.1726	5358	28.6463	57562	91.2720	153756	39.3064	0.9404
stools_11035101	stools_12096102	na	NZ_CP049075.1	1754511	1288048	73.4135	1285109	99.7718	1267932	98.6634	2939	0.2282	1270815	98.6621	28199	2.1893	10966	38.8879	8099	28.7209	10753	38.1326	9340	33.1217	57562	80.3429	60000	88.4767	0.9849
stools_11035101	stools_12101102	na	NZ_CP049075.1	1754511	1166593	66.4911	1164395	99.8116	1150252	98.7854	2198	0.1884	1152418	98.7849	22988	1.9705	8813	38.3374	6648	28.9194	9279	40.3645	7040	30.6247	57562	80.3429	135917	39.3792	0.9408
stools_11035101	stools_12117101	na	NZ_CP049075.1	1754511	1143680	65.1851	1141243	99.7869	1125359	98.6082	2437	0.2131	1127728	98.6052	25743	2.2509	9791	38.0336	7435	28.8816	9667	37.5520	8612	33.4538	57562	80.3429	58115	81.8102	0.9796
stools_11035101	stools_12118101	na	NZ_CP049075.1	1754511	1272500	72.5273	1269913	99.7967	1252887	98.6593	2587	0.2033	1255418	98.6576	27482	2.1597	10400	37.8430	7881	28.6770	10662	38.7963	8926	32.4794	57562	80.3429	99333	53.5673	0.9620
stools_11035101	stools_12118150	na	NZ_CP049075.1	1754511	801626	45.6894	800013	99.7988	790757	98.8430	1613	0.2012	792355	98.8435	15616	1.9480	6345	40.6314	4751	30.4239	6181	39.5812	4678	29.9565	57562	89.0709	133373	41.5077	0.9447
stools_11036101	stools_11042501	na	NZ_CP049075.1	1754511	1214957	69.2476	1207779	99.4092	1195275	98.9647	7178	0.5908	1202388	98.9655	25349	2.0864	12780	50.4162	5697	22.4743	12069	47.6113	6426	25.3501	73171	85.7731	114886	57.4230	0.9613
stools_11036101	stools_11055101	na	NZ_CP049075.1	1754511	1255474	71.5569	1248349	99.4325	1235513	98.9718	7125	0.5675	1242561	98.9715	27310	2.1753	14397	52.7170	7372	26.9938	10472	38.3449	7744	28.3559	73171	43.2056	39233	80.3431	0.9714
stools_11036101	stools_11107101	na	NZ_CP049075.1	1754511	1164321	66.3616	1157923	99.4505	1145889	98.9607	6398	0.5495	1152223	98.9609	25132	2.1585	13034	51.8622	6717	26.7269	9565	38.0590	7295	29.0267	73171	50.5419	102436	36.0303	0.9407
stools_11036101	stools_12089102	na	NZ_CP049075.1	1754511	778300	44.3599	773747	99.4150	766391	99.0493	4553	0.5850	770910	99.0505	16058	2.0632	8668	53.9793	4150	25.8438	6345	39.5130	4508	28.0732	73171	85.7731	126369	54.3907	0.9624
stools_11036101	stools_12091101	na	NZ_CP049075.1	1754511	1141911	65.0843	1135490	99.4377	1123380	98.9335	6421	0.5623	1129745	98.9346	24604	2.1546	12438	50.5528	6117	24.8618	9966	40.5056	7139	29.0156	73171	93.1093	149751	59.4520	0.9486
stools_11036101	stools_12091150	na	NZ_CP049075.1	1754511	1133487	64.6042	1126548	99.3878	1114950	98.9705	6939	0.6122	1121825	98.9711	24394	2.1521	12732	52.1932	5865	24.0428	9896	40.5674	7302	29.9336	73171	93.1093	151557	59.0247	0.9475
stools_11036101	stools_12095102	na	NZ_CP049075.1	1754511	951056	54.2063	945759	99.4430	936435	99.0141	5297	0.5570	941683	99.0145	19100	2.0083	9727	50.9267	4483	23.4712	8703	45.5654	4752	24.8796	73171	93.1093	153756	58.7288	0.9492
stools_11036101	stools_12096102	na	NZ_CP049075.1	1754511	1211798	69.0676	1205026	99.4412	1191936	98.9137	6772	0.5588	1198643	98.9144	26406	2.1791	13251	50.1818	6559	24.8391	10831	41.0172	7592	28.7510	73171	50.5419	60000	88.4767	0.9652
stools_11036101	stools_12101102	na	NZ_CP049075.1	1754511	1133296	64.5933	1127158	99.4584	1115754	98.9883	6138	0.5416	1121834	98.9886	23393	2.0642	11931	51.0024	5860	25.0502	9967	42.6068	6211	26.5507	73171	93.1093	135917	66.0661	0.9568
stools_11036101	stools_12117101	na	NZ_CP049075.1	1754511	1065497	60.7290	1059945	99.4789	1047752	98.8497	5552	0.5211	1053236	98.8493	23717	2.2259	11456	48.3029	5985	25.2351	9619	40.5574	6911	29.1394	73171	50.5419	58115	81.8102	0.9601
stools_11036101	stools_12118101	na	NZ_CP049075.1	1754511	1198298	68.2981	1191861	99.4628	1179090	98.9285	6437	0.5372	1185458	98.9285	25641	2.1398	12801	49.9239	6445	25.1355	10687	41.6793	7086	27.6354	73171	50.5419	99333	53.5673	0.9425
stools_11036101	stools_12118150	na	NZ_CP049075.1	1754511	784385	44.7068	780024	99.4440	772732	99.0652	4361	0.5560	777059	99.0660	15890	2.0258	8564	53.8955	4238	26.6709	6500	40.9062	4097	25.7835	73171	90.7190	133373	51.0658	0.9504
stools_11042501	stools_11055101	na	NZ_CP049075.1	1754511	1375345	78.3891	1373239	99.8469	1354654	98.6466	2106	0.1531	1356696	98.6440	28133	2.0455	9484	33.7113	7478	26.5809	8346	29.6662	12302	43.7280	114886	34.2322	39233	100.0000	0.9559
stools_11042501	stools_11107101	na	NZ_CP049075.1	1754511	1287043	73.3562	1285393	99.8718	1268414	98.6791	1650	0.1282	1270020	98.6774	25717	1.9981	8694	33.8064	7126	27.7093	7438	28.9225	11192	43.5199	114886	64.8852	102436	71.1098	0.9532
stools_11042501	stools_12089102	na	NZ_CP049075.1	1754511	807484	46.0233	806551	99.8845	796398	98.7412	933	0.1155	797312	98.7403	14857	1.8399	4685	31.5340	3771	25.3820	4554	30.6522	6578	44.2754	114886	88.0760	126369	80.4723	0.9725
stools_11042501	stools_12091101	na	NZ_CP049075.1	1754511	1276386	72.7488	1274517	99.8536	1257401	98.6571	1869	0.1464	1259209	98.6542	25425	1.9920	8248	32.4405	6465	25.4277	7943	31.2409	11056	43.4848	114886	94.8079	149751	72.6586	0.9663
stools_11042501	stools_12091150	na	NZ_CP049075.1	1754511	1230265	70.1201	1228236	99.8351	1212475	98.7168	2029	0.1649	1214454	98.7148	23751	1.9306	7940	33.4302	5973	25.1484	7305	30.7566	10579	44.5413	114886	94.8079	151557	72.8723	0.9668
stools_11042501	stools_12095102	na	NZ_CP049075.1	1754511	1011367	57.6438	1010593	99.9235	999271	98.8797	774	0.0765	1000033	98.8793	17148	1.6955	5814	33.9048	5052	29.4612	5673	33.0826	6485	37.8178	114886	94.8079	153756	72.3484	0.9688
stools_11042501	stools_12096102	na	NZ_CP049075.1	1754511	1327491	75.6616	1325618	99.8589	1309057	98.7507	1873	0.1411	1310867	98.7477	25739	1.9389	9115	35.4132	7333	28.4898	7789	30.2615	10689	41.5284	114886	34.2322	60000	63.8067	0.9399
stools_11042501	stools_12101102	na	NZ_CP049075.1	1754511	1212930	69.1321	1211908	99.9157	1197507	98.8117	1022	0.0843	1198498	98.8102	21804	1.7976	7372	33.8103	6391	29.3111	6853	31.4300	8622	39.5432	114886	94.8079	135917	83.9152	0.9799
stools_11042501	stools_12117101	na	NZ_CP049075.1	1754511	1199918	68.3905	1198232	99.8595	1182574	98.6932	1686	0.1405	1184193	98.6895	24155	2.0131	8430	34.8996	6833	28.2881	7312	30.2712	10051	41.6104	114886	34.2322	58115	62.7755	0.9386
stools_11042501	stools_12118101	na	NZ_CP049075.1	1754511	1333952	76.0298	1332375	99.8818	1315495	98.7331	1577	0.1182	1317012	98.7301	25781	1.9327	8841	34.2927	7339	28.4667	7896	30.6272	10599	41.1117	114886	64.8852	99333	78.1694	0.9611
stools_11042501	stools_12118150	na	NZ_CP049075.1	1754511	814920	46.4471	814283	99.9218	804370	98.7826	637	0.0782	804991	98.7816	14576	1.7886	4647	31.8812	4027	27.6276	4549	31.2088	6064	41.6026	114886	86.1376	133373	71.6232	0.9639
stools_11055101	stools_11107101	na	NZ_CP049075.1	1754511	1356045	77.2891	1354188	99.8631	1335788	98.6413	1857	0.1369	1337581	98.6384	29999	2.2122	11535	38.4513	9814	32.7144	10133	33.7778	10065	33.5511	39233	100.0000	102436	41.5303	0.9632
stools_11055101	stools_12089102	na	NZ_CP049075.1	1754511	832347	47.4404	831547	99.9039	821452	98.7860	800	0.0961	822229	98.7844	16024	1.9252	5906	36.8572	5129	32.0082	5422	33.8367	5495	34.2923	39233	80.3431	126369	25.3804	0.9405
stools_11055101	stools_12091101	na	NZ_CP049075.1	1754511	1292363	73.6594	1290598	99.8634	1272995	98.6361	1765	0.1366	1274704	98.6336	27551	2.1318	9892	35.9043	8232	29.8791	9915	35.9878	9365	33.9915	39233	100.0000	149751	26.4065	0.9331
stools_11055101	stools_12091150	na	NZ_CP049075.1	1754511	1246299	71.0340	1244521	99.8573	1228229	98.6909	1778	0.1427	1229963	98.6892	25631	2.0566	9295	36.2647	7584	29.5892	9078	35.4180	9034	35.2464	39233	100.0000	151557	26.1868	0.9321
stools_11055101	stools_12095102	na	NZ_CP049075.1	1754511	1025506	58.4497	1025031	99.9537	1012228	98.7510	475	0.0463	1012683	98.7496	19152	1.8676	6329	33.0462	5875	30.6756	7531	39.3223	5837	30.4772	39233	100.0000	153756	25.5821	0.9330
stools_11055101	stools_12096102	na	NZ_CP049075.1	1754511	1411825	80.4683	1409728	99.8515	1389620	98.5736	2097	0.1485	1391625	98.5692	31854	2.2562	11654	36.5857	9744	30.5896	11340	35.5999	10785	33.8576	39233	100.0000	60000	63.8067	0.9838
stools_11055101	stools_12101102	na	NZ_CP049075.1	1754511	1239796	70.6633	1238926	99.9298	1223033	98.7172	870	0.0702	1223871	98.7155	24361	1.9649	8436	34.6291	7603	31.2097	9021	37.0305	7759	31.8501	39233	100.0000	135917	31.0719	0.9436
stools_11055101	stools_12117101	na	NZ_CP049075.1	1754511	1274999	72.6698	1273098	99.8509	1254052	98.5040	1901	0.1491	1255870	98.4997	30075	2.3588	10946	36.3957	9208	30.6168	10698	35.5711	10151	33.7523	39233	100.0000	58115	62.7755	0.9825
stools_11055101	stools_12118101	na	NZ_CP049075.1	1754511	1396799	79.6119	1395173	99.8836	1375307	98.5761	1626	0.1164	1376862	98.5727	30956	2.2162	11019	35.5957	9546	30.8373	11173	36.0932	10251	33.1147	39233	100.0000	99333	42.3787	0.9650
stools_11055101	stools_12118150	na	NZ_CP049075.1	1754511	843741	48.0898	843255	99.9424	834091	98.9133	486	0.0576	834561	98.9120	15526	1.8401	6346	40.8734	5878	37.8591	5003	32.2234	4649	29.9433	39233	100.0000	133373	30.0721	0.9451
stools_11107101	stools_12089102	na	NZ_CP049075.1	1754511	780012	44.4575	779311	99.9101	769474	98.7377	701	0.0899	770163	98.7373	15326	1.9648	5477	35.7367	4788	31.2410	5309	34.6405	5242	34.2033	102436	71.0024	126369	60.2774	0.9536
stools_11107101	stools_12091101	na	NZ_CP049075.1	1754511	1226416	69.9007	1225019	99.8861	1208378	98.6416	1397	0.1139	1209733	98.6397	25839	2.1069	9156	35.4348	7840	30.3417	9223	35.6941	8738	33.8171	102436	94.0021	149751	68.1077	0.9599
stools_11107101	stools_12091150	na	NZ_CP049075.1	1754511	1177976	67.1398	1176424	99.8682	1160987	98.6878	1552	0.1318	1162505	98.6866	24248	2.0584	8777	36.1968	7287	30.0520	8602	35.4751	8418	34.7163	102436	94.0021	151557	68.2245	0.9589
stools_11107101	stools_12095102	na	NZ_CP049075.1	1754511	960352	54.7362	959906	99.9536	947854	98.7445	446	0.0464	948285	98.7435	17974	1.8716	5907	32.8641	5478	30.4774	7186	39.9800	5387	29.9711	102436	94.0021	153756	68.0754	0.9575
stools_11107101	stools_12096102	na	NZ_CP049075.1	1754511	1306812	74.4830	1305283	99.8830	1287797	98.6604	1529	0.1170	1289258	98.6567	28337	2.1684	10783	38.0527	9388	33.1298	9819	34.6508	9227	32.5617	102436	57.1947	60000	100.0000	0.9684
stools_11107101	stools_12101102	na	NZ_CP049075.1	1754511	1161108	66.1784	1160448	99.9432	1146271	98.7783	660	0.0568	1146902	98.7765	22438	1.9325	8232	36.6878	7601	33.8756	8126	36.2153	6789	30.2567	102436	86.7742	135917	73.3131	0.9631
stools_11107101	stools_12117101	na	NZ_CP049075.1	1754511	1192404	67.9622	1191039	99.8855	1174417	98.6044	1365	0.1145	1175710	98.6000	26685	2.2379	9991	37.4405	8764	32.8424	9175	34.3826	8806	32.9998	102436	57.1947	58115	100.0000	0.9673
stools_11107101	stools_12118101	na	NZ_CP049075.1	1754511	1308999	74.6076	1307767	99.9059	1289945	98.6372	1232	0.0941	1291113	98.6336	28254	2.1584	10368	36.6957	9263	32.7847	9922	35.1172	9141	32.3529	102436	86.7742	99333	100.0000	0.9849
stools_11107101	stools_12118150	na	NZ_CP049075.1	1754511	781267	44.5290	780850	99.9466	771107	98.7523	417	0.0534	771514	98.7516	15041	1.9252	5288	35.1572	4894	32.5377	5394	35.8620	4762	31.6601	102436	100.0000	133373	77.6716	0.9751
stools_12089102	stools_12091101	na	NZ_CP049075.1	1754511	763292	43.5045	762471	99.8924	752456	98.6865	821	0.1076	753260	98.6857	15019	1.9677	4987	33.2046	4184	27.8580	5592	37.2328	5278	35.1422	126369	94.7202	149751	86.0255	0.9715
stools_12089102	stools_12091150	na	NZ_CP049075.1	1754511	779800	44.4454	778682	99.8566	768629	98.7090	1118	0.1434	769730	98.7086	15355	1.9691	5285	34.4188	4187	27.2680	5646	36.7698	5607	36.5158	126369	94.7202	151557	86.0521	0.9723
stools_12089102	stools_12095102	na	NZ_CP049075.1	1754511	675126	38.4794	674747	99.9439	666509	98.7791	379	0.0561	666885	98.7793	12107	1.7933	3866	31.9319	3490	28.8263	4936	40.7698	3737	30.8664	126369	94.7202	153756	86.0727	0.9728
stools_12089102	stools_12096102	na	NZ_CP049075.1	1754511	797752	45.4686	796988	99.9042	786873	98.7308	764	0.0958	787611	98.7288	15347	1.9238	5206	33.9219	4470	29.1262	5770	37.5969	5192	33.8307	126369	34.1959	60000	88.4767	0.9405
stools_12089102	stools_12101102	na	NZ_CP049075.1	1754511	778839	44.3907	778373	99.9402	768515	98.7335	466	0.0598	768973	98.7332	14508	1.8628	4642	31.9961	4184	28.8393	5606	38.6407	4796	33.0576	126369	89.2877	135917	92.2225	0.9756
stools_12089102	stools_12117101	na	NZ_CP049075.1	1754511	677538	38.6169	677008	99.9218	668113	98.6861	530	0.0782	668617	98.6833	13279	1.9599	4358	32.8187	3854	29.0233	4968	37.4125	4530	34.1140	126369	34.1959	58115	81.8102	0.9353
stools_12089102	stools_12118101	na	NZ_CP049075.1	1754511	796963	45.4237	796456	99.9364	786253	98.7189	507	0.0636	786747	98.7181	15129	1.8983	4913	32.4741	4420	29.2154	5767	38.1188	5019	33.1747	126369	60.2774	99333	89.3580	0.9546
stools_12089102	stools_12118150	na	NZ_CP049075.1	1754511	562101	32.0375	561782	99.9432	555045	98.8008	319	0.0568	555363	98.8013	10353	1.8418	3615	34.9174	3297	31.8458	3824	36.9362	3301	31.8845	126369	83.4429	133373	74.0615	0.9648
stools_12091101	stools_12091150	na	NZ_CP049075.1	1754511	1199986	68.3943	1198224	99.8532	1197877	99.9710	1762	0.1468	1199639	99.9711	16994	1.4162	16647	97.9581	14941	87.9193	604	3.5542	1161	6.8318	149751	100.0000	151557	100.0000	0.9986
stools_12091101	stools_12095102	na	NZ_CP049075.1	1754511	963694	54.9266	963013	99.9293	951847	98.8405	681	0.0707	952515	98.8400	17532	1.8192	6353	36.2366	5686	32.4321	6649	37.9249	5219	29.7684	149751	100.0000	153756	100.0000	0.9945
stools_12091101	stools_12096102	na	NZ_CP049075.1	1754511	1262845	71.9770	1261248	99.8735	1244491	98.6714	1597	0.1265	1246043	98.6695	26239	2.0778	9437	35.9655	7951	30.3022	9315	35.5006	8956	34.1324	149751	40.8531	60000	100.0000	0.9468
stools_12091101	stools_12101102	na	NZ_CP049075.1	1754511	1150175	65.5553	1149335	99.9270	1134757	98.7316	840	0.0730	1135578	98.7309	22127	1.9238	7530	34.0308	6712	30.3340	8125	36.7198	7292	32.9552	149751	87.1053	135917	100.0000	0.9846
stools_12091101	stools_12117101	na	NZ_CP049075.1	1754511	1154402	65.7962	1153105	99.8876	1137250	98.6250	1297	0.1124	1138502	98.6227	24581	2.1293	8681	35.3159	7497	30.4992	8660	35.2305	8450	34.3761	149751	40.8531	58115	100.0000	0.9429
stools_12091101	stools_12118101	na	NZ_CP049075.1	1754511	1268360	72.2914	1267050	99.8967	1250274	98.6760	1310	0.1033	1251541	98.6740	26062	2.0548	9243	35.4654	8027	30.7996	9270	35.5690	8724	33.4740	149751	63.2316	99333	100.0000	0.9638
stools_12091101	stools_12118150	na	NZ_CP049075.1	1754511	762710	43.4714	762173	99.9296	752473	98.7273	537	0.0704	752998	98.7266	14646	1.9203	4934	33.6884	4419	30.1721	5240	35.7777	5022	34.2892	149751	84.3580	133373	90.8370	0.9696
stools_12091150	stools_12095102	na	NZ_CP049075.1	1754511	978907	55.7937	977916	99.8988	966748	98.8580	991	0.1012	967721	98.8573	17843	1.8227	6657	37.3087	5684	31.8556	6963	39.0237	5290	29.6475	151557	100.0000	153756	100.0000	0.9953
stools_12091150	stools_12096102	na	NZ_CP049075.1	1754511	1212569	69.1115	1210908	99.8630	1195687	98.7430	1661	0.1370	1197316	98.7421	24299	2.0039	9046	37.2279	7445	30.6391	8793	36.1867	8167	33.6104	151557	40.5260	60000	100.0000	0.9460
stools_12091150	stools_12101102	na	NZ_CP049075.1	1754511	1141234	65.0457	1140072	99.8982	1126153	98.7791	1162	0.1018	1127290	98.7782	21699	1.9014	7755	35.7390	6618	30.4991	8183	37.7114	7040	32.4439	151557	87.2114	135917	100.0000	0.9857
stools_12091150	stools_12117101	na	NZ_CP049075.1	1754511	1070416	61.0094	1069161	99.8828	1055301	98.7037	1255	0.1172	1056523	98.7021	21905	2.0464	8012	36.5761	6814	31.1071	7890	36.0192	7303	33.3394	151557	40.5260	58115	100.0000	0.9420
stools_12091150	stools_12118101	na	NZ_CP049075.1	1754511	1212154	69.0879	1210813	99.8894	1195688	98.7508	1341	0.1106	1197000	98.7498	23955	1.9762	8801	36.7397	7506	31.3338	8768	36.6020	7782	32.4859	151557	63.4052	99333	100.0000	0.9644
stools_12091150	stools_12118150	na	NZ_CP049075.1	1754511	784123	44.6918	783345	99.9008	773538	98.7481	778	0.0992	774306	98.7480	14947	1.9062	5130	34.3213	4362	29.1831	5590	37.3988	5076	33.9600	151557	84.3109	133373	90.8370	0.9685
stools_12095102	stools_12096102	na	NZ_CP049075.1	1754511	991060	56.4864	990523	99.9458	978640	98.8003	537	0.0542	979165	98.7998	18006	1.8168	6111	33.9387	5588	31.0341	5633	31.2840	6865	38.1262	153756	40.1045	60000	100.0000	0.9418
stools_12095102	stools_12101102	na	NZ_CP049075.1	1754511	960472	54.7430	960258	99.9777	949008	98.8284	214	0.0223	949211	98.8276	16736	1.7425	5475	32.7139	5272	31.5010	5389	32.2000	6160	36.8069	153756	86.8708	135917	100.0000	0.9851
stools_12095102	stools_12117101	na	NZ_CP049075.1	1754511	849355	48.4098	849042	99.9631	838489	98.7571	313	0.0369	838792	98.7564	15788	1.8588	5225	33.0948	4925	31.1946	4943	31.3086	6021	38.1366	153756	40.1045	58115	100.0000	0.9402
stools_12095102	stools_12118101	na	NZ_CP049075.1	1754511	990175	56.4360	989920	99.9742	977976	98.7934	255	0.0258	978219	98.7925	17775	1.7951	5819	32.7370	5581	31.3980	5687	31.9944	6610	37.1871	153756	63.3302	99333	100.0000	0.9635
stools_12095102	stools_12118150	na	NZ_CP049075.1	1754511	687746	39.1987	687627	99.9827	679327	98.7930	119	0.0173	679444	98.7929	12117	1.7618	3815	31.4847	3700	30.5356	3885	32.0624	4596	37.9302	153756	83.8998	133373	90.8370	0.9709
stools_12096102	stools_12101102	na	NZ_CP049075.1	1754511	1214581	69.2262	1213798	99.9355	1210400	99.7201	783	0.0645	1211171	99.7192	17534	1.4436	14124	80.5521	13373	76.2690	2226	12.6953	1820	10.3798	60000	100.0000	135917	47.1567	0.9552
stools_12096102	stools_12117101	na	NZ_CP049075.1	1754511	1274310	72.6305	1272820	99.8831	1272756	99.9950	1490	0.1169	1274245	99.9949	20238	1.5882	20173	99.6788	19027	94.0162	555	2.7424	374	1.8480	60000	100.0000	58115	100.0000	0.9946
stools_12096102	stools_12118101	na	NZ_CP049075.1	1754511	1382027	78.7699	1380632	99.8991	1379431	99.9130	1395	0.1009	1380825	99.9130	21194	1.5335	19992	94.3286	18854	88.9591	1181	5.5723	837	3.9492	60000	100.0000	99333	64.2093	0.9766
stools_12096102	stools_12118150	na	NZ_CP049075.1	1754511	806133	45.9463	805649	99.9400	795613	98.7543	484	0.0600	796065	98.7511	15319	1.9003	5251	34.2777	4801	31.3402	5259	34.3299	5368	35.0415	60000	100.0000	133373	43.6430	0.9491
stools_12101102	stools_12117101	na	NZ_CP049075.1	1754511	1062930	60.5827	1062394	99.9496	1059330	99.7116	536	0.0504	1059856	99.7108	15708	1.4778	12634	80.4304	12129	77.2154	1622	10.3259	1858	11.8284	135917	47.1567	58115	100.0000	0.9541
stools_12101102	stools_12118101	na	NZ_CP049075.1	1754511	1213668	69.1741	1213225	99.9635	1209136	99.6630	443	0.0365	1209571	99.6624	17640	1.4534	13543	76.7744	13121	74.3821	2147	12.1712	2281	12.9308	135917	73.3131	99333	100.0000	0.9779
stools_12101102	stools_12118150	na	NZ_CP049075.1	1754511	790908	45.0785	790740	99.9788	781228	98.7971	168	0.0212	781389	98.7964	14100	1.7828	4581	32.4894	4421	31.3546	4691	33.2695	5077	36.0071	135917	100.0000	133373	85.1942	0.9731
stools_12117101	stools_12118101	na	NZ_CP049075.1	1754511	1259985	71.8140	1258798	99.9058	1257573	99.9027	1187	0.0942	1258757	99.9025	20049	1.5912	18821	93.8750	17916	89.3611	976	4.8681	880	4.3892	58115	100.0000	99333	64.2093	0.9757
stools_12117101	stools_12118150	na	NZ_CP049075.1	1754511	674899	38.4665	674566	99.9507	665829	98.7048	333	0.0493	666137	98.7017	13147	1.9480	4385	33.3536	4080	31.0337	4556	34.6543	4594	34.9433	58115	100.0000	133373	43.6430	0.9481
stools_12118101	stools_12118150	na	NZ_CP049075.1	1754511	803285	45.7840	802992	99.9635	792861	98.7383	293	0.0365	793139	98.7369	15131	1.8836	4985	32.9456	4710	31.1281	5144	33.9964	5349	35.3513	99333	100.0000	133373	66.9641	0.9660
