ESO1212204120S1K	ESO1212705120S1K	na	NZ_CP055229.1	2711996	2395544	88.3314	2394474	99.9553	2391988	99.8962	1070	0.0447	2393040	99.8955	5408	0.2258	2904	53.6982	1971	36.4460	1364	25.2219	1994	36.8713	111389	93.0209	110876	89.9185	0.9837
ESO1212204120S1K	ESO1213405120S1K	na	NZ_CP055229.1	2711996	2359209	86.9916	2358022	99.9497	2355631	99.8986	1187	0.0503	2356803	99.8980	5404	0.2291	2998	55.4774	1897	35.1036	1506	27.8682	1938	35.8623	111389	93.0209	120259	80.4123	0.9832
ESO1212204120S1K	ESO1247101120S1K	na	NZ_CP055229.1	2711996	2315878	85.3939	2314732	99.9505	2312551	99.9058	1146	0.0495	2313692	99.9056	5127	0.2214	2941	57.3630	1838	35.8494	1500	29.2569	1687	32.9042	111389	93.0209	116445	90.3998	0.9856
ESO1212204120S1K	ESO1247109120S1K	na	NZ_CP055229.1	2711996	2459836	90.7021	2457983	99.9247	2455797	99.9111	1853	0.0753	2457638	99.9106	5940	0.2415	3742	62.9966	2001	33.6869	1598	26.9024	2242	37.7441	111389	67.6171	91251	74.3323	0.9726
ESO1212204120S1K	EST1212204101S1K	na	NZ_CP055229.1	2711996	2428366	89.5417	2426929	99.9408	2426920	99.9996	1437	0.0592	2428357	99.9996	4189	0.1725	4180	99.7852	3037	72.4994	453	10.8140	606	14.4665	111389	100.0000	108816	100.0000	0.9984
ESO1212204120S1K	EST1212206101S1K	na	NZ_CP055229.1	2711996	1631539	60.1601	1630542	99.9389	1629351	99.9270	997	0.0611	1630345	99.9268	3379	0.2071	2185	64.6641	1222	36.1645	947	28.0260	1115	32.9979	111389	100.0000	117920	93.0393	0.9929
ESO1212204120S1K	EST1212206201S1K	na	NZ_CP055229.1	2711996	1552740	57.2545	1551872	99.9441	1550375	99.9035	868	0.0559	1551236	99.9031	3476	0.2239	1972	56.7319	1175	33.8032	964	27.7330	1312	37.7445	111389	100.0000	117083	92.6932	0.9929
ESO1212204120S1K	EST1212705101S1K	na	NZ_CP055229.1	2711996	2224572	82.0271	2223563	99.9546	2221344	99.9002	1009	0.0454	2222337	99.8995	4982	0.2240	2747	55.1385	1843	36.9932	1268	25.4516	1793	35.9896	111389	93.0209	116184	90.3773	0.9856
ESO1212204120S1K	EST1232702101S1K	na	NZ_CP055229.1	2711996	1291924	47.6374	1291139	99.9392	1289693	99.8880	785	0.0608	1290467	99.8872	3164	0.2449	1707	53.9507	952	30.0885	788	24.9052	1338	42.2882	111389	100.0000	110253	94.1217	0.9921
ESO1212204120S1K	EST1234709101S1K	na	NZ_CP055229.1	2711996	2427741	89.5186	2426515	99.9495	2424263	99.9072	1226	0.0505	2425483	99.9070	5327	0.2194	3069	57.6122	1924	36.1179	1571	29.4913	1778	33.3771	111389	93.0209	123686	86.7802	0.9845
ESO1212204120S1K	EST1237103201S1K	na	NZ_CP055229.1	2711996	2410861	88.8962	2408700	99.9104	2406482	99.9079	2161	0.0896	2408633	99.9076	6246	0.2591	4018	64.3292	2020	32.3407	1425	22.8146	2727	43.6599	111389	93.0209	90064	92.9284	0.9849
ESO1212204120S1K	EST1238004201S1K	na	NZ_CP055229.1	2711996	2465458	90.9094	2457235	99.6665	2455476	99.9284	8223	0.3335	2463683	99.9280	11694	0.4743	9919	84.8213	1853	15.8457	1453	12.4252	8102	69.2834	111389	42.7690	40904	100.0000	0.9734
ESO1212204120S1K	EST1241108101S1K	na	NZ_CP055229.1	2711996	2056073	75.8140	2054702	99.9333	2053055	99.9198	1371	0.0667	2054420	99.9196	4491	0.2184	2838	63.1931	1588	35.3596	1099	24.4712	1765	39.3008	111389	93.0209	126011	86.8829	0.9835
ESO1212204120S1K	EST1242101101S1K	na	NZ_CP055229.1	2711996	2226533	82.0994	2225175	99.9390	2223338	99.9174	1358	0.0610	2224690	99.9172	4853	0.2180	3010	62.0235	1697	34.9681	1406	28.9718	1689	34.8032	111389	100.0000	110796	94.1586	0.9912
ESO1212204120S1K	EST1242209101S1K	na	NZ_CP055229.1	2711996	2400949	88.5307	2399909	99.9567	2397629	99.9050	1040	0.0433	2398658	99.9046	5167	0.2152	2876	55.6609	1940	37.5460	1490	28.8368	1632	31.5851	111389	100.0000	128353	87.3739	0.9855
ESO1212204120S1K	EST1247106101S1K	na	NZ_CP055229.1	2711996	1753241	64.6476	1752369	99.9503	1750648	99.9018	872	0.0497	1751517	99.9017	3739	0.2133	2015	53.8914	1192	31.8802	1369	36.6141	1138	30.4359	111389	71.5771	91241	100.0000	0.9836
ESO1212204120S1K	EST1254203101S1K	na	NZ_CP055229.1	2711996	2423599	89.3659	2422407	99.9508	2420009	99.9010	1192	0.0492	2421191	99.9006	5258	0.2170	2850	54.2031	1822	34.6520	1692	32.1795	1652	31.4188	111389	71.5771	90047	100.0000	0.9840
ESO1212204120S1K	EST1256808101S1K	na	NZ_CP055229.1	2711996	2414763	89.0401	2413556	99.9500	2411143	99.9000	1207	0.0500	2412340	99.8997	5500	0.2278	3077	55.9455	2039	37.0727	1448	26.3273	1922	34.9455	111389	100.0000	123282	75.7020	0.9796
ESO1212204120S1K	EST1350511101S1K	na	NZ_CP055229.1	2711996	1004674	37.0456	1004174	99.9502	1003336	99.9165	500	0.0498	1003834	99.9164	2053	0.2043	1213	59.0843	716	34.8758	717	34.9245	583	28.3975	111389	100.0000	140570	78.2898	0.9829
ESO1212204120S1K	EST1356601101S1K	na	NZ_CP055229.1	2711996	2380951	87.7933	2379193	99.9262	2376991	99.9074	1758	0.0738	2378740	99.9071	5759	0.2419	3548	61.6079	1859	32.2799	1564	27.1575	2289	39.7465	111389	78.4359	103389	74.6840	0.9750
ESO1212204120S1K	EST1356604101S1K	na	NZ_CP055229.1	2711996	2398852	88.4534	2397779	99.9553	2397617	99.9932	1073	0.0447	2398689	99.9932	3989	0.1663	3826	95.9138	2949	73.9283	610	15.2921	283	7.0945	111389	100.0000	92053	100.0000	0.9925
ESO1212204120S1K	EST1356611101S1K	na	NZ_CP055229.1	2711996	2456868	90.5926	2455145	99.9299	2452938	99.9101	1723	0.0701	2454654	99.9099	5815	0.2367	3601	61.9261	2018	34.7034	1397	24.0241	2316	39.8280	111389	93.0209	95043	93.3104	0.9868
ESO1212204120S1K	EST1356618101S1K	na	NZ_CP055229.1	2711996	725021	26.7339	724631	99.9462	723973	99.9092	390	0.0538	724355	99.9081	1575	0.2172	909	57.7143	530	33.6508	480	30.4762	525	33.3333	111389	93.0209	128440	93.2700	0.9868
ESO1212204120S1K	EST1358301101S1K	na	NZ_CP055229.1	2711996	2272895	83.8089	2271236	99.9270	2269224	99.9114	1659	0.0730	2270880	99.9113	5370	0.2363	3355	62.4767	1816	33.8175	1242	23.1285	2256	42.0112	111389	93.0209	107077	83.0552	0.9820
ESO1212204120S1K	EST1358301201S1K	na	NZ_CP055229.1	2711996	2421336	89.2824	2419320	99.9167	2417015	99.9047	2016	0.0833	2419027	99.9046	6164	0.2546	3855	62.5406	2025	32.8520	1319	21.3984	2750	44.6139	111389	93.0209	111228	83.9222	0.9839
ESO1212204120S1K	EST1358302101S1K	na	NZ_CP055229.1	2711996	2457512	90.6164	2455712	99.9268	2453526	99.9110	1800	0.0732	2455318	99.9107	5847	0.2379	3653	62.4765	2021	34.5647	1464	25.0385	2264	38.7207	111389	100.0000	100880	93.6935	0.9880
ESO1212204120S1K	EST1358304101S1K	na	NZ_CP055229.1	2711996	2458724	90.6610	2454270	99.8188	2453012	99.9487	4454	0.1812	2457462	99.9487	7314	0.2975	6052	82.7454	1726	23.5986	1535	20.9871	3723	50.9024	111389	64.5979	62044	100.0000	0.9813
ESO1212204120S1K	stools_11021150	na	NZ_CP055229.1	2711996	2428420	89.5436	2426650	99.9271	2424358	99.9055	1770	0.0729	2426119	99.9052	5933	0.2443	3632	61.2169	1997	33.6592	1433	24.1530	2413	40.6708	111389	93.0209	109871	89.7999	0.9831
ESO1212204120S1K	stools_11024150	na	NZ_CP055229.1	2711996	2396069	88.3508	2392403	99.8470	2390168	99.9066	3666	0.1530	2393830	99.9066	7709	0.3217	5470	70.9560	1877	24.3482	1526	19.7950	4235	54.9358	111389	93.0209	114735	90.0806	0.9849
ESO1212204120S1K	stools_11030101	na	NZ_CP055229.1	2711996	1978213	72.9431	1976105	99.8934	1974169	99.9020	2108	0.1066	1976273	99.9019	5316	0.2687	3376	63.5064	1418	26.6742	1349	25.3762	2496	46.9526	111389	71.5771	121323	69.4419	0.9722
ESO1212204120S1K	stools_11055101	na	NZ_CP055229.1	2711996	1484767	54.7481	1483760	99.9322	1470765	99.1242	1007	0.0678	1471739	99.1226	14818	0.9980	1790	12.0799	890	6.0062	1408	9.5020	12490	84.2894	111389	49.7482	105680	49.0140	0.9564
ESO1212206220S1K	ESO1361010120S1K	na	NZ_CP109802.1	2880439	132752	4.6087	132673	99.9405	132382	99.7807	79	0.0595	132461	99.7808	431	0.3247	140	32.4826	61	14.1531	174	40.3712	192	44.5476	62636	54.7624	81624	80.9064	0.9760
ESO1212206220S1K	EST1242103101S1K	na	NZ_CP109802.1	2880439	144413	5.0136	144182	99.8400	143108	99.2551	231	0.1600	143337	99.2549	1384	0.9584	308	22.2543	82	5.9249	125	9.0318	1170	84.5376	62636	46.9027	37615	100.0000	0.9787
ESO1212206220S1K	stools_12101150	na	NZ_CP109802.1	2880439	229476	7.9667	229253	99.9028	228717	99.7662	223	0.0972	228937	99.7651	881	0.3839	342	38.8195	125	14.1884	317	35.9818	412	46.7650	62636	69.9103	51851	84.5962	0.9841
ESO1212705120S1K	ESO1213405120S1K	na	NZ_CP055229.1	2711996	2322001	85.6196	2321307	99.9701	2321198	99.9953	694	0.0299	2321891	99.9953	4097	0.1764	3987	97.3151	3460	84.4520	270	6.5902	194	4.7352	110876	100.0000	120259	91.0635	0.9907
ESO1212705120S1K	ESO1247101120S1K	na	NZ_CP055229.1	2711996	2293582	84.5717	2292814	99.9665	2292014	99.9651	768	0.0335	2292771	99.9646	4456	0.1943	3645	81.7998	3006	67.4596	775	17.3923	574	12.8815	110876	100.0000	116445	100.0000	0.9979
ESO1212705120S1K	ESO1247109120S1K	na	NZ_CP055229.1	2711996	2384911	87.9393	2383611	99.9455	2381865	99.9267	1300	0.0545	2383154	99.9263	5444	0.2283	3687	67.7259	2530	46.4732	1258	23.1080	1462	26.8553	110876	65.4822	91251	81.2112	0.9779
ESO1212705120S1K	EST1212204101S1K	na	NZ_CP055229.1	2711996	2335391	86.1134	2334295	99.9531	2331942	99.8992	1096	0.0469	2333023	99.8986	5245	0.2246	2877	54.8522	1883	35.9009	1892	36.0724	1399	26.6730	110876	89.9185	108816	92.6362	0.9824
ESO1212705120S1K	EST1212206101S1K	na	NZ_CP055229.1	2711996	1557403	57.4264	1556892	99.9672	1555755	99.9270	511	0.0328	1556260	99.9266	3010	0.1933	1867	62.0266	1369	45.4817	939	31.1960	612	20.3322	110876	89.9185	117920	93.2488	0.9882
ESO1212705120S1K	EST1212206201S1K	na	NZ_CP055229.1	2711996	1487156	54.8362	1486748	99.9726	1485449	99.9126	408	0.0274	1485851	99.9122	3102	0.2086	1797	57.9304	1420	45.7769	938	30.2386	731	23.5654	110876	89.9185	117083	93.3030	0.9883
ESO1212705120S1K	EST1212705101S1K	na	NZ_CP055229.1	2711996	2223212	81.9770	2222599	99.9724	2222594	99.9998	613	0.0276	2223207	99.9998	4046	0.1820	4041	99.8764	3736	92.3381	92	2.2739	136	3.3613	110876	100.0000	116184	100.0000	0.9979
ESO1212705120S1K	EST1232702101S1K	na	NZ_CP055229.1	2711996	1233499	45.4831	1233055	99.9640	1231896	99.9060	444	0.0360	1232336	99.9057	2803	0.2272	1640	58.5087	1208	43.0967	722	25.7581	839	29.9322	110876	89.9185	110253	93.1802	0.9906
ESO1212705120S1K	EST1234709101S1K	na	NZ_CP055229.1	2711996	2366805	87.2717	2366004	99.9662	2365246	99.9680	801	0.0338	2366037	99.9676	4499	0.1901	3731	82.9295	3040	67.5706	781	17.3594	589	13.0918	110876	100.0000	123686	95.9138	0.9951
ESO1212705120S1K	EST1237103201S1K	na	NZ_CP055229.1	2711996	2347343	86.5541	2345605	99.9260	2343757	99.9212	1738	0.0740	2345480	99.9206	6030	0.2569	4167	69.1045	2571	42.6368	1382	22.9187	1953	32.3881	110876	89.9185	90064	100.0000	0.9914
ESO1212705120S1K	EST1238004201S1K	na	NZ_CP055229.1	2711996	2386420	87.9950	2378866	99.6835	2377302	99.9343	7554	0.3165	2384829	99.9333	11183	0.4686	9592	85.7730	2206	19.7264	1385	12.3849	7103	63.5161	110876	38.5873	40904	100.0000	0.9693
ESO1212705120S1K	EST1241108101S1K	na	NZ_CP055229.1	2711996	1992958	73.4868	1992227	99.9633	1991617	99.9694	731	0.0367	1992345	99.9692	3522	0.1767	2909	82.5951	2240	63.6002	552	15.6729	662	18.7961	110876	100.0000	126011	95.9265	0.9938
ESO1212705120S1K	EST1242101101S1K	na	NZ_CP055229.1	2711996	2143352	79.0323	2142551	99.9626	2141114	99.9329	801	0.0374	2141904	99.9324	4286	0.2000	2838	66.2156	2084	48.6234	1126	26.2716	988	23.0518	110876	89.9185	110796	90.3002	0.9860
ESO1212705120S1K	EST1242209101S1K	na	NZ_CP055229.1	2711996	2375659	87.5982	2375016	99.9729	2374176	99.9646	643	0.0271	2374807	99.9641	4673	0.1967	3821	81.7676	3440	73.6144	798	17.0768	381	8.1532	110876	100.0000	128353	91.0099	0.9933
ESO1212705120S1K	EST1247106101S1K	na	NZ_CP055229.1	2711996	1675799	61.7921	1675305	99.9705	1673114	99.8692	494	0.0295	1673605	99.8691	3775	0.2253	1581	41.8808	1116	29.5629	1565	41.4570	1061	28.1060	110876	59.6261	91241	100.0000	0.9736
ESO1212705120S1K	EST1254203101S1K	na	NZ_CP055229.1	2711996	2353469	86.7800	2352524	99.9598	2349457	99.8696	945	0.0402	2350379	99.8687	5626	0.2391	2536	45.0764	1710	30.3946	2154	38.2865	1698	30.1813	110876	59.6261	90047	100.0000	0.9740
ESO1212705120S1K	EST1256808101S1K	na	NZ_CP055229.1	2711996	2358603	86.9693	2357722	99.9626	2355849	99.9206	881	0.0374	2356717	99.9200	5286	0.2241	3400	64.3208	2695	50.9837	1297	24.5365	1168	22.0961	110876	89.9185	123282	76.5675	0.9798
ESO1212705120S1K	EST1350511101S1K	na	NZ_CP055229.1	2711996	956098	35.2544	955891	99.9783	955592	99.9687	207	0.0217	955798	99.9686	1505	0.1574	1205	80.0664	1000	66.4452	287	19.0698	167	11.0963	110876	100.0000	140570	92.9821	0.9881
ESO1212705120S1K	EST1356601101S1K	na	NZ_CP055229.1	2711996	2320753	85.5736	2319454	99.9440	2318698	99.9674	1299	0.0560	2319986	99.9670	4783	0.2061	4016	83.9640	2796	58.4570	768	16.0569	1092	22.8309	110876	87.4427	103389	93.3610	0.9892
ESO1212705120S1K	EST1356604101S1K	na	NZ_CP055229.1	2711996	2334284	86.0725	2333420	99.9630	2331024	99.8973	864	0.0370	2331866	99.8964	5152	0.2207	2734	53.0668	2049	39.7710	1933	37.5194	1102	21.3898	110876	89.9185	92053	91.5549	0.9778
ESO1212705120S1K	EST1356611101S1K	na	NZ_CP055229.1	2711996	2385218	87.9506	2383892	99.9444	2382027	99.9218	1326	0.0556	2383342	99.9213	5637	0.2363	3761	66.7199	2642	46.8689	1331	23.6119	1563	27.7275	110876	89.9185	95043	100.0000	0.9920
ESO1212705120S1K	EST1356618101S1K	na	NZ_CP055229.1	2711996	686687	25.3204	686525	99.9764	685877	99.9056	162	0.0236	686030	99.9043	1428	0.2080	771	53.9916	623	43.6275	426	29.8319	358	25.0700	110876	89.9185	128440	93.2700	0.9847
ESO1212705120S1K	EST1358301101S1K	na	NZ_CP055229.1	2711996	2208757	81.4440	2207837	99.9583	2207697	99.9937	920	0.0417	2208616	99.9936	3936	0.1782	3795	96.4177	3002	76.2703	193	4.9035	611	15.5234	110876	100.0000	107077	100.0000	0.9973
ESO1212705120S1K	EST1358301201S1K	na	NZ_CP055229.1	2711996	2365401	87.2199	2364118	99.9458	2363982	99.9942	1283	0.0542	2365264	99.9942	4758	0.2011	4621	97.1206	3546	74.5271	185	3.8882	901	18.9365	110876	100.0000	111228	100.0000	0.9979
ESO1212705120S1K	EST1358302101S1K	na	NZ_CP055229.1	2711996	2380710	87.7844	2379413	99.9455	2377613	99.9244	1297	0.0545	2378896	99.9238	5505	0.2312	3691	67.0481	2528	45.9219	1360	24.7048	1506	27.3569	110876	89.9185	100880	91.2460	0.9845
ESO1212705120S1K	EST1358304101S1K	na	NZ_CP055229.1	2711996	2374137	87.5421	2370240	99.8359	2368928	99.9446	3897	0.1641	2372810	99.9441	6893	0.2903	5566	80.7486	1779	25.8088	1439	20.8763	2915	42.2893	110876	59.6261	62044	100.0000	0.9768
ESO1212705120S1K	stools_11021150	na	NZ_CP055229.1	2711996	2369930	87.3869	2368585	99.9432	2367780	99.9660	1345	0.0568	2369115	99.9656	5165	0.2179	4350	84.2207	3143	60.8519	796	15.4114	1088	21.0649	110876	100.0000	109871	100.0000	0.9979
ESO1212705120S1K	stools_11024150	na	NZ_CP055229.1	2711996	2334756	86.0899	2331524	99.8616	2330702	99.9647	3232	0.1384	2333921	99.9642	6892	0.2952	6057	87.8845	2937	42.6146	805	11.6802	3032	43.9930	110876	100.0000	114735	100.0000	0.9985
ESO1212705120S1K	stools_11030101	na	NZ_CP055229.1	2711996	1905285	70.2540	1903639	99.9136	1901212	99.8725	1646	0.0864	1902843	99.8718	5268	0.2765	2826	53.6446	1249	23.7092	1709	32.4412	2253	42.7677	110876	59.6261	121323	76.1323	0.9617
ESO1212705120S1K	stools_11055101	na	NZ_CP055229.1	2711996	1455534	53.6702	1454560	99.9331	1441500	99.1021	974	0.0669	1442436	99.1001	14841	1.0196	1743	11.7445	839	5.6533	1651	11.1246	12333	83.1009	110876	48.6688	105680	47.6438	0.9496
ESO1213405120S1K	ESO1247101120S1K	na	NZ_CP055229.1	2711996	2255697	83.1748	2254911	99.9652	2254179	99.9675	786	0.0348	2254961	99.9674	4329	0.1919	3593	82.9984	2909	67.1980	729	16.8399	590	13.6290	120259	91.0635	116445	100.0000	0.9927
ESO1213405120S1K	ESO1247109120S1K	na	NZ_CP055229.1	2711996	2354764	86.8277	2353409	99.9425	2351817	99.9324	1355	0.0575	2353165	99.9321	5313	0.2256	3714	69.9040	2483	46.7344	1195	22.4920	1508	28.3832	120259	73.3292	91251	89.9223	0.9805
ESO1213405120S1K	EST1212204101S1K	na	NZ_CP055229.1	2711996	2302763	84.9103	2301524	99.9462	2299298	99.9033	1239	0.0538	2300527	99.9029	5246	0.2278	3010	57.3770	1825	34.7884	1854	35.3412	1526	29.0888	120259	80.4123	108816	92.6362	0.9818
ESO1213405120S1K	EST1212206101S1K	na	NZ_CP055229.1	2711996	1541738	56.8488	1541072	99.9568	1540016	99.9315	666	0.0432	1540676	99.9311	3089	0.2004	2027	65.6199	1402	45.3869	808	26.1573	781	25.2833	120259	85.6867	117920	93.2488	0.9875
ESO1213405120S1K	EST1212206201S1K	na	NZ_CP055229.1	2711996	1466492	54.0743	1465910	99.9603	1464645	99.9137	582	0.0397	1465226	99.9137	3221	0.2196	1955	60.6954	1404	43.5889	936	29.0593	853	26.4825	120259	85.6867	117083	93.3030	0.9874
ESO1213405120S1K	EST1212705101S1K	na	NZ_CP055229.1	2711996	2179810	80.3766	2179125	99.9686	2179060	99.9970	685	0.0314	2179745	99.9970	3900	0.1789	3835	98.3333	3341	85.6667	193	4.9487	209	5.3590	120259	91.0635	116184	100.0000	0.9927
ESO1213405120S1K	EST1232702101S1K	na	NZ_CP055229.1	2711996	1222417	45.0744	1221888	99.9567	1220727	99.9050	529	0.0433	1221251	99.9046	2897	0.2370	1731	59.7515	1211	41.8019	678	23.4035	972	33.5520	120259	85.6867	110253	93.1802	0.9875
ESO1213405120S1K	EST1234709101S1K	na	NZ_CP055229.1	2711996	2333557	86.0457	2332719	99.9641	2332019	99.9700	838	0.0359	2332855	99.9699	4335	0.1858	3633	83.8062	2899	66.8743	740	17.0704	604	13.9331	120259	91.0635	123686	95.9138	0.9903
ESO1213405120S1K	EST1237103201S1K	na	NZ_CP055229.1	2711996	2311860	85.2457	2310080	99.9230	2308355	99.9253	1780	0.0770	2310127	99.9250	5865	0.2537	4132	70.4518	2505	42.7110	1228	20.9378	2030	34.6121	120259	85.6867	90064	100.0000	0.9883
ESO1213405120S1K	EST1238004201S1K	na	NZ_CP055229.1	2711996	2350231	86.6606	2342693	99.6793	2341261	99.9389	7538	0.3207	2348781	99.9383	10984	0.4674	9534	86.7990	2152	19.5921	1256	11.4348	7140	65.0036	120259	32.6836	40904	100.0000	0.9683
ESO1213405120S1K	EST1241108101S1K	na	NZ_CP055229.1	2711996	1971703	72.7030	1970711	99.9497	1970137	99.9709	992	0.0503	1971125	99.9707	3740	0.1897	3162	84.5455	2241	59.9198	566	15.1337	853	22.8075	120259	91.0635	126011	95.9265	0.9891
ESO1213405120S1K	EST1242101101S1K	na	NZ_CP055229.1	2711996	2123223	78.2900	2122387	99.9606	2120978	99.9336	836	0.0394	2121811	99.9335	4311	0.2030	2899	67.2466	2132	49.4549	1066	24.7274	1058	24.5419	120259	85.6867	110796	90.3002	0.9866
ESO1213405120S1K	EST1242209101S1K	na	NZ_CP055229.1	2711996	2322556	85.6401	2321872	99.9705	2321121	99.9677	684	0.0295	2321800	99.9674	4271	0.1839	3515	82.2992	2994	70.1007	736	17.2325	405	9.4826	120259	91.0635	128353	91.0099	0.9879
ESO1213405120S1K	EST1247106101S1K	na	NZ_CP055229.1	2711996	1658089	61.1391	1657538	99.9668	1655457	99.8745	551	0.0332	1656007	99.8744	3720	0.2244	1638	44.0323	1100	29.5699	1508	40.5376	1087	29.2204	120259	57.9250	91241	100.0000	0.9727
ESO1213405120S1K	EST1254203101S1K	na	NZ_CP055229.1	2711996	2316460	85.4153	2315516	99.9592	2312699	99.8783	944	0.0408	2313627	99.8777	5348	0.2309	2515	47.0269	1636	30.5909	1993	37.2663	1659	31.0209	120259	57.9250	90047	100.0000	0.9731
ESO1213405120S1K	EST1256808101S1K	na	NZ_CP055229.1	2711996	2323437	85.6726	2322533	99.9611	2320743	99.9229	904	0.0389	2321641	99.9227	5080	0.2186	3284	64.6457	2479	48.7992	1202	23.6614	1306	25.7087	120259	94.6233	123282	84.0561	0.9847
ESO1213405120S1K	EST1350511101S1K	na	NZ_CP055229.1	2711996	947324	34.9309	947061	99.9722	946791	99.9715	263	0.0278	947053	99.9714	1540	0.1626	1269	82.4026	1018	66.1039	287	18.6364	177	11.4935	120259	100.0000	140570	100.0000	0.9815
ESO1213405120S1K	EST1356601101S1K	na	NZ_CP055229.1	2711996	2297241	84.7067	2295848	99.9394	2295121	99.9683	1393	0.0606	2296511	99.9682	4883	0.2126	4153	85.0502	2813	57.6080	807	16.5267	1183	24.2269	120259	79.3413	103389	93.3610	0.9829
ESO1213405120S1K	EST1356604101S1K	na	NZ_CP055229.1	2711996	2292474	84.5309	2291629	99.9631	2289339	99.9001	845	0.0369	2290170	99.8995	4905	0.2140	2601	53.0275	1854	37.7982	1847	37.6555	1113	22.6911	120259	80.4123	92053	91.5549	0.9771
ESO1213405120S1K	EST1356611101S1K	na	NZ_CP055229.1	2711996	2345041	86.4692	2343571	99.9373	2341836	99.9260	1470	0.0627	2343302	99.9258	5567	0.2374	3828	68.7623	2517	45.2129	1235	22.1843	1730	31.0760	120259	85.6867	95043	100.0000	0.9900
ESO1213405120S1K	EST1356618101S1K	na	NZ_CP055229.1	2711996	679741	25.0642	679575	99.9756	678930	99.9051	166	0.0244	679096	99.9051	1415	0.2082	770	54.4170	604	42.6855	381	26.9258	420	29.6820	120259	85.6867	128440	93.2700	0.9810
ESO1213405120S1K	EST1358301101S1K	na	NZ_CP055229.1	2711996	2180593	80.4055	2179314	99.9413	2179218	99.9956	1279	0.0587	2180495	99.9955	4206	0.1929	4108	97.6700	2913	69.2582	304	7.2278	888	21.1127	120259	91.0635	107077	100.0000	0.9902
ESO1213405120S1K	EST1358301201S1K	na	NZ_CP055229.1	2711996	2329106	85.8816	2327513	99.9316	2327433	99.9966	1593	0.0684	2329024	99.9965	4891	0.2100	4809	98.3235	3393	69.3723	241	4.9274	1136	23.2263	120259	91.0635	111228	100.0000	0.9922
ESO1213405120S1K	EST1358302101S1K	na	NZ_CP055229.1	2711996	2346880	86.5370	2345420	99.9378	2343747	99.9287	1460	0.0622	2345200	99.9284	5508	0.2347	3828	69.4989	2498	45.3522	1237	22.4582	1711	31.0639	120259	85.6867	100880	91.2460	0.9851
ESO1213405120S1K	EST1358304101S1K	na	NZ_CP055229.1	2711996	2341637	86.3437	2337648	99.8296	2336423	99.9476	3989	0.1704	2340404	99.9473	6856	0.2928	5623	82.0158	1717	25.0438	1371	19.9971	3022	44.0782	120259	52.6505	62044	100.0000	0.9774
ESO1213405120S1K	stools_11021150	na	NZ_CP055229.1	2711996	2335467	86.1162	2333995	99.9370	2333240	99.9677	1472	0.0630	2334710	99.9676	5068	0.2170	4311	85.0631	2959	58.3860	744	14.6803	1231	24.2897	120259	91.0635	109871	100.0000	0.9893
ESO1213405120S1K	stools_11024150	na	NZ_CP055229.1	2711996	2306192	85.0367	2302930	99.8586	2302140	99.9657	3262	0.1414	2305398	99.9656	6802	0.2949	6008	88.3270	2840	41.7524	789	11.5995	3078	45.2514	120259	91.0635	114735	100.0000	0.9911
ESO1213405120S1K	stools_11030101	na	NZ_CP055229.1	2711996	1882780	69.4241	1881036	99.9074	1878785	99.8803	1744	0.0926	1880525	99.8802	5201	0.2762	2946	56.6430	1228	23.6108	1540	29.6097	2389	45.9335	120259	57.9250	121323	76.1323	0.9613
ESO1213405120S1K	stools_11055101	na	NZ_CP055229.1	2711996	1430405	52.7436	1429537	99.9393	1416807	99.1095	868	0.0607	1417636	99.1073	14374	1.0049	1605	11.1660	797	5.5447	1491	10.3729	12057	83.8806	120259	38.0604	105680	47.6438	0.9461
ESO1232702120S1K	EST1247211101S1K	na	NZ_CP068122.1	2779314	2042540	73.4908	2031365	99.4529	2027753	99.8222	11175	0.5471	2038905	99.8220	15547	0.7612	11912	76.6193	788	5.0685	2513	16.1639	12145	78.1180	72595	47.7127	59086	59.7062	0.9766
ESO1232702120S1K	stools_11029101	na	NZ_CP068122.1	2779314	2295382	82.5881	2294027	99.9410	2293727	99.9869	1355	0.0590	2295079	99.9868	4680	0.2039	4377	93.5256	3176	67.8632	761	16.2607	574	12.2650	72595	82.8983	61184	87.3202	0.9899
ESO1232702120S1K	stools_11029150	na	NZ_CP068122.1	2779314	2269989	81.6744	2268913	99.9526	2268578	99.9852	1076	0.0474	2269653	99.9852	4496	0.1981	4160	92.5267	3202	71.2189	772	17.1708	363	8.0738	72595	82.8983	59855	89.6801	0.9906
ESO1232702120S1K	stools_11029501	na	NZ_CP068122.1	2779314	2231755	80.2988	2230750	99.9550	2230405	99.9845	1005	0.0450	2231409	99.9845	4418	0.1980	4072	92.1684	3199	72.4083	736	16.6591	309	6.9941	72595	82.8983	58713	89.7927	0.9905
ESO1232702120S1K	stools_12067150	na	NZ_CP068122.1	2779314	1577226	56.7488	1572090	99.6744	1567314	99.6962	5136	0.3256	1572444	99.6968	10491	0.6652	5709	54.4181	581	5.5381	1915	18.2537	7961	75.8841	72595	55.0699	59592	60.2044	0.9740
ESO1233809120S1K	ESO1241104120S1K	na	NZ_CP055230.1	2835470	1387168	48.9220	1385146	99.8542	1384746	99.9711	2022	0.1458	1386763	99.9708	12061	0.8695	11656	96.6421	9655	80.0514	990	8.2083	1225	10.1567	139221	89.5274	114752	100.0000	0.9907
ESO1233809120S1K	ESO1247210120S1K	na	NZ_CP055230.1	2835470	383384	13.5210	383117	99.9304	380219	99.2436	267	0.0696	380485	99.2438	4372	1.1404	1473	33.6917	1207	27.6075	1700	38.8838	1485	33.9661	139221	60.0865	104177	83.5405	0.9644
ESO1233809120S1K	EST1213404101S1K	na	NZ_CP055230.1	2835470	526447	18.5665	526076	99.9295	522106	99.2454	371	0.0705	522474	99.2453	6054	1.1500	2081	34.3740	1713	28.2953	2362	39.0155	1996	32.9699	139221	53.6909	96101	81.6048	0.9621
ESO1233809120S1K	EST1241104101S1K	na	NZ_CP055230.1	2835470	1396402	49.2476	1395351	99.9247	1394984	99.9737	1051	0.0753	1396030	99.9734	11561	0.8279	11189	96.7823	10162	87.8990	955	8.2605	317	2.7420	139221	89.5274	111389	100.0000	0.9897
ESO1233809120S1K	EST1242805101S1K	na	NZ_CP055230.1	2835470	1434092	50.5769	1432718	99.9042	1421903	99.2451	1374	0.0958	1423257	99.2445	16986	1.1844	6151	36.2122	4802	28.2703	6421	37.8017	5786	34.0633	139221	65.9778	88853	94.0418	0.9738
ESO1233809120S1K	EST1247211101S1K	na	NZ_CP055230.1	2835470	1159787	40.9028	1158570	99.8951	1156528	99.8237	1217	0.1049	1157736	99.8232	9610	0.8286	7559	78.6576	6359	66.1707	1713	17.8252	1289	13.4131	139221	41.2136	57344	90.6058	0.9686
ESO1233809120S1K	EST1356602101S1K	na	NZ_CP055230.1	2835470	1423934	50.2186	1422861	99.9246	1420522	99.8356	1073	0.0754	1421584	99.8350	12728	0.8939	10378	81.5368	9329	73.2951	1961	15.4070	1337	10.5044	139221	46.6596	64073	91.5456	0.9709
ESO1233809120S1K	stools_11055101	na	NZ_CP055230.1	2835470	983411	34.6825	982714	99.9291	982050	99.9324	697	0.0709	982737	99.9315	8780	0.8928	8106	92.3235	7430	84.6241	847	9.6469	424	4.8292	139221	90.6235	125986	100.0000	0.9913
ESO1233809120S1K	stools_11110101	na	NZ_CP055230.1	2835470	997188	35.1683	996516	99.9326	989188	99.2646	672	0.0674	989851	99.2642	11296	1.1328	3959	35.0478	3299	29.2050	4356	38.5623	3675	32.5336	139221	56.4240	75928	89.3873	0.9664
ESO1233809120S1K	stools_12098150	na	NZ_CP055230.1	2835470	1454313	51.2900	1453220	99.9248	1452700	99.9642	1093	0.0752	1453786	99.9638	11974	0.8233	11447	95.5988	10377	86.6628	1103	9.2116	402	3.3573	139221	96.0696	126421	100.0000	0.9951
ESO1238105120S1K	EST1238105101S1K	na	NZ_CP040878.1	2618436	2215917	84.6275	2212664	99.8532	2212510	99.9930	3253	0.1468	2215762	99.9930	4042	0.1824	3887	96.1653	709	17.5408	2658	65.7595	594	14.6957	23723	23.1632	7484	100.0000	0.9923
ESO1238105120S1K	EST1359005101S1K	na	NZ_CP040878.1	2618436	684081	26.1256	683205	99.8719	682795	99.9400	876	0.1281	683670	99.9399	1444	0.2111	1033	71.5374	158	10.9418	765	52.9778	499	34.5568	23723	23.1632	30966	65.1198	0.9812
ESO1238105120S1K	EST2359005102S1K	na	NZ_CP040878.1	2618436	1694454	64.7124	1691500	99.8257	1690834	99.9606	2954	0.1743	1693785	99.9605	3950	0.2331	3281	83.0633	347	8.7848	1986	50.2785	1542	39.0380	23723	23.1632	22943	55.7556	0.9863
ESO1238105120S1K	stools_11011101	na	NZ_CP030110.1	2683778	1383610	51.5546	1368285	98.8924	1364883	99.7514	15325	1.1076	1380177	99.7519	19687	1.4229	16254	82.5621	1051	5.3385	2714	13.7857	15442	78.4375	70126	58.7699	76021	72.3287	0.9758
ESO1238105120S1K	stools_11042101	na	NZ_CP030110.1	2683778	859084	32.0102	855773	99.6146	853224	99.7021	3311	0.3854	856526	99.7022	6560	0.7636	4002	61.0061	748	11.4024	1922	29.2988	3652	55.6707	70126	58.7699	62712	66.3477	0.9780
ESO1238105120S1K	stools_11049150	na	NZ_CP030110.1	2683778	631290	23.5224	629771	99.7594	627317	99.6103	1519	0.2406	628830	99.6103	4484	0.7103	2024	45.1383	526	11.7306	1184	26.4050	2692	60.0357	70126	58.7699	69657	60.0629	0.9781
ESO1238105120S1K	stools_11051150	na	NZ_CP040878.1	2618436	2150153	82.1159	2145174	99.7684	2137479	99.6413	4979	0.2316	2142438	99.6412	13020	0.6055	5305	40.7450	380	2.9186	2569	19.7312	9917	76.1674	23723	100.0000	50961	62.2574	0.9895
ESO1238105120S1K	stools_11051501	na	NZ_CP040878.1	2618436	1996405	76.2442	1989559	99.6571	1983289	99.6849	6846	0.3429	1990113	99.6848	13417	0.6721	7125	53.1043	349	2.6012	2353	17.5375	10590	78.9297	23723	100.0000	60305	61.6284	0.9859
ESO1238105120S1K	stools_12064150	na	NZ_CP030110.1	2683778	868781	32.3716	866066	99.6875	861574	99.4813	2715	0.3125	864281	99.4820	8001	0.9209	3501	43.7570	819	10.2362	1688	21.0974	5415	67.6790	70126	80.2099	123014	67.2533	0.9689
ESO1238105120S1K	stools_12072101	na	NZ_CP030110.1	2683778	1290828	48.0974	1288402	99.8121	1284827	99.7225	2426	0.1879	1287235	99.7217	7252	0.5618	3659	50.4550	1314	18.1191	2691	37.1070	3149	43.4225	70126	88.9684	100729	69.3812	0.9794
ESO1238105120S1K	stools_12072101	na	NZ_LR215968.1	2545110	2089226	82.0878	2078487	99.4860	2076008	99.8807	10739	0.5140	2086735	99.8808	14351	0.6869	11860	82.6423	1341	9.3443	8718	60.7484	3687	25.6916	21710	100.0000	38164	64.1285	0.9931
ESO1238105120S1K	stools_12086501	na	NZ_CP040878.1	2618436	1937078	73.9784	1933100	99.7946	1932722	99.9804	3978	0.2054	1936700	99.9805	4801	0.2478	4423	92.1266	564	11.7476	2171	45.2197	1927	40.1375	23723	100.0000	55614	41.7521	0.9860
ESO1238105120S1K	stools_12086501	na	NZ_LR215968.1	2545110	1903825	74.8033	1894393	99.5046	1892405	99.8951	9432	0.4954	1901827	99.8951	11928	0.6265	9930	83.2495	912	7.6459	8301	69.5926	2216	18.5781	21710	0.0000	18355	0.0000	0.9843
ESO1241101120S2K	ESO1242101120S1K	na	NZ_AP027299.1	2900900	201954	6.9618	201421	99.7361	200660	99.6222	533	0.2639	201187	99.6202	1416	0.7011	649	45.8333	137	9.6751	880	62.1469	356	25.1412	64432	30.6338	148815	36.6925	0.9400
ESO1241101120S2K	ESO1350507120S1K	na	NZ_AP027299.1	2900900	231901	7.9941	231361	99.7671	230756	99.7385	540	0.2329	231296	99.7391	1224	0.5278	619	50.5719	80	6.5359	1005	82.1078	134	10.9477	64432	100.0000	184706	64.3552	0.9466
ESO1241101120S2K	ESO1350511120S1K	na	NZ_AP027299.1	2900900	522914	18.0259	521771	99.7814	520334	99.7246	1143	0.2186	521464	99.7227	2802	0.5358	1352	48.2512	233	8.3155	2037	72.6981	475	16.9522	64432	81.4890	196183	57.9148	0.9454
ESO1241101120S2K	EST1242804101S1K	na	NZ_AP027299.1	2900900	834720	28.7745	832880	99.7796	830638	99.7308	1840	0.2204	832473	99.7308	4388	0.5257	2141	48.7922	316	7.2015	3179	72.4476	859	19.5761	64432	87.5078	205731	40.1063	0.9471
ESO1241101120S2K	EST1247109101S1K	na	NZ_AP027299.1	2900900	459203	15.8297	457968	99.7311	456619	99.7054	1235	0.2689	457843	99.7038	2766	0.6023	1406	50.8315	279	10.0868	1854	67.0282	588	21.2581	64432	100.0000	178982	69.9869	0.9566
ESO1241101120S2K	EST1359005101S1K	na	NZ_AP027299.1	2900900	706550	24.3562	705145	99.8011	703184	99.7219	1405	0.1989	704586	99.7220	3679	0.5207	1715	46.6159	332	9.0242	2668	72.5197	642	17.4504	64432	81.4890	144313	43.9988	0.9578
ESO1241101120S2K	EST1361007101S1K	na	NZ_AP027299.1	2900900	286002	9.8591	285381	99.7829	284589	99.7225	621	0.2171	285208	99.7224	1530	0.5350	736	48.1046	131	8.5621	1118	73.0719	232	15.1634	64432	100.0000	164975	53.6178	0.9591
ESO1241101120S2K	EST2359005102S1K	na	NZ_AP027299.1	2900900	582176	20.0688	580908	99.7822	579339	99.7299	1268	0.2178	580603	99.7298	3066	0.5266	1493	48.6954	276	9.0020	2228	72.6680	508	16.5688	64432	100.0000	165191	42.7130	0.9512
ESO1241101120S2K	stools_11009101	na	NZ_AP027299.1	2900900	972671	33.5300	970860	99.8138	968199	99.7259	1811	0.1862	970005	99.7259	4869	0.5006	2203	45.2454	415	8.5233	3573	73.3826	835	17.1493	64432	100.0000	147316	70.8131	0.9685
ESO1241101120S2K	stools_11009150	na	NZ_AP027299.1	2900900	468536	16.1514	467626	99.8058	466337	99.7244	910	0.1942	467245	99.7245	2386	0.5092	1095	45.8927	188	7.8793	1871	78.4158	309	12.9505	64432	100.0000	171632	55.1616	0.9568
ESO1241101120S2K	stools_11015101	na	NZ_AP027299.1	2900900	982005	33.8517	979859	99.7815	977133	99.7218	2146	0.2185	979273	99.7218	5276	0.5373	2544	48.2183	441	8.3586	3688	69.9014	1103	20.9060	64432	100.0000	158137	48.7438	0.9473
ESO1241101120S2K	stools_11015501	na	NZ_AP027299.1	2900900	968378	33.3820	966561	99.8124	963871	99.7217	1817	0.1876	965683	99.7217	4909	0.5069	2214	45.1008	408	8.3113	3617	73.6810	832	16.9485	64432	81.4890	150519	45.7736	0.9454
ESO1241101120S2K	stools_11016150	na	NZ_AP027299.1	2900900	825734	28.4648	823879	99.7754	821696	99.7350	1855	0.2246	823546	99.7350	4366	0.5287	2178	49.8855	409	9.3678	2996	68.6212	856	19.6060	64432	100.0000	172291	57.8568	0.9572
ESO1241101120S2K	stools_11019101	na	NZ_AP027299.1	2900900	568761	19.6064	567301	99.7433	565201	99.6298	1460	0.2567	566652	99.6292	3768	0.6625	1659	44.0287	289	7.6699	2263	60.0584	1190	31.5817	64432	81.4890	285955	25.9226	0.9041
ESO1241101120S2K	stools_11019501	na	NZ_AP027299.1	2900900	398002	13.7199	397066	99.7648	395482	99.6011	936	0.2352	396416	99.6015	2695	0.6771	1109	41.1503	215	7.9777	1535	56.9573	899	33.3581	64432	100.0000	287305	32.5769	0.9038
ESO1241101120S2K	stools_11053501	na	NZ_AP027299.1	2900900	722283	24.8986	720834	99.7994	718887	99.7299	1449	0.2006	720333	99.7300	3674	0.5087	1724	46.9243	282	7.6756	2840	77.2999	533	14.5073	64432	100.0000	202530	48.0605	0.9502
ESO1241104120S1K	ESO1247210120S1K	na	NZ_CP055230.1	2835470	556284	19.6188	555656	99.8871	551402	99.2344	628	0.1129	552027	99.2347	6652	1.1958	2395	36.0042	1771	26.6236	2676	40.2285	2183	32.8172	114752	61.5780	104177	83.5405	0.9630
ESO1241104120S1K	EST1213404101S1K	na	NZ_CP055230.1	2835470	782591	27.6000	781722	99.8890	775865	99.2508	869	0.1110	776719	99.2497	9211	1.1770	3339	36.2501	2503	27.1740	3671	39.8545	2994	32.5046	114752	54.7563	96101	70.4457	0.9596
ESO1241104120S1K	EST1241104101S1K	na	NZ_CP055230.1	2835470	2217799	78.2163	2215122	99.8793	2215010	99.9949	2677	0.1207	2217682	99.9947	19299	0.8702	19182	99.3938	16804	87.0719	1521	7.8812	518	2.6841	114752	100.0000	111389	100.0000	0.9953
ESO1241104120S1K	EST1242805101S1K	na	NZ_CP055230.1	2835470	2238741	78.9548	2235716	99.8649	2218623	99.2355	3025	0.1351	2221612	99.2349	27694	1.2370	10565	38.1491	7711	27.8436	10488	37.8710	9386	33.8918	114752	68.6393	88853	87.1856	0.9757
ESO1241104120S1K	EST1247211101S1K	na	NZ_CP055230.1	2835470	1836604	64.7725	1833989	99.8576	1831091	99.8420	2615	0.1424	1833698	99.8418	15723	0.8561	12817	81.5175	10349	65.8208	2845	18.0945	1975	12.5612	114752	47.8275	57344	90.6058	0.9754
ESO1241104120S1K	EST1356602101S1K	na	NZ_CP055230.1	2835470	2251522	79.4056	2248857	99.8816	2245552	99.8530	2665	0.1184	2248206	99.8527	21052	0.9350	17736	84.2485	15304	72.6962	3292	15.6375	2080	9.8803	114752	53.2095	64073	91.5456	0.9777
ESO1241104120S1K	stools_11055101	na	NZ_CP055230.1	2835470	1627465	57.3967	1625728	99.8933	1624882	99.9480	1737	0.1067	1626615	99.9478	14720	0.9045	13870	94.2255	12264	83.3152	1479	10.0476	665	4.5177	114752	94.6180	125986	90.2497	0.9896
ESO1241104120S1K	stools_11110101	na	NZ_CP055230.1	2835470	1513595	53.3807	1511964	99.8922	1500741	99.2577	1631	0.1078	1502351	99.2571	17905	1.1829	6661	37.2019	5097	28.4669	7005	39.1231	5757	32.1530	114752	66.0041	75928	89.3873	0.9750
ESO1241104120S1K	stools_12098150	na	NZ_CP055230.1	2835470	2280106	80.4137	2277439	99.8830	2276869	99.9750	2667	0.1170	2279527	99.9746	19775	0.8673	19196	97.0721	16760	84.7535	1986	10.0430	681	3.4437	114752	100.0000	126421	94.4598	0.9953
ESO1242101120S1K	ESO1350507120S1K	na	NZ_AP027299.1	2900900	112653	3.8834	112561	99.9183	112399	99.8561	92	0.0817	112490	99.8553	389	0.3453	226	58.0977	135	34.7044	206	52.9563	45	11.5681	148815	92.2777	184706	84.1229	0.9764
ESO1242101120S1K	ESO1350511120S1K	na	NZ_AP027299.1	2900900	255006	8.7906	254877	99.9494	254540	99.8678	129	0.0506	254659	99.8639	758	0.2972	411	54.2216	295	38.9182	300	39.5778	154	20.3166	148815	92.2777	196183	71.7539	0.9823
ESO1242101120S1K	EST1242804101S1K	na	NZ_AP027299.1	2900900	399168	13.7601	398909	99.9351	398353	99.8606	259	0.0649	398607	99.8595	1178	0.2951	617	52.3769	367	31.1545	524	44.4822	281	23.8540	148815	92.2777	205731	56.1014	0.9546
ESO1242101120S1K	EST1247109101S1K	na	NZ_AP027299.1	2900900	226376	7.8036	226122	99.8878	225777	99.8474	254	0.1122	226023	99.8441	831	0.3671	478	57.5211	248	29.8436	256	30.8063	315	37.9061	148815	92.2777	178982	72.9705	0.9694
ESO1242101120S1K	EST1359005101S1K	na	NZ_AP027299.1	2900900	338558	11.6708	338267	99.9140	337946	99.9051	291	0.0860	338235	99.9046	1048	0.3095	725	69.1794	439	41.8893	385	36.7366	204	19.4656	148815	92.2777	144313	69.0298	0.9656
ESO1242101120S1K	EST1361007101S1K	na	NZ_AP027299.1	2900900	133859	4.6144	133771	99.9343	133511	99.8056	88	0.0657	133598	99.8050	486	0.3631	225	46.2963	140	28.8066	239	49.1770	106	21.8107	148815	92.2777	164975	75.2823	0.9719
ESO1242101120S1K	EST2359005102S1K	na	NZ_AP027299.1	2900900	279962	9.6509	279784	99.9364	279526	99.9078	178	0.0636	279704	99.9078	836	0.2986	578	69.1388	410	49.0431	290	34.6890	134	16.0287	148815	92.2777	165191	73.9502	0.9904
ESO1242101120S1K	stools_11009101	na	NZ_AP027299.1	2900900	457698	15.7778	457431	99.9417	456902	99.8844	267	0.0583	457161	99.8827	1275	0.2786	738	57.8824	481	37.7255	525	41.1765	231	18.1176	148815	83.1885	147316	72.9703	0.9609
ESO1242101120S1K	stools_11009150	na	NZ_AP027299.1	2900900	225366	7.7688	225230	99.9397	224941	99.8717	136	0.0603	225076	99.8713	645	0.2862	355	55.0388	222	34.4186	303	46.9767	118	18.2946	148815	92.2777	171632	74.1756	0.9747
ESO1242101120S1K	stools_11015101	na	NZ_AP027299.1	2900900	468630	16.1546	468245	99.9178	467691	99.8817	385	0.0822	468068	99.8801	1585	0.3382	1023	64.5426	651	41.0726	559	35.2681	369	23.2808	148815	92.2777	158137	83.3815	0.9849
ESO1242101120S1K	stools_11015501	na	NZ_AP027299.1	2900900	461893	15.9224	461616	99.9400	461050	99.8774	277	0.0600	461326	99.8772	1499	0.3245	932	62.1748	657	43.8292	565	37.6918	257	17.1448	148815	92.2777	150519	87.6361	0.9829
ESO1242101120S1K	stools_11016150	na	NZ_AP027299.1	2900900	392416	13.5274	392104	99.9205	391657	99.8860	312	0.0795	391965	99.8851	1158	0.2951	707	61.0535	423	36.5285	422	36.4421	307	26.5112	148815	92.2777	172291	75.9036	0.9788
ESO1242101120S1K	stools_11019101	na	NZ_AP027299.1	2900900	279190	9.6243	278963	99.9187	278100	99.6906	227	0.0813	278326	99.6905	1359	0.4868	495	36.4238	300	22.0751	472	34.7314	557	40.9860	148815	83.3021	285955	56.1889	0.9435
ESO1242101120S1K	stools_11019501	na	NZ_AP027299.1	2900900	192695	6.6426	192484	99.8905	191846	99.6685	211	0.1095	192048	99.6642	1095	0.5683	448	40.9132	261	23.8356	359	32.7854	453	41.3699	148815	83.3021	287305	54.8128	0.9426
ESO1242101120S1K	stools_11053501	na	NZ_AP027299.1	2900900	352280	12.1438	352094	99.9472	351649	99.8736	186	0.0528	351834	99.8734	938	0.2663	492	52.4520	309	32.9424	473	50.4264	153	16.3113	148815	92.2777	202530	68.8417	0.9718
ESO1247101120S1K	ESO1247109120S1K	na	NZ_CP055229.1	2711996	2308979	85.1395	2307572	99.9391	2306038	99.9335	1407	0.0609	2307439	99.9333	5205	0.2254	3665	70.4131	2334	44.8415	1095	21.0375	1620	31.1239	116445	66.9750	91251	81.2112	0.9772
ESO1247101120S1K	EST1212204101S1K	na	NZ_CP055229.1	2711996	2260739	83.3607	2259564	99.9480	2257471	99.9074	1175	0.0520	2258642	99.9072	5016	0.2219	2919	58.1938	1793	35.7456	1638	32.6555	1533	30.5622	116445	90.3998	108816	92.6362	0.9844
ESO1247101120S1K	EST1212206101S1K	na	NZ_CP055229.1	2711996	1502039	55.3850	1501459	99.9614	1500563	99.9403	580	0.0386	1501140	99.9401	2817	0.1875	1918	68.0866	1366	48.4913	663	23.5357	718	25.4881	116445	90.3998	117920	93.2488	0.9903
ESO1247101120S1K	EST1212206201S1K	na	NZ_CP055229.1	2711996	1434329	52.8883	1433807	99.9636	1432715	99.9238	522	0.0364	1433236	99.9238	2966	0.2068	1873	63.1490	1387	46.7633	740	24.9494	828	27.9164	116445	90.3998	117083	93.3030	0.9904
ESO1247101120S1K	EST1212705101S1K	na	NZ_CP055229.1	2711996	2164219	79.8017	2163477	99.9657	2162766	99.9671	742	0.0343	2163503	99.9669	4220	0.1950	3504	83.0332	2898	68.6730	554	13.1280	684	16.2085	116445	100.0000	116184	100.0000	0.9999
ESO1247101120S1K	EST1232702101S1K	na	NZ_CP055229.1	2711996	1188523	43.8247	1188070	99.9619	1187067	99.9156	453	0.0381	1187516	99.9153	2607	0.2193	1600	61.3732	1154	44.2654	521	19.9847	898	34.4457	116445	90.3998	110253	93.1802	0.9902
ESO1247101120S1K	EST1234709101S1K	na	NZ_CP055229.1	2711996	2293909	84.5838	2293090	99.9643	2292582	99.9778	819	0.0357	2293400	99.9778	4142	0.1806	3633	87.7113	2886	69.6765	607	14.6548	589	14.2202	116445	100.0000	123686	95.9138	0.9971
ESO1247101120S1K	EST1237103201S1K	na	NZ_CP055229.1	2711996	2275189	83.8935	2273421	99.9223	2272007	99.9378	1768	0.0777	2273769	99.9376	5562	0.2445	4142	74.4696	2483	44.6422	1017	18.2848	1965	35.3290	116445	90.3998	90064	100.0000	0.9895
ESO1247101120S1K	EST1238004201S1K	na	NZ_CP055229.1	2711996	2309426	85.1560	2302026	99.6796	2300758	99.9449	7400	0.3204	2308149	99.9447	10649	0.4611	9372	88.0083	2086	19.5887	1099	10.3202	7029	66.0062	116445	41.2779	40904	100.0000	0.9710
ESO1247101120S1K	EST1241108101S1K	na	NZ_CP055229.1	2711996	1931262	71.2118	1930308	99.9506	1929847	99.9761	954	0.0494	1930795	99.9758	3607	0.1868	3140	87.0530	2259	62.6282	473	13.1134	809	22.4286	116445	100.0000	126011	95.9265	0.9960
ESO1247101120S1K	EST1242101101S1K	na	NZ_CP055229.1	2711996	2079338	76.6719	2078501	99.9597	2077262	99.9404	837	0.0403	2078097	99.9403	4089	0.1966	2848	69.6503	2041	49.9144	940	22.9885	1032	25.2384	116445	90.3998	110796	90.3002	0.9880
ESO1247101120S1K	EST1242209101S1K	na	NZ_CP055229.1	2711996	2295904	84.6574	2295281	99.9729	2294734	99.9762	623	0.0271	2295355	99.9761	4069	0.1772	3520	86.5077	3060	75.2028	554	13.6151	381	9.3635	116445	100.0000	128353	91.0099	0.9951
ESO1247101120S1K	EST1247106101S1K	na	NZ_CP055229.1	2711996	1616840	59.6181	1616372	99.9711	1614379	99.8767	468	0.0289	1614846	99.8767	3522	0.2178	1528	43.3844	1065	30.2385	1371	38.9267	1054	29.9262	116445	61.5011	91241	100.0000	0.9756
ESO1247101120S1K	EST1254203101S1K	na	NZ_CP055229.1	2711996	2278699	84.0229	2277801	99.9606	2275034	99.8785	898	0.0394	2275922	99.8781	5238	0.2299	2461	46.9836	1635	31.2142	1843	35.1852	1682	32.1115	116445	61.5011	90047	100.0000	0.9760
ESO1247101120S1K	EST1256808101S1K	na	NZ_CP055229.1	2711996	2283092	84.1849	2282238	99.9626	2280664	99.9310	854	0.0374	2281513	99.9308	4804	0.2104	3225	67.1316	2452	51.0408	997	20.7535	1251	26.0408	116445	90.3998	123282	76.5675	0.9803
ESO1247101120S1K	EST1350511101S1K	na	NZ_CP055229.1	2711996	923737	34.0611	923547	99.9794	923190	99.9613	190	0.0206	923379	99.9612	1518	0.1643	1160	76.4163	975	64.2292	296	19.4993	208	13.7022	116445	100.0000	140570	92.9821	0.9902
ESO1247101120S1K	EST1356601101S1K	na	NZ_CP055229.1	2711996	2257521	83.2420	2256205	99.9417	2255961	99.9892	1316	0.0583	2257276	99.9891	4441	0.1967	4196	94.4832	2937	66.1338	440	9.9077	970	21.8419	116445	87.9857	103389	93.3610	0.9878
ESO1247101120S1K	EST1356604101S1K	na	NZ_CP055229.1	2711996	2260818	83.3636	2259992	99.9635	2257841	99.9048	826	0.0365	2258655	99.9043	4787	0.2117	2624	54.8151	1893	39.5446	1677	35.0324	1144	23.8981	116445	90.3998	92053	91.5549	0.9798
ESO1247101120S1K	EST1356611101S1K	na	NZ_CP055229.1	2711996	2307271	85.0765	2305847	99.9383	2304415	99.9379	1424	0.0617	2305836	99.9378	5251	0.2276	3816	72.6719	2511	47.8195	1038	19.7677	1623	30.9084	116445	90.3998	95043	100.0000	0.9914
ESO1247101120S1K	EST1356618101S1K	na	NZ_CP055229.1	2711996	662029	24.4111	661882	99.9778	661329	99.9165	147	0.0222	661476	99.9165	1295	0.1956	742	57.2973	595	45.9459	280	21.6216	404	31.1969	116445	90.3998	128440	93.2700	0.9868
ESO1247101120S1K	EST1358301101S1K	na	NZ_CP055229.1	2711996	2137544	78.8181	2136295	99.9416	2135663	99.9704	1249	0.0584	2136911	99.9704	4353	0.2036	3720	85.4583	2517	57.8222	588	13.5079	1179	27.0848	116445	100.0000	107077	100.0000	0.9955
ESO1247101120S1K	EST1358301201S1K	na	NZ_CP055229.1	2711996	2287955	84.3642	2286357	99.9302	2285642	99.9687	1598	0.0698	2287238	99.9687	5123	0.2239	4406	86.0043	2893	56.4708	612	11.9461	1536	29.9824	116445	100.0000	111228	100.0000	0.9974
ESO1247101120S1K	EST1358302101S1K	na	NZ_CP055229.1	2711996	2304192	84.9630	2302765	99.9381	2301340	99.9381	1427	0.0619	2302762	99.9379	5162	0.2240	3732	72.2976	2401	46.5130	1034	20.0310	1655	32.0612	116445	90.3998	100880	91.2460	0.9864
ESO1247101120S1K	EST1358304101S1K	na	NZ_CP055229.1	2711996	2298980	84.7708	2295024	99.8279	2293959	99.9536	3956	0.1721	2297909	99.9534	6608	0.2874	5537	83.7924	1634	24.7276	1177	17.8117	3056	46.2470	116445	61.5011	62044	100.0000	0.9785
ESO1247101120S1K	stools_11021150	na	NZ_CP055229.1	2711996	2296821	84.6912	2295407	99.9384	2294907	99.9782	1414	0.0616	2296320	99.9782	4794	0.2087	4293	89.5494	2987	62.3071	542	11.3058	1145	23.8840	116445	100.0000	109871	100.0000	0.9961
ESO1247101120S1K	stools_11024150	na	NZ_CP055229.1	2711996	2266521	83.5739	2263337	99.8595	2262830	99.9776	3184	0.1405	2266011	99.9775	6480	0.2859	5970	92.1296	2850	43.9815	560	8.6420	2979	45.9722	116445	100.0000	114735	100.0000	0.9979
ESO1247101120S1K	stools_11030101	na	NZ_CP055229.1	2711996	1843305	67.9686	1841691	99.9124	1839516	99.8819	1614	0.0876	1841123	99.8816	4960	0.2691	2778	56.0081	1198	24.1532	1413	28.4879	2300	46.3710	116445	61.5011	121323	76.1323	0.9637
ESO1247101120S1K	stools_11055101	na	NZ_CP055229.1	2711996	1416303	52.2236	1415422	99.9378	1402920	99.1167	881	0.0622	1403768	99.1149	14142	0.9985	1607	11.3633	763	5.3953	1456	10.2956	11910	84.2172	116445	50.8781	105680	47.6438	0.9512
ESO1247109120S1K	EST1212204101S1K	na	NZ_CP055229.1	2711996	2398145	88.4273	2396240	99.9206	2394209	99.9152	1905	0.0794	2396106	99.9150	5790	0.2414	3751	64.7841	1933	33.3851	2132	36.8221	1641	28.3420	91251	74.3323	108816	66.4424	0.9712
ESO1247109120S1K	EST1212206101S1K	na	NZ_CP055229.1	2711996	1617481	59.6417	1616397	99.9330	1615318	99.9332	1084	0.0670	1616392	99.9327	3554	0.2197	2465	69.3585	1450	40.7991	1116	31.4012	914	25.7175	91251	81.2112	117920	69.1596	0.9769
ESO1247109120S1K	EST1212206201S1K	na	NZ_CP055229.1	2711996	1542241	56.8674	1541246	99.9355	1540067	99.9235	995	0.0645	1541060	99.9234	3543	0.2297	2362	66.6667	1391	39.2605	1041	29.3819	1039	29.3254	91251	81.2112	117083	69.6369	0.9772
ESO1247109120S1K	EST1212705101S1K	na	NZ_CP055229.1	2711996	2217873	81.7801	2216581	99.9417	2215024	99.9298	1292	0.0583	2216307	99.9294	5101	0.2300	3535	69.3001	2356	46.1870	1409	27.6220	1127	22.0937	91251	81.2112	116184	67.0574	0.9773
ESO1247109120S1K	EST1232702101S1K	na	NZ_CP055229.1	2711996	1284192	47.3523	1283241	99.9259	1282111	99.9119	951	0.0741	1283055	99.9115	3305	0.2574	2168	65.5976	1230	37.2163	878	26.5658	1125	34.0393	91251	81.2112	110253	68.0616	0.9798
ESO1247109120S1K	EST1234709101S1K	na	NZ_CP055229.1	2711996	2417641	89.1462	2416160	99.9387	2414558	99.9337	1481	0.0613	2416029	99.9333	5411	0.2238	3799	70.2088	2373	43.8551	1708	31.5653	1220	22.5467	91251	91.2889	123686	68.0732	0.9785
ESO1247109120S1K	EST1237103201S1K	na	NZ_CP055229.1	2711996	2399791	88.4880	2397259	99.8945	2395593	99.9305	2532	0.1055	2398114	99.9301	6659	0.2775	4982	74.8160	2584	38.8046	1643	24.6734	2276	34.1793	91251	81.2112	90064	77.1363	0.9838
ESO1247109120S1K	EST1238004201S1K	na	NZ_CP055229.1	2711996	2450271	90.3494	2441740	99.6518	2440335	99.9425	8531	0.3482	2448853	99.9421	12066	0.4924	10648	88.2480	2268	18.7966	1712	14.1886	7579	62.8129	91251	11.2886	40904	33.7204	0.9587
ESO1247109120S1K	EST1241108101S1K	na	NZ_CP055229.1	2711996	2047433	75.4954	2045844	99.9224	2044591	99.9388	1589	0.0776	2046170	99.9383	4682	0.2287	3419	73.0243	1925	41.1149	1302	27.8086	1345	28.7270	91251	91.2889	126011	68.4123	0.9773
ESO1247109120S1K	EST1242101101S1K	na	NZ_CP055229.1	2711996	2214614	81.6599	2213027	99.9283	2211626	99.9367	1587	0.0717	2213205	99.9364	5072	0.2290	3663	72.2200	2146	42.3107	1519	29.9487	1284	25.3155	91251	81.2112	110796	71.4575	0.9796
ESO1247109120S1K	EST1242209101S1K	na	NZ_CP055229.1	2711996	2391567	88.1848	2390233	99.9442	2388620	99.9325	1334	0.0558	2389947	99.9323	5335	0.2231	3715	69.6345	2502	46.8978	1640	30.7404	1032	19.3440	91251	91.2889	128353	64.4130	0.9763
ESO1247109120S1K	EST1247106101S1K	na	NZ_CP055229.1	2711996	1736483	64.0297	1735456	99.9409	1733519	99.8884	1027	0.0591	1734542	99.8882	4091	0.2356	2150	52.5544	1141	27.8905	1728	42.2391	1187	29.0149	91251	44.3381	91241	68.3322	0.9620
ESO1247109120S1K	EST1254203101S1K	na	NZ_CP055229.1	2711996	2402361	88.5828	2400873	99.9381	2398102	99.8846	1488	0.0619	2399578	99.8842	5884	0.2449	3101	52.7022	1724	29.2998	2381	40.4657	1720	29.2318	91251	44.3381	90047	68.4209	0.9624
ESO1247109120S1K	EST1256808101S1K	na	NZ_CP055229.1	2711996	2414440	89.0282	2412845	99.9339	2411086	99.9271	1595	0.0661	2412672	99.9268	5827	0.2413	4059	69.6585	2629	45.1176	1650	28.3165	1378	23.6485	91251	100.0000	123282	74.5048	0.9861
ESO1247109120S1K	EST1350511101S1K	na	NZ_CP055229.1	2711996	1000569	36.8942	1000075	99.9506	999418	99.9343	494	0.0494	999910	99.9341	2036	0.2035	1377	67.6326	896	44.0079	694	34.0864	419	20.5796	91251	100.0000	140570	70.6125	0.9731
ESO1247109120S1K	EST1356601101S1K	na	NZ_CP055229.1	2711996	2372114	87.4675	2370120	99.9159	2368631	99.9372	1994	0.0841	2370620	99.9370	5758	0.2427	4264	74.0535	2337	40.5870	1605	27.8743	1703	29.5762	91251	91.2889	103389	77.9744	0.9855
ESO1247109120S1K	EST1356604101S1K	na	NZ_CP055229.1	2711996	2369078	87.3555	2367621	99.9385	2365468	99.9091	1457	0.0615	2366910	99.9085	5450	0.2300	3282	60.2202	1945	35.6881	2207	40.4954	1181	21.6697	91251	74.3323	92053	60.8541	0.9666
ESO1247109120S1K	EST1356611101S1K	na	NZ_CP055229.1	2711996	2444871	90.1502	2442743	99.9130	2441024	99.9296	2128	0.0870	2443144	99.9294	6336	0.2592	4609	72.7431	2627	41.4615	1673	26.4047	1905	30.0663	91251	81.2112	95043	78.4150	0.9855
ESO1247109120S1K	EST1356618101S1K	na	NZ_CP055229.1	2711996	717576	26.4593	717131	99.9380	716542	99.9179	445	0.0620	716987	99.9179	1662	0.2316	1073	64.5608	640	38.5078	539	32.4308	418	25.1504	91251	81.2112	128440	64.6746	0.9736
ESO1247109120S1K	EST1358301101S1K	na	NZ_CP055229.1	2711996	2262008	83.4075	2260032	99.9126	2258596	99.9365	1976	0.0874	2260566	99.9363	5609	0.2480	4167	74.2913	2311	41.2016	1459	26.0118	1715	30.5759	91251	81.2112	107077	65.6079	0.9775
ESO1247109120S1K	EST1358301201S1K	na	NZ_CP055229.1	2711996	2412490	88.9563	2410215	99.9057	2408540	99.9305	2275	0.0943	2410811	99.9304	6366	0.2639	4687	73.6255	2559	40.1979	1509	23.7041	2147	33.7260	91251	81.2112	111228	67.2367	0.9794
ESO1247109120S1K	EST1358302101S1K	na	NZ_CP055229.1	2711996	2446587	90.2135	2444410	99.9110	2442684	99.9294	2177	0.0890	2444852	99.9291	6331	0.2588	4596	72.5952	2511	39.6620	1713	27.0573	1973	31.1641	91251	81.2112	100880	77.6655	0.9833
ESO1247109120S1K	EST1358304101S1K	na	NZ_CP055229.1	2711996	2436159	89.8290	2431515	99.8094	2430461	99.9567	4644	0.1906	2435099	99.9565	7401	0.3038	6341	85.6776	1860	25.1317	1642	22.1862	3154	42.6159	91251	37.4593	62044	58.7212	0.9668
ESO1247109120S1K	stools_11021150	na	NZ_CP055229.1	2711996	2416514	89.1046	2414351	99.9105	2412728	99.9328	2163	0.0895	2414882	99.9325	6146	0.2543	4514	73.4461	2436	39.6355	1679	27.3186	1867	30.3775	91251	81.2112	109871	64.2899	0.9763
ESO1247109120S1K	stools_11024150	na	NZ_CP055229.1	2711996	2385613	87.9652	2381672	99.8348	2380083	99.9333	3941	0.1652	2384017	99.9331	7832	0.3283	6236	79.6221	2373	30.2988	1693	21.6164	3678	46.9612	91251	81.2112	114735	65.2643	0.9779
ESO1247109120S1K	stools_11030101	na	NZ_CP055229.1	2711996	1966248	72.5019	1963883	99.8797	1961682	99.8879	2365	0.1203	1964037	99.8876	5812	0.2956	3601	61.9580	1304	22.4363	1850	31.8307	2598	44.7006	91251	54.4158	121323	59.5238	0.9560
ESO1247109120S1K	stools_11055101	na	NZ_CP055229.1	2711996	1469318	54.1785	1468058	99.9142	1455070	99.1153	1260	0.0858	1456288	99.1132	15047	1.0241	2017	13.4047	837	5.5626	1746	11.6036	12428	82.5945	91251	11.2886	105680	14.1995	0.9336
ESO1247210120S1K	EST1213404101S1K	na	NZ_CP055230.1	2835470	229488	8.0935	229447	99.9821	229347	99.9564	41	0.0179	229385	99.9551	1567	0.6828	1464	93.4269	1426	91.0019	57	3.6375	85	5.4244	104177	100.0000	96101	90.9606	0.9838
ESO1247210120S1K	EST1241104101S1K	na	NZ_CP055230.1	2835470	551130	19.4370	550959	99.9690	546512	99.1929	171	0.0310	546681	99.1927	6390	1.1594	1941	30.3756	1778	27.8247	2209	34.5696	2409	37.6995	104177	83.5405	111389	61.8858	0.9654
ESO1247210120S1K	EST1242805101S1K	na	NZ_CP055230.1	2835470	589854	20.8027	589510	99.9417	588996	99.9128	344	0.0583	589338	99.9125	4626	0.7843	4110	88.8457	3774	81.5824	353	7.6308	451	9.7492	104177	83.5405	88853	85.0022	0.9802
ESO1247210120S1K	EST1247211101S1K	na	NZ_CP055230.1	2835470	468417	16.5199	468042	99.9199	464498	99.2428	375	0.0801	464866	99.2419	5107	1.0903	1556	30.4680	1188	23.2622	1982	38.8095	1873	36.6752	104177	52.7141	57344	56.0128	0.9677
ESO1247210120S1K	EST1356602101S1K	na	NZ_CP055230.1	2835470	574360	20.2563	574160	99.9652	569720	99.2267	200	0.0348	569916	99.2263	6497	1.1312	2053	31.5992	1861	28.6440	2253	34.6775	2380	36.6323	104177	61.7440	64073	58.9499	0.9675
ESO1247210120S1K	stools_11055101	na	NZ_CP055230.1	2835470	372371	13.1326	372238	99.9643	369148	99.1699	133	0.0357	369275	99.1686	4559	1.2243	1463	32.0904	1336	29.3047	1494	32.7703	1721	37.7495	104177	74.5107	125986	59.3709	0.9641
ESO1247210120S1K	stools_11110101	na	NZ_CP055230.1	2835470	420282	14.8223	420147	99.9679	419828	99.9241	135	0.0321	419963	99.9241	3199	0.7612	2880	90.0281	2746	85.8393	240	7.5023	214	6.6896	104177	54.1626	75928	70.3996	0.9775
ESO1247210120S1K	stools_12098150	na	NZ_CP055230.1	2835470	581106	20.4942	580917	99.9675	576316	99.2080	189	0.0325	576503	99.2079	6656	1.1454	2053	30.8444	1866	28.0349	2340	35.1562	2463	37.0042	104177	83.5405	126421	61.3450	0.9613
ESO1350507120S1K	ESO1350511120S1K	na	NZ_AP027299.1	2900900	293693	10.1242	293582	99.9622	293446	99.9537	111	0.0378	293556	99.9534	546	0.1859	409	74.9084	305	55.8608	69	12.6374	163	29.8535	184706	92.8811	196183	83.2972	0.9869
ESO1350507120S1K	EST1242804101S1K	na	NZ_AP027299.1	2900900	457455	15.7694	457304	99.9670	456950	99.9226	151	0.0330	457100	99.9224	834	0.1823	479	57.4341	329	39.4484	190	22.7818	307	36.8106	184706	100.0000	205731	69.7663	0.9651
ESO1350507120S1K	EST1247109101S1K	na	NZ_AP027299.1	2900900	260270	8.9720	260120	99.9424	259954	99.9362	150	0.0576	260102	99.9355	537	0.2063	369	68.7151	221	41.1546	59	10.9870	247	45.9963	184706	100.0000	178982	100.0000	0.9835
ESO1350507120S1K	EST1359005101S1K	na	NZ_AP027299.1	2900900	379242	13.0733	379092	99.9604	378837	99.9327	150	0.0396	378986	99.9325	727	0.1917	471	64.7868	326	44.8418	151	20.7703	248	34.1128	184706	92.8811	144313	85.3783	0.9610
ESO1350507120S1K	EST1361007101S1K	na	NZ_AP027299.1	2900900	156140	5.3825	156089	99.9673	155872	99.8610	51	0.0327	155923	99.8610	383	0.2453	166	43.3420	118	30.8094	106	27.6762	159	41.5144	184706	100.0000	164975	100.0000	0.9808
ESO1350507120S1K	EST2359005102S1K	na	NZ_AP027299.1	2900900	316079	10.8959	315942	99.9567	315710	99.9266	137	0.0433	315847	99.9266	609	0.1927	377	61.9048	242	39.7373	123	20.1970	244	40.0657	184706	100.0000	165191	87.4388	0.9772
ESO1350507120S1K	stools_11009101	na	NZ_AP027299.1	2900900	521961	17.9931	521838	99.9764	521629	99.9599	123	0.0236	521752	99.9600	834	0.1598	625	74.9400	507	60.7914	140	16.7866	161	19.3046	184706	90.6343	147316	91.7680	0.9728
ESO1350507120S1K	stools_11009150	na	NZ_AP027299.1	2900900	263029	9.0672	262964	99.9753	262840	99.9528	65	0.0247	262905	99.9529	425	0.1616	301	70.8235	239	56.2353	84	19.7647	91	21.4118	184706	100.0000	171632	87.7459	0.9842
ESO1350507120S1K	stools_11015101	na	NZ_AP027299.1	2900900	528791	18.2285	528572	99.9586	528481	99.9828	219	0.0414	528700	99.9828	839	0.1587	748	89.1538	530	63.1704	80	9.5352	192	22.8844	184706	91.2418	158137	87.7315	0.9809
ESO1350507120S1K	stools_11015501	na	NZ_AP027299.1	2900900	523558	18.0481	523414	99.9725	523323	99.9826	144	0.0275	523464	99.9820	806	0.1539	712	88.3375	571	70.8437	72	8.9330	115	14.2680	184706	84.1229	150519	87.6361	0.9789
ESO1350507120S1K	stools_11016150	na	NZ_AP027299.1	2900900	456458	15.7350	456244	99.9531	456032	99.9535	214	0.0469	456246	99.9536	866	0.1897	654	75.5196	440	50.8083	130	15.0115	282	32.5635	184706	100.0000	172291	96.3475	0.9807
ESO1350507120S1K	stools_11019101	na	NZ_AP027299.1	2900900	310835	10.7151	310660	99.9437	309845	99.7377	175	0.0563	310019	99.7375	1113	0.3581	297	26.6846	124	11.1411	231	20.7547	748	67.2058	184706	69.8965	285955	48.2212	0.9244
ESO1350507120S1K	stools_11019501	na	NZ_AP027299.1	2900900	221845	7.6475	221733	99.9495	221075	99.7032	112	0.0505	221186	99.7029	860	0.3877	201	23.3721	90	10.4651	176	20.4651	592	68.8372	184706	77.0154	287305	52.5657	0.9218
ESO1350507120S1K	stools_11053501	na	NZ_AP027299.1	2900900	399901	13.7854	399806	99.9762	399551	99.9362	95	0.0238	399646	99.9362	666	0.1665	411	61.7117	319	47.8979	166	24.9249	165	24.7748	184706	100.0000	202530	84.9770	0.9791
ESO1350511120S1K	EST1242804101S1K	na	NZ_AP027299.1	2900900	1072434	36.9690	1071898	99.9500	1071097	99.9253	536	0.0500	1071631	99.9251	2219	0.2069	1416	63.8125	892	40.1983	618	27.8504	697	31.4105	196183	96.8091	205731	81.9872	0.9677
ESO1350511120S1K	EST1247109101S1K	na	NZ_AP027299.1	2900900	596576	20.5652	596187	99.9348	595817	99.9379	389	0.0652	596196	99.9363	1302	0.2182	922	70.8141	563	43.2412	246	18.8940	445	34.1782	196183	87.2940	178982	89.3626	0.9811
ESO1350511120S1K	EST1359005101S1K	na	NZ_AP027299.1	2900900	906348	31.2437	905903	99.9509	905197	99.9221	445	0.0491	905640	99.9219	1915	0.2113	1207	63.0287	784	40.9399	476	24.8564	607	31.6971	196183	91.7674	144313	95.1938	0.9717
ESO1350511120S1K	EST1361007101S1K	na	NZ_AP027299.1	2900900	370672	12.7778	370520	99.9590	370008	99.8618	152	0.0410	370155	99.8605	901	0.2431	384	42.6193	239	26.5261	368	40.8435	290	32.1865	196183	87.7706	164975	91.2338	0.9799
ESO1350511120S1K	EST2359005102S1K	na	NZ_AP027299.1	2900900	735522	25.3550	735182	99.9538	734672	99.9306	340	0.0462	735007	99.9300	1471	0.2000	956	64.9898	625	42.4881	369	25.0850	451	30.6594	196183	91.7674	165191	95.9871	0.9826
ESO1350511120S1K	stools_11009101	na	NZ_AP027299.1	2900900	1264573	43.5924	1264074	99.9605	1263604	99.9628	499	0.0395	1264101	99.9627	2282	0.1805	1810	79.3164	1331	58.3260	440	19.2813	418	18.3173	196183	81.3067	147316	91.5318	0.9694
ESO1350511120S1K	stools_11009150	na	NZ_AP027299.1	2900900	605744	20.8812	605581	99.9731	605285	99.9511	163	0.0269	605446	99.9508	1038	0.1714	740	71.2909	583	56.1657	281	27.0713	156	15.0289	196183	91.7674	171632	92.7315	0.9824
ESO1350511120S1K	stools_11015101	na	NZ_AP027299.1	2900900	1275251	43.9605	1274447	99.9370	1273900	99.9571	804	0.0630	1274701	99.9569	2753	0.2159	2203	80.0218	1433	52.0523	479	17.3992	755	27.4246	196183	91.7674	158137	95.6500	0.9791
ESO1350511120S1K	stools_11015501	na	NZ_AP027299.1	2900900	1257188	43.3379	1256754	99.9655	1256252	99.9601	434	0.0345	1256684	99.9599	2338	0.1860	1834	78.4431	1405	60.0941	506	21.6424	390	16.6809	196183	91.7674	150519	100.0000	0.9795
ESO1350511120S1K	stools_11016150	na	NZ_AP027299.1	2900900	1061603	36.5956	1061046	99.9475	1060623	99.9601	557	0.0525	1061178	99.9600	1993	0.1877	1568	78.6754	1036	51.9819	367	18.4145	536	26.8941	196183	87.7706	172291	89.7162	0.9783
ESO1350511120S1K	stools_11019101	na	NZ_AP027299.1	2900900	725818	25.0204	725352	99.9358	723652	99.7656	466	0.0642	724102	99.7636	2430	0.3348	714	29.3827	285	11.7284	716	29.4650	1413	58.1481	196183	82.2910	285955	58.8093	0.9231
ESO1350511120S1K	stools_11019501	na	NZ_AP027299.1	2900900	497391	17.1461	497114	99.9443	495738	99.7232	277	0.0557	496014	99.7232	1851	0.3721	474	25.6078	210	11.3452	540	29.1734	1100	59.4273	196183	82.2910	287305	56.5128	0.9149
ESO1350511120S1K	stools_11053501	na	NZ_AP027299.1	2900900	923897	31.8486	923608	99.9687	922953	99.9291	289	0.0313	923239	99.9288	1672	0.1810	1014	60.6459	731	43.7201	549	32.8349	375	22.4282	196183	94.9583	202530	91.2423	0.9830
ESO1361010120S1K	EST1242103101S1K	na	NZ_CP109802.1	2880439	92506	3.2115	92310	99.7881	91608	99.2395	196	0.2119	91796	99.2325	953	1.0302	243	25.4984	55	5.7712	124	13.0115	766	80.3778	81624	30.0439	37615	31.6921	0.9668
ESO1361010120S1K	stools_12101150	na	NZ_CP109802.1	2880439	150220	5.2152	150006	99.8575	149485	99.6527	214	0.1425	149695	99.6505	823	0.5479	298	36.2090	91	11.0571	302	36.6950	423	51.3973	81624	64.0706	51851	68.1588	0.9804
EST1212204101S1K	EST1212206101S1K	na	NZ_CP055229.1	2711996	1608933	59.3265	1607788	99.9288	1606604	99.9264	1145	0.0712	1607748	99.9263	3512	0.2183	2327	66.2585	1234	35.1367	1072	30.5239	1118	31.8337	108816	100.0000	117920	93.0393	0.9918
EST1212204101S1K	EST1212206201S1K	na	NZ_CP055229.1	2711996	1523530	56.1774	1522489	99.9317	1521061	99.9062	1041	0.0683	1522094	99.9057	3559	0.2336	2123	59.6516	1149	32.2843	1087	30.5423	1296	36.4147	108816	100.0000	117083	92.6932	0.9916
EST1212204101S1K	EST1212705101S1K	na	NZ_CP055229.1	2711996	2168964	79.9767	2167934	99.9525	2165828	99.9029	1030	0.0475	2166845	99.9023	4848	0.2235	2729	56.2913	1771	36.5305	1301	26.8358	1718	35.4373	108816	92.6362	116184	90.3773	0.9843
EST1212204101S1K	EST1232702101S1K	na	NZ_CP055229.1	2711996	1267183	46.7251	1266337	99.9332	1264918	99.8879	846	0.0668	1265755	99.8873	3186	0.2514	1758	55.1789	959	30.1004	830	26.0515	1341	42.0904	108816	100.0000	110253	94.1217	0.9908
EST1212204101S1K	EST1234709101S1K	na	NZ_CP055229.1	2711996	2374264	87.5467	2372891	99.9422	2370738	99.9093	1373	0.0578	2372105	99.9091	5352	0.2254	3193	59.6599	1895	35.4073	1683	31.4462	1727	32.2683	108816	92.6362	123686	86.7802	0.9832
EST1212204101S1K	EST1237103201S1K	na	NZ_CP055229.1	2711996	2352838	86.7567	2350657	99.9073	2348561	99.9108	2181	0.0927	2350732	99.9105	6093	0.2590	3987	65.4357	1991	32.6768	1421	23.3218	2617	42.9509	108816	92.6362	90064	92.9284	0.9835
EST1212204101S1K	EST1238004201S1K	na	NZ_CP055229.1	2711996	2403844	88.6374	2395685	99.6606	2394072	99.9327	8159	0.3394	2402221	99.9325	11434	0.4757	9811	85.8055	1797	15.7163	1485	12.9876	7889	68.9960	108816	44.1066	40904	100.0000	0.9746
EST1212204101S1K	EST1241108101S1K	na	NZ_CP055229.1	2711996	2025039	74.6697	2023495	99.9238	2021904	99.9214	1544	0.0762	2023442	99.9211	4573	0.2258	2976	65.0776	1572	34.3757	1256	27.4656	1716	37.5246	108816	92.6362	126011	86.8829	0.9823
EST1212204101S1K	EST1242101101S1K	na	NZ_CP055229.1	2711996	2192225	80.8344	2190689	99.9299	2188930	99.9197	1536	0.0701	2190462	99.9196	4905	0.2237	3142	64.0571	1655	33.7411	1532	31.2334	1655	33.7411	108816	100.0000	110796	94.1586	0.9900
EST1212204101S1K	EST1242209101S1K	na	NZ_CP055229.1	2711996	2341075	86.3230	2340007	99.9544	2337829	99.9069	1068	0.0456	2338890	99.9067	5054	0.2159	2869	56.7669	1877	37.1389	1518	30.0356	1589	31.4404	108816	100.0000	128353	87.3739	0.9844
EST1212204101S1K	EST1247106101S1K	na	NZ_CP055229.1	2711996	1724532	63.5890	1723508	99.9406	1721824	99.9023	1024	0.0594	1722847	99.9023	3826	0.2219	2141	55.9592	1176	30.7371	1498	39.1532	1110	29.0120	108816	73.9009	91241	100.0000	0.9851
EST1212204101S1K	EST1254203101S1K	na	NZ_CP055229.1	2711996	2362885	87.1272	2361614	99.9462	2359301	99.9021	1271	0.0538	2360558	99.9015	5194	0.2198	2867	55.1983	1727	33.2499	1783	34.3281	1611	31.0166	108816	73.9009	90047	100.0000	0.9854
EST1212204101S1K	EST1256808101S1K	na	NZ_CP055229.1	2711996	2354284	86.8100	2353065	99.9482	2350793	99.9034	1219	0.0518	2352004	99.9032	5334	0.2266	3054	57.2553	2002	37.5328	1454	27.2591	1812	33.9708	108816	100.0000	123282	75.7020	0.9781
EST1212204101S1K	EST1350511101S1K	na	NZ_CP055229.1	2711996	991942	36.5761	991323	99.9376	990501	99.9171	619	0.0624	991119	99.9170	2156	0.2174	1333	61.8275	716	33.2096	844	39.1466	577	26.7625	108816	100.0000	140570	78.2898	0.9817
EST1212204101S1K	EST1356601101S1K	na	NZ_CP055229.1	2711996	2331929	85.9857	2330076	99.9205	2327957	99.9091	1853	0.0795	2329806	99.9090	5700	0.2444	3577	62.7544	1822	31.9649	1631	28.6140	2220	38.9474	108816	92.6362	103389	74.6840	0.9735
EST1212204101S1K	EST1356604101S1K	na	NZ_CP055229.1	2711996	2335357	86.1121	2334217	99.9512	2334055	99.9931	1140	0.0488	2335195	99.9931	3906	0.1673	3744	95.8525	2721	69.6621	773	19.7901	296	7.5781	108816	100.0000	92053	100.0000	0.9933
EST1212204101S1K	EST1356611101S1K	na	NZ_CP055229.1	2711996	2395705	88.3373	2393905	99.9249	2391804	99.9122	1800	0.0751	2393599	99.9121	5725	0.2390	3619	63.2140	1943	33.9389	1460	25.5022	2267	39.5983	108816	92.6362	95043	93.3104	0.9853
EST1212204101S1K	EST1356618101S1K	na	NZ_CP055229.1	2711996	714093	26.3309	713670	99.9408	712999	99.9060	423	0.0592	713410	99.9044	1614	0.2260	931	57.6828	523	32.4040	513	31.7844	532	32.9616	108816	92.6362	128440	93.2700	0.9832
EST1212204101S1K	EST1358301101S1K	na	NZ_CP055229.1	2711996	2224098	82.0096	2222301	99.9192	2220376	99.9134	1797	0.0808	2222170	99.9133	5373	0.2416	3445	64.1169	1811	33.7056	1341	24.9581	2202	40.9827	108816	92.6362	107077	83.0552	0.9806
EST1212204101S1K	EST1358301201S1K	na	NZ_CP055229.1	2711996	2366314	87.2536	2364267	99.9135	2362059	99.9066	2047	0.0865	2364104	99.9066	6053	0.2558	3843	63.4892	1950	32.2154	1385	22.8812	2667	44.0608	108816	92.6362	111228	83.9222	0.9825
EST1212204101S1K	EST1358302101S1K	na	NZ_CP055229.1	2711996	2398569	88.4429	2396620	99.9187	2394560	99.9140	1949	0.0813	2396502	99.9138	5833	0.2432	3766	64.5637	1942	33.2933	1568	26.8815	2261	38.7622	108816	100.0000	100880	93.6935	0.9868
EST1212204101S1K	EST1358304101S1K	na	NZ_CP055229.1	2711996	2401216	88.5405	2396654	99.8100	2395491	99.9515	4562	0.1900	2400051	99.9515	7245	0.3017	6080	83.9199	1626	22.4431	1635	22.5673	3642	50.2692	108816	66.5371	62044	100.0000	0.9823
EST1212204101S1K	stools_11021150	na	NZ_CP055229.1	2711996	2370845	87.4207	2368910	99.9184	2366708	99.9070	1935	0.0816	2368634	99.9067	5934	0.2503	3723	62.7401	1906	32.1200	1561	26.3060	2399	40.4280	108816	92.6362	109871	89.7999	0.9818
EST1212204101S1K	stools_11024150	na	NZ_CP055229.1	2711996	2346563	86.5253	2342786	99.8390	2340647	99.9087	3777	0.1610	2344421	99.9087	7654	0.3262	5512	72.0146	1793	23.4257	1664	21.7403	4140	54.0894	108816	92.6362	114735	90.0806	0.9836
EST1212204101S1K	stools_11030101	na	NZ_CP055229.1	2711996	1947247	71.8012	1945002	99.8847	1943117	99.9031	2245	0.1153	1945355	99.9028	5375	0.2760	3483	64.8000	1375	25.5814	1491	27.7395	2484	46.2140	108816	73.9009	121323	69.4419	0.9736
EST1212204101S1K	stools_11055101	na	NZ_CP055229.1	2711996	1442431	53.1871	1441374	99.9267	1428902	99.1347	1057	0.0733	1429921	99.1327	14327	0.9933	1817	12.6823	826	5.7653	1401	9.7787	12051	84.1139	108816	51.4704	105680	49.0140	0.9576
EST1212206101S1K	EST1212206201S1K	na	NZ_CP055229.1	2711996	1072656	39.5523	1072064	99.9448	1071863	99.9813	592	0.0552	1072454	99.9812	1897	0.1769	1695	89.3516	1199	63.2051	256	13.4950	333	17.5540	117920	100.0000	117083	100.0000	0.9990
EST1212206101S1K	EST1212705101S1K	na	NZ_CP055229.1	2711996	1413406	52.1168	1412968	99.9690	1412020	99.9329	438	0.0310	1412457	99.9329	2654	0.1878	1705	64.2427	1278	48.1537	539	20.3090	743	27.9955	117920	93.2488	116184	90.3773	0.9902
EST1212206101S1K	EST1232702101S1K	na	NZ_CP055229.1	2711996	894610	32.9871	894021	99.9342	893628	99.9560	589	0.0658	894209	99.9552	1950	0.2180	1549	79.4359	975	50.0000	236	12.1026	639	32.7692	117920	100.0000	110253	100.0000	0.9967
EST1212206101S1K	EST1234709101S1K	na	NZ_CP055229.1	2711996	1610858	59.3975	1610066	99.9508	1608964	99.9316	792	0.0492	1609750	99.9312	3282	0.2037	2174	66.2401	1405	42.8093	927	28.2450	848	25.8379	117920	93.2488	123686	86.7802	0.9910
EST1212206101S1K	EST1237103201S1K	na	NZ_CP055229.1	2711996	1585327	58.4561	1583997	99.9161	1583821	99.9889	1330	0.0839	1585149	99.9888	3191	0.2013	3013	94.4218	1785	55.9386	355	11.1250	859	26.9195	117920	87.0879	90064	100.0000	0.9894
EST1212206101S1K	EST1238004201S1K	na	NZ_CP055229.1	2711996	1623121	59.8497	1617857	99.6757	1617691	99.9897	5264	0.3243	1622954	99.9897	6838	0.4213	6671	97.5578	1517	22.1848	374	5.4694	4458	65.1945	117920	36.7580	40904	100.0000	0.9711
EST1212206101S1K	EST1241108101S1K	na	NZ_CP055229.1	2711996	1426843	52.6123	1425764	99.9244	1424867	99.9371	1079	0.0756	1425940	99.9367	3161	0.2215	2258	71.4331	1307	41.3477	719	22.7460	1045	33.0592	117920	93.2488	126011	86.8829	0.9916
EST1212206101S1K	EST1242101101S1K	na	NZ_CP055229.1	2711996	1536430	56.6531	1535466	99.9373	1535246	99.9857	964	0.0627	1536204	99.9853	2814	0.1832	2588	91.9687	1667	59.2395	523	18.5856	449	15.9559	117920	93.8390	110796	100.0000	0.9950
EST1212206101S1K	EST1242209101S1K	na	NZ_CP055229.1	2711996	1563497	57.6512	1562950	99.9650	1561953	99.9362	547	0.0350	1562494	99.9358	2910	0.1861	1907	65.5326	1383	47.5258	763	26.2199	674	23.1615	117920	100.0000	128353	87.3739	0.9914
EST1212206101S1K	EST1247106101S1K	na	NZ_CP055229.1	2711996	1216142	44.8431	1215468	99.9446	1214208	99.8963	674	0.0554	1214878	99.8961	2683	0.2206	1419	52.8886	763	28.4383	1100	40.9989	816	30.4137	117920	71.2593	91241	100.0000	0.9840
EST1212206101S1K	EST1254203101S1K	na	NZ_CP055229.1	2711996	1576775	58.1408	1576099	99.9571	1574479	99.8972	676	0.0429	1575150	99.8969	3302	0.2094	1677	50.7874	1013	30.6784	1231	37.2804	1016	30.7692	117920	71.2593	90047	100.0000	0.9842
EST1212206101S1K	EST1256808101S1K	na	NZ_CP055229.1	2711996	1579394	58.2373	1578733	99.9581	1577739	99.9370	661	0.0419	1578397	99.9369	3069	0.1943	2072	67.5138	1477	48.1264	712	23.1997	789	25.7087	117920	93.8390	123282	80.7742	0.9820
EST1212206101S1K	EST1350511101S1K	na	NZ_CP055229.1	2711996	730555	26.9379	730164	99.9465	729665	99.9317	391	0.0535	730049	99.9307	1508	0.2064	1002	66.4456	623	41.3130	596	39.5225	260	17.2414	117920	100.0000	140570	84.1858	0.9853
EST1212206101S1K	EST1356601101S1K	na	NZ_CP055229.1	2711996	1589082	58.5946	1587977	99.9305	1586977	99.9370	1105	0.0695	1588080	99.9369	3502	0.2204	2500	71.3878	1471	42.0046	793	22.6442	1133	32.3529	117920	81.2525	103389	82.4759	0.9805
EST1212206101S1K	EST1356604101S1K	na	NZ_CP055229.1	2711996	1546798	57.0354	1546161	99.9588	1544988	99.9241	637	0.0412	1545614	99.9235	2964	0.1916	1780	60.0540	1161	39.1700	1108	37.3819	603	20.3441	117920	93.0393	92053	100.0000	0.9863
EST1212206101S1K	EST1356611101S1K	na	NZ_CP055229.1	2711996	1616366	59.6006	1615255	99.9313	1615052	99.9874	1111	0.0687	1616162	99.9874	3032	0.1876	2828	93.2718	1781	58.7401	379	12.5000	733	24.1755	117920	87.0879	95043	100.0000	0.9912
EST1212206101S1K	EST1356618101S1K	na	NZ_CP055229.1	2711996	517642	19.0871	517372	99.9478	517019	99.9318	270	0.0522	517289	99.9318	1105	0.2135	752	68.0543	492	44.5249	284	25.7014	221	20.0000	117920	93.2488	128440	93.2700	0.9873
EST1212206101S1K	EST1358301101S1K	na	NZ_CP055229.1	2711996	1525605	56.2540	1524379	99.9196	1523356	99.9329	1226	0.0804	1524579	99.9327	3552	0.2328	2526	71.1149	1345	37.8660	796	22.4099	1354	38.1194	117920	93.2488	107077	89.2918	0.9867
EST1212206101S1K	EST1358301201S1K	na	NZ_CP055229.1	2711996	1604361	59.1579	1602962	99.9128	1601849	99.9306	1399	0.0872	1603243	99.9303	3896	0.2428	2778	71.3039	1456	37.3717	776	19.9179	1580	40.5544	117920	93.2488	111228	89.7337	0.9884
EST1212206101S1K	EST1358302101S1K	na	NZ_CP055229.1	2711996	1622781	59.8371	1621543	99.9237	1621322	99.9864	1238	0.0763	1622558	99.9863	3201	0.1973	2978	93.0334	1795	56.0762	460	14.3705	807	25.2109	117920	93.8390	100880	100.0000	0.9898
EST1212206101S1K	EST1358304101S1K	na	NZ_CP055229.1	2711996	1626326	59.9679	1623320	99.8152	1622648	99.9586	3006	0.1848	1625650	99.9584	4710	0.2896	4034	85.6476	1149	24.3949	878	18.6412	2299	48.8110	117920	57.5475	62044	100.0000	0.9787
EST1212206101S1K	stools_11021150	na	NZ_CP055229.1	2711996	1599977	58.9963	1598832	99.9284	1597719	99.9304	1145	0.0716	1598862	99.9303	3641	0.2276	2526	69.3765	1446	39.7144	809	22.2192	1280	35.1552	117920	93.2488	109871	89.7999	0.9878
EST1212206101S1K	stools_11024150	na	NZ_CP055229.1	2711996	1595699	58.8385	1593279	99.8483	1592190	99.9317	2420	0.1517	1594609	99.9317	4871	0.3053	3781	77.6227	1388	28.4952	873	17.9224	2527	51.8785	117920	93.2488	114735	90.0806	0.9893
EST1212206101S1K	stools_11030101	na	NZ_CP055229.1	2711996	1372206	50.5976	1370564	99.8803	1369145	99.8965	1642	0.1197	1370782	99.8962	3904	0.2845	2480	63.5246	876	22.4385	1071	27.4334	1924	49.2828	117920	71.2593	121323	76.1323	0.9723
EST1212206101S1K	stools_11055101	na	NZ_CP055229.1	2711996	912514	33.6473	912049	99.9490	904076	99.1258	465	0.0510	904524	99.1244	8958	0.9817	968	10.8060	524	5.8495	767	8.5622	7641	85.2981	117920	43.5092	105680	49.0140	0.9537
EST1212206201S1K	EST1212705101S1K	na	NZ_CP055229.1	2711996	1360303	50.1587	1359906	99.9708	1358772	99.9166	397	0.0292	1359166	99.9164	2839	0.2087	1702	59.9507	1342	47.2702	657	23.1420	824	29.0243	117083	93.3030	116184	90.3773	0.9903
EST1212206201S1K	EST1232702101S1K	na	NZ_CP055229.1	2711996	838886	30.9324	838396	99.9416	838107	99.9655	490	0.0584	838590	99.9647	1818	0.2167	1522	83.7184	1057	58.1408	218	11.9912	477	26.2376	117083	100.0000	110253	100.0000	0.9972
EST1212206201S1K	EST1234709101S1K	na	NZ_CP055229.1	2711996	1528696	56.3679	1527958	99.9517	1526736	99.9200	738	0.0483	1527472	99.9199	3362	0.2199	2138	63.5931	1425	42.3855	1073	31.9155	853	25.3718	117083	93.3030	123686	86.7802	0.9911
EST1212206201S1K	EST1237103201S1K	na	NZ_CP055229.1	2711996	1508962	55.6403	1507711	99.9171	1507541	99.9887	1251	0.0829	1508790	99.9886	3186	0.2111	3014	94.6014	1860	58.3804	407	12.7746	805	25.2668	117083	93.3030	90064	100.0000	0.9876
EST1212206201S1K	EST1238004201S1K	na	NZ_CP055229.1	2711996	1544616	56.9550	1539666	99.6795	1539473	99.9875	4950	0.3205	1544420	99.9873	6546	0.4238	6350	97.0058	1497	22.8689	344	5.2551	4202	64.1919	117083	36.1555	40904	100.0000	0.9715
EST1212206201S1K	EST1241108101S1K	na	NZ_CP055229.1	2711996	1327251	48.9400	1326320	99.9299	1325373	99.9286	931	0.0701	1326299	99.9283	3054	0.2301	2102	68.8278	1279	41.8795	810	26.5226	928	30.3864	117083	93.3030	126011	86.8829	0.9917
EST1212206201S1K	EST1242101101S1K	na	NZ_CP055229.1	2711996	1432088	52.8057	1431225	99.9397	1431017	99.9855	863	0.0603	1431880	99.9855	2645	0.1847	2437	92.1361	1602	60.5671	563	21.2854	402	15.1985	117083	100.0000	110796	100.0000	0.9951
EST1212206201S1K	EST1242209101S1K	na	NZ_CP055229.1	2711996	1490781	54.9699	1490328	99.9696	1489173	99.9225	453	0.0304	1489626	99.9225	2975	0.1996	1820	61.1765	1406	47.2605	834	28.0336	724	24.3361	117083	100.0000	128353	87.3739	0.9914
EST1212206201S1K	EST1247106101S1K	na	NZ_CP055229.1	2711996	1132121	41.7449	1131510	99.9460	1130194	99.8837	611	0.0540	1130803	99.8836	2620	0.2314	1302	49.6947	699	26.6794	1166	44.5038	732	27.9389	117083	71.1017	91241	100.0000	0.9840
EST1212206201S1K	EST1254203101S1K	na	NZ_CP055229.1	2711996	1504991	55.4939	1504345	99.9571	1502611	99.8847	646	0.0429	1503256	99.8847	3345	0.2223	1610	48.1315	969	28.9686	1354	40.4783	974	29.1181	117083	71.1017	90047	100.0000	0.9841
EST1212206201S1K	EST1256808101S1K	na	NZ_CP055229.1	2711996	1506272	55.5411	1505708	99.9626	1504616	99.9275	564	0.0374	1505176	99.9272	3041	0.2019	1945	63.9592	1448	47.6159	821	26.9977	718	23.6107	117083	100.0000	123282	80.7742	0.9823
EST1212206201S1K	EST1350511101S1K	na	NZ_CP055229.1	2711996	663786	24.4759	663425	99.9456	662816	99.9082	361	0.0544	663176	99.9081	1549	0.2334	939	60.6198	579	37.3790	677	43.7056	270	17.4306	117083	100.0000	140570	84.1858	0.9850
EST1212206201S1K	EST1356601101S1K	na	NZ_CP055229.1	2711996	1501951	55.3818	1500912	99.9308	1499747	99.9224	1039	0.0692	1500785	99.9224	3581	0.2384	2415	67.4393	1459	40.7428	919	25.6632	1157	32.3094	117083	93.3030	103389	82.4759	0.9804
EST1212206201S1K	EST1356604101S1K	na	NZ_CP055229.1	2711996	1476179	54.4315	1475663	99.9650	1474188	99.9000	516	0.0350	1474696	99.8995	3057	0.2071	1574	51.4884	1087	35.5577	1264	41.3477	677	22.1459	117083	92.6932	92053	100.0000	0.9862
EST1212206201S1K	EST1356611101S1K	na	NZ_CP055229.1	2711996	1539987	56.7843	1539106	99.9428	1538908	99.9871	881	0.0572	1539780	99.9866	2889	0.1876	2682	92.8349	1878	65.0052	362	12.5303	614	21.2530	117083	93.3030	95043	100.0000	0.9916
EST1212206201S1K	EST1356618101S1K	na	NZ_CP055229.1	2711996	470720	17.3570	470446	99.9418	470109	99.9284	274	0.0582	470382	99.9282	1067	0.2267	729	68.3224	459	43.0178	335	31.3964	187	17.5258	117083	93.3030	128440	93.2700	0.9899
EST1212206201S1K	EST1358301101S1K	na	NZ_CP055229.1	2711996	1438790	53.0528	1437675	99.9225	1436554	99.9220	1115	0.0775	1437658	99.9213	3547	0.2465	2415	68.0857	1362	38.3986	855	24.1049	1303	36.7353	117083	93.3030	107077	89.2918	0.9866
EST1212206201S1K	EST1358301201S1K	na	NZ_CP055229.1	2711996	1522891	56.1539	1521670	99.9198	1520404	99.9168	1221	0.0802	1521610	99.9159	3893	0.2556	2612	67.0948	1456	37.4005	840	21.5772	1545	39.6866	117083	93.3030	111228	89.7337	0.9884
EST1212206201S1K	EST1358302101S1K	na	NZ_CP055229.1	2711996	1544899	56.9654	1543806	99.9293	1543590	99.9860	1093	0.0707	1544671	99.9852	3108	0.2012	2880	92.6641	1866	60.0386	471	15.1544	713	22.9408	117083	100.0000	100880	100.0000	0.9900
EST1212206201S1K	EST1358304101S1K	na	NZ_CP055229.1	2711996	1545158	56.9749	1542337	99.8174	1541540	99.9483	2821	0.1826	1544359	99.9483	4580	0.2964	3781	82.5546	1027	22.4236	988	21.5721	2093	45.6987	117083	57.0980	62044	100.0000	0.9786
EST1212206201S1K	stools_11021150	na	NZ_CP055229.1	2711996	1522741	56.1483	1521636	99.9274	1520403	99.9190	1105	0.0726	1521503	99.9187	3740	0.2456	2502	66.8984	1451	38.7968	950	25.4011	1314	35.1337	117083	93.3030	109871	89.7999	0.9879
EST1212206201S1K	stools_11024150	na	NZ_CP055229.1	2711996	1511065	55.7178	1508826	99.8518	1507605	99.9191	2239	0.1482	1509843	99.9191	4838	0.3202	3616	74.7416	1403	28.9996	1003	20.7317	2403	49.6693	117083	93.3030	114735	90.0806	0.9896
EST1212206201S1K	stools_11030101	na	NZ_CP055229.1	2711996	1272241	46.9116	1270858	99.8913	1269419	99.8868	1383	0.1087	1270799	99.8867	3605	0.2834	2163	60.0000	836	23.1900	1104	30.6241	1623	45.0208	117083	71.1017	121323	76.1323	0.9720
EST1212206201S1K	stools_11055101	na	NZ_CP055229.1	2711996	891216	32.8620	890783	99.9514	882973	99.1232	433	0.0486	883389	99.1218	8705	0.9768	878	10.0862	465	5.3418	795	9.1327	7426	85.3073	117083	42.8525	105680	49.0140	0.9535
EST1212703101S1K	EST1233822201S1K	na	NZ_CP055231.1	2735684	1890997	69.1234	1880180	99.4280	1878350	99.9027	10817	0.5720	1889161	99.9029	12981	0.6865	11145	85.8563	898	6.9178	2847	21.9321	9011	69.4168	83813	74.8870	71212	82.4426	0.9791
EST1212703101S1K	EST1242705101S1K	na	NZ_CP055231.1	2735684	418628	15.3025	417555	99.7437	416836	99.8278	1073	0.2563	417894	99.8247	1886	0.4505	1152	61.0817	128	6.7869	808	42.8420	860	45.5992	83813	62.3996	80881	100.0000	0.9655
EST1212703101S1K	stools_11016101	na	NZ_CP055231.1	2735684	608358	22.2379	606894	99.7594	606025	99.8568	1464	0.2406	607486	99.8567	2424	0.3984	1552	64.0264	124	5.1155	1167	48.1436	1074	44.3069	83813	100.0000	114390	92.0762	0.9784
EST1212703101S1K	stools_12095102	na	NZ_CP055231.1	2735684	550311	20.1160	549254	99.8079	549028	99.9589	1057	0.1921	550085	99.9589	1345	0.2444	1119	83.1970	63	4.6840	1151	85.5762	131	9.7398	83813	16.2266	14638	100.0000	0.9838
EST1212705101S1K	EST1232702101S1K	na	NZ_CP055229.1	2711996	1124904	41.4788	1124508	99.9648	1123531	99.9131	396	0.0352	1123922	99.9127	2483	0.2207	1501	60.4511	1116	44.9456	628	25.2920	706	28.4333	116184	90.3773	110253	93.1802	0.9901
EST1212705101S1K	EST1234709101S1K	na	NZ_CP055229.1	2711996	2199953	81.1193	2199165	99.9642	2198508	99.9701	788	0.0358	2199291	99.9699	4190	0.1905	3528	84.2005	2841	67.8043	705	16.8258	559	13.3413	116184	100.0000	123686	95.9138	0.9971
EST1212705101S1K	EST1237103201S1K	na	NZ_CP055229.1	2711996	2192956	80.8613	2191283	99.9237	2189642	99.9251	1673	0.0763	2191304	99.9247	5650	0.2576	3998	70.7611	2464	43.6106	1197	21.1858	1867	33.0442	116184	90.3773	90064	100.0000	0.9895
EST1212705101S1K	EST1238004201S1K	na	NZ_CP055229.1	2711996	2219172	81.8280	2212144	99.6833	2210774	99.9381	7028	0.3167	2217781	99.9373	10341	0.4660	8950	86.5487	2093	20.2398	1198	11.5850	6592	63.7463	116184	41.2053	40904	100.0000	0.9710
EST1212705101S1K	EST1241108101S1K	na	NZ_CP055229.1	2711996	1833083	67.5917	1832364	99.9608	1831848	99.9718	719	0.0392	1832566	99.9718	3298	0.1799	2781	84.3238	2120	64.2814	503	15.2517	598	18.1322	116184	100.0000	126011	95.9265	0.9959
EST1212705101S1K	EST1242101101S1K	na	NZ_CP055229.1	2711996	1979097	72.9757	1978350	99.9623	1977084	99.9360	747	0.0377	1977825	99.9357	3954	0.1998	2682	67.8300	1980	50.0759	1008	25.4932	884	22.3571	116184	90.3773	110796	90.3002	0.9879
EST1212705101S1K	EST1242209101S1K	na	NZ_CP055229.1	2711996	2215023	81.6750	2214388	99.9713	2213670	99.9676	635	0.0287	2214298	99.9673	4279	0.1932	3554	83.0568	3128	73.1012	705	16.4758	364	8.5067	116184	100.0000	128353	91.0099	0.9950
EST1212705101S1K	EST1247106101S1K	na	NZ_CP055229.1	2711996	1531675	56.4778	1531254	99.9725	1529268	99.8703	421	0.0275	1529687	99.8702	3418	0.2232	1430	41.8373	1026	30.0176	1407	41.1644	949	27.7648	116184	61.4663	91241	100.0000	0.9755
EST1212705101S1K	EST1254203101S1K	na	NZ_CP055229.1	2711996	2198522	81.0666	2197579	99.9571	2194801	99.8736	943	0.0429	2195725	99.8728	5241	0.2384	2444	46.6323	1594	30.4140	1927	36.7678	1636	31.2154	116184	61.4663	90047	100.0000	0.9760
EST1212705101S1K	EST1256808101S1K	na	NZ_CP055229.1	2711996	2201790	81.1871	2200959	99.9623	2199267	99.9231	831	0.0377	2200085	99.9226	4868	0.2211	3163	64.9753	2472	50.7806	1166	23.9523	1110	22.8020	116184	90.3773	123282	76.5675	0.9802
EST1212705101S1K	EST1350511101S1K	na	NZ_CP055229.1	2711996	856039	31.5649	855827	99.9752	855585	99.9717	212	0.0248	855797	99.9717	1367	0.1597	1125	82.2970	914	66.8617	230	16.8252	153	11.1924	116184	100.0000	140570	92.9821	0.9901
EST1212705101S1K	EST1356601101S1K	na	NZ_CP055229.1	2711996	2160143	79.6514	2158930	99.9438	2158244	99.9682	1213	0.0562	2159452	99.9680	4509	0.2087	3818	84.6751	2681	59.4589	704	15.6132	1016	22.5327	116184	88.0939	103389	93.3610	0.9878
EST1212705101S1K	EST1356604101S1K	na	NZ_CP055229.1	2711996	2192829	80.8566	2191973	99.9610	2189813	99.9015	856	0.0390	2190649	99.9006	4789	0.2184	2609	54.4790	1904	39.7578	1713	35.7695	1086	22.6770	116184	90.3773	92053	91.5549	0.9797
EST1212705101S1K	EST1356611101S1K	na	NZ_CP055229.1	2711996	2217568	81.7689	2216338	99.9445	2214692	99.9257	1230	0.0555	2215916	99.9255	5195	0.2343	3543	68.2002	2495	48.0269	1161	22.3484	1435	27.6227	116184	90.3773	95043	100.0000	0.9913
EST1212705101S1K	EST1356618101S1K	na	NZ_CP055229.1	2711996	618693	22.8132	618537	99.9748	618011	99.9150	156	0.0252	618160	99.9139	1259	0.2035	726	57.6648	577	45.8300	357	28.3558	309	24.5433	116184	90.3773	128440	93.2700	0.9867
EST1212705101S1K	EST1358301101S1K	na	NZ_CP055229.1	2711996	2046111	75.4467	2045231	99.9570	2045155	99.9963	880	0.0430	2046035	99.9963	3686	0.1801	3610	97.9381	2830	76.7770	202	5.4802	526	14.2702	116184	100.0000	107077	100.0000	0.9955
EST1212705101S1K	EST1358301201S1K	na	NZ_CP055229.1	2711996	2197115	81.0147	2195921	99.9457	2195827	99.9957	1194	0.0543	2197021	99.9957	4413	0.2009	4319	97.8699	3319	75.2096	190	4.3055	805	18.2416	116184	100.0000	111228	100.0000	0.9973
EST1212705101S1K	EST1358302101S1K	na	NZ_CP055229.1	2711996	2214074	81.6400	2212857	99.9450	2211284	99.9289	1217	0.0550	2212493	99.9286	5091	0.2299	3510	68.9452	2411	47.3581	1192	23.4139	1397	27.4406	116184	90.3773	100880	91.2460	0.9865
EST1212705101S1K	EST1358304101S1K	na	NZ_CP055229.1	2711996	2204204	81.2761	2200521	99.8329	2199387	99.9485	3683	0.1671	2203062	99.9482	6432	0.2918	5290	82.2450	1709	26.5703	1265	19.6673	2743	42.6461	116184	61.4663	62044	100.0000	0.9784
EST1212705101S1K	stools_11021150	na	NZ_CP055229.1	2711996	2209075	81.4557	2207766	99.9407	2207058	99.9679	1309	0.0593	2208363	99.9678	4841	0.2191	4129	85.2923	2961	61.1650	707	14.6044	1034	21.3592	116184	100.0000	109871	100.0000	0.9961
EST1212705101S1K	stools_11024150	na	NZ_CP055229.1	2711996	2174019	80.1631	2170936	99.8582	2170218	99.9669	3083	0.1418	2173296	99.9667	6482	0.2982	5759	88.8460	2766	42.6720	729	11.2465	2868	44.2456	116184	100.0000	114735	100.0000	0.9978
EST1212705101S1K	stools_11030101	na	NZ_CP055229.1	2711996	1753193	64.6459	1751757	99.9181	1749591	99.8764	1436	0.0819	1751018	99.8759	4725	0.2695	2550	53.9683	1158	24.5079	1501	31.7672	2019	42.7302	116184	61.4663	121323	76.1323	0.9637
EST1212705101S1K	stools_11055101	na	NZ_CP055229.1	2711996	1392420	51.3430	1391505	99.9343	1379220	99.1171	915	0.0657	1380096	99.1149	13959	1.0025	1635	11.7129	786	5.6308	1491	10.6813	11663	83.5518	116184	50.8280	105680	47.6438	0.9512
EST1213404101S1K	EST1241104101S1K	na	NZ_CP055230.1	2835470	773202	27.2689	772856	99.9553	766833	99.2207	346	0.0447	767163	99.2190	8855	1.1452	2816	31.8012	2492	28.1423	3020	34.1050	3313	37.4139	96101	70.4457	111389	56.0441	0.9630
EST1213404101S1K	EST1242805101S1K	na	NZ_CP055230.1	2835470	825243	29.1043	824686	99.9325	823883	99.9026	557	0.0675	824436	99.9022	6526	0.7908	5719	87.6341	5176	79.3135	579	8.8722	674	10.3279	96101	81.6048	88853	71.5260	0.9767
EST1213404101S1K	EST1247211101S1K	na	NZ_CP055230.1	2835470	656061	23.1376	655619	99.9326	650785	99.2627	442	0.0674	651220	99.2621	6945	1.0586	2104	30.2952	1671	24.0605	2663	38.3441	2574	37.0626	96101	35.5251	57344	43.2652	0.9605
EST1213404101S1K	EST1356602101S1K	na	NZ_CP055230.1	2835470	802284	28.2946	801898	99.9519	795958	99.2593	386	0.0481	796329	99.2577	8933	1.1134	2978	33.3371	2609	29.2063	3061	34.2662	3245	36.3260	96101	43.5625	64073	49.9196	0.9634
EST1213404101S1K	stools_11055101	na	NZ_CP055230.1	2835470	530421	18.7066	530187	99.9559	525938	99.1986	234	0.0441	526151	99.1950	6394	1.2055	2124	33.2186	1911	29.8874	2080	32.5305	2411	37.7072	96101	73.5674	125986	54.3370	0.9582
EST1213404101S1K	stools_11110101	na	NZ_CP055230.1	2835470	588231	20.7454	588041	99.9677	587546	99.9158	190	0.0323	587735	99.9157	4481	0.7618	3985	88.9310	3796	84.7132	416	9.2836	241	5.3783	96101	70.4457	75928	81.0650	0.9823
EST1213404101S1K	stools_12098150	na	NZ_CP055230.1	2835470	810335	28.5785	809989	99.9573	803717	99.2257	346	0.0427	804053	99.2248	9219	1.1377	2937	31.8581	2601	28.2135	3235	35.0906	3387	36.7393	96101	81.6048	126421	55.1158	0.9579
EST1232702101S1K	EST1234709101S1K	na	NZ_CP055229.1	2711996	1272013	46.9032	1271328	99.9461	1270198	99.9111	685	0.0539	1270872	99.9103	3032	0.2384	1891	62.3681	1219	40.2045	1118	36.8734	656	21.6359	110253	93.1802	123686	86.7802	0.9904
EST1232702101S1K	EST1237103201S1K	na	NZ_CP055229.1	2711996	1256273	46.3228	1255356	99.9270	1255085	99.9784	917	0.0730	1255998	99.9781	2779	0.2212	2504	90.1044	1601	57.6107	478	17.2004	626	22.5261	110253	93.1802	90064	100.0000	0.9902
EST1232702101S1K	EST1238004201S1K	na	NZ_CP055229.1	2711996	1287315	47.4674	1283076	99.6707	1282788	99.9776	4239	0.3293	1287012	99.9765	5819	0.4520	5516	94.7929	1351	23.2170	568	9.7611	3467	59.5807	110253	34.5787	40904	100.0000	0.9715
EST1232702101S1K	EST1241108101S1K	na	NZ_CP055229.1	2711996	1106988	40.8182	1106184	99.9274	1105278	99.9181	804	0.0726	1106066	99.9167	2724	0.2461	1802	66.1527	1051	38.5830	931	34.1777	670	24.5962	110253	93.1802	126011	86.8829	0.9895
EST1232702101S1K	EST1242101101S1K	na	NZ_CP055229.1	2711996	1197838	44.1681	1197076	99.9364	1196699	99.9685	762	0.0636	1197456	99.9681	2612	0.2181	2230	85.3752	1500	57.4273	718	27.4885	348	13.3231	110253	100.0000	110796	100.0000	0.9941
EST1232702101S1K	EST1242209101S1K	na	NZ_CP055229.1	2711996	1238097	45.6526	1237678	99.9662	1236613	99.9140	419	0.0338	1237027	99.9136	2646	0.2137	1576	59.5616	1163	43.9531	923	34.8828	517	19.5389	110253	100.0000	128353	87.3739	0.9910
EST1232702101S1K	EST1247106101S1K	na	NZ_CP055229.1	2711996	944595	34.8303	944070	99.9444	942747	99.8599	525	0.0556	943268	99.8595	2455	0.2599	1128	45.9470	621	25.2953	1134	46.1914	680	27.6986	110253	69.3541	91241	100.0000	0.9816
EST1232702101S1K	EST1254203101S1K	na	NZ_CP055229.1	2711996	1248777	46.0464	1248208	99.9544	1246458	99.8598	569	0.0456	1247016	99.8590	3123	0.2501	1362	43.6119	805	25.7765	1369	43.8361	914	29.2667	110253	69.3541	90047	100.0000	0.9819
EST1232702101S1K	EST1256808101S1K	na	NZ_CP055229.1	2711996	1253741	46.2295	1253185	99.9557	1252087	99.9124	556	0.0443	1252637	99.9119	2888	0.2304	1784	61.7729	1254	43.4211	988	34.2105	583	20.1870	110253	100.0000	123282	80.7742	0.9860
EST1232702101S1K	EST1350511101S1K	na	NZ_CP055229.1	2711996	556178	20.5081	555877	99.9459	555341	99.9036	301	0.0541	555639	99.9031	1326	0.2384	787	59.3514	496	37.4057	600	45.2489	224	16.8929	110253	100.0000	140570	84.1858	0.9779
EST1232702101S1K	EST1356601101S1K	na	NZ_CP055229.1	2711996	1248060	46.0200	1247139	99.9262	1246068	99.9141	921	0.0738	1246982	99.9136	3194	0.2559	2116	66.2492	1223	38.2905	1029	32.2167	867	27.1446	110253	93.1802	103389	82.4759	0.9817
EST1232702101S1K	EST1356604101S1K	na	NZ_CP055229.1	2711996	1225130	45.1745	1224606	99.9572	1223225	99.8872	524	0.0428	1223740	99.8865	2804	0.2289	1414	50.4280	901	32.1327	1241	44.2582	617	22.0043	110253	94.1217	92053	100.0000	0.9856
EST1232702101S1K	EST1356611101S1K	na	NZ_CP055229.1	2711996	1284363	47.3586	1283493	99.9323	1283233	99.9797	870	0.0677	1284090	99.9787	2749	0.2140	2476	90.0691	1637	59.5489	514	18.6977	516	18.7705	110253	93.1802	95043	100.0000	0.9941
EST1232702101S1K	EST1356618101S1K	na	NZ_CP055229.1	2711996	393044	14.4928	392888	99.9603	392541	99.9117	156	0.0397	392694	99.9110	905	0.2303	555	61.3260	402	44.4199	335	37.0166	157	17.3481	110253	93.1802	128440	93.2700	0.9853
EST1232702101S1K	EST1358301101S1K	na	NZ_CP055229.1	2711996	1200477	44.2654	1199515	99.9199	1198402	99.9072	962	0.0801	1199355	99.9065	3223	0.2685	2101	65.1877	1188	36.8601	976	30.2823	1016	31.5234	110253	93.1802	107077	89.2918	0.9868
EST1232702101S1K	EST1358301201S1K	na	NZ_CP055229.1	2711996	1267008	46.7187	1265895	99.9122	1264772	99.9113	1113	0.0878	1265871	99.9103	3471	0.2740	2334	67.2429	1276	36.7617	949	27.3408	1180	33.9960	110253	93.1802	111228	89.7337	0.9908
EST1232702101S1K	EST1358302101S1K	na	NZ_CP055229.1	2711996	1287353	47.4688	1286468	99.9313	1286154	99.9756	885	0.0687	1287026	99.9746	2834	0.2201	2507	88.4615	1654	58.3627	609	21.4891	511	18.0311	110253	100.0000	100880	100.0000	0.9894
EST1232702101S1K	EST1358304101S1K	na	NZ_CP055229.1	2711996	1286023	47.4198	1283645	99.8151	1282766	99.9315	2378	0.1849	1285136	99.9310	4120	0.3204	3233	78.4709	934	22.6699	1071	25.9951	1745	42.3544	110253	56.6561	62044	100.0000	0.9782
EST1232702101S1K	stools_11021150	na	NZ_CP055229.1	2711996	1265481	46.6623	1264551	99.9265	1263455	99.9133	930	0.0735	1264377	99.9128	3251	0.2569	2147	66.0412	1235	37.9883	1033	31.7748	935	28.7604	110253	93.1802	109871	89.7999	0.9901
EST1232702101S1K	stools_11024150	na	NZ_CP055229.1	2711996	1256932	46.3471	1255018	99.8477	1253868	99.9084	1914	0.1523	1255776	99.9080	4265	0.3393	3109	72.8957	1204	28.2298	1087	25.4865	1946	45.6272	110253	93.1802	114735	90.0806	0.9919
EST1232702101S1K	stools_11030101	na	NZ_CP055229.1	2711996	1053937	38.8620	1052585	99.8717	1051150	99.8637	1352	0.1283	1052493	99.8630	3459	0.3282	2015	58.2538	682	19.7167	1225	35.4149	1518	43.8855	110253	69.3541	121323	76.1323	0.9700
EST1232702101S1K	stools_11055101	na	NZ_CP055229.1	2711996	744334	27.4460	743924	99.9449	737407	99.1240	410	0.0551	737804	99.1227	7330	0.9848	800	10.9141	403	5.4980	689	9.3997	6221	84.8704	110253	41.3984	105680	49.0140	0.9551
EST1232710101S1K	EST1356601101S1K	na	NZ_CP082963.1	2615036	641664	24.5375	640470	99.8139	638170	99.6409	1194	0.1861	639361	99.6411	3629	0.5656	1326	36.5390	157	4.3263	470	12.9512	2877	79.2780	15084	66.3617	8545	100.0000	0.9982
EST1233822201S1K	EST1242705101S1K	na	NZ_CP055231.1	2735684	371045	13.5632	369201	99.5030	368325	99.7627	1844	0.4970	370155	99.7601	2805	0.7560	1915	68.2709	92	3.2799	1861	66.3458	799	28.4848	71212	36.9376	80881	48.7494	0.9659
EST1233822201S1K	stools_11016101	na	NZ_CP055231.1	2735684	564824	20.6465	561812	99.4667	560684	99.7992	3012	0.5333	563691	99.7994	4251	0.7526	3118	73.3474	128	3.0111	3071	72.2418	998	23.4768	71212	89.9722	114390	68.7735	0.9769
EST1233822201S1K	stools_12095102	na	NZ_CP055231.1	2735684	509840	18.6367	507375	99.5165	506793	99.8853	2465	0.4835	509256	99.8855	3107	0.6094	2523	81.2037	61	1.9633	2917	93.8848	128	4.1197	71212	20.1328	14638	100.0000	0.9855
EST1234709101S1K	EST1237103201S1K	na	NZ_CP055229.1	2711996	2367704	87.3048	2365792	99.9192	2364207	99.9330	1912	0.0808	2366110	99.9327	5858	0.2474	4264	72.7893	2464	42.0621	1128	19.2557	2199	37.5384	123686	86.7802	90064	100.0000	0.9871
EST1234709101S1K	EST1238004201S1K	na	NZ_CP055229.1	2711996	2416441	89.1019	2408567	99.6741	2407246	99.9452	7874	0.3259	2415105	99.9447	11185	0.4629	9849	88.0554	2075	18.5516	1188	10.6214	7457	66.6696	123686	40.1129	40904	100.0000	0.9690
EST1234709101S1K	EST1241108101S1K	na	NZ_CP055229.1	2711996	2048187	75.5232	2046938	99.9390	2046840	99.9952	1249	0.0610	2048083	99.9949	3760	0.1836	3656	97.2340	2485	66.0904	346	9.2021	880	23.4043	123686	100.0000	126011	100.0000	0.9987
EST1234709101S1K	EST1242101101S1K	na	NZ_CP055229.1	2711996	2198784	81.0762	2197715	99.9514	2196382	99.9393	1069	0.0486	2197444	99.9391	4459	0.2028	3119	69.9484	2096	47.0061	1063	23.8394	1247	27.9659	123686	86.7802	110796	90.3002	0.9862
EST1234709101S1K	EST1242209101S1K	na	NZ_CP055229.1	2711996	2375514	87.5928	2374828	99.9711	2374740	99.9963	686	0.0289	2375425	99.9963	3949	0.1662	3860	97.7463	3310	83.8187	350	8.8630	181	4.5834	123686	100.0000	128353	94.9094	0.9968
EST1234709101S1K	EST1247106101S1K	na	NZ_CP055229.1	2711996	1728396	63.7315	1727712	99.9604	1725620	99.8789	684	0.0396	1726302	99.8788	3898	0.2255	1804	46.2801	1133	29.0662	1531	39.2766	1201	30.8107	123686	59.6058	91241	100.0000	0.9763
EST1234709101S1K	EST1254203101S1K	na	NZ_CP055229.1	2711996	2372944	87.4981	2371999	99.9602	2369167	99.8806	945	0.0398	2370103	99.8803	5374	0.2265	2533	47.1344	1651	30.7220	1961	36.4905	1708	31.7827	123686	59.6058	90047	100.0000	0.9748
EST1234709101S1K	EST1256808101S1K	na	NZ_CP055229.1	2711996	2374019	87.5377	2373091	99.9609	2371350	99.9266	928	0.0391	2372273	99.9265	5003	0.2107	3257	65.1009	2414	48.2510	1147	22.9262	1348	26.9438	123686	90.8664	123282	83.6302	0.9816
EST1234709101S1K	EST1350511101S1K	na	NZ_CP055229.1	2711996	998157	36.8053	997882	99.9724	997542	99.9659	275	0.0276	997817	99.9659	1649	0.1652	1309	79.3814	1045	63.3717	324	19.6483	240	14.5543	123686	100.0000	140570	100.0000	0.9910
EST1234709101S1K	EST1356601101S1K	na	NZ_CP055229.1	2711996	2361155	87.0634	2359701	99.9384	2359221	99.9797	1454	0.0616	2360673	99.9796	4717	0.1998	4235	89.7816	2849	60.3986	594	12.5927	1214	25.7367	123686	88.6810	103389	100.0000	0.9889
EST1234709101S1K	EST1356604101S1K	na	NZ_CP055229.1	2711996	2335951	86.1340	2335133	99.9650	2332964	99.9071	818	0.0350	2333772	99.9067	4781	0.2047	2602	54.4238	1870	39.1132	1723	36.0385	1119	23.4051	123686	86.7802	92053	91.5549	0.9782
EST1234709101S1K	EST1356611101S1K	na	NZ_CP055229.1	2711996	2410141	88.8696	2408586	99.9355	2407005	99.9344	1555	0.0645	2408554	99.9342	5491	0.2278	3904	71.0982	2459	44.7824	1153	20.9980	1797	32.7263	123686	86.7802	95043	100.0000	0.9890
EST1234709101S1K	EST1356618101S1K	na	NZ_CP055229.1	2711996	715474	26.3818	715283	99.9733	714602	99.9048	191	0.0267	714791	99.9045	1490	0.2083	807	54.1611	618	41.4765	331	22.2148	522	35.0336	123686	86.7802	128440	93.2700	0.9876
EST1234709101S1K	EST1358301101S1K	na	NZ_CP055229.1	2711996	2251869	83.0336	2250320	99.9312	2249661	99.9707	1549	0.0688	2251210	99.9707	4789	0.2127	4130	86.2393	2640	55.1263	618	12.9046	1465	30.5909	123686	95.9138	107077	100.0000	0.9932
EST1234709101S1K	EST1358301201S1K	na	NZ_CP055229.1	2711996	2397415	88.4004	2395606	99.9245	2394890	99.9701	1809	0.0755	2396699	99.9701	5447	0.2272	4731	86.8551	3022	55.4801	637	11.6945	1728	31.7239	123686	95.9138	111228	100.0000	0.9950
EST1234709101S1K	EST1358302101S1K	na	NZ_CP055229.1	2711996	2413056	88.9771	2411468	99.9342	2409942	99.9367	1588	0.0658	2411525	99.9366	5462	0.2264	3931	71.9700	2431	44.5075	1143	20.9264	1806	33.0648	123686	86.7802	100880	91.2460	0.9845
EST1234709101S1K	EST1358304101S1K	na	NZ_CP055229.1	2711996	2413614	88.9977	2409391	99.8250	2408302	99.9548	4223	0.1750	2412518	99.9546	6928	0.2870	5832	84.1801	1695	24.4659	1241	17.9128	3254	46.9688	123686	59.6058	62044	100.0000	0.9766
EST1234709101S1K	stools_11021150	na	NZ_CP055229.1	2711996	2404560	88.6638	2403041	99.9368	2402748	99.9878	1519	0.0632	2404265	99.9877	4924	0.2048	4629	94.0089	3228	65.5565	443	8.9968	1155	23.4565	123686	95.9138	109871	100.0000	0.9944
EST1234709101S1K	stools_11024150	na	NZ_CP055229.1	2711996	2378153	87.6901	2374833	99.8604	2374527	99.9871	3320	0.1396	2377845	99.9870	6598	0.2774	6290	95.3319	3060	46.3777	459	6.9567	3003	45.5138	123686	95.9138	114735	100.0000	0.9961
EST1234709101S1K	stools_11030101	na	NZ_CP055229.1	2711996	1955248	72.0963	1953275	99.8991	1950988	99.8829	1973	0.1009	1952955	99.8827	5472	0.2799	3179	58.0958	1248	22.8070	1578	28.8377	2627	48.0080	123686	63.6919	121323	85.3128	0.9662
EST1234709101S1K	stools_11055101	na	NZ_CP055229.1	2711996	1452221	53.5481	1451333	99.9389	1438508	99.1163	888	0.0611	1439362	99.1145	14500	0.9985	1641	11.3172	809	5.5793	1442	9.9448	12234	84.3724	123686	49.2465	105680	47.6438	0.9497
EST1236807101S1K	EST1238105101S1K	na	NZ_CP091221.1	2766791	672066	24.2905	669818	99.6655	668011	99.7302	2248	0.3345	670254	99.7304	4242	0.6312	2430	57.2843	244	5.7520	1967	46.3696	1800	42.4328	81334	14.8806	16988	65.3049	0.9745
EST1237103201S1K	EST1238004201S1K	na	NZ_CP055229.1	2711996	2409173	88.8339	2400559	99.6424	2400382	99.9926	8614	0.3576	2408994	99.9926	11343	0.4708	11164	98.4219	2834	24.9846	1305	11.5049	6435	56.7310	90064	28.9605	40904	83.8378	0.9706
EST1237103201S1K	EST1241108101S1K	na	NZ_CP055229.1	2711996	2004547	73.9141	2002673	99.9065	2001464	99.9396	1874	0.0935	2003328	99.9392	4956	0.2472	3737	75.4036	2003	40.4157	1811	36.5416	1076	21.7111	90064	100.0000	126011	86.8829	0.9859
EST1237103201S1K	EST1242101101S1K	na	NZ_CP055229.1	2711996	2176864	80.2680	2175052	99.9168	2174974	99.9964	1812	0.0832	2176786	99.9964	4606	0.2116	4528	98.3066	2850	61.8758	1235	26.8129	434	9.4225	90064	100.0000	110796	90.3002	0.9921
EST1237103201S1K	EST1242209101S1K	na	NZ_CP055229.1	2711996	2352660	86.7501	2350959	99.9277	2349367	99.9323	1701	0.0723	2351060	99.9320	5750	0.2444	4150	72.1739	2610	45.3913	2047	35.6000	972	16.9043	90064	100.0000	128353	82.2832	0.9848
EST1237103201S1K	EST1247106101S1K	na	NZ_CP055229.1	2711996	1697251	62.5831	1695852	99.9176	1693843	99.8815	1399	0.0824	1695238	99.8814	4494	0.2648	2481	55.2069	1098	24.4326	2252	50.1113	1102	24.5216	90064	62.6987	91241	100.0000	0.9743
EST1237103201S1K	EST1254203101S1K	na	NZ_CP055229.1	2711996	2360264	87.0305	2358289	99.9163	2355499	99.8817	1975	0.0837	2357463	99.8813	6356	0.2693	3555	55.9314	1671	26.2901	2914	45.8464	1673	26.3216	90064	62.6987	90047	100.0000	0.9747
EST1237103201S1K	EST1256808101S1K	na	NZ_CP055229.1	2711996	2363041	87.1329	2361264	99.9248	2359672	99.9326	1777	0.0752	2361444	99.9324	5945	0.2516	4348	73.1371	2760	46.4256	1928	32.4306	1142	19.2094	90064	100.0000	123282	76.5675	0.9858
EST1237103201S1K	EST1350511101S1K	na	NZ_CP055229.1	2711996	971723	35.8305	971014	99.9270	970340	99.9306	709	0.0730	971041	99.9298	2265	0.2331	1583	69.8896	892	39.3819	1001	44.1943	334	14.7461	90064	100.0000	140570	84.1858	0.9763
EST1237103201S1K	EST1356601101S1K	na	NZ_CP055229.1	2711996	2327208	85.8116	2324804	99.8967	2323283	99.9346	2404	0.1033	2325679	99.9343	6208	0.2668	4679	75.3705	2398	38.6276	2126	34.2461	1620	26.0954	90064	84.4166	103389	82.4759	0.9831
EST1237103201S1K	EST1356604101S1K	na	NZ_CP055229.1	2711996	2335148	86.1044	2333197	99.9165	2331045	99.9078	1951	0.0835	2332978	99.9071	5921	0.2536	3751	63.3508	1935	32.6803	2751	46.4617	1152	19.4562	90064	92.9284	92053	91.5549	0.9788
EST1237103201S1K	EST1356611101S1K	na	NZ_CP055229.1	2711996	2408740	88.8180	2406356	99.9010	2406262	99.9961	2384	0.0990	2408646	99.9961	5743	0.2384	5649	98.3632	3487	60.7174	1276	22.2184	864	15.0444	90064	100.0000	95043	100.0000	0.9980
EST1237103201S1K	EST1356618101S1K	na	NZ_CP055229.1	2711996	699410	25.7895	698880	99.9242	698412	99.9330	530	0.0758	698931	99.9315	1676	0.2396	1197	71.4200	684	40.8115	631	37.6492	303	18.0788	90064	100.0000	128440	93.2700	0.9785
EST1237103201S1K	EST1358301101S1K	na	NZ_CP055229.1	2711996	2214008	81.6376	2211717	99.8965	2210238	99.9331	2291	0.1035	2212523	99.9329	5941	0.2683	4456	75.0042	2276	38.3100	1983	33.3782	1622	27.3018	90064	100.0000	107077	89.2918	0.9935
EST1237103201S1K	EST1358301201S1K	na	NZ_CP055229.1	2711996	2364251	87.1775	2361639	99.8895	2359934	99.9278	2612	0.1105	2362540	99.9276	6750	0.2855	5039	74.6519	2607	38.6222	2043	30.2667	2007	29.7333	90064	100.0000	111228	89.7337	0.9919
EST1237103201S1K	EST1358302101S1K	na	NZ_CP055229.1	2711996	2407741	88.7811	2405233	99.8958	2405152	99.9966	2508	0.1042	2407660	99.9966	5778	0.2400	5697	98.5981	3383	58.5497	1317	22.7934	971	16.8051	90064	100.0000	100880	91.2460	0.9906
EST1237103201S1K	EST1358304101S1K	na	NZ_CP055229.1	2711996	2391220	88.1720	2386247	99.7920	2385100	99.9519	4973	0.2080	2390065	99.9517	7814	0.3268	6659	85.2188	1842	23.5731	2238	28.6409	3095	39.6084	90064	55.6271	62044	100.0000	0.9790
EST1237103201S1K	stools_11021150	na	NZ_CP055229.1	2711996	2369400	87.3674	2366892	99.8942	2365270	99.9315	2508	0.1058	2367768	99.9311	6550	0.2764	4918	75.0840	2568	39.2061	2090	31.9084	1759	26.8550	90064	100.0000	109871	89.7999	0.9924
EST1237103201S1K	stools_11024150	na	NZ_CP055229.1	2711996	2338986	86.2459	2334648	99.8145	2333064	99.9322	4338	0.1855	2337393	99.9319	8218	0.3513	6625	80.6157	2379	28.9486	2133	25.9552	3586	43.6359	90064	100.0000	114735	90.0806	0.9904
EST1237103201S1K	stools_11030101	na	NZ_CP055229.1	2711996	1923407	70.9222	1920881	99.8687	1918648	99.8838	2526	0.1313	1921165	99.8834	5985	0.3112	3743	62.5397	1330	22.2222	2255	37.6775	2358	39.3985	90064	62.6987	121323	76.1323	0.9629
EST1237103201S1K	stools_11055101	na	NZ_CP055229.1	2711996	1456484	53.7052	1455015	99.8991	1442137	99.1149	1469	0.1009	1443563	99.1129	15129	1.0387	2208	14.5945	810	5.3540	2092	13.8277	12202	80.6531	90064	28.9605	105680	39.8193	0.9453
EST1238004201S1K	EST1241108101S1K	na	NZ_CP055229.1	2711996	2046561	75.4633	2039617	99.6607	2038640	99.9521	6944	0.3393	2045576	99.9519	9517	0.4650	8532	89.6501	1756	18.4512	6225	65.4093	1163	12.2202	40904	100.0000	126011	41.1004	0.9681
EST1238004201S1K	EST1242101101S1K	na	NZ_CP055229.1	2711996	2218745	81.8123	2211493	99.6731	2211411	99.9963	7252	0.3269	2218662	99.9963	9524	0.4293	9441	99.1285	2334	24.5065	6036	63.3767	513	5.3864	40904	83.8378	110796	31.9353	0.9690
EST1238004201S1K	EST1242209101S1K	na	NZ_CP055229.1	2711996	2392501	88.2192	2384938	99.6839	2383585	99.9433	7563	0.3161	2391134	99.9429	10995	0.4596	9628	87.5671	2255	20.5093	7247	65.9118	1006	9.1496	40904	100.0000	128353	37.9103	0.9671
EST1238004201S1K	EST1247106101S1K	na	NZ_CP055229.1	2711996	1746627	64.4037	1740845	99.6690	1739171	99.9038	5782	0.3310	1744951	99.9040	8505	0.4869	6829	80.2939	1069	12.5691	6169	72.5338	1142	13.4274	40904	100.0000	91241	72.8236	0.9812
EST1238004201S1K	EST1254203101S1K	na	NZ_CP055229.1	2711996	2419464	89.2134	2411610	99.6754	2409182	99.8993	7854	0.3246	2417027	99.8993	11803	0.4878	9366	79.3527	1613	13.6660	8294	70.2703	1690	14.3184	40904	100.0000	90047	72.9952	0.9816
EST1238004201S1K	EST1256808101S1K	na	NZ_CP055229.1	2711996	2407188	88.7608	2399402	99.6766	2397962	99.9400	7786	0.3234	2405739	99.9398	11366	0.4722	9917	87.2515	2325	20.4557	7280	64.0507	1240	10.9097	40904	83.8378	123282	24.8479	0.9616
EST1238004201S1K	EST1350511101S1K	na	NZ_CP055229.1	2711996	997516	36.7816	994249	99.6725	993758	99.9506	3267	0.3275	997020	99.9503	4517	0.4528	4021	89.0193	773	17.1131	3197	70.7771	364	8.0584	40904	100.0000	140570	36.1400	0.9602
EST1238004201S1K	EST1356601101S1K	na	NZ_CP055229.1	2711996	2369475	87.3702	2361298	99.6549	2360041	99.9468	8177	0.3451	2368207	99.9465	11355	0.4792	10087	88.8331	1985	17.4813	7306	64.3417	1613	14.2052	40904	65.8200	103389	18.5465	0.9599
EST1238004201S1K	EST1356604101S1K	na	NZ_CP055229.1	2711996	2377099	87.6513	2369385	99.6755	2367642	99.9264	7714	0.3245	2375341	99.9260	11114	0.4675	9356	84.1821	1780	16.0158	7849	70.6226	1185	10.6622	40904	100.0000	92053	51.3769	0.9806
EST1238004201S1K	EST1356611101S1K	na	NZ_CP055229.1	2711996	2453936	90.4845	2445538	99.6578	2445380	99.9935	8398	0.3422	2453777	99.9935	11119	0.4531	10960	98.5700	2812	25.2900	6560	58.9981	979	8.8047	40904	83.8378	95043	32.5432	0.9723
EST1238004201S1K	EST1356618101S1K	na	NZ_CP055229.1	2711996	719117	26.5162	716875	99.6882	716516	99.9499	2242	0.3118	718755	99.9497	3176	0.4417	2814	88.6020	581	18.2935	2135	67.2229	296	9.3199	40904	100.0000	128440	47.2781	0.9625
EST1238004201S1K	EST1358301101S1K	na	NZ_CP055229.1	2711996	2260164	83.3395	2252387	99.6559	2251161	99.9456	7777	0.3441	2258930	99.9454	10868	0.4809	9634	88.6456	1984	18.2554	6828	62.8266	1672	15.3846	40904	100.0000	107077	29.1454	0.9670
EST1238004201S1K	EST1358301201S1K	na	NZ_CP055229.1	2711996	2410406	88.8794	2401891	99.6467	2400444	99.9398	8515	0.3533	2408951	99.9396	12025	0.4989	10570	87.9002	2242	18.6445	7269	60.4491	2064	17.1642	40904	100.0000	111228	32.0297	0.9689
EST1238004201S1K	EST1358302101S1K	na	NZ_CP055229.1	2711996	2453438	90.4661	2444985	99.6555	2444873	99.9954	8453	0.3445	2453326	99.9954	11119	0.4532	11007	98.9927	2800	25.1821	6641	59.7266	933	8.3910	40904	83.8378	100880	27.8598	0.9676
EST1238004201S1K	EST1358304101S1K	na	NZ_CP055229.1	2711996	2452406	90.4281	2441576	99.5584	2440635	99.9615	10830	0.4416	2451457	99.9613	13338	0.5439	12389	92.8850	1967	14.7473	7695	57.6923	3093	23.1894	40904	100.0000	62044	64.6235	0.9901
EST1238004201S1K	stools_11021150	na	NZ_CP055229.1	2711996	2416786	89.1147	2408375	99.6520	2407006	99.9432	8411	0.3480	2415406	99.9429	11797	0.4881	10417	88.3021	2170	18.3945	7373	62.4989	1760	14.9190	40904	100.0000	109871	37.0626	0.9680
EST1238004201S1K	stools_11024150	na	NZ_CP055229.1	2711996	2384465	87.9229	2374269	99.5724	2372972	99.9454	10196	0.4276	2383158	99.9452	13434	0.5634	12127	90.2710	2056	15.3045	7331	54.5705	3596	26.7679	40904	100.0000	114735	40.0488	0.9698
EST1238004201S1K	stools_11030101	na	NZ_CP055229.1	2711996	1970465	72.6574	1963000	99.6212	1961121	99.9043	7465	0.3788	1968573	99.9040	10498	0.5328	8606	81.9775	1219	11.6117	6633	63.1835	2501	23.8236	40904	100.0000	121323	49.3352	0.9699
EST1238004201S1K	stools_11055101	na	NZ_CP055229.1	2711996	1491598	55.0000	1486361	99.6489	1476907	99.3639	5237	0.3511	1482110	99.3639	15674	1.0508	6186	39.4666	1058	6.7500	2152	13.7297	9172	58.5173	40904	100.0000	105680	39.8193	0.9735
EST1238105101S1K	EST1359005101S1K	na	NZ_CP040878.1	2618436	673732	25.7303	673459	99.9595	672987	99.9299	273	0.0405	673260	99.9299	941	0.1397	469	49.8406	197	20.9352	196	20.8289	540	57.3858	7484	100.0000	30966	65.1198	0.9882
EST1238105101S1K	EST2359005102S1K	na	NZ_CP040878.1	2618436	1670136	63.7837	1668698	99.9139	1668014	99.9590	1438	0.0861	1669449	99.9589	2509	0.1502	1822	72.6186	407	16.2216	499	19.8884	1547	61.6580	7484	100.0000	22943	55.7556	0.9941
EST1238105101S1K	stools_11051150	na	NZ_CP040878.1	2618436	2127794	81.2620	2124787	99.8587	2116969	99.6321	3007	0.1413	2119967	99.6322	11193	0.5260	3366	30.0724	382	3.4128	745	6.6559	10010	89.4309	7484	100.0000	50961	24.2774	0.9833
EST1238105101S1K	stools_11051501	na	NZ_CP040878.1	2618436	1969020	75.1983	1964065	99.7484	1957738	99.6779	4955	0.2516	1962683	99.6782	11608	0.5895	5271	45.4083	356	3.0669	630	5.4273	10562	90.9890	7484	100.0000	60305	20.6699	0.9798
EST1238105101S1K	stools_12086501	na	NZ_CP040878.1	2618436	1901007	72.6009	1898781	99.8829	1898380	99.9789	2226	0.1171	1900602	99.9787	3072	0.1616	2667	86.8164	456	14.8438	537	17.4805	2004	65.2344	7484	100.0000	55614	12.8295	0.9806
EST1241104101S1K	EST1242805101S1K	na	NZ_CP055230.1	2835470	2350735	82.9046	2348709	99.9138	2329907	99.1995	2026	0.0862	2331892	99.1984	29097	1.2378	10254	35.2407	8452	29.0477	10639	36.5639	9961	34.2338	111389	69.0858	88853	87.1856	0.9757
EST1241104101S1K	EST1247211101S1K	na	NZ_CP055230.1	2835470	1966196	69.3429	1964027	99.8897	1960727	99.8320	2169	0.1103	1962877	99.8312	16985	0.8639	13666	80.4592	11760	69.2376	2505	14.7483	2197	12.9349	111389	46.8430	57344	90.6058	0.9760
EST1241104101S1K	EST1356602101S1K	na	NZ_CP055230.1	2835470	2415236	85.1794	2413324	99.9208	2409498	99.8415	1912	0.0792	2411392	99.8408	22943	0.9499	19099	83.2454	17756	77.3918	2695	11.7465	2299	10.0205	111389	52.3921	64073	91.5456	0.9783
EST1241104101S1K	stools_11055101	na	NZ_CP055230.1	2835470	1810533	63.8530	1809012	99.9160	1808068	99.9478	1521	0.0840	1809577	99.9472	16502	0.9114	15546	94.2068	14428	87.4318	1031	6.2477	785	4.7570	111389	94.4510	125986	90.2497	0.9899
EST1241104101S1K	stools_11110101	na	NZ_CP055230.1	2835470	1534958	54.1342	1534205	99.9509	1522323	99.2255	753	0.0491	1523049	99.2241	17894	1.1658	5985	33.4470	5321	29.7362	6686	37.3645	5876	32.8378	111389	66.7005	75928	89.3873	0.9760
EST1241104101S1K	stools_12098150	na	NZ_CP055230.1	2835470	2418396	85.2908	2416719	99.9307	2416129	99.9756	1677	0.0693	2417796	99.9752	20957	0.8666	20357	97.1370	19084	91.0627	912	4.3518	675	3.2209	111389	100.0000	126421	94.4598	0.9944
EST1241108101S1K	EST1242101101S1K	na	NZ_CP055229.1	2711996	1915852	70.6436	1914434	99.9260	1913362	99.9440	1418	0.0740	1914770	99.9435	4267	0.2227	3185	74.6426	1828	42.8404	1327	31.0991	1080	25.3105	126011	86.8829	110796	90.3002	0.9854
EST1241108101S1K	EST1242209101S1K	na	NZ_CP055229.1	2711996	2001309	73.7947	2000457	99.9574	2000316	99.9930	852	0.0426	2001162	99.9927	3378	0.1688	3231	95.6483	2478	73.3570	676	20.0118	147	4.3517	126011	100.0000	128353	94.9094	0.9936
EST1241108101S1K	EST1247106101S1K	na	NZ_CP055229.1	2711996	1509170	55.6479	1508131	99.9312	1506468	99.8897	1039	0.0688	1507500	99.8893	3640	0.2412	1970	54.1209	953	26.1813	1604	44.0659	1059	29.0934	126011	60.4876	91241	100.0000	0.9773
EST1241108101S1K	EST1254203101S1K	na	NZ_CP055229.1	2711996	2000666	73.7710	1999465	99.9400	1997341	99.8938	1201	0.0600	1998530	99.8932	4599	0.2299	2463	53.5551	1297	28.2018	1857	40.3783	1382	30.0500	126011	60.4876	90047	100.0000	0.9754
EST1241108101S1K	EST1256808101S1K	na	NZ_CP055229.1	2711996	2005700	73.9566	2004757	99.9530	2003409	99.9328	943	0.0470	2004348	99.9326	4146	0.2067	2794	67.3903	1971	47.5398	1059	25.5427	1027	24.7709	126011	90.9563	123282	83.6302	0.9804
EST1241108101S1K	EST1350511101S1K	na	NZ_CP055229.1	2711996	890956	32.8524	890398	99.9374	890095	99.9660	558	0.0626	890650	99.9657	1760	0.1975	1454	82.6136	912	51.8182	618	35.1136	198	11.2500	126011	100.0000	140570	100.0000	0.9916
EST1241108101S1K	EST1356601101S1K	na	NZ_CP055229.1	2711996	2017169	74.3795	2015585	99.9215	2015159	99.9789	1584	0.0785	2016739	99.9787	4195	0.2080	3765	89.7497	2304	54.9225	869	20.7151	952	22.6937	126011	88.8057	103389	100.0000	0.9893
EST1241108101S1K	EST1356604101S1K	na	NZ_CP055229.1	2711996	1965020	72.4566	1964071	99.9517	1962473	99.9186	949	0.0483	1963410	99.9181	3960	0.2015	2350	59.3434	1440	36.3636	1632	41.2121	827	20.8838	126011	86.8829	92053	91.5549	0.9774
EST1241108101S1K	EST1356611101S1K	na	NZ_CP055229.1	2711996	2040108	75.2253	2038596	99.9259	2037341	99.9384	1512	0.0741	2038849	99.9383	4653	0.2281	3394	72.9422	1977	42.4887	1088	23.3828	1545	33.2044	126011	86.8829	95043	100.0000	0.9878
EST1241108101S1K	EST1356618101S1K	na	NZ_CP055229.1	2711996	631432	23.2829	631057	99.9406	630594	99.9266	375	0.0594	630968	99.9265	1377	0.2181	913	66.3036	553	40.1598	409	29.7023	312	22.6580	126011	86.8829	128440	93.2700	0.9881
EST1241108101S1K	EST1358301101S1K	na	NZ_CP055229.1	2711996	1931578	71.2235	1929883	99.9122	1929311	99.9704	1695	0.0878	1931005	99.9703	4317	0.2235	3744	86.7269	2167	50.1969	902	20.8941	1208	27.9824	126011	95.9265	107077	100.0000	0.9922
EST1241108101S1K	EST1358301201S1K	na	NZ_CP055229.1	2711996	2037941	75.1454	2036059	99.9077	2035451	99.9701	1882	0.0923	2037332	99.9701	4701	0.2307	4092	87.0453	2359	50.1808	902	19.1874	1383	29.4193	126011	95.9265	111228	100.0000	0.9939
EST1241108101S1K	EST1358302101S1K	na	NZ_CP055229.1	2711996	2046683	75.4678	2045006	99.9181	2043808	99.9414	1677	0.0819	2045481	99.9413	4761	0.2326	3559	74.7532	1974	41.4619	1240	26.0449	1494	31.3800	126011	86.8829	100880	91.2460	0.9833
EST1241108101S1K	EST1358304101S1K	na	NZ_CP055229.1	2711996	2052132	75.6687	2048268	99.8117	2047465	99.9608	3864	0.1883	2051325	99.9607	5971	0.2910	5164	86.4847	1457	24.4013	1369	22.9275	2586	43.3093	126011	60.4876	62044	100.0000	0.9757
EST1241108101S1K	stools_11021150	na	NZ_CP055229.1	2711996	2037928	75.1449	2036296	99.9199	2036032	99.9870	1632	0.0801	2037663	99.9870	4268	0.2094	4003	93.7910	2482	58.1537	777	18.2052	932	21.8369	126011	95.9265	109871	100.0000	0.9935
EST1241108101S1K	stools_11024150	na	NZ_CP055229.1	2711996	2029885	74.8484	2026550	99.8357	2026285	99.9869	3335	0.1643	2029618	99.9868	5939	0.2926	5672	95.5043	2385	40.1583	880	14.8173	2597	43.7279	126011	95.9265	114735	100.0000	0.9951
EST1241108101S1K	stools_11030101	na	NZ_CP055229.1	2711996	1708117	62.9838	1705939	99.8725	1704115	99.8931	2178	0.1275	1706285	99.8927	5057	0.2961	3225	63.7730	1147	22.6814	1602	31.6789	2281	45.1058	126011	64.5610	121323	85.3128	0.9671
EST1241108101S1K	stools_11055101	na	NZ_CP055229.1	2711996	1191752	43.9437	1190988	99.9359	1180616	99.1291	764	0.0641	1181353	99.1274	11780	0.9885	1381	11.7233	649	5.5093	1115	9.4652	9989	84.7963	126011	50.1440	105680	47.6438	0.9489
EST1242101101S1K	EST1242209101S1K	na	NZ_CP055229.1	2711996	2151547	79.3344	2150782	99.9644	2149465	99.9388	765	0.0356	2150224	99.9385	4148	0.1928	2825	68.1051	2105	50.7473	1080	26.0366	875	21.0945	110796	100.0000	128353	87.3739	0.9900
EST1242101101S1K	EST1247106101S1K	na	NZ_CP055229.1	2711996	1624528	59.9016	1623721	99.9503	1621924	99.8893	807	0.0497	1622729	99.8893	3633	0.2236	1834	50.4817	1034	28.4613	1434	39.4715	1134	31.2139	110796	69.5892	91241	100.0000	0.9817
EST1242101101S1K	EST1254203101S1K	na	NZ_CP055229.1	2711996	2166979	79.9035	2165960	99.9530	2163587	99.8904	1019	0.0470	2164601	99.8903	4793	0.2212	2415	50.3860	1439	30.0230	1791	37.3670	1465	30.5654	110796	69.5892	90047	100.0000	0.9819
EST1242101101S1K	EST1256808101S1K	na	NZ_CP055229.1	2711996	2168777	79.9698	2167782	99.9541	2166490	99.9404	995	0.0459	2167478	99.9401	4423	0.2039	3124	70.6308	2171	49.0843	1085	24.5309	1071	24.2143	110796	100.0000	123282	80.7742	0.9866
EST1242101101S1K	EST1350511101S1K	na	NZ_CP055229.1	2711996	949009	34.9930	948530	99.9495	947973	99.9413	479	0.0505	948450	99.9411	1888	0.1989	1329	70.3919	867	45.9216	630	33.3686	361	19.1208	110796	100.0000	140570	84.1858	0.9806
EST1242101101S1K	EST1356601101S1K	na	NZ_CP055229.1	2711996	2170340	80.0274	2168746	99.9266	2167480	99.9416	1594	0.0734	2169069	99.9414	4934	0.2273	3663	74.2400	2099	42.5415	1191	24.1386	1585	32.1240	110796	77.5940	103389	82.4759	0.9784
EST1242101101S1K	EST1356604101S1K	na	NZ_CP055229.1	2711996	2132102	78.6174	2131200	99.9577	2129452	99.9180	902	0.0423	2130345	99.9176	4228	0.1983	2471	58.4437	1608	38.0322	1607	38.0085	920	21.7597	110796	94.1586	92053	100.0000	0.9845
EST1242101101S1K	EST1356611101S1K	na	NZ_CP055229.1	2711996	2213789	81.6295	2212210	99.9287	2212146	99.9971	1579	0.0713	2213723	99.9970	4361	0.1970	4295	98.4866	2792	64.0220	522	11.9697	953	21.8528	110796	90.3002	95043	100.0000	0.9940
EST1242101101S1K	EST1356618101S1K	na	NZ_CP055229.1	2711996	674797	24.8819	674516	99.9584	673987	99.9216	281	0.0416	674268	99.9216	1461	0.2165	932	63.7919	653	44.6954	386	26.4203	403	27.5838	110796	90.3002	128440	93.2700	0.9800
EST1242101101S1K	EST1358301101S1K	na	NZ_CP055229.1	2711996	2070018	76.3282	2068314	99.9177	2067046	99.9387	1704	0.0823	2068745	99.9385	4905	0.2370	3632	74.0469	1970	40.1631	1140	23.2416	1747	35.6167	110796	90.3002	107077	89.2918	0.9860
EST1242101101S1K	EST1358301201S1K	na	NZ_CP055229.1	2711996	2188937	80.7131	2187067	99.9146	2185602	99.9330	1870	0.0854	2187471	99.9330	5407	0.2470	3941	72.8870	2160	39.9482	1121	20.7324	2053	37.9693	110796	90.3002	111228	89.7337	0.9879
EST1242101101S1K	EST1358302101S1K	na	NZ_CP055229.1	2711996	2222538	81.9521	2220916	99.9270	2220814	99.9954	1622	0.0730	2222435	99.9954	4483	0.2017	4380	97.7024	2816	62.8151	555	12.3801	1024	22.8418	110796	100.0000	100880	100.0000	0.9947
EST1242101101S1K	EST1358304101S1K	na	NZ_CP055229.1	2711996	2216465	81.7282	2212430	99.8180	2211547	99.9601	4035	0.1820	2215576	99.9599	6378	0.2878	5489	86.0615	1540	24.1455	1257	19.7084	2992	46.9113	110796	54.0480	62044	100.0000	0.9778
EST1242101101S1K	stools_11021150	na	NZ_CP055229.1	2711996	2189746	80.7430	2188113	99.9254	2186733	99.9369	1633	0.0746	2188361	99.9368	5090	0.2324	3705	72.7898	2126	41.7682	1171	23.0059	1718	33.7525	110796	90.3002	109871	89.7999	0.9849
EST1242101101S1K	stools_11024150	na	NZ_CP055229.1	2711996	2181008	80.4208	2177671	99.8470	2176330	99.9384	3337	0.1530	2179665	99.9384	6697	0.3071	5354	79.9462	2056	30.7003	1202	17.9483	3358	50.1419	110796	90.3002	114735	90.0806	0.9863
EST1242101101S1K	stools_11030101	na	NZ_CP055229.1	2711996	1836503	67.7178	1834428	99.8870	1832512	99.8956	2075	0.1130	1834586	99.8956	5160	0.2810	3243	62.8488	1233	23.8953	1453	28.1589	2405	46.6085	110796	69.5892	121323	76.1323	0.9701
EST1242101101S1K	stools_11055101	na	NZ_CP055229.1	2711996	1300224	47.9434	1299449	99.9404	1288146	99.1302	775	0.0596	1288898	99.1289	12797	0.9842	1471	11.4949	735	5.7435	1200	9.3772	10808	84.4573	110796	41.6351	105680	49.0140	0.9511
EST1242103101S1K	stools_12101150	na	NZ_CP109802.1	2880439	161575	5.6094	161216	99.7778	160080	99.2954	359	0.2222	160432	99.2926	1631	1.0094	488	29.9203	138	8.4611	1238	75.9044	194	11.8945	37615	31.6921	51851	24.4894	0.9862
EST1242206101S1K	stools_11008101	na	NZ_CP034169.1	4794392	1909353	39.8247	1903537	99.6954	1885066	99.0296	5816	0.3046	1890837	99.0302	27020	1.4151	8504	31.4730	2838	10.5033	4769	17.6499	18823	69.6632	371127	68.8570	308410	66.1490	0.9313
EST1242206101S1K	stools_11013101	na	NZ_CP034169.1	4794392	1189542	24.8111	1188407	99.9046	1176061	98.9611	1135	0.0954	1177188	98.9614	15232	1.2805	2878	18.8944	1779	11.6794	3180	20.8771	10127	66.4850	371127	70.7639	646717	44.2510	0.8769
EST1242206101S1K	stools_11018101	na	NZ_CP034169.1	4794392	1028829	21.4590	1027620	99.8825	1017442	99.0096	1209	0.1175	1018646	99.0102	13133	1.2765	2950	22.4625	1785	13.5917	2614	19.9041	8579	65.3240	371127	68.8570	576357	47.5601	0.8922
EST1242206101S1K	stools_11039101	na	NZ_CP034169.1	4794392	1882162	39.2576	1874178	99.5758	1857958	99.1346	7984	0.4242	1865891	99.1355	26851	1.4266	10580	39.4026	2803	10.4391	4649	17.3141	18283	68.0906	371127	34.9013	261089	52.6813	0.9160
EST1242206101S1K	stools_11039101	na	NZ_CP046307.1	3274932	1031287	31.4903	1031028	99.9749	1027615	99.6690	259	0.0251	1027870	99.6687	4745	0.4601	1328	27.9874	1075	22.6554	1509	31.8019	2132	44.9315	243523	62.6039	153940	48.5975	0.9207
EST1242206101S1K	stools_11041101	na	NZ_CP034169.1	4794392	2139529	44.6257	2136493	99.8581	2112930	98.8971	3036	0.1419	2115927	98.8969	31323	1.4640	7721	24.6496	4743	15.1422	4920	15.7073	21374	68.2374	371127	57.6619	481782	35.6066	0.8863
EST1242206101S1K	stools_11041101	na	NZ_CP046307.1	3274932	998749	30.4968	998092	99.9342	997648	99.9555	657	0.0658	998301	99.9551	3536	0.3540	3088	87.3303	2436	68.8914	284	8.0317	801	22.6527	243523	100.0000	242368	92.2498	0.9873
EST1242206101S1K	stools_11044101	na	NZ_CP034169.1	4794392	2258566	47.1085	2233498	98.8901	2219565	99.3762	25068	1.1099	2244462	99.3755	42135	1.8656	28031	66.5266	3347	7.9435	4652	11.0407	31810	75.4954	371127	66.4538	274616	69.7232	0.9379
EST1242206101S1K	stools_11045101	na	NZ_CP034169.1	4794392	1109897	23.1499	1102884	99.3681	1095627	99.3420	7013	0.6319	1102611	99.3435	15485	1.3952	8199	52.9480	1288	8.3177	2805	18.1143	10408	67.2134	371127	53.0118	219509	56.7466	0.9243
EST1242206101S1K	stools_11045101	na	NZ_CP046307.1	3274932	404512	12.3518	404376	99.9664	404151	99.9444	136	0.0336	404287	99.9444	1269	0.3137	1044	82.2695	908	71.5524	88	6.9346	264	20.8038	243523	90.6580	206804	100.0000	0.9891
EST1242206101S1K	stools_11047101	na	NZ_CP034169.1	4794392	1312225	27.3700	1309008	99.7548	1297110	99.0911	3217	0.2452	1300309	99.0919	17232	1.3132	5316	30.8496	2146	12.4536	3070	17.8157	11493	66.6957	371127	34.9013	240697	46.6188	0.9091
EST1242206101S1K	stools_11047101	na	NZ_CP046307.1	3274932	488416	14.9138	487783	99.8704	486378	99.7120	633	0.1296	487010	99.7121	2315	0.4740	909	39.2657	279	12.0518	1210	52.2678	715	30.8855	243523	32.9365	109418	53.1878	0.9275
EST1242206101S1K	stools_11052101	na	NZ_CP034169.1	4794392	1537950	32.0781	1510306	98.2025	1494686	98.9658	27644	1.7975	1522035	98.9652	45198	2.9388	29283	64.7883	2097	4.6396	2911	6.4406	38842	85.9374	371127	50.2677	244481	35.3185	0.9033
EST1242206101S1K	stools_11052101	na	NZ_CP046307.1	3274932	1148869	35.0807	1147886	99.9144	1145410	99.7843	983	0.0856	1146386	99.7839	4561	0.3970	2078	45.5602	1106	24.2491	1820	39.9035	1520	33.3260	243523	49.7645	93146	93.1205	0.9448
EST1242206101S1K	stools_12062101	na	NZ_CP034169.1	4794392	595234	12.4152	594230	99.8313	588768	99.0808	1004	0.1687	589765	99.0812	7162	1.2032	1693	23.6386	707	9.8715	1666	23.2617	4631	64.6607	371127	50.1190	223789	54.4911	0.9138
EST1242206101S1K	stools_12065101	na	NZ_CP034169.1	4794392	426699	8.9000	426430	99.9370	422722	99.1305	269	0.0630	422989	99.1305	4828	1.1315	1118	23.1566	856	17.7299	809	16.7564	3116	64.5402	371127	43.0155	280225	69.4578	0.9364
EST1242206101S1K	stools_12066101	na	NZ_CP034169.1	4794392	1207442	25.1845	1199321	99.3274	1192974	99.4708	8121	0.6726	1201055	99.4710	15829	1.3110	9442	59.6500	1443	9.1162	2203	13.9175	10601	66.9720	371127	35.7061	177431	65.4057	0.9273
EST1242206101S1K	stools_12066101	na	NZ_CP046307.1	3274932	1027037	31.3606	1025771	99.8767	1025226	99.9469	1266	0.1233	1026492	99.9469	3732	0.3634	3187	85.3966	1924	51.5541	381	10.2090	1046	28.0279	243523	69.8365	98366	93.4256	0.9491
EST1242206101S1K	stools_12069101	na	NZ_CP034169.1	4794392	2180249	45.4750	2175709	99.7918	2154803	99.0391	4540	0.2082	2159303	99.0393	29931	1.3728	8985	30.0190	4536	15.1549	4991	16.6750	20077	67.0776	371127	69.6177	398723	51.2436	0.9158
EST1242206101S1K	stools_12069150	na	NZ_CP034169.1	4794392	1099407	22.9311	1097934	99.8660	1087635	99.0620	1473	0.1340	1089091	99.0617	13967	1.2704	3651	26.1402	2206	15.7944	2115	15.1428	9492	67.9602	371127	66.2442	404586	55.7844	0.9208
EST1242206101S1K	stools_12070101	na	NZ_CP034169.1	4794392	2034114	42.4269	2031164	99.8550	2011299	99.0220	2950	0.1450	2014224	99.0222	27012	1.3279	7122	26.3661	4221	15.6264	4722	17.4811	17803	65.9077	371127	66.4538	370890	56.0104	0.9212
EST1242206101S1K	stools_12070101	na	NZ_CP046307.1	3274932	1115335	34.0567	1115182	99.9863	1112730	99.7801	153	0.0137	1112879	99.7798	3807	0.3413	1351	35.4873	1202	31.5734	1692	44.4444	910	23.9033	243523	62.6039	165763	68.6384	0.9457
EST1242206101S1K	stools_12073101	na	NZ_CP034169.1	4794392	448574	9.3562	448001	99.8723	443915	99.0879	573	0.1277	444482	99.0878	6159	1.3730	2067	33.5606	1514	24.5819	1275	20.7014	3284	53.3203	371127	74.4613	556110	47.0207	0.9026
EST1242206101S1K	stools_12100101	na	NZ_CP034169.1	4794392	500280	10.4347	499697	99.8835	495009	99.0618	583	0.1165	495586	99.0617	6927	1.3846	2233	32.2362	1658	23.9353	1385	19.9942	3808	54.9733	371127	73.6071	507521	49.2242	0.9135
EST1242206101S1K	stools_12111101	na	NZ_CP034169.1	4794392	863036	18.0009	861176	99.7845	854326	99.2046	1860	0.2155	856169	99.2043	10390	1.2039	3523	33.9076	1689	16.2560	2702	26.0058	5838	56.1886	371127	68.8570	398330	54.2432	0.9205
EST1242209101S1K	EST1247106101S1K	na	NZ_CP055229.1	2711996	1683524	62.0769	1683078	99.9735	1680971	99.8748	446	0.0265	1681413	99.8746	3644	0.2165	1533	42.0692	1111	30.4885	1391	38.1723	1105	30.3238	128353	61.2078	91241	100.0000	0.9782
EST1242209101S1K	EST1254203101S1K	na	NZ_CP055229.1	2711996	2359682	87.0091	2358873	99.9657	2355936	99.8755	809	0.0343	2356732	99.8750	5347	0.2266	2397	44.8289	1693	31.6626	1859	34.7672	1717	32.1115	128353	61.2078	90047	100.0000	0.9767
EST1242209101S1K	EST1256808101S1K	na	NZ_CP055229.1	2711996	2362726	87.1213	2361967	99.9679	2360187	99.9246	759	0.0321	2360940	99.9244	5026	0.2127	3240	64.4648	2641	52.5468	950	18.9017	1315	26.1639	128353	91.2733	123282	87.8368	0.9807
EST1242209101S1K	EST1350511101S1K	na	NZ_CP055229.1	2711996	962216	35.4800	962048	99.9825	961711	99.9650	168	0.0175	961879	99.9650	1503	0.1562	1166	77.5782	1009	67.1324	218	14.5043	208	13.8390	128353	100.0000	140570	100.0000	0.9904
EST1242209101S1K	EST1356601101S1K	na	NZ_CP055229.1	2711996	2327461	85.8210	2326238	99.9475	2325758	99.9794	1223	0.0525	2326979	99.9793	4464	0.1918	3982	89.2025	2826	63.3065	397	8.8934	1118	25.0448	128353	84.0705	103389	100.0000	0.9865
EST1242209101S1K	EST1356604101S1K	na	NZ_CP055229.1	2711996	2337216	86.1807	2336507	99.9697	2334274	99.9044	709	0.0303	2334967	99.9038	4813	0.2059	2564	53.2724	2026	42.0943	1601	33.2641	1132	23.5196	128353	87.3739	92053	100.0000	0.9793
EST1242209101S1K	EST1356611101S1K	na	NZ_CP055229.1	2711996	2390894	88.1599	2389608	99.9462	2387973	99.9316	1286	0.0538	2389253	99.9314	5377	0.2249	3736	69.4811	2633	48.9678	998	18.5605	1653	30.7420	128353	82.2832	95043	100.0000	0.9866
EST1242209101S1K	EST1356618101S1K	na	NZ_CP055229.1	2711996	692007	25.5165	691890	99.9831	691281	99.9120	117	0.0169	691398	99.9120	1341	0.1938	732	54.5861	615	45.8613	264	19.6868	436	32.5130	128353	82.2832	128440	93.2700	0.9869
EST1242209101S1K	EST1358301101S1K	na	NZ_CP055229.1	2711996	2214610	81.6598	2213464	99.9483	2212792	99.9696	1146	0.0517	2213937	99.9696	4367	0.1972	3694	84.5890	2604	59.6290	437	10.0069	1216	27.8452	128353	91.0099	107077	100.0000	0.9926
EST1242209101S1K	EST1358301201S1K	na	NZ_CP055229.1	2711996	2369198	87.3599	2367691	99.9364	2366945	99.9685	1507	0.0636	2368451	99.9685	5189	0.2190	4442	85.6042	3068	59.1251	430	8.2868	1564	30.1407	128353	91.0099	111228	100.0000	0.9925
EST1242209101S1K	EST1358302101S1K	na	NZ_CP055229.1	2711996	2387047	88.0181	2385740	99.9452	2384176	99.9344	1307	0.0548	2385477	99.9342	5297	0.2219	3727	70.3606	2556	48.2537	982	18.5388	1656	31.2630	128353	87.3739	100880	100.0000	0.9862
EST1242209101S1K	EST1358304101S1K	na	NZ_CP055229.1	2711996	2381342	87.8077	2377423	99.8354	2376289	99.9523	3919	0.1646	2380201	99.9521	6721	0.2822	5580	83.0234	1749	26.0229	1117	16.6196	3095	46.0497	128353	56.1171	62044	100.0000	0.9739
EST1242209101S1K	stools_11021150	na	NZ_CP055229.1	2711996	2377545	87.6677	2376265	99.9462	2375960	99.9872	1280	0.0538	2377238	99.9871	4735	0.1992	4428	93.5164	3325	70.2218	239	5.0475	1025	21.6473	128353	91.0099	109871	100.0000	0.9919
EST1242209101S1K	stools_11024150	na	NZ_CP055229.1	2711996	2341343	86.3328	2338239	99.8674	2337913	99.9861	3104	0.1326	2341014	99.9859	6380	0.2725	6051	94.8433	3074	48.1818	251	3.9342	2925	45.8464	128353	91.0099	114735	100.0000	0.9938
EST1242209101S1K	stools_11030101	na	NZ_CP055229.1	2711996	1911152	70.4703	1909516	99.9144	1907215	99.8795	1636	0.0856	1908840	99.8790	5125	0.2682	2813	54.8878	1219	23.7854	1452	28.3317	2400	46.8293	128353	65.1072	121323	85.3128	0.9663
EST1242209101S1K	stools_11055101	na	NZ_CP055229.1	2711996	1458021	53.7619	1457166	99.9414	1444143	99.1063	855	0.0586	1444964	99.1045	14684	1.0071	1627	11.0801	828	5.6388	1483	10.0994	12346	84.0779	128353	51.7277	105680	56.8386	0.9519
EST1242705101S1K	stools_11016101	na	NZ_CP055231.1	2735684	124232	4.5412	123980	99.7972	123557	99.6588	252	0.2028	123800	99.6523	745	0.5997	313	42.0134	80	10.7383	374	50.2013	244	32.7517	80881	100.0000	114390	58.8111	0.9805
EST1242705101S1K	stools_12095102	na	NZ_CP055231.1	2735684	112361	4.1072	112235	99.8879	111970	99.7639	126	0.1121	112090	99.7588	418	0.3720	147	35.1675	27	6.4593	369	88.2775	22	5.2632	80881	0.0000	14638	0.0000	0.9651
EST1242804101S1K	EST1247109101S1K	na	NZ_AP027299.1	2900900	944188	32.5481	943423	99.9190	942533	99.9057	765	0.0810	943286	99.9045	2409	0.2551	1507	62.5571	769	31.9220	626	25.9859	1008	41.8431	205731	79.7391	178982	100.0000	0.9658
EST1242804101S1K	EST1359005101S1K	na	NZ_AP027299.1	2900900	1441163	49.6799	1440320	99.9415	1439244	99.9253	843	0.0585	1440087	99.9253	3112	0.2159	2036	65.4242	1194	38.3676	954	30.6555	915	29.4023	205731	76.7633	144313	95.6130	0.9608
EST1242804101S1K	EST1361007101S1K	na	NZ_AP027299.1	2900900	589022	20.3048	588744	99.9528	587975	99.8694	278	0.0472	588249	99.8688	1440	0.2445	667	46.3194	395	27.4306	555	38.5417	474	32.9167	205731	76.4007	164975	100.0000	0.9663
EST1242804101S1K	EST2359005102S1K	na	NZ_AP027299.1	2900900	1166078	40.1971	1165435	99.9449	1164550	99.9241	643	0.0551	1165192	99.9240	2451	0.2102	1565	63.8515	923	37.6581	744	30.3550	755	30.8038	205731	79.4887	165191	95.7625	0.9626
EST1242804101S1K	stools_11009101	na	NZ_AP027299.1	2900900	2027415	69.8892	2026462	99.9530	2024895	99.9227	953	0.0470	2025845	99.9226	4267	0.2105	2697	63.2060	1790	41.9498	1304	30.5601	1105	25.8964	205731	73.3526	147316	100.0000	0.9609
EST1242804101S1K	stools_11009150	na	NZ_AP027299.1	2900900	939667	32.3923	939352	99.9665	938689	99.9294	315	0.0335	939003	99.9293	1659	0.1766	995	59.9759	683	41.1694	603	36.3472	364	21.9409	205731	79.4887	171632	100.0000	0.9626
EST1242804101S1K	stools_11015101	na	NZ_AP027299.1	2900900	2037375	70.2325	2036016	99.9333	2034380	99.9196	1359	0.0667	2035735	99.9195	4700	0.2307	3060	65.1064	1804	38.3830	1201	25.5532	1638	34.8511	205731	71.8876	158137	100.0000	0.9609
EST1242804101S1K	stools_11015501	na	NZ_AP027299.1	2900900	2005135	69.1211	2004228	99.9548	2002703	99.9239	907	0.0452	2003608	99.9238	4072	0.2031	2545	62.5000	1701	41.7731	1252	30.7466	1070	26.2770	205731	65.8238	150519	100.0000	0.9630
EST1242804101S1K	stools_11016150	na	NZ_AP027299.1	2900900	1681115	57.9515	1679954	99.9309	1678707	99.9258	1161	0.0691	1679867	99.9258	3756	0.2234	2508	66.7732	1389	36.9808	1003	26.7039	1339	35.6496	205731	79.4887	172291	100.0000	0.9652
EST1242804101S1K	stools_11019101	na	NZ_AP027299.1	2900900	1143310	39.4123	1142397	99.9201	1139683	99.7624	913	0.0799	1140589	99.7620	4012	0.3509	1291	32.1785	398	9.9202	1321	32.9262	2285	56.9541	205731	57.1960	285955	58.3176	0.9002
EST1242804101S1K	stools_11019501	na	NZ_AP027299.1	2900900	790551	27.2519	790042	99.9356	788061	99.7493	509	0.0644	788562	99.7484	2804	0.3547	815	29.0656	324	11.5549	849	30.2782	1614	57.5606	205731	63.2598	287305	56.7505	0.8941
EST1242804101S1K	stools_11053501	na	NZ_AP027299.1	2900900	1455173	50.1628	1454575	99.9589	1453656	99.9368	598	0.0411	1454252	99.9367	2645	0.1818	1724	65.1796	1128	42.6465	881	33.3081	618	23.3648	205731	79.4887	202530	91.6946	0.9600
EST1242805101S1K	EST1247211101S1K	na	NZ_CP055230.1	2835470	1975274	69.6630	1973015	99.8856	1957737	99.2257	2259	0.1144	1959949	99.2242	23006	1.1647	7681	33.3869	5533	24.0502	9028	39.2419	8269	35.9428	88853	55.0235	57344	68.4344	0.9757
EST1242805101S1K	EST1356602101S1K	na	NZ_CP055230.1	2835470	2431913	85.7675	2429846	99.9150	2410795	99.2160	2067	0.0850	2412812	99.2146	29690	1.2208	10589	35.6652	8746	29.4577	10269	34.5874	10623	35.7797	88853	62.0789	64073	71.6136	0.9780
EST1242805101S1K	stools_11055101	na	NZ_CP055230.1	2835470	1747732	61.6382	1746251	99.9153	1731949	99.1810	1481	0.0847	1733385	99.1791	22176	1.2688	7829	35.3039	6461	29.1351	7706	34.7493	7949	35.8451	88853	86.9864	125986	65.7787	0.9702
EST1242805101S1K	stools_11110101	na	NZ_CP055230.1	2835470	1620402	57.1476	1619475	99.9428	1618083	99.9140	927	0.0572	1619004	99.9137	12918	0.7972	11520	89.1779	10670	82.5979	1362	10.5434	787	6.0923	88853	64.6697	75928	81.0650	0.9820
EST1242805101S1K	stools_12098150	na	NZ_CP055230.1	2835470	2411272	85.0396	2409346	99.9201	2390299	99.2095	1926	0.0799	2392186	99.2085	29391	1.2189	10305	35.0618	8515	28.9715	10266	34.9291	10544	35.8749	88853	94.0418	126421	67.7079	0.9749
EST1247106101S1K	EST1254203101S1K	na	NZ_CP055229.1	2711996	1723813	63.5625	1723299	99.9702	1722877	99.9755	514	0.0298	1723390	99.9755	2744	0.1592	2321	84.5845	1838	66.9825	406	14.7959	455	16.5816	91241	100.0000	90047	100.0000	0.9995
EST1247106101S1K	EST1256808101S1K	na	NZ_CP055229.1	2711996	1696172	62.5433	1695475	99.9589	1693444	99.8802	697	0.0411	1694139	99.8801	3824	0.2254	1791	46.8358	1119	29.2626	1162	30.3870	1498	39.1736	91241	100.0000	123282	53.4993	0.9669
EST1247106101S1K	EST1350511101S1K	na	NZ_CP055229.1	2711996	758248	27.9590	758002	99.9676	757163	99.8893	246	0.0324	757409	99.8894	1575	0.2077	736	46.7302	493	31.3016	573	36.3810	505	32.0635	91241	100.0000	140570	59.1883	0.9749
EST1247106101S1K	EST1356601101S1K	na	NZ_CP055229.1	2711996	1697841	62.6048	1696794	99.9383	1694820	99.8837	1047	0.0617	1695862	99.8834	4089	0.2408	2110	51.6019	1073	26.2411	1164	28.4666	1810	44.2651	91241	100.0000	103389	49.9018	0.9656
EST1247106101S1K	EST1356604101S1K	na	NZ_CP055229.1	2711996	1668506	61.5232	1668027	99.9713	1666356	99.8998	479	0.0287	1666828	99.8994	3238	0.1941	1560	48.1779	1111	34.3113	1084	33.4775	995	30.7288	91241	100.0000	92053	82.1157	0.9878
EST1247106101S1K	EST1356611101S1K	na	NZ_CP055229.1	2711996	1730716	63.8171	1729636	99.9376	1727657	99.8856	1080	0.0624	1728734	99.8855	4157	0.2402	2175	52.3214	1112	26.7501	1099	26.4373	1902	45.7541	91241	100.0000	95043	64.5866	0.9760
EST1247106101S1K	EST1356618101S1K	na	NZ_CP055229.1	2711996	539175	19.8811	539041	99.9751	538241	99.8516	134	0.0249	538375	99.8516	1294	0.2400	494	38.1762	360	27.8207	421	32.5348	507	39.1808	91241	100.0000	128440	66.8250	0.9755
EST1247106101S1K	EST1358301101S1K	na	NZ_CP055229.1	2711996	1627455	60.0095	1626252	99.9261	1624363	99.8838	1203	0.0739	1625565	99.8839	4133	0.2540	2243	54.2705	1071	25.9134	1087	26.3005	1972	47.7135	91241	100.0000	107077	57.8033	0.9718
EST1247106101S1K	EST1358301201S1K	na	NZ_CP055229.1	2711996	1717446	63.3277	1716102	99.9217	1713994	99.8772	1344	0.0783	1715338	99.8773	4582	0.2668	2474	53.9939	1162	25.3601	1124	24.5308	2283	49.8254	91241	100.0000	111228	59.4248	0.9734
EST1247106101S1K	EST1358302101S1K	na	NZ_CP055229.1	2711996	1736094	64.0154	1734919	99.9323	1732937	99.8858	1175	0.0677	1734109	99.8857	4265	0.2457	2280	53.4584	1134	26.5885	1158	27.1512	1951	45.7444	91241	100.0000	100880	66.7020	0.9782
EST1247106101S1K	EST1358304101S1K	na	NZ_CP055229.1	2711996	1760098	64.9005	1757010	99.8246	1755891	99.9363	3088	0.1754	1758978	99.9364	5264	0.2991	4144	78.7234	1096	20.8207	1160	22.0365	2886	54.8252	91241	100.0000	62044	100.0000	0.9890
EST1247106101S1K	stools_11021150	na	NZ_CP055229.1	2711996	1718012	63.3486	1716877	99.9339	1714778	99.8777	1135	0.0661	1715909	99.8776	4353	0.2534	2250	51.6885	1142	26.2348	1182	27.1537	2000	45.9453	91241	100.0000	109871	59.2122	0.9732
EST1247106101S1K	stools_11024150	na	NZ_CP055229.1	2711996	1707802	62.9721	1705375	99.8579	1703356	99.8816	2427	0.1421	1705780	99.8816	5550	0.3250	3528	63.5676	1118	20.1441	1172	21.1171	3242	58.4144	91241	100.0000	114735	60.7565	0.9748
EST1247106101S1K	stools_11030101	na	NZ_CP055229.1	2711996	1465384	54.0334	1463798	99.8918	1462486	99.9104	1586	0.1082	1464071	99.9104	3853	0.2629	2540	65.9227	975	25.3050	890	23.0989	1965	50.9992	91241	100.0000	121323	76.1323	0.9875
EST1247106101S1K	stools_11055101	na	NZ_CP055229.1	2711996	1011478	37.2964	1011003	99.9530	1002044	99.1139	475	0.0470	1002498	99.1122	10036	0.9922	1056	10.5221	606	6.0383	835	8.3200	8589	85.5819	91241	72.8236	105680	49.0140	0.9668
EST1247109101S1K	EST1359005101S1K	na	NZ_AP027299.1	2900900	796546	27.4586	795947	99.9248	795257	99.9133	599	0.0752	795846	99.9121	2010	0.2523	1310	65.1741	726	36.1194	831	41.3433	415	20.6468	178982	100.0000	144313	95.3642	0.9633
EST1247109101S1K	EST1361007101S1K	na	NZ_AP027299.1	2900900	329726	11.3663	329496	99.9302	329040	99.8616	230	0.0698	329266	99.8605	943	0.2860	483	51.2195	258	27.3595	423	44.8568	248	26.2990	178982	100.0000	164975	100.0000	0.9871
EST1247109101S1K	EST2359005102S1K	na	NZ_AP027299.1	2900900	649146	22.3774	648610	99.9174	648070	99.9167	536	0.0826	648599	99.9157	1630	0.2511	1083	66.4417	588	36.0736	627	38.4663	381	23.3742	178982	100.0000	165191	96.2050	0.9826
EST1247109101S1K	stools_11009101	na	NZ_AP027299.1	2900900	1110586	38.2842	1109955	99.9432	1109449	99.9544	631	0.0568	1110074	99.9539	2417	0.2176	1905	78.8167	1296	53.6202	821	33.9677	257	10.6330	178982	92.9948	147316	96.1613	0.9791
EST1247109101S1K	stools_11009150	na	NZ_AP027299.1	2900900	527838	18.1957	527556	99.9466	527249	99.9418	282	0.0534	527524	99.9405	1066	0.2020	752	70.5441	481	45.1220	465	43.6210	111	10.4128	178982	100.0000	171632	96.0456	0.9877
EST1247109101S1K	stools_11015101	na	NZ_AP027299.1	2900900	1119234	38.5823	1118270	99.9139	1117542	99.9349	964	0.0861	1118495	99.9340	2877	0.2571	2138	74.3135	1219	42.3705	904	31.4216	724	25.1651	178982	100.0000	158137	96.3633	0.9832
EST1247109101S1K	stools_11015501	na	NZ_AP027299.1	2900900	1100809	37.9472	1100101	99.9357	1099439	99.9398	708	0.0643	1100136	99.9389	2502	0.2273	1829	73.1015	1139	45.5236	920	36.7706	422	16.8665	178982	89.3626	150519	95.8656	0.9788
EST1247109101S1K	stools_11016150	na	NZ_AP027299.1	2900900	934447	32.2123	933701	99.9202	933258	99.9526	746	0.0798	933999	99.9521	2185	0.2338	1737	79.4966	1087	49.7483	627	28.6957	440	20.1373	178982	100.0000	172291	96.3475	0.9918
EST1247109101S1K	stools_11019101	na	NZ_AP027299.1	2900900	634418	21.8697	633697	99.8864	631983	99.7295	721	0.1136	632697	99.7287	2636	0.4155	915	34.7117	291	11.0395	1002	38.0121	1323	50.1897	178982	86.2092	285955	57.5727	0.9159
EST1247109101S1K	stools_11019501	na	NZ_AP027299.1	2900900	435229	15.0032	434834	99.9092	433473	99.6870	395	0.0908	433858	99.6850	1925	0.4423	554	28.7792	209	10.8571	698	36.2597	1023	53.1429	178982	86.2092	287305	56.0756	0.9141
EST1247109101S1K	stools_11053501	na	NZ_AP027299.1	2900900	814960	28.0934	814460	99.9386	813758	99.9138	500	0.0614	814250	99.9129	1911	0.2345	1201	62.8467	715	37.4150	882	46.1538	305	15.9602	178982	100.0000	202530	86.0875	0.9833
EST1247211101S1K	EST1356602101S1K	na	NZ_CP055230.1	2835470	2058256	72.5896	2055904	99.8857	2055391	99.9750	2352	0.1143	2057731	99.9745	16030	0.7788	15505	96.7249	13528	84.3918	1050	6.5502	803	5.0094	57344	100.0000	64073	90.4250	0.9972
EST1247211101S1K	stools_11029101	na	NZ_CP068122.1	2779314	2256554	81.1910	2244054	99.4461	2239714	99.8066	12500	0.5539	2252172	99.8058	17826	0.7900	13444	75.4179	1061	5.9520	13587	76.2201	3053	17.1267	59086	76.0942	61184	68.8808	0.9860
EST1247211101S1K	stools_11029150	na	NZ_CP068122.1	2779314	2247711	80.8729	2235314	99.4485	2230761	99.7963	12397	0.5515	2243103	99.7950	17946	0.7984	13338	74.3230	1070	5.9623	13647	76.0448	3090	17.2183	59086	76.0942	59855	68.1547	0.9856
EST1247211101S1K	stools_11029501	na	NZ_CP068122.1	2779314	2222560	79.9679	2210375	99.4518	2205818	99.7938	12185	0.5482	2217954	99.7928	17737	0.7980	13131	74.0317	1089	6.1397	13465	75.9148	3058	17.2408	59086	76.0942	58713	67.6767	0.9859
EST1247211101S1K	stools_11055101	na	NZ_CP055230.1	2835470	1551292	54.7102	1549592	99.8904	1547852	99.8877	1700	0.1096	1549524	99.8860	13797	0.8894	12029	87.1856	10612	76.9153	1541	11.1691	1256	9.1034	57344	90.6058	125986	41.9078	0.9714
EST1247211101S1K	stools_11110101	na	NZ_CP055230.1	2835470	1301798	45.9112	1300842	99.9266	1291116	99.2523	956	0.0734	1292056	99.2517	14343	1.1018	4601	32.0784	3675	25.6223	5289	36.8751	5305	36.9867	57344	65.4367	75928	48.5420	0.9746
EST1247211101S1K	stools_12067150	na	NZ_CP068122.1	2779314	1537418	55.3165	1526384	99.2823	1523523	99.8126	11034	0.7177	1534533	99.8123	14600	0.9496	11715	80.2397	2142	14.6712	5899	40.4041	5173	35.4315	59086	69.4632	59592	61.1374	0.9791
EST1247211101S1K	stools_12098150	na	NZ_CP055230.1	2835470	2004301	70.6867	2002239	99.8971	1998955	99.8360	2062	0.1029	2001003	99.8355	17013	0.8488	13715	80.6148	11871	69.7761	2242	13.1782	2374	13.9540	57344	90.6058	126421	43.3077	0.9712
EST1254203101S1K	EST1256808101S1K	na	NZ_CP055229.1	2711996	2367150	87.2844	2366158	99.9581	2363165	99.8735	992	0.0419	2364146	99.8731	5607	0.2369	2603	46.4241	1731	30.8721	1678	29.9269	2099	37.4353	90047	100.0000	123282	53.4993	0.9692
EST1254203101S1K	EST1350511101S1K	na	NZ_CP055229.1	2711996	964874	35.5780	964634	99.9751	963557	99.8884	240	0.0249	963793	99.8880	1950	0.2021	869	44.5641	634	32.5128	663	34.0000	626	32.1026	90047	100.0000	140570	59.1883	0.9749
EST1254203101S1K	EST1356601101S1K	na	NZ_CP055229.1	2711996	2326344	85.7798	2324838	99.9353	2322116	99.8829	1506	0.0647	2323611	99.8825	5739	0.2467	3006	52.3785	1544	26.9036	1698	29.5870	2397	41.7669	90047	100.0000	103389	49.9018	0.9660
EST1254203101S1K	EST1356604101S1K	na	NZ_CP055229.1	2711996	2351784	86.7178	2350890	99.9620	2348519	99.8991	894	0.0380	2349398	99.8985	4866	0.2069	2480	50.9659	1745	35.8611	1645	33.8060	1382	28.4012	90047	100.0000	92053	82.1157	0.9882
EST1254203101S1K	EST1356611101S1K	na	NZ_CP055229.1	2711996	2400793	88.5249	2399240	99.9353	2396483	99.8851	1553	0.0647	2398025	99.8847	5910	0.2462	3142	53.1641	1684	28.4941	1663	28.1387	2467	41.7428	90047	100.0000	95043	64.5866	0.9765
EST1254203101S1K	EST1356618101S1K	na	NZ_CP055229.1	2711996	696243	25.6727	696044	99.9714	695085	99.8622	199	0.0286	695284	99.8623	1613	0.2317	654	40.5456	455	28.2083	533	33.0440	581	36.0198	90047	100.0000	128440	66.8250	0.9753
EST1254203101S1K	EST1358301101S1K	na	NZ_CP055229.1	2711996	2214540	81.6572	2213065	99.9334	2210547	99.8862	1475	0.0666	2212012	99.8858	5472	0.2471	2944	53.8012	1503	27.4671	1574	28.7646	2340	42.7632	90047	100.0000	107077	57.8033	0.9721
EST1254203101S1K	EST1358301201S1K	na	NZ_CP055229.1	2711996	2364985	87.2046	2363197	99.9244	2360359	99.8799	1788	0.0756	2362136	99.8795	6234	0.2636	3385	54.2990	1652	26.4998	1674	26.8527	2855	45.7972	90047	100.0000	111228	59.4248	0.9738
EST1254203101S1K	EST1358302101S1K	na	NZ_CP055229.1	2711996	2400320	88.5075	2398694	99.9323	2395951	99.8856	1626	0.0677	2397564	99.8852	5962	0.2484	3206	53.7739	1653	27.7256	1693	28.3965	2536	42.5361	90047	100.0000	100880	66.7020	0.9786
EST1254203101S1K	EST1358304101S1K	na	NZ_CP055229.1	2711996	2420505	89.2518	2416429	99.8316	2414776	99.9316	4076	0.1684	2418840	99.9312	7213	0.2980	5548	76.9167	1566	21.7108	1629	22.5842	3790	52.5440	90047	100.0000	62044	100.0000	0.9894
EST1254203101S1K	stools_11021150	na	NZ_CP055229.1	2711996	2374895	87.5700	2373315	99.9335	2370468	99.8800	1580	0.0665	2372034	99.8795	6033	0.2540	3172	52.5775	1687	27.9629	1694	28.0789	2582	42.7979	90047	100.0000	109871	59.2122	0.9736
EST1254203101S1K	stools_11024150	na	NZ_CP055229.1	2711996	2340689	86.3087	2337366	99.8580	2334612	99.8822	3323	0.1420	2337922	99.8818	7645	0.3266	4878	63.8064	1637	21.4127	1670	21.8443	4282	56.0105	90047	100.0000	114735	60.7565	0.9752
EST1254203101S1K	stools_11030101	na	NZ_CP055229.1	2711996	1947490	71.8102	1945718	99.9090	1943969	99.9101	1772	0.0910	1945729	99.9096	4855	0.2493	3094	63.7281	1415	29.1452	1076	22.1627	2289	47.1473	90047	100.0000	121323	76.1323	0.9876
EST1254203101S1K	stools_11055101	na	NZ_CP055229.1	2711996	1484293	54.7306	1483323	99.9346	1470238	99.1179	970	0.0654	1471167	99.1157	14854	1.0007	1728	11.6332	841	5.6618	1401	9.4318	12579	84.6843	90047	72.9952	105680	49.0140	0.9654
EST1256808101S1K	EST1350511101S1K	na	NZ_CP055229.1	2711996	974054	35.9165	973736	99.9674	973005	99.9249	318	0.0326	973322	99.9249	1936	0.1988	1204	62.1901	890	45.9711	637	32.9029	384	19.8347	123282	91.1187	140570	91.2037	0.9779
EST1256808101S1K	EST1356601101S1K	na	NZ_CP055229.1	2711996	2332869	86.0204	2331499	99.9413	2329914	99.9320	1370	0.0587	2331279	99.9318	5254	0.2252	3664	69.7373	2411	45.8888	1219	23.2014	1545	29.4062	123282	72.2831	103389	89.1149	0.9782
EST1256808101S1K	EST1356604101S1K	na	NZ_CP055229.1	2711996	2338269	86.2195	2337301	99.9586	2334931	99.8986	968	0.0414	2335882	99.8979	5194	0.2221	2807	54.0431	1981	38.1402	1939	37.3315	1190	22.9111	123282	75.7020	92053	100.0000	0.9736
EST1256808101S1K	EST1356611101S1K	na	NZ_CP055229.1	2711996	2403200	88.6137	2401755	99.9399	2400151	99.9332	1445	0.0601	2401591	99.9330	5579	0.2321	3970	71.1597	2703	48.4495	1163	20.8460	1617	28.9837	123282	76.5675	95043	100.0000	0.9876
EST1256808101S1K	EST1356618101S1K	na	NZ_CP055229.1	2711996	698037	25.7389	697785	99.9639	697261	99.9249	252	0.0361	697513	99.9249	1431	0.2050	907	63.3823	665	46.4710	391	27.3235	295	20.6150	123282	76.5675	128440	93.2700	0.9754
EST1256808101S1K	EST1358301101S1K	na	NZ_CP055229.1	2711996	2217116	81.7522	2215740	99.9379	2214128	99.9272	1376	0.0621	2215502	99.9272	5092	0.2297	3478	68.3032	2178	42.7730	1200	23.5664	1593	31.2844	123282	76.5675	107077	89.2918	0.9794
EST1256808101S1K	EST1358301201S1K	na	NZ_CP055229.1	2711996	2369210	87.3604	2367497	99.9277	2365691	99.9237	1713	0.0723	2367401	99.9236	5898	0.2489	4089	69.3286	2509	42.5398	1213	20.5663	2045	34.6728	123282	76.5675	111228	89.7337	0.9814
EST1256808101S1K	EST1358302101S1K	na	NZ_CP055229.1	2711996	2401946	88.5675	2400470	99.9385	2398869	99.9333	1476	0.0615	2400341	99.9332	5527	0.2301	3922	70.9607	2582	46.7161	1181	21.3678	1645	29.7630	123282	80.7742	100880	100.0000	0.9823
EST1256808101S1K	EST1358304101S1K	na	NZ_CP055229.1	2711996	2391633	88.1872	2387597	99.8312	2386299	99.9456	4036	0.1688	2390328	99.9454	7002	0.2928	5697	81.3625	1786	25.5070	1430	20.4227	3073	43.8875	123282	44.2206	62044	100.0000	0.9698
EST1256808101S1K	stools_11021150	na	NZ_CP055229.1	2711996	2375221	87.5820	2373736	99.9375	2371934	99.9241	1485	0.0625	2373413	99.9239	5658	0.2382	3850	68.0452	2476	43.7610	1319	23.3121	1695	29.9576	123282	76.5675	109871	89.7999	0.9782
EST1256808101S1K	stools_11024150	na	NZ_CP055229.1	2711996	2343111	86.3980	2339735	99.8559	2337997	99.9257	3376	0.1441	2341368	99.9256	7372	0.3146	5629	76.3565	2340	31.7417	1341	18.1905	3574	48.4807	123282	76.5675	114735	90.0806	0.9799
EST1256808101S1K	stools_11030101	na	NZ_CP055229.1	2711996	1924614	70.9667	1922780	99.9047	1920449	99.8788	1834	0.0953	1922272	99.8783	5406	0.2809	3064	56.6778	1310	24.2323	1645	30.4292	2375	43.9327	123282	60.5620	121323	85.3128	0.9624
EST1256808101S1K	stools_11055101	na	NZ_CP055229.1	2711996	1458150	53.7667	1457204	99.9351	1444092	99.1002	946	0.0649	1445002	99.0983	14860	1.0191	1712	11.5209	841	5.6595	1610	10.8345	12387	83.3580	123282	29.0545	105680	49.0140	0.9412
EST1350511101S1K	EST1356601101S1K	na	NZ_CP055229.1	2711996	984290	36.2939	983718	99.9419	983397	99.9674	572	0.0581	983968	99.9673	1906	0.1936	1584	83.1060	1013	53.1480	256	13.4313	615	32.2665	140570	88.2187	103389	100.0000	0.9839
EST1350511101S1K	EST1356604101S1K	na	NZ_CP055229.1	2711996	942044	34.7362	941853	99.9797	941049	99.9146	191	0.0203	941240	99.9147	1675	0.1778	871	52.0000	681	40.6567	570	34.0299	385	22.9851	140570	78.2898	92053	100.0000	0.9762
EST1350511101S1K	EST1356611101S1K	na	NZ_CP055229.1	2711996	992730	36.6051	992140	99.9406	991453	99.9308	590	0.0594	992043	99.9308	2160	0.2176	1473	68.1944	893	41.3426	338	15.6481	879	40.6944	140570	84.1858	95043	100.0000	0.9802
EST1350511101S1K	EST1356618101S1K	na	NZ_CP055229.1	2711996	325478	12.0014	325424	99.9834	325025	99.8774	54	0.0166	325079	99.8774	730	0.2243	331	45.3425	277	37.9452	149	20.4110	301	41.2329	140570	84.1858	128440	93.2700	0.9816
EST1350511101S1K	EST1358301101S1K	na	NZ_CP055229.1	2711996	951665	35.0909	950939	99.9237	950629	99.9674	726	0.0763	951355	99.9674	2020	0.2123	1710	84.6535	990	49.0099	222	10.9901	785	38.8614	140570	92.9821	107077	100.0000	0.9849
EST1350511101S1K	EST1358301201S1K	na	NZ_CP055229.1	2711996	992945	36.6131	992103	99.9152	991804	99.9699	842	0.0848	992646	99.9699	2191	0.2207	1892	86.3533	1068	48.7449	201	9.1739	874	39.8905	140570	92.9821	111228	100.0000	0.9862
EST1350511101S1K	EST1358302101S1K	na	NZ_CP055229.1	2711996	999411	36.8515	998723	99.9312	998096	99.9372	688	0.0688	998782	99.9371	2200	0.2201	1571	71.4091	897	40.7727	356	16.1818	908	41.2727	140570	84.1858	100880	100.0000	0.9778
EST1350511101S1K	EST1358304101S1K	na	NZ_CP055229.1	2711996	1004542	37.0407	1002831	99.8297	1002415	99.9585	1711	0.1703	1004126	99.9586	2750	0.2738	2334	84.8727	644	23.4182	395	14.3636	1421	51.6727	140570	53.2923	62044	100.0000	0.9704
EST1350511101S1K	stools_11021150	na	NZ_CP055229.1	2711996	990422	36.5200	989781	99.9353	989439	99.9654	641	0.0647	990080	99.9655	1995	0.2014	1653	82.8571	1019	51.0777	227	11.3784	687	34.4361	140570	92.9821	109871	100.0000	0.9875
EST1350511101S1K	stools_11024150	na	NZ_CP055229.1	2711996	989564	36.4884	988243	99.8665	987870	99.9623	1321	0.1335	989189	99.9621	2703	0.2732	2328	86.1265	1011	37.4029	253	9.3600	1404	51.9423	140570	92.9821	114735	100.0000	0.9896
EST1350511101S1K	stools_11030101	na	NZ_CP055229.1	2711996	847465	31.2488	846515	99.8879	845610	99.8931	950	0.1121	846557	99.8929	2374	0.2801	1466	61.7523	522	21.9882	524	22.0725	1309	55.1390	140570	66.2062	121323	85.3128	0.9653
EST1350511101S1K	stools_11055101	na	NZ_CP055229.1	2711996	554560	20.4484	554367	99.9652	549336	99.0925	193	0.0348	549516	99.0905	5554	1.0015	510	9.1826	330	5.9417	423	7.6161	4787	86.1901	140570	44.9363	105680	56.8386	0.9515
EST1356601101S1K	EST1356604101S1K	na	NZ_CP055229.1	2711996	2293482	84.5680	2292136	99.9413	2289993	99.9065	1346	0.0587	2291324	99.9059	5225	0.2278	3067	58.6986	1795	34.3541	2222	42.5263	1131	21.6459	103389	74.6840	92053	73.5402	0.9687
EST1356601101S1K	EST1356611101S1K	na	NZ_CP055229.1	2711996	2364392	87.1827	2362403	99.9159	2360880	99.9355	1989	0.0841	2362865	99.9354	5807	0.2456	4280	73.7042	2382	41.0195	1611	27.7424	1753	30.1877	103389	82.4759	95043	85.3003	0.9841
EST1356601101S1K	EST1356618101S1K	na	NZ_CP055229.1	2711996	702975	25.9209	702589	99.9451	702067	99.9257	386	0.0549	702453	99.9257	1525	0.2169	1003	65.7705	628	41.1803	458	30.0328	353	23.1475	103389	82.4759	128440	93.2700	0.9764
EST1356601101S1K	EST1358301101S1K	na	NZ_CP055229.1	2711996	2211285	81.5372	2209331	99.9116	2208699	99.9714	1954	0.0884	2210652	99.9714	5043	0.2281	4410	87.4479	2511	49.7918	1109	21.9909	1348	26.7301	103389	93.3610	107077	86.9514	0.9888
EST1356601101S1K	EST1358301201S1K	na	NZ_CP055229.1	2711996	2352685	86.7510	2350415	99.9035	2349735	99.9711	2270	0.0965	2352004	99.9711	5686	0.2417	5005	88.0232	2813	49.4724	1161	20.4186	1625	28.5790	103389	93.3610	111228	87.3989	0.9898
EST1356601101S1K	EST1358302101S1K	na	NZ_CP055229.1	2711996	2369125	87.3572	2367045	99.9122	2365572	99.9378	2080	0.0878	2367646	99.9376	5846	0.2468	4367	74.7007	2339	40.0103	1672	28.6008	1761	30.1232	103389	82.4759	100880	84.1108	0.9817
EST1356601101S1K	EST1358304101S1K	na	NZ_CP055229.1	2711996	2368561	87.3364	2363932	99.8046	2362927	99.9575	4629	0.1954	2367549	99.9573	7247	0.3060	6235	86.0356	1735	23.9409	1660	22.9060	3124	43.1075	103389	42.1099	62044	77.2613	0.9688
EST1356601101S1K	stools_11021150	na	NZ_CP055229.1	2711996	2358110	86.9511	2356061	99.9131	2355615	99.9811	2049	0.0869	2357663	99.9810	5314	0.2253	4867	91.5883	2890	54.3846	1121	21.0952	1187	22.3372	103389	93.3610	109871	87.2733	0.9881
EST1356601101S1K	stools_11024150	na	NZ_CP055229.1	2711996	2337324	86.1846	2333464	99.8349	2332986	99.9795	3860	0.1651	2336844	99.9795	7116	0.3045	6636	93.2546	2841	39.9241	1140	16.0202	3056	42.9455	103389	93.3610	114735	100.0000	0.9886
EST1356601101S1K	stools_11030101	na	NZ_CP055229.1	2711996	1927769	71.0830	1925409	99.8776	1923216	99.8861	2360	0.1224	1925562	99.8855	5790	0.3003	3583	61.8826	1296	22.3834	1988	34.3351	2483	42.8843	103389	56.5408	121323	85.3128	0.9579
EST1356601101S1K	stools_11055101	na	NZ_CP055229.1	2711996	1428018	52.6556	1426903	99.9219	1414264	99.1142	1115	0.0781	1415340	99.1122	14528	1.0174	1850	12.7340	791	5.4447	1626	11.1922	12087	83.1980	103389	29.4316	105680	33.2598	0.9425
EST1356602101S1K	stools_11055101	na	NZ_CP055230.1	2835470	1820295	64.1973	1818727	99.9139	1816664	99.8866	1568	0.0861	1818215	99.8857	17346	0.9529	15266	88.0088	14051	81.0043	1675	9.6564	1432	8.2555	64073	81.9706	125986	41.9078	0.9693
EST1356602101S1K	stools_11110101	na	NZ_CP055230.1	2835470	1597922	56.3547	1597095	99.9482	1585111	99.2496	827	0.0518	1585919	99.2488	18333	1.1473	6330	34.5279	5542	30.2296	6669	36.3770	6095	33.2461	64073	69.8516	75928	57.1120	0.9773
EST1356602101S1K	stools_12098150	na	NZ_CP055230.1	2835470	2453137	86.5161	2451377	99.9283	2447655	99.8482	1760	0.0717	2449394	99.8474	22664	0.9239	18921	83.4848	17547	77.4223	2369	10.4527	2470	10.8983	64073	91.5456	126421	48.1660	0.9735
EST1356604101S1K	EST1356611101S1K	na	NZ_CP055229.1	2711996	2371639	87.4499	2370123	99.9361	2367985	99.9098	1516	0.0639	2369488	99.9093	5494	0.2317	3343	60.8482	1961	35.6935	1173	21.3506	2280	41.4998	92053	91.5549	95043	93.3104	0.9805
EST1356604101S1K	EST1356618101S1K	na	NZ_CP055229.1	2711996	680962	25.1093	680816	99.9786	680123	99.8982	146	0.0214	680267	99.8979	1335	0.1960	640	47.9401	496	37.1536	265	19.8502	545	40.8240	92053	91.5549	128440	93.2700	0.9778
EST1356604101S1K	EST1358301101S1K	na	NZ_CP055229.1	2711996	2180179	80.3902	2178873	99.9401	2176932	99.9109	1306	0.0599	2178230	99.9106	4873	0.2235	2924	60.0041	1653	33.9216	994	20.3981	2138	43.8744	92053	91.5549	107077	83.0552	0.9758
EST1356604101S1K	EST1358301201S1K	na	NZ_CP055229.1	2711996	2331881	85.9839	2330177	99.9269	2327937	99.9039	1704	0.0731	2329631	99.9035	5725	0.2455	3475	60.6987	1854	32.3843	1063	18.5677	2725	47.5983	92053	91.5549	111228	83.9222	0.9777
EST1356604101S1K	EST1358302101S1K	na	NZ_CP055229.1	2711996	2368912	87.3494	2367374	99.9351	2365288	99.9119	1538	0.0649	2366810	99.9113	5430	0.2292	3328	61.2891	1892	34.8435	1169	21.5285	2273	41.8600	92053	100.0000	100880	93.6935	0.9816
EST1356604101S1K	EST1358304101S1K	na	NZ_CP055229.1	2711996	2364554	87.1887	2360507	99.8288	2359251	99.9468	4047	0.1712	2363288	99.9465	6840	0.2893	5574	81.4912	1633	23.8743	1172	17.1345	3663	53.5526	92053	73.6706	62044	100.0000	0.9860
EST1356604101S1K	stools_11021150	na	NZ_CP055229.1	2711996	2340803	86.3129	2339347	99.9378	2337133	99.9054	1456	0.0622	2338573	99.9047	5469	0.2336	3239	59.2247	1900	34.7413	1110	20.2962	2367	43.2803	92053	91.5549	109871	89.7999	0.9767
EST1356604101S1K	stools_11024150	na	NZ_CP055229.1	2711996	2306042	85.0312	2302826	99.8605	2300682	99.9069	3216	0.1395	2303884	99.9064	7083	0.3071	4925	69.5327	1807	25.5118	1096	15.4737	4091	57.7580	92053	91.5549	114735	90.0806	0.9787
EST1356604101S1K	stools_11030101	na	NZ_CP055229.1	2711996	1892387	69.7784	1890703	99.9110	1888818	99.9003	1684	0.0890	1890489	99.8997	4773	0.2522	2875	60.2347	1275	26.7128	1054	22.0825	2389	50.0524	92053	82.1157	121323	69.4419	0.9764
EST1356604101S1K	stools_11055101	na	NZ_CP055229.1	2711996	1456524	53.7067	1455596	99.9363	1442897	99.1276	928	0.0637	1443784	99.1253	14428	0.9906	1688	11.6995	848	5.8775	1313	9.1004	12228	84.7519	92053	59.8221	105680	49.0140	0.9633
EST1356611101S1K	EST1356618101S1K	na	NZ_CP055229.1	2711996	715812	26.3943	715431	99.9468	714953	99.9332	381	0.0532	715331	99.9328	1543	0.2156	1062	68.8270	692	44.8477	509	32.9877	303	19.6371	95043	100.0000	128440	93.2700	0.9824
EST1356611101S1K	EST1358301101S1K	na	NZ_CP055229.1	2711996	2255084	83.1522	2253214	99.9171	2251714	99.9334	1870	0.0829	2253583	99.9334	5586	0.2477	4085	73.1293	2378	42.5707	1621	29.0190	1497	26.7991	95043	100.0000	107077	89.2918	0.9917
EST1356611101S1K	EST1358301201S1K	na	NZ_CP055229.1	2711996	2405706	88.7061	2403543	99.9101	2401791	99.9271	2163	0.0899	2403952	99.9271	6355	0.2642	4601	72.3997	2649	41.6837	1681	26.4516	1929	30.3541	95043	100.0000	111228	89.7337	0.9937
EST1356611101S1K	EST1358302101S1K	na	NZ_CP055229.1	2711996	2450659	90.3637	2448717	99.9208	2448661	99.9977	1942	0.0792	2450603	99.9977	5214	0.2128	5158	98.9260	3473	66.6091	834	15.9954	767	14.7104	95043	100.0000	100880	91.2460	0.9924
EST1356611101S1K	EST1358304101S1K	na	NZ_CP055229.1	2711996	2435506	89.8049	2430886	99.8103	2429744	99.9530	4620	0.1897	2434359	99.9529	7475	0.3069	6328	84.6555	1824	24.4013	1901	25.4314	3079	41.1906	95043	57.8970	62044	100.0000	0.9807
EST1356611101S1K	stools_11021150	na	NZ_CP055229.1	2711996	2412134	88.9431	2410023	99.9125	2408356	99.9308	2111	0.0875	2410461	99.9306	6184	0.2564	4511	72.9463	2537	41.0252	1755	28.3797	1775	28.7031	95043	100.0000	109871	89.7999	0.9905
EST1356611101S1K	stools_11024150	na	NZ_CP055229.1	2711996	2377640	87.6712	2373644	99.8319	2372035	99.9322	3996	0.1681	2376027	99.9322	7897	0.3321	6284	79.5745	2381	30.1507	1782	22.5655	3632	45.9921	95043	100.0000	114735	90.0806	0.9922
EST1356611101S1K	stools_11030101	na	NZ_CP055229.1	2711996	1954565	72.0711	1952264	99.8823	1950057	99.8870	2301	0.1177	1952352	99.8868	5760	0.2947	3547	61.5799	1324	22.9861	1978	34.3403	2424	42.0833	95043	64.5866	121323	76.1323	0.9647
EST1356611101S1K	stools_11055101	na	NZ_CP055229.1	2711996	1475085	54.3911	1473911	99.9204	1460933	99.1195	1174	0.0796	1462073	99.1179	14951	1.0136	1939	12.9690	832	5.5648	1711	11.4441	12387	82.8506	95043	32.5432	105680	39.8193	0.9470
EST1356618101S1K	EST1358301101S1K	na	NZ_CP055229.1	2711996	677647	24.9870	677221	99.9371	676618	99.9110	426	0.0629	677034	99.9095	1624	0.2397	1011	62.2537	600	36.9458	407	25.0616	598	36.8227	128440	93.2700	107077	89.2918	0.9784
EST1356618101S1K	EST1358301201S1K	na	NZ_CP055229.1	2711996	710902	26.2132	710389	99.9278	709775	99.9136	513	0.0722	710274	99.9117	1744	0.2453	1116	63.9908	621	35.6078	388	22.2477	694	39.7936	128440	93.2700	111228	89.7337	0.9822
EST1356618101S1K	EST1358302101S1K	na	NZ_CP055229.1	2711996	718481	26.4927	718042	99.9389	717525	99.9280	439	0.0611	717958	99.9272	1640	0.2283	1117	68.1098	685	41.7683	348	21.2195	577	35.1829	128440	93.2700	100880	91.2460	0.9753
EST1356618101S1K	EST1358304101S1K	na	NZ_CP055229.1	2711996	722733	26.6495	721574	99.8396	721155	99.9419	1159	0.1604	722313	99.9419	2040	0.2823	1620	79.4118	474	23.2353	382	18.7255	938	45.9804	128440	66.8250	62044	100.0000	0.9723
EST1356618101S1K	stools_11021150	na	NZ_CP055229.1	2711996	712349	26.2666	711910	99.9384	711347	99.9209	439	0.0616	711777	99.9197	1624	0.2280	1052	64.7783	622	38.3005	401	24.6921	547	33.6823	128440	93.2700	109871	89.7999	0.9843
EST1356618101S1K	stools_11024150	na	NZ_CP055229.1	2711996	708627	26.1294	707704	99.8697	707084	99.9124	923	0.1303	708007	99.9125	2149	0.3033	1529	71.1494	606	28.1992	431	20.0558	1066	49.6045	128440	93.2700	114735	90.0806	0.9860
EST1356618101S1K	stools_11030101	na	NZ_CP055229.1	2711996	604881	22.3039	604225	99.8915	603461	99.8736	656	0.1085	604113	99.8730	1812	0.2996	1044	57.6159	397	21.9095	479	26.4349	884	48.7859	128440	66.8250	121323	76.1323	0.9680
EST1356618101S1K	stools_11055101	na	NZ_CP055229.1	2711996	400066	14.7517	399856	99.9475	396266	99.1022	210	0.0525	396468	99.1006	4019	1.0046	421	10.4752	221	5.4989	324	8.0617	3462	86.1408	128440	47.2781	105680	44.6357	0.9470
EST1358301101S1K	EST1358301201S1K	na	NZ_CP055229.1	2711996	2249186	82.9347	2247107	99.9076	2247063	99.9980	2079	0.0924	2249142	99.9980	5084	0.2260	5040	99.1345	3287	64.6538	742	14.5948	979	19.2565	107077	100.0000	111228	100.0000	0.9978
EST1358301101S1K	EST1358302101S1K	na	NZ_CP055229.1	2711996	2257640	83.2464	2255675	99.9130	2254233	99.9361	1965	0.0870	2256194	99.9360	5573	0.2469	4127	74.0535	2355	42.2573	1629	29.2302	1545	27.7229	107077	89.2918	100880	91.2460	0.9842
EST1358301101S1K	EST1358304101S1K	na	NZ_CP055229.1	2711996	2259817	83.3267	2255328	99.8014	2254348	99.9565	4489	0.1986	2258832	99.9564	6985	0.3091	6000	85.8984	1618	23.1639	1830	26.1990	2865	41.0165	107077	51.5666	62044	100.0000	0.9760
EST1358301101S1K	stools_11021150	na	NZ_CP055229.1	2711996	2247873	82.8863	2245807	99.9081	2245136	99.9701	2066	0.0919	2247202	99.9701	5345	0.2378	4674	87.4462	2724	50.9635	1372	25.6688	1174	21.9645	107077	100.0000	109871	100.0000	0.9984
EST1358301101S1K	stools_11024150	na	NZ_CP055229.1	2711996	2226600	82.1019	2222753	99.8272	2222044	99.9681	3847	0.1728	2225889	99.9681	7111	0.3194	6400	90.0014	2590	36.4224	1457	20.4894	3013	42.3710	107077	100.0000	114735	100.0000	0.9964
EST1358301101S1K	stools_11030101	na	NZ_CP055229.1	2711996	1842565	67.9413	1840083	99.8653	1838052	99.8896	2482	0.1347	1840530	99.8896	5684	0.3085	3649	64.1977	1223	21.5165	2023	35.5911	2406	42.3293	107077	57.8033	121323	76.1323	0.9601
EST1358301101S1K	stools_11055101	na	NZ_CP055229.1	2711996	1344007	49.5579	1342998	99.9249	1331270	99.1267	1009	0.0751	1332248	99.1251	13479	1.0029	1720	12.7606	750	5.5642	1464	10.8613	11232	83.3296	107077	39.8536	105680	47.6438	0.9484
EST1358301201S1K	EST1358302101S1K	na	NZ_CP055229.1	2711996	2407049	88.7556	2404786	99.9060	2403096	99.9297	2263	0.0940	2405356	99.9297	6343	0.2635	4650	73.3092	2625	41.3842	2046	32.2560	1607	25.3350	111228	89.7337	100880	91.2460	0.9863
EST1358301201S1K	EST1358304101S1K	na	NZ_CP055229.1	2711996	2404869	88.6752	2399939	99.7950	2398748	99.9504	4930	0.2050	2403673	99.9503	7780	0.3235	6584	84.6272	1824	23.4447	2231	28.6761	3027	38.9075	111228	53.6133	62044	100.0000	0.9779
EST1358301201S1K	stools_11021150	na	NZ_CP055229.1	2711996	2396426	88.3639	2394109	99.9033	2393363	99.9688	2317	0.0967	2395680	99.9689	6045	0.2523	5299	87.6592	3156	52.2084	1591	26.3193	1206	19.9504	111228	100.0000	109871	100.0000	0.9965
EST1358301201S1K	stools_11024150	na	NZ_CP055229.1	2711996	2368011	87.3162	2363778	99.8212	2363007	99.9674	4233	0.1788	2367238	99.9674	7835	0.3309	7062	90.1340	2914	37.1921	1700	21.6975	3158	40.3063	111228	100.0000	114735	100.0000	0.9983
EST1358301201S1K	stools_11030101	na	NZ_CP055229.1	2711996	1946592	71.7771	1943901	99.8618	1941606	99.8819	2691	0.1382	1944292	99.8818	6216	0.3193	3916	62.9987	1337	21.5090	2388	38.4170	2467	39.6879	111228	59.4248	121323	76.1323	0.9619
EST1358301201S1K	stools_11055101	na	NZ_CP055229.1	2711996	1450044	53.4678	1448800	99.9142	1435885	99.1086	1244	0.0858	1437088	99.1065	14953	1.0312	1997	13.3552	825	5.5173	1876	12.5460	12235	81.8230	111228	42.2960	105680	47.6438	0.9501
EST1358302101S1K	EST1358304101S1K	na	NZ_CP055229.1	2711996	2437416	89.8754	2432708	99.8068	2431612	99.9549	4708	0.1932	2436313	99.9547	7520	0.3085	6417	85.3324	1832	24.3617	1905	25.3324	3167	42.1144	100880	51.6416	62044	100.0000	0.9764
EST1358302101S1K	stools_11021150	na	NZ_CP055229.1	2711996	2412365	88.9516	2410219	99.9110	2408620	99.9337	2146	0.0890	2410760	99.9335	6159	0.2553	4554	73.9406	2551	41.4191	1736	28.1864	1793	29.1119	100880	91.2460	109871	89.7999	0.9831
EST1358302101S1K	stools_11024150	na	NZ_CP055229.1	2711996	2382579	87.8533	2378583	99.8323	2377030	99.9347	3996	0.1677	2381022	99.9347	7837	0.3289	6280	80.1327	2379	30.3560	1778	22.6873	3623	46.2294	100880	91.2460	114735	90.0806	0.9848
EST1358302101S1K	stools_11030101	na	NZ_CP055229.1	2711996	1961834	72.3391	1959375	99.8747	1957192	99.8886	2459	0.1253	1959643	99.8883	5899	0.3007	3708	62.8581	1320	22.3767	2042	34.6160	2513	42.6004	100880	66.7020	121323	76.1323	0.9669
EST1358302101S1K	stools_11055101	na	NZ_CP055229.1	2711996	1472718	54.3038	1471533	99.9195	1458603	99.1213	1185	0.0805	1459749	99.1194	14915	1.0128	1946	13.0473	829	5.5582	1693	11.3510	12350	82.8025	100880	36.6138	105680	49.0140	0.9476
EST1358304101S1K	stools_11021150	na	NZ_CP055229.1	2711996	2412421	88.9537	2407613	99.8007	2406459	99.9521	4808	0.1993	2411260	99.9519	7642	0.3168	6481	84.8076	1803	23.5933	3184	41.6645	1937	25.3468	62044	100.0000	109871	59.2122	0.9752
EST1358304101S1K	stools_11024150	na	NZ_CP055229.1	2711996	2385100	87.9463	2378511	99.7237	2377396	99.9531	6589	0.2763	2383979	99.9530	9327	0.3911	8206	87.9811	1709	18.3231	3163	33.9123	3725	39.9378	62044	100.0000	114735	60.7565	0.9771
EST1358304101S1K	stools_11030101	na	NZ_CP055229.1	2711996	1987306	73.2784	1982674	99.7669	1981395	99.9355	4632	0.2331	1986022	99.9354	7095	0.3570	5811	81.9027	1287	18.1395	3138	44.2283	2553	35.9831	62044	100.0000	121323	69.4419	0.9776
EST1358304101S1K	stools_11055101	na	NZ_CP055229.1	2711996	1485339	54.7692	1482628	99.8175	1470166	99.1595	2711	0.1825	1472827	99.1576	15974	1.0754	3462	21.6727	836	5.2335	2469	15.4564	12573	78.7092	62044	64.6235	105680	39.8193	0.9660
EST1359005101S1K	EST1361007101S1K	na	NZ_AP027299.1	2900900	496687	17.1218	496453	99.9529	495913	99.8912	234	0.0471	496146	99.8911	1128	0.2271	587	52.0390	376	33.3333	421	37.3227	323	28.6348	144313	80.2866	164975	91.2338	0.9674
EST1359005101S1K	EST2359005102S1K	na	NZ_AP027299.1	2900900	981674	33.8403	981160	99.9476	980936	99.9772	514	0.0524	981450	99.9772	1758	0.1791	1534	87.2582	1042	59.2719	332	18.8851	338	19.2264	144313	90.1021	165191	95.9871	0.9757
EST1359005101S1K	EST2359005102S1K	na	NZ_CP040878.1	2618436	545312	20.8259	544786	99.9035	544423	99.9334	526	0.0965	544948	99.9332	1133	0.2078	769	67.8729	267	23.5658	334	29.4793	478	42.1889	30966	100.0000	22943	100.0000	0.9969
EST1359005101S1K	stools_11009101	na	NZ_AP027299.1	2900900	1711320	58.9927	1710492	99.9516	1709316	99.9312	828	0.0484	1710144	99.9313	3487	0.2038	2311	66.2747	1531	43.9059	1048	30.0545	804	23.0571	144313	85.6763	147316	86.9315	0.9696
EST1359005101S1K	stools_11009150	na	NZ_AP027299.1	2900900	789435	27.2135	789151	99.9640	788610	99.9314	284	0.0360	788894	99.9315	1419	0.1797	878	61.8746	629	44.3270	486	34.2495	288	20.2960	144313	95.1938	171632	87.1673	0.9687
EST1359005101S1K	stools_11015101	na	NZ_AP027299.1	2900900	1723279	59.4050	1721955	99.9232	1720595	99.9210	1324	0.0768	1721916	99.9209	4159	0.2413	2796	67.2277	1503	36.1385	1084	26.0640	1464	35.2008	144313	87.3844	158137	95.6500	0.9745
EST1359005101S1K	stools_11015501	na	NZ_AP027299.1	2900900	1691610	58.3133	1690801	99.9522	1689479	99.9218	809	0.0478	1690286	99.9217	3542	0.2094	2218	62.6200	1420	40.0903	1110	31.3382	942	26.5951	144313	87.3844	150519	100.0000	0.9766
EST1359005101S1K	stools_11016150	na	NZ_AP027299.1	2900900	1408906	48.5679	1407879	99.9271	1406952	99.9342	1027	0.0729	1407978	99.9341	3068	0.2178	2140	69.7523	1133	36.9296	841	27.4120	1056	34.4198	144313	90.0141	172291	89.7162	0.9703
EST1359005101S1K	stools_11019101	na	NZ_AP027299.1	2900900	970577	33.4578	969932	99.9335	967561	99.7555	645	0.0665	968198	99.7549	3410	0.3513	1031	30.2346	401	11.7595	1051	30.8211	1965	57.6246	144313	78.3498	285955	54.2764	0.9241
EST1359005101S1K	stools_11019501	na	NZ_AP027299.1	2900900	672054	23.1671	671678	99.9441	669895	99.7345	376	0.0559	670271	99.7347	2438	0.3628	655	26.8663	279	11.4438	712	29.2043	1440	59.0648	144313	78.3498	287305	53.0809	0.9174
EST1359005101S1K	stools_11051150	na	NZ_CP040878.1	2618436	679012	25.9320	678086	99.8636	675600	99.6334	926	0.1364	676524	99.6336	3679	0.5418	1191	32.3729	273	7.4205	479	13.0198	2887	78.4724	30966	100.0000	50961	43.6903	0.9854
EST1359005101S1K	stools_11051501	na	NZ_CP040878.1	2618436	639979	24.4413	638432	99.7583	636343	99.6728	1547	0.2417	637886	99.6730	3889	0.6077	1796	46.1815	254	6.5312	432	11.1083	3152	81.0491	30966	100.0000	60305	37.1495	0.9869
EST1359005101S1K	stools_11053501	na	NZ_AP027299.1	2900900	1232252	42.4783	1231723	99.9571	1230837	99.9281	529	0.0429	1231365	99.9280	2386	0.1936	1499	62.8248	997	41.7854	815	34.1576	546	22.8835	144313	95.1938	202530	88.6501	0.9727
EST1359005101S1K	stools_12086501	na	NZ_CP040878.1	2618436	611472	23.3526	610797	99.8896	610426	99.9393	675	0.1104	611100	99.9392	1236	0.2021	864	69.9029	197	15.9385	424	34.3042	597	48.3010	30966	65.1198	55614	12.8295	0.9738
EST1361007101S1K	EST2359005102S1K	na	NZ_AP027299.1	2900900	406844	14.0248	406703	99.9653	406215	99.8800	141	0.0347	406355	99.8798	926	0.2276	437	47.1922	298	32.1814	260	28.0778	355	38.3369	164975	100.0000	165191	91.4820	0.9829
EST1361007101S1K	stools_11009101	na	NZ_AP027299.1	2900900	694761	23.9498	694390	99.9466	693509	99.8731	371	0.0534	693876	99.8726	1743	0.2509	858	49.2255	515	29.5468	507	29.0878	685	39.3001	164975	92.1218	147316	96.1613	0.9715
EST1361007101S1K	stools_11009150	na	NZ_AP027299.1	2900900	332960	11.4778	332856	99.9688	332545	99.9066	104	0.0312	332649	99.9066	641	0.1925	330	51.4821	249	38.8456	214	33.3853	179	27.9251	164975	100.0000	171632	91.6653	0.9845
EST1361007101S1K	stools_11015101	na	NZ_AP027299.1	2900900	700246	24.1389	699766	99.9315	698838	99.8674	480	0.0685	699312	99.8666	1895	0.2706	961	50.7124	492	25.9631	520	27.4406	866	45.6992	164975	100.0000	158137	91.8052	0.9796
EST1361007101S1K	stools_11015501	na	NZ_AP027299.1	2900900	687360	23.6947	687108	99.9633	686195	99.8671	252	0.0367	686445	99.8669	1679	0.2443	764	45.5033	523	31.1495	524	31.2091	623	37.1054	164975	91.2338	150519	91.0855	0.9776
EST1361007101S1K	stools_11016150	na	NZ_AP027299.1	2900900	577997	19.9247	577552	99.9230	576900	99.8871	445	0.0770	577338	99.8860	1529	0.2645	870	56.8999	445	29.1040	391	25.5723	663	43.3617	164975	100.0000	172291	96.3475	0.9886
EST1361007101S1K	stools_11019101	na	NZ_AP027299.1	2900900	395958	13.6495	395603	99.9103	394605	99.7477	355	0.0897	394958	99.7474	1521	0.3841	521	34.2538	170	11.1769	434	28.5339	906	59.5661	164975	83.9842	285955	57.7916	0.9156
EST1361007101S1K	stools_11019501	na	NZ_AP027299.1	2900900	275271	9.4892	275124	99.9466	274302	99.7012	147	0.0534	274449	99.7014	1078	0.3916	256	23.7477	111	10.2968	346	32.0965	617	57.2356	164975	83.9842	287305	59.0877	0.9150
EST1361007101S1K	stools_11053501	na	NZ_AP027299.1	2900900	508739	17.5373	508552	99.9632	507933	99.8783	187	0.0368	508115	99.8773	1128	0.2217	504	44.6809	336	29.7872	373	33.0674	418	37.0567	164975	100.0000	202530	82.3942	0.9849
EST2359005102S1K	stools_11009101	na	NZ_AP027299.1	2900900	1355708	46.7340	1355029	99.9499	1353990	99.9233	679	0.0501	1354668	99.9233	2824	0.2083	1784	63.1728	1119	39.6246	781	27.6558	837	29.6388	165191	87.5653	147316	100.0000	0.9686
EST2359005102S1K	stools_11009150	na	NZ_AP027299.1	2900900	656564	22.6331	656390	99.9735	655909	99.9267	174	0.0265	656083	99.9267	1153	0.1756	672	58.2827	500	43.3651	391	33.9115	257	22.2897	165191	100.0000	171632	100.0000	0.9804
EST2359005102S1K	stools_11015101	na	NZ_AP027299.1	2900900	1368040	47.1592	1367154	99.9352	1366100	99.9229	886	0.0648	1366983	99.9227	3105	0.2270	2048	65.9581	1178	37.9388	826	26.6023	1069	34.4283	165191	94.7618	158137	100.0000	0.9869
EST2359005102S1K	stools_11015501	na	NZ_AP027299.1	2900900	1347419	46.4483	1346820	99.9555	1345799	99.9242	599	0.0445	1346398	99.9242	2817	0.2091	1796	63.7558	1206	42.8115	801	28.4345	761	27.0146	165191	90.7489	150519	100.0000	0.9826
EST2359005102S1K	stools_11016150	na	NZ_AP027299.1	2900900	1149958	39.6414	1149239	99.9375	1148391	99.9262	719	0.0625	1149109	99.9262	2558	0.2224	1709	66.8100	1022	39.9531	607	23.7295	895	34.9883	165191	95.2770	172291	95.3207	0.9823
EST2359005102S1K	stools_11019101	na	NZ_AP027299.1	2900900	781577	26.9426	781006	99.9269	779131	99.7599	571	0.0731	779699	99.7597	2738	0.3503	860	31.4098	320	11.6874	819	29.9123	1584	57.8524	165191	79.7229	285955	60.6641	0.9243
EST2359005102S1K	stools_11019501	na	NZ_AP027299.1	2900900	543729	18.7435	543356	99.9314	541822	99.7177	373	0.0686	542193	99.7175	2124	0.3906	588	27.6836	225	10.5932	607	28.5782	1286	60.5461	165191	79.7229	287305	59.0877	0.9180
EST2359005102S1K	stools_11051150	na	NZ_CP040878.1	2618436	1686880	64.4232	1683810	99.8180	1677929	99.6507	3070	0.1820	1680989	99.6508	9486	0.5623	3595	37.8980	567	5.9772	1464	15.4333	7236	76.2808	22943	100.0000	50961	43.6903	0.9850
EST2359005102S1K	stools_11051501	na	NZ_CP040878.1	2618436	1600703	61.1320	1595884	99.6989	1590999	99.6939	4819	0.3011	1595809	99.6943	10207	0.6377	5313	52.0525	571	5.5942	1306	12.7951	8094	79.2985	22943	100.0000	60305	37.1495	0.9814
EST2359005102S1K	stools_11053501	na	NZ_AP027299.1	2900900	1005292	34.6545	1004928	99.9638	1004108	99.9184	364	0.0362	1004471	99.9183	1902	0.1892	1081	56.8349	722	37.9600	670	35.2261	497	26.1304	165191	100.0000	202530	91.6946	0.9844
EST2359005102S1K	stools_12086501	na	NZ_CP040878.1	2618436	1524941	58.2386	1522573	99.8447	1521988	99.9616	2368	0.1553	1524353	99.9614	3427	0.2247	2839	82.8421	527	15.3779	1253	36.5626	1564	45.6376	22943	55.7556	55614	12.8295	0.9773
stools_11006101	stools_11052101	na	NZ_CP116026.1	3348233	565732	16.8964	564454	99.7741	558469	98.9397	1278	0.2259	559729	98.9389	9977	1.7636	3974	39.8316	2725	27.3128	4477	44.8732	2668	26.7415	184174	77.9540	187727	72.1628	0.9626
stools_11008101	stools_11013101	na	NZ_CP034169.1	4794392	1645937	34.3305	1641160	99.7098	1640146	99.9382	4777	0.2902	1644914	99.9378	19073	1.1588	18050	94.6364	13437	70.4504	3355	17.5903	933	4.8917	308410	95.9168	646717	63.9580	0.9162
stools_11008101	stools_11018101	na	NZ_CP034169.1	4794392	1395306	29.1029	1391164	99.7031	1388336	99.7967	4142	0.2969	1392476	99.7972	16816	1.2052	13986	83.1708	9917	58.9736	3487	20.7362	2130	12.6665	308410	90.2448	576357	60.7793	0.9264
stools_11008101	stools_11039101	na	NZ_CP034169.1	4794392	2418206	50.4382	2404456	99.4314	2384230	99.1588	13750	0.5686	2397904	99.1605	42080	1.7401	21778	51.7538	8651	20.5585	15097	35.8769	15208	36.1407	308410	76.7307	261089	78.6372	0.9525
stools_11008101	stools_11041101	na	NZ_CP034169.1	4794392	2854092	59.5298	2844413	99.6609	2815828	98.9950	9679	0.3391	2825443	98.9962	51247	1.7956	22598	44.0962	13121	25.6034	17047	33.2644	19116	37.3017	308410	87.1353	481782	66.7395	0.9074
stools_11008101	stools_11044101	na	NZ_CP034169.1	4794392	2966104	61.8661	2930545	98.8012	2925162	99.8163	35559	1.1988	2960660	99.8165	53961	1.8193	48517	89.9112	15334	28.4168	7055	13.0743	20303	37.6253	308410	83.6387	274616	87.2156	0.9567
stools_11008101	stools_11045101	na	NZ_CP034169.1	4794392	1398219	29.1636	1387604	99.2408	1376318	99.1867	10615	0.7592	1386869	99.1883	24928	1.7828	13578	54.4689	3379	13.5550	9904	39.7304	9626	38.6152	308410	71.5226	219509	71.0818	0.9411
stools_11008101	stools_11047101	na	NZ_CP034169.1	4794392	1699748	35.4528	1692494	99.5732	1677401	99.1082	7254	0.4268	1684611	99.1095	28357	1.6683	13220	46.6199	6189	21.8253	10828	38.1846	9673	34.1115	308410	74.3209	240697	75.7400	0.9452
stools_11008101	stools_11047101	na	NZ_LR135203.1	2804950	1279926	45.6310	1278772	99.9098	1274577	99.6720	1154	0.0902	1275724	99.6717	6691	0.5228	2489	37.1992	1365	20.4005	4114	61.4856	1176	17.5758	82963	71.1221	75845	80.3178	0.9819
stools_11008101	stools_11052101	na	NZ_CP034169.1	4794392	1942312	40.5122	1904858	98.0717	1887590	99.0935	37454	1.9283	1924758	99.0962	61198	3.1508	43644	71.3161	7554	12.3435	9678	15.8142	38731	63.2880	308410	59.0279	244481	36.7161	0.9155
stools_11008101	stools_12062101	na	NZ_CP034169.1	4794392	767478	16.0078	764625	99.6283	757433	99.0594	2853	0.3717	760262	99.0598	12488	1.6271	5272	42.2165	2494	19.9712	5579	44.6749	3851	30.8376	308410	56.8007	223789	78.9623	0.9595
stools_11008101	stools_12062101	na	NZ_LR135203.1	2804950	437398	15.5938	437026	99.9150	436653	99.9147	372	0.0850	437025	99.9147	1722	0.3937	1349	78.3391	979	56.8525	320	18.5830	367	21.3124	82963	80.2322	104874	53.8904	0.9747
stools_11008101	stools_12065101	na	NZ_CP034169.1	4794392	531271	11.0811	529845	99.7316	524686	99.0263	1426	0.2684	526104	99.0274	8524	1.6045	3357	39.3829	1947	22.8414	3581	42.0108	2686	31.5110	308410	47.6706	280225	64.0557	0.9546
stools_11008101	stools_12066101	na	NZ_CP034169.1	4794392	1514200	31.5827	1501948	99.1909	1489260	99.1552	12252	0.8091	1501419	99.1559	27604	1.8230	14823	53.6987	2989	10.8281	11346	41.1027	10693	38.7371	308410	49.9546	177431	79.0172	0.9469
stools_11008101	stools_12066101	na	NZ_LR135203.1	2804950	885826	31.5808	884668	99.8693	883832	99.9055	1158	0.1307	884980	99.9045	4151	0.4686	3305	79.6194	2174	52.3729	783	18.8629	984	23.7051	82963	65.8691	53077	59.4250	0.9727
stools_11008101	stools_12069101	na	NZ_CP034169.1	4794392	2810052	58.6112	2798984	99.6061	2770941	98.9981	11068	0.3939	2781940	98.9996	49700	1.7687	21588	43.4366	10708	21.5453	18787	37.8008	18309	36.8390	308410	86.7653	398723	68.3653	0.9325
stools_11008101	stools_12069150	na	NZ_CP034169.1	4794392	1374562	28.6702	1370181	99.6813	1355994	98.9646	4381	0.3187	1360343	98.9656	23618	1.7182	9399	39.7959	5087	21.5387	9172	38.8348	8577	36.3155	308410	86.1062	404586	65.3157	0.9296
stools_11008101	stools_12070101	na	NZ_CP034169.1	4794392	2634069	54.9406	2625119	99.6602	2598040	98.9685	8950	0.3398	2606925	98.9695	46029	1.7474	18885	41.0285	10144	22.0383	18103	39.3296	16222	35.2430	308410	91.7396	370890	69.7522	0.9367
stools_11008101	stools_12073101	na	NZ_CP034169.1	4794392	608109	12.6838	606541	99.7422	598949	98.7483	1568	0.2578	600496	98.7481	10867	1.7870	3254	29.9439	1738	15.9934	4961	45.6520	3957	36.4130	308410	81.4627	556110	55.6564	0.9026
stools_11008101	stools_12084101	na	NZ_CP088203.1	3015822	939215	31.1429	938470	99.9207	938152	99.9661	745	0.0793	938893	99.9657	9001	0.9584	8679	96.4226	7961	88.4457	400	4.4440	594	6.5993	166447	93.0536	150696	92.4709	0.9873
stools_11008101	stools_12084101	na	NZ_LR135203.1	2804950	1338426	47.7166	1336219	99.8351	1332972	99.7570	2207	0.1649	1335173	99.7570	7277	0.5437	4024	55.2975	1846	25.3676	3397	46.6813	1850	25.4226	82963	71.1221	96671	46.2579	0.9675
stools_11008101	stools_12100101	na	NZ_CP034169.1	4794392	666829	13.9085	665025	99.7295	656123	98.6614	1804	0.2705	657902	98.6613	12592	1.8883	3665	29.1058	1900	15.0889	5504	43.7103	4976	39.5172	308410	81.5094	507521	64.2833	0.9187
stools_11008101	stools_12111101	na	NZ_CP034169.1	4794392	1129903	23.5672	1125879	99.6439	1114292	98.9708	4024	0.3561	1118280	98.9713	18415	1.6298	6792	36.8830	2843	15.4385	9163	49.7583	5916	32.1260	308410	88.9666	398330	70.3813	0.9450
stools_11009101	stools_11009150	na	NZ_AP027299.1	2900900	1088524	37.5237	1088265	99.9762	1088186	99.9927	259	0.0238	1088445	99.9927	1490	0.1369	1411	94.6980	1179	79.1275	153	10.2685	131	8.7919	147316	100.0000	171632	88.2370	0.9778
stools_11009101	stools_11015101	na	NZ_AP027299.1	2900900	2474012	85.2843	2472333	99.9321	2471376	99.9613	1679	0.0679	2473052	99.9612	5639	0.2279	4679	82.9757	3180	56.3930	879	15.5879	1411	25.0222	147316	89.6705	158137	87.4773	0.9766
stools_11009101	stools_11015501	na	NZ_AP027299.1	2900900	2423261	83.5348	2422217	99.9569	2421392	99.9659	1044	0.0431	2422429	99.9657	4659	0.1923	3827	82.1421	2919	62.6529	857	18.3945	781	16.7633	147316	81.2023	150519	86.8588	0.9774
stools_11009101	stools_11016150	na	NZ_AP027299.1	2900900	1989836	68.5937	1988713	99.9436	1988625	99.9956	1123	0.0564	1989748	99.9956	3626	0.1822	3538	97.5731	2486	68.5604	300	8.2736	721	19.8842	147316	100.0000	172291	92.6775	0.9854
stools_11009101	stools_11019101	na	NZ_AP027299.1	2900900	1352034	46.6074	1351293	99.9452	1347981	99.7549	741	0.0548	1348719	99.7548	4522	0.3345	1207	26.6917	481	10.6369	1375	30.4069	2666	58.9562	147316	65.2380	285955	47.2413	0.9148
stools_11009101	stools_11019501	na	NZ_AP027299.1	2900900	928148	31.9952	927626	99.9438	925233	99.7420	522	0.0562	925750	99.7416	3229	0.3479	831	25.7355	319	9.8792	1006	31.1552	1885	58.3772	147316	73.7062	287305	53.0809	0.9120
stools_11009101	stools_11053501	na	NZ_AP027299.1	2900900	1702653	58.6940	1702072	99.9659	1700993	99.9366	581	0.0341	1701566	99.9362	3162	0.1857	2075	65.6230	1548	48.9564	807	25.5218	745	23.5610	147316	100.0000	202530	79.0564	0.9714
stools_11009150	stools_11015101	na	NZ_AP027299.1	2900900	1102451	38.0038	1101886	99.9488	1101404	99.9563	565	0.0512	1101968	99.9562	2057	0.1866	1574	76.5192	1026	49.8785	286	13.9037	736	35.7803	171632	93.6981	158137	100.0000	0.9829
stools_11009150	stools_11015501	na	NZ_AP027299.1	2900900	1089048	37.5417	1088723	99.9702	1088318	99.9628	325	0.0298	1088642	99.9627	1749	0.1606	1343	76.7867	1027	58.7193	278	15.8948	416	23.7850	171632	86.4297	150519	100.0000	0.9801
stools_11009150	stools_11016150	na	NZ_AP027299.1	2900900	939253	32.3780	938828	99.9548	938713	99.9878	425	0.0452	939138	99.9878	1514	0.1612	1399	92.4042	986	65.1255	117	7.7279	397	26.2219	171632	95.6197	172291	100.0000	0.9841
stools_11009150	stools_11019101	na	NZ_AP027299.1	2900900	634991	21.8894	634636	99.9441	633185	99.7714	355	0.0559	633540	99.7715	2022	0.3184	571	28.2394	220	10.8803	511	25.2720	1288	63.6993	171632	74.7512	285955	56.5015	0.9219
stools_11009150	stools_11019501	na	NZ_AP027299.1	2900900	449034	15.4791	448817	99.9517	447627	99.7349	217	0.0483	447844	99.7350	1568	0.3492	378	24.1071	161	10.2679	378	24.1071	1029	65.6250	171632	82.0197	287305	59.0877	0.9171
stools_11009150	stools_11053501	na	NZ_AP027299.1	2900900	824063	28.4071	823897	99.9799	823388	99.9382	166	0.0201	823554	99.9382	1296	0.1573	787	60.7253	645	49.7685	324	25.0000	318	24.5370	171632	100.0000	202530	89.1117	0.9809
stools_11011101	stools_11042101	na	NZ_CP030110.1	2683778	1347623	50.2137	1331288	98.7879	1327706	99.7309	16335	1.2121	1344017	99.7324	20882	1.5495	17276	82.7315	1649	7.8968	13827	66.2149	4750	22.7469	76021	93.2150	62712	91.4259	0.9908
stools_11011101	stools_11049150	na	NZ_CP030110.1	2683778	1019645	37.9929	1007490	98.8079	1004570	99.7102	12155	1.1921	1016704	99.7116	15898	1.5592	12957	81.5008	1143	7.1896	10622	66.8134	3314	20.8454	76021	100.0000	69657	100.0000	0.9916
stools_11011101	stools_12064150	na	NZ_CP030110.1	2683778	1399476	52.1457	1382003	98.7515	1376521	99.6033	17473	1.2485	1393940	99.6044	24204	1.7295	18668	77.1277	1620	6.6931	14942	61.7336	6714	27.7392	76021	100.0000	123014	64.6723	0.9745
stools_11011101	stools_12072101	na	NZ_CP030110.1	2683778	2051904	76.4558	2028674	98.8679	2024091	99.7741	23230	1.1321	2047268	99.7741	29487	1.4371	24851	84.2778	1775	6.0196	22550	76.4744	4337	14.7082	76021	79.1137	100729	54.1433	0.9714
stools_11013101	stools_11018101	na	NZ_CP034169.1	4794392	883077	18.4190	882393	99.9225	880306	99.7635	684	0.0775	880986	99.7632	9280	1.0509	7189	77.4677	6534	70.4095	1156	12.4569	1438	15.4957	646717	83.9267	576357	87.1654	0.9425
stools_11013101	stools_11018101	na	NZ_LR135475.1	2697636	276726	10.2581	276208	99.8128	275707	99.8186	518	0.1872	276225	99.8190	2115	0.7643	1614	76.3121	1130	53.4279	674	31.8676	255	12.0567	64187	64.9368	71764	73.0826	0.9763
stools_11013101	stools_11039101	na	NZ_CP034169.1	4794392	1496273	31.2088	1490178	99.5927	1475796	99.0349	6095	0.4073	1481851	99.0361	25448	1.7008	11026	43.3276	5064	19.8994	8022	31.5231	10963	43.0800	646717	53.6703	261089	84.6979	0.8932
stools_11013101	stools_11041101	na	NZ_CP034169.1	4794392	1749045	36.4811	1746878	99.8761	1727768	98.9060	2167	0.1239	1729908	98.9059	29700	1.6981	10563	35.5657	8530	28.7205	8687	29.2492	12488	42.0471	646717	77.8934	481782	86.2633	0.9100
stools_11013101	stools_11044101	na	NZ_CP034169.1	4794392	1818985	37.9398	1799333	98.9196	1795385	99.7806	19652	1.0804	1814999	99.7809	31769	1.7465	27783	87.4532	8266	26.0191	2699	8.4957	13765	43.3284	646717	56.5215	274616	87.9206	0.8982
stools_11013101	stools_11045101	na	NZ_CP034169.1	4794392	849352	17.7155	844544	99.4339	836790	99.0819	4808	0.5661	841553	99.0818	14542	1.7121	6743	46.3691	2019	13.8839	5386	37.0375	6114	42.0437	646717	49.4855	219509	81.0472	0.8846
stools_11013101	stools_11047101	na	NZ_CP034169.1	4794392	1057026	22.0471	1054675	99.7776	1043878	98.9763	2351	0.2224	1046205	98.9763	16988	1.6072	6167	36.3021	3874	22.8043	5832	34.3301	6894	40.5816	646717	53.6703	240697	82.3384	0.8880
stools_11013101	stools_11052101	na	NZ_CP034169.1	4794392	1195426	24.9338	1174170	98.2219	1162581	99.0130	21256	1.7781	1183664	99.0161	37081	3.1019	25319	68.2803	4277	11.5342	5078	13.6943	24812	66.9130	646717	41.9772	244481	58.5661	0.8630
stools_11013101	stools_12062101	na	NZ_CP034169.1	4794392	483312	10.0808	482626	99.8581	477584	98.9553	686	0.1419	478262	98.9551	7359	1.5226	2309	31.3765	1642	22.3128	2825	38.3884	2751	37.3828	646717	39.2708	223789	88.1294	0.9097
stools_11013101	stools_12065101	na	NZ_CP034169.1	4794392	330380	6.8910	330232	99.9552	326488	98.8663	148	0.0448	326632	98.8655	5055	1.5301	1307	25.8556	1163	23.0069	1863	36.8546	2045	40.4550	646717	31.6208	280225	70.4380	0.9106
stools_11013101	stools_12066101	na	NZ_CP034169.1	4794392	911755	19.0171	906241	99.3952	897501	99.0356	5514	0.6048	902970	99.0365	15859	1.7394	7074	44.6056	1608	10.1394	6207	39.1387	6703	42.2662	646717	29.8605	177431	84.0135	0.8840
stools_11013101	stools_12066501	na	NZ_LR135475.1	2697636	906642	33.6088	905712	99.8974	901086	99.4892	930	0.1026	902013	99.4894	5949	0.6562	1320	22.1886	414	6.9592	4807	80.8035	705	11.8507	64187	32.2854	90252	36.4125	0.9630
stools_11013101	stools_12069101	na	NZ_CP034169.1	4794392	1722998	35.9378	1719763	99.8122	1700071	98.8550	3235	0.1878	1703277	98.8554	29500	1.7121	9779	33.1492	6625	22.4576	9975	33.8136	12801	43.3932	646717	65.8509	398723	79.4424	0.8824
stools_11013101	stools_12069150	na	NZ_CP034169.1	4794392	865164	18.0453	864178	99.8860	853948	98.8162	986	0.1140	854916	98.8155	14337	1.6571	4089	28.5206	3137	21.8804	5061	35.3003	6138	42.8123	646717	69.1550	404586	80.4922	0.8843
stools_11013101	stools_12070101	na	NZ_CP034169.1	4794392	1621464	33.8200	1619463	99.8766	1600213	98.8113	2001	0.1234	1602187	98.8111	27525	1.6975	8248	29.9655	6365	23.1244	9656	35.0808	11551	41.9655	646717	67.9322	370890	78.2410	0.8922
stools_11013101	stools_12070101	na	NZ_LR135475.1	2697636	1729467	64.1105	1727181	99.8678	1721112	99.6486	2286	0.1322	1723389	99.6486	11704	0.6767	5626	48.0690	3361	28.7167	6454	55.1435	1674	14.3028	64187	40.5409	70170	36.2249	0.9687
stools_11013101	stools_12073101	na	NZ_CP034169.1	4794392	347776	7.2538	347464	99.9103	342856	98.6738	312	0.0897	343159	98.6724	5943	1.7089	1326	22.3120	1066	17.9371	2520	42.4028	2345	39.4582	646717	60.5988	556110	65.8053	0.8860
stools_11013101	stools_12073101	na	NZ_LR135475.1	2697636	311482	11.5465	311151	99.8937	310731	99.8650	331	0.1063	311062	99.8652	2125	0.6822	1705	80.2353	1386	65.2235	508	23.9059	208	9.7882	64187	64.9368	112059	49.7247	0.9639
stools_11013101	stools_12100101	na	NZ_CP034169.1	4794392	379648	7.9186	379304	99.9094	373846	98.5610	344	0.0906	374183	98.5605	6933	1.8262	1468	21.1741	1162	16.7604	2862	41.2808	2909	41.9587	646717	57.0489	507521	72.4187	0.8926
stools_11013101	stools_12111101	na	NZ_CP034169.1	4794392	655314	13.6683	654069	99.8100	647008	98.9205	1245	0.1900	648240	98.9205	10001	1.5261	2927	29.2671	1696	16.9583	4744	47.4353	3435	34.3466	646717	57.7209	398330	76.9774	0.8979
stools_11015101	stools_11015501	na	NZ_AP027299.1	2900900	2444520	84.2676	2443094	99.9417	2443077	99.9993	1426	0.0583	2444503	99.9993	5236	0.2142	5219	99.6753	3963	75.6875	849	16.2147	298	5.6914	158137	95.6500	150519	100.0000	0.9968
stools_11015101	stools_11016150	na	NZ_AP027299.1	2900900	2001584	68.9987	2000057	99.9237	1999256	99.9600	1527	0.0763	2000783	99.9600	4418	0.2207	3617	81.8696	2175	49.2304	1099	24.8755	1088	24.6265	158137	95.4419	172291	95.2029	0.9878
stools_11015101	stools_11019101	na	NZ_AP027299.1	2900900	1370867	47.2566	1369724	99.9166	1366357	99.7542	1143	0.0834	1367498	99.7542	5302	0.3868	1933	36.4579	825	15.5602	1780	33.5722	2696	50.8487	158137	84.5273	285955	60.6641	0.9267
stools_11015101	stools_11019501	na	NZ_AP027299.1	2900900	943441	32.5224	942709	99.9224	940235	99.7376	732	0.0776	940963	99.7373	3775	0.4001	1297	34.3576	576	15.2583	1251	33.1391	1928	51.0728	158137	84.5273	287305	59.0877	0.9205
stools_11015101	stools_11053501	na	NZ_AP027299.1	2900900	1720090	59.2950	1719106	99.9428	1717844	99.9266	984	0.0572	1718825	99.9265	3746	0.2178	2481	66.2306	1549	41.3508	1405	37.5067	760	20.2883	158137	100.0000	202530	89.1117	0.9833
stools_11015501	stools_11016150	na	NZ_AP027299.1	2900900	1972260	67.9879	1971085	99.9404	1970367	99.9636	1175	0.0596	1971541	99.9635	3951	0.2003	3232	81.8021	2091	52.9233	653	16.5275	1155	29.2331	150519	95.2199	172291	84.9191	0.9852
stools_11015501	stools_11019101	na	NZ_AP027299.1	2900900	1351406	46.5857	1350597	99.9401	1347371	99.7611	809	0.0599	1348177	99.7611	4867	0.3601	1638	33.6552	851	17.4851	1360	27.9433	2631	54.0579	150519	83.7011	285955	56.5015	0.9244
stools_11015501	stools_11019501	na	NZ_AP027299.1	2900900	929759	32.0507	929291	99.9497	926972	99.7505	468	0.0503	927435	99.7500	3397	0.3654	1073	31.5867	613	18.0453	910	26.7883	1860	54.7542	150519	83.7011	287305	53.4060	0.9164
stools_11015501	stools_11053501	na	NZ_AP027299.1	2900900	1700078	58.6052	1699480	99.9648	1698278	99.9293	598	0.0352	1698869	99.9289	3209	0.1888	2000	62.3247	1437	44.7803	957	29.8224	777	24.2132	150519	100.0000	202530	86.0672	0.9792
stools_11016101	stools_12095102	na	NZ_CP055231.1	2735684	174075	6.3631	173875	99.8851	173550	99.8131	200	0.1149	173749	99.8127	547	0.3142	221	40.4022	28	5.1188	448	81.9013	69	12.6143	114390	12.4145	14638	100.0000	0.9630
stools_11016150	stools_11019101	na	NZ_AP027299.1	2900900	1133630	39.0786	1132689	99.9170	1129999	99.7625	941	0.0830	1130938	99.7625	3990	0.3520	1298	32.5313	457	11.4536	1366	34.2356	2149	53.8596	172291	80.9717	285955	57.7916	0.9162
stools_11016150	stools_11019501	na	NZ_AP027299.1	2900900	780522	26.9062	779915	99.9222	777881	99.7392	607	0.0778	778482	99.7386	2907	0.3724	867	29.8246	298	10.2511	998	34.3309	1600	55.0396	172291	80.9717	287305	59.0877	0.9164
stools_11016150	stools_11053501	na	NZ_AP027299.1	2900900	1449130	49.9545	1448292	99.9422	1447382	99.9372	838	0.0578	1448218	99.9371	2929	0.2021	2017	68.8631	1196	40.8330	1108	37.8286	600	20.4848	172291	100.0000	202530	85.4185	0.9801
stools_11018101	stools_11039101	na	NZ_CP034169.1	4794392	1291294	26.9334	1285792	99.5739	1274904	99.1532	5502	0.4261	1280372	99.1542	21069	1.6316	10147	48.1608	4758	22.5829	6543	31.0551	8511	40.3958	576357	56.5514	261089	89.7177	0.9144
stools_11018101	stools_11041101	na	NZ_CP034169.1	4794392	1481929	30.9096	1479854	99.8600	1466269	99.0820	2075	0.1400	1468325	99.0820	23770	1.6040	10166	42.7682	8120	34.1607	6456	27.1603	9025	37.9680	576357	75.2905	481782	79.1804	0.9003
stools_11018101	stools_11044101	na	NZ_CP034169.1	4794392	1563016	32.6009	1545588	98.8850	1544701	99.9426	17428	1.1150	1562124	99.9429	26055	1.6670	25163	96.5765	8053	30.9077	1118	4.2909	10486	40.2456	576357	66.7567	274616	91.7813	0.9176
stools_11018101	stools_11045101	na	NZ_CP034169.1	4794392	754639	15.7400	750090	99.3972	744124	99.2046	4549	0.6028	748643	99.2054	12333	1.6343	6337	51.3825	1845	14.9599	4191	33.9820	5385	43.6633	576357	62.9794	219509	92.8673	0.9067
stools_11018101	stools_11047101	na	NZ_CP034169.1	4794392	911144	19.0044	908976	99.7621	900846	99.1056	2168	0.2379	902998	99.1060	13780	1.5124	5634	40.8853	3518	25.5298	4700	34.1074	5118	37.1408	576357	56.5514	240697	87.2591	0.9081
stools_11018101	stools_11052101	na	NZ_CP034169.1	4794392	1003130	20.9230	984353	98.1282	974931	99.0428	18777	1.8718	993552	99.0452	31480	3.1382	21902	69.5743	3365	10.6893	3978	12.6366	21555	68.4720	576357	39.0572	244481	36.7161	0.8615
stools_11018101	stools_11052101	na	NZ_CP022059.1	2861022	1301251	45.4820	1300256	99.9235	1299649	99.9533	995	0.0765	1300642	99.9532	1711	0.1315	1102	64.4068	114	6.6628	1232	72.0047	353	20.6312	27173	60.8251	41453	65.2353	0.9875
stools_11018101	stools_12062101	na	NZ_CP034169.1	4794392	424397	8.8519	423604	99.8131	419373	99.0012	793	0.1869	420161	99.0019	6493	1.5299	2257	34.7605	1476	22.7322	2677	41.2290	2138	32.9278	576357	47.7378	223789	95.1110	0.9177
stools_11018101	stools_12065101	na	NZ_CP034169.1	4794392	290309	6.0552	290112	99.9321	287255	99.0152	197	0.0679	287450	99.0152	4210	1.4502	1351	32.0903	1156	27.4584	1560	37.0546	1471	34.9406	576357	41.8369	280225	86.1486	0.9356
stools_11018101	stools_12066101	na	NZ_CP034169.1	4794392	799395	16.6735	793904	99.3131	787080	99.1405	5491	0.6869	792540	99.1425	13742	1.7191	6887	50.1164	1456	10.5953	4945	35.9846	6104	44.4186	576357	36.9575	177431	95.0037	0.9074
stools_11018101	stools_12066501	na	NZ_LR135475.1	2697636	137182	5.0853	136984	99.8557	136061	99.3262	198	0.1443	136259	99.3272	1144	0.8339	221	19.3182	23	2.0105	759	66.3462	350	30.5944	71764	46.5498	90252	36.4125	0.9653
stools_11018101	stools_12069101	na	NZ_CP034169.1	4794392	1489714	31.0720	1486365	99.7752	1471426	98.9949	3349	0.2248	1474743	98.9950	24623	1.6529	9652	39.1991	6364	25.8458	7954	32.3031	10107	41.0470	576357	69.1032	398723	74.8164	0.9000
stools_11018101	stools_12069150	na	NZ_CP034169.1	4794392	749360	15.6299	748262	99.8535	740404	98.9498	1098	0.1465	741494	98.9503	12050	1.6080	4184	34.7220	3101	25.7344	4116	34.1577	4753	39.4440	576357	72.7808	404586	79.2850	0.9019
stools_11018101	stools_12070101	na	NZ_CP034169.1	4794392	1405533	29.3162	1403418	99.8495	1388871	98.9635	2115	0.1505	1390966	98.9636	22628	1.6099	8061	35.6240	5987	26.4584	7732	34.1701	8838	39.0578	576357	72.7808	370890	83.5803	0.9127
stools_11018101	stools_12070101	na	NZ_LR135475.1	2697636	289662	10.7376	289155	99.8250	288657	99.8278	507	0.1750	289164	99.8281	1894	0.6539	1396	73.7064	897	47.3601	720	38.0148	265	13.9916	71764	39.3986	70170	36.2249	0.9659
stools_11018101	stools_12073101	na	NZ_CP034169.1	4794392	283777	5.9189	283511	99.9063	279603	98.6216	266	0.0937	279862	98.6204	4954	1.7457	1039	20.9730	780	15.7449	2107	42.5313	2062	41.6229	576357	60.9587	556110	59.8002	0.8849
stools_11018101	stools_12073101	na	NZ_CP033206.1	2876110	384122	13.3556	383379	99.8066	383130	99.9351	743	0.1934	383871	99.9347	2106	0.5483	1855	88.0817	1208	57.3599	577	27.3979	254	12.0608	115841	100.0000	124263	82.2739	0.9837
stools_11018101	stools_12073101	na	NZ_LR135475.1	2697636	297846	11.0410	297333	99.8278	297205	99.9570	513	0.1722	297717	99.9567	1977	0.6638	1848	93.4750	1374	69.4992	322	16.2873	212	10.7233	71764	100.0000	112059	67.1628	0.9837
stools_11018101	stools_12100101	na	NZ_CP034169.1	4794392	321807	6.7122	321541	99.9173	316837	98.5370	266	0.0827	317093	98.5351	5841	1.8151	1127	19.2946	872	14.9290	2337	40.0103	2644	45.2662	576357	62.1688	507521	70.5786	0.9034
stools_11018101	stools_12100101	na	NZ_CP033206.1	2876110	222286	7.7287	221744	99.7562	221398	99.8440	542	0.2438	221938	99.8434	1185	0.5331	837	70.6329	386	32.5738	613	51.7300	141	11.8987	115841	95.5154	144689	79.2030	0.9848
stools_11018101	stools_12111101	na	NZ_CP034169.1	4794392	577443	12.0441	576303	99.8026	570685	99.0252	1140	0.1974	571814	99.0252	8370	1.4495	2741	32.7479	1619	19.3429	3595	42.9510	2999	35.8303	576357	67.8319	398330	78.4857	0.9085
stools_11019101	stools_11019501	na	NZ_AP027299.1	2900900	590130	20.3430	589617	99.9131	589345	99.9539	513	0.0869	589858	99.9539	2097	0.3553	1825	87.0291	1375	65.5699	299	14.2585	370	17.6443	285955	100.0000	287305	100.0000	0.9872
stools_11019101	stools_11053501	na	NZ_AP027299.1	2900900	984947	33.9532	984366	99.9410	982041	99.7638	581	0.0590	982620	99.7637	3191	0.3240	864	27.0762	294	9.2134	2079	65.1520	816	25.5719	285955	62.9718	202530	82.1093	0.9173
stools_11019501	stools_11053501	na	NZ_AP027299.1	2900900	690300	23.7961	689958	99.9505	688126	99.7345	342	0.0495	688466	99.7343	2360	0.3419	526	22.2881	191	8.0932	1580	66.9492	591	25.0424	287305	62.1945	202530	82.1093	0.9107
stools_11021150	stools_11024150	na	NZ_CP055229.1	2711996	2376116	87.6150	2372187	99.8346	2372163	99.9990	3929	0.1654	2376092	99.9990	7156	0.3012	7132	99.6646	3349	46.7999	925	12.9262	2782	38.8765	109871	100.0000	114735	100.0000	0.9976
stools_11021150	stools_11030101	na	NZ_CP055229.1	2711996	1945217	71.7264	1942743	99.8728	1940463	99.8826	2474	0.1272	1942926	99.8822	5981	0.3075	3690	61.6954	1287	21.5181	2100	35.1112	2563	42.8524	109871	59.2122	121323	76.1323	0.9613
stools_11021150	stools_11055101	na	NZ_CP055229.1	2711996	1460745	53.8624	1459515	99.9158	1446508	99.1088	1230	0.0842	1447705	99.1073	15032	1.0291	1992	13.2517	825	5.4883	1842	12.2539	12343	82.1115	109871	47.2627	105680	47.6438	0.9482
stools_11023101	stools_12090501	na	NZ_CP041665.1	2559204	679639	26.5567	678011	99.7605	676300	99.7476	1628	0.2395	677919	99.7469	3400	0.5003	1680	49.4118	76	2.2353	1974	58.0588	1334	39.2353	18242	0.0000	0	0.0000	0.9929
stools_11024150	stools_11030101	na	NZ_CP055229.1	2711996	1936155	71.3923	1932174	99.7944	1929968	99.8858	3981	0.2056	1933944	99.8858	7402	0.3823	5191	70.1297	1261	17.0359	3527	47.6493	2588	34.9635	114735	60.7565	121323	76.1323	0.9629
stools_11024150	stools_11055101	na	NZ_CP055229.1	2711996	1434203	52.8837	1431871	99.8374	1419216	99.1162	2332	0.1626	1421501	99.1144	15757	1.0987	3055	19.3882	794	5.0390	2875	18.2459	12078	76.6516	114735	49.9682	105680	47.6438	0.9504
stools_11029101	stools_11029150	na	NZ_CP068122.1	2779314	2511657	90.3697	2510585	99.9573	2510545	99.9984	1072	0.0427	2511617	99.9984	5344	0.2128	5304	99.2515	4573	85.5726	382	7.1482	228	4.2665	61184	100.0000	59855	100.0000	0.9992
stools_11029101	stools_11029501	na	NZ_CP068122.1	2779314	2474612	89.0368	2473562	99.9576	2473545	99.9993	1050	0.0424	2474595	99.9993	5290	0.2138	5273	99.6786	4576	86.5028	383	7.2401	140	2.6465	61184	100.0000	58713	100.0000	0.9990
stools_11029101	stools_12067150	na	NZ_CP068122.1	2779314	1717555	61.7978	1712136	99.6845	1706709	99.6830	5419	0.3155	1712111	99.6830	11516	0.6705	6072	52.7266	678	5.8875	2116	18.3744	8699	75.5384	61184	56.2010	59592	51.5019	0.9748
stools_11029150	stools_11029501	na	NZ_CP068122.1	2779314	2473292	88.9893	2472340	99.9615	2472304	99.9985	952	0.0385	2473255	99.9985	5450	0.2204	5413	99.3211	4837	88.7523	236	4.3303	136	2.4954	59855	100.0000	58713	100.0000	0.9995
stools_11029150	stools_12067150	na	NZ_CP068122.1	2779314	1684774	60.6183	1679681	99.6977	1674230	99.6755	5093	0.3023	1679307	99.6755	11200	0.6648	5733	51.1875	657	5.8661	1984	17.7143	8528	76.1429	59855	57.8348	59592	51.5019	0.9755
stools_11029501	stools_12067150	na	NZ_CP068122.1	2779314	1649572	59.3518	1644649	99.7016	1639288	99.6740	4923	0.2984	1644197	99.6742	10929	0.6625	5554	50.8189	646	5.9109	1889	17.2843	8359	76.4846	58713	57.4694	59592	51.5019	0.9752
stools_11030101	stools_11055101	na	NZ_CP055229.1	2711996	1159699	42.7618	1158569	99.9026	1148465	99.1279	1130	0.0974	1149554	99.1252	11867	1.0233	1722	14.5108	658	5.5448	1420	11.9660	9773	82.3544	121323	57.7656	105680	64.6527	0.9584
stools_11034501	stools_11039501	na	NZ_CP032308.1	2585631	211667	8.1863	211187	99.7732	210045	99.4592	480	0.2268	210521	99.4586	1879	0.8877	733	39.0101	266	14.1565	487	25.9180	1097	58.3821	70076	61.7373	41397	86.1826	0.9837
stools_11034501	stools_12119101	na	NZ_CP032308.1	2585631	607613	23.4996	601103	98.9286	598057	99.4933	6510	1.0714	604538	99.4939	10374	1.7073	7299	70.3586	915	8.8201	1275	12.2903	7669	73.9252	70076	61.7373	44692	85.6126	0.9847
stools_11039101	stools_11041101	na	NZ_CP034169.1	4794392	2759183	57.5502	2747256	99.5677	2725142	99.1951	11927	0.4323	2736985	99.1955	47705	1.7290	25507	53.4682	13768	28.8607	14560	30.5209	16605	34.8077	261089	89.2581	481782	58.7749	0.9209
stools_11039101	stools_11041101	na	NZ_CP046307.1	3274932	2048940	62.5644	2047292	99.9196	2040025	99.6450	1648	0.0804	2041655	99.6445	11097	0.5416	3812	34.3516	2242	20.2037	4527	40.7948	4292	38.6771	153940	52.7946	242368	61.5519	0.9199
stools_11039101	stools_11044101	na	NZ_CP034169.1	4794392	2889048	60.2589	2853751	98.7782	2845566	99.7132	35297	1.2218	2880776	99.7137	54567	1.8888	46295	84.8407	15138	27.7420	9047	16.5796	21960	40.2441	261089	82.0969	274616	70.6645	0.9667
stools_11039101	stools_11045101	na	NZ_CP034169.1	4794392	1439563	30.0260	1427165	99.1388	1420546	99.5362	12398	0.8612	1432903	99.5374	23157	1.6086	16497	71.2398	5013	21.6479	7436	32.1112	8703	37.5826	261089	80.9563	219509	86.7413	0.9724
stools_11039101	stools_11045101	na	NZ_CP046307.1	3274932	796872	24.3325	796484	99.9513	793609	99.6390	388	0.0487	793993	99.6387	4106	0.5153	1227	29.8831	844	20.5553	1656	40.3312	1583	38.5533	153940	48.5975	206804	69.1350	0.9366
stools_11039101	stools_11047101	na	NZ_CP034169.1	4794392	1701884	35.4974	1694151	99.5456	1690192	99.7663	7733	0.4544	1697912	99.7666	21540	1.2657	17568	81.5599	10957	50.8682	4100	19.0344	3838	17.8180	261089	90.3581	240697	94.4976	0.9847
stools_11039101	stools_11047101	na	NZ_CP046307.1	3274932	1076363	32.8667	1074569	99.8333	1070538	99.6249	1794	0.1667	1072318	99.6242	6505	0.6044	2460	37.8171	690	10.6072	3632	55.8340	1765	27.1330	153940	48.8203	109418	73.5967	0.9629
stools_11039101	stools_11052101	na	NZ_CP034169.1	4794392	1931765	40.2922	1892558	97.9704	1872135	98.9209	39207	2.0296	1910985	98.9243	64632	3.3457	43852	67.8487	6385	9.8790	12157	18.8096	42332	65.4970	261089	38.2368	244481	31.4900	0.9227
stools_11039101	stools_11052101	na	NZ_CP046307.1	3274932	2527443	77.1754	2524910	99.8998	2519416	99.7824	2533	0.1002	2521939	99.7822	11264	0.4457	5760	51.1364	3355	29.7852	4937	43.8299	2555	22.6829	153940	44.0971	93146	93.7249	0.9639
stools_11039101	stools_12062101	na	NZ_CP034169.1	4794392	761199	15.8769	757893	99.5657	754298	99.5257	3306	0.4343	757600	99.5272	10334	1.3576	6735	65.1732	3587	34.7107	3540	34.2559	2108	20.3987	261089	57.0671	223789	72.9214	0.9513
stools_11039101	stools_12065101	na	NZ_CP034169.1	4794392	537473	11.2105	535412	99.6165	533480	99.6392	2061	0.3835	535538	99.6400	6926	1.2886	4991	72.0618	2939	42.4343	2009	29.0066	1140	16.4597	261089	59.4081	280225	66.7578	0.9681
stools_11039101	stools_12066101	na	NZ_CP034169.1	4794392	1550135	32.3323	1536008	99.0887	1528232	99.4938	14127	0.9113	1542315	99.4955	25637	1.6539	17817	69.4972	4561	17.7907	8451	32.9641	10051	39.2051	261089	66.0890	177431	96.9943	0.9759
stools_11039101	stools_12066101	na	NZ_CP046307.1	3274932	2134288	65.1705	2131295	99.8598	2125123	99.7104	2993	0.1402	2128102	99.7102	11388	0.5336	5202	45.6797	2280	20.0211	4318	37.9171	4395	38.5933	153940	45.1156	98366	82.3994	0.9545
stools_11039101	stools_12069101	na	NZ_CP034169.1	4794392	2801589	58.4347	2788082	99.5179	2779693	99.6991	13507	0.4821	2793178	99.6998	39195	1.3990	30784	78.5406	17569	44.8246	8983	22.9187	8331	21.2553	261089	92.3953	398723	59.8187	0.9485
stools_11039101	stools_12069150	na	NZ_CP034169.1	4794392	1389919	28.9905	1384224	99.5903	1379350	99.6479	5695	0.4097	1385038	99.6488	18759	1.3496	13878	73.9805	8309	44.2934	4478	23.8712	3852	20.5341	261089	87.0144	404586	58.4041	0.9539
stools_11039101	stools_12070101	na	NZ_CP034169.1	4794392	2627059	54.7944	2615615	99.5644	2607743	99.6990	11444	0.4356	2619174	99.6999	35582	1.3544	27697	77.8399	16347	45.9418	8484	23.8435	6676	18.7623	261089	97.3113	370890	65.8974	0.9633
stools_11039101	stools_12070101	na	NZ_CP046307.1	3274932	2472622	75.5015	2471849	99.9687	2465826	99.7563	773	0.0313	2466590	99.7560	10166	0.4111	4134	40.6650	3470	34.1334	5207	51.2198	1462	14.3813	153940	83.1181	165763	100.0000	0.9724
stools_11039101	stools_12073101	na	NZ_CP034169.1	4794392	602240	12.5613	600144	99.6520	592590	98.7413	2096	0.3480	594658	98.7410	10871	1.8051	3289	30.2548	1265	11.6365	4002	36.8135	5208	47.9073	261089	72.5680	556110	42.6827	0.9013
stools_11039101	stools_12100101	na	NZ_CP034169.1	4794392	660473	13.7759	658189	99.6542	649449	98.6721	2284	0.3458	651701	98.6719	12194	1.8463	3422	28.0630	1194	9.7917	4419	36.2391	6128	50.2542	261089	72.5680	507521	45.3311	0.9090
stools_11039101	stools_12100101	na	NZ_CP084178.1	2726121	456949	16.7619	456739	99.9540	456325	99.9094	210	0.0460	456535	99.9094	849	0.1858	435	51.2367	227	26.7373	224	26.3840	347	40.8716	89563	87.3631	125748	76.6135	0.9769
stools_11039101	stools_12111101	na	NZ_CP034169.1	4794392	1154033	24.0705	1148545	99.5245	1138621	99.1360	5488	0.4755	1144063	99.1361	17660	1.5303	7690	43.5447	2343	13.2673	7896	44.7112	6608	37.4179	261089	82.0165	398330	59.0621	0.9441
stools_11039501	stools_12119101	na	NZ_CP032308.1	2585631	515254	19.9276	509480	98.8794	506041	99.3250	5774	1.1206	511796	99.3289	10018	1.9443	6560	65.4821	987	9.8523	2339	23.3480	6300	62.8868	41397	86.1826	44692	85.6126	0.9940
stools_11041101	stools_11044101	na	NZ_CP034169.1	4794392	3442603	71.8048	3405203	98.9136	3385933	99.4341	37400	1.0864	3423091	99.4332	71392	2.0738	51880	72.6692	15314	21.4506	16732	23.4368	29200	40.9009	481782	54.2009	274616	86.7917	0.9212
stools_11041101	stools_11044101	na	NZ_CP104392.1	3258457	2585048	79.3335	2578432	99.7441	2578235	99.9924	6616	0.2559	2584847	99.9922	7018	0.2715	6817	97.1359	857	12.2115	1980	28.2132	4135	58.9199	18314	100.0000	60971	53.6009	0.9868
stools_11041101	stools_11045101	na	NZ_CP034169.1	4794392	1704169	35.5450	1692300	99.3035	1680422	99.2981	11869	0.6965	1692232	99.2995	30021	1.7616	18084	60.2378	6497	21.6415	10346	34.4625	10492	34.9489	481782	55.9656	219509	89.1025	0.9272
stools_11041101	stools_11045101	na	NZ_CP046307.1	3274932	775668	23.6850	775041	99.9192	774403	99.9177	627	0.0808	775028	99.9175	3225	0.4158	2585	80.1550	1963	60.8682	613	19.0078	625	19.3798	242368	84.6684	206804	100.0000	0.9924
stools_11041101	stools_11047101	na	NZ_CP034169.1	4794392	1906187	39.7587	1901028	99.7294	1884965	99.1550	5159	0.2706	1890097	99.1559	30997	1.6261	14907	48.0918	9821	31.6837	11285	36.4067	9003	29.0447	481782	53.6230	240697	86.6529	0.9143
stools_11041101	stools_11047101	na	NZ_CP046307.1	3274932	981389	29.9667	979587	99.8164	976709	99.7062	1802	0.1836	978505	99.7061	5212	0.5311	2328	44.6662	534	10.2456	2868	55.0269	1545	29.6431	242368	34.5516	109418	58.6713	0.9296
stools_11041101	stools_11052101	na	NZ_CP034169.1	4794392	2304789	48.0726	2262339	98.1582	2236349	98.8512	42450	1.8418	2278378	98.8541	77297	3.3538	50886	65.8318	9107	11.7818	14693	19.0085	48302	62.4888	481782	46.3147	244481	53.6962	0.8995
stools_11041101	stools_11052101	na	NZ_CP046307.1	3274932	2303610	70.3407	2300430	99.8620	2295304	99.7772	3180	0.1380	2298465	99.7767	10661	0.4628	5516	51.7400	2464	23.1123	5047	47.3408	2928	27.4646	242368	48.7445	93146	100.0000	0.9456
stools_11041101	stools_12062101	na	NZ_CP034169.1	4794392	856801	17.8709	855174	99.8101	846681	99.0069	1627	0.1899	848296	99.0074	13757	1.6056	5252	38.1769	3643	26.4811	6094	44.2974	3721	27.0480	481782	39.6144	223789	95.8354	0.9191
stools_11041101	stools_12065101	na	NZ_CP034169.1	4794392	602642	12.5697	602001	99.8936	596033	99.0086	641	0.1064	596665	99.0082	9683	1.6068	3706	38.2733	3074	31.7464	4024	41.5574	2565	26.4897	481782	30.9513	280225	86.1486	0.9203
stools_11041101	stools_12066101	na	NZ_CP034169.1	4794392	1836513	38.3054	1822541	99.2392	1809710	99.2960	13972	0.7608	1823627	99.2983	31916	1.7379	19030	59.6253	5479	17.1669	11042	34.5971	10691	33.4973	481782	33.7545	177431	96.9943	0.9150
stools_11041101	stools_12066101	na	NZ_CP046307.1	3274932	2034049	62.1097	2030471	99.8241	2029771	99.9655	3578	0.1759	2033345	99.9654	8603	0.4229	7899	91.8168	4443	51.6448	1544	17.9472	1741	20.2371	242368	66.4543	98366	100.0000	0.9542
stools_11041101	stools_12066101	na	NZ_CP104392.1	3258457	90085	2.7647	89567	99.4250	89506	99.9319	518	0.5750	90024	99.9323	590	0.6549	529	89.6610	34	5.7627	430	72.8814	126	21.3559	18314	0.0000	0	0.0000	0.9944
stools_11041101	stools_12069101	na	NZ_CP034169.1	4794392	3292602	68.6761	3284777	99.7623	3253955	99.0617	7825	0.2377	3261706	99.0617	57209	1.7375	26313	45.9945	18684	32.6592	20877	36.4925	17244	30.1421	481782	82.0637	398723	77.2015	0.9145
stools_11041101	stools_12069150	na	NZ_CP034169.1	4794392	1576930	32.8911	1574193	99.8264	1558753	99.0192	2737	0.1736	1561458	99.0189	26489	1.6798	11017	41.5908	8346	31.5074	10030	37.8648	8029	30.3107	481782	81.3135	404586	92.7383	0.9184
stools_11041101	stools_12070101	na	NZ_CP034169.1	4794392	3068053	63.9925	3062618	99.8229	3032919	99.0303	5435	0.1771	3038296	99.0301	52011	1.6952	22254	42.7871	17321	33.3026	19646	37.7728	15016	28.8708	481782	74.6228	370890	81.8687	0.9230
stools_11041101	stools_12070101	na	NZ_CP046307.1	3274932	2252482	68.7795	2251002	99.9343	2246146	99.7843	1480	0.0657	2247616	99.7840	8980	0.3987	4114	45.8129	2705	30.1225	4531	50.4566	1686	18.7751	242368	61.5519	165763	72.3479	0.9452
stools_11041101	stools_12073101	na	NZ_CP034169.1	4794392	838606	17.4914	837195	99.8317	828386	98.9478	1411	0.1683	829774	98.9468	15116	1.8025	6284	41.5718	4986	32.9849	5940	39.2961	4048	26.7796	481782	70.3397	556110	66.2507	0.9056
stools_11041101	stools_12084101	na	NZ_CP104392.1	3258457	1264193	38.7973	1261374	99.7770	1260195	99.9065	2819	0.2230	1263001	99.9057	4070	0.3219	2878	70.7125	168	4.1278	1505	36.9779	2302	56.5602	18314	0.0000	63632	0.0000	0.9764
stools_11041101	stools_12100101	na	NZ_CP034169.1	4794392	898494	18.7405	896954	99.8286	887419	98.9370	1540	0.1714	888937	98.9363	16054	1.7868	6497	40.4697	5098	31.7553	6041	37.6293	4754	29.6126	481782	64.2081	507521	75.9236	0.9005
stools_11041101	stools_12111101	na	NZ_CP034169.1	4794392	1409196	29.3926	1405185	99.7154	1390799	98.9762	4011	0.2846	1394766	98.9760	22755	1.6148	8325	36.5854	4393	19.3056	11305	49.6814	6682	29.3650	481782	63.0783	398330	75.1098	0.9060
stools_11042101	stools_11049150	na	NZ_CP030110.1	2683778	606894	22.6134	604142	99.5465	601945	99.6363	2752	0.4535	604692	99.6372	5525	0.9104	3323	60.1448	668	12.0905	2254	40.7964	2362	42.7511	62712	91.4259	69657	82.8101	0.9897
stools_11042101	stools_12064150	na	NZ_CP030110.1	2683778	820501	30.5726	816504	99.5129	812283	99.4830	3997	0.4871	816260	99.4831	8852	1.0789	4611	52.0899	700	7.9078	3265	36.8843	4627	52.2707	62712	91.4259	123014	56.0627	0.9750
stools_11042101	stools_12072101	na	NZ_CP030110.1	2683778	1243424	46.3311	1238263	99.5849	1234923	99.7303	5161	0.4151	1240056	99.7291	9720	0.7817	6352	65.3498	1274	13.1070	5130	52.7778	2995	30.8128	62712	66.3477	100729	49.1219	0.9696
stools_11044101	stools_11045101	na	NZ_CP034169.1	4794392	1769048	36.8983	1742745	98.5132	1736109	99.6192	26303	1.4868	1762323	99.6199	37088	2.0965	30363	81.8675	6483	17.4800	17250	46.5110	10054	27.1085	274616	74.6621	219509	84.2029	0.9629
stools_11044101	stools_11047101	na	NZ_CP034169.1	4794392	2000520	41.7263	1978153	98.8819	1971662	99.6719	22367	1.1181	1993959	99.6720	36713	1.8352	30152	82.1289	9133	24.8767	15738	42.8676	5940	16.1796	274616	65.1167	240697	76.4280	0.9560
stools_11044101	stools_11047101	na	NZ_CP116510.1	2669879	357277	13.3818	356344	99.7389	355415	99.7393	933	0.2611	356344	99.7389	1989	0.5567	1056	53.0920	142	7.1393	896	45.0478	860	43.2378	26169	57.5032	26910	44.0245	0.9889
stools_11044101	stools_11052101	na	NZ_CP034169.1	4794392	2385134	49.7484	2324749	97.4683	2306534	99.2165	60385	2.5317	2366493	99.2185	84701	3.5512	66060	77.9920	11589	13.6822	20232	23.8864	45835	54.1139	274616	43.1177	244481	30.1075	0.9188
stools_11044101	stools_12062101	na	NZ_CP034169.1	4794392	895775	18.6838	886053	98.9147	881221	99.4547	9722	1.0853	890893	99.4550	17133	1.9126	12251	71.5053	2804	16.3661	9051	52.8279	3185	18.5899	274616	53.4044	223789	77.3282	0.9471
stools_11044101	stools_12065101	na	NZ_CP034169.1	4794392	632877	13.2004	626606	99.0091	624995	99.7429	6271	0.9909	631260	99.7445	10600	1.6749	8983	84.7453	2734	25.7925	4650	43.8679	1013	9.5566	274616	55.2633	280225	78.1458	0.9499
stools_11044101	stools_12066101	na	NZ_CP034169.1	4794392	1933800	40.3346	1904310	98.4750	1896835	99.6075	29490	1.5250	1926207	99.6074	40495	2.0941	32902	81.2495	6125	15.1253	19258	47.5565	10816	26.7095	274616	52.9354	177431	84.9806	0.9630
stools_11044101	stools_12066101	na	NZ_CP104392.1	3258457	95329	2.9256	94524	99.1556	94476	99.9492	805	0.8444	95281	99.9496	856	0.8979	808	94.3925	35	4.0888	652	76.1682	168	19.6262	60971	0.0000	0	0.0000	0.9813
stools_11044101	stools_12069101	na	NZ_CP034169.1	4794392	3440424	71.7593	3401606	98.8717	3395730	99.8273	38818	1.1283	3434527	99.8286	61518	1.7881	55621	90.4142	17336	28.1804	23659	38.4587	7413	12.0501	274616	92.7925	398723	67.6282	0.9502
stools_11044101	stools_12069150	na	NZ_CP034169.1	4794392	1662454	34.6750	1644567	98.9241	1640668	99.7629	17887	1.0759	1658528	99.7638	29150	1.7534	25224	86.5317	7566	25.9554	11663	40.0103	3613	12.3945	274616	94.0237	404586	70.8576	0.9601
stools_11044101	stools_12070101	na	NZ_CP034169.1	4794392	3226510	67.2976	3191378	98.9111	3185651	99.8205	35132	1.0889	3220754	99.8216	56426	1.7488	50670	89.7990	16171	28.6588	22267	39.4623	5629	9.9759	274616	97.4601	370890	74.4827	0.9705
stools_11044101	stools_12073101	na	NZ_CP034169.1	4794392	820067	17.1047	812000	99.0163	803723	98.9807	8067	0.9837	811692	98.9787	17977	2.1921	9602	53.4127	1699	9.4510	9362	52.0777	5696	31.6849	274616	86.9501	556110	56.1168	0.9121
stools_11044101	stools_12084101	na	NZ_CP104392.1	3258457	1321940	40.5695	1318007	99.7025	1316766	99.9058	3933	0.2975	1320691	99.9055	5228	0.3955	3979	76.1094	168	3.2135	2580	49.3497	2409	46.0788	60971	0.0000	63632	0.0000	0.9633
stools_11044101	stools_12100101	na	NZ_CP034169.1	4794392	912873	19.0404	903446	98.9673	893954	98.9494	9427	1.0327	903269	98.9479	20416	2.2365	10812	52.9585	1590	7.7880	10518	51.5184	6774	33.1799	274616	86.9501	507521	60.9797	0.9247
stools_11044101	stools_12111101	na	NZ_CP034169.1	4794392	1458881	30.4289	1441887	98.8351	1432911	99.3775	16994	1.1649	1449794	99.3771	28562	1.9578	19475	68.1850	2975	10.4159	16695	58.4518	6753	23.6433	274616	92.7961	398330	69.3533	0.9492
stools_11045101	stools_11047101	na	NZ_CP034169.1	4794392	997124	20.7977	990006	99.2861	984572	99.4511	7118	0.7139	991663	99.4523	15611	1.5656	10150	65.0183	3366	21.5617	6131	39.2736	4866	31.1703	219509	79.6619	240697	74.4779	0.9678
stools_11045101	stools_11047101	na	NZ_CP046307.1	3274932	374448	11.4338	373864	99.8440	372644	99.6737	584	0.1560	373223	99.6729	1999	0.5339	774	38.7194	197	9.8549	1120	56.0280	580	29.0145	206804	38.9117	109418	53.1878	0.9370
stools_11045101	stools_11052101	na	NZ_CP034169.1	4794392	1470163	30.6642	1435750	97.6592	1423026	99.1138	34413	2.3408	1457145	99.1145	50738	3.4512	37720	74.3427	5575	10.9878	8145	16.0531	33325	65.6806	219509	35.3366	244481	21.5493	0.9204
stools_11045101	stools_11052101	na	NZ_CP024590.1	3723378	1160937	31.1797	1140776	98.2634	1134885	99.4836	20161	1.7366	1154940	99.4834	26765	2.3055	20768	77.5939	1463	5.4661	3505	13.0955	20869	77.9712	531527	88.4346	523429	87.3100	0.9415
stools_11045101	stools_11052101	na	NZ_CP046307.1	3274932	888432	27.1283	887483	99.8932	885222	99.7452	949	0.1068	886166	99.7449	4101	0.4616	1835	44.7452	891	21.7264	1961	47.8176	1189	28.9929	206804	52.7388	93146	93.1205	0.9566
stools_11045101	stools_12062101	na	NZ_CP034169.1	4794392	440830	9.1947	437978	99.3530	435197	99.3650	2852	0.6470	438042	99.3676	6765	1.5346	3977	58.7879	1191	17.6053	2870	42.4242	2111	31.2047	219509	61.2736	223789	80.4861	0.9588
stools_11045101	stools_12065101	na	NZ_CP034169.1	4794392	318819	6.6498	316966	99.4188	314865	99.3372	1853	0.5812	316710	99.3385	4946	1.5514	2837	57.3595	1003	20.2790	2241	45.3093	1390	28.1035	219509	68.3102	280225	86.1486	0.9645
stools_11045101	stools_12066101	na	NZ_CP034169.1	4794392	1451225	30.2692	1433760	98.7965	1429106	99.6754	17465	1.2035	1446524	99.6761	25001	1.7228	20300	81.1968	5419	21.6751	8121	32.4827	8504	34.0146	219509	70.0213	177431	96.9943	0.9784
stools_11045101	stools_12066101	na	NZ_CP024590.1	3723378	1282713	34.4502	1274881	99.3894	1273365	99.8811	7832	0.6106	1281194	99.8816	9767	0.7614	8248	84.4476	1556	15.9312	4165	42.6436	3229	33.0603	531527	90.1723	479740	100.0000	0.9766
stools_11045101	stools_12066101	na	NZ_CP046307.1	3274932	794047	24.2462	792862	99.8508	792134	99.9082	1185	0.1492	793318	99.9082	3435	0.4326	2706	78.7773	1525	44.3959	718	20.9025	860	25.0364	206804	73.9154	98366	93.4256	0.9587
stools_11045101	stools_12066101	na	NZ_CP104764.1	3200986	58192	1.8179	58016	99.6976	57917	99.8294	176	0.3024	58093	99.8299	344	0.5911	245	71.2209	78	22.6744	128	37.2093	100	29.0698	7216	0.0000	0	0.0000	0.9977
stools_11045101	stools_12066501	na	NZ_CP104764.1	3200986	703288	21.9710	702449	99.8807	701734	99.8982	839	0.1193	702572	99.8982	1659	0.2359	943	56.8415	114	6.8716	545	32.8511	984	59.3128	7216	100.0000	49490	14.7868	0.9885
stools_11045101	stools_12069101	na	NZ_CP034169.1	4794392	1702407	35.5083	1690551	99.3036	1680506	99.4058	11856	0.6964	1692318	99.4074	27516	1.6163	17427	63.3341	5772	20.9769	11222	40.7835	8781	31.9123	219509	93.7392	398723	56.9498	0.9433
stools_11045101	stools_12069150	na	NZ_CP034169.1	4794392	830426	17.3208	825112	99.3601	819805	99.3568	5314	0.6399	825096	99.3582	13234	1.5936	7904	59.7250	2714	20.5078	5340	40.3506	4323	32.6659	219509	94.3255	404586	61.6796	0.9483
stools_11045101	stools_12070101	na	NZ_CP034169.1	4794392	1615914	33.7043	1604830	99.3141	1595235	99.4021	11084	0.6859	1606273	99.4034	25995	1.6087	16354	62.9121	5622	21.6272	10673	41.0579	8153	31.3637	219509	97.0808	370890	67.4017	0.9569
stools_11045101	stools_12070101	na	NZ_CP046307.1	3274932	860764	26.2834	860462	99.9649	858346	99.7541	302	0.0351	858645	99.7538	3402	0.3952	1283	37.7131	984	28.9242	1768	51.9694	626	18.4009	206804	69.1350	165763	68.6384	0.9595
stools_11045101	stools_12070101	na	NZ_CP104764.1	3200986	990962	30.9580	989868	99.8896	989390	99.9517	1094	0.1104	990481	99.9515	1748	0.1764	1267	72.4828	207	11.8421	655	37.4714	822	47.0252	7216	0.0000	5651	0.0000	0.9977
stools_11045101	stools_12073101	na	NZ_CP034169.1	4794392	600146	12.5177	596334	99.3648	590751	99.0638	3812	0.6352	594526	99.0636	11268	1.8775	5648	50.1242	1910	16.9507	4074	36.1555	4142	36.7590	219509	80.8969	556110	57.0421	0.9098
stools_11045101	stools_12073101	na	NZ_CP024590.1	3723378	1094918	29.4066	1091275	99.6673	1089121	99.8026	3643	0.3327	1092763	99.8032	6387	0.5833	4232	66.2596	591	9.2532	4820	75.4658	696	10.8971	531527	90.1723	571802	86.2753	0.9434
stools_11045101	stools_12100101	na	NZ_CP034169.1	4794392	674132	14.0608	669490	99.3114	662993	99.0296	4642	0.6886	667584	99.0287	12754	1.8919	6206	48.6592	1653	12.9606	4746	37.2119	4941	38.7408	219509	86.1992	507521	59.9778	0.9220
stools_11045101	stools_12100101	na	NZ_CP024590.1	3723378	1086874	29.1905	1083431	99.6832	1081289	99.8023	3443	0.3168	1084730	99.8027	6193	0.5698	4049	65.3803	609	9.8337	4666	75.3431	635	10.2535	531527	92.8532	562413	85.7466	0.9512
stools_11045101	stools_12100101	na	NZ_CP104764.1	3200986	1067071	33.3357	1066469	99.9436	1066126	99.9678	602	0.0564	1066725	99.9676	1118	0.1048	772	69.0519	182	16.2791	593	53.0411	305	27.2809	7216	100.0000	60211	38.7487	0.9821
stools_11045101	stools_12101101	na	NZ_CP104764.1	3200986	669870	20.9270	669105	99.8858	668413	99.8966	765	0.1142	669177	99.8965	1523	0.2274	830	54.4977	68	4.4649	606	39.7899	841	55.2200	7216	0.0000	49292	0.0000	0.9823
stools_11045101	stools_12111101	na	NZ_CP034169.1	4794392	1189571	24.8117	1179816	99.1800	1175760	99.6562	9755	0.8200	1185501	99.6579	17390	1.4619	13320	76.5957	3931	22.6049	7089	40.7648	3787	21.7769	219509	93.9023	398330	62.8918	0.9495
stools_11045101	stools_12111101	na	NZ_CP024590.1	3723378	1105260	29.6843	1100520	99.5711	1098780	99.8419	4740	0.4289	1103516	99.8422	7101	0.6425	5357	75.4401	699	9.8437	4688	66.0189	1421	20.0113	531527	100.0000	598589	92.2489	0.9643
stools_11047101	stools_11052101	na	NZ_CP034169.1	4794392	1333105	27.8055	1307626	98.0887	1293137	98.8920	25479	1.9113	1318386	98.8959	43763	3.2828	29044	66.3666	4296	9.8165	7617	17.4051	29560	67.5456	240697	37.8758	244481	28.6996	0.9270
stools_11047101	stools_11052101	na	NZ_CP046307.1	3274932	1246731	38.0689	1243821	99.7666	1241128	99.7835	2910	0.2334	1244025	99.7830	6278	0.5036	3572	56.8971	731	11.6438	2283	36.3651	2966	47.2443	109418	52.5526	93146	64.2497	0.9660
stools_11047101	stools_12062101	na	NZ_CP034169.1	4794392	542729	11.3201	541263	99.7299	538162	99.4271	1466	0.2701	539626	99.4283	7103	1.3088	4000	56.3142	2589	36.4494	2392	33.6759	1633	22.9903	240697	66.1442	223789	80.4432	0.9584
stools_11047101	stools_12062101	na	NZ_LR135203.1	2804950	649927	23.1707	649530	99.9389	647723	99.7218	397	0.0611	648119	99.7218	2700	0.4154	892	33.0370	515	19.0741	500	18.5185	1659	61.4444	75845	60.1767	104874	30.9428	0.9619
stools_11047101	stools_12065101	na	NZ_CP034169.1	4794392	371215	7.7427	370454	99.7950	368913	99.5840	761	0.2050	369673	99.5846	4431	1.1936	2889	65.1997	2129	48.0478	1313	29.6321	773	17.4453	240697	53.3895	280225	61.3999	0.9573
stools_11047101	stools_12066101	na	NZ_CP034169.1	4794392	1065925	22.2327	1057700	99.2284	1051733	99.4359	8225	0.7716	1059930	99.4376	16922	1.5875	10927	64.5727	3019	17.8407	5335	31.5270	6958	41.1181	240697	59.8159	177431	90.6178	0.9699
stools_11047101	stools_12066101	na	NZ_CP046307.1	3274932	1028898	31.4174	1026144	99.7323	1023680	99.7599	2754	0.2677	1026429	99.7600	5763	0.5601	3294	57.1577	642	11.1400	1571	27.2601	3194	55.4225	109418	52.5526	98366	65.4657	0.9673
stools_11047101	stools_12066101	na	NZ_LR135203.1	2804950	1349004	48.0937	1347699	99.9033	1343601	99.6959	1305	0.0967	1344905	99.6961	6533	0.4843	2434	37.2570	1166	17.8478	939	14.3732	4372	66.9218	75845	60.1767	53077	38.7437	0.9699
stools_11047101	stools_12069101	na	NZ_CP034169.1	4794392	1950787	40.6889	1944503	99.6779	1937126	99.6206	6284	0.3221	1943389	99.6208	26015	1.3336	18617	71.5626	12474	47.9493	5926	22.7792	6183	23.7671	240697	90.7327	398723	55.1804	0.9382
stools_11047101	stools_12069150	na	NZ_CP034169.1	4794392	974279	20.3212	971822	99.7478	967718	99.5777	2457	0.2522	970168	99.5780	12634	1.2968	8523	67.4608	6127	48.4961	2948	23.3339	2831	22.4078	240697	81.1506	404586	53.6099	0.9415
stools_11047101	stools_12070101	na	NZ_CP034169.1	4794392	1844245	38.4667	1839120	99.7221	1831820	99.6031	5125	0.2779	1836929	99.6033	24259	1.3154	16943	69.8421	11898	49.0457	5769	23.7809	5224	21.5343	240697	93.6248	370890	58.5292	0.9558
stools_11047101	stools_12070101	na	NZ_CP046307.1	3274932	1234468	37.6945	1232322	99.8262	1229223	99.7485	2146	0.1738	1231356	99.7479	5967	0.4834	2855	47.8465	771	12.9211	2369	39.7017	2573	43.1205	109418	90.2109	165763	70.1441	0.9742
stools_11047101	stools_12073101	na	NZ_CP034169.1	4794392	392425	8.1851	391519	99.7691	386712	98.7722	906	0.2309	387613	98.7738	6693	1.7055	1881	28.1040	1000	14.9410	2262	33.7965	3227	48.2146	240697	69.5642	556110	42.6827	0.9016
stools_11047101	stools_12084101	na	NZ_LR135203.1	2804950	2064996	73.6197	2062256	99.8673	2058731	99.8291	2740	0.1327	2061462	99.8289	8237	0.3989	4703	57.0960	1998	24.2564	1793	21.7676	4279	51.9485	75845	80.3178	96671	46.2579	0.9699
stools_11047101	stools_12100101	na	NZ_CP034169.1	4794392	428967	8.9473	428006	99.7760	422338	98.6757	961	0.2240	423289	98.6764	7588	1.7689	1910	25.1713	976	12.8624	2539	33.4607	3850	50.7380	240697	65.9722	507521	42.0424	0.9095
stools_11047101	stools_12111101	na	NZ_CP034169.1	4794392	782311	16.3172	779726	99.6696	772261	99.0426	2585	0.3304	774827	99.0433	11689	1.4942	4205	35.9740	1659	14.1928	5102	43.6479	4634	39.6441	240697	81.2677	398330	56.4673	0.9400
stools_11049150	stools_12064150	na	NZ_CP030110.1	2683778	672451	25.0561	669724	99.5945	666130	99.4634	2727	0.4055	668845	99.4638	7069	1.0512	3463	48.9885	811	11.4726	2448	34.6301	3613	51.1105	69657	100.0000	123014	64.6723	0.9779
stools_11049150	stools_12072101	na	NZ_CP030110.1	2683778	948168	35.3296	945639	99.7333	942071	99.6227	2529	0.2667	944595	99.6232	6950	0.7330	3377	48.5899	866	12.4604	3932	56.5755	2026	29.1511	69657	77.2528	100729	54.1433	0.9706
stools_11051150	stools_11051501	na	NZ_CP040878.1	2618436	2049332	78.2655	2042477	99.6655	2042188	99.9859	6855	0.3345	2049042	99.9858	13489	0.6582	13199	97.8501	6625	49.1141	1726	12.7956	3630	26.9108	50961	81.6703	60305	78.1080	0.9891
stools_11051150	stools_12086501	na	NZ_CP040878.1	2618436	1905403	72.7687	1901431	99.7915	1894857	99.6543	3972	0.2085	1898824	99.6547	11076	0.5813	4497	40.6013	547	4.9386	8348	75.3702	2066	18.6529	50961	80.5871	55614	50.8523	0.9800
stools_11051501	stools_12086501	na	NZ_CP040878.1	2618436	1794835	68.5461	1789034	99.6768	1783537	99.6927	5801	0.3232	1789331	99.6933	11795	0.6572	6291	53.3362	543	4.6036	9199	77.9907	1959	16.6087	60305	61.6284	55614	41.7521	0.9725
stools_11052101	stools_12062101	na	NZ_CP034169.1	4794392	594836	12.4069	584547	98.2703	577233	98.7488	10289	1.7297	587399	98.7497	19057	3.2037	11620	60.9750	1558	8.1755	13270	69.6332	3330	17.4739	244481	25.5116	223789	51.8667	0.9360
stools_11052101	stools_12065101	na	NZ_CP034169.1	4794392	425421	8.8733	417914	98.2354	412895	98.7990	7507	1.7646	420328	98.8028	13739	3.2295	8646	62.9303	1221	8.8871	9582	69.7431	2225	16.1948	244481	9.0935	280225	33.2444	0.9231
stools_11052101	stools_12066101	na	NZ_CP034169.1	4794392	1623788	33.8685	1585249	97.6266	1571934	99.1601	38539	2.3734	1610233	99.1652	55098	3.3932	41543	75.3984	6226	11.2999	36077	65.4779	8449	15.3345	244481	18.9520	177431	48.0023	0.9298
stools_11052101	stools_12066101	na	NZ_CP024590.1	3723378	1527172	41.0158	1500390	98.2463	1493140	99.5168	26782	1.7537	1519791	99.5167	34546	2.2621	27165	78.6343	1795	5.1960	28142	81.4624	3667	10.6148	523429	83.8670	479740	93.5250	0.9467
stools_11052101	stools_12066101	na	NZ_CP046307.1	3274932	2395682	73.1521	2391007	99.8049	2386986	99.8318	4675	0.1951	2391647	99.8316	11041	0.4609	7006	63.4544	2502	22.6610	2893	26.2023	5189	46.9976	93146	87.6044	98366	69.5362	0.9822
stools_11052101	stools_12069101	na	NZ_CP034169.1	4794392	2271450	47.3772	2229035	98.1327	2202756	98.8211	42415	1.8673	2244731	98.8237	75562	3.3266	48843	64.6396	7423	9.8237	49843	65.9631	14209	18.8044	244481	53.3436	398723	50.3563	0.9057
stools_11052101	stools_12069150	na	NZ_CP034169.1	4794392	1101556	22.9759	1082009	98.2255	1069009	98.7985	19547	1.7745	1088360	98.8021	35860	3.2554	22664	63.2013	3426	9.5538	23996	66.9158	6556	18.2822	244481	51.3741	404586	45.6108	0.9059
stools_11052101	stools_12070101	na	NZ_CP034169.1	4794392	2126044	44.3444	2086954	98.1614	2061928	98.8008	39090	1.8386	2100610	98.8037	70464	3.3143	45030	63.9050	6496	9.2189	47523	67.4429	12861	18.2519	244481	37.6303	370890	32.1527	0.9064
stools_11052101	stools_12070101	na	NZ_CP046307.1	3274932	2822620	86.1887	2820004	99.9073	2819334	99.9762	2616	0.0927	2821944	99.9761	8064	0.2857	7388	91.6171	4911	60.9003	2066	25.6200	679	8.4201	93146	100.0000	165763	64.3087	0.9701
stools_11052101	stools_12073101	na	NZ_CP034169.1	4794392	730517	15.2369	716281	98.0512	708969	98.9792	14236	1.9488	723052	98.9781	24574	3.3639	17109	69.6224	3135	12.7574	16061	65.3577	3184	12.9568	244481	64.4794	556110	49.4451	0.8920
stools_11052101	stools_12073101	na	NZ_CP024590.1	3723378	1322784	35.5264	1303897	98.5722	1296530	99.4350	18887	1.4278	1315310	99.4350	27021	2.0427	19547	72.3400	775	2.8681	24864	92.0173	1086	4.0191	523429	88.8839	571802	83.7561	0.9355
stools_11052101	stools_12100101	na	NZ_CP034169.1	4794392	780747	16.2846	765165	98.0042	757200	98.9590	15582	1.9958	772632	98.9606	26570	3.4032	18455	69.4580	3166	11.9157	17567	66.1159	3617	13.6131	244481	48.0234	507521	45.0139	0.8825
stools_11052101	stools_12100101	na	NZ_CP024590.1	3723378	1319119	35.4280	1300711	98.6045	1293431	99.4403	18408	1.3955	1311744	99.4409	26473	2.0069	19098	72.1414	791	2.9879	24342	91.9503	1039	3.9248	523429	87.7789	562413	85.2192	0.9370
stools_11052101	stools_12111101	na	NZ_CP034169.1	4794392	1212677	25.2937	1187656	97.9367	1174867	98.9232	25021	2.0633	1199643	98.9252	41007	3.3815	27973	68.2152	3583	8.7375	29824	72.7290	5332	13.0027	244481	39.5740	398330	41.3823	0.8956
stools_11052101	stools_12111101	na	NZ_CP024590.1	3723378	1228682	32.9991	1209951	98.4755	1203229	99.4444	18731	1.5245	1221869	99.4455	26031	2.1186	19218	73.8274	683	2.6238	23119	88.8133	1919	7.3720	523429	91.5878	598589	80.1550	0.9233
stools_11055101	stools_11110101	na	NZ_CP055230.1	2835470	1092568	38.5322	1092085	99.9558	1083398	99.2045	483	0.0442	1083856	99.2026	13233	1.2112	4521	34.1646	4079	30.8245	4837	36.5526	4315	32.6079	125986	54.6394	75928	80.8174	0.9662
stools_11055101	stools_12098150	na	NZ_CP055230.1	2835470	1811949	63.9030	1810659	99.9288	1809762	99.9505	1290	0.0712	1811043	99.9500	16216	0.8949	15310	94.4129	14263	87.9563	802	4.9457	925	5.7042	125986	100.0000	126421	95.1416	0.9940
stools_11110101	stools_12098150	na	NZ_CP055230.1	2835470	1596737	56.3130	1595940	99.9501	1583758	99.2367	797	0.0499	1584536	99.2359	18451	1.1555	6250	33.8735	5491	29.7599	6196	33.5808	6768	36.6809	75928	89.3873	126421	59.7314	0.9707
stools_12062101	stools_12065101	na	NZ_CP034169.1	4794392	166044	3.4633	165867	99.8934	164541	99.2006	177	0.1066	164716	99.2002	2178	1.3117	850	39.0266	675	30.9917	731	33.5629	704	32.3232	223789	54.3695	280225	63.8651	0.9427
stools_12062101	stools_12066101	na	NZ_CP034169.1	4794392	465499	9.7092	462176	99.2861	459133	99.3416	3323	0.7139	462436	99.3420	7381	1.5856	4318	58.5016	1072	14.5238	2263	30.6598	3363	45.5629	223789	43.6089	177431	65.0405	0.9576
stools_12062101	stools_12066101	na	NZ_LR135203.1	2804950	458710	16.3536	458264	99.9028	457906	99.9219	446	0.0972	458351	99.9217	1789	0.3900	1430	79.9329	992	55.4500	310	17.3281	414	23.1414	104874	52.8196	53077	73.5366	0.9710
stools_12062101	stools_12069101	na	NZ_CP034169.1	4794392	865374	18.0497	863273	99.7572	856595	99.2264	2101	0.2428	858683	99.2268	12676	1.4648	5985	47.2152	3924	30.9561	3413	26.9249	4966	39.1764	223789	95.1713	398723	43.5430	0.9355
stools_12062101	stools_12069150	na	NZ_CP034169.1	4794392	429252	8.9532	428466	99.8169	424891	99.1656	786	0.1831	425672	99.1660	6239	1.4535	2659	42.6190	1882	30.1651	1763	28.2577	2425	38.8684	223789	87.6066	404586	45.4818	0.9260
stools_12062101	stools_12070101	na	NZ_CP034169.1	4794392	817218	17.0453	815619	99.8043	809097	99.2004	1599	0.1957	810688	99.2009	11853	1.4504	5323	44.9085	3733	31.4941	3299	27.8326	4500	37.9651	223789	95.1713	370890	49.2456	0.9449
stools_12062101	stools_12073101	na	NZ_CP034169.1	4794392	169218	3.5295	168964	99.8499	167204	98.9584	254	0.1501	167453	98.9570	2532	1.4963	767	30.2923	521	20.5766	748	29.5419	1204	47.5513	223789	87.6370	556110	40.2739	0.9233
stools_12062101	stools_12084101	na	NZ_LR135203.1	2804950	678843	24.2016	677956	99.8693	676381	99.7677	887	0.1307	677266	99.7677	3158	0.4652	1581	50.0633	705	22.3243	1525	48.2901	859	27.2008	104874	48.9092	96671	50.8591	0.9639
stools_12062101	stools_12100101	na	NZ_CP034169.1	4794392	185245	3.8638	185017	99.8769	182888	98.8493	228	0.1231	183112	98.8486	2897	1.5639	764	26.3721	541	18.6745	836	28.8574	1480	51.0873	223789	87.6370	507521	50.6269	0.9316
stools_12062101	stools_12111101	na	NZ_CP034169.1	4794392	344867	7.1931	344092	99.7753	341478	99.2403	775	0.2247	342244	99.2394	4310	1.2498	1687	39.1415	931	21.6009	1553	36.0325	1677	38.9095	223789	95.7219	398330	48.2600	0.9345
stools_12064150	stools_12072101	na	NZ_CP030110.1	2683778	1294491	48.2339	1290283	99.6749	1284101	99.5209	4208	0.3251	1288291	99.5210	11670	0.9015	5470	46.8723	1308	11.2082	7294	62.5021	2962	25.3813	123014	68.6857	100729	66.7027	0.9567
stools_12065101	stools_12066101	na	NZ_CP034169.1	4794392	345054	7.1970	342898	99.3752	341019	99.4520	2156	0.6248	343173	99.4549	5056	1.4653	3175	62.7967	1045	20.6685	1380	27.2943	2137	42.2666	280225	74.8092	177431	81.3922	0.9672
stools_12065101	stools_12069101	na	NZ_CP034169.1	4794392	626728	13.0721	625541	99.8106	624483	99.8309	1187	0.1894	625670	99.8312	7126	1.1370	6068	85.1530	4883	68.5237	695	9.7530	1463	20.5305	280225	89.3871	398723	45.9424	0.9386
stools_12065101	stools_12069150	na	NZ_CP034169.1	4794392	315129	6.5729	314779	99.8889	314115	99.7891	350	0.1111	314465	99.7893	3569	1.1326	2905	81.3953	2559	71.7008	275	7.7052	686	19.2211	280225	77.3589	404586	47.8766	0.9572
stools_12065101	stools_12070101	na	NZ_CP034169.1	4794392	580505	12.1080	579962	99.9065	578914	99.8193	543	0.0935	579457	99.8195	6327	1.0899	5279	83.4361	4736	74.8538	606	9.5780	970	15.3311	280225	86.1486	370890	46.3803	0.9483
stools_12065101	stools_12073101	na	NZ_CP034169.1	4794392	128369	2.6775	128284	99.9338	126590	98.6795	85	0.0662	126671	98.6773	2071	1.6133	373	18.0106	292	14.0995	769	37.1318	996	48.0927	280225	90.8124	556110	39.2349	0.9312
stools_12065101	stools_12100101	na	NZ_CP034169.1	4794392	142155	2.9650	142076	99.9444	140047	98.5719	79	0.0556	140125	98.5720	2416	1.6996	386	15.9768	308	12.7483	792	32.7815	1302	53.8907	280225	85.4103	507521	40.4176	0.9446
stools_12065101	stools_12111101	na	NZ_CP034169.1	4794392	251413	5.2439	250991	99.8321	248329	98.9394	422	0.1679	248747	98.9396	3631	1.4442	965	26.5767	548	15.0923	1462	40.2644	1547	42.6053	280225	90.3674	398330	53.0053	0.9622
stools_12066101	stools_12066501	na	NZ_CP104764.1	3200986	85989	2.6863	85693	99.6558	85545	99.8273	296	0.3442	85838	99.8244	565	0.6571	414	73.2743	126	22.3009	225	39.8230	210	37.1681	0	0.0000	49490	0.0000	0.9845
stools_12066101	stools_12069101	na	NZ_CP034169.1	4794392	1845443	38.4917	1831199	99.2282	1821329	99.4610	14244	0.7718	1835533	99.4630	29283	1.5868	19373	66.1578	5422	18.5159	12077	41.2424	8849	30.2189	177431	92.7296	398723	40.3970	0.9350
stools_12066101	stools_12069150	na	NZ_CP034169.1	4794392	884055	18.4394	877976	99.3124	873097	99.4443	6079	0.6876	879156	99.4458	13537	1.5312	8638	63.8103	2713	20.0414	5343	39.4696	4149	30.6493	177431	96.9943	404586	44.7203	0.9460
stools_12066101	stools_12070101	na	NZ_CP034169.1	4794392	1742252	36.3394	1729330	99.2583	1719942	99.4571	12922	0.7417	1732841	99.4598	27326	1.5684	17915	65.5603	5491	20.0944	11137	40.7561	7956	29.1151	177431	96.9943	370890	45.8920	0.9513
stools_12066101	stools_12070101	na	NZ_CP046307.1	3274932	2344994	71.6044	2341929	99.8693	2337909	99.8283	3065	0.1307	2340966	99.8282	9659	0.4119	5631	58.2980	2639	27.3217	4931	51.0508	1708	17.6830	98366	89.1751	165763	65.3897	0.9711
stools_12066101	stools_12070101	na	NZ_CP104764.1	3200986	119283	3.7264	118678	99.4928	118493	99.8441	605	0.5072	119097	99.8441	862	0.7227	676	78.4223	79	9.1647	265	30.7425	458	53.1323	0	0.0000	5651	0.0000	0.9982
stools_12066101	stools_12073101	na	NZ_CP034169.1	4794392	752942	15.7046	746679	99.1682	745650	99.8622	6263	0.8318	751904	99.8621	10674	1.4176	9636	90.2754	3514	32.9211	2730	25.5762	1076	10.0806	177431	96.9943	556110	33.0003	0.9109
stools_12066101	stools_12073101	na	NZ_CP024590.1	3723378	1492660	40.0889	1486920	99.6155	1486311	99.9590	5740	0.3845	1492049	99.9591	7138	0.4782	6527	91.4402	827	11.5859	4870	68.2264	557	7.8033	479740	100.0000	571802	86.2753	0.9609
stools_12066101	stools_12084101	na	NZ_CP104392.1	3258457	67093	2.0590	66741	99.4754	66582	99.7618	352	0.5246	66931	99.7585	637	0.9494	475	74.5683	144	22.6060	101	15.8556	377	59.1837	0	0.0000	63632	0.0000	0.9805
stools_12066101	stools_12084101	na	NZ_LR135203.1	2804950	1407862	50.1921	1405359	99.8222	1402016	99.7621	2503	0.1778	1404512	99.7621	7873	0.5592	4523	57.4495	2080	26.4194	3704	47.0469	1930	24.5142	53077	24.2987	96671	13.9918	0.9575
stools_12066101	stools_12100101	na	NZ_CP034169.1	4794392	860813	17.9546	853399	99.1387	852122	99.8504	7414	0.8613	859528	99.8507	12482	1.4500	11197	89.7052	3989	31.9580	3147	25.2123	1408	11.2802	177431	100.0000	507521	38.3915	0.9235
stools_12066101	stools_12100101	na	NZ_CP024590.1	3723378	1491576	40.0598	1485981	99.6249	1485381	99.9596	5595	0.3751	1490974	99.9596	7057	0.4731	6455	91.4695	921	13.0509	4799	68.0034	464	6.5750	479740	100.0000	562413	83.4086	0.9601
stools_12066101	stools_12100101	na	NZ_CP104764.1	3200986	120820	3.7745	120596	99.8146	120576	99.9834	224	0.1854	120800	99.9834	384	0.3178	364	94.7917	230	59.8958	68	17.7083	76	19.7917	0	0.0000	60211	0.0000	0.9812
stools_12066101	stools_12101101	na	NZ_CP104764.1	3200986	69130	2.1596	69030	99.8553	68667	99.4741	100	0.1447	68766	99.4735	475	0.6871	111	23.3684	17	3.5789	156	32.8421	271	57.0526	0	0.0000	49292	0.0000	0.9846
stools_12066101	stools_12111101	na	NZ_CP034169.1	4794392	1336931	27.8853	1324799	99.0925	1318799	99.5471	12132	0.9075	1330869	99.5466	20706	1.5488	14644	70.7235	3009	14.5320	9198	44.4219	5613	27.1081	177431	96.9943	398330	46.0804	0.9449
stools_12066101	stools_12111101	na	NZ_CP024590.1	3723378	1394067	37.4409	1387797	99.5502	1386783	99.9269	6270	0.4498	1393049	99.9270	7753	0.5561	6735	86.8696	677	8.7321	4682	60.3895	1661	21.4240	479740	100.0000	598589	81.4417	0.9498
stools_12066501	stools_12070101	na	NZ_CP104764.1	3200986	1545257	48.2744	1542867	99.8453	1541891	99.9367	2390	0.1547	1544275	99.9365	3509	0.2271	2527	72.0148	161	4.5882	1904	54.2605	1376	39.2135	49490	26.4862	5651	100.0000	0.9863
stools_12066501	stools_12070101	na	NZ_LR135475.1	2697636	950424	35.2317	949784	99.9327	947145	99.7221	640	0.0673	947775	99.7213	3645	0.3835	996	27.3251	392	10.7545	864	23.7037	2387	65.4870	90252	16.2146	70170	21.2113	0.9524
stools_12066501	stools_12073101	na	NZ_LR135475.1	2697636	153341	5.6843	153220	99.9211	152139	99.2945	121	0.0789	152260	99.2950	1237	0.8067	156	12.6112	36	2.9103	271	21.9078	926	74.8585	90252	46.5641	112059	37.2839	0.9563
stools_12066501	stools_12100101	na	NZ_CP104764.1	3200986	1683233	52.5848	1681494	99.8967	1680638	99.9491	1739	0.1033	1682372	99.9488	2746	0.1631	1885	68.6453	170	6.1908	2024	73.7072	529	19.2644	49490	59.2140	60211	64.6277	0.9778
stools_12066501	stools_12101101	na	NZ_CP104764.1	3200986	1056763	33.0137	1055019	99.8350	1053890	99.8930	1744	0.1650	1055626	99.8924	2979	0.2819	1842	61.8328	128	4.2967	1413	47.4320	1397	46.8949	49490	11.7074	49292	19.9586	0.9727
stools_12069101	stools_12069150	na	NZ_CP034169.1	4794392	1638152	34.1681	1634351	99.7680	1632448	99.8836	3801	0.2320	1636244	99.8835	19761	1.2063	17853	90.3446	14174	71.7271	2741	13.8708	2388	12.0844	398723	86.7281	404586	89.4374	0.9702
stools_12069101	stools_12070101	na	NZ_CP034169.1	4794392	3137797	65.4472	3130454	99.7660	3129716	99.9764	7343	0.2340	3137057	99.9764	36821	1.1735	36081	97.9903	28816	78.2597	4378	11.8900	3065	8.3241	398723	81.7866	370890	85.6402	0.9546
stools_12069101	stools_12073101	na	NZ_CP034169.1	4794392	783999	16.3524	782839	99.8520	772210	98.6422	1160	0.1480	773341	98.6406	13676	1.7444	3018	22.0679	1895	13.8564	5111	37.3720	6551	47.9014	398723	79.7193	556110	64.0891	0.9120
stools_12069101	stools_12100101	na	NZ_CP034169.1	4794392	860783	17.9540	859409	99.8404	847486	98.6127	1374	0.1596	848830	98.6114	14894	1.7303	2941	19.7462	1600	10.7426	5393	36.2092	7765	52.1351	398723	73.1295	507521	70.5311	0.9122
stools_12069101	stools_12111101	na	NZ_CP034169.1	4794392	1394444	29.0849	1390917	99.7471	1377795	99.0566	3527	0.2529	1381292	99.0568	19560	1.4027	6408	32.7607	2929	14.9744	8517	43.5429	7809	39.9233	398723	78.3486	398330	78.5886	0.9366
stools_12069150	stools_12070101	na	NZ_CP034169.1	4794392	1534819	32.0128	1532093	99.8224	1529918	99.8580	2726	0.1776	1532636	99.8578	18182	1.1846	15999	87.9936	13322	73.2703	2523	13.8764	2132	11.7259	404586	82.2159	370890	85.3825	0.9607
stools_12069150	stools_12073101	na	NZ_CP034169.1	4794392	336029	7.0088	335587	99.8685	331284	98.7178	442	0.1315	331716	98.7165	5528	1.6451	1215	21.9790	790	14.2909	2097	37.9342	2588	46.8162	404586	81.1813	556110	66.8972	0.9116
stools_12069150	stools_12100101	na	NZ_CP034169.1	4794392	369474	7.7064	369016	99.8760	364129	98.6757	458	0.1240	364582	98.6760	6145	1.6632	1253	20.3906	803	13.0675	2265	36.8592	3046	49.5688	404586	73.6256	507521	72.9140	0.9191
stools_12069150	stools_12111101	na	NZ_CP034169.1	4794392	643673	13.4255	642142	99.7621	635741	99.0032	1531	0.2379	637258	99.0034	9350	1.4526	2935	31.3904	1429	15.2834	4217	45.1016	3558	38.0535	404586	82.0587	398330	76.6688	0.9526
stools_12070101	stools_12073101	na	NZ_CP034169.1	4794392	700612	14.6132	699706	99.8707	690084	98.6249	906	0.1293	690968	98.6235	12128	1.7311	2484	20.4815	1626	13.4070	4407	36.3374	6079	50.1237	370890	77.9573	556110	61.4758	0.9096
stools_12070101	stools_12073101	na	NZ_LR135475.1	2697636	325814	12.0778	325447	99.8874	324921	99.8384	367	0.1126	325287	99.8383	2132	0.6544	1605	75.2814	1240	58.1614	257	12.0544	626	29.3621	70170	59.0495	112059	38.8572	0.9625
stools_12070101	stools_12100101	na	NZ_CP034169.1	4794392	785004	16.3734	783732	99.8380	773043	98.6361	1272	0.1620	774295	98.6358	13494	1.7190	2785	20.6388	1591	11.7904	4696	34.8007	6924	51.3117	370890	77.9573	507521	71.2274	0.9250
stools_12070101	stools_12100101	na	NZ_CP104764.1	3200986	2434823	76.0648	2432838	99.9185	2432487	99.9856	1985	0.0815	2434472	99.9856	2564	0.1053	2213	86.3105	296	11.5445	1544	60.2184	626	24.4150	5651	100.0000	60211	38.7487	0.9829
stools_12070101	stools_12101101	na	NZ_CP104764.1	3200986	1495129	46.7084	1493100	99.8643	1492267	99.9442	2029	0.1357	1494293	99.9441	2979	0.1992	2143	71.9369	133	4.4646	1312	44.0416	1480	49.6811	5651	0.0000	49292	0.0000	0.9828
stools_12070101	stools_12111101	na	NZ_CP034169.1	4794392	1303151	27.1807	1299240	99.6999	1286788	99.0416	3911	0.3001	1290676	99.0427	19083	1.4644	6608	34.6277	2741	14.3636	8713	45.6584	7416	38.8618	370890	80.3605	398330	80.9655	0.9439
stools_12072101	stools_12086501	na	NZ_LR215968.1	2545110	1892161	74.3450	1887222	99.7390	1885362	99.9014	4939	0.2610	1890295	99.9014	7336	0.3877	5470	74.5638	599	8.1652	3745	51.0496	2514	34.2694	38164	0.0000	18355	0.0000	0.9778
stools_12073101	stools_12100101	na	NZ_CP034169.1	4794392	701780	14.6375	700949	99.8816	700845	99.9852	831	0.1184	701675	99.9850	8495	1.2105	8390	98.7640	7788	91.6775	264	3.1077	290	3.4138	556110	85.9765	507521	95.1464	0.9568
stools_12073101	stools_12100101	na	NZ_CP024590.1	3723378	1512471	40.6209	1512094	99.9751	1511999	99.9937	377	0.0249	1512376	99.9937	2634	0.1742	2539	96.3933	2201	83.5611	238	9.0357	121	4.5938	571802	98.8279	562413	96.4426	0.9755
stools_12073101	stools_12100101	na	NZ_CP033206.1	2876110	253094	8.7999	252803	99.8850	252639	99.9351	291	0.1150	252930	99.9352	879	0.3473	715	81.3424	495	56.3140	176	20.0228	161	18.3163	124263	82.2739	144689	79.2030	0.9725
stools_12073101	stools_12111101	na	NZ_CP034169.1	4794392	675568	14.0908	674273	99.8083	667550	99.0029	1295	0.1917	668816	99.0005	10496	1.5537	3744	35.6707	2490	23.7233	4591	43.7405	3238	30.8498	556110	71.5297	398330	84.7383	0.9213
stools_12073101	stools_12111101	na	NZ_CP024590.1	3723378	1310023	35.1837	1308690	99.8982	1307454	99.9056	1333	0.1018	1308784	99.9054	3673	0.2804	2434	66.2674	1108	30.1661	440	11.9793	2025	55.1320	571802	97.7928	598589	90.6686	0.9511
stools_12100101	stools_12101101	na	NZ_CP104764.1	3200986	1645389	51.4026	1644128	99.9234	1643156	99.9409	1261	0.0766	1644416	99.9409	2310	0.1404	1337	57.8788	112	4.8485	553	23.9394	1630	70.5628	60211	35.3723	49292	26.5357	0.9728
stools_12100101	stools_12111101	na	NZ_CP034169.1	4794392	755791	15.7641	754228	99.7932	746439	98.9673	1563	0.2068	747976	98.9660	11950	1.5811	4135	34.6025	2604	21.7908	5422	45.3724	3743	31.3222	507521	81.7156	398330	88.7440	0.9341
stools_12100101	stools_12111101	na	NZ_CP024590.1	3723378	1307431	35.1141	1306258	99.9103	1305240	99.9221	1173	0.0897	1306411	99.9220	3308	0.2530	2288	69.1657	1119	33.8271	380	11.4873	1724	52.1161	562413	97.7300	598589	91.8503	0.9502
