ESC1232905001S1K	ESO1212703120S1K
ESC1232905001S1K	ESO1212705120S1K
ESC1232905001S1K	ESO1213402120S1K
ESC1232905001S1K	ESO1213404120S1K
ESC1232905001S1K	ESO1232702120S1K
ESC1232905001S1K	ESO1232707120S1K
ESC1232905001S1K	ESO1232710120S1K
ESC1232905001S1K	ESO1232711120S1K
ESC1232905001S1K	ESO1236812120S1K
ESC1232905001S1K	ESO1238002120S1K
ESC1232905001S1K	ESO1241108220S1K
ESC1232905001S1K	ESO1242101120S1K
ESC1232905001S1K	ESO1242208120S1K
ESC1232905001S1K	ESO1242209120S1K
ESC1232905001S1K	ESO1242704120S1K
ESC1232905001S1K	ESO1242801120S1K
ESC1232905001S1K	ESO1242805120S1K
ESC1232905001S1K	ESO1247101120S1K
ESC1232905001S1K	ESO1247203120S1K
ESC1232905001S1K	ESO1247206120S1K
ESC1232905001S1K	ESO1247208120S1K
ESC1232905001S1K	ESO1256801120S1K
ESC1232905001S1K	ESO1256804120S1K
ESC1232905001S1K	ESO1350502120S1K
ESC1232905001S1K	ESO1350804120S1K
ESC1232905001S1K	ESO1350807120S1K
ESC1232905001S1K	ESO1356601120S1K
ESC1232905001S1K	ESO1356602120S1K
ESC1232905001S1K	ESO1356803120S1K
ESC1232905001S1K	ESO1357103120S1K
ESC1232905001S1K	ESO1357104120S1K
ESC1232905001S1K	ESO1357107120S1K
ESC1232905001S1K	ESO1358301120S1K
ESC1232905001S1K	ESO1358304120S1K
ESC1232905001S1K	ESO1358602120S1K
ESC1232905001S1K	EST1212206101S1K
ESC1232905001S1K	EST1212704101S1K
ESC1232905001S1K	EST1213405101S1K
ESC1232905001S1K	EST1232702101S1K
ESC1232905001S1K	EST1232710101S1K
ESC1232905001S1K	EST1232905101S1K
ESC1232905001S1K	EST1233822101S1K
ESC1232905001S1K	EST1233822201S1K
ESC1232905001S1K	EST1234702101S1K
ESC1232905001S1K	EST1234704101S1K
ESC1232905001S1K	EST1236807101S1K
ESC1232905001S1K	EST1237103201S1K
ESC1232905001S1K	EST1238002101S1K
ESC1232905001S1K	EST1241101101S1K
ESC1232905001S1K	EST1242101101S1K
ESC1232905001S1K	EST1242103101S1K
ESC1232905001S1K	EST1242207101S1K
ESC1232905001S1K	EST1242209101S1K
ESC1232905001S1K	EST1242704101S1K
ESC1232905001S1K	EST1242801101S1K
ESC1232905001S1K	EST1242802101S1K
ESC1232905001S1K	EST1242804101S1K
ESC1232905001S1K	EST1242805101S1K
ESC1232905001S1K	EST1247101101S1K
ESC1232905001S1K	EST1247106101S1K
ESC1232905001S1K	EST1247109101S1K
ESC1232905001S1K	EST1247203101S1K
ESC1232905001S1K	EST1247206101S1K
ESC1232905001S1K	EST1256811101S1K
ESC1232905001S1K	EST1350502101S1K
ESC1232905001S1K	EST1350510101S1K
ESC1232905001S1K	EST1350804101S1K
ESC1232905001S1K	EST1350807101S1K
ESC1232905001S1K	EST1356604101S1K
ESC1232905001S1K	EST1356611101S1K
ESC1232905001S1K	EST1357103101S1K
ESC1232905001S1K	EST1357107101S1K
ESC1232905001S1K	EST1358301101S1K
ESC1232905001S1K	EST1358301201S1K
ESC1232905001S1K	EST1358302101S1K
ESC1232905001S1K	EST1358602101S1K
ESC1232905001S1K	EST1359005101S1K
ESC1232905001S1K	EST1359006101S1K
ESC1232905001S1K	EST1359007101S1K
ESC1232905001S1K	EST1361001101S1K
ESC1232905001S1K	EST1361002101S1K
ESC1232905001S1K	EST1361007101S1K
ESC1232905001S1K	EST2359005102S1K
ESO1212703120S1K	ESO1212705120S1K
ESO1212703120S1K	ESO1213402120S1K
ESO1212703120S1K	ESO1213404120S1K
ESO1212703120S1K	ESO1232702120S1K
ESO1212703120S1K	ESO1232707120S1K
ESO1212703120S1K	ESO1232710120S1K
ESO1212703120S1K	ESO1232711120S1K
ESO1212703120S1K	ESO1236812120S1K
ESO1212703120S1K	ESO1238002120S1K
ESO1212703120S1K	ESO1241108220S1K
ESO1212703120S1K	ESO1242101120S1K
ESO1212703120S1K	ESO1242208120S1K
ESO1212703120S1K	ESO1242209120S1K
ESO1212703120S1K	ESO1242704120S1K
ESO1212703120S1K	ESO1242801120S1K
ESO1212703120S1K	ESO1242805120S1K
ESO1212703120S1K	ESO1247101120S1K
ESO1212703120S1K	ESO1247203120S1K
ESO1212703120S1K	ESO1247206120S1K
ESO1212703120S1K	ESO1247208120S1K
ESO1212703120S1K	ESO1256801120S1K
ESO1212703120S1K	ESO1256804120S1K
ESO1212703120S1K	ESO1350502120S1K
ESO1212703120S1K	ESO1350804120S1K
ESO1212703120S1K	ESO1350807120S1K
ESO1212703120S1K	ESO1356601120S1K
ESO1212703120S1K	ESO1356602120S1K
ESO1212703120S1K	ESO1356803120S1K
ESO1212703120S1K	ESO1357103120S1K
ESO1212703120S1K	ESO1357104120S1K
ESO1212703120S1K	ESO1357107120S1K
ESO1212703120S1K	ESO1358301120S1K
ESO1212703120S1K	ESO1358304120S1K
ESO1212703120S1K	ESO1358602120S1K
ESO1212703120S1K	EST1212206101S1K
ESO1212703120S1K	EST1212704101S1K
ESO1212703120S1K	EST1213405101S1K
ESO1212703120S1K	EST1232702101S1K
ESO1212703120S1K	EST1232710101S1K
ESO1212703120S1K	EST1232905101S1K
ESO1212703120S1K	EST1233822101S1K
ESO1212703120S1K	EST1233822201S1K
ESO1212703120S1K	EST1234702101S1K
ESO1212703120S1K	EST1234704101S1K
ESO1212703120S1K	EST1236807101S1K
ESO1212703120S1K	EST1237103201S1K
ESO1212703120S1K	EST1238002101S1K
ESO1212703120S1K	EST1241101101S1K
ESO1212703120S1K	EST1242101101S1K
ESO1212703120S1K	EST1242103101S1K
ESO1212703120S1K	EST1242207101S1K
ESO1212703120S1K	EST1242209101S1K
ESO1212703120S1K	EST1242704101S1K
ESO1212703120S1K	EST1242801101S1K
ESO1212703120S1K	EST1242802101S1K
ESO1212703120S1K	EST1242804101S1K
ESO1212703120S1K	EST1242805101S1K
ESO1212703120S1K	EST1247101101S1K
ESO1212703120S1K	EST1247106101S1K
ESO1212703120S1K	EST1247109101S1K
ESO1212703120S1K	EST1247203101S1K
ESO1212703120S1K	EST1247206101S1K
ESO1212703120S1K	EST1256811101S1K
ESO1212703120S1K	EST1350502101S1K
ESO1212703120S1K	EST1350510101S1K
ESO1212703120S1K	EST1350804101S1K
ESO1212703120S1K	EST1350807101S1K
ESO1212703120S1K	EST1356604101S1K
ESO1212703120S1K	EST1356611101S1K
ESO1212703120S1K	EST1357103101S1K
ESO1212703120S1K	EST1357107101S1K
ESO1212703120S1K	EST1358301101S1K
ESO1212703120S1K	EST1358301201S1K
ESO1212703120S1K	EST1358302101S1K
ESO1212703120S1K	EST1358602101S1K
ESO1212703120S1K	EST1359005101S1K
ESO1212703120S1K	EST1359006101S1K
ESO1212703120S1K	EST1359007101S1K
ESO1212703120S1K	EST1361001101S1K
ESO1212703120S1K	EST1361002101S1K
ESO1212703120S1K	EST1361007101S1K
ESO1212703120S1K	EST2359005102S1K
ESO1212705120S1K	ESO1213402120S1K
ESO1212705120S1K	ESO1213404120S1K
ESO1212705120S1K	ESO1232702120S1K
ESO1212705120S1K	ESO1232707120S1K
ESO1212705120S1K	ESO1232710120S1K
ESO1212705120S1K	ESO1232711120S1K
ESO1212705120S1K	ESO1236812120S1K
ESO1212705120S1K	ESO1238002120S1K
ESO1212705120S1K	ESO1241108220S1K
ESO1212705120S1K	ESO1242101120S1K
ESO1212705120S1K	ESO1242208120S1K
ESO1212705120S1K	ESO1242209120S1K
ESO1212705120S1K	ESO1242704120S1K
ESO1212705120S1K	ESO1242801120S1K
ESO1212705120S1K	ESO1242805120S1K
ESO1212705120S1K	ESO1247101120S1K
ESO1212705120S1K	ESO1247203120S1K
ESO1212705120S1K	ESO1247206120S1K
ESO1212705120S1K	ESO1247208120S1K
ESO1212705120S1K	ESO1256801120S1K
ESO1212705120S1K	ESO1256804120S1K
ESO1212705120S1K	ESO1350502120S1K
ESO1212705120S1K	ESO1350804120S1K
ESO1212705120S1K	ESO1350807120S1K
ESO1212705120S1K	ESO1356601120S1K
ESO1212705120S1K	ESO1356602120S1K
ESO1212705120S1K	ESO1356803120S1K
ESO1212705120S1K	ESO1357103120S1K
ESO1212705120S1K	ESO1357104120S1K
ESO1212705120S1K	ESO1357107120S1K
ESO1212705120S1K	ESO1358301120S1K
ESO1212705120S1K	ESO1358304120S1K
ESO1212705120S1K	ESO1358602120S1K
ESO1212705120S1K	EST1212206101S1K
ESO1212705120S1K	EST1212704101S1K
ESO1212705120S1K	EST1213405101S1K
ESO1212705120S1K	EST1232702101S1K
ESO1212705120S1K	EST1232710101S1K
ESO1212705120S1K	EST1232905101S1K
ESO1212705120S1K	EST1233822101S1K
ESO1212705120S1K	EST1233822201S1K
ESO1212705120S1K	EST1234702101S1K
ESO1212705120S1K	EST1234704101S1K
ESO1212705120S1K	EST1236807101S1K
ESO1212705120S1K	EST1237103201S1K
ESO1212705120S1K	EST1238002101S1K
ESO1212705120S1K	EST1241101101S1K
ESO1212705120S1K	EST1242101101S1K
ESO1212705120S1K	EST1242103101S1K
ESO1212705120S1K	EST1242207101S1K
ESO1212705120S1K	EST1242209101S1K
ESO1212705120S1K	EST1242704101S1K
ESO1212705120S1K	EST1242801101S1K
ESO1212705120S1K	EST1242802101S1K
ESO1212705120S1K	EST1242804101S1K
ESO1212705120S1K	EST1242805101S1K
ESO1212705120S1K	EST1247101101S1K
ESO1212705120S1K	EST1247106101S1K
ESO1212705120S1K	EST1247109101S1K
ESO1212705120S1K	EST1247203101S1K
ESO1212705120S1K	EST1247206101S1K
ESO1212705120S1K	EST1256811101S1K
ESO1212705120S1K	EST1350502101S1K
ESO1212705120S1K	EST1350510101S1K
ESO1212705120S1K	EST1350804101S1K
ESO1212705120S1K	EST1350807101S1K
ESO1212705120S1K	EST1356604101S1K
ESO1212705120S1K	EST1356611101S1K
ESO1212705120S1K	EST1357103101S1K
ESO1212705120S1K	EST1357107101S1K
ESO1212705120S1K	EST1358301101S1K
ESO1212705120S1K	EST1358301201S1K
ESO1212705120S1K	EST1358302101S1K
ESO1212705120S1K	EST1358602101S1K
ESO1212705120S1K	EST1359005101S1K
ESO1212705120S1K	EST1359006101S1K
ESO1212705120S1K	EST1359007101S1K
ESO1212705120S1K	EST1361001101S1K
ESO1212705120S1K	EST1361002101S1K
ESO1212705120S1K	EST1361007101S1K
ESO1212705120S1K	EST2359005102S1K
ESO1213402120S1K	ESO1213404120S1K
ESO1213402120S1K	ESO1232702120S1K
ESO1213402120S1K	ESO1232707120S1K
ESO1213402120S1K	ESO1232710120S1K
ESO1213402120S1K	ESO1232711120S1K
ESO1213402120S1K	ESO1236812120S1K
ESO1213402120S1K	ESO1238002120S1K
ESO1213402120S1K	ESO1241108220S1K
ESO1213402120S1K	ESO1242101120S1K
ESO1213402120S1K	ESO1242208120S1K
ESO1213402120S1K	ESO1242209120S1K
ESO1213402120S1K	ESO1242704120S1K
ESO1213402120S1K	ESO1242801120S1K
ESO1213402120S1K	ESO1242805120S1K
ESO1213402120S1K	ESO1247101120S1K
ESO1213402120S1K	ESO1247203120S1K
ESO1213402120S1K	ESO1247206120S1K
ESO1213402120S1K	ESO1247208120S1K
ESO1213402120S1K	ESO1256801120S1K
ESO1213402120S1K	ESO1256804120S1K
ESO1213402120S1K	ESO1350502120S1K
ESO1213402120S1K	ESO1350804120S1K
ESO1213402120S1K	ESO1350807120S1K
ESO1213402120S1K	ESO1356601120S1K
ESO1213402120S1K	ESO1356602120S1K
ESO1213402120S1K	ESO1356803120S1K
ESO1213402120S1K	ESO1357103120S1K
ESO1213402120S1K	ESO1357104120S1K
ESO1213402120S1K	ESO1357107120S1K
ESO1213402120S1K	ESO1358301120S1K
ESO1213402120S1K	ESO1358304120S1K
ESO1213402120S1K	ESO1358602120S1K
ESO1213402120S1K	EST1212206101S1K
ESO1213402120S1K	EST1212704101S1K
ESO1213402120S1K	EST1213405101S1K
ESO1213402120S1K	EST1232702101S1K
ESO1213402120S1K	EST1232710101S1K
ESO1213402120S1K	EST1232905101S1K
ESO1213402120S1K	EST1233822101S1K
ESO1213402120S1K	EST1233822201S1K
ESO1213402120S1K	EST1234702101S1K
ESO1213402120S1K	EST1234704101S1K
ESO1213402120S1K	EST1236807101S1K
ESO1213402120S1K	EST1237103201S1K
ESO1213402120S1K	EST1238002101S1K
ESO1213402120S1K	EST1241101101S1K
ESO1213402120S1K	EST1242101101S1K
ESO1213402120S1K	EST1242103101S1K
ESO1213402120S1K	EST1242207101S1K
ESO1213402120S1K	EST1242209101S1K
ESO1213402120S1K	EST1242704101S1K
ESO1213402120S1K	EST1242801101S1K
ESO1213402120S1K	EST1242802101S1K
ESO1213402120S1K	EST1242804101S1K
ESO1213402120S1K	EST1242805101S1K
ESO1213402120S1K	EST1247101101S1K
ESO1213402120S1K	EST1247106101S1K
ESO1213402120S1K	EST1247109101S1K
ESO1213402120S1K	EST1247203101S1K
ESO1213402120S1K	EST1247206101S1K
ESO1213402120S1K	EST1256811101S1K
ESO1213402120S1K	EST1350502101S1K
ESO1213402120S1K	EST1350510101S1K
ESO1213402120S1K	EST1350804101S1K
ESO1213402120S1K	EST1350807101S1K
ESO1213402120S1K	EST1356604101S1K
ESO1213402120S1K	EST1356611101S1K
ESO1213402120S1K	EST1357103101S1K
ESO1213402120S1K	EST1357107101S1K
ESO1213402120S1K	EST1358301101S1K
ESO1213402120S1K	EST1358301201S1K
ESO1213402120S1K	EST1358302101S1K
ESO1213402120S1K	EST1358602101S1K
ESO1213402120S1K	EST1359005101S1K
ESO1213402120S1K	EST1359006101S1K
ESO1213402120S1K	EST1359007101S1K
ESO1213402120S1K	EST1361001101S1K
ESO1213402120S1K	EST1361002101S1K
ESO1213402120S1K	EST1361007101S1K
ESO1213402120S1K	EST2359005102S1K
ESO1213404120S1K	ESO1232702120S1K
ESO1213404120S1K	ESO1232707120S1K
ESO1213404120S1K	ESO1232710120S1K
ESO1213404120S1K	ESO1232711120S1K
ESO1213404120S1K	ESO1236812120S1K
ESO1213404120S1K	ESO1238002120S1K
ESO1213404120S1K	ESO1241108220S1K
ESO1213404120S1K	ESO1242101120S1K
ESO1213404120S1K	ESO1242208120S1K
ESO1213404120S1K	ESO1242209120S1K
ESO1213404120S1K	ESO1242704120S1K
ESO1213404120S1K	ESO1242801120S1K
ESO1213404120S1K	ESO1242805120S1K
ESO1213404120S1K	ESO1247101120S1K
ESO1213404120S1K	ESO1247203120S1K
ESO1213404120S1K	ESO1247206120S1K
ESO1213404120S1K	ESO1247208120S1K
ESO1213404120S1K	ESO1256801120S1K
ESO1213404120S1K	ESO1256804120S1K
ESO1213404120S1K	ESO1350502120S1K
ESO1213404120S1K	ESO1350804120S1K
ESO1213404120S1K	ESO1350807120S1K
ESO1213404120S1K	ESO1356601120S1K
ESO1213404120S1K	ESO1356602120S1K
ESO1213404120S1K	ESO1356803120S1K
ESO1213404120S1K	ESO1357103120S1K
ESO1213404120S1K	ESO1357104120S1K
ESO1213404120S1K	ESO1357107120S1K
ESO1213404120S1K	ESO1358301120S1K
ESO1213404120S1K	ESO1358304120S1K
ESO1213404120S1K	ESO1358602120S1K
ESO1213404120S1K	EST1212206101S1K
ESO1213404120S1K	EST1212704101S1K
ESO1213404120S1K	EST1213405101S1K
ESO1213404120S1K	EST1232702101S1K
ESO1213404120S1K	EST1232710101S1K
ESO1213404120S1K	EST1232905101S1K
ESO1213404120S1K	EST1233822101S1K
ESO1213404120S1K	EST1233822201S1K
ESO1213404120S1K	EST1234702101S1K
ESO1213404120S1K	EST1234704101S1K
ESO1213404120S1K	EST1236807101S1K
ESO1213404120S1K	EST1237103201S1K
ESO1213404120S1K	EST1238002101S1K
ESO1213404120S1K	EST1241101101S1K
ESO1213404120S1K	EST1242101101S1K
ESO1213404120S1K	EST1242103101S1K
ESO1213404120S1K	EST1242207101S1K
ESO1213404120S1K	EST1242209101S1K
ESO1213404120S1K	EST1242704101S1K
ESO1213404120S1K	EST1242801101S1K
ESO1213404120S1K	EST1242802101S1K
ESO1213404120S1K	EST1242804101S1K
ESO1213404120S1K	EST1242805101S1K
ESO1213404120S1K	EST1247101101S1K
ESO1213404120S1K	EST1247106101S1K
ESO1213404120S1K	EST1247109101S1K
ESO1213404120S1K	EST1247203101S1K
ESO1213404120S1K	EST1247206101S1K
ESO1213404120S1K	EST1256811101S1K
ESO1213404120S1K	EST1350502101S1K
ESO1213404120S1K	EST1350510101S1K
ESO1213404120S1K	EST1350804101S1K
ESO1213404120S1K	EST1350807101S1K
ESO1213404120S1K	EST1356604101S1K
ESO1213404120S1K	EST1356611101S1K
ESO1213404120S1K	EST1357103101S1K
ESO1213404120S1K	EST1357107101S1K
ESO1213404120S1K	EST1358301101S1K
ESO1213404120S1K	EST1358301201S1K
ESO1213404120S1K	EST1358302101S1K
ESO1213404120S1K	EST1358602101S1K
ESO1213404120S1K	EST1359005101S1K
ESO1213404120S1K	EST1359006101S1K
ESO1213404120S1K	EST1359007101S1K
ESO1213404120S1K	EST1361001101S1K
ESO1213404120S1K	EST1361002101S1K
ESO1213404120S1K	EST1361007101S1K
ESO1213404120S1K	EST2359005102S1K
ESO1232702120S1K	ESO1232707120S1K
ESO1232702120S1K	ESO1232710120S1K
ESO1232702120S1K	ESO1232711120S1K
ESO1232702120S1K	ESO1236812120S1K
ESO1232702120S1K	ESO1238002120S1K
ESO1232702120S1K	ESO1241108220S1K
ESO1232702120S1K	ESO1242101120S1K
ESO1232702120S1K	ESO1242208120S1K
ESO1232702120S1K	ESO1242209120S1K
ESO1232702120S1K	ESO1242704120S1K
ESO1232702120S1K	ESO1242801120S1K
ESO1232702120S1K	ESO1242805120S1K
ESO1232702120S1K	ESO1247101120S1K
ESO1232702120S1K	ESO1247203120S1K
ESO1232702120S1K	ESO1247206120S1K
ESO1232702120S1K	ESO1247208120S1K
ESO1232702120S1K	ESO1256801120S1K
ESO1232702120S1K	ESO1256804120S1K
ESO1232702120S1K	ESO1350502120S1K
ESO1232702120S1K	ESO1350804120S1K
ESO1232702120S1K	ESO1350807120S1K
ESO1232702120S1K	ESO1356601120S1K
ESO1232702120S1K	ESO1356602120S1K
ESO1232702120S1K	ESO1356803120S1K
ESO1232702120S1K	ESO1357103120S1K
ESO1232702120S1K	ESO1357104120S1K
ESO1232702120S1K	ESO1357107120S1K
ESO1232702120S1K	ESO1358301120S1K
ESO1232702120S1K	ESO1358304120S1K
ESO1232702120S1K	ESO1358602120S1K
ESO1232702120S1K	EST1212206101S1K
ESO1232702120S1K	EST1212704101S1K
ESO1232702120S1K	EST1213405101S1K
ESO1232702120S1K	EST1232702101S1K
ESO1232702120S1K	EST1232710101S1K
ESO1232702120S1K	EST1232905101S1K
ESO1232702120S1K	EST1233822101S1K
ESO1232702120S1K	EST1233822201S1K
ESO1232702120S1K	EST1234702101S1K
ESO1232702120S1K	EST1234704101S1K
ESO1232702120S1K	EST1236807101S1K
ESO1232702120S1K	EST1237103201S1K
ESO1232702120S1K	EST1238002101S1K
ESO1232702120S1K	EST1241101101S1K
ESO1232702120S1K	EST1242101101S1K
ESO1232702120S1K	EST1242103101S1K
ESO1232702120S1K	EST1242207101S1K
ESO1232702120S1K	EST1242209101S1K
ESO1232702120S1K	EST1242704101S1K
ESO1232702120S1K	EST1242801101S1K
ESO1232702120S1K	EST1242802101S1K
ESO1232702120S1K	EST1242804101S1K
ESO1232702120S1K	EST1242805101S1K
ESO1232702120S1K	EST1247101101S1K
ESO1232702120S1K	EST1247106101S1K
ESO1232702120S1K	EST1247109101S1K
ESO1232702120S1K	EST1247203101S1K
ESO1232702120S1K	EST1247206101S1K
ESO1232702120S1K	EST1256811101S1K
ESO1232702120S1K	EST1350502101S1K
ESO1232702120S1K	EST1350510101S1K
ESO1232702120S1K	EST1350804101S1K
ESO1232702120S1K	EST1350807101S1K
ESO1232702120S1K	EST1356604101S1K
ESO1232702120S1K	EST1356611101S1K
ESO1232702120S1K	EST1357103101S1K
ESO1232702120S1K	EST1357107101S1K
ESO1232702120S1K	EST1358301101S1K
ESO1232702120S1K	EST1358301201S1K
ESO1232702120S1K	EST1358302101S1K
ESO1232702120S1K	EST1358602101S1K
ESO1232702120S1K	EST1359005101S1K
ESO1232702120S1K	EST1359006101S1K
ESO1232702120S1K	EST1359007101S1K
ESO1232702120S1K	EST1361001101S1K
ESO1232702120S1K	EST1361002101S1K
ESO1232702120S1K	EST1361007101S1K
ESO1232702120S1K	EST2359005102S1K
ESO1232707120S1K	ESO1232710120S1K
ESO1232707120S1K	ESO1232711120S1K
ESO1232707120S1K	ESO1236812120S1K
ESO1232707120S1K	ESO1238002120S1K
ESO1232707120S1K	ESO1241108220S1K
ESO1232707120S1K	ESO1242101120S1K
ESO1232707120S1K	ESO1242208120S1K
ESO1232707120S1K	ESO1242209120S1K
ESO1232707120S1K	ESO1242704120S1K
ESO1232707120S1K	ESO1242801120S1K
ESO1232707120S1K	ESO1242805120S1K
ESO1232707120S1K	ESO1247101120S1K
ESO1232707120S1K	ESO1247203120S1K
ESO1232707120S1K	ESO1247206120S1K
ESO1232707120S1K	ESO1247208120S1K
ESO1232707120S1K	ESO1256801120S1K
ESO1232707120S1K	ESO1256804120S1K
ESO1232707120S1K	ESO1350502120S1K
ESO1232707120S1K	ESO1350804120S1K
ESO1232707120S1K	ESO1350807120S1K
ESO1232707120S1K	ESO1356601120S1K
ESO1232707120S1K	ESO1356602120S1K
ESO1232707120S1K	ESO1356803120S1K
ESO1232707120S1K	ESO1357103120S1K
ESO1232707120S1K	ESO1357104120S1K
ESO1232707120S1K	ESO1357107120S1K
ESO1232707120S1K	ESO1358301120S1K
ESO1232707120S1K	ESO1358304120S1K
ESO1232707120S1K	ESO1358602120S1K
ESO1232707120S1K	EST1212206101S1K
ESO1232707120S1K	EST1212704101S1K
ESO1232707120S1K	EST1213405101S1K
ESO1232707120S1K	EST1232702101S1K
ESO1232707120S1K	EST1232710101S1K
ESO1232707120S1K	EST1232905101S1K
ESO1232707120S1K	EST1233822101S1K
ESO1232707120S1K	EST1233822201S1K
ESO1232707120S1K	EST1234702101S1K
ESO1232707120S1K	EST1234704101S1K
ESO1232707120S1K	EST1236807101S1K
ESO1232707120S1K	EST1237103201S1K
ESO1232707120S1K	EST1238002101S1K
ESO1232707120S1K	EST1241101101S1K
ESO1232707120S1K	EST1242101101S1K
ESO1232707120S1K	EST1242103101S1K
ESO1232707120S1K	EST1242207101S1K
ESO1232707120S1K	EST1242209101S1K
ESO1232707120S1K	EST1242704101S1K
ESO1232707120S1K	EST1242801101S1K
ESO1232707120S1K	EST1242802101S1K
ESO1232707120S1K	EST1242804101S1K
ESO1232707120S1K	EST1242805101S1K
ESO1232707120S1K	EST1247101101S1K
ESO1232707120S1K	EST1247106101S1K
ESO1232707120S1K	EST1247109101S1K
ESO1232707120S1K	EST1247203101S1K
ESO1232707120S1K	EST1247206101S1K
ESO1232707120S1K	EST1256811101S1K
ESO1232707120S1K	EST1350502101S1K
ESO1232707120S1K	EST1350510101S1K
ESO1232707120S1K	EST1350804101S1K
ESO1232707120S1K	EST1350807101S1K
ESO1232707120S1K	EST1356604101S1K
ESO1232707120S1K	EST1356611101S1K
ESO1232707120S1K	EST1357103101S1K
ESO1232707120S1K	EST1357107101S1K
ESO1232707120S1K	EST1358301101S1K
ESO1232707120S1K	EST1358301201S1K
ESO1232707120S1K	EST1358302101S1K
ESO1232707120S1K	EST1358602101S1K
ESO1232707120S1K	EST1359005101S1K
ESO1232707120S1K	EST1359006101S1K
ESO1232707120S1K	EST1359007101S1K
ESO1232707120S1K	EST1361001101S1K
ESO1232707120S1K	EST1361002101S1K
ESO1232707120S1K	EST1361007101S1K
ESO1232707120S1K	EST2359005102S1K
ESO1232710120S1K	ESO1232711120S1K
ESO1232710120S1K	ESO1236812120S1K
ESO1232710120S1K	ESO1238002120S1K
ESO1232710120S1K	ESO1241108220S1K
ESO1232710120S1K	ESO1242101120S1K
ESO1232710120S1K	ESO1242208120S1K
ESO1232710120S1K	ESO1242209120S1K
ESO1232710120S1K	ESO1242704120S1K
ESO1232710120S1K	ESO1242801120S1K
ESO1232710120S1K	ESO1242805120S1K
ESO1232710120S1K	ESO1247101120S1K
ESO1232710120S1K	ESO1247203120S1K
ESO1232710120S1K	ESO1247206120S1K
ESO1232710120S1K	ESO1247208120S1K
ESO1232710120S1K	ESO1256801120S1K
ESO1232710120S1K	ESO1256804120S1K
ESO1232710120S1K	ESO1350502120S1K
ESO1232710120S1K	ESO1350804120S1K
ESO1232710120S1K	ESO1350807120S1K
ESO1232710120S1K	ESO1356601120S1K
ESO1232710120S1K	ESO1356602120S1K
ESO1232710120S1K	ESO1356803120S1K
ESO1232710120S1K	ESO1357103120S1K
ESO1232710120S1K	ESO1357104120S1K
ESO1232710120S1K	ESO1357107120S1K
ESO1232710120S1K	ESO1358301120S1K
ESO1232710120S1K	ESO1358304120S1K
ESO1232710120S1K	ESO1358602120S1K
ESO1232710120S1K	EST1212206101S1K
ESO1232710120S1K	EST1212704101S1K
ESO1232710120S1K	EST1213405101S1K
ESO1232710120S1K	EST1232702101S1K
ESO1232710120S1K	EST1232710101S1K
ESO1232710120S1K	EST1232905101S1K
ESO1232710120S1K	EST1233822101S1K
ESO1232710120S1K	EST1233822201S1K
ESO1232710120S1K	EST1234702101S1K
ESO1232710120S1K	EST1234704101S1K
ESO1232710120S1K	EST1236807101S1K
ESO1232710120S1K	EST1237103201S1K
ESO1232710120S1K	EST1238002101S1K
ESO1232710120S1K	EST1241101101S1K
ESO1232710120S1K	EST1242101101S1K
ESO1232710120S1K	EST1242103101S1K
ESO1232710120S1K	EST1242207101S1K
ESO1232710120S1K	EST1242209101S1K
ESO1232710120S1K	EST1242704101S1K
ESO1232710120S1K	EST1242801101S1K
ESO1232710120S1K	EST1242802101S1K
ESO1232710120S1K	EST1242804101S1K
ESO1232710120S1K	EST1242805101S1K
ESO1232710120S1K	EST1247101101S1K
ESO1232710120S1K	EST1247106101S1K
ESO1232710120S1K	EST1247109101S1K
ESO1232710120S1K	EST1247203101S1K
ESO1232710120S1K	EST1247206101S1K
ESO1232710120S1K	EST1256811101S1K
ESO1232710120S1K	EST1350502101S1K
ESO1232710120S1K	EST1350510101S1K
ESO1232710120S1K	EST1350804101S1K
ESO1232710120S1K	EST1350807101S1K
ESO1232710120S1K	EST1356604101S1K
ESO1232710120S1K	EST1356611101S1K
ESO1232710120S1K	EST1357103101S1K
ESO1232710120S1K	EST1357107101S1K
ESO1232710120S1K	EST1358301101S1K
ESO1232710120S1K	EST1358301201S1K
ESO1232710120S1K	EST1358302101S1K
ESO1232710120S1K	EST1358602101S1K
ESO1232710120S1K	EST1359005101S1K
ESO1232710120S1K	EST1359006101S1K
ESO1232710120S1K	EST1359007101S1K
ESO1232710120S1K	EST1361001101S1K
ESO1232710120S1K	EST1361002101S1K
ESO1232710120S1K	EST1361007101S1K
ESO1232710120S1K	EST2359005102S1K
ESO1232711120S1K	ESO1236812120S1K
ESO1232711120S1K	ESO1238002120S1K
ESO1232711120S1K	ESO1241108220S1K
ESO1232711120S1K	ESO1242101120S1K
ESO1232711120S1K	ESO1242208120S1K
ESO1232711120S1K	ESO1242209120S1K
ESO1232711120S1K	ESO1242704120S1K
ESO1232711120S1K	ESO1242801120S1K
ESO1232711120S1K	ESO1242805120S1K
ESO1232711120S1K	ESO1247101120S1K
ESO1232711120S1K	ESO1247203120S1K
ESO1232711120S1K	ESO1247206120S1K
ESO1232711120S1K	ESO1247208120S1K
ESO1232711120S1K	ESO1256801120S1K
ESO1232711120S1K	ESO1256804120S1K
ESO1232711120S1K	ESO1350502120S1K
ESO1232711120S1K	ESO1350804120S1K
ESO1232711120S1K	ESO1350807120S1K
ESO1232711120S1K	ESO1356601120S1K
ESO1232711120S1K	ESO1356602120S1K
ESO1232711120S1K	ESO1356803120S1K
ESO1232711120S1K	ESO1357103120S1K
ESO1232711120S1K	ESO1357104120S1K
ESO1232711120S1K	ESO1357107120S1K
ESO1232711120S1K	ESO1358301120S1K
ESO1232711120S1K	ESO1358304120S1K
ESO1232711120S1K	ESO1358602120S1K
ESO1232711120S1K	EST1212206101S1K
ESO1232711120S1K	EST1212704101S1K
ESO1232711120S1K	EST1213405101S1K
ESO1232711120S1K	EST1232702101S1K
ESO1232711120S1K	EST1232710101S1K
ESO1232711120S1K	EST1232905101S1K
ESO1232711120S1K	EST1233822101S1K
ESO1232711120S1K	EST1233822201S1K
ESO1232711120S1K	EST1234702101S1K
ESO1232711120S1K	EST1234704101S1K
ESO1232711120S1K	EST1236807101S1K
ESO1232711120S1K	EST1237103201S1K
ESO1232711120S1K	EST1238002101S1K
ESO1232711120S1K	EST1241101101S1K
ESO1232711120S1K	EST1242101101S1K
ESO1232711120S1K	EST1242103101S1K
ESO1232711120S1K	EST1242207101S1K
ESO1232711120S1K	EST1242209101S1K
ESO1232711120S1K	EST1242704101S1K
ESO1232711120S1K	EST1242801101S1K
ESO1232711120S1K	EST1242802101S1K
ESO1232711120S1K	EST1242804101S1K
ESO1232711120S1K	EST1242805101S1K
ESO1232711120S1K	EST1247101101S1K
ESO1232711120S1K	EST1247106101S1K
ESO1232711120S1K	EST1247109101S1K
ESO1232711120S1K	EST1247203101S1K
ESO1232711120S1K	EST1247206101S1K
ESO1232711120S1K	EST1256811101S1K
ESO1232711120S1K	EST1350502101S1K
ESO1232711120S1K	EST1350510101S1K
ESO1232711120S1K	EST1350804101S1K
ESO1232711120S1K	EST1350807101S1K
ESO1232711120S1K	EST1356604101S1K
ESO1232711120S1K	EST1356611101S1K
ESO1232711120S1K	EST1357103101S1K
ESO1232711120S1K	EST1357107101S1K
ESO1232711120S1K	EST1358301101S1K
ESO1232711120S1K	EST1358301201S1K
ESO1232711120S1K	EST1358302101S1K
ESO1232711120S1K	EST1358602101S1K
ESO1232711120S1K	EST1359005101S1K
ESO1232711120S1K	EST1359006101S1K
ESO1232711120S1K	EST1359007101S1K
ESO1232711120S1K	EST1361001101S1K
ESO1232711120S1K	EST1361002101S1K
ESO1232711120S1K	EST1361007101S1K
ESO1232711120S1K	EST2359005102S1K
ESO1236812120S1K	ESO1238002120S1K
ESO1236812120S1K	ESO1241108220S1K
ESO1236812120S1K	ESO1242101120S1K
ESO1236812120S1K	ESO1242208120S1K
ESO1236812120S1K	ESO1242209120S1K
ESO1236812120S1K	ESO1242704120S1K
ESO1236812120S1K	ESO1242801120S1K
ESO1236812120S1K	ESO1242805120S1K
ESO1236812120S1K	ESO1247101120S1K
ESO1236812120S1K	ESO1247203120S1K
ESO1236812120S1K	ESO1247206120S1K
ESO1236812120S1K	ESO1247208120S1K
ESO1236812120S1K	ESO1256801120S1K
ESO1236812120S1K	ESO1256804120S1K
ESO1236812120S1K	ESO1350502120S1K
ESO1236812120S1K	ESO1350804120S1K
ESO1236812120S1K	ESO1350807120S1K
ESO1236812120S1K	ESO1356601120S1K
ESO1236812120S1K	ESO1356602120S1K
ESO1236812120S1K	ESO1356803120S1K
ESO1236812120S1K	ESO1357103120S1K
ESO1236812120S1K	ESO1357104120S1K
ESO1236812120S1K	ESO1357107120S1K
ESO1236812120S1K	ESO1358301120S1K
ESO1236812120S1K	ESO1358304120S1K
ESO1236812120S1K	ESO1358602120S1K
ESO1236812120S1K	EST1212206101S1K
ESO1236812120S1K	EST1212704101S1K
ESO1236812120S1K	EST1213405101S1K
ESO1236812120S1K	EST1232702101S1K
ESO1236812120S1K	EST1232710101S1K
ESO1236812120S1K	EST1232905101S1K
ESO1236812120S1K	EST1233822101S1K
ESO1236812120S1K	EST1233822201S1K
ESO1236812120S1K	EST1234702101S1K
ESO1236812120S1K	EST1234704101S1K
ESO1236812120S1K	EST1236807101S1K
ESO1236812120S1K	EST1237103201S1K
ESO1236812120S1K	EST1238002101S1K
ESO1236812120S1K	EST1241101101S1K
ESO1236812120S1K	EST1242101101S1K
ESO1236812120S1K	EST1242103101S1K
ESO1236812120S1K	EST1242207101S1K
ESO1236812120S1K	EST1242209101S1K
ESO1236812120S1K	EST1242704101S1K
ESO1236812120S1K	EST1242801101S1K
ESO1236812120S1K	EST1242802101S1K
ESO1236812120S1K	EST1242804101S1K
ESO1236812120S1K	EST1242805101S1K
ESO1236812120S1K	EST1247101101S1K
ESO1236812120S1K	EST1247106101S1K
ESO1236812120S1K	EST1247109101S1K
ESO1236812120S1K	EST1247203101S1K
ESO1236812120S1K	EST1247206101S1K
ESO1236812120S1K	EST1256811101S1K
ESO1236812120S1K	EST1350502101S1K
ESO1236812120S1K	EST1350510101S1K
ESO1236812120S1K	EST1350804101S1K
ESO1236812120S1K	EST1350807101S1K
ESO1236812120S1K	EST1356604101S1K
ESO1236812120S1K	EST1356611101S1K
ESO1236812120S1K	EST1357103101S1K
ESO1236812120S1K	EST1357107101S1K
ESO1236812120S1K	EST1358301101S1K
ESO1236812120S1K	EST1358301201S1K
ESO1236812120S1K	EST1358302101S1K
ESO1236812120S1K	EST1358602101S1K
ESO1236812120S1K	EST1359005101S1K
ESO1236812120S1K	EST1359006101S1K
ESO1236812120S1K	EST1359007101S1K
ESO1236812120S1K	EST1361001101S1K
ESO1236812120S1K	EST1361002101S1K
ESO1236812120S1K	EST1361007101S1K
ESO1236812120S1K	EST2359005102S1K
ESO1238002120S1K	ESO1241108220S1K
ESO1238002120S1K	ESO1242101120S1K
ESO1238002120S1K	ESO1242208120S1K
ESO1238002120S1K	ESO1242209120S1K
ESO1238002120S1K	ESO1242704120S1K
ESO1238002120S1K	ESO1242801120S1K
ESO1238002120S1K	ESO1242805120S1K
ESO1238002120S1K	ESO1247101120S1K
ESO1238002120S1K	ESO1247203120S1K
ESO1238002120S1K	ESO1247206120S1K
ESO1238002120S1K	ESO1247208120S1K
ESO1238002120S1K	ESO1256801120S1K
ESO1238002120S1K	ESO1256804120S1K
ESO1238002120S1K	ESO1350502120S1K
ESO1238002120S1K	ESO1350804120S1K
ESO1238002120S1K	ESO1350807120S1K
ESO1238002120S1K	ESO1356601120S1K
ESO1238002120S1K	ESO1356602120S1K
ESO1238002120S1K	ESO1356803120S1K
ESO1238002120S1K	ESO1357103120S1K
ESO1238002120S1K	ESO1357104120S1K
ESO1238002120S1K	ESO1357107120S1K
ESO1238002120S1K	ESO1358301120S1K
ESO1238002120S1K	ESO1358304120S1K
ESO1238002120S1K	ESO1358602120S1K
ESO1238002120S1K	EST1212206101S1K
ESO1238002120S1K	EST1212704101S1K
ESO1238002120S1K	EST1213405101S1K
ESO1238002120S1K	EST1232702101S1K
ESO1238002120S1K	EST1232710101S1K
ESO1238002120S1K	EST1232905101S1K
ESO1238002120S1K	EST1233822101S1K
ESO1238002120S1K	EST1233822201S1K
ESO1238002120S1K	EST1234702101S1K
ESO1238002120S1K	EST1234704101S1K
ESO1238002120S1K	EST1236807101S1K
ESO1238002120S1K	EST1237103201S1K
ESO1238002120S1K	EST1238002101S1K
ESO1238002120S1K	EST1241101101S1K
ESO1238002120S1K	EST1242101101S1K
ESO1238002120S1K	EST1242103101S1K
ESO1238002120S1K	EST1242207101S1K
ESO1238002120S1K	EST1242209101S1K
ESO1238002120S1K	EST1242704101S1K
ESO1238002120S1K	EST1242801101S1K
ESO1238002120S1K	EST1242802101S1K
ESO1238002120S1K	EST1242804101S1K
ESO1238002120S1K	EST1242805101S1K
ESO1238002120S1K	EST1247101101S1K
ESO1238002120S1K	EST1247106101S1K
ESO1238002120S1K	EST1247109101S1K
ESO1238002120S1K	EST1247203101S1K
ESO1238002120S1K	EST1247206101S1K
ESO1238002120S1K	EST1256811101S1K
ESO1238002120S1K	EST1350502101S1K
ESO1238002120S1K	EST1350510101S1K
ESO1238002120S1K	EST1350804101S1K
ESO1238002120S1K	EST1350807101S1K
ESO1238002120S1K	EST1356604101S1K
ESO1238002120S1K	EST1356611101S1K
ESO1238002120S1K	EST1357103101S1K
ESO1238002120S1K	EST1357107101S1K
ESO1238002120S1K	EST1358301101S1K
ESO1238002120S1K	EST1358301201S1K
ESO1238002120S1K	EST1358302101S1K
ESO1238002120S1K	EST1358602101S1K
ESO1238002120S1K	EST1359005101S1K
ESO1238002120S1K	EST1359006101S1K
ESO1238002120S1K	EST1359007101S1K
ESO1238002120S1K	EST1361001101S1K
ESO1238002120S1K	EST1361002101S1K
ESO1238002120S1K	EST1361007101S1K
ESO1238002120S1K	EST2359005102S1K
ESO1241108220S1K	ESO1242101120S1K
ESO1241108220S1K	ESO1242208120S1K
ESO1241108220S1K	ESO1242209120S1K
ESO1241108220S1K	ESO1242704120S1K
ESO1241108220S1K	ESO1242801120S1K
ESO1241108220S1K	ESO1242805120S1K
ESO1241108220S1K	ESO1247101120S1K
ESO1241108220S1K	ESO1247203120S1K
ESO1241108220S1K	ESO1247206120S1K
ESO1241108220S1K	ESO1247208120S1K
ESO1241108220S1K	ESO1256801120S1K
ESO1241108220S1K	ESO1256804120S1K
ESO1241108220S1K	ESO1350502120S1K
ESO1241108220S1K	ESO1350804120S1K
ESO1241108220S1K	ESO1350807120S1K
ESO1241108220S1K	ESO1356601120S1K
ESO1241108220S1K	ESO1356602120S1K
ESO1241108220S1K	ESO1356803120S1K
ESO1241108220S1K	ESO1357103120S1K
ESO1241108220S1K	ESO1357104120S1K
ESO1241108220S1K	ESO1357107120S1K
ESO1241108220S1K	ESO1358301120S1K
ESO1241108220S1K	ESO1358304120S1K
ESO1241108220S1K	ESO1358602120S1K
ESO1241108220S1K	EST1212206101S1K
ESO1241108220S1K	EST1212704101S1K
ESO1241108220S1K	EST1213405101S1K
ESO1241108220S1K	EST1232702101S1K
ESO1241108220S1K	EST1232710101S1K
ESO1241108220S1K	EST1232905101S1K
ESO1241108220S1K	EST1233822101S1K
ESO1241108220S1K	EST1233822201S1K
ESO1241108220S1K	EST1234702101S1K
ESO1241108220S1K	EST1234704101S1K
ESO1241108220S1K	EST1236807101S1K
ESO1241108220S1K	EST1237103201S1K
ESO1241108220S1K	EST1238002101S1K
ESO1241108220S1K	EST1241101101S1K
ESO1241108220S1K	EST1242101101S1K
ESO1241108220S1K	EST1242103101S1K
ESO1241108220S1K	EST1242207101S1K
ESO1241108220S1K	EST1242209101S1K
ESO1241108220S1K	EST1242704101S1K
ESO1241108220S1K	EST1242801101S1K
ESO1241108220S1K	EST1242802101S1K
ESO1241108220S1K	EST1242804101S1K
ESO1241108220S1K	EST1242805101S1K
ESO1241108220S1K	EST1247101101S1K
ESO1241108220S1K	EST1247106101S1K
ESO1241108220S1K	EST1247109101S1K
ESO1241108220S1K	EST1247203101S1K
ESO1241108220S1K	EST1247206101S1K
ESO1241108220S1K	EST1256811101S1K
ESO1241108220S1K	EST1350502101S1K
ESO1241108220S1K	EST1350510101S1K
ESO1241108220S1K	EST1350804101S1K
ESO1241108220S1K	EST1350807101S1K
ESO1241108220S1K	EST1356604101S1K
ESO1241108220S1K	EST1356611101S1K
ESO1241108220S1K	EST1357103101S1K
ESO1241108220S1K	EST1357107101S1K
ESO1241108220S1K	EST1358301101S1K
ESO1241108220S1K	EST1358301201S1K
ESO1241108220S1K	EST1358302101S1K
ESO1241108220S1K	EST1358602101S1K
ESO1241108220S1K	EST1359005101S1K
ESO1241108220S1K	EST1359006101S1K
ESO1241108220S1K	EST1359007101S1K
ESO1241108220S1K	EST1361001101S1K
ESO1241108220S1K	EST1361002101S1K
ESO1241108220S1K	EST1361007101S1K
ESO1241108220S1K	EST2359005102S1K
ESO1242101120S1K	ESO1242208120S1K
ESO1242101120S1K	ESO1242209120S1K
ESO1242101120S1K	ESO1242704120S1K
ESO1242101120S1K	ESO1242801120S1K
ESO1242101120S1K	ESO1242805120S1K
ESO1242101120S1K	ESO1247101120S1K
ESO1242101120S1K	ESO1247203120S1K
ESO1242101120S1K	ESO1247206120S1K
ESO1242101120S1K	ESO1247208120S1K
ESO1242101120S1K	ESO1256801120S1K
ESO1242101120S1K	ESO1256804120S1K
ESO1242101120S1K	ESO1350502120S1K
ESO1242101120S1K	ESO1350804120S1K
ESO1242101120S1K	ESO1350807120S1K
ESO1242101120S1K	ESO1356601120S1K
ESO1242101120S1K	ESO1356602120S1K
ESO1242101120S1K	ESO1356803120S1K
ESO1242101120S1K	ESO1357103120S1K
ESO1242101120S1K	ESO1357104120S1K
ESO1242101120S1K	ESO1357107120S1K
ESO1242101120S1K	ESO1358301120S1K
ESO1242101120S1K	ESO1358304120S1K
ESO1242101120S1K	ESO1358602120S1K
ESO1242101120S1K	EST1212206101S1K
ESO1242101120S1K	EST1212704101S1K
ESO1242101120S1K	EST1213405101S1K
ESO1242101120S1K	EST1232702101S1K
ESO1242101120S1K	EST1232710101S1K
ESO1242101120S1K	EST1232905101S1K
ESO1242101120S1K	EST1233822101S1K
ESO1242101120S1K	EST1233822201S1K
ESO1242101120S1K	EST1234702101S1K
ESO1242101120S1K	EST1234704101S1K
ESO1242101120S1K	EST1236807101S1K
ESO1242101120S1K	EST1237103201S1K
ESO1242101120S1K	EST1238002101S1K
ESO1242101120S1K	EST1241101101S1K
ESO1242101120S1K	EST1242101101S1K
ESO1242101120S1K	EST1242103101S1K
ESO1242101120S1K	EST1242207101S1K
ESO1242101120S1K	EST1242209101S1K
ESO1242101120S1K	EST1242704101S1K
ESO1242101120S1K	EST1242801101S1K
ESO1242101120S1K	EST1242802101S1K
ESO1242101120S1K	EST1242804101S1K
ESO1242101120S1K	EST1242805101S1K
ESO1242101120S1K	EST1247101101S1K
ESO1242101120S1K	EST1247106101S1K
ESO1242101120S1K	EST1247109101S1K
ESO1242101120S1K	EST1247203101S1K
ESO1242101120S1K	EST1247206101S1K
ESO1242101120S1K	EST1256811101S1K
ESO1242101120S1K	EST1350502101S1K
ESO1242101120S1K	EST1350510101S1K
ESO1242101120S1K	EST1350804101S1K
ESO1242101120S1K	EST1350807101S1K
ESO1242101120S1K	EST1356604101S1K
ESO1242101120S1K	EST1356611101S1K
ESO1242101120S1K	EST1357103101S1K
ESO1242101120S1K	EST1357107101S1K
ESO1242101120S1K	EST1358301101S1K
ESO1242101120S1K	EST1358301201S1K
ESO1242101120S1K	EST1358302101S1K
ESO1242101120S1K	EST1358602101S1K
ESO1242101120S1K	EST1359005101S1K
ESO1242101120S1K	EST1359006101S1K
ESO1242101120S1K	EST1359007101S1K
ESO1242101120S1K	EST1361001101S1K
ESO1242101120S1K	EST1361002101S1K
ESO1242101120S1K	EST1361007101S1K
ESO1242101120S1K	EST2359005102S1K
ESO1242208120S1K	ESO1242209120S1K
ESO1242208120S1K	ESO1242704120S1K
ESO1242208120S1K	ESO1242801120S1K
ESO1242208120S1K	ESO1242805120S1K
ESO1242208120S1K	ESO1247101120S1K
ESO1242208120S1K	ESO1247203120S1K
ESO1242208120S1K	ESO1247206120S1K
ESO1242208120S1K	ESO1247208120S1K
ESO1242208120S1K	ESO1256801120S1K
ESO1242208120S1K	ESO1256804120S1K
ESO1242208120S1K	ESO1350502120S1K
ESO1242208120S1K	ESO1350804120S1K
ESO1242208120S1K	ESO1350807120S1K
ESO1242208120S1K	ESO1356601120S1K
ESO1242208120S1K	ESO1356602120S1K
ESO1242208120S1K	ESO1356803120S1K
ESO1242208120S1K	ESO1357103120S1K
ESO1242208120S1K	ESO1357104120S1K
ESO1242208120S1K	ESO1357107120S1K
ESO1242208120S1K	ESO1358301120S1K
ESO1242208120S1K	ESO1358304120S1K
ESO1242208120S1K	ESO1358602120S1K
ESO1242208120S1K	EST1212206101S1K
ESO1242208120S1K	EST1212704101S1K
ESO1242208120S1K	EST1213405101S1K
ESO1242208120S1K	EST1232702101S1K
ESO1242208120S1K	EST1232710101S1K
ESO1242208120S1K	EST1232905101S1K
ESO1242208120S1K	EST1233822101S1K
ESO1242208120S1K	EST1233822201S1K
ESO1242208120S1K	EST1234702101S1K
ESO1242208120S1K	EST1234704101S1K
ESO1242208120S1K	EST1236807101S1K
ESO1242208120S1K	EST1237103201S1K
ESO1242208120S1K	EST1238002101S1K
ESO1242208120S1K	EST1241101101S1K
ESO1242208120S1K	EST1242101101S1K
ESO1242208120S1K	EST1242103101S1K
ESO1242208120S1K	EST1242207101S1K
ESO1242208120S1K	EST1242209101S1K
ESO1242208120S1K	EST1242704101S1K
ESO1242208120S1K	EST1242801101S1K
ESO1242208120S1K	EST1242802101S1K
ESO1242208120S1K	EST1242804101S1K
ESO1242208120S1K	EST1242805101S1K
ESO1242208120S1K	EST1247101101S1K
ESO1242208120S1K	EST1247106101S1K
ESO1242208120S1K	EST1247109101S1K
ESO1242208120S1K	EST1247203101S1K
ESO1242208120S1K	EST1247206101S1K
ESO1242208120S1K	EST1256811101S1K
ESO1242208120S1K	EST1350502101S1K
ESO1242208120S1K	EST1350510101S1K
ESO1242208120S1K	EST1350804101S1K
ESO1242208120S1K	EST1350807101S1K
ESO1242208120S1K	EST1356604101S1K
ESO1242208120S1K	EST1356611101S1K
ESO1242208120S1K	EST1357103101S1K
ESO1242208120S1K	EST1357107101S1K
ESO1242208120S1K	EST1358301101S1K
ESO1242208120S1K	EST1358301201S1K
ESO1242208120S1K	EST1358302101S1K
ESO1242208120S1K	EST1358602101S1K
ESO1242208120S1K	EST1359005101S1K
ESO1242208120S1K	EST1359006101S1K
ESO1242208120S1K	EST1359007101S1K
ESO1242208120S1K	EST1361001101S1K
ESO1242208120S1K	EST1361002101S1K
ESO1242208120S1K	EST1361007101S1K
ESO1242208120S1K	EST2359005102S1K
ESO1242209120S1K	ESO1242704120S1K
ESO1242209120S1K	ESO1242801120S1K
ESO1242209120S1K	ESO1242805120S1K
ESO1242209120S1K	ESO1247101120S1K
ESO1242209120S1K	ESO1247203120S1K
ESO1242209120S1K	ESO1247206120S1K
ESO1242209120S1K	ESO1247208120S1K
ESO1242209120S1K	ESO1256801120S1K
ESO1242209120S1K	ESO1256804120S1K
ESO1242209120S1K	ESO1350502120S1K
ESO1242209120S1K	ESO1350804120S1K
ESO1242209120S1K	ESO1350807120S1K
ESO1242209120S1K	ESO1356601120S1K
ESO1242209120S1K	ESO1356602120S1K
ESO1242209120S1K	ESO1356803120S1K
ESO1242209120S1K	ESO1357103120S1K
ESO1242209120S1K	ESO1357104120S1K
ESO1242209120S1K	ESO1357107120S1K
ESO1242209120S1K	ESO1358301120S1K
ESO1242209120S1K	ESO1358304120S1K
ESO1242209120S1K	ESO1358602120S1K
ESO1242209120S1K	EST1212206101S1K
ESO1242209120S1K	EST1212704101S1K
ESO1242209120S1K	EST1213405101S1K
ESO1242209120S1K	EST1232702101S1K
ESO1242209120S1K	EST1232710101S1K
ESO1242209120S1K	EST1232905101S1K
ESO1242209120S1K	EST1233822101S1K
ESO1242209120S1K	EST1233822201S1K
ESO1242209120S1K	EST1234702101S1K
ESO1242209120S1K	EST1234704101S1K
ESO1242209120S1K	EST1236807101S1K
ESO1242209120S1K	EST1237103201S1K
ESO1242209120S1K	EST1238002101S1K
ESO1242209120S1K	EST1241101101S1K
ESO1242209120S1K	EST1242101101S1K
ESO1242209120S1K	EST1242103101S1K
ESO1242209120S1K	EST1242207101S1K
ESO1242209120S1K	EST1242209101S1K
ESO1242209120S1K	EST1242704101S1K
ESO1242209120S1K	EST1242801101S1K
ESO1242209120S1K	EST1242802101S1K
ESO1242209120S1K	EST1242804101S1K
ESO1242209120S1K	EST1242805101S1K
ESO1242209120S1K	EST1247101101S1K
ESO1242209120S1K	EST1247106101S1K
ESO1242209120S1K	EST1247109101S1K
ESO1242209120S1K	EST1247203101S1K
ESO1242209120S1K	EST1247206101S1K
ESO1242209120S1K	EST1256811101S1K
ESO1242209120S1K	EST1350502101S1K
ESO1242209120S1K	EST1350510101S1K
ESO1242209120S1K	EST1350804101S1K
ESO1242209120S1K	EST1350807101S1K
ESO1242209120S1K	EST1356604101S1K
ESO1242209120S1K	EST1356611101S1K
ESO1242209120S1K	EST1357103101S1K
ESO1242209120S1K	EST1357107101S1K
ESO1242209120S1K	EST1358301101S1K
ESO1242209120S1K	EST1358301201S1K
ESO1242209120S1K	EST1358302101S1K
ESO1242209120S1K	EST1358602101S1K
ESO1242209120S1K	EST1359005101S1K
ESO1242209120S1K	EST1359006101S1K
ESO1242209120S1K	EST1359007101S1K
ESO1242209120S1K	EST1361001101S1K
ESO1242209120S1K	EST1361002101S1K
ESO1242209120S1K	EST1361007101S1K
ESO1242209120S1K	EST2359005102S1K
ESO1242704120S1K	ESO1242801120S1K
ESO1242704120S1K	ESO1242805120S1K
ESO1242704120S1K	ESO1247101120S1K
ESO1242704120S1K	ESO1247203120S1K
ESO1242704120S1K	ESO1247206120S1K
ESO1242704120S1K	ESO1247208120S1K
ESO1242704120S1K	ESO1256801120S1K
ESO1242704120S1K	ESO1256804120S1K
ESO1242704120S1K	ESO1350502120S1K
ESO1242704120S1K	ESO1350804120S1K
ESO1242704120S1K	ESO1350807120S1K
ESO1242704120S1K	ESO1356601120S1K
ESO1242704120S1K	ESO1356602120S1K
ESO1242704120S1K	ESO1356803120S1K
ESO1242704120S1K	ESO1357103120S1K
ESO1242704120S1K	ESO1357104120S1K
ESO1242704120S1K	ESO1357107120S1K
ESO1242704120S1K	ESO1358301120S1K
ESO1242704120S1K	ESO1358304120S1K
ESO1242704120S1K	ESO1358602120S1K
ESO1242704120S1K	EST1212206101S1K
ESO1242704120S1K	EST1212704101S1K
ESO1242704120S1K	EST1213405101S1K
ESO1242704120S1K	EST1232702101S1K
ESO1242704120S1K	EST1232710101S1K
ESO1242704120S1K	EST1232905101S1K
ESO1242704120S1K	EST1233822101S1K
ESO1242704120S1K	EST1233822201S1K
ESO1242704120S1K	EST1234702101S1K
ESO1242704120S1K	EST1234704101S1K
ESO1242704120S1K	EST1236807101S1K
ESO1242704120S1K	EST1237103201S1K
ESO1242704120S1K	EST1238002101S1K
ESO1242704120S1K	EST1241101101S1K
ESO1242704120S1K	EST1242101101S1K
ESO1242704120S1K	EST1242103101S1K
ESO1242704120S1K	EST1242207101S1K
ESO1242704120S1K	EST1242209101S1K
ESO1242704120S1K	EST1242704101S1K
ESO1242704120S1K	EST1242801101S1K
ESO1242704120S1K	EST1242802101S1K
ESO1242704120S1K	EST1242804101S1K
ESO1242704120S1K	EST1242805101S1K
ESO1242704120S1K	EST1247101101S1K
ESO1242704120S1K	EST1247106101S1K
ESO1242704120S1K	EST1247109101S1K
ESO1242704120S1K	EST1247203101S1K
ESO1242704120S1K	EST1247206101S1K
ESO1242704120S1K	EST1256811101S1K
ESO1242704120S1K	EST1350502101S1K
ESO1242704120S1K	EST1350510101S1K
ESO1242704120S1K	EST1350804101S1K
ESO1242704120S1K	EST1350807101S1K
ESO1242704120S1K	EST1356604101S1K
ESO1242704120S1K	EST1356611101S1K
ESO1242704120S1K	EST1357103101S1K
ESO1242704120S1K	EST1357107101S1K
ESO1242704120S1K	EST1358301101S1K
ESO1242704120S1K	EST1358301201S1K
ESO1242704120S1K	EST1358302101S1K
ESO1242704120S1K	EST1358602101S1K
ESO1242704120S1K	EST1359005101S1K
ESO1242704120S1K	EST1359006101S1K
ESO1242704120S1K	EST1359007101S1K
ESO1242704120S1K	EST1361001101S1K
ESO1242704120S1K	EST1361002101S1K
ESO1242704120S1K	EST1361007101S1K
ESO1242704120S1K	EST2359005102S1K
ESO1242801120S1K	ESO1242805120S1K
ESO1242801120S1K	ESO1247101120S1K
ESO1242801120S1K	ESO1247203120S1K
ESO1242801120S1K	ESO1247206120S1K
ESO1242801120S1K	ESO1247208120S1K
ESO1242801120S1K	ESO1256801120S1K
ESO1242801120S1K	ESO1256804120S1K
ESO1242801120S1K	ESO1350502120S1K
ESO1242801120S1K	ESO1350804120S1K
ESO1242801120S1K	ESO1350807120S1K
ESO1242801120S1K	ESO1356601120S1K
ESO1242801120S1K	ESO1356602120S1K
ESO1242801120S1K	ESO1356803120S1K
ESO1242801120S1K	ESO1357103120S1K
ESO1242801120S1K	ESO1357104120S1K
ESO1242801120S1K	ESO1357107120S1K
ESO1242801120S1K	ESO1358301120S1K
ESO1242801120S1K	ESO1358304120S1K
ESO1242801120S1K	ESO1358602120S1K
ESO1242801120S1K	EST1212206101S1K
ESO1242801120S1K	EST1212704101S1K
ESO1242801120S1K	EST1213405101S1K
ESO1242801120S1K	EST1232702101S1K
ESO1242801120S1K	EST1232710101S1K
ESO1242801120S1K	EST1232905101S1K
ESO1242801120S1K	EST1233822101S1K
ESO1242801120S1K	EST1233822201S1K
ESO1242801120S1K	EST1234702101S1K
ESO1242801120S1K	EST1234704101S1K
ESO1242801120S1K	EST1236807101S1K
ESO1242801120S1K	EST1237103201S1K
ESO1242801120S1K	EST1238002101S1K
ESO1242801120S1K	EST1241101101S1K
ESO1242801120S1K	EST1242101101S1K
ESO1242801120S1K	EST1242103101S1K
ESO1242801120S1K	EST1242207101S1K
ESO1242801120S1K	EST1242209101S1K
ESO1242801120S1K	EST1242704101S1K
ESO1242801120S1K	EST1242801101S1K
ESO1242801120S1K	EST1242802101S1K
ESO1242801120S1K	EST1242804101S1K
ESO1242801120S1K	EST1242805101S1K
ESO1242801120S1K	EST1247101101S1K
ESO1242801120S1K	EST1247106101S1K
ESO1242801120S1K	EST1247109101S1K
ESO1242801120S1K	EST1247203101S1K
ESO1242801120S1K	EST1247206101S1K
ESO1242801120S1K	EST1256811101S1K
ESO1242801120S1K	EST1350502101S1K
ESO1242801120S1K	EST1350510101S1K
ESO1242801120S1K	EST1350804101S1K
ESO1242801120S1K	EST1350807101S1K
ESO1242801120S1K	EST1356604101S1K
ESO1242801120S1K	EST1356611101S1K
ESO1242801120S1K	EST1357103101S1K
ESO1242801120S1K	EST1357107101S1K
ESO1242801120S1K	EST1358301101S1K
ESO1242801120S1K	EST1358301201S1K
ESO1242801120S1K	EST1358302101S1K
ESO1242801120S1K	EST1358602101S1K
ESO1242801120S1K	EST1359005101S1K
ESO1242801120S1K	EST1359006101S1K
ESO1242801120S1K	EST1359007101S1K
ESO1242801120S1K	EST1361001101S1K
ESO1242801120S1K	EST1361002101S1K
ESO1242801120S1K	EST1361007101S1K
ESO1242801120S1K	EST2359005102S1K
ESO1242805120S1K	ESO1247101120S1K
ESO1242805120S1K	ESO1247203120S1K
ESO1242805120S1K	ESO1247206120S1K
ESO1242805120S1K	ESO1247208120S1K
ESO1242805120S1K	ESO1256801120S1K
ESO1242805120S1K	ESO1256804120S1K
ESO1242805120S1K	ESO1350502120S1K
ESO1242805120S1K	ESO1350804120S1K
ESO1242805120S1K	ESO1350807120S1K
ESO1242805120S1K	ESO1356601120S1K
ESO1242805120S1K	ESO1356602120S1K
ESO1242805120S1K	ESO1356803120S1K
ESO1242805120S1K	ESO1357103120S1K
ESO1242805120S1K	ESO1357104120S1K
ESO1242805120S1K	ESO1357107120S1K
ESO1242805120S1K	ESO1358301120S1K
ESO1242805120S1K	ESO1358304120S1K
ESO1242805120S1K	ESO1358602120S1K
ESO1242805120S1K	EST1212206101S1K
ESO1242805120S1K	EST1212704101S1K
ESO1242805120S1K	EST1213405101S1K
ESO1242805120S1K	EST1232702101S1K
ESO1242805120S1K	EST1232710101S1K
ESO1242805120S1K	EST1232905101S1K
ESO1242805120S1K	EST1233822101S1K
ESO1242805120S1K	EST1233822201S1K
ESO1242805120S1K	EST1234702101S1K
ESO1242805120S1K	EST1234704101S1K
ESO1242805120S1K	EST1236807101S1K
ESO1242805120S1K	EST1237103201S1K
ESO1242805120S1K	EST1238002101S1K
ESO1242805120S1K	EST1241101101S1K
ESO1242805120S1K	EST1242101101S1K
ESO1242805120S1K	EST1242103101S1K
ESO1242805120S1K	EST1242207101S1K
ESO1242805120S1K	EST1242209101S1K
ESO1242805120S1K	EST1242704101S1K
ESO1242805120S1K	EST1242801101S1K
ESO1242805120S1K	EST1242802101S1K
ESO1242805120S1K	EST1242804101S1K
ESO1242805120S1K	EST1242805101S1K
ESO1242805120S1K	EST1247101101S1K
ESO1242805120S1K	EST1247106101S1K
ESO1242805120S1K	EST1247109101S1K
ESO1242805120S1K	EST1247203101S1K
ESO1242805120S1K	EST1247206101S1K
ESO1242805120S1K	EST1256811101S1K
ESO1242805120S1K	EST1350502101S1K
ESO1242805120S1K	EST1350510101S1K
ESO1242805120S1K	EST1350804101S1K
ESO1242805120S1K	EST1350807101S1K
ESO1242805120S1K	EST1356604101S1K
ESO1242805120S1K	EST1356611101S1K
ESO1242805120S1K	EST1357103101S1K
ESO1242805120S1K	EST1357107101S1K
ESO1242805120S1K	EST1358301101S1K
ESO1242805120S1K	EST1358301201S1K
ESO1242805120S1K	EST1358302101S1K
ESO1242805120S1K	EST1358602101S1K
ESO1242805120S1K	EST1359005101S1K
ESO1242805120S1K	EST1359006101S1K
ESO1242805120S1K	EST1359007101S1K
ESO1242805120S1K	EST1361001101S1K
ESO1242805120S1K	EST1361002101S1K
ESO1242805120S1K	EST1361007101S1K
ESO1242805120S1K	EST2359005102S1K
ESO1247101120S1K	ESO1247203120S1K
ESO1247101120S1K	ESO1247206120S1K
ESO1247101120S1K	ESO1247208120S1K
ESO1247101120S1K	ESO1256801120S1K
ESO1247101120S1K	ESO1256804120S1K
ESO1247101120S1K	ESO1350502120S1K
ESO1247101120S1K	ESO1350804120S1K
ESO1247101120S1K	ESO1350807120S1K
ESO1247101120S1K	ESO1356601120S1K
ESO1247101120S1K	ESO1356602120S1K
ESO1247101120S1K	ESO1356803120S1K
ESO1247101120S1K	ESO1357103120S1K
ESO1247101120S1K	ESO1357104120S1K
ESO1247101120S1K	ESO1357107120S1K
ESO1247101120S1K	ESO1358301120S1K
ESO1247101120S1K	ESO1358304120S1K
ESO1247101120S1K	ESO1358602120S1K
ESO1247101120S1K	EST1212206101S1K
ESO1247101120S1K	EST1212704101S1K
ESO1247101120S1K	EST1213405101S1K
ESO1247101120S1K	EST1232702101S1K
ESO1247101120S1K	EST1232710101S1K
ESO1247101120S1K	EST1232905101S1K
ESO1247101120S1K	EST1233822101S1K
ESO1247101120S1K	EST1233822201S1K
ESO1247101120S1K	EST1234702101S1K
ESO1247101120S1K	EST1234704101S1K
ESO1247101120S1K	EST1236807101S1K
ESO1247101120S1K	EST1237103201S1K
ESO1247101120S1K	EST1238002101S1K
ESO1247101120S1K	EST1241101101S1K
ESO1247101120S1K	EST1242101101S1K
ESO1247101120S1K	EST1242103101S1K
ESO1247101120S1K	EST1242207101S1K
ESO1247101120S1K	EST1242209101S1K
ESO1247101120S1K	EST1242704101S1K
ESO1247101120S1K	EST1242801101S1K
ESO1247101120S1K	EST1242802101S1K
ESO1247101120S1K	EST1242804101S1K
ESO1247101120S1K	EST1242805101S1K
ESO1247101120S1K	EST1247101101S1K
ESO1247101120S1K	EST1247106101S1K
ESO1247101120S1K	EST1247109101S1K
ESO1247101120S1K	EST1247203101S1K
ESO1247101120S1K	EST1247206101S1K
ESO1247101120S1K	EST1256811101S1K
ESO1247101120S1K	EST1350502101S1K
ESO1247101120S1K	EST1350510101S1K
ESO1247101120S1K	EST1350804101S1K
ESO1247101120S1K	EST1350807101S1K
ESO1247101120S1K	EST1356604101S1K
ESO1247101120S1K	EST1356611101S1K
ESO1247101120S1K	EST1357103101S1K
ESO1247101120S1K	EST1357107101S1K
ESO1247101120S1K	EST1358301101S1K
ESO1247101120S1K	EST1358301201S1K
ESO1247101120S1K	EST1358302101S1K
ESO1247101120S1K	EST1358602101S1K
ESO1247101120S1K	EST1359005101S1K
ESO1247101120S1K	EST1359006101S1K
ESO1247101120S1K	EST1359007101S1K
ESO1247101120S1K	EST1361001101S1K
ESO1247101120S1K	EST1361002101S1K
ESO1247101120S1K	EST1361007101S1K
ESO1247101120S1K	EST2359005102S1K
ESO1247203120S1K	ESO1247206120S1K
ESO1247203120S1K	ESO1247208120S1K
ESO1247203120S1K	ESO1256801120S1K
ESO1247203120S1K	ESO1256804120S1K
ESO1247203120S1K	ESO1350502120S1K
ESO1247203120S1K	ESO1350804120S1K
ESO1247203120S1K	ESO1350807120S1K
ESO1247203120S1K	ESO1356601120S1K
ESO1247203120S1K	ESO1356602120S1K
ESO1247203120S1K	ESO1356803120S1K
ESO1247203120S1K	ESO1357103120S1K
ESO1247203120S1K	ESO1357104120S1K
ESO1247203120S1K	ESO1357107120S1K
ESO1247203120S1K	ESO1358301120S1K
ESO1247203120S1K	ESO1358304120S1K
ESO1247203120S1K	ESO1358602120S1K
ESO1247203120S1K	EST1212206101S1K
ESO1247203120S1K	EST1212704101S1K
ESO1247203120S1K	EST1213405101S1K
ESO1247203120S1K	EST1232702101S1K
ESO1247203120S1K	EST1232710101S1K
ESO1247203120S1K	EST1232905101S1K
ESO1247203120S1K	EST1233822101S1K
ESO1247203120S1K	EST1233822201S1K
ESO1247203120S1K	EST1234702101S1K
ESO1247203120S1K	EST1234704101S1K
ESO1247203120S1K	EST1236807101S1K
ESO1247203120S1K	EST1237103201S1K
ESO1247203120S1K	EST1238002101S1K
ESO1247203120S1K	EST1241101101S1K
ESO1247203120S1K	EST1242101101S1K
ESO1247203120S1K	EST1242103101S1K
ESO1247203120S1K	EST1242207101S1K
ESO1247203120S1K	EST1242209101S1K
ESO1247203120S1K	EST1242704101S1K
ESO1247203120S1K	EST1242801101S1K
ESO1247203120S1K	EST1242802101S1K
ESO1247203120S1K	EST1242804101S1K
ESO1247203120S1K	EST1242805101S1K
ESO1247203120S1K	EST1247101101S1K
ESO1247203120S1K	EST1247106101S1K
ESO1247203120S1K	EST1247109101S1K
ESO1247203120S1K	EST1247203101S1K
ESO1247203120S1K	EST1247206101S1K
ESO1247203120S1K	EST1256811101S1K
ESO1247203120S1K	EST1350502101S1K
ESO1247203120S1K	EST1350510101S1K
ESO1247203120S1K	EST1350804101S1K
ESO1247203120S1K	EST1350807101S1K
ESO1247203120S1K	EST1356604101S1K
ESO1247203120S1K	EST1356611101S1K
ESO1247203120S1K	EST1357103101S1K
ESO1247203120S1K	EST1357107101S1K
ESO1247203120S1K	EST1358301101S1K
ESO1247203120S1K	EST1358301201S1K
ESO1247203120S1K	EST1358302101S1K
ESO1247203120S1K	EST1358602101S1K
ESO1247203120S1K	EST1359005101S1K
ESO1247203120S1K	EST1359006101S1K
ESO1247203120S1K	EST1359007101S1K
ESO1247203120S1K	EST1361001101S1K
ESO1247203120S1K	EST1361002101S1K
ESO1247203120S1K	EST1361007101S1K
ESO1247203120S1K	EST2359005102S1K
ESO1247206120S1K	ESO1247208120S1K
ESO1247206120S1K	ESO1256801120S1K
ESO1247206120S1K	ESO1256804120S1K
ESO1247206120S1K	ESO1350502120S1K
ESO1247206120S1K	ESO1350804120S1K
ESO1247206120S1K	ESO1350807120S1K
ESO1247206120S1K	ESO1356601120S1K
ESO1247206120S1K	ESO1356602120S1K
ESO1247206120S1K	ESO1356803120S1K
ESO1247206120S1K	ESO1357103120S1K
ESO1247206120S1K	ESO1357104120S1K
ESO1247206120S1K	ESO1357107120S1K
ESO1247206120S1K	ESO1358301120S1K
ESO1247206120S1K	ESO1358304120S1K
ESO1247206120S1K	ESO1358602120S1K
ESO1247206120S1K	EST1212206101S1K
ESO1247206120S1K	EST1212704101S1K
ESO1247206120S1K	EST1213405101S1K
ESO1247206120S1K	EST1232702101S1K
ESO1247206120S1K	EST1232710101S1K
ESO1247206120S1K	EST1232905101S1K
ESO1247206120S1K	EST1233822101S1K
ESO1247206120S1K	EST1233822201S1K
ESO1247206120S1K	EST1234702101S1K
ESO1247206120S1K	EST1234704101S1K
ESO1247206120S1K	EST1236807101S1K
ESO1247206120S1K	EST1237103201S1K
ESO1247206120S1K	EST1238002101S1K
ESO1247206120S1K	EST1241101101S1K
ESO1247206120S1K	EST1242101101S1K
ESO1247206120S1K	EST1242103101S1K
ESO1247206120S1K	EST1242207101S1K
ESO1247206120S1K	EST1242209101S1K
ESO1247206120S1K	EST1242704101S1K
ESO1247206120S1K	EST1242801101S1K
ESO1247206120S1K	EST1242802101S1K
ESO1247206120S1K	EST1242804101S1K
ESO1247206120S1K	EST1242805101S1K
ESO1247206120S1K	EST1247101101S1K
ESO1247206120S1K	EST1247106101S1K
ESO1247206120S1K	EST1247109101S1K
ESO1247206120S1K	EST1247203101S1K
ESO1247206120S1K	EST1247206101S1K
ESO1247206120S1K	EST1256811101S1K
ESO1247206120S1K	EST1350502101S1K
ESO1247206120S1K	EST1350510101S1K
ESO1247206120S1K	EST1350804101S1K
ESO1247206120S1K	EST1350807101S1K
ESO1247206120S1K	EST1356604101S1K
ESO1247206120S1K	EST1356611101S1K
ESO1247206120S1K	EST1357103101S1K
ESO1247206120S1K	EST1357107101S1K
ESO1247206120S1K	EST1358301101S1K
ESO1247206120S1K	EST1358301201S1K
ESO1247206120S1K	EST1358302101S1K
ESO1247206120S1K	EST1358602101S1K
ESO1247206120S1K	EST1359005101S1K
ESO1247206120S1K	EST1359006101S1K
ESO1247206120S1K	EST1359007101S1K
ESO1247206120S1K	EST1361001101S1K
ESO1247206120S1K	EST1361002101S1K
ESO1247206120S1K	EST1361007101S1K
ESO1247206120S1K	EST2359005102S1K
ESO1247208120S1K	ESO1256801120S1K
ESO1247208120S1K	ESO1256804120S1K
ESO1247208120S1K	ESO1350502120S1K
ESO1247208120S1K	ESO1350804120S1K
ESO1247208120S1K	ESO1350807120S1K
ESO1247208120S1K	ESO1356601120S1K
ESO1247208120S1K	ESO1356602120S1K
ESO1247208120S1K	ESO1356803120S1K
ESO1247208120S1K	ESO1357103120S1K
ESO1247208120S1K	ESO1357104120S1K
ESO1247208120S1K	ESO1357107120S1K
ESO1247208120S1K	ESO1358301120S1K
ESO1247208120S1K	ESO1358304120S1K
ESO1247208120S1K	ESO1358602120S1K
ESO1247208120S1K	EST1212206101S1K
ESO1247208120S1K	EST1212704101S1K
ESO1247208120S1K	EST1213405101S1K
ESO1247208120S1K	EST1232702101S1K
ESO1247208120S1K	EST1232710101S1K
ESO1247208120S1K	EST1232905101S1K
ESO1247208120S1K	EST1233822101S1K
ESO1247208120S1K	EST1233822201S1K
ESO1247208120S1K	EST1234702101S1K
ESO1247208120S1K	EST1234704101S1K
ESO1247208120S1K	EST1236807101S1K
ESO1247208120S1K	EST1237103201S1K
ESO1247208120S1K	EST1238002101S1K
ESO1247208120S1K	EST1241101101S1K
ESO1247208120S1K	EST1242101101S1K
ESO1247208120S1K	EST1242103101S1K
ESO1247208120S1K	EST1242207101S1K
ESO1247208120S1K	EST1242209101S1K
ESO1247208120S1K	EST1242704101S1K
ESO1247208120S1K	EST1242801101S1K
ESO1247208120S1K	EST1242802101S1K
ESO1247208120S1K	EST1242804101S1K
ESO1247208120S1K	EST1242805101S1K
ESO1247208120S1K	EST1247101101S1K
ESO1247208120S1K	EST1247106101S1K
ESO1247208120S1K	EST1247109101S1K
ESO1247208120S1K	EST1247203101S1K
ESO1247208120S1K	EST1247206101S1K
ESO1247208120S1K	EST1256811101S1K
ESO1247208120S1K	EST1350502101S1K
ESO1247208120S1K	EST1350510101S1K
ESO1247208120S1K	EST1350804101S1K
ESO1247208120S1K	EST1350807101S1K
ESO1247208120S1K	EST1356604101S1K
ESO1247208120S1K	EST1356611101S1K
ESO1247208120S1K	EST1357103101S1K
ESO1247208120S1K	EST1357107101S1K
ESO1247208120S1K	EST1358301101S1K
ESO1247208120S1K	EST1358301201S1K
ESO1247208120S1K	EST1358302101S1K
ESO1247208120S1K	EST1358602101S1K
ESO1247208120S1K	EST1359005101S1K
ESO1247208120S1K	EST1359006101S1K
ESO1247208120S1K	EST1359007101S1K
ESO1247208120S1K	EST1361001101S1K
ESO1247208120S1K	EST1361002101S1K
ESO1247208120S1K	EST1361007101S1K
ESO1247208120S1K	EST2359005102S1K
ESO1256801120S1K	ESO1256804120S1K
ESO1256801120S1K	ESO1350502120S1K
ESO1256801120S1K	ESO1350804120S1K
ESO1256801120S1K	ESO1350807120S1K
ESO1256801120S1K	ESO1356601120S1K
ESO1256801120S1K	ESO1356602120S1K
ESO1256801120S1K	ESO1356803120S1K
ESO1256801120S1K	ESO1357103120S1K
ESO1256801120S1K	ESO1357104120S1K
ESO1256801120S1K	ESO1357107120S1K
ESO1256801120S1K	ESO1358301120S1K
ESO1256801120S1K	ESO1358304120S1K
ESO1256801120S1K	ESO1358602120S1K
ESO1256801120S1K	EST1212206101S1K
ESO1256801120S1K	EST1212704101S1K
ESO1256801120S1K	EST1213405101S1K
ESO1256801120S1K	EST1232702101S1K
ESO1256801120S1K	EST1232710101S1K
ESO1256801120S1K	EST1232905101S1K
ESO1256801120S1K	EST1233822101S1K
ESO1256801120S1K	EST1233822201S1K
ESO1256801120S1K	EST1234702101S1K
ESO1256801120S1K	EST1234704101S1K
ESO1256801120S1K	EST1236807101S1K
ESO1256801120S1K	EST1237103201S1K
ESO1256801120S1K	EST1238002101S1K
ESO1256801120S1K	EST1241101101S1K
ESO1256801120S1K	EST1242101101S1K
ESO1256801120S1K	EST1242103101S1K
ESO1256801120S1K	EST1242207101S1K
ESO1256801120S1K	EST1242209101S1K
ESO1256801120S1K	EST1242704101S1K
ESO1256801120S1K	EST1242801101S1K
ESO1256801120S1K	EST1242802101S1K
ESO1256801120S1K	EST1242804101S1K
ESO1256801120S1K	EST1242805101S1K
ESO1256801120S1K	EST1247101101S1K
ESO1256801120S1K	EST1247106101S1K
ESO1256801120S1K	EST1247109101S1K
ESO1256801120S1K	EST1247203101S1K
ESO1256801120S1K	EST1247206101S1K
ESO1256801120S1K	EST1256811101S1K
ESO1256801120S1K	EST1350502101S1K
ESO1256801120S1K	EST1350510101S1K
ESO1256801120S1K	EST1350804101S1K
ESO1256801120S1K	EST1350807101S1K
ESO1256801120S1K	EST1356604101S1K
ESO1256801120S1K	EST1356611101S1K
ESO1256801120S1K	EST1357103101S1K
ESO1256801120S1K	EST1357107101S1K
ESO1256801120S1K	EST1358301101S1K
ESO1256801120S1K	EST1358301201S1K
ESO1256801120S1K	EST1358302101S1K
ESO1256801120S1K	EST1358602101S1K
ESO1256801120S1K	EST1359005101S1K
ESO1256801120S1K	EST1359006101S1K
ESO1256801120S1K	EST1359007101S1K
ESO1256801120S1K	EST1361001101S1K
ESO1256801120S1K	EST1361002101S1K
ESO1256801120S1K	EST1361007101S1K
ESO1256801120S1K	EST2359005102S1K
ESO1256804120S1K	ESO1350502120S1K
ESO1256804120S1K	ESO1350804120S1K
ESO1256804120S1K	ESO1350807120S1K
ESO1256804120S1K	ESO1356601120S1K
ESO1256804120S1K	ESO1356602120S1K
ESO1256804120S1K	ESO1356803120S1K
ESO1256804120S1K	ESO1357103120S1K
ESO1256804120S1K	ESO1357104120S1K
ESO1256804120S1K	ESO1357107120S1K
ESO1256804120S1K	ESO1358301120S1K
ESO1256804120S1K	ESO1358304120S1K
ESO1256804120S1K	ESO1358602120S1K
ESO1256804120S1K	EST1212206101S1K
ESO1256804120S1K	EST1212704101S1K
ESO1256804120S1K	EST1213405101S1K
ESO1256804120S1K	EST1232702101S1K
ESO1256804120S1K	EST1232710101S1K
ESO1256804120S1K	EST1232905101S1K
ESO1256804120S1K	EST1233822101S1K
ESO1256804120S1K	EST1233822201S1K
ESO1256804120S1K	EST1234702101S1K
ESO1256804120S1K	EST1234704101S1K
ESO1256804120S1K	EST1236807101S1K
ESO1256804120S1K	EST1237103201S1K
ESO1256804120S1K	EST1238002101S1K
ESO1256804120S1K	EST1241101101S1K
ESO1256804120S1K	EST1242101101S1K
ESO1256804120S1K	EST1242103101S1K
ESO1256804120S1K	EST1242207101S1K
ESO1256804120S1K	EST1242209101S1K
ESO1256804120S1K	EST1242704101S1K
ESO1256804120S1K	EST1242801101S1K
ESO1256804120S1K	EST1242802101S1K
ESO1256804120S1K	EST1242804101S1K
ESO1256804120S1K	EST1242805101S1K
ESO1256804120S1K	EST1247101101S1K
ESO1256804120S1K	EST1247106101S1K
ESO1256804120S1K	EST1247109101S1K
ESO1256804120S1K	EST1247203101S1K
ESO1256804120S1K	EST1247206101S1K
ESO1256804120S1K	EST1256811101S1K
ESO1256804120S1K	EST1350502101S1K
ESO1256804120S1K	EST1350510101S1K
ESO1256804120S1K	EST1350804101S1K
ESO1256804120S1K	EST1350807101S1K
ESO1256804120S1K	EST1356604101S1K
ESO1256804120S1K	EST1356611101S1K
ESO1256804120S1K	EST1357103101S1K
ESO1256804120S1K	EST1357107101S1K
ESO1256804120S1K	EST1358301101S1K
ESO1256804120S1K	EST1358301201S1K
ESO1256804120S1K	EST1358302101S1K
ESO1256804120S1K	EST1358602101S1K
ESO1256804120S1K	EST1359005101S1K
ESO1256804120S1K	EST1359006101S1K
ESO1256804120S1K	EST1359007101S1K
ESO1256804120S1K	EST1361001101S1K
ESO1256804120S1K	EST1361002101S1K
ESO1256804120S1K	EST1361007101S1K
ESO1256804120S1K	EST2359005102S1K
ESO1350502120S1K	ESO1350804120S1K
ESO1350502120S1K	ESO1350807120S1K
ESO1350502120S1K	ESO1356601120S1K
ESO1350502120S1K	ESO1356602120S1K
ESO1350502120S1K	ESO1356803120S1K
ESO1350502120S1K	ESO1357103120S1K
ESO1350502120S1K	ESO1357104120S1K
ESO1350502120S1K	ESO1357107120S1K
ESO1350502120S1K	ESO1358301120S1K
ESO1350502120S1K	ESO1358304120S1K
ESO1350502120S1K	ESO1358602120S1K
ESO1350502120S1K	EST1212206101S1K
ESO1350502120S1K	EST1212704101S1K
ESO1350502120S1K	EST1213405101S1K
ESO1350502120S1K	EST1232702101S1K
ESO1350502120S1K	EST1232710101S1K
ESO1350502120S1K	EST1232905101S1K
ESO1350502120S1K	EST1233822101S1K
ESO1350502120S1K	EST1233822201S1K
ESO1350502120S1K	EST1234702101S1K
ESO1350502120S1K	EST1234704101S1K
ESO1350502120S1K	EST1236807101S1K
ESO1350502120S1K	EST1237103201S1K
ESO1350502120S1K	EST1238002101S1K
ESO1350502120S1K	EST1241101101S1K
ESO1350502120S1K	EST1242101101S1K
ESO1350502120S1K	EST1242103101S1K
ESO1350502120S1K	EST1242207101S1K
ESO1350502120S1K	EST1242209101S1K
ESO1350502120S1K	EST1242704101S1K
ESO1350502120S1K	EST1242801101S1K
ESO1350502120S1K	EST1242802101S1K
ESO1350502120S1K	EST1242804101S1K
ESO1350502120S1K	EST1242805101S1K
ESO1350502120S1K	EST1247101101S1K
ESO1350502120S1K	EST1247106101S1K
ESO1350502120S1K	EST1247109101S1K
ESO1350502120S1K	EST1247203101S1K
ESO1350502120S1K	EST1247206101S1K
ESO1350502120S1K	EST1256811101S1K
ESO1350502120S1K	EST1350502101S1K
ESO1350502120S1K	EST1350510101S1K
ESO1350502120S1K	EST1350804101S1K
ESO1350502120S1K	EST1350807101S1K
ESO1350502120S1K	EST1356604101S1K
ESO1350502120S1K	EST1356611101S1K
ESO1350502120S1K	EST1357103101S1K
ESO1350502120S1K	EST1357107101S1K
ESO1350502120S1K	EST1358301101S1K
ESO1350502120S1K	EST1358301201S1K
ESO1350502120S1K	EST1358302101S1K
ESO1350502120S1K	EST1358602101S1K
ESO1350502120S1K	EST1359005101S1K
ESO1350502120S1K	EST1359006101S1K
ESO1350502120S1K	EST1359007101S1K
ESO1350502120S1K	EST1361001101S1K
ESO1350502120S1K	EST1361002101S1K
ESO1350502120S1K	EST1361007101S1K
ESO1350502120S1K	EST2359005102S1K
ESO1350804120S1K	ESO1350807120S1K
ESO1350804120S1K	ESO1356601120S1K
ESO1350804120S1K	ESO1356602120S1K
ESO1350804120S1K	ESO1356803120S1K
ESO1350804120S1K	ESO1357103120S1K
ESO1350804120S1K	ESO1357104120S1K
ESO1350804120S1K	ESO1357107120S1K
ESO1350804120S1K	ESO1358301120S1K
ESO1350804120S1K	ESO1358304120S1K
ESO1350804120S1K	ESO1358602120S1K
ESO1350804120S1K	EST1212206101S1K
ESO1350804120S1K	EST1212704101S1K
ESO1350804120S1K	EST1213405101S1K
ESO1350804120S1K	EST1232702101S1K
ESO1350804120S1K	EST1232710101S1K
ESO1350804120S1K	EST1232905101S1K
ESO1350804120S1K	EST1233822101S1K
ESO1350804120S1K	EST1233822201S1K
ESO1350804120S1K	EST1234702101S1K
ESO1350804120S1K	EST1234704101S1K
ESO1350804120S1K	EST1236807101S1K
ESO1350804120S1K	EST1237103201S1K
ESO1350804120S1K	EST1238002101S1K
ESO1350804120S1K	EST1241101101S1K
ESO1350804120S1K	EST1242101101S1K
ESO1350804120S1K	EST1242103101S1K
ESO1350804120S1K	EST1242207101S1K
ESO1350804120S1K	EST1242209101S1K
ESO1350804120S1K	EST1242704101S1K
ESO1350804120S1K	EST1242801101S1K
ESO1350804120S1K	EST1242802101S1K
ESO1350804120S1K	EST1242804101S1K
ESO1350804120S1K	EST1242805101S1K
ESO1350804120S1K	EST1247101101S1K
ESO1350804120S1K	EST1247106101S1K
ESO1350804120S1K	EST1247109101S1K
ESO1350804120S1K	EST1247203101S1K
ESO1350804120S1K	EST1247206101S1K
ESO1350804120S1K	EST1256811101S1K
ESO1350804120S1K	EST1350502101S1K
ESO1350804120S1K	EST1350510101S1K
ESO1350804120S1K	EST1350804101S1K
ESO1350804120S1K	EST1350807101S1K
ESO1350804120S1K	EST1356604101S1K
ESO1350804120S1K	EST1356611101S1K
ESO1350804120S1K	EST1357103101S1K
ESO1350804120S1K	EST1357107101S1K
ESO1350804120S1K	EST1358301101S1K
ESO1350804120S1K	EST1358301201S1K
ESO1350804120S1K	EST1358302101S1K
ESO1350804120S1K	EST1358602101S1K
ESO1350804120S1K	EST1359005101S1K
ESO1350804120S1K	EST1359006101S1K
ESO1350804120S1K	EST1359007101S1K
ESO1350804120S1K	EST1361001101S1K
ESO1350804120S1K	EST1361002101S1K
ESO1350804120S1K	EST1361007101S1K
ESO1350804120S1K	EST2359005102S1K
ESO1350807120S1K	ESO1356601120S1K
ESO1350807120S1K	ESO1356602120S1K
ESO1350807120S1K	ESO1356803120S1K
ESO1350807120S1K	ESO1357103120S1K
ESO1350807120S1K	ESO1357104120S1K
ESO1350807120S1K	ESO1357107120S1K
ESO1350807120S1K	ESO1358301120S1K
ESO1350807120S1K	ESO1358304120S1K
ESO1350807120S1K	ESO1358602120S1K
ESO1350807120S1K	EST1212206101S1K
ESO1350807120S1K	EST1212704101S1K
ESO1350807120S1K	EST1213405101S1K
ESO1350807120S1K	EST1232702101S1K
ESO1350807120S1K	EST1232710101S1K
ESO1350807120S1K	EST1232905101S1K
ESO1350807120S1K	EST1233822101S1K
ESO1350807120S1K	EST1233822201S1K
ESO1350807120S1K	EST1234702101S1K
ESO1350807120S1K	EST1234704101S1K
ESO1350807120S1K	EST1236807101S1K
ESO1350807120S1K	EST1237103201S1K
ESO1350807120S1K	EST1238002101S1K
ESO1350807120S1K	EST1241101101S1K
ESO1350807120S1K	EST1242101101S1K
ESO1350807120S1K	EST1242103101S1K
ESO1350807120S1K	EST1242207101S1K
ESO1350807120S1K	EST1242209101S1K
ESO1350807120S1K	EST1242704101S1K
ESO1350807120S1K	EST1242801101S1K
ESO1350807120S1K	EST1242802101S1K
ESO1350807120S1K	EST1242804101S1K
ESO1350807120S1K	EST1242805101S1K
ESO1350807120S1K	EST1247101101S1K
ESO1350807120S1K	EST1247106101S1K
ESO1350807120S1K	EST1247109101S1K
ESO1350807120S1K	EST1247203101S1K
ESO1350807120S1K	EST1247206101S1K
ESO1350807120S1K	EST1256811101S1K
ESO1350807120S1K	EST1350502101S1K
ESO1350807120S1K	EST1350510101S1K
ESO1350807120S1K	EST1350804101S1K
ESO1350807120S1K	EST1350807101S1K
ESO1350807120S1K	EST1356604101S1K
ESO1350807120S1K	EST1356611101S1K
ESO1350807120S1K	EST1357103101S1K
ESO1350807120S1K	EST1357107101S1K
ESO1350807120S1K	EST1358301101S1K
ESO1350807120S1K	EST1358301201S1K
ESO1350807120S1K	EST1358302101S1K
ESO1350807120S1K	EST1358602101S1K
ESO1350807120S1K	EST1359005101S1K
ESO1350807120S1K	EST1359006101S1K
ESO1350807120S1K	EST1359007101S1K
ESO1350807120S1K	EST1361001101S1K
ESO1350807120S1K	EST1361002101S1K
ESO1350807120S1K	EST1361007101S1K
ESO1350807120S1K	EST2359005102S1K
ESO1356601120S1K	ESO1356602120S1K
ESO1356601120S1K	ESO1356803120S1K
ESO1356601120S1K	ESO1357103120S1K
ESO1356601120S1K	ESO1357104120S1K
ESO1356601120S1K	ESO1357107120S1K
ESO1356601120S1K	ESO1358301120S1K
ESO1356601120S1K	ESO1358304120S1K
ESO1356601120S1K	ESO1358602120S1K
ESO1356601120S1K	EST1212206101S1K
ESO1356601120S1K	EST1212704101S1K
ESO1356601120S1K	EST1213405101S1K
ESO1356601120S1K	EST1232702101S1K
ESO1356601120S1K	EST1232710101S1K
ESO1356601120S1K	EST1232905101S1K
ESO1356601120S1K	EST1233822101S1K
ESO1356601120S1K	EST1233822201S1K
ESO1356601120S1K	EST1234702101S1K
ESO1356601120S1K	EST1234704101S1K
ESO1356601120S1K	EST1236807101S1K
ESO1356601120S1K	EST1237103201S1K
ESO1356601120S1K	EST1238002101S1K
ESO1356601120S1K	EST1241101101S1K
ESO1356601120S1K	EST1242101101S1K
ESO1356601120S1K	EST1242103101S1K
ESO1356601120S1K	EST1242207101S1K
ESO1356601120S1K	EST1242209101S1K
ESO1356601120S1K	EST1242704101S1K
ESO1356601120S1K	EST1242801101S1K
ESO1356601120S1K	EST1242802101S1K
ESO1356601120S1K	EST1242804101S1K
ESO1356601120S1K	EST1242805101S1K
ESO1356601120S1K	EST1247101101S1K
ESO1356601120S1K	EST1247106101S1K
ESO1356601120S1K	EST1247109101S1K
ESO1356601120S1K	EST1247203101S1K
ESO1356601120S1K	EST1247206101S1K
ESO1356601120S1K	EST1256811101S1K
ESO1356601120S1K	EST1350502101S1K
ESO1356601120S1K	EST1350510101S1K
ESO1356601120S1K	EST1350804101S1K
ESO1356601120S1K	EST1350807101S1K
ESO1356601120S1K	EST1356604101S1K
ESO1356601120S1K	EST1356611101S1K
ESO1356601120S1K	EST1357103101S1K
ESO1356601120S1K	EST1357107101S1K
ESO1356601120S1K	EST1358301101S1K
ESO1356601120S1K	EST1358301201S1K
ESO1356601120S1K	EST1358302101S1K
ESO1356601120S1K	EST1358602101S1K
ESO1356601120S1K	EST1359005101S1K
ESO1356601120S1K	EST1359006101S1K
ESO1356601120S1K	EST1359007101S1K
ESO1356601120S1K	EST1361001101S1K
ESO1356601120S1K	EST1361002101S1K
ESO1356601120S1K	EST1361007101S1K
ESO1356601120S1K	EST2359005102S1K
ESO1356602120S1K	ESO1356803120S1K
ESO1356602120S1K	ESO1357103120S1K
ESO1356602120S1K	ESO1357104120S1K
ESO1356602120S1K	ESO1357107120S1K
ESO1356602120S1K	ESO1358301120S1K
ESO1356602120S1K	ESO1358304120S1K
ESO1356602120S1K	ESO1358602120S1K
ESO1356602120S1K	EST1212206101S1K
ESO1356602120S1K	EST1212704101S1K
ESO1356602120S1K	EST1213405101S1K
ESO1356602120S1K	EST1232702101S1K
ESO1356602120S1K	EST1232710101S1K
ESO1356602120S1K	EST1232905101S1K
ESO1356602120S1K	EST1233822101S1K
ESO1356602120S1K	EST1233822201S1K
ESO1356602120S1K	EST1234702101S1K
ESO1356602120S1K	EST1234704101S1K
ESO1356602120S1K	EST1236807101S1K
ESO1356602120S1K	EST1237103201S1K
ESO1356602120S1K	EST1238002101S1K
ESO1356602120S1K	EST1241101101S1K
ESO1356602120S1K	EST1242101101S1K
ESO1356602120S1K	EST1242103101S1K
ESO1356602120S1K	EST1242207101S1K
ESO1356602120S1K	EST1242209101S1K
ESO1356602120S1K	EST1242704101S1K
ESO1356602120S1K	EST1242801101S1K
ESO1356602120S1K	EST1242802101S1K
ESO1356602120S1K	EST1242804101S1K
ESO1356602120S1K	EST1242805101S1K
ESO1356602120S1K	EST1247101101S1K
ESO1356602120S1K	EST1247106101S1K
ESO1356602120S1K	EST1247109101S1K
ESO1356602120S1K	EST1247203101S1K
ESO1356602120S1K	EST1247206101S1K
ESO1356602120S1K	EST1256811101S1K
ESO1356602120S1K	EST1350502101S1K
ESO1356602120S1K	EST1350510101S1K
ESO1356602120S1K	EST1350804101S1K
ESO1356602120S1K	EST1350807101S1K
ESO1356602120S1K	EST1356604101S1K
ESO1356602120S1K	EST1356611101S1K
ESO1356602120S1K	EST1357103101S1K
ESO1356602120S1K	EST1357107101S1K
ESO1356602120S1K	EST1358301101S1K
ESO1356602120S1K	EST1358301201S1K
ESO1356602120S1K	EST1358302101S1K
ESO1356602120S1K	EST1358602101S1K
ESO1356602120S1K	EST1359005101S1K
ESO1356602120S1K	EST1359006101S1K
ESO1356602120S1K	EST1359007101S1K
ESO1356602120S1K	EST1361001101S1K
ESO1356602120S1K	EST1361002101S1K
ESO1356602120S1K	EST1361007101S1K
ESO1356602120S1K	EST2359005102S1K
ESO1356803120S1K	ESO1357103120S1K
ESO1356803120S1K	ESO1357104120S1K
ESO1356803120S1K	ESO1357107120S1K
ESO1356803120S1K	ESO1358301120S1K
ESO1356803120S1K	ESO1358304120S1K
ESO1356803120S1K	ESO1358602120S1K
ESO1356803120S1K	EST1212206101S1K
ESO1356803120S1K	EST1212704101S1K
ESO1356803120S1K	EST1213405101S1K
ESO1356803120S1K	EST1232702101S1K
ESO1356803120S1K	EST1232710101S1K
ESO1356803120S1K	EST1232905101S1K
ESO1356803120S1K	EST1233822101S1K
ESO1356803120S1K	EST1233822201S1K
ESO1356803120S1K	EST1234702101S1K
ESO1356803120S1K	EST1234704101S1K
ESO1356803120S1K	EST1236807101S1K
ESO1356803120S1K	EST1237103201S1K
ESO1356803120S1K	EST1238002101S1K
ESO1356803120S1K	EST1241101101S1K
ESO1356803120S1K	EST1242101101S1K
ESO1356803120S1K	EST1242103101S1K
ESO1356803120S1K	EST1242207101S1K
ESO1356803120S1K	EST1242209101S1K
ESO1356803120S1K	EST1242704101S1K
ESO1356803120S1K	EST1242801101S1K
ESO1356803120S1K	EST1242802101S1K
ESO1356803120S1K	EST1242804101S1K
ESO1356803120S1K	EST1242805101S1K
ESO1356803120S1K	EST1247101101S1K
ESO1356803120S1K	EST1247106101S1K
ESO1356803120S1K	EST1247109101S1K
ESO1356803120S1K	EST1247203101S1K
ESO1356803120S1K	EST1247206101S1K
ESO1356803120S1K	EST1256811101S1K
ESO1356803120S1K	EST1350502101S1K
ESO1356803120S1K	EST1350510101S1K
ESO1356803120S1K	EST1350804101S1K
ESO1356803120S1K	EST1350807101S1K
ESO1356803120S1K	EST1356604101S1K
ESO1356803120S1K	EST1356611101S1K
ESO1356803120S1K	EST1357103101S1K
ESO1356803120S1K	EST1357107101S1K
ESO1356803120S1K	EST1358301101S1K
ESO1356803120S1K	EST1358301201S1K
ESO1356803120S1K	EST1358302101S1K
ESO1356803120S1K	EST1358602101S1K
ESO1356803120S1K	EST1359005101S1K
ESO1356803120S1K	EST1359006101S1K
ESO1356803120S1K	EST1359007101S1K
ESO1356803120S1K	EST1361001101S1K
ESO1356803120S1K	EST1361002101S1K
ESO1356803120S1K	EST1361007101S1K
ESO1356803120S1K	EST2359005102S1K
ESO1357103120S1K	ESO1357104120S1K
ESO1357103120S1K	ESO1357107120S1K
ESO1357103120S1K	ESO1358301120S1K
ESO1357103120S1K	ESO1358304120S1K
ESO1357103120S1K	ESO1358602120S1K
ESO1357103120S1K	EST1212206101S1K
ESO1357103120S1K	EST1212704101S1K
ESO1357103120S1K	EST1213405101S1K
ESO1357103120S1K	EST1232702101S1K
ESO1357103120S1K	EST1232710101S1K
ESO1357103120S1K	EST1232905101S1K
ESO1357103120S1K	EST1233822101S1K
ESO1357103120S1K	EST1233822201S1K
ESO1357103120S1K	EST1234702101S1K
ESO1357103120S1K	EST1234704101S1K
ESO1357103120S1K	EST1236807101S1K
ESO1357103120S1K	EST1237103201S1K
ESO1357103120S1K	EST1238002101S1K
ESO1357103120S1K	EST1241101101S1K
ESO1357103120S1K	EST1242101101S1K
ESO1357103120S1K	EST1242103101S1K
ESO1357103120S1K	EST1242207101S1K
ESO1357103120S1K	EST1242209101S1K
ESO1357103120S1K	EST1242704101S1K
ESO1357103120S1K	EST1242801101S1K
ESO1357103120S1K	EST1242802101S1K
ESO1357103120S1K	EST1242804101S1K
ESO1357103120S1K	EST1242805101S1K
ESO1357103120S1K	EST1247101101S1K
ESO1357103120S1K	EST1247106101S1K
ESO1357103120S1K	EST1247109101S1K
ESO1357103120S1K	EST1247203101S1K
ESO1357103120S1K	EST1247206101S1K
ESO1357103120S1K	EST1256811101S1K
ESO1357103120S1K	EST1350502101S1K
ESO1357103120S1K	EST1350510101S1K
ESO1357103120S1K	EST1350804101S1K
ESO1357103120S1K	EST1350807101S1K
ESO1357103120S1K	EST1356604101S1K
ESO1357103120S1K	EST1356611101S1K
ESO1357103120S1K	EST1357103101S1K
ESO1357103120S1K	EST1357107101S1K
ESO1357103120S1K	EST1358301101S1K
ESO1357103120S1K	EST1358301201S1K
ESO1357103120S1K	EST1358302101S1K
ESO1357103120S1K	EST1358602101S1K
ESO1357103120S1K	EST1359005101S1K
ESO1357103120S1K	EST1359006101S1K
ESO1357103120S1K	EST1359007101S1K
ESO1357103120S1K	EST1361001101S1K
ESO1357103120S1K	EST1361002101S1K
ESO1357103120S1K	EST1361007101S1K
ESO1357103120S1K	EST2359005102S1K
ESO1357104120S1K	ESO1357107120S1K
ESO1357104120S1K	ESO1358301120S1K
ESO1357104120S1K	ESO1358304120S1K
ESO1357104120S1K	ESO1358602120S1K
ESO1357104120S1K	EST1212206101S1K
ESO1357104120S1K	EST1212704101S1K
ESO1357104120S1K	EST1213405101S1K
ESO1357104120S1K	EST1232702101S1K
ESO1357104120S1K	EST1232710101S1K
ESO1357104120S1K	EST1232905101S1K
ESO1357104120S1K	EST1233822101S1K
ESO1357104120S1K	EST1233822201S1K
ESO1357104120S1K	EST1234702101S1K
ESO1357104120S1K	EST1234704101S1K
ESO1357104120S1K	EST1236807101S1K
ESO1357104120S1K	EST1237103201S1K
ESO1357104120S1K	EST1238002101S1K
ESO1357104120S1K	EST1241101101S1K
ESO1357104120S1K	EST1242101101S1K
ESO1357104120S1K	EST1242103101S1K
ESO1357104120S1K	EST1242207101S1K
ESO1357104120S1K	EST1242209101S1K
ESO1357104120S1K	EST1242704101S1K
ESO1357104120S1K	EST1242801101S1K
ESO1357104120S1K	EST1242802101S1K
ESO1357104120S1K	EST1242804101S1K
ESO1357104120S1K	EST1242805101S1K
ESO1357104120S1K	EST1247101101S1K
ESO1357104120S1K	EST1247106101S1K
ESO1357104120S1K	EST1247109101S1K
ESO1357104120S1K	EST1247203101S1K
ESO1357104120S1K	EST1247206101S1K
ESO1357104120S1K	EST1256811101S1K
ESO1357104120S1K	EST1350502101S1K
ESO1357104120S1K	EST1350510101S1K
ESO1357104120S1K	EST1350804101S1K
ESO1357104120S1K	EST1350807101S1K
ESO1357104120S1K	EST1356604101S1K
ESO1357104120S1K	EST1356611101S1K
ESO1357104120S1K	EST1357103101S1K
ESO1357104120S1K	EST1357107101S1K
ESO1357104120S1K	EST1358301101S1K
ESO1357104120S1K	EST1358301201S1K
ESO1357104120S1K	EST1358302101S1K
ESO1357104120S1K	EST1358602101S1K
ESO1357104120S1K	EST1359005101S1K
ESO1357104120S1K	EST1359006101S1K
ESO1357104120S1K	EST1359007101S1K
ESO1357104120S1K	EST1361001101S1K
ESO1357104120S1K	EST1361002101S1K
ESO1357104120S1K	EST1361007101S1K
ESO1357104120S1K	EST2359005102S1K
ESO1357107120S1K	ESO1358301120S1K
ESO1357107120S1K	ESO1358304120S1K
ESO1357107120S1K	ESO1358602120S1K
ESO1357107120S1K	EST1212206101S1K
ESO1357107120S1K	EST1212704101S1K
ESO1357107120S1K	EST1213405101S1K
ESO1357107120S1K	EST1232702101S1K
ESO1357107120S1K	EST1232710101S1K
ESO1357107120S1K	EST1232905101S1K
ESO1357107120S1K	EST1233822101S1K
ESO1357107120S1K	EST1233822201S1K
ESO1357107120S1K	EST1234702101S1K
ESO1357107120S1K	EST1234704101S1K
ESO1357107120S1K	EST1236807101S1K
ESO1357107120S1K	EST1237103201S1K
ESO1357107120S1K	EST1238002101S1K
ESO1357107120S1K	EST1241101101S1K
ESO1357107120S1K	EST1242101101S1K
ESO1357107120S1K	EST1242103101S1K
ESO1357107120S1K	EST1242207101S1K
ESO1357107120S1K	EST1242209101S1K
ESO1357107120S1K	EST1242704101S1K
ESO1357107120S1K	EST1242801101S1K
ESO1357107120S1K	EST1242802101S1K
ESO1357107120S1K	EST1242804101S1K
ESO1357107120S1K	EST1242805101S1K
ESO1357107120S1K	EST1247101101S1K
ESO1357107120S1K	EST1247106101S1K
ESO1357107120S1K	EST1247109101S1K
ESO1357107120S1K	EST1247203101S1K
ESO1357107120S1K	EST1247206101S1K
ESO1357107120S1K	EST1256811101S1K
ESO1357107120S1K	EST1350502101S1K
ESO1357107120S1K	EST1350510101S1K
ESO1357107120S1K	EST1350804101S1K
ESO1357107120S1K	EST1350807101S1K
ESO1357107120S1K	EST1356604101S1K
ESO1357107120S1K	EST1356611101S1K
ESO1357107120S1K	EST1357103101S1K
ESO1357107120S1K	EST1357107101S1K
ESO1357107120S1K	EST1358301101S1K
ESO1357107120S1K	EST1358301201S1K
ESO1357107120S1K	EST1358302101S1K
ESO1357107120S1K	EST1358602101S1K
ESO1357107120S1K	EST1359005101S1K
ESO1357107120S1K	EST1359006101S1K
ESO1357107120S1K	EST1359007101S1K
ESO1357107120S1K	EST1361001101S1K
ESO1357107120S1K	EST1361002101S1K
ESO1357107120S1K	EST1361007101S1K
ESO1357107120S1K	EST2359005102S1K
ESO1358301120S1K	ESO1358304120S1K
ESO1358301120S1K	ESO1358602120S1K
ESO1358301120S1K	EST1212206101S1K
ESO1358301120S1K	EST1212704101S1K
ESO1358301120S1K	EST1213405101S1K
ESO1358301120S1K	EST1232702101S1K
ESO1358301120S1K	EST1232710101S1K
ESO1358301120S1K	EST1232905101S1K
ESO1358301120S1K	EST1233822101S1K
ESO1358301120S1K	EST1233822201S1K
ESO1358301120S1K	EST1234702101S1K
ESO1358301120S1K	EST1234704101S1K
ESO1358301120S1K	EST1236807101S1K
ESO1358301120S1K	EST1237103201S1K
ESO1358301120S1K	EST1238002101S1K
ESO1358301120S1K	EST1241101101S1K
ESO1358301120S1K	EST1242101101S1K
ESO1358301120S1K	EST1242103101S1K
ESO1358301120S1K	EST1242207101S1K
ESO1358301120S1K	EST1242209101S1K
ESO1358301120S1K	EST1242704101S1K
ESO1358301120S1K	EST1242801101S1K
ESO1358301120S1K	EST1242802101S1K
ESO1358301120S1K	EST1242804101S1K
ESO1358301120S1K	EST1242805101S1K
ESO1358301120S1K	EST1247101101S1K
ESO1358301120S1K	EST1247106101S1K
ESO1358301120S1K	EST1247109101S1K
ESO1358301120S1K	EST1247203101S1K
ESO1358301120S1K	EST1247206101S1K
ESO1358301120S1K	EST1256811101S1K
ESO1358301120S1K	EST1350502101S1K
ESO1358301120S1K	EST1350510101S1K
ESO1358301120S1K	EST1350804101S1K
ESO1358301120S1K	EST1350807101S1K
ESO1358301120S1K	EST1356604101S1K
ESO1358301120S1K	EST1356611101S1K
ESO1358301120S1K	EST1357103101S1K
ESO1358301120S1K	EST1357107101S1K
ESO1358301120S1K	EST1358301101S1K
ESO1358301120S1K	EST1358301201S1K
ESO1358301120S1K	EST1358302101S1K
ESO1358301120S1K	EST1358602101S1K
ESO1358301120S1K	EST1359005101S1K
ESO1358301120S1K	EST1359006101S1K
ESO1358301120S1K	EST1359007101S1K
ESO1358301120S1K	EST1361001101S1K
ESO1358301120S1K	EST1361002101S1K
ESO1358301120S1K	EST1361007101S1K
ESO1358301120S1K	EST2359005102S1K
ESO1358304120S1K	ESO1358602120S1K
ESO1358304120S1K	EST1212206101S1K
ESO1358304120S1K	EST1212704101S1K
ESO1358304120S1K	EST1213405101S1K
ESO1358304120S1K	EST1232702101S1K
ESO1358304120S1K	EST1232710101S1K
ESO1358304120S1K	EST1232905101S1K
ESO1358304120S1K	EST1233822101S1K
ESO1358304120S1K	EST1233822201S1K
ESO1358304120S1K	EST1234702101S1K
ESO1358304120S1K	EST1234704101S1K
ESO1358304120S1K	EST1236807101S1K
ESO1358304120S1K	EST1237103201S1K
ESO1358304120S1K	EST1238002101S1K
ESO1358304120S1K	EST1241101101S1K
ESO1358304120S1K	EST1242101101S1K
ESO1358304120S1K	EST1242103101S1K
ESO1358304120S1K	EST1242207101S1K
ESO1358304120S1K	EST1242209101S1K
ESO1358304120S1K	EST1242704101S1K
ESO1358304120S1K	EST1242801101S1K
ESO1358304120S1K	EST1242802101S1K
ESO1358304120S1K	EST1242804101S1K
ESO1358304120S1K	EST1242805101S1K
ESO1358304120S1K	EST1247101101S1K
ESO1358304120S1K	EST1247106101S1K
ESO1358304120S1K	EST1247109101S1K
ESO1358304120S1K	EST1247203101S1K
ESO1358304120S1K	EST1247206101S1K
ESO1358304120S1K	EST1256811101S1K
ESO1358304120S1K	EST1350502101S1K
ESO1358304120S1K	EST1350510101S1K
ESO1358304120S1K	EST1350804101S1K
ESO1358304120S1K	EST1350807101S1K
ESO1358304120S1K	EST1356604101S1K
ESO1358304120S1K	EST1356611101S1K
ESO1358304120S1K	EST1357103101S1K
ESO1358304120S1K	EST1357107101S1K
ESO1358304120S1K	EST1358301101S1K
ESO1358304120S1K	EST1358301201S1K
ESO1358304120S1K	EST1358302101S1K
ESO1358304120S1K	EST1358602101S1K
ESO1358304120S1K	EST1359005101S1K
ESO1358304120S1K	EST1359006101S1K
ESO1358304120S1K	EST1359007101S1K
ESO1358304120S1K	EST1361001101S1K
ESO1358304120S1K	EST1361002101S1K
ESO1358304120S1K	EST1361007101S1K
ESO1358304120S1K	EST2359005102S1K
ESO1358602120S1K	EST1212206101S1K
ESO1358602120S1K	EST1212704101S1K
ESO1358602120S1K	EST1213405101S1K
ESO1358602120S1K	EST1232702101S1K
ESO1358602120S1K	EST1232710101S1K
ESO1358602120S1K	EST1232905101S1K
ESO1358602120S1K	EST1233822101S1K
ESO1358602120S1K	EST1233822201S1K
ESO1358602120S1K	EST1234702101S1K
ESO1358602120S1K	EST1234704101S1K
ESO1358602120S1K	EST1236807101S1K
ESO1358602120S1K	EST1237103201S1K
ESO1358602120S1K	EST1238002101S1K
ESO1358602120S1K	EST1241101101S1K
ESO1358602120S1K	EST1242101101S1K
ESO1358602120S1K	EST1242103101S1K
ESO1358602120S1K	EST1242207101S1K
ESO1358602120S1K	EST1242209101S1K
ESO1358602120S1K	EST1242704101S1K
ESO1358602120S1K	EST1242801101S1K
ESO1358602120S1K	EST1242802101S1K
ESO1358602120S1K	EST1242804101S1K
ESO1358602120S1K	EST1242805101S1K
ESO1358602120S1K	EST1247101101S1K
ESO1358602120S1K	EST1247106101S1K
ESO1358602120S1K	EST1247109101S1K
ESO1358602120S1K	EST1247203101S1K
ESO1358602120S1K	EST1247206101S1K
ESO1358602120S1K	EST1256811101S1K
ESO1358602120S1K	EST1350502101S1K
ESO1358602120S1K	EST1350510101S1K
ESO1358602120S1K	EST1350804101S1K
ESO1358602120S1K	EST1350807101S1K
ESO1358602120S1K	EST1356604101S1K
ESO1358602120S1K	EST1356611101S1K
ESO1358602120S1K	EST1357103101S1K
ESO1358602120S1K	EST1357107101S1K
ESO1358602120S1K	EST1358301101S1K
ESO1358602120S1K	EST1358301201S1K
ESO1358602120S1K	EST1358302101S1K
ESO1358602120S1K	EST1358602101S1K
ESO1358602120S1K	EST1359005101S1K
ESO1358602120S1K	EST1359006101S1K
ESO1358602120S1K	EST1359007101S1K
ESO1358602120S1K	EST1361001101S1K
ESO1358602120S1K	EST1361002101S1K
ESO1358602120S1K	EST1361007101S1K
ESO1358602120S1K	EST2359005102S1K
EST1212206101S1K	EST1212704101S1K
EST1212206101S1K	EST1213405101S1K
EST1212206101S1K	EST1232702101S1K
EST1212206101S1K	EST1232710101S1K
EST1212206101S1K	EST1232905101S1K
EST1212206101S1K	EST1233822101S1K
EST1212206101S1K	EST1233822201S1K
EST1212206101S1K	EST1234702101S1K
EST1212206101S1K	EST1234704101S1K
EST1212206101S1K	EST1236807101S1K
EST1212206101S1K	EST1237103201S1K
EST1212206101S1K	EST1238002101S1K
EST1212206101S1K	EST1241101101S1K
EST1212206101S1K	EST1242101101S1K
EST1212206101S1K	EST1242103101S1K
EST1212206101S1K	EST1242207101S1K
EST1212206101S1K	EST1242209101S1K
EST1212206101S1K	EST1242704101S1K
EST1212206101S1K	EST1242801101S1K
EST1212206101S1K	EST1242802101S1K
EST1212206101S1K	EST1242804101S1K
EST1212206101S1K	EST1242805101S1K
EST1212206101S1K	EST1247101101S1K
EST1212206101S1K	EST1247106101S1K
EST1212206101S1K	EST1247109101S1K
EST1212206101S1K	EST1247203101S1K
EST1212206101S1K	EST1247206101S1K
EST1212206101S1K	EST1256811101S1K
EST1212206101S1K	EST1350502101S1K
EST1212206101S1K	EST1350510101S1K
EST1212206101S1K	EST1350804101S1K
EST1212206101S1K	EST1350807101S1K
EST1212206101S1K	EST1356604101S1K
EST1212206101S1K	EST1356611101S1K
EST1212206101S1K	EST1357103101S1K
EST1212206101S1K	EST1357107101S1K
EST1212206101S1K	EST1358301101S1K
EST1212206101S1K	EST1358301201S1K
EST1212206101S1K	EST1358302101S1K
EST1212206101S1K	EST1358602101S1K
EST1212206101S1K	EST1359005101S1K
EST1212206101S1K	EST1359006101S1K
EST1212206101S1K	EST1359007101S1K
EST1212206101S1K	EST1361001101S1K
EST1212206101S1K	EST1361002101S1K
EST1212206101S1K	EST1361007101S1K
EST1212206101S1K	EST2359005102S1K
EST1212704101S1K	EST1213405101S1K
EST1212704101S1K	EST1232702101S1K
EST1212704101S1K	EST1232710101S1K
EST1212704101S1K	EST1232905101S1K
EST1212704101S1K	EST1233822101S1K
EST1212704101S1K	EST1233822201S1K
EST1212704101S1K	EST1234702101S1K
EST1212704101S1K	EST1234704101S1K
EST1212704101S1K	EST1236807101S1K
EST1212704101S1K	EST1237103201S1K
EST1212704101S1K	EST1238002101S1K
EST1212704101S1K	EST1241101101S1K
EST1212704101S1K	EST1242101101S1K
EST1212704101S1K	EST1242103101S1K
EST1212704101S1K	EST1242207101S1K
EST1212704101S1K	EST1242209101S1K
EST1212704101S1K	EST1242704101S1K
EST1212704101S1K	EST1242801101S1K
EST1212704101S1K	EST1242802101S1K
EST1212704101S1K	EST1242804101S1K
EST1212704101S1K	EST1242805101S1K
EST1212704101S1K	EST1247101101S1K
EST1212704101S1K	EST1247106101S1K
EST1212704101S1K	EST1247109101S1K
EST1212704101S1K	EST1247203101S1K
EST1212704101S1K	EST1247206101S1K
EST1212704101S1K	EST1256811101S1K
EST1212704101S1K	EST1350502101S1K
EST1212704101S1K	EST1350510101S1K
EST1212704101S1K	EST1350804101S1K
EST1212704101S1K	EST1350807101S1K
EST1212704101S1K	EST1356604101S1K
EST1212704101S1K	EST1356611101S1K
EST1212704101S1K	EST1357103101S1K
EST1212704101S1K	EST1357107101S1K
EST1212704101S1K	EST1358301101S1K
EST1212704101S1K	EST1358301201S1K
EST1212704101S1K	EST1358302101S1K
EST1212704101S1K	EST1358602101S1K
EST1212704101S1K	EST1359005101S1K
EST1212704101S1K	EST1359006101S1K
EST1212704101S1K	EST1359007101S1K
EST1212704101S1K	EST1361001101S1K
EST1212704101S1K	EST1361002101S1K
EST1212704101S1K	EST1361007101S1K
EST1212704101S1K	EST2359005102S1K
EST1213405101S1K	EST1232702101S1K
EST1213405101S1K	EST1232710101S1K
EST1213405101S1K	EST1232905101S1K
EST1213405101S1K	EST1233822101S1K
EST1213405101S1K	EST1233822201S1K
EST1213405101S1K	EST1234702101S1K
EST1213405101S1K	EST1234704101S1K
EST1213405101S1K	EST1236807101S1K
EST1213405101S1K	EST1237103201S1K
EST1213405101S1K	EST1238002101S1K
EST1213405101S1K	EST1241101101S1K
EST1213405101S1K	EST1242101101S1K
EST1213405101S1K	EST1242103101S1K
EST1213405101S1K	EST1242207101S1K
EST1213405101S1K	EST1242209101S1K
EST1213405101S1K	EST1242704101S1K
EST1213405101S1K	EST1242801101S1K
EST1213405101S1K	EST1242802101S1K
EST1213405101S1K	EST1242804101S1K
EST1213405101S1K	EST1242805101S1K
EST1213405101S1K	EST1247101101S1K
EST1213405101S1K	EST1247106101S1K
EST1213405101S1K	EST1247109101S1K
EST1213405101S1K	EST1247203101S1K
EST1213405101S1K	EST1247206101S1K
EST1213405101S1K	EST1256811101S1K
EST1213405101S1K	EST1350502101S1K
EST1213405101S1K	EST1350510101S1K
EST1213405101S1K	EST1350804101S1K
EST1213405101S1K	EST1350807101S1K
EST1213405101S1K	EST1356604101S1K
EST1213405101S1K	EST1356611101S1K
EST1213405101S1K	EST1357103101S1K
EST1213405101S1K	EST1357107101S1K
EST1213405101S1K	EST1358301101S1K
EST1213405101S1K	EST1358301201S1K
EST1213405101S1K	EST1358302101S1K
EST1213405101S1K	EST1358602101S1K
EST1213405101S1K	EST1359005101S1K
EST1213405101S1K	EST1359006101S1K
EST1213405101S1K	EST1359007101S1K
EST1213405101S1K	EST1361001101S1K
EST1213405101S1K	EST1361002101S1K
EST1213405101S1K	EST1361007101S1K
EST1213405101S1K	EST2359005102S1K
EST1232702101S1K	EST1232710101S1K
EST1232702101S1K	EST1232905101S1K
EST1232702101S1K	EST1233822101S1K
EST1232702101S1K	EST1233822201S1K
EST1232702101S1K	EST1234702101S1K
EST1232702101S1K	EST1234704101S1K
EST1232702101S1K	EST1236807101S1K
EST1232702101S1K	EST1237103201S1K
EST1232702101S1K	EST1238002101S1K
EST1232702101S1K	EST1241101101S1K
EST1232702101S1K	EST1242101101S1K
EST1232702101S1K	EST1242103101S1K
EST1232702101S1K	EST1242207101S1K
EST1232702101S1K	EST1242209101S1K
EST1232702101S1K	EST1242704101S1K
EST1232702101S1K	EST1242801101S1K
EST1232702101S1K	EST1242802101S1K
EST1232702101S1K	EST1242804101S1K
EST1232702101S1K	EST1242805101S1K
EST1232702101S1K	EST1247101101S1K
EST1232702101S1K	EST1247106101S1K
EST1232702101S1K	EST1247109101S1K
EST1232702101S1K	EST1247203101S1K
EST1232702101S1K	EST1247206101S1K
EST1232702101S1K	EST1256811101S1K
EST1232702101S1K	EST1350502101S1K
EST1232702101S1K	EST1350510101S1K
EST1232702101S1K	EST1350804101S1K
EST1232702101S1K	EST1350807101S1K
EST1232702101S1K	EST1356604101S1K
EST1232702101S1K	EST1356611101S1K
EST1232702101S1K	EST1357103101S1K
EST1232702101S1K	EST1357107101S1K
EST1232702101S1K	EST1358301101S1K
EST1232702101S1K	EST1358301201S1K
EST1232702101S1K	EST1358302101S1K
EST1232702101S1K	EST1358602101S1K
EST1232702101S1K	EST1359005101S1K
EST1232702101S1K	EST1359006101S1K
EST1232702101S1K	EST1359007101S1K
EST1232702101S1K	EST1361001101S1K
EST1232702101S1K	EST1361002101S1K
EST1232702101S1K	EST1361007101S1K
EST1232702101S1K	EST2359005102S1K
EST1232710101S1K	EST1232905101S1K
EST1232710101S1K	EST1233822101S1K
EST1232710101S1K	EST1233822201S1K
EST1232710101S1K	EST1234702101S1K
EST1232710101S1K	EST1234704101S1K
EST1232710101S1K	EST1236807101S1K
EST1232710101S1K	EST1237103201S1K
EST1232710101S1K	EST1238002101S1K
EST1232710101S1K	EST1241101101S1K
EST1232710101S1K	EST1242101101S1K
EST1232710101S1K	EST1242103101S1K
EST1232710101S1K	EST1242207101S1K
EST1232710101S1K	EST1242209101S1K
EST1232710101S1K	EST1242704101S1K
EST1232710101S1K	EST1242801101S1K
EST1232710101S1K	EST1242802101S1K
EST1232710101S1K	EST1242804101S1K
EST1232710101S1K	EST1242805101S1K
EST1232710101S1K	EST1247101101S1K
EST1232710101S1K	EST1247106101S1K
EST1232710101S1K	EST1247109101S1K
EST1232710101S1K	EST1247203101S1K
EST1232710101S1K	EST1247206101S1K
EST1232710101S1K	EST1256811101S1K
EST1232710101S1K	EST1350502101S1K
EST1232710101S1K	EST1350510101S1K
EST1232710101S1K	EST1350804101S1K
EST1232710101S1K	EST1350807101S1K
EST1232710101S1K	EST1356604101S1K
EST1232710101S1K	EST1356611101S1K
EST1232710101S1K	EST1357103101S1K
EST1232710101S1K	EST1357107101S1K
EST1232710101S1K	EST1358301101S1K
EST1232710101S1K	EST1358301201S1K
EST1232710101S1K	EST1358302101S1K
EST1232710101S1K	EST1358602101S1K
EST1232710101S1K	EST1359005101S1K
EST1232710101S1K	EST1359006101S1K
EST1232710101S1K	EST1359007101S1K
EST1232710101S1K	EST1361001101S1K
EST1232710101S1K	EST1361002101S1K
EST1232710101S1K	EST1361007101S1K
EST1232710101S1K	EST2359005102S1K
EST1232905101S1K	EST1233822101S1K
EST1232905101S1K	EST1233822201S1K
EST1232905101S1K	EST1234702101S1K
EST1232905101S1K	EST1234704101S1K
EST1232905101S1K	EST1236807101S1K
EST1232905101S1K	EST1237103201S1K
EST1232905101S1K	EST1238002101S1K
EST1232905101S1K	EST1241101101S1K
EST1232905101S1K	EST1242101101S1K
EST1232905101S1K	EST1242103101S1K
EST1232905101S1K	EST1242207101S1K
EST1232905101S1K	EST1242209101S1K
EST1232905101S1K	EST1242704101S1K
EST1232905101S1K	EST1242801101S1K
EST1232905101S1K	EST1242802101S1K
EST1232905101S1K	EST1242804101S1K
EST1232905101S1K	EST1242805101S1K
EST1232905101S1K	EST1247101101S1K
EST1232905101S1K	EST1247106101S1K
EST1232905101S1K	EST1247109101S1K
EST1232905101S1K	EST1247203101S1K
EST1232905101S1K	EST1247206101S1K
EST1232905101S1K	EST1256811101S1K
EST1232905101S1K	EST1350502101S1K
EST1232905101S1K	EST1350510101S1K
EST1232905101S1K	EST1350804101S1K
EST1232905101S1K	EST1350807101S1K
EST1232905101S1K	EST1356604101S1K
EST1232905101S1K	EST1356611101S1K
EST1232905101S1K	EST1357103101S1K
EST1232905101S1K	EST1357107101S1K
EST1232905101S1K	EST1358301101S1K
EST1232905101S1K	EST1358301201S1K
EST1232905101S1K	EST1358302101S1K
EST1232905101S1K	EST1358602101S1K
EST1232905101S1K	EST1359005101S1K
EST1232905101S1K	EST1359006101S1K
EST1232905101S1K	EST1359007101S1K
EST1232905101S1K	EST1361001101S1K
EST1232905101S1K	EST1361002101S1K
EST1232905101S1K	EST1361007101S1K
EST1232905101S1K	EST2359005102S1K
EST1233822101S1K	EST1233822201S1K
EST1233822101S1K	EST1234702101S1K
EST1233822101S1K	EST1234704101S1K
EST1233822101S1K	EST1236807101S1K
EST1233822101S1K	EST1237103201S1K
EST1233822101S1K	EST1238002101S1K
EST1233822101S1K	EST1241101101S1K
EST1233822101S1K	EST1242101101S1K
EST1233822101S1K	EST1242103101S1K
EST1233822101S1K	EST1242207101S1K
EST1233822101S1K	EST1242209101S1K
EST1233822101S1K	EST1242704101S1K
EST1233822101S1K	EST1242801101S1K
EST1233822101S1K	EST1242802101S1K
EST1233822101S1K	EST1242804101S1K
EST1233822101S1K	EST1242805101S1K
EST1233822101S1K	EST1247101101S1K
EST1233822101S1K	EST1247106101S1K
EST1233822101S1K	EST1247109101S1K
EST1233822101S1K	EST1247203101S1K
EST1233822101S1K	EST1247206101S1K
EST1233822101S1K	EST1256811101S1K
EST1233822101S1K	EST1350502101S1K
EST1233822101S1K	EST1350510101S1K
EST1233822101S1K	EST1350804101S1K
EST1233822101S1K	EST1350807101S1K
EST1233822101S1K	EST1356604101S1K
EST1233822101S1K	EST1356611101S1K
EST1233822101S1K	EST1357103101S1K
EST1233822101S1K	EST1357107101S1K
EST1233822101S1K	EST1358301101S1K
EST1233822101S1K	EST1358301201S1K
EST1233822101S1K	EST1358302101S1K
EST1233822101S1K	EST1358602101S1K
EST1233822101S1K	EST1359005101S1K
EST1233822101S1K	EST1359006101S1K
EST1233822101S1K	EST1359007101S1K
EST1233822101S1K	EST1361001101S1K
EST1233822101S1K	EST1361002101S1K
EST1233822101S1K	EST1361007101S1K
EST1233822101S1K	EST2359005102S1K
EST1233822201S1K	EST1234702101S1K
EST1233822201S1K	EST1234704101S1K
EST1233822201S1K	EST1236807101S1K
EST1233822201S1K	EST1237103201S1K
EST1233822201S1K	EST1238002101S1K
EST1233822201S1K	EST1241101101S1K
EST1233822201S1K	EST1242101101S1K
EST1233822201S1K	EST1242103101S1K
EST1233822201S1K	EST1242207101S1K
EST1233822201S1K	EST1242209101S1K
EST1233822201S1K	EST1242704101S1K
EST1233822201S1K	EST1242801101S1K
EST1233822201S1K	EST1242802101S1K
EST1233822201S1K	EST1242804101S1K
EST1233822201S1K	EST1242805101S1K
EST1233822201S1K	EST1247101101S1K
EST1233822201S1K	EST1247106101S1K
EST1233822201S1K	EST1247109101S1K
EST1233822201S1K	EST1247203101S1K
EST1233822201S1K	EST1247206101S1K
EST1233822201S1K	EST1256811101S1K
EST1233822201S1K	EST1350502101S1K
EST1233822201S1K	EST1350510101S1K
EST1233822201S1K	EST1350804101S1K
EST1233822201S1K	EST1350807101S1K
EST1233822201S1K	EST1356604101S1K
EST1233822201S1K	EST1356611101S1K
EST1233822201S1K	EST1357103101S1K
EST1233822201S1K	EST1357107101S1K
EST1233822201S1K	EST1358301101S1K
EST1233822201S1K	EST1358301201S1K
EST1233822201S1K	EST1358302101S1K
EST1233822201S1K	EST1358602101S1K
EST1233822201S1K	EST1359005101S1K
EST1233822201S1K	EST1359006101S1K
EST1233822201S1K	EST1359007101S1K
EST1233822201S1K	EST1361001101S1K
EST1233822201S1K	EST1361002101S1K
EST1233822201S1K	EST1361007101S1K
EST1233822201S1K	EST2359005102S1K
EST1234702101S1K	EST1234704101S1K
EST1234702101S1K	EST1236807101S1K
EST1234702101S1K	EST1237103201S1K
EST1234702101S1K	EST1238002101S1K
EST1234702101S1K	EST1241101101S1K
EST1234702101S1K	EST1242101101S1K
EST1234702101S1K	EST1242103101S1K
EST1234702101S1K	EST1242207101S1K
EST1234702101S1K	EST1242209101S1K
EST1234702101S1K	EST1242704101S1K
EST1234702101S1K	EST1242801101S1K
EST1234702101S1K	EST1242802101S1K
EST1234702101S1K	EST1242804101S1K
EST1234702101S1K	EST1242805101S1K
EST1234702101S1K	EST1247101101S1K
EST1234702101S1K	EST1247106101S1K
EST1234702101S1K	EST1247109101S1K
EST1234702101S1K	EST1247203101S1K
EST1234702101S1K	EST1247206101S1K
EST1234702101S1K	EST1256811101S1K
EST1234702101S1K	EST1350502101S1K
EST1234702101S1K	EST1350510101S1K
EST1234702101S1K	EST1350804101S1K
EST1234702101S1K	EST1350807101S1K
EST1234702101S1K	EST1356604101S1K
EST1234702101S1K	EST1356611101S1K
EST1234702101S1K	EST1357103101S1K
EST1234702101S1K	EST1357107101S1K
EST1234702101S1K	EST1358301101S1K
EST1234702101S1K	EST1358301201S1K
EST1234702101S1K	EST1358302101S1K
EST1234702101S1K	EST1358602101S1K
EST1234702101S1K	EST1359005101S1K
EST1234702101S1K	EST1359006101S1K
EST1234702101S1K	EST1359007101S1K
EST1234702101S1K	EST1361001101S1K
EST1234702101S1K	EST1361002101S1K
EST1234702101S1K	EST1361007101S1K
EST1234702101S1K	EST2359005102S1K
EST1234704101S1K	EST1236807101S1K
EST1234704101S1K	EST1237103201S1K
EST1234704101S1K	EST1238002101S1K
EST1234704101S1K	EST1241101101S1K
EST1234704101S1K	EST1242101101S1K
EST1234704101S1K	EST1242103101S1K
EST1234704101S1K	EST1242207101S1K
EST1234704101S1K	EST1242209101S1K
EST1234704101S1K	EST1242704101S1K
EST1234704101S1K	EST1242801101S1K
EST1234704101S1K	EST1242802101S1K
EST1234704101S1K	EST1242804101S1K
EST1234704101S1K	EST1242805101S1K
EST1234704101S1K	EST1247101101S1K
EST1234704101S1K	EST1247106101S1K
EST1234704101S1K	EST1247109101S1K
EST1234704101S1K	EST1247203101S1K
EST1234704101S1K	EST1247206101S1K
EST1234704101S1K	EST1256811101S1K
EST1234704101S1K	EST1350502101S1K
EST1234704101S1K	EST1350510101S1K
EST1234704101S1K	EST1350804101S1K
EST1234704101S1K	EST1350807101S1K
EST1234704101S1K	EST1356604101S1K
EST1234704101S1K	EST1356611101S1K
EST1234704101S1K	EST1357103101S1K
EST1234704101S1K	EST1357107101S1K
EST1234704101S1K	EST1358301101S1K
EST1234704101S1K	EST1358301201S1K
EST1234704101S1K	EST1358302101S1K
EST1234704101S1K	EST1358602101S1K
EST1234704101S1K	EST1359005101S1K
EST1234704101S1K	EST1359006101S1K
EST1234704101S1K	EST1359007101S1K
EST1234704101S1K	EST1361001101S1K
EST1234704101S1K	EST1361002101S1K
EST1234704101S1K	EST1361007101S1K
EST1234704101S1K	EST2359005102S1K
EST1236807101S1K	EST1237103201S1K
EST1236807101S1K	EST1238002101S1K
EST1236807101S1K	EST1241101101S1K
EST1236807101S1K	EST1242101101S1K
EST1236807101S1K	EST1242103101S1K
EST1236807101S1K	EST1242207101S1K
EST1236807101S1K	EST1242209101S1K
EST1236807101S1K	EST1242704101S1K
EST1236807101S1K	EST1242801101S1K
EST1236807101S1K	EST1242802101S1K
EST1236807101S1K	EST1242804101S1K
EST1236807101S1K	EST1242805101S1K
EST1236807101S1K	EST1247101101S1K
EST1236807101S1K	EST1247106101S1K
EST1236807101S1K	EST1247109101S1K
EST1236807101S1K	EST1247203101S1K
EST1236807101S1K	EST1247206101S1K
EST1236807101S1K	EST1256811101S1K
EST1236807101S1K	EST1350502101S1K
EST1236807101S1K	EST1350510101S1K
EST1236807101S1K	EST1350804101S1K
EST1236807101S1K	EST1350807101S1K
EST1236807101S1K	EST1356604101S1K
EST1236807101S1K	EST1356611101S1K
EST1236807101S1K	EST1357103101S1K
EST1236807101S1K	EST1357107101S1K
EST1236807101S1K	EST1358301101S1K
EST1236807101S1K	EST1358301201S1K
EST1236807101S1K	EST1358302101S1K
EST1236807101S1K	EST1358602101S1K
EST1236807101S1K	EST1359005101S1K
EST1236807101S1K	EST1359006101S1K
EST1236807101S1K	EST1359007101S1K
EST1236807101S1K	EST1361001101S1K
EST1236807101S1K	EST1361002101S1K
EST1236807101S1K	EST1361007101S1K
EST1236807101S1K	EST2359005102S1K
EST1237103201S1K	EST1238002101S1K
EST1237103201S1K	EST1241101101S1K
EST1237103201S1K	EST1242101101S1K
EST1237103201S1K	EST1242103101S1K
EST1237103201S1K	EST1242207101S1K
EST1237103201S1K	EST1242209101S1K
EST1237103201S1K	EST1242704101S1K
EST1237103201S1K	EST1242801101S1K
EST1237103201S1K	EST1242802101S1K
EST1237103201S1K	EST1242804101S1K
EST1237103201S1K	EST1242805101S1K
EST1237103201S1K	EST1247101101S1K
EST1237103201S1K	EST1247106101S1K
EST1237103201S1K	EST1247109101S1K
EST1237103201S1K	EST1247203101S1K
EST1237103201S1K	EST1247206101S1K
EST1237103201S1K	EST1256811101S1K
EST1237103201S1K	EST1350502101S1K
EST1237103201S1K	EST1350510101S1K
EST1237103201S1K	EST1350804101S1K
EST1237103201S1K	EST1350807101S1K
EST1237103201S1K	EST1356604101S1K
EST1237103201S1K	EST1356611101S1K
EST1237103201S1K	EST1357103101S1K
EST1237103201S1K	EST1357107101S1K
EST1237103201S1K	EST1358301101S1K
EST1237103201S1K	EST1358301201S1K
EST1237103201S1K	EST1358302101S1K
EST1237103201S1K	EST1358602101S1K
EST1237103201S1K	EST1359005101S1K
EST1237103201S1K	EST1359006101S1K
EST1237103201S1K	EST1359007101S1K
EST1237103201S1K	EST1361001101S1K
EST1237103201S1K	EST1361002101S1K
EST1237103201S1K	EST1361007101S1K
EST1237103201S1K	EST2359005102S1K
EST1238002101S1K	EST1241101101S1K
EST1238002101S1K	EST1242101101S1K
EST1238002101S1K	EST1242103101S1K
EST1238002101S1K	EST1242207101S1K
EST1238002101S1K	EST1242209101S1K
EST1238002101S1K	EST1242704101S1K
EST1238002101S1K	EST1242801101S1K
EST1238002101S1K	EST1242802101S1K
EST1238002101S1K	EST1242804101S1K
EST1238002101S1K	EST1242805101S1K
EST1238002101S1K	EST1247101101S1K
EST1238002101S1K	EST1247106101S1K
EST1238002101S1K	EST1247109101S1K
EST1238002101S1K	EST1247203101S1K
EST1238002101S1K	EST1247206101S1K
EST1238002101S1K	EST1256811101S1K
EST1238002101S1K	EST1350502101S1K
EST1238002101S1K	EST1350510101S1K
EST1238002101S1K	EST1350804101S1K
EST1238002101S1K	EST1350807101S1K
EST1238002101S1K	EST1356604101S1K
EST1238002101S1K	EST1356611101S1K
EST1238002101S1K	EST1357103101S1K
EST1238002101S1K	EST1357107101S1K
EST1238002101S1K	EST1358301101S1K
EST1238002101S1K	EST1358301201S1K
EST1238002101S1K	EST1358302101S1K
EST1238002101S1K	EST1358602101S1K
EST1238002101S1K	EST1359005101S1K
EST1238002101S1K	EST1359006101S1K
EST1238002101S1K	EST1359007101S1K
EST1238002101S1K	EST1361001101S1K
EST1238002101S1K	EST1361002101S1K
EST1238002101S1K	EST1361007101S1K
EST1238002101S1K	EST2359005102S1K
EST1241101101S1K	EST1242101101S1K
EST1241101101S1K	EST1242103101S1K
EST1241101101S1K	EST1242207101S1K
EST1241101101S1K	EST1242209101S1K
EST1241101101S1K	EST1242704101S1K
EST1241101101S1K	EST1242801101S1K
EST1241101101S1K	EST1242802101S1K
EST1241101101S1K	EST1242804101S1K
EST1241101101S1K	EST1242805101S1K
EST1241101101S1K	EST1247101101S1K
EST1241101101S1K	EST1247106101S1K
EST1241101101S1K	EST1247109101S1K
EST1241101101S1K	EST1247203101S1K
EST1241101101S1K	EST1247206101S1K
EST1241101101S1K	EST1256811101S1K
EST1241101101S1K	EST1350502101S1K
EST1241101101S1K	EST1350510101S1K
EST1241101101S1K	EST1350804101S1K
EST1241101101S1K	EST1350807101S1K
EST1241101101S1K	EST1356604101S1K
EST1241101101S1K	EST1356611101S1K
EST1241101101S1K	EST1357103101S1K
EST1241101101S1K	EST1357107101S1K
EST1241101101S1K	EST1358301101S1K
EST1241101101S1K	EST1358301201S1K
EST1241101101S1K	EST1358302101S1K
EST1241101101S1K	EST1358602101S1K
EST1241101101S1K	EST1359005101S1K
EST1241101101S1K	EST1359006101S1K
EST1241101101S1K	EST1359007101S1K
EST1241101101S1K	EST1361001101S1K
EST1241101101S1K	EST1361002101S1K
EST1241101101S1K	EST1361007101S1K
EST1241101101S1K	EST2359005102S1K
EST1242101101S1K	EST1242103101S1K
EST1242101101S1K	EST1242207101S1K
EST1242101101S1K	EST1242209101S1K
EST1242101101S1K	EST1242704101S1K
EST1242101101S1K	EST1242801101S1K
EST1242101101S1K	EST1242802101S1K
EST1242101101S1K	EST1242804101S1K
EST1242101101S1K	EST1242805101S1K
EST1242101101S1K	EST1247101101S1K
EST1242101101S1K	EST1247106101S1K
EST1242101101S1K	EST1247109101S1K
EST1242101101S1K	EST1247203101S1K
EST1242101101S1K	EST1247206101S1K
EST1242101101S1K	EST1256811101S1K
EST1242101101S1K	EST1350502101S1K
EST1242101101S1K	EST1350510101S1K
EST1242101101S1K	EST1350804101S1K
EST1242101101S1K	EST1350807101S1K
EST1242101101S1K	EST1356604101S1K
EST1242101101S1K	EST1356611101S1K
EST1242101101S1K	EST1357103101S1K
EST1242101101S1K	EST1357107101S1K
EST1242101101S1K	EST1358301101S1K
EST1242101101S1K	EST1358301201S1K
EST1242101101S1K	EST1358302101S1K
EST1242101101S1K	EST1358602101S1K
EST1242101101S1K	EST1359005101S1K
EST1242101101S1K	EST1359006101S1K
EST1242101101S1K	EST1359007101S1K
EST1242101101S1K	EST1361001101S1K
EST1242101101S1K	EST1361002101S1K
EST1242101101S1K	EST1361007101S1K
EST1242101101S1K	EST2359005102S1K
EST1242103101S1K	EST1242207101S1K
EST1242103101S1K	EST1242209101S1K
EST1242103101S1K	EST1242704101S1K
EST1242103101S1K	EST1242801101S1K
EST1242103101S1K	EST1242802101S1K
EST1242103101S1K	EST1242804101S1K
EST1242103101S1K	EST1242805101S1K
EST1242103101S1K	EST1247101101S1K
EST1242103101S1K	EST1247106101S1K
EST1242103101S1K	EST1247109101S1K
EST1242103101S1K	EST1247203101S1K
EST1242103101S1K	EST1247206101S1K
EST1242103101S1K	EST1256811101S1K
EST1242103101S1K	EST1350502101S1K
EST1242103101S1K	EST1350510101S1K
EST1242103101S1K	EST1350804101S1K
EST1242103101S1K	EST1350807101S1K
EST1242103101S1K	EST1356604101S1K
EST1242103101S1K	EST1356611101S1K
EST1242103101S1K	EST1357103101S1K
EST1242103101S1K	EST1357107101S1K
EST1242103101S1K	EST1358301101S1K
EST1242103101S1K	EST1358301201S1K
EST1242103101S1K	EST1358302101S1K
EST1242103101S1K	EST1358602101S1K
EST1242103101S1K	EST1359005101S1K
EST1242103101S1K	EST1359006101S1K
EST1242103101S1K	EST1359007101S1K
EST1242103101S1K	EST1361001101S1K
EST1242103101S1K	EST1361002101S1K
EST1242103101S1K	EST1361007101S1K
EST1242103101S1K	EST2359005102S1K
EST1242207101S1K	EST1242209101S1K
EST1242207101S1K	EST1242704101S1K
EST1242207101S1K	EST1242801101S1K
EST1242207101S1K	EST1242802101S1K
EST1242207101S1K	EST1242804101S1K
EST1242207101S1K	EST1242805101S1K
EST1242207101S1K	EST1247101101S1K
EST1242207101S1K	EST1247106101S1K
EST1242207101S1K	EST1247109101S1K
EST1242207101S1K	EST1247203101S1K
EST1242207101S1K	EST1247206101S1K
EST1242207101S1K	EST1256811101S1K
EST1242207101S1K	EST1350502101S1K
EST1242207101S1K	EST1350510101S1K
EST1242207101S1K	EST1350804101S1K
EST1242207101S1K	EST1350807101S1K
EST1242207101S1K	EST1356604101S1K
EST1242207101S1K	EST1356611101S1K
EST1242207101S1K	EST1357103101S1K
EST1242207101S1K	EST1357107101S1K
EST1242207101S1K	EST1358301101S1K
EST1242207101S1K	EST1358301201S1K
EST1242207101S1K	EST1358302101S1K
EST1242207101S1K	EST1358602101S1K
EST1242207101S1K	EST1359005101S1K
EST1242207101S1K	EST1359006101S1K
EST1242207101S1K	EST1359007101S1K
EST1242207101S1K	EST1361001101S1K
EST1242207101S1K	EST1361002101S1K
EST1242207101S1K	EST1361007101S1K
EST1242207101S1K	EST2359005102S1K
EST1242209101S1K	EST1242704101S1K
EST1242209101S1K	EST1242801101S1K
EST1242209101S1K	EST1242802101S1K
EST1242209101S1K	EST1242804101S1K
EST1242209101S1K	EST1242805101S1K
EST1242209101S1K	EST1247101101S1K
EST1242209101S1K	EST1247106101S1K
EST1242209101S1K	EST1247109101S1K
EST1242209101S1K	EST1247203101S1K
EST1242209101S1K	EST1247206101S1K
EST1242209101S1K	EST1256811101S1K
EST1242209101S1K	EST1350502101S1K
EST1242209101S1K	EST1350510101S1K
EST1242209101S1K	EST1350804101S1K
EST1242209101S1K	EST1350807101S1K
EST1242209101S1K	EST1356604101S1K
EST1242209101S1K	EST1356611101S1K
EST1242209101S1K	EST1357103101S1K
EST1242209101S1K	EST1357107101S1K
EST1242209101S1K	EST1358301101S1K
EST1242209101S1K	EST1358301201S1K
EST1242209101S1K	EST1358302101S1K
EST1242209101S1K	EST1358602101S1K
EST1242209101S1K	EST1359005101S1K
EST1242209101S1K	EST1359006101S1K
EST1242209101S1K	EST1359007101S1K
EST1242209101S1K	EST1361001101S1K
EST1242209101S1K	EST1361002101S1K
EST1242209101S1K	EST1361007101S1K
EST1242209101S1K	EST2359005102S1K
EST1242704101S1K	EST1242801101S1K
EST1242704101S1K	EST1242802101S1K
EST1242704101S1K	EST1242804101S1K
EST1242704101S1K	EST1242805101S1K
EST1242704101S1K	EST1247101101S1K
EST1242704101S1K	EST1247106101S1K
EST1242704101S1K	EST1247109101S1K
EST1242704101S1K	EST1247203101S1K
EST1242704101S1K	EST1247206101S1K
EST1242704101S1K	EST1256811101S1K
EST1242704101S1K	EST1350502101S1K
EST1242704101S1K	EST1350510101S1K
EST1242704101S1K	EST1350804101S1K
EST1242704101S1K	EST1350807101S1K
EST1242704101S1K	EST1356604101S1K
EST1242704101S1K	EST1356611101S1K
EST1242704101S1K	EST1357103101S1K
EST1242704101S1K	EST1357107101S1K
EST1242704101S1K	EST1358301101S1K
EST1242704101S1K	EST1358301201S1K
EST1242704101S1K	EST1358302101S1K
EST1242704101S1K	EST1358602101S1K
EST1242704101S1K	EST1359005101S1K
EST1242704101S1K	EST1359006101S1K
EST1242704101S1K	EST1359007101S1K
EST1242704101S1K	EST1361001101S1K
EST1242704101S1K	EST1361002101S1K
EST1242704101S1K	EST1361007101S1K
EST1242704101S1K	EST2359005102S1K
EST1242801101S1K	EST1242802101S1K
EST1242801101S1K	EST1242804101S1K
EST1242801101S1K	EST1242805101S1K
EST1242801101S1K	EST1247101101S1K
EST1242801101S1K	EST1247106101S1K
EST1242801101S1K	EST1247109101S1K
EST1242801101S1K	EST1247203101S1K
EST1242801101S1K	EST1247206101S1K
EST1242801101S1K	EST1256811101S1K
EST1242801101S1K	EST1350502101S1K
EST1242801101S1K	EST1350510101S1K
EST1242801101S1K	EST1350804101S1K
EST1242801101S1K	EST1350807101S1K
EST1242801101S1K	EST1356604101S1K
EST1242801101S1K	EST1356611101S1K
EST1242801101S1K	EST1357103101S1K
EST1242801101S1K	EST1357107101S1K
EST1242801101S1K	EST1358301101S1K
EST1242801101S1K	EST1358301201S1K
EST1242801101S1K	EST1358302101S1K
EST1242801101S1K	EST1358602101S1K
EST1242801101S1K	EST1359005101S1K
EST1242801101S1K	EST1359006101S1K
EST1242801101S1K	EST1359007101S1K
EST1242801101S1K	EST1361001101S1K
EST1242801101S1K	EST1361002101S1K
EST1242801101S1K	EST1361007101S1K
EST1242801101S1K	EST2359005102S1K
EST1242802101S1K	EST1242804101S1K
EST1242802101S1K	EST1242805101S1K
EST1242802101S1K	EST1247101101S1K
EST1242802101S1K	EST1247106101S1K
EST1242802101S1K	EST1247109101S1K
EST1242802101S1K	EST1247203101S1K
EST1242802101S1K	EST1247206101S1K
EST1242802101S1K	EST1256811101S1K
EST1242802101S1K	EST1350502101S1K
EST1242802101S1K	EST1350510101S1K
EST1242802101S1K	EST1350804101S1K
EST1242802101S1K	EST1350807101S1K
EST1242802101S1K	EST1356604101S1K
EST1242802101S1K	EST1356611101S1K
EST1242802101S1K	EST1357103101S1K
EST1242802101S1K	EST1357107101S1K
EST1242802101S1K	EST1358301101S1K
EST1242802101S1K	EST1358301201S1K
EST1242802101S1K	EST1358302101S1K
EST1242802101S1K	EST1358602101S1K
EST1242802101S1K	EST1359005101S1K
EST1242802101S1K	EST1359006101S1K
EST1242802101S1K	EST1359007101S1K
EST1242802101S1K	EST1361001101S1K
EST1242802101S1K	EST1361002101S1K
EST1242802101S1K	EST1361007101S1K
EST1242802101S1K	EST2359005102S1K
EST1242804101S1K	EST1242805101S1K
EST1242804101S1K	EST1247101101S1K
EST1242804101S1K	EST1247106101S1K
EST1242804101S1K	EST1247109101S1K
EST1242804101S1K	EST1247203101S1K
EST1242804101S1K	EST1247206101S1K
EST1242804101S1K	EST1256811101S1K
EST1242804101S1K	EST1350502101S1K
EST1242804101S1K	EST1350510101S1K
EST1242804101S1K	EST1350804101S1K
EST1242804101S1K	EST1350807101S1K
EST1242804101S1K	EST1356604101S1K
EST1242804101S1K	EST1356611101S1K
EST1242804101S1K	EST1357103101S1K
EST1242804101S1K	EST1357107101S1K
EST1242804101S1K	EST1358301101S1K
EST1242804101S1K	EST1358301201S1K
EST1242804101S1K	EST1358302101S1K
EST1242804101S1K	EST1358602101S1K
EST1242804101S1K	EST1359005101S1K
EST1242804101S1K	EST1359006101S1K
EST1242804101S1K	EST1359007101S1K
EST1242804101S1K	EST1361001101S1K
EST1242804101S1K	EST1361002101S1K
EST1242804101S1K	EST1361007101S1K
EST1242804101S1K	EST2359005102S1K
EST1242805101S1K	EST1247101101S1K
EST1242805101S1K	EST1247106101S1K
EST1242805101S1K	EST1247109101S1K
EST1242805101S1K	EST1247203101S1K
EST1242805101S1K	EST1247206101S1K
EST1242805101S1K	EST1256811101S1K
EST1242805101S1K	EST1350502101S1K
EST1242805101S1K	EST1350510101S1K
EST1242805101S1K	EST1350804101S1K
EST1242805101S1K	EST1350807101S1K
EST1242805101S1K	EST1356604101S1K
EST1242805101S1K	EST1356611101S1K
EST1242805101S1K	EST1357103101S1K
EST1242805101S1K	EST1357107101S1K
EST1242805101S1K	EST1358301101S1K
EST1242805101S1K	EST1358301201S1K
EST1242805101S1K	EST1358302101S1K
EST1242805101S1K	EST1358602101S1K
EST1242805101S1K	EST1359005101S1K
EST1242805101S1K	EST1359006101S1K
EST1242805101S1K	EST1359007101S1K
EST1242805101S1K	EST1361001101S1K
EST1242805101S1K	EST1361002101S1K
EST1242805101S1K	EST1361007101S1K
EST1242805101S1K	EST2359005102S1K
EST1247101101S1K	EST1247106101S1K
EST1247101101S1K	EST1247109101S1K
EST1247101101S1K	EST1247203101S1K
EST1247101101S1K	EST1247206101S1K
EST1247101101S1K	EST1256811101S1K
EST1247101101S1K	EST1350502101S1K
EST1247101101S1K	EST1350510101S1K
EST1247101101S1K	EST1350804101S1K
EST1247101101S1K	EST1350807101S1K
EST1247101101S1K	EST1356604101S1K
EST1247101101S1K	EST1356611101S1K
EST1247101101S1K	EST1357103101S1K
EST1247101101S1K	EST1357107101S1K
EST1247101101S1K	EST1358301101S1K
EST1247101101S1K	EST1358301201S1K
EST1247101101S1K	EST1358302101S1K
EST1247101101S1K	EST1358602101S1K
EST1247101101S1K	EST1359005101S1K
EST1247101101S1K	EST1359006101S1K
EST1247101101S1K	EST1359007101S1K
EST1247101101S1K	EST1361001101S1K
EST1247101101S1K	EST1361002101S1K
EST1247101101S1K	EST1361007101S1K
EST1247101101S1K	EST2359005102S1K
EST1247106101S1K	EST1247109101S1K
EST1247106101S1K	EST1247203101S1K
EST1247106101S1K	EST1247206101S1K
EST1247106101S1K	EST1256811101S1K
EST1247106101S1K	EST1350502101S1K
EST1247106101S1K	EST1350510101S1K
EST1247106101S1K	EST1350804101S1K
EST1247106101S1K	EST1350807101S1K
EST1247106101S1K	EST1356604101S1K
EST1247106101S1K	EST1356611101S1K
EST1247106101S1K	EST1357103101S1K
EST1247106101S1K	EST1357107101S1K
EST1247106101S1K	EST1358301101S1K
EST1247106101S1K	EST1358301201S1K
EST1247106101S1K	EST1358302101S1K
EST1247106101S1K	EST1358602101S1K
EST1247106101S1K	EST1359005101S1K
EST1247106101S1K	EST1359006101S1K
EST1247106101S1K	EST1359007101S1K
EST1247106101S1K	EST1361001101S1K
EST1247106101S1K	EST1361002101S1K
EST1247106101S1K	EST1361007101S1K
EST1247106101S1K	EST2359005102S1K
EST1247109101S1K	EST1247203101S1K
EST1247109101S1K	EST1247206101S1K
EST1247109101S1K	EST1256811101S1K
EST1247109101S1K	EST1350502101S1K
EST1247109101S1K	EST1350510101S1K
EST1247109101S1K	EST1350804101S1K
EST1247109101S1K	EST1350807101S1K
EST1247109101S1K	EST1356604101S1K
EST1247109101S1K	EST1356611101S1K
EST1247109101S1K	EST1357103101S1K
EST1247109101S1K	EST1357107101S1K
EST1247109101S1K	EST1358301101S1K
EST1247109101S1K	EST1358301201S1K
EST1247109101S1K	EST1358302101S1K
EST1247109101S1K	EST1358602101S1K
EST1247109101S1K	EST1359005101S1K
EST1247109101S1K	EST1359006101S1K
EST1247109101S1K	EST1359007101S1K
EST1247109101S1K	EST1361001101S1K
EST1247109101S1K	EST1361002101S1K
EST1247109101S1K	EST1361007101S1K
EST1247109101S1K	EST2359005102S1K
EST1247203101S1K	EST1247206101S1K
EST1247203101S1K	EST1256811101S1K
EST1247203101S1K	EST1350502101S1K
EST1247203101S1K	EST1350510101S1K
EST1247203101S1K	EST1350804101S1K
EST1247203101S1K	EST1350807101S1K
EST1247203101S1K	EST1356604101S1K
EST1247203101S1K	EST1356611101S1K
EST1247203101S1K	EST1357103101S1K
EST1247203101S1K	EST1357107101S1K
EST1247203101S1K	EST1358301101S1K
EST1247203101S1K	EST1358301201S1K
EST1247203101S1K	EST1358302101S1K
EST1247203101S1K	EST1358602101S1K
EST1247203101S1K	EST1359005101S1K
EST1247203101S1K	EST1359006101S1K
EST1247203101S1K	EST1359007101S1K
EST1247203101S1K	EST1361001101S1K
EST1247203101S1K	EST1361002101S1K
EST1247203101S1K	EST1361007101S1K
EST1247203101S1K	EST2359005102S1K
EST1247206101S1K	EST1256811101S1K
EST1247206101S1K	EST1350502101S1K
EST1247206101S1K	EST1350510101S1K
EST1247206101S1K	EST1350804101S1K
EST1247206101S1K	EST1350807101S1K
EST1247206101S1K	EST1356604101S1K
EST1247206101S1K	EST1356611101S1K
EST1247206101S1K	EST1357103101S1K
EST1247206101S1K	EST1357107101S1K
EST1247206101S1K	EST1358301101S1K
EST1247206101S1K	EST1358301201S1K
EST1247206101S1K	EST1358302101S1K
EST1247206101S1K	EST1358602101S1K
EST1247206101S1K	EST1359005101S1K
EST1247206101S1K	EST1359006101S1K
EST1247206101S1K	EST1359007101S1K
EST1247206101S1K	EST1361001101S1K
EST1247206101S1K	EST1361002101S1K
EST1247206101S1K	EST1361007101S1K
EST1247206101S1K	EST2359005102S1K
EST1256811101S1K	EST1350502101S1K
EST1256811101S1K	EST1350510101S1K
EST1256811101S1K	EST1350804101S1K
EST1256811101S1K	EST1350807101S1K
EST1256811101S1K	EST1356604101S1K
EST1256811101S1K	EST1356611101S1K
EST1256811101S1K	EST1357103101S1K
EST1256811101S1K	EST1357107101S1K
EST1256811101S1K	EST1358301101S1K
EST1256811101S1K	EST1358301201S1K
EST1256811101S1K	EST1358302101S1K
EST1256811101S1K	EST1358602101S1K
EST1256811101S1K	EST1359005101S1K
EST1256811101S1K	EST1359006101S1K
EST1256811101S1K	EST1359007101S1K
EST1256811101S1K	EST1361001101S1K
EST1256811101S1K	EST1361002101S1K
EST1256811101S1K	EST1361007101S1K
EST1256811101S1K	EST2359005102S1K
EST1350502101S1K	EST1350510101S1K
EST1350502101S1K	EST1350804101S1K
EST1350502101S1K	EST1350807101S1K
EST1350502101S1K	EST1356604101S1K
EST1350502101S1K	EST1356611101S1K
EST1350502101S1K	EST1357103101S1K
EST1350502101S1K	EST1357107101S1K
EST1350502101S1K	EST1358301101S1K
EST1350502101S1K	EST1358301201S1K
EST1350502101S1K	EST1358302101S1K
EST1350502101S1K	EST1358602101S1K
EST1350502101S1K	EST1359005101S1K
EST1350502101S1K	EST1359006101S1K
EST1350502101S1K	EST1359007101S1K
EST1350502101S1K	EST1361001101S1K
EST1350502101S1K	EST1361002101S1K
EST1350502101S1K	EST1361007101S1K
EST1350502101S1K	EST2359005102S1K
EST1350510101S1K	EST1350804101S1K
EST1350510101S1K	EST1350807101S1K
EST1350510101S1K	EST1356604101S1K
EST1350510101S1K	EST1356611101S1K
EST1350510101S1K	EST1357103101S1K
EST1350510101S1K	EST1357107101S1K
EST1350510101S1K	EST1358301101S1K
EST1350510101S1K	EST1358301201S1K
EST1350510101S1K	EST1358302101S1K
EST1350510101S1K	EST1358602101S1K
EST1350510101S1K	EST1359005101S1K
EST1350510101S1K	EST1359006101S1K
EST1350510101S1K	EST1359007101S1K
EST1350510101S1K	EST1361001101S1K
EST1350510101S1K	EST1361002101S1K
EST1350510101S1K	EST1361007101S1K
EST1350510101S1K	EST2359005102S1K
EST1350804101S1K	EST1350807101S1K
EST1350804101S1K	EST1356604101S1K
EST1350804101S1K	EST1356611101S1K
EST1350804101S1K	EST1357103101S1K
EST1350804101S1K	EST1357107101S1K
EST1350804101S1K	EST1358301101S1K
EST1350804101S1K	EST1358301201S1K
EST1350804101S1K	EST1358302101S1K
EST1350804101S1K	EST1358602101S1K
EST1350804101S1K	EST1359005101S1K
EST1350804101S1K	EST1359006101S1K
EST1350804101S1K	EST1359007101S1K
EST1350804101S1K	EST1361001101S1K
EST1350804101S1K	EST1361002101S1K
EST1350804101S1K	EST1361007101S1K
EST1350804101S1K	EST2359005102S1K
EST1350807101S1K	EST1356604101S1K
EST1350807101S1K	EST1356611101S1K
EST1350807101S1K	EST1357103101S1K
EST1350807101S1K	EST1357107101S1K
EST1350807101S1K	EST1358301101S1K
EST1350807101S1K	EST1358301201S1K
EST1350807101S1K	EST1358302101S1K
EST1350807101S1K	EST1358602101S1K
EST1350807101S1K	EST1359005101S1K
EST1350807101S1K	EST1359006101S1K
EST1350807101S1K	EST1359007101S1K
EST1350807101S1K	EST1361001101S1K
EST1350807101S1K	EST1361002101S1K
EST1350807101S1K	EST1361007101S1K
EST1350807101S1K	EST2359005102S1K
EST1356604101S1K	EST1356611101S1K
EST1356604101S1K	EST1357103101S1K
EST1356604101S1K	EST1357107101S1K
EST1356604101S1K	EST1358301101S1K
EST1356604101S1K	EST1358301201S1K
EST1356604101S1K	EST1358302101S1K
EST1356604101S1K	EST1358602101S1K
EST1356604101S1K	EST1359005101S1K
EST1356604101S1K	EST1359006101S1K
EST1356604101S1K	EST1359007101S1K
EST1356604101S1K	EST1361001101S1K
EST1356604101S1K	EST1361002101S1K
EST1356604101S1K	EST1361007101S1K
EST1356604101S1K	EST2359005102S1K
EST1356611101S1K	EST1357103101S1K
EST1356611101S1K	EST1357107101S1K
EST1356611101S1K	EST1358301101S1K
EST1356611101S1K	EST1358301201S1K
EST1356611101S1K	EST1358302101S1K
EST1356611101S1K	EST1358602101S1K
EST1356611101S1K	EST1359005101S1K
EST1356611101S1K	EST1359006101S1K
EST1356611101S1K	EST1359007101S1K
EST1356611101S1K	EST1361001101S1K
EST1356611101S1K	EST1361002101S1K
EST1356611101S1K	EST1361007101S1K
EST1356611101S1K	EST2359005102S1K
EST1357103101S1K	EST1357107101S1K
EST1357103101S1K	EST1358301101S1K
EST1357103101S1K	EST1358301201S1K
EST1357103101S1K	EST1358302101S1K
EST1357103101S1K	EST1358602101S1K
EST1357103101S1K	EST1359005101S1K
EST1357103101S1K	EST1359006101S1K
EST1357103101S1K	EST1359007101S1K
EST1357103101S1K	EST1361001101S1K
EST1357103101S1K	EST1361002101S1K
EST1357103101S1K	EST1361007101S1K
EST1357103101S1K	EST2359005102S1K
EST1357107101S1K	EST1358301101S1K
EST1357107101S1K	EST1358301201S1K
EST1357107101S1K	EST1358302101S1K
EST1357107101S1K	EST1358602101S1K
EST1357107101S1K	EST1359005101S1K
EST1357107101S1K	EST1359006101S1K
EST1357107101S1K	EST1359007101S1K
EST1357107101S1K	EST1361001101S1K
EST1357107101S1K	EST1361002101S1K
EST1357107101S1K	EST1361007101S1K
EST1357107101S1K	EST2359005102S1K
EST1358301101S1K	EST1358301201S1K
EST1358301101S1K	EST1358302101S1K
EST1358301101S1K	EST1358602101S1K
EST1358301101S1K	EST1359005101S1K
EST1358301101S1K	EST1359006101S1K
EST1358301101S1K	EST1359007101S1K
EST1358301101S1K	EST1361001101S1K
EST1358301101S1K	EST1361002101S1K
EST1358301101S1K	EST1361007101S1K
EST1358301101S1K	EST2359005102S1K
EST1358301201S1K	EST1358302101S1K
EST1358301201S1K	EST1358602101S1K
EST1358301201S1K	EST1359005101S1K
EST1358301201S1K	EST1359006101S1K
EST1358301201S1K	EST1359007101S1K
EST1358301201S1K	EST1361001101S1K
EST1358301201S1K	EST1361002101S1K
EST1358301201S1K	EST1361007101S1K
EST1358301201S1K	EST2359005102S1K
EST1358302101S1K	EST1358602101S1K
EST1358302101S1K	EST1359005101S1K
EST1358302101S1K	EST1359006101S1K
EST1358302101S1K	EST1359007101S1K
EST1358302101S1K	EST1361001101S1K
EST1358302101S1K	EST1361002101S1K
EST1358302101S1K	EST1361007101S1K
EST1358302101S1K	EST2359005102S1K
EST1358602101S1K	EST1359005101S1K
EST1358602101S1K	EST1359006101S1K
EST1358602101S1K	EST1359007101S1K
EST1358602101S1K	EST1361001101S1K
EST1358602101S1K	EST1361002101S1K
EST1358602101S1K	EST1361007101S1K
EST1358602101S1K	EST2359005102S1K
EST1359005101S1K	EST1359006101S1K
EST1359005101S1K	EST1359007101S1K
EST1359005101S1K	EST1361001101S1K
EST1359005101S1K	EST1361002101S1K
EST1359005101S1K	EST1361007101S1K
EST1359005101S1K	EST2359005102S1K
EST1359006101S1K	EST1359007101S1K
EST1359006101S1K	EST1361001101S1K
EST1359006101S1K	EST1361002101S1K
EST1359006101S1K	EST1361007101S1K
EST1359006101S1K	EST2359005102S1K
EST1359007101S1K	EST1361001101S1K
EST1359007101S1K	EST1361002101S1K
EST1359007101S1K	EST1361007101S1K
EST1359007101S1K	EST2359005102S1K
EST1361001101S1K	EST1361002101S1K
EST1361001101S1K	EST1361007101S1K
EST1361001101S1K	EST2359005102S1K
EST1361002101S1K	EST1361007101S1K
EST1361002101S1K	EST2359005102S1K
EST1361007101S1K	EST2359005102S1K
ESC1234707001S1K	ESO1212204120S1K
ESC1234707001S1K	ESO1212206220S1K
ESC1234707001S1K	ESO1212705120S1K
ESC1234707001S1K	ESO1213405120S1K
ESC1234707001S1K	ESO1228704120S1K
ESC1234707001S1K	ESO1233801120S1K
ESC1234707001S1K	ESO1236807120S1K
ESC1234707001S1K	ESO1239204120S1K
ESC1234707001S1K	ESO1241105120S1K
ESC1234707001S1K	ESO1247106120S1K
ESC1234707001S1K	ESO1247206120S1K
ESC1234707001S1K	ESO1350507120S1K
ESC1234707001S1K	ESO1350511120S1K
ESC1234707001S1K	ESO1350807120S1K
ESC1234707001S1K	ESO1356609120S1K
ESC1234707001S1K	ESO1356611120S1K
ESC1234707001S1K	ESO1356618120S1K
ESC1234707001S1K	ESO1358401120S1K
ESC1234707001S1K	ESO1361008120S1K
ESC1234707001S1K	EST1212204101S1K
ESC1234707001S1K	EST1212206201S1K
ESC1234707001S1K	EST1212705101S1K
ESC1234707001S1K	EST1213405101S1K
ESC1234707001S1K	EST1228704101S1K
ESC1234707001S1K	EST1234707101S1K
ESC1234707001S1K	EST1236806101S1K
ESC1234707001S1K	EST1242209101S1K
ESC1234707001S1K	EST1247204101S1K
ESC1234707001S1K	EST1247211101S1K
ESC1234707001S1K	EST1256801101S1K
ESC1234707001S1K	EST1350511101S1K
ESC1234707001S1K	EST1356604101S1K
ESC1234707001S1K	EST1356609101S1K
ESC1234707001S1K	EST1356611101S1K
ESC1234707001S1K	EST1356618101S1K
ESC1234707001S1K	EST1357107101S1K
ESC1234707001S1K	EST1361008101S1K
ESC1234707001S1K	EST1361010101S1K
ESO1212204120S1K	ESO1212206220S1K
ESO1212204120S1K	ESO1212705120S1K
ESO1212204120S1K	ESO1213405120S1K
ESO1212204120S1K	ESO1228704120S1K
ESO1212204120S1K	ESO1233801120S1K
ESO1212204120S1K	ESO1236807120S1K
ESO1212204120S1K	ESO1239204120S1K
ESO1212204120S1K	ESO1241105120S1K
ESO1212204120S1K	ESO1247106120S1K
ESO1212204120S1K	ESO1247206120S1K
ESO1212204120S1K	ESO1350507120S1K
ESO1212204120S1K	ESO1350511120S1K
ESO1212204120S1K	ESO1350807120S1K
ESO1212204120S1K	ESO1356609120S1K
ESO1212204120S1K	ESO1356611120S1K
ESO1212204120S1K	ESO1356618120S1K
ESO1212204120S1K	ESO1358401120S1K
ESO1212204120S1K	ESO1361008120S1K
ESO1212204120S1K	EST1212204101S1K
ESO1212204120S1K	EST1212206201S1K
ESO1212204120S1K	EST1212705101S1K
ESO1212204120S1K	EST1213405101S1K
ESO1212204120S1K	EST1228704101S1K
ESO1212204120S1K	EST1234707101S1K
ESO1212204120S1K	EST1236806101S1K
ESO1212204120S1K	EST1242209101S1K
ESO1212204120S1K	EST1247204101S1K
ESO1212204120S1K	EST1247211101S1K
ESO1212204120S1K	EST1256801101S1K
ESO1212204120S1K	EST1350511101S1K
ESO1212204120S1K	EST1356604101S1K
ESO1212204120S1K	EST1356609101S1K
ESO1212204120S1K	EST1356611101S1K
ESO1212204120S1K	EST1356618101S1K
ESO1212204120S1K	EST1357107101S1K
ESO1212204120S1K	EST1361008101S1K
ESO1212204120S1K	EST1361010101S1K
ESO1212206220S1K	ESO1212705120S1K
ESO1212206220S1K	ESO1213405120S1K
ESO1212206220S1K	ESO1228704120S1K
ESO1212206220S1K	ESO1233801120S1K
ESO1212206220S1K	ESO1236807120S1K
ESO1212206220S1K	ESO1239204120S1K
ESO1212206220S1K	ESO1241105120S1K
ESO1212206220S1K	ESO1247106120S1K
ESO1212206220S1K	ESO1247206120S1K
ESO1212206220S1K	ESO1350507120S1K
ESO1212206220S1K	ESO1350511120S1K
ESO1212206220S1K	ESO1350807120S1K
ESO1212206220S1K	ESO1356609120S1K
ESO1212206220S1K	ESO1356611120S1K
ESO1212206220S1K	ESO1356618120S1K
ESO1212206220S1K	ESO1358401120S1K
ESO1212206220S1K	ESO1361008120S1K
ESO1212206220S1K	EST1212204101S1K
ESO1212206220S1K	EST1212206201S1K
ESO1212206220S1K	EST1212705101S1K
ESO1212206220S1K	EST1213405101S1K
ESO1212206220S1K	EST1228704101S1K
ESO1212206220S1K	EST1234707101S1K
ESO1212206220S1K	EST1236806101S1K
ESO1212206220S1K	EST1242209101S1K
ESO1212206220S1K	EST1247204101S1K
ESO1212206220S1K	EST1247211101S1K
ESO1212206220S1K	EST1256801101S1K
ESO1212206220S1K	EST1350511101S1K
ESO1212206220S1K	EST1356604101S1K
ESO1212206220S1K	EST1356609101S1K
ESO1212206220S1K	EST1356611101S1K
ESO1212206220S1K	EST1356618101S1K
ESO1212206220S1K	EST1357107101S1K
ESO1212206220S1K	EST1361008101S1K
ESO1212206220S1K	EST1361010101S1K
ESO1212705120S1K	ESO1213405120S1K
ESO1212705120S1K	ESO1228704120S1K
ESO1212705120S1K	ESO1233801120S1K
ESO1212705120S1K	ESO1236807120S1K
ESO1212705120S1K	ESO1239204120S1K
ESO1212705120S1K	ESO1241105120S1K
ESO1212705120S1K	ESO1247106120S1K
ESO1212705120S1K	ESO1350507120S1K
ESO1212705120S1K	ESO1350511120S1K
ESO1212705120S1K	ESO1356609120S1K
ESO1212705120S1K	ESO1356611120S1K
ESO1212705120S1K	ESO1356618120S1K
ESO1212705120S1K	ESO1358401120S1K
ESO1212705120S1K	ESO1361008120S1K
ESO1212705120S1K	EST1212204101S1K
ESO1212705120S1K	EST1212206201S1K
ESO1212705120S1K	EST1212705101S1K
ESO1212705120S1K	EST1228704101S1K
ESO1212705120S1K	EST1234707101S1K
ESO1212705120S1K	EST1236806101S1K
ESO1212705120S1K	EST1247204101S1K
ESO1212705120S1K	EST1247211101S1K
ESO1212705120S1K	EST1256801101S1K
ESO1212705120S1K	EST1350511101S1K
ESO1212705120S1K	EST1356609101S1K
ESO1212705120S1K	EST1356618101S1K
ESO1212705120S1K	EST1361008101S1K
ESO1212705120S1K	EST1361010101S1K
ESO1213405120S1K	ESO1228704120S1K
ESO1213405120S1K	ESO1233801120S1K
ESO1213405120S1K	ESO1236807120S1K
ESO1213405120S1K	ESO1239204120S1K
ESO1213405120S1K	ESO1241105120S1K
ESO1213405120S1K	ESO1247106120S1K
ESO1213405120S1K	ESO1247206120S1K
ESO1213405120S1K	ESO1350507120S1K
ESO1213405120S1K	ESO1350511120S1K
ESO1213405120S1K	ESO1350807120S1K
ESO1213405120S1K	ESO1356609120S1K
ESO1213405120S1K	ESO1356611120S1K
ESO1213405120S1K	ESO1356618120S1K
ESO1213405120S1K	ESO1358401120S1K
ESO1213405120S1K	ESO1361008120S1K
ESO1213405120S1K	EST1212204101S1K
ESO1213405120S1K	EST1212206201S1K
ESO1213405120S1K	EST1212705101S1K
ESO1213405120S1K	EST1213405101S1K
ESO1213405120S1K	EST1228704101S1K
ESO1213405120S1K	EST1234707101S1K
ESO1213405120S1K	EST1236806101S1K
ESO1213405120S1K	EST1242209101S1K
ESO1213405120S1K	EST1247204101S1K
ESO1213405120S1K	EST1247211101S1K
ESO1213405120S1K	EST1256801101S1K
ESO1213405120S1K	EST1350511101S1K
ESO1213405120S1K	EST1356604101S1K
ESO1213405120S1K	EST1356609101S1K
ESO1213405120S1K	EST1356611101S1K
ESO1213405120S1K	EST1356618101S1K
ESO1213405120S1K	EST1357107101S1K
ESO1213405120S1K	EST1361008101S1K
ESO1213405120S1K	EST1361010101S1K
ESO1228704120S1K	ESO1233801120S1K
ESO1228704120S1K	ESO1236807120S1K
ESO1228704120S1K	ESO1239204120S1K
ESO1228704120S1K	ESO1241105120S1K
ESO1228704120S1K	ESO1247106120S1K
ESO1228704120S1K	ESO1247206120S1K
ESO1228704120S1K	ESO1350507120S1K
ESO1228704120S1K	ESO1350511120S1K
ESO1228704120S1K	ESO1350807120S1K
ESO1228704120S1K	ESO1356609120S1K
ESO1228704120S1K	ESO1356611120S1K
ESO1228704120S1K	ESO1356618120S1K
ESO1228704120S1K	ESO1358401120S1K
ESO1228704120S1K	ESO1361008120S1K
ESO1228704120S1K	EST1212204101S1K
ESO1228704120S1K	EST1212206201S1K
ESO1228704120S1K	EST1212705101S1K
ESO1228704120S1K	EST1213405101S1K
ESO1228704120S1K	EST1228704101S1K
ESO1228704120S1K	EST1234707101S1K
ESO1228704120S1K	EST1236806101S1K
ESO1228704120S1K	EST1242209101S1K
ESO1228704120S1K	EST1247204101S1K
ESO1228704120S1K	EST1247211101S1K
ESO1228704120S1K	EST1256801101S1K
ESO1228704120S1K	EST1350511101S1K
ESO1228704120S1K	EST1356604101S1K
ESO1228704120S1K	EST1356609101S1K
ESO1228704120S1K	EST1356611101S1K
ESO1228704120S1K	EST1356618101S1K
ESO1228704120S1K	EST1357107101S1K
ESO1228704120S1K	EST1361008101S1K
ESO1228704120S1K	EST1361010101S1K
ESO1233801120S1K	ESO1236807120S1K
ESO1233801120S1K	ESO1239204120S1K
ESO1233801120S1K	ESO1241105120S1K
ESO1233801120S1K	ESO1247106120S1K
ESO1233801120S1K	ESO1247206120S1K
ESO1233801120S1K	ESO1350507120S1K
ESO1233801120S1K	ESO1350511120S1K
ESO1233801120S1K	ESO1350807120S1K
ESO1233801120S1K	ESO1356609120S1K
ESO1233801120S1K	ESO1356611120S1K
ESO1233801120S1K	ESO1356618120S1K
ESO1233801120S1K	ESO1358401120S1K
ESO1233801120S1K	ESO1361008120S1K
ESO1233801120S1K	EST1212204101S1K
ESO1233801120S1K	EST1212206201S1K
ESO1233801120S1K	EST1212705101S1K
ESO1233801120S1K	EST1213405101S1K
ESO1233801120S1K	EST1228704101S1K
ESO1233801120S1K	EST1234707101S1K
ESO1233801120S1K	EST1236806101S1K
ESO1233801120S1K	EST1242209101S1K
ESO1233801120S1K	EST1247204101S1K
ESO1233801120S1K	EST1247211101S1K
ESO1233801120S1K	EST1256801101S1K
ESO1233801120S1K	EST1350511101S1K
ESO1233801120S1K	EST1356604101S1K
ESO1233801120S1K	EST1356609101S1K
ESO1233801120S1K	EST1356611101S1K
ESO1233801120S1K	EST1356618101S1K
ESO1233801120S1K	EST1357107101S1K
ESO1233801120S1K	EST1361008101S1K
ESO1233801120S1K	EST1361010101S1K
ESO1236807120S1K	ESO1239204120S1K
ESO1236807120S1K	ESO1241105120S1K
ESO1236807120S1K	ESO1247106120S1K
ESO1236807120S1K	ESO1247206120S1K
ESO1236807120S1K	ESO1350507120S1K
ESO1236807120S1K	ESO1350511120S1K
ESO1236807120S1K	ESO1350807120S1K
ESO1236807120S1K	ESO1356609120S1K
ESO1236807120S1K	ESO1356611120S1K
ESO1236807120S1K	ESO1356618120S1K
ESO1236807120S1K	ESO1358401120S1K
ESO1236807120S1K	ESO1361008120S1K
ESO1236807120S1K	EST1212204101S1K
ESO1236807120S1K	EST1212206201S1K
ESO1236807120S1K	EST1212705101S1K
ESO1236807120S1K	EST1213405101S1K
ESO1236807120S1K	EST1228704101S1K
ESO1236807120S1K	EST1234707101S1K
ESO1236807120S1K	EST1236806101S1K
ESO1236807120S1K	EST1242209101S1K
ESO1236807120S1K	EST1247204101S1K
ESO1236807120S1K	EST1247211101S1K
ESO1236807120S1K	EST1256801101S1K
ESO1236807120S1K	EST1350511101S1K
ESO1236807120S1K	EST1356604101S1K
ESO1236807120S1K	EST1356609101S1K
ESO1236807120S1K	EST1356611101S1K
ESO1236807120S1K	EST1356618101S1K
ESO1236807120S1K	EST1357107101S1K
ESO1236807120S1K	EST1361008101S1K
ESO1236807120S1K	EST1361010101S1K
ESO1239204120S1K	ESO1241105120S1K
ESO1239204120S1K	ESO1247106120S1K
ESO1239204120S1K	ESO1247206120S1K
ESO1239204120S1K	ESO1350507120S1K
ESO1239204120S1K	ESO1350511120S1K
ESO1239204120S1K	ESO1350807120S1K
ESO1239204120S1K	ESO1356609120S1K
ESO1239204120S1K	ESO1356611120S1K
ESO1239204120S1K	ESO1356618120S1K
ESO1239204120S1K	ESO1358401120S1K
ESO1239204120S1K	ESO1361008120S1K
ESO1239204120S1K	EST1212204101S1K
ESO1239204120S1K	EST1212206201S1K
ESO1239204120S1K	EST1212705101S1K
ESO1239204120S1K	EST1213405101S1K
ESO1239204120S1K	EST1228704101S1K
ESO1239204120S1K	EST1234707101S1K
ESO1239204120S1K	EST1236806101S1K
ESO1239204120S1K	EST1242209101S1K
ESO1239204120S1K	EST1247204101S1K
ESO1239204120S1K	EST1247211101S1K
ESO1239204120S1K	EST1256801101S1K
ESO1239204120S1K	EST1350511101S1K
ESO1239204120S1K	EST1356604101S1K
ESO1239204120S1K	EST1356609101S1K
ESO1239204120S1K	EST1356611101S1K
ESO1239204120S1K	EST1356618101S1K
ESO1239204120S1K	EST1357107101S1K
ESO1239204120S1K	EST1361008101S1K
ESO1239204120S1K	EST1361010101S1K
ESO1241105120S1K	ESO1247106120S1K
ESO1241105120S1K	ESO1247206120S1K
ESO1241105120S1K	ESO1350507120S1K
ESO1241105120S1K	ESO1350511120S1K
ESO1241105120S1K	ESO1350807120S1K
ESO1241105120S1K	ESO1356609120S1K
ESO1241105120S1K	ESO1356611120S1K
ESO1241105120S1K	ESO1356618120S1K
ESO1241105120S1K	ESO1358401120S1K
ESO1241105120S1K	ESO1361008120S1K
ESO1241105120S1K	EST1212204101S1K
ESO1241105120S1K	EST1212206201S1K
ESO1241105120S1K	EST1212705101S1K
ESO1241105120S1K	EST1213405101S1K
ESO1241105120S1K	EST1228704101S1K
ESO1241105120S1K	EST1234707101S1K
ESO1241105120S1K	EST1236806101S1K
ESO1241105120S1K	EST1242209101S1K
ESO1241105120S1K	EST1247204101S1K
ESO1241105120S1K	EST1247211101S1K
ESO1241105120S1K	EST1256801101S1K
ESO1241105120S1K	EST1350511101S1K
ESO1241105120S1K	EST1356604101S1K
ESO1241105120S1K	EST1356609101S1K
ESO1241105120S1K	EST1356611101S1K
ESO1241105120S1K	EST1356618101S1K
ESO1241105120S1K	EST1357107101S1K
ESO1241105120S1K	EST1361008101S1K
ESO1241105120S1K	EST1361010101S1K
ESO1247106120S1K	ESO1247206120S1K
ESO1247106120S1K	ESO1350507120S1K
ESO1247106120S1K	ESO1350511120S1K
ESO1247106120S1K	ESO1350807120S1K
ESO1247106120S1K	ESO1356609120S1K
ESO1247106120S1K	ESO1356611120S1K
ESO1247106120S1K	ESO1356618120S1K
ESO1247106120S1K	ESO1358401120S1K
ESO1247106120S1K	ESO1361008120S1K
ESO1247106120S1K	EST1212204101S1K
ESO1247106120S1K	EST1212206201S1K
ESO1247106120S1K	EST1212705101S1K
ESO1247106120S1K	EST1213405101S1K
ESO1247106120S1K	EST1228704101S1K
ESO1247106120S1K	EST1234707101S1K
ESO1247106120S1K	EST1236806101S1K
ESO1247106120S1K	EST1242209101S1K
ESO1247106120S1K	EST1247204101S1K
ESO1247106120S1K	EST1247211101S1K
ESO1247106120S1K	EST1256801101S1K
ESO1247106120S1K	EST1350511101S1K
ESO1247106120S1K	EST1356604101S1K
ESO1247106120S1K	EST1356609101S1K
ESO1247106120S1K	EST1356611101S1K
ESO1247106120S1K	EST1356618101S1K
ESO1247106120S1K	EST1357107101S1K
ESO1247106120S1K	EST1361008101S1K
ESO1247106120S1K	EST1361010101S1K
ESO1247206120S1K	ESO1350507120S1K
ESO1247206120S1K	ESO1350511120S1K
ESO1247206120S1K	ESO1356609120S1K
ESO1247206120S1K	ESO1356611120S1K
ESO1247206120S1K	ESO1356618120S1K
ESO1247206120S1K	ESO1358401120S1K
ESO1247206120S1K	ESO1361008120S1K
ESO1247206120S1K	EST1212204101S1K
ESO1247206120S1K	EST1212206201S1K
ESO1247206120S1K	EST1212705101S1K
ESO1247206120S1K	EST1228704101S1K
ESO1247206120S1K	EST1234707101S1K
ESO1247206120S1K	EST1236806101S1K
ESO1247206120S1K	EST1247204101S1K
ESO1247206120S1K	EST1247211101S1K
ESO1247206120S1K	EST1256801101S1K
ESO1247206120S1K	EST1350511101S1K
ESO1247206120S1K	EST1356609101S1K
ESO1247206120S1K	EST1356618101S1K
ESO1247206120S1K	EST1361008101S1K
ESO1247206120S1K	EST1361010101S1K
ESO1350507120S1K	ESO1350511120S1K
ESO1350507120S1K	ESO1350807120S1K
ESO1350507120S1K	ESO1356609120S1K
ESO1350507120S1K	ESO1356611120S1K
ESO1350507120S1K	ESO1356618120S1K
ESO1350507120S1K	ESO1358401120S1K
ESO1350507120S1K	ESO1361008120S1K
ESO1350507120S1K	EST1212204101S1K
ESO1350507120S1K	EST1212206201S1K
ESO1350507120S1K	EST1212705101S1K
ESO1350507120S1K	EST1213405101S1K
ESO1350507120S1K	EST1228704101S1K
ESO1350507120S1K	EST1234707101S1K
ESO1350507120S1K	EST1236806101S1K
ESO1350507120S1K	EST1242209101S1K
ESO1350507120S1K	EST1247204101S1K
ESO1350507120S1K	EST1247211101S1K
ESO1350507120S1K	EST1256801101S1K
ESO1350507120S1K	EST1350511101S1K
ESO1350507120S1K	EST1356604101S1K
ESO1350507120S1K	EST1356609101S1K
ESO1350507120S1K	EST1356611101S1K
ESO1350507120S1K	EST1356618101S1K
ESO1350507120S1K	EST1357107101S1K
ESO1350507120S1K	EST1361008101S1K
ESO1350507120S1K	EST1361010101S1K
ESO1350511120S1K	ESO1350807120S1K
ESO1350511120S1K	ESO1356609120S1K
ESO1350511120S1K	ESO1356611120S1K
ESO1350511120S1K	ESO1356618120S1K
ESO1350511120S1K	ESO1358401120S1K
ESO1350511120S1K	ESO1361008120S1K
ESO1350511120S1K	EST1212204101S1K
ESO1350511120S1K	EST1212206201S1K
ESO1350511120S1K	EST1212705101S1K
ESO1350511120S1K	EST1213405101S1K
ESO1350511120S1K	EST1228704101S1K
ESO1350511120S1K	EST1234707101S1K
ESO1350511120S1K	EST1236806101S1K
ESO1350511120S1K	EST1242209101S1K
ESO1350511120S1K	EST1247204101S1K
ESO1350511120S1K	EST1247211101S1K
ESO1350511120S1K	EST1256801101S1K
ESO1350511120S1K	EST1350511101S1K
ESO1350511120S1K	EST1356604101S1K
ESO1350511120S1K	EST1356609101S1K
ESO1350511120S1K	EST1356611101S1K
ESO1350511120S1K	EST1356618101S1K
ESO1350511120S1K	EST1357107101S1K
ESO1350511120S1K	EST1361008101S1K
ESO1350511120S1K	EST1361010101S1K
ESO1350807120S1K	ESO1356609120S1K
ESO1350807120S1K	ESO1356611120S1K
ESO1350807120S1K	ESO1356618120S1K
ESO1350807120S1K	ESO1358401120S1K
ESO1350807120S1K	ESO1361008120S1K
ESO1350807120S1K	EST1212204101S1K
ESO1350807120S1K	EST1212206201S1K
ESO1350807120S1K	EST1212705101S1K
ESO1350807120S1K	EST1228704101S1K
ESO1350807120S1K	EST1234707101S1K
ESO1350807120S1K	EST1236806101S1K
ESO1350807120S1K	EST1247204101S1K
ESO1350807120S1K	EST1247211101S1K
ESO1350807120S1K	EST1256801101S1K
ESO1350807120S1K	EST1350511101S1K
ESO1350807120S1K	EST1356609101S1K
ESO1350807120S1K	EST1356618101S1K
ESO1350807120S1K	EST1361008101S1K
ESO1350807120S1K	EST1361010101S1K
ESO1356609120S1K	ESO1356611120S1K
ESO1356609120S1K	ESO1356618120S1K
ESO1356609120S1K	ESO1358401120S1K
ESO1356609120S1K	ESO1361008120S1K
ESO1356609120S1K	EST1212204101S1K
ESO1356609120S1K	EST1212206201S1K
ESO1356609120S1K	EST1212705101S1K
ESO1356609120S1K	EST1213405101S1K
ESO1356609120S1K	EST1228704101S1K
ESO1356609120S1K	EST1234707101S1K
ESO1356609120S1K	EST1236806101S1K
ESO1356609120S1K	EST1242209101S1K
ESO1356609120S1K	EST1247204101S1K
ESO1356609120S1K	EST1247211101S1K
ESO1356609120S1K	EST1256801101S1K
ESO1356609120S1K	EST1350511101S1K
ESO1356609120S1K	EST1356604101S1K
ESO1356609120S1K	EST1356609101S1K
ESO1356609120S1K	EST1356611101S1K
ESO1356609120S1K	EST1356618101S1K
ESO1356609120S1K	EST1357107101S1K
ESO1356609120S1K	EST1361008101S1K
ESO1356609120S1K	EST1361010101S1K
ESO1356611120S1K	ESO1356618120S1K
ESO1356611120S1K	ESO1358401120S1K
ESO1356611120S1K	ESO1361008120S1K
ESO1356611120S1K	EST1212204101S1K
ESO1356611120S1K	EST1212206201S1K
ESO1356611120S1K	EST1212705101S1K
ESO1356611120S1K	EST1213405101S1K
ESO1356611120S1K	EST1228704101S1K
ESO1356611120S1K	EST1234707101S1K
ESO1356611120S1K	EST1236806101S1K
ESO1356611120S1K	EST1242209101S1K
ESO1356611120S1K	EST1247204101S1K
ESO1356611120S1K	EST1247211101S1K
ESO1356611120S1K	EST1256801101S1K
ESO1356611120S1K	EST1350511101S1K
ESO1356611120S1K	EST1356604101S1K
ESO1356611120S1K	EST1356609101S1K
ESO1356611120S1K	EST1356611101S1K
ESO1356611120S1K	EST1356618101S1K
ESO1356611120S1K	EST1357107101S1K
ESO1356611120S1K	EST1361008101S1K
ESO1356611120S1K	EST1361010101S1K
ESO1356618120S1K	ESO1358401120S1K
ESO1356618120S1K	ESO1361008120S1K
ESO1356618120S1K	EST1212204101S1K
ESO1356618120S1K	EST1212206201S1K
ESO1356618120S1K	EST1212705101S1K
ESO1356618120S1K	EST1213405101S1K
ESO1356618120S1K	EST1228704101S1K
ESO1356618120S1K	EST1234707101S1K
ESO1356618120S1K	EST1236806101S1K
ESO1356618120S1K	EST1242209101S1K
ESO1356618120S1K	EST1247204101S1K
ESO1356618120S1K	EST1247211101S1K
ESO1356618120S1K	EST1256801101S1K
ESO1356618120S1K	EST1350511101S1K
ESO1356618120S1K	EST1356604101S1K
ESO1356618120S1K	EST1356609101S1K
ESO1356618120S1K	EST1356611101S1K
ESO1356618120S1K	EST1356618101S1K
ESO1356618120S1K	EST1357107101S1K
ESO1356618120S1K	EST1361008101S1K
ESO1356618120S1K	EST1361010101S1K
ESO1358401120S1K	ESO1361008120S1K
ESO1358401120S1K	EST1212204101S1K
ESO1358401120S1K	EST1212206201S1K
ESO1358401120S1K	EST1212705101S1K
ESO1358401120S1K	EST1213405101S1K
ESO1358401120S1K	EST1228704101S1K
ESO1358401120S1K	EST1234707101S1K
ESO1358401120S1K	EST1236806101S1K
ESO1358401120S1K	EST1242209101S1K
ESO1358401120S1K	EST1247204101S1K
ESO1358401120S1K	EST1247211101S1K
ESO1358401120S1K	EST1256801101S1K
ESO1358401120S1K	EST1350511101S1K
ESO1358401120S1K	EST1356604101S1K
ESO1358401120S1K	EST1356609101S1K
ESO1358401120S1K	EST1356611101S1K
ESO1358401120S1K	EST1356618101S1K
ESO1358401120S1K	EST1357107101S1K
ESO1358401120S1K	EST1361008101S1K
ESO1358401120S1K	EST1361010101S1K
ESO1361008120S1K	EST1212204101S1K
ESO1361008120S1K	EST1212206201S1K
ESO1361008120S1K	EST1212705101S1K
ESO1361008120S1K	EST1213405101S1K
ESO1361008120S1K	EST1228704101S1K
ESO1361008120S1K	EST1234707101S1K
ESO1361008120S1K	EST1236806101S1K
ESO1361008120S1K	EST1242209101S1K
ESO1361008120S1K	EST1247204101S1K
ESO1361008120S1K	EST1247211101S1K
ESO1361008120S1K	EST1256801101S1K
ESO1361008120S1K	EST1350511101S1K
ESO1361008120S1K	EST1356604101S1K
ESO1361008120S1K	EST1356609101S1K
ESO1361008120S1K	EST1356611101S1K
ESO1361008120S1K	EST1356618101S1K
ESO1361008120S1K	EST1357107101S1K
ESO1361008120S1K	EST1361008101S1K
ESO1361008120S1K	EST1361010101S1K
EST1212204101S1K	EST1212206201S1K
EST1212204101S1K	EST1212705101S1K
EST1212204101S1K	EST1213405101S1K
EST1212204101S1K	EST1228704101S1K
EST1212204101S1K	EST1234707101S1K
EST1212204101S1K	EST1236806101S1K
EST1212204101S1K	EST1242209101S1K
EST1212204101S1K	EST1247204101S1K
EST1212204101S1K	EST1247211101S1K
EST1212204101S1K	EST1256801101S1K
EST1212204101S1K	EST1350511101S1K
EST1212204101S1K	EST1356604101S1K
EST1212204101S1K	EST1356609101S1K
EST1212204101S1K	EST1356611101S1K
EST1212204101S1K	EST1356618101S1K
EST1212204101S1K	EST1357107101S1K
EST1212204101S1K	EST1361008101S1K
EST1212204101S1K	EST1361010101S1K
EST1212206201S1K	EST1212705101S1K
EST1212206201S1K	EST1213405101S1K
EST1212206201S1K	EST1228704101S1K
EST1212206201S1K	EST1234707101S1K
EST1212206201S1K	EST1236806101S1K
EST1212206201S1K	EST1242209101S1K
EST1212206201S1K	EST1247204101S1K
EST1212206201S1K	EST1247211101S1K
EST1212206201S1K	EST1256801101S1K
EST1212206201S1K	EST1350511101S1K
EST1212206201S1K	EST1356604101S1K
EST1212206201S1K	EST1356609101S1K
EST1212206201S1K	EST1356611101S1K
EST1212206201S1K	EST1356618101S1K
EST1212206201S1K	EST1357107101S1K
EST1212206201S1K	EST1361008101S1K
EST1212206201S1K	EST1361010101S1K
EST1212705101S1K	EST1213405101S1K
EST1212705101S1K	EST1228704101S1K
EST1212705101S1K	EST1234707101S1K
EST1212705101S1K	EST1236806101S1K
EST1212705101S1K	EST1242209101S1K
EST1212705101S1K	EST1247204101S1K
EST1212705101S1K	EST1247211101S1K
EST1212705101S1K	EST1256801101S1K
EST1212705101S1K	EST1350511101S1K
EST1212705101S1K	EST1356604101S1K
EST1212705101S1K	EST1356609101S1K
EST1212705101S1K	EST1356611101S1K
EST1212705101S1K	EST1356618101S1K
EST1212705101S1K	EST1357107101S1K
EST1212705101S1K	EST1361008101S1K
EST1212705101S1K	EST1361010101S1K
EST1213405101S1K	EST1228704101S1K
EST1213405101S1K	EST1234707101S1K
EST1213405101S1K	EST1236806101S1K
EST1213405101S1K	EST1247204101S1K
EST1213405101S1K	EST1247211101S1K
EST1213405101S1K	EST1256801101S1K
EST1213405101S1K	EST1350511101S1K
EST1213405101S1K	EST1356609101S1K
EST1213405101S1K	EST1356618101S1K
EST1213405101S1K	EST1361008101S1K
EST1213405101S1K	EST1361010101S1K
EST1228704101S1K	EST1234707101S1K
EST1228704101S1K	EST1236806101S1K
EST1228704101S1K	EST1242209101S1K
EST1228704101S1K	EST1247204101S1K
EST1228704101S1K	EST1247211101S1K
EST1228704101S1K	EST1256801101S1K
EST1228704101S1K	EST1350511101S1K
EST1228704101S1K	EST1356604101S1K
EST1228704101S1K	EST1356609101S1K
EST1228704101S1K	EST1356611101S1K
EST1228704101S1K	EST1356618101S1K
EST1228704101S1K	EST1357107101S1K
EST1228704101S1K	EST1361008101S1K
EST1228704101S1K	EST1361010101S1K
EST1234707101S1K	EST1236806101S1K
EST1234707101S1K	EST1242209101S1K
EST1234707101S1K	EST1247204101S1K
EST1234707101S1K	EST1247211101S1K
EST1234707101S1K	EST1256801101S1K
EST1234707101S1K	EST1350511101S1K
EST1234707101S1K	EST1356604101S1K
EST1234707101S1K	EST1356609101S1K
EST1234707101S1K	EST1356611101S1K
EST1234707101S1K	EST1356618101S1K
EST1234707101S1K	EST1357107101S1K
EST1234707101S1K	EST1361008101S1K
EST1234707101S1K	EST1361010101S1K
EST1236806101S1K	EST1242209101S1K
EST1236806101S1K	EST1247204101S1K
EST1236806101S1K	EST1247211101S1K
EST1236806101S1K	EST1256801101S1K
EST1236806101S1K	EST1350511101S1K
EST1236806101S1K	EST1356604101S1K
EST1236806101S1K	EST1356609101S1K
EST1236806101S1K	EST1356611101S1K
EST1236806101S1K	EST1356618101S1K
EST1236806101S1K	EST1357107101S1K
EST1236806101S1K	EST1361008101S1K
EST1236806101S1K	EST1361010101S1K
EST1242209101S1K	EST1247204101S1K
EST1242209101S1K	EST1247211101S1K
EST1242209101S1K	EST1256801101S1K
EST1242209101S1K	EST1350511101S1K
EST1242209101S1K	EST1356609101S1K
EST1242209101S1K	EST1356618101S1K
EST1242209101S1K	EST1361008101S1K
EST1242209101S1K	EST1361010101S1K
EST1247204101S1K	EST1247211101S1K
EST1247204101S1K	EST1256801101S1K
EST1247204101S1K	EST1350511101S1K
EST1247204101S1K	EST1356604101S1K
EST1247204101S1K	EST1356609101S1K
EST1247204101S1K	EST1356611101S1K
EST1247204101S1K	EST1356618101S1K
EST1247204101S1K	EST1357107101S1K
EST1247204101S1K	EST1361008101S1K
EST1247204101S1K	EST1361010101S1K
EST1247211101S1K	EST1256801101S1K
EST1247211101S1K	EST1350511101S1K
EST1247211101S1K	EST1356604101S1K
EST1247211101S1K	EST1356609101S1K
EST1247211101S1K	EST1356611101S1K
EST1247211101S1K	EST1356618101S1K
EST1247211101S1K	EST1357107101S1K
EST1247211101S1K	EST1361008101S1K
EST1247211101S1K	EST1361010101S1K
EST1256801101S1K	EST1350511101S1K
EST1256801101S1K	EST1356604101S1K
EST1256801101S1K	EST1356609101S1K
EST1256801101S1K	EST1356611101S1K
EST1256801101S1K	EST1356618101S1K
EST1256801101S1K	EST1357107101S1K
EST1256801101S1K	EST1361008101S1K
EST1256801101S1K	EST1361010101S1K
EST1350511101S1K	EST1356604101S1K
EST1350511101S1K	EST1356609101S1K
EST1350511101S1K	EST1356611101S1K
EST1350511101S1K	EST1356618101S1K
EST1350511101S1K	EST1357107101S1K
EST1350511101S1K	EST1361008101S1K
EST1350511101S1K	EST1361010101S1K
EST1356604101S1K	EST1356609101S1K
EST1356604101S1K	EST1356618101S1K
EST1356604101S1K	EST1361008101S1K
EST1356604101S1K	EST1361010101S1K
EST1356609101S1K	EST1356611101S1K
EST1356609101S1K	EST1356618101S1K
EST1356609101S1K	EST1357107101S1K
EST1356609101S1K	EST1361008101S1K
EST1356609101S1K	EST1361010101S1K
EST1356611101S1K	EST1356618101S1K
EST1356611101S1K	EST1361008101S1K
EST1356611101S1K	EST1361010101S1K
EST1356618101S1K	EST1357107101S1K
EST1356618101S1K	EST1361008101S1K
EST1356618101S1K	EST1361010101S1K
EST1357107101S1K	EST1361008101S1K
EST1357107101S1K	EST1361010101S1K
EST1361008101S1K	EST1361010101S1K
ESO1213402120S1K	ESO1238001120S1K
ESO1213402120S1K	ESO1241104120S1K
ESO1213402120S1K	ESO1254306120S1K
ESO1213402120S1K	EST1238001101S1K
ESO1213402120S1K	EST1241104101S1K
ESO1213402120S1K	EST1254306101S1K
ESO1232702120S1K	ESO1238001120S1K
ESO1232702120S1K	ESO1241104120S1K
ESO1232702120S1K	ESO1254306120S1K
ESO1232702120S1K	EST1238001101S1K
ESO1232702120S1K	EST1241104101S1K
ESO1232702120S1K	EST1254306101S1K
ESO1232707120S1K	ESO1238001120S1K
ESO1232707120S1K	ESO1241104120S1K
ESO1232707120S1K	ESO1254306120S1K
ESO1232707120S1K	EST1238001101S1K
ESO1232707120S1K	EST1241104101S1K
ESO1232707120S1K	EST1254306101S1K
ESO1232710120S1K	ESO1238001120S1K
ESO1232710120S1K	ESO1241104120S1K
ESO1232710120S1K	ESO1254306120S1K
ESO1232710120S1K	EST1238001101S1K
ESO1232710120S1K	EST1241104101S1K
ESO1232710120S1K	EST1254306101S1K
ESO1238001120S1K	ESO1241104120S1K
ESO1238001120S1K	ESO1242209120S1K
ESO1238001120S1K	ESO1247203120S1K
ESO1238001120S1K	ESO1247206120S1K
ESO1238001120S1K	ESO1247208120S1K
ESO1238001120S1K	ESO1254306120S1K
ESO1238001120S1K	ESO1256801120S1K
ESO1238001120S1K	ESO1256804120S1K
ESO1238001120S1K	ESO1356601120S1K
ESO1238001120S1K	ESO1356602120S1K
ESO1238001120S1K	ESO1357104120S1K
ESO1238001120S1K	ESO1357107120S1K
ESO1238001120S1K	ESO1358304120S1K
ESO1238001120S1K	EST1232710101S1K
ESO1238001120S1K	EST1234704101S1K
ESO1238001120S1K	EST1237103201S1K
ESO1238001120S1K	EST1238001101S1K
ESO1238001120S1K	EST1241104101S1K
ESO1238001120S1K	EST1242704101S1K
ESO1238001120S1K	EST1242802101S1K
ESO1238001120S1K	EST1242804101S1K
ESO1238001120S1K	EST1247109101S1K
ESO1238001120S1K	EST1254306101S1K
ESO1238001120S1K	EST1350804101S1K
ESO1238001120S1K	EST1357107101S1K
ESO1238001120S1K	EST1359007101S1K
ESO1241104120S1K	ESO1242209120S1K
ESO1241104120S1K	ESO1247203120S1K
ESO1241104120S1K	ESO1247206120S1K
ESO1241104120S1K	ESO1247208120S1K
ESO1241104120S1K	ESO1254306120S1K
ESO1241104120S1K	ESO1256801120S1K
ESO1241104120S1K	ESO1256804120S1K
ESO1241104120S1K	ESO1356601120S1K
ESO1241104120S1K	ESO1356602120S1K
ESO1241104120S1K	ESO1357104120S1K
ESO1241104120S1K	ESO1357107120S1K
ESO1241104120S1K	ESO1358304120S1K
ESO1241104120S1K	EST1232710101S1K
ESO1241104120S1K	EST1234704101S1K
ESO1241104120S1K	EST1237103201S1K
ESO1241104120S1K	EST1238001101S1K
ESO1241104120S1K	EST1241104101S1K
ESO1241104120S1K	EST1242704101S1K
ESO1241104120S1K	EST1242802101S1K
ESO1241104120S1K	EST1242804101S1K
ESO1241104120S1K	EST1247109101S1K
ESO1241104120S1K	EST1254306101S1K
ESO1241104120S1K	EST1350804101S1K
ESO1241104120S1K	EST1357107101S1K
ESO1241104120S1K	EST1359007101S1K
ESO1242209120S1K	ESO1254306120S1K
ESO1242209120S1K	EST1238001101S1K
ESO1242209120S1K	EST1241104101S1K
ESO1242209120S1K	EST1254306101S1K
ESO1247203120S1K	ESO1254306120S1K
ESO1247203120S1K	EST1238001101S1K
ESO1247203120S1K	EST1241104101S1K
ESO1247203120S1K	EST1254306101S1K
ESO1247206120S1K	ESO1254306120S1K
ESO1247206120S1K	EST1238001101S1K
ESO1247206120S1K	EST1241104101S1K
ESO1247206120S1K	EST1254306101S1K
ESO1247208120S1K	ESO1254306120S1K
ESO1247208120S1K	EST1238001101S1K
ESO1247208120S1K	EST1241104101S1K
ESO1247208120S1K	EST1254306101S1K
ESO1254306120S1K	ESO1256801120S1K
ESO1254306120S1K	ESO1256804120S1K
ESO1254306120S1K	ESO1356601120S1K
ESO1254306120S1K	ESO1356602120S1K
ESO1254306120S1K	ESO1357104120S1K
ESO1254306120S1K	ESO1357107120S1K
ESO1254306120S1K	ESO1358304120S1K
ESO1254306120S1K	EST1232710101S1K
ESO1254306120S1K	EST1234704101S1K
ESO1254306120S1K	EST1237103201S1K
ESO1254306120S1K	EST1238001101S1K
ESO1254306120S1K	EST1241104101S1K
ESO1254306120S1K	EST1242704101S1K
ESO1254306120S1K	EST1242802101S1K
ESO1254306120S1K	EST1242804101S1K
ESO1254306120S1K	EST1247109101S1K
ESO1254306120S1K	EST1254306101S1K
ESO1254306120S1K	EST1350804101S1K
ESO1254306120S1K	EST1357107101S1K
ESO1254306120S1K	EST1359007101S1K
ESO1256801120S1K	EST1238001101S1K
ESO1256801120S1K	EST1241104101S1K
ESO1256801120S1K	EST1254306101S1K
ESO1256804120S1K	EST1238001101S1K
ESO1256804120S1K	EST1241104101S1K
ESO1256804120S1K	EST1254306101S1K
ESO1356601120S1K	EST1238001101S1K
ESO1356601120S1K	EST1241104101S1K
ESO1356601120S1K	EST1254306101S1K
ESO1356602120S1K	EST1238001101S1K
ESO1356602120S1K	EST1241104101S1K
ESO1356602120S1K	EST1254306101S1K
ESO1357104120S1K	EST1238001101S1K
ESO1357104120S1K	EST1241104101S1K
ESO1357104120S1K	EST1254306101S1K
ESO1357107120S1K	EST1238001101S1K
ESO1357107120S1K	EST1241104101S1K
ESO1357107120S1K	EST1254306101S1K
ESO1358304120S1K	EST1238001101S1K
ESO1358304120S1K	EST1241104101S1K
ESO1358304120S1K	EST1254306101S1K
EST1232710101S1K	EST1238001101S1K
EST1232710101S1K	EST1241104101S1K
EST1232710101S1K	EST1254306101S1K
EST1234704101S1K	EST1238001101S1K
EST1234704101S1K	EST1241104101S1K
EST1234704101S1K	EST1254306101S1K
EST1237103201S1K	EST1238001101S1K
EST1237103201S1K	EST1241104101S1K
EST1237103201S1K	EST1254306101S1K
EST1238001101S1K	EST1241104101S1K
EST1238001101S1K	EST1242704101S1K
EST1238001101S1K	EST1242802101S1K
EST1238001101S1K	EST1242804101S1K
EST1238001101S1K	EST1247109101S1K
EST1238001101S1K	EST1254306101S1K
EST1238001101S1K	EST1350804101S1K
EST1238001101S1K	EST1357107101S1K
EST1238001101S1K	EST1359007101S1K
EST1241104101S1K	EST1242704101S1K
EST1241104101S1K	EST1242802101S1K
EST1241104101S1K	EST1242804101S1K
EST1241104101S1K	EST1247109101S1K
EST1241104101S1K	EST1254306101S1K
EST1241104101S1K	EST1350804101S1K
EST1241104101S1K	EST1357107101S1K
EST1241104101S1K	EST1359007101S1K
EST1242704101S1K	EST1254306101S1K
EST1242802101S1K	EST1254306101S1K
EST1242804101S1K	EST1254306101S1K
EST1247109101S1K	EST1254306101S1K
EST1254306101S1K	EST1350804101S1K
EST1254306101S1K	EST1357107101S1K
EST1254306101S1K	EST1359007101S1K
ESO1228703120S1K	ESO1256808120S1K
EST1242103101S1K	EST1358401101S1K
stools_11001501	stools_11009101
stools_11001501	stools_11009150
stools_11001501	stools_11010101
stools_11001501	stools_11011101
stools_11001501	stools_11021101
stools_11001501	stools_11022101
stools_11001501	stools_11035101
stools_11001501	stools_11036101
stools_11001501	stools_11055101
stools_11001501	stools_11106501
stools_11001501	stools_11107101
stools_11001501	stools_12089102
stools_11001501	stools_12091101
stools_11001501	stools_12091150
stools_11001501	stools_12095102
stools_11001501	stools_12096102
stools_11001501	stools_12101102
stools_11001501	stools_12117101
stools_11001501	stools_12118101
stools_11001501	stools_12118150
stools_11009101	stools_11009150
stools_11009101	stools_11010101
stools_11009101	stools_11011101
stools_11009101	stools_11021101
stools_11009101	stools_11022101
stools_11009101	stools_11035101
stools_11009101	stools_11036101
stools_11009101	stools_11055101
stools_11009101	stools_11106501
stools_11009101	stools_11107101
stools_11009101	stools_12089102
stools_11009101	stools_12091101
stools_11009101	stools_12091150
stools_11009101	stools_12095102
stools_11009101	stools_12096102
stools_11009101	stools_12101102
stools_11009101	stools_12117101
stools_11009101	stools_12118101
stools_11009101	stools_12118150
stools_11009150	stools_11010101
stools_11009150	stools_11011101
stools_11009150	stools_11021101
stools_11009150	stools_11022101
stools_11009150	stools_11035101
stools_11009150	stools_11036101
stools_11009150	stools_11055101
stools_11009150	stools_11106501
stools_11009150	stools_11107101
stools_11009150	stools_12089102
stools_11009150	stools_12091101
stools_11009150	stools_12091150
stools_11009150	stools_12095102
stools_11009150	stools_12096102
stools_11009150	stools_12101102
stools_11009150	stools_12117101
stools_11009150	stools_12118101
stools_11009150	stools_12118150
stools_11010101	stools_11011101
stools_11010101	stools_11021101
stools_11010101	stools_11022101
stools_11010101	stools_11035101
stools_11010101	stools_11036101
stools_11010101	stools_11055101
stools_11010101	stools_11106501
stools_11010101	stools_11107101
stools_11010101	stools_12089102
stools_11010101	stools_12091101
stools_11010101	stools_12091150
stools_11010101	stools_12095102
stools_11010101	stools_12096102
stools_11010101	stools_12101102
stools_11010101	stools_12117101
stools_11010101	stools_12118101
stools_11010101	stools_12118150
stools_11011101	stools_11021101
stools_11011101	stools_11022101
stools_11011101	stools_11035101
stools_11011101	stools_11036101
stools_11011101	stools_11055101
stools_11011101	stools_11106501
stools_11011101	stools_11107101
stools_11011101	stools_12089102
stools_11011101	stools_12091101
stools_11011101	stools_12091150
stools_11011101	stools_12095102
stools_11011101	stools_12096102
stools_11011101	stools_12101102
stools_11011101	stools_12117101
stools_11011101	stools_12118101
stools_11011101	stools_12118150
stools_11021101	stools_11022101
stools_11021101	stools_11035101
stools_11021101	stools_11036101
stools_11021101	stools_11055101
stools_11021101	stools_11106501
stools_11021101	stools_11107101
stools_11021101	stools_12089102
stools_11021101	stools_12091101
stools_11021101	stools_12091150
stools_11021101	stools_12095102
stools_11021101	stools_12096102
stools_11021101	stools_12101102
stools_11021101	stools_12117101
stools_11021101	stools_12118101
stools_11021101	stools_12118150
stools_11022101	stools_11035101
stools_11022101	stools_11036101
stools_11022101	stools_11055101
stools_11022101	stools_11106501
stools_11022101	stools_11107101
stools_11022101	stools_12089102
stools_11022101	stools_12091101
stools_11022101	stools_12091150
stools_11022101	stools_12095102
stools_11022101	stools_12096102
stools_11022101	stools_12101102
stools_11022101	stools_12117101
stools_11022101	stools_12118101
stools_11022101	stools_12118150
stools_11035101	stools_11036101
stools_11035101	stools_11055101
stools_11035101	stools_11106501
stools_11035101	stools_11107101
stools_11035101	stools_12089102
stools_11035101	stools_12091101
stools_11035101	stools_12091150
stools_11035101	stools_12095102
stools_11035101	stools_12096102
stools_11035101	stools_12101102
stools_11035101	stools_12117101
stools_11035101	stools_12118101
stools_11035101	stools_12118150
stools_11036101	stools_11055101
stools_11036101	stools_11106501
stools_11036101	stools_11107101
stools_11036101	stools_12089102
stools_11036101	stools_12091101
stools_11036101	stools_12091150
stools_11036101	stools_12095102
stools_11036101	stools_12096102
stools_11036101	stools_12101102
stools_11036101	stools_12117101
stools_11036101	stools_12118101
stools_11036101	stools_12118150
stools_11055101	stools_11106501
stools_11055101	stools_11107101
stools_11055101	stools_12089102
stools_11055101	stools_12091101
stools_11055101	stools_12091150
stools_11055101	stools_12095102
stools_11055101	stools_12096102
stools_11055101	stools_12101102
stools_11055101	stools_12117101
stools_11055101	stools_12118101
stools_11055101	stools_12118150
stools_11106501	stools_11107101
stools_11106501	stools_12089102
stools_11106501	stools_12091101
stools_11106501	stools_12091150
stools_11106501	stools_12095102
stools_11106501	stools_12096102
stools_11106501	stools_12101102
stools_11106501	stools_12117101
stools_11106501	stools_12118101
stools_11106501	stools_12118150
stools_11107101	stools_12089102
stools_11107101	stools_12091101
stools_11107101	stools_12091150
stools_11107101	stools_12095102
stools_11107101	stools_12096102
stools_11107101	stools_12101102
stools_11107101	stools_12117101
stools_11107101	stools_12118101
stools_11107101	stools_12118150
stools_12089102	stools_12091101
stools_12089102	stools_12091150
stools_12089102	stools_12095102
stools_12089102	stools_12096102
stools_12089102	stools_12101102
stools_12089102	stools_12117101
stools_12089102	stools_12118101
stools_12089102	stools_12118150
stools_12091101	stools_12091150
stools_12091101	stools_12095102
stools_12091101	stools_12096102
stools_12091101	stools_12101102
stools_12091101	stools_12117101
stools_12091101	stools_12118101
stools_12091101	stools_12118150
stools_12091150	stools_12095102
stools_12091150	stools_12096102
stools_12091150	stools_12101102
stools_12091150	stools_12117101
stools_12091150	stools_12118101
stools_12091150	stools_12118150
stools_12095102	stools_12096102
stools_12095102	stools_12101102
stools_12095102	stools_12117101
stools_12095102	stools_12118101
stools_12095102	stools_12118150
stools_12096102	stools_12101102
stools_12096102	stools_12117101
stools_12096102	stools_12118101
stools_12096102	stools_12118150
stools_12101102	stools_12117101
stools_12101102	stools_12118101
stools_12101102	stools_12118150
stools_12117101	stools_12118101
stools_12117101	stools_12118150
stools_12118101	stools_12118150
stools_11006101	stools_11015101
stools_11006101	stools_11015501
stools_11006101	stools_11025101
stools_11006101	stools_11025102
stools_11006101	stools_11030150
stools_11006101	stools_11030501
stools_11006101	stools_11031101
stools_11006101	stools_11031150
stools_11006101	stools_11031501
stools_11006101	stools_11035101
stools_11006101	stools_11037101
stools_11006101	stools_11038501
stools_11006101	stools_11055150
stools_11006101	stools_12062150
stools_11006101	stools_12120101
stools_11015101	stools_11015501
stools_11015101	stools_11025101
stools_11015101	stools_11025102
stools_11015101	stools_11030150
stools_11015101	stools_11030501
stools_11015101	stools_11031101
stools_11015101	stools_11031150
stools_11015101	stools_11031501
stools_11015101	stools_11035101
stools_11015101	stools_11037101
stools_11015101	stools_11038501
stools_11015101	stools_11055150
stools_11015101	stools_12062150
stools_11015101	stools_12120101
stools_11015501	stools_11025101
stools_11015501	stools_11025102
stools_11015501	stools_11030150
stools_11015501	stools_11030501
stools_11015501	stools_11031101
stools_11015501	stools_11031150
stools_11015501	stools_11031501
stools_11015501	stools_11035101
stools_11015501	stools_11037101
stools_11015501	stools_11038501
stools_11015501	stools_11055150
stools_11015501	stools_12062150
stools_11015501	stools_12120101
stools_11025101	stools_11025102
stools_11025101	stools_11030150
stools_11025101	stools_11030501
stools_11025101	stools_11031101
stools_11025101	stools_11031150
stools_11025101	stools_11031501
stools_11025101	stools_11035101
stools_11025101	stools_11037101
stools_11025101	stools_11038501
stools_11025101	stools_11055150
stools_11025101	stools_12062150
stools_11025101	stools_12120101
stools_11025102	stools_11030150
stools_11025102	stools_11030501
stools_11025102	stools_11031101
stools_11025102	stools_11031150
stools_11025102	stools_11031501
stools_11025102	stools_11035101
stools_11025102	stools_11037101
stools_11025102	stools_11038501
stools_11025102	stools_11055150
stools_11025102	stools_12062150
stools_11025102	stools_12120101
stools_11030150	stools_11030501
stools_11030150	stools_11031101
stools_11030150	stools_11031150
stools_11030150	stools_11031501
stools_11030150	stools_11035101
stools_11030150	stools_11037101
stools_11030150	stools_11038501
stools_11030150	stools_11055150
stools_11030150	stools_12062150
stools_11030150	stools_12120101
stools_11030501	stools_11031101
stools_11030501	stools_11031150
stools_11030501	stools_11031501
stools_11030501	stools_11035101
stools_11030501	stools_11037101
stools_11030501	stools_11038501
stools_11030501	stools_11055150
stools_11030501	stools_12062150
stools_11030501	stools_12120101
stools_11031101	stools_11031150
stools_11031101	stools_11031501
stools_11031101	stools_11035101
stools_11031101	stools_11037101
stools_11031101	stools_11038501
stools_11031101	stools_11055150
stools_11031101	stools_12062150
stools_11031101	stools_12120101
stools_11031150	stools_11031501
stools_11031150	stools_11035101
stools_11031150	stools_11037101
stools_11031150	stools_11038501
stools_11031150	stools_11055150
stools_11031150	stools_12062150
stools_11031150	stools_12120101
stools_11031501	stools_11035101
stools_11031501	stools_11037101
stools_11031501	stools_11038501
stools_11031501	stools_11055150
stools_11031501	stools_12062150
stools_11031501	stools_12120101
stools_11035101	stools_11037101
stools_11035101	stools_11038501
stools_11035101	stools_11055150
stools_11035101	stools_12062150
stools_11035101	stools_12120101
stools_11037101	stools_11038501
stools_11037101	stools_11055150
stools_11037101	stools_12062150
stools_11037101	stools_12120101
stools_11038501	stools_11055150
stools_11038501	stools_12062150
stools_11038501	stools_12120101
stools_11055150	stools_12062150
stools_11055150	stools_12120101
stools_12062150	stools_12120101
stools_11011101	stools_11042501
stools_11036101	stools_11042501
stools_11042501	stools_11055101
stools_11042501	stools_12096102
stools_11042501	stools_12117101
stools_11042501	stools_12118101
stools_11016101	stools_11024101
